image_id,public_subject_id,background,gesture_id,filename,relative_path,sha256,size_bytes,width,height,input_is_mirrored
P02_BLACK_A_000001,P02,BLACK,A,image_000001.jpg,training/P02/BLACK/A/images/image_000001.jpg,beb0c92309ba67fdd0e162dcc448648a932a76fc7908327d4e206d24500194f6,8402,,,true
P02_BLACK_A_000002,P02,BLACK,A,image_000002.jpg,training/P02/BLACK/A/images/image_000002.jpg,85e5b928ea506c8e8434d579dcf07799ec971f47de19929e742f3cd43e7948ec,8365,,,true
P02_BLACK_A_000003,P02,BLACK,A,image_000003.jpg,training/P02/BLACK/A/images/image_000003.jpg,d42b542591bfb4c115d2df52b18c9a916eaf166d800bcdbf449d050be2a9ed5f,8399,,,true
P02_BLACK_A_000004,P02,BLACK,A,image_000004.jpg,training/P02/BLACK/A/images/image_000004.jpg,56542c068e5cdd87a52ba8810d750668843fdd55a662358a14faf3413ce38143,8498,,,true
P02_BLACK_A_000005,P02,BLACK,A,image_000005.jpg,training/P02/BLACK/A/images/image_000005.jpg,daf236fbabd2466a24e2d57f8d572ac6a0518479bee296f5024aa291ad2da4d8,8450,,,true
P02_BLACK_A_000006,P02,BLACK,A,image_000006.jpg,training/P02/BLACK/A/images/image_000006.jpg,57397993f9ae87c005828971b0472b8f34206e2ab12cc61157401bdc3c140b99,8185,,,true
P02_BLACK_A_000007,P02,BLACK,A,image_000007.jpg,training/P02/BLACK/A/images/image_000007.jpg,b13e5b5d92338ea534bb40849bcd98439f21118a10238f28264dd7c915e52c20,8378,,,true
P02_BLACK_A_000008,P02,BLACK,A,image_000008.jpg,training/P02/BLACK/A/images/image_000008.jpg,6b97e302a04ae9ef06f2af6be62de461cfcb0d66abf3549637b147f3512719e7,8051,,,true
P02_BLACK_A_000009,P02,BLACK,A,image_000009.jpg,training/P02/BLACK/A/images/image_000009.jpg,19840052cab4f0251f1c33ace487ee89eebc4a5bc6ede98f8422ce5d00479ae5,8607,,,true
P02_BLACK_A_000010,P02,BLACK,A,image_000010.jpg,training/P02/BLACK/A/images/image_000010.jpg,c13e45b9bd06f5bf0c5cc26f92cc2206e25fd7e573d4dce9344daf195f538d81,10384,,,true
P02_BLACK_A_000011,P02,BLACK,A,image_000011.jpg,training/P02/BLACK/A/images/image_000011.jpg,fbc8ed2dca0c4495c6a7c1ee3cc40d88dc478a841ac3ee3f23e4f931b36f0e2b,8941,,,true
P02_BLACK_A_000012,P02,BLACK,A,image_000012.jpg,training/P02/BLACK/A/images/image_000012.jpg,5eea53adc88ab617a4e888406b57fd454f6d0250548d64ffe8a61432f687468d,8536,,,true
P02_BLACK_A_000013,P02,BLACK,A,image_000013.jpg,training/P02/BLACK/A/images/image_000013.jpg,5ac5be26a4e450bfcab9553826f560877c87769890c4f29aa5d6ffafac1c38d3,9555,,,true
P02_BLACK_A_000014,P02,BLACK,A,image_000014.jpg,training/P02/BLACK/A/images/image_000014.jpg,626838d79b6272682ab918406ef4950bb3e871f568c93f02f264bbf503d780ea,8278,,,true
P02_BLACK_A_000015,P02,BLACK,A,image_000015.jpg,training/P02/BLACK/A/images/image_000015.jpg,0f16f2e3290dae8a39a007ee864764724df1790b4d944f5521576a6c81ae3898,8113,,,true
P02_BLACK_A_000016,P02,BLACK,A,image_000016.jpg,training/P02/BLACK/A/images/image_000016.jpg,d625a6d97c3bcb14a439ea3da7386018a13b57537ed48cec4651c28119478326,7765,,,true
P02_BLACK_A_000017,P02,BLACK,A,image_000017.jpg,training/P02/BLACK/A/images/image_000017.jpg,a7a9a62da4f64c01ab96ffe3dbce408062237fec4d0d0d2f96f0271416ab0e12,7167,,,true
P02_BLACK_A_000018,P02,BLACK,A,image_000018.jpg,training/P02/BLACK/A/images/image_000018.jpg,1d817ab695d104d0580938df5d5ba65fad1547041676c91da1f300a4778a1138,8135,,,true
P02_BLACK_A_000019,P02,BLACK,A,image_000019.jpg,training/P02/BLACK/A/images/image_000019.jpg,f9d9cd81cbcfa0e2b92ca25c72ecdb2110b2b341b604269f71c8b970048adecf,7840,,,true
P02_BLACK_A_000020,P02,BLACK,A,image_000020.jpg,training/P02/BLACK/A/images/image_000020.jpg,26db050b77001ad10bc1825313194dcb76c613b3f235a7b13aa04571234f1c08,8387,,,true
P02_BLACK_A_000021,P02,BLACK,A,image_000021.jpg,training/P02/BLACK/A/images/image_000021.jpg,28cbdafc6cb42158407ba906f0c6fd6ff9551e8f0b515a3980ac9f49fb2e5741,8667,,,true
P02_BLACK_A_000022,P02,BLACK,A,image_000022.jpg,training/P02/BLACK/A/images/image_000022.jpg,9fc7abc27eae938cbbd1a09e4b1e55b6be152fac4973a329a060598f2a88f11e,8612,,,true
P02_BLACK_A_000023,P02,BLACK,A,image_000023.jpg,training/P02/BLACK/A/images/image_000023.jpg,662640188679d9ae5510c64cc916b79d599b0a70ada67e4eb77019941b3b73f7,8266,,,true
P02_BLACK_A_000024,P02,BLACK,A,image_000024.jpg,training/P02/BLACK/A/images/image_000024.jpg,efd6a6d9dd4dc05f49d2b726b63939e5100252cd0fcfdb36cc6ef6529433928f,8088,,,true
P02_BLACK_A_000025,P02,BLACK,A,image_000025.jpg,training/P02/BLACK/A/images/image_000025.jpg,d552b164b965964bd17595dd8ab46c9239cf58441057dbbacc7a23a4dd3bc717,6870,,,true
P02_BLACK_B_000001,P02,BLACK,B,image_000001.jpg,training/P02/BLACK/B/images/image_000001.jpg,f1e327fab9accfc79e52503183e5000f282122d93d2bcb8a766eee2aa0387dee,8019,,,true
P02_BLACK_B_000002,P02,BLACK,B,image_000002.jpg,training/P02/BLACK/B/images/image_000002.jpg,58d4ad0f67f8a271688d3180e35fb1d9270816e4961660305f20279665ffe54d,8026,,,true
P02_BLACK_B_000003,P02,BLACK,B,image_000003.jpg,training/P02/BLACK/B/images/image_000003.jpg,0eba1518f57833e825275d0784edc39f7065d978f861f2b03a7acd1708f92a49,8468,,,true
P02_BLACK_B_000004,P02,BLACK,B,image_000004.jpg,training/P02/BLACK/B/images/image_000004.jpg,6183ff20d65ec9fc1c40687cca7a40db3798501b4401c387d727f0acb455d3e0,8892,,,true
P02_BLACK_B_000005,P02,BLACK,B,image_000005.jpg,training/P02/BLACK/B/images/image_000005.jpg,91287448a1d6750906b81c45e709f8ca4e0024d5f3ad5f5a36737ac029f226cf,8690,,,true
P02_BLACK_B_000006,P02,BLACK,B,image_000006.jpg,training/P02/BLACK/B/images/image_000006.jpg,f5c2bf1a4286cbcde8f76c51fdcd4aa86f9c3bdb18dca014bd3d51a37b2ab211,8591,,,true
P02_BLACK_B_000007,P02,BLACK,B,image_000007.jpg,training/P02/BLACK/B/images/image_000007.jpg,911538f8fd55b610eed187f5c7fbf47e9c36a6b7d44a6cd2b5de2b14c8acd04a,8413,,,true
P02_BLACK_B_000008,P02,BLACK,B,image_000008.jpg,training/P02/BLACK/B/images/image_000008.jpg,b5b2e1795e56359d2141838f1ede294b8b1b51ecf021a4cd40da07f6848b4235,8258,,,true
P02_BLACK_B_000009,P02,BLACK,B,image_000009.jpg,training/P02/BLACK/B/images/image_000009.jpg,3d2ae32615b0c0ebda4b082c48ec2efeb9c009fef955f842dd78b6154037f13d,8873,,,true
P02_BLACK_B_000010,P02,BLACK,B,image_000010.jpg,training/P02/BLACK/B/images/image_000010.jpg,65fffeac657fd0d82f2a33365be18cf5a7d35ecad8ee5b82ca8185936f67c1e3,8022,,,true
P02_BLACK_B_000011,P02,BLACK,B,image_000011.jpg,training/P02/BLACK/B/images/image_000011.jpg,eb24111919b8808920cf4bb9ab30bae89f20c9bc01b2aab87ae0395eaa69e077,8759,,,true
P02_BLACK_B_000012,P02,BLACK,B,image_000012.jpg,training/P02/BLACK/B/images/image_000012.jpg,df26178629b7ee15e095f187ae852ab1cace33e7af5482b33d313f58d4f36ca1,8244,,,true
P02_BLACK_B_000013,P02,BLACK,B,image_000013.jpg,training/P02/BLACK/B/images/image_000013.jpg,48af55283dc891bfde0ed324007e274b1d21f09d9f20917e6d9aed1cfd9c03b6,7889,,,true
P02_BLACK_B_000014,P02,BLACK,B,image_000014.jpg,training/P02/BLACK/B/images/image_000014.jpg,7da60ddce080ba6aacbdb0de42f7386d24d317213c88e0a0ec78bc340d671e43,8369,,,true
P02_BLACK_B_000015,P02,BLACK,B,image_000015.jpg,training/P02/BLACK/B/images/image_000015.jpg,3b12b4486ec77b1caa2b0f00c837d955bd50f5f50fad01dd571c7ce0bbd72281,8466,,,true
P02_BLACK_B_000016,P02,BLACK,B,image_000016.jpg,training/P02/BLACK/B/images/image_000016.jpg,3e99d4ad2b06e0ea11d2b128c8377dcc56b0532f1c373e883d53a66868a35829,9351,,,true
P02_BLACK_B_000017,P02,BLACK,B,image_000017.jpg,training/P02/BLACK/B/images/image_000017.jpg,d0d7d3a51ae960fe4c9d80ece7e0272d52b1f62105025f386b6b3f90a01416c2,8615,,,true
P02_BLACK_B_000018,P02,BLACK,B,image_000018.jpg,training/P02/BLACK/B/images/image_000018.jpg,321ecf6b32e45c64901f20a5560ef3d9bfbab044ec0f754e06c99ed5689bcbe6,8972,,,true
P02_BLACK_B_000019,P02,BLACK,B,image_000019.jpg,training/P02/BLACK/B/images/image_000019.jpg,974c3df0ead3d1582090b7cfeb03749c5f67ebbd1faa173c2dca2d409435fb0f,9125,,,true
P02_BLACK_B_000020,P02,BLACK,B,image_000020.jpg,training/P02/BLACK/B/images/image_000020.jpg,4e14dbeb45217fc170ca7fbb32fb7fffdd4ebe8ffefe52dd31dfe1dea6a7fb2f,8835,,,true
P02_BLACK_B_000021,P02,BLACK,B,image_000021.jpg,training/P02/BLACK/B/images/image_000021.jpg,15f7bab12df18b79893e771a8f24cf61da1164b025ab46ed78e3e7f8c251d11a,8929,,,true
P02_BLACK_B_000022,P02,BLACK,B,image_000022.jpg,training/P02/BLACK/B/images/image_000022.jpg,6ef3899745a3d0e329a27f7bdc0efccf4d07b0de4b3953ef8d9ea8e0531d9510,9413,,,true
P02_BLACK_B_000023,P02,BLACK,B,image_000023.jpg,training/P02/BLACK/B/images/image_000023.jpg,b3daae4b9ae70e7557b9fb08ba9d8b026151b1e1a1c5858df905b074cf4b14a6,9263,,,true
P02_BLACK_B_000024,P02,BLACK,B,image_000024.jpg,training/P02/BLACK/B/images/image_000024.jpg,67a1fa535bb445e105c9da4453275b149bb1a7f810eefbe3db1fd9b3a61fbf56,9103,,,true
P02_BLACK_B_000025,P02,BLACK,B,image_000025.jpg,training/P02/BLACK/B/images/image_000025.jpg,23ac15fb4be0a5a1fa582cb8fcd36b9e2b6f97df515401a8201d1ffe27beca8a,9078,,,true
P02_BLACK_C_000001,P02,BLACK,C,image_000001.jpg,training/P02/BLACK/C/images/image_000001.jpg,e8b1b716ce9a9ecc4b49110e0911709d69c1f769fa0a4f364abd4b1f414db9a6,9192,,,true
P02_BLACK_C_000002,P02,BLACK,C,image_000002.jpg,training/P02/BLACK/C/images/image_000002.jpg,2446653bb76c57ea77500d0409d97ba69f4cc5e88e977b0bb509f3a335251d63,8915,,,true
P02_BLACK_C_000003,P02,BLACK,C,image_000003.jpg,training/P02/BLACK/C/images/image_000003.jpg,fc14eb497701b7ce7a5e2a6fb6a301bf7a128602b45f1bea838f28c38955c89a,8877,,,true
P02_BLACK_C_000004,P02,BLACK,C,image_000004.jpg,training/P02/BLACK/C/images/image_000004.jpg,831a3c771bee4a15b01862eb772de941c28ef3ddc50dd507482d154ae3bcc13a,8058,,,true
P02_BLACK_C_000005,P02,BLACK,C,image_000005.jpg,training/P02/BLACK/C/images/image_000005.jpg,ea7ac00655a461b6b2aa887f3fcd7d21178a40eb9010b12e7758c8946617e534,8490,,,true
P02_BLACK_C_000006,P02,BLACK,C,image_000006.jpg,training/P02/BLACK/C/images/image_000006.jpg,e46e4b825b9b096d18fc67bb77ca5039cc10bc97f5223f8118fc8fdb4d74686d,7974,,,true
P02_BLACK_C_000007,P02,BLACK,C,image_000007.jpg,training/P02/BLACK/C/images/image_000007.jpg,9201da125a007021b36d7d791ae0d753d676fa9cf34967759348f7160fd3aae5,8550,,,true
P02_BLACK_C_000008,P02,BLACK,C,image_000008.jpg,training/P02/BLACK/C/images/image_000008.jpg,5336f1e2b4177304d2a39798223ad276a46d843d74a7afa1d998f5e167eb31c7,8009,,,true
P02_BLACK_C_000009,P02,BLACK,C,image_000009.jpg,training/P02/BLACK/C/images/image_000009.jpg,df76687f25884d9a491cae80dcd24c2761598538d250290d732f80361e7513ff,8169,,,true
P02_BLACK_C_000010,P02,BLACK,C,image_000010.jpg,training/P02/BLACK/C/images/image_000010.jpg,ebc0e52009764c1458c80d3dabad63b42d64eada95c18210a57339e88731946e,8251,,,true
P02_BLACK_C_000011,P02,BLACK,C,image_000011.jpg,training/P02/BLACK/C/images/image_000011.jpg,24b441b96998cc3c9cf94e579e7015b26fa91e0000af906ebd24cbcbe859f2a5,8587,,,true
P02_BLACK_C_000012,P02,BLACK,C,image_000012.jpg,training/P02/BLACK/C/images/image_000012.jpg,bd2a6ad7407390eaadcab877f8d01ed2a957aff0c208bf65b7f6caa0a6c134e5,9124,,,true
P02_BLACK_C_000013,P02,BLACK,C,image_000013.jpg,training/P02/BLACK/C/images/image_000013.jpg,1e686752133679c89732a5e7f99be021ee74dea383772053e4772b91139a2520,8828,,,true
P02_BLACK_C_000014,P02,BLACK,C,image_000014.jpg,training/P02/BLACK/C/images/image_000014.jpg,8c9550f24549a7185aaba59423d298e3c14be87dedb476573ba2c3d36f7f5a5d,9126,,,true
P02_BLACK_C_000015,P02,BLACK,C,image_000015.jpg,training/P02/BLACK/C/images/image_000015.jpg,c7450ea4aca979095242b34e25ea9ceddb55eee61492e04ac73b495713f4131c,7845,,,true
P02_BLACK_C_000016,P02,BLACK,C,image_000016.jpg,training/P02/BLACK/C/images/image_000016.jpg,455573f80a1ad410e25b6e73bf58c177c354c49a19fad48cbe38919cde7d72b1,8693,,,true
P02_BLACK_C_000017,P02,BLACK,C,image_000017.jpg,training/P02/BLACK/C/images/image_000017.jpg,c4b4828533d7e4c5c70670ae57b4d584403839f5fb75613d1f65dd625fe69d26,8130,,,true
P02_BLACK_C_000018,P02,BLACK,C,image_000018.jpg,training/P02/BLACK/C/images/image_000018.jpg,7ba8e4e1053ced3cf9c6de207e2915379363316b260656270740dfbc457dc349,8149,,,true
P02_BLACK_C_000019,P02,BLACK,C,image_000019.jpg,training/P02/BLACK/C/images/image_000019.jpg,2a35c12a0cca13de0ac10160fddcd5fb68e95ff36c3fbd742ac33f0eaab02f3f,8268,,,true
P02_BLACK_C_000020,P02,BLACK,C,image_000020.jpg,training/P02/BLACK/C/images/image_000020.jpg,f659a802ef6d8355f8fca6d7539a46c16e178f0594ef400ca54977c0438e8a1a,8156,,,true
P02_BLACK_C_000021,P02,BLACK,C,image_000021.jpg,training/P02/BLACK/C/images/image_000021.jpg,5ae643087bd8c83a174cff77025a956ffa8d6f142fd11570e23a2a8c557ea514,8801,,,true
P02_BLACK_C_000022,P02,BLACK,C,image_000022.jpg,training/P02/BLACK/C/images/image_000022.jpg,77d53a4a298954e7b17df5fd6585c9d11ee22f9878bcbf236f220dc828aab180,8859,,,true
P02_BLACK_C_000023,P02,BLACK,C,image_000023.jpg,training/P02/BLACK/C/images/image_000023.jpg,9cd9a0e1cb7ee1085e2a2cc4f8ac16ccff58f997f87e3443e2b78de6c13332a5,8672,,,true
P02_BLACK_C_000024,P02,BLACK,C,image_000024.jpg,training/P02/BLACK/C/images/image_000024.jpg,166e4ce4530cdc416456591e63f6340d4e207c30df7b3f45d90b10eeb23b3a2f,8346,,,true
P02_BLACK_C_000025,P02,BLACK,C,image_000025.jpg,training/P02/BLACK/C/images/image_000025.jpg,c7ba642d4680a7a01a59b37b8493652578eabc2ecb502bcccc1f81149fbe9724,8478,,,true
P02_BLACK_E_000001,P02,BLACK,E,image_000001.jpg,training/P02/BLACK/E/images/image_000001.jpg,a67c0484c9b07afc204c5e2f8e76ccc5265c54c4d274e9360c2d2809a9321fe2,6235,,,true
P02_BLACK_E_000002,P02,BLACK,E,image_000002.jpg,training/P02/BLACK/E/images/image_000002.jpg,f8163503f5fdc9a5a53196148ecce8dbf00e0737dfa955d498e211e018cc5c4e,6221,,,true
P02_BLACK_E_000003,P02,BLACK,E,image_000003.jpg,training/P02/BLACK/E/images/image_000003.jpg,921616a428dd48a1669829e694b28bb7b573153ec6aa8074d48e836f48e87c80,9286,,,true
P02_BLACK_E_000004,P02,BLACK,E,image_000004.jpg,training/P02/BLACK/E/images/image_000004.jpg,e80cf20b9001d6250b17e3f4d8775c7f311898eaad770ca4db3ba0d2fda7d5da,9231,,,true
P02_BLACK_E_000005,P02,BLACK,E,image_000005.jpg,training/P02/BLACK/E/images/image_000005.jpg,93a2871688ae8e3416cc710dea7a457a9a401963067d986836e6e03dce5cd1df,9275,,,true
P02_BLACK_E_000006,P02,BLACK,E,image_000006.jpg,training/P02/BLACK/E/images/image_000006.jpg,ffacc22f1408b6e785b91aecd49b98395d5e5c89779b205299ee44c0075986e0,9113,,,true
P02_BLACK_E_000007,P02,BLACK,E,image_000007.jpg,training/P02/BLACK/E/images/image_000007.jpg,fc53b89d7eb0ac1b2f90473d2ead309ec4e88e5ccd706639eaddcbd16bf63093,9017,,,true
P02_BLACK_E_000008,P02,BLACK,E,image_000008.jpg,training/P02/BLACK/E/images/image_000008.jpg,b1f5d1e511e984f9fb1fcc610c1cbcd98e25fce48b405ed692833c8546c41803,9582,,,true
P02_BLACK_E_000009,P02,BLACK,E,image_000009.jpg,training/P02/BLACK/E/images/image_000009.jpg,79fffb1520613709ae7eabd422f7cb99e643747292e3f091758418ed836f66a3,9742,,,true
P02_BLACK_E_000010,P02,BLACK,E,image_000010.jpg,training/P02/BLACK/E/images/image_000010.jpg,17a5d00346a32184d4401f48c7c9f335b823a61f8e43ada6762358b1f436572f,9181,,,true
P02_BLACK_E_000011,P02,BLACK,E,image_000011.jpg,training/P02/BLACK/E/images/image_000011.jpg,43ecc185ff49f505f0d2e4f43d933fdc7624498e39ed4beab2dcd93d9184c2fc,9246,,,true
P02_BLACK_E_000012,P02,BLACK,E,image_000012.jpg,training/P02/BLACK/E/images/image_000012.jpg,536f7ceef8707f543ee6d2763b80785bce75cc6970fd450e96fa1491935c0970,9551,,,true
P02_BLACK_E_000013,P02,BLACK,E,image_000013.jpg,training/P02/BLACK/E/images/image_000013.jpg,f6a9cbbd53e52bc51796f661db7238579552a32445f71cb104ca159edbe9c1ae,9618,,,true
P02_BLACK_E_000014,P02,BLACK,E,image_000014.jpg,training/P02/BLACK/E/images/image_000014.jpg,d4ae7a498b5be48176207b96f1153b5ea01ed218836d72acc96f0a9608cc680e,9291,,,true
P02_BLACK_E_000015,P02,BLACK,E,image_000015.jpg,training/P02/BLACK/E/images/image_000015.jpg,25c820768145e8d79c66cd1fb133f1c9b2feb7e70ab366a27fe4c8a95ca93aa3,9533,,,true
P02_BLACK_E_000016,P02,BLACK,E,image_000016.jpg,training/P02/BLACK/E/images/image_000016.jpg,6cc140aab29c12ebb7897d28b9760a6117c8a552a98ad59defe0dd42530ee370,9367,,,true
P02_BLACK_E_000017,P02,BLACK,E,image_000017.jpg,training/P02/BLACK/E/images/image_000017.jpg,6ceb10a63d9f8f487e9447e65c97e7c6959a2ffac31e7bb2c4a0ac09360e5abc,9173,,,true
P02_BLACK_E_000018,P02,BLACK,E,image_000018.jpg,training/P02/BLACK/E/images/image_000018.jpg,c7bd1f0e248099e45dc4900a81baf086ac3101597a30dde969addbc38063cd92,9177,,,true
P02_BLACK_E_000019,P02,BLACK,E,image_000019.jpg,training/P02/BLACK/E/images/image_000019.jpg,61ab3e42620c118de3db9eaa6dc5ae6933e6e1ab54bec5a9df96907d32d61e60,9276,,,true
P02_BLACK_E_000020,P02,BLACK,E,image_000020.jpg,training/P02/BLACK/E/images/image_000020.jpg,165c92abfcc2fab57e9263d236c4b2179cc47e07da6d8138e8097a55907cdd33,9408,,,true
P02_BLACK_E_000021,P02,BLACK,E,image_000021.jpg,training/P02/BLACK/E/images/image_000021.jpg,6fd78317266f9568f34881326598f6d05393cd1a1e37313c206507dc7b7d4857,8558,,,true
P02_BLACK_E_000022,P02,BLACK,E,image_000022.jpg,training/P02/BLACK/E/images/image_000022.jpg,4b7eef88635a3e20fc00cfecc2134daeb64b783f7b27494ef9f71a8e570767a9,10299,,,true
P02_BLACK_E_000023,P02,BLACK,E,image_000023.jpg,training/P02/BLACK/E/images/image_000023.jpg,58baa0a019aeca810c82bca2f9460811d4e9a63825e40a6885d06a0c2ee7a75b,9646,,,true
P02_BLACK_E_000024,P02,BLACK,E,image_000024.jpg,training/P02/BLACK/E/images/image_000024.jpg,cbad365bc1b63a5a71ae4200a5904ba1269316ff9265ab04ffd9c5153df4915c,9178,,,true
P02_BLACK_E_000025,P02,BLACK,E,image_000025.jpg,training/P02/BLACK/E/images/image_000025.jpg,2980631c71b14970ff3019e973ba26d1efc48dde3c97ab9c4c73616a6023df37,9463,,,true
P02_BLACK_I_000001,P02,BLACK,I,image_000001.jpg,training/P02/BLACK/I/images/image_000001.jpg,8746251cbc62fe003f0cc638b4ee4acc113d8668958d4de512ef2556627d6dcf,8522,,,true
P02_BLACK_I_000002,P02,BLACK,I,image_000002.jpg,training/P02/BLACK/I/images/image_000002.jpg,c42a8951e970eff0f28cb8c6341916282a9a4e3e29cf95196d08784391cda6c7,8905,,,true
P02_BLACK_I_000003,P02,BLACK,I,image_000003.jpg,training/P02/BLACK/I/images/image_000003.jpg,21d0b6ad7b887cfe400606246a003ac1ac6accd4f08d3508c3ceb0f8df89d17a,9075,,,true
P02_BLACK_I_000004,P02,BLACK,I,image_000004.jpg,training/P02/BLACK/I/images/image_000004.jpg,44ddee3078d930d970938778f94daa36ea439da46ef61b3d4ce2eb2f8cc6e731,9101,,,true
P02_BLACK_I_000005,P02,BLACK,I,image_000005.jpg,training/P02/BLACK/I/images/image_000005.jpg,6506bca907e11833a0e46f4273dcf58bcea9b01e1cf65b6bd0cdacbeb9051bb3,8126,,,true
P02_BLACK_I_000006,P02,BLACK,I,image_000006.jpg,training/P02/BLACK/I/images/image_000006.jpg,5a2efa513ad3c354fef4ee46550e43a8cd04a8d055237075de5cec454856c349,8627,,,true
P02_BLACK_I_000007,P02,BLACK,I,image_000007.jpg,training/P02/BLACK/I/images/image_000007.jpg,61bde38ca937a97c37f60f57c5afbfbfade5e014d6056149a02ae1aec1031341,8520,,,true
P02_BLACK_I_000008,P02,BLACK,I,image_000008.jpg,training/P02/BLACK/I/images/image_000008.jpg,a3cbe387a9207bae51db0a4e506edb209cf155e5bda9b6e54f63dd27e7cb8c39,9629,,,true
P02_BLACK_I_000009,P02,BLACK,I,image_000009.jpg,training/P02/BLACK/I/images/image_000009.jpg,a50d5ec13d2d87001d23ad3d67f7c144a30be79c10cba443fd72e0e2205efb4e,9774,,,true
P02_BLACK_I_000010,P02,BLACK,I,image_000010.jpg,training/P02/BLACK/I/images/image_000010.jpg,27f2638fd322c471ed9f4f84123b88c1a336e261f00620fbd597b19941cfe958,9339,,,true
P02_BLACK_I_000011,P02,BLACK,I,image_000011.jpg,training/P02/BLACK/I/images/image_000011.jpg,22b54c9e331bdb8c4165706f83e34c9fccb78b91b3e30d5974b9380c8b039367,9708,,,true
P02_BLACK_I_000012,P02,BLACK,I,image_000012.jpg,training/P02/BLACK/I/images/image_000012.jpg,6d0aed8148098dc430dcab9c5ce6d9f5e46005903b6b7e9fd24b86f95ef52875,8433,,,true
P02_BLACK_I_000013,P02,BLACK,I,image_000013.jpg,training/P02/BLACK/I/images/image_000013.jpg,1d9a961758188136037c69ea548c749be467b4bbb095a5175ea792b640847825,8154,,,true
P02_BLACK_I_000014,P02,BLACK,I,image_000014.jpg,training/P02/BLACK/I/images/image_000014.jpg,6e7a973b0abb1f9009add9cc2dda0839688c2b9d901f432692a6f5b8f5909ce2,9308,,,true
P02_BLACK_I_000015,P02,BLACK,I,image_000015.jpg,training/P02/BLACK/I/images/image_000015.jpg,49c3edf9ad9bdd5768cb5606cd69671a5f15e42ae8556c2c2ded197635d203c9,9375,,,true
P02_BLACK_I_000016,P02,BLACK,I,image_000016.jpg,training/P02/BLACK/I/images/image_000016.jpg,34222491f7b61e73637540ca44a60f4126206a680d1b76954fd61470e24adfef,7546,,,true
P02_BLACK_I_000017,P02,BLACK,I,image_000017.jpg,training/P02/BLACK/I/images/image_000017.jpg,8b103759458528a3c300b3637f2ae996be79a0354f86cb0bb5ef266b54dd4225,9191,,,true
P02_BLACK_I_000018,P02,BLACK,I,image_000018.jpg,training/P02/BLACK/I/images/image_000018.jpg,e9960b7c1e2cc0d89343f2e06a0486286b3a85b8347a88260efda7ef940df4f6,9776,,,true
P02_BLACK_I_000019,P02,BLACK,I,image_000019.jpg,training/P02/BLACK/I/images/image_000019.jpg,9d062d43262599ed4d5ea0479bb8aee4eb3956c9e0859a1e9a9272a7647a7f09,8717,,,true
P02_BLACK_I_000020,P02,BLACK,I,image_000020.jpg,training/P02/BLACK/I/images/image_000020.jpg,270e3d4d12fb3921364cedd703db9849213f2c9cfe8473774a9ca0f8b1b6070e,8762,,,true
P02_BLACK_I_000021,P02,BLACK,I,image_000021.jpg,training/P02/BLACK/I/images/image_000021.jpg,254686a537df4d92334eb2351dbcdff9351a26a2665a25c3b57a85abe35727a4,9128,,,true
P02_BLACK_I_000022,P02,BLACK,I,image_000022.jpg,training/P02/BLACK/I/images/image_000022.jpg,b396b0b2cdaa44fea4373efeaba07d055b2ccd6f3e653ecf03c8ebc162dad12f,8608,,,true
P02_BLACK_I_000023,P02,BLACK,I,image_000023.jpg,training/P02/BLACK/I/images/image_000023.jpg,11dea7975b4366b77f9212886f33c20c46c48425e3bfa85e563f64c70e89ba20,8547,,,true
P02_BLACK_I_000024,P02,BLACK,I,image_000024.jpg,training/P02/BLACK/I/images/image_000024.jpg,4506022653f7b400c6a2658552acf11446e9905f03e220ae8be6ae40927ef354,8719,,,true
P02_BLACK_I_000025,P02,BLACK,I,image_000025.jpg,training/P02/BLACK/I/images/image_000025.jpg,3f81ef533f41492e0fdbda22889d52cc80d3dece2ce412ac5716f2657e5265c7,8462,,,true
P02_BLACK_L_000001,P02,BLACK,L,image_000001.jpg,training/P02/BLACK/L/images/image_000001.jpg,7dde8b0ab0bf5124abcdbbc3cecb592d61900d31002b12eeb331d95edf8bc478,9685,,,true
P02_BLACK_L_000002,P02,BLACK,L,image_000002.jpg,training/P02/BLACK/L/images/image_000002.jpg,8e6c7e3424640745bd1cfd4aed3794d2691047674ebf61739b15c13d50948fb3,9683,,,true
P02_BLACK_L_000003,P02,BLACK,L,image_000003.jpg,training/P02/BLACK/L/images/image_000003.jpg,34f3fc9e2098b68a48e344d6342c91d9e9409929cf296ab8a78e90282207e4b8,9142,,,true
P02_BLACK_L_000004,P02,BLACK,L,image_000004.jpg,training/P02/BLACK/L/images/image_000004.jpg,d9a727adb9d654dbc76bf99eb083bcae561e77207be65b3d168c2e43aca11a31,8868,,,true
P02_BLACK_L_000005,P02,BLACK,L,image_000005.jpg,training/P02/BLACK/L/images/image_000005.jpg,8b14287b2bef14431551aa64054235015116070a0dd7516f6f24481d5ffc4eeb,8600,,,true
P02_BLACK_L_000006,P02,BLACK,L,image_000006.jpg,training/P02/BLACK/L/images/image_000006.jpg,fe3a26e0646b1bfb5ecc82d7659a37b5c1b1b5b8aec6d70e6405b7c0e785c573,8822,,,true
P02_BLACK_L_000007,P02,BLACK,L,image_000007.jpg,training/P02/BLACK/L/images/image_000007.jpg,0ed8079adc3d4f899d0cbb765040107a29815a8cc8eb26d79cd3185d0b273555,9256,,,true
P02_BLACK_L_000008,P02,BLACK,L,image_000008.jpg,training/P02/BLACK/L/images/image_000008.jpg,6076da9256386295ded0ea7dd57d699c583eabc526c31436971c81102bdc0943,9437,,,true
P02_BLACK_L_000009,P02,BLACK,L,image_000009.jpg,training/P02/BLACK/L/images/image_000009.jpg,25e178b9296a44aabb057d8a753ff23df5942926e39a2b6cff936650b51763f2,8494,,,true
P02_BLACK_L_000010,P02,BLACK,L,image_000010.jpg,training/P02/BLACK/L/images/image_000010.jpg,6374fdb48fe3e91c879b66dfea921ac2cbe7877bf7752608131ccdd6cd4fce84,8892,,,true
P02_BLACK_L_000011,P02,BLACK,L,image_000011.jpg,training/P02/BLACK/L/images/image_000011.jpg,310a6a588bb7a968bc1c27e1b0efbf6d3f9ca83d7bf9659564a6ce1698fc8fd1,8930,,,true
P02_BLACK_L_000012,P02,BLACK,L,image_000012.jpg,training/P02/BLACK/L/images/image_000012.jpg,c8ed6ee3993ca685e45156f4a194de02238d995e68226255506815df6d30d6b9,8954,,,true
P02_BLACK_L_000013,P02,BLACK,L,image_000013.jpg,training/P02/BLACK/L/images/image_000013.jpg,9d4170846b710c90803c7cc134f6cf54c12c1857f30ce88596f5f4690a970ea8,9592,,,true
P02_BLACK_L_000014,P02,BLACK,L,image_000014.jpg,training/P02/BLACK/L/images/image_000014.jpg,0be258eddb90e39d4d49e2a616db7e8f93932d0169c39b9bc09b3bb85bad3064,9292,,,true
P02_BLACK_L_000015,P02,BLACK,L,image_000015.jpg,training/P02/BLACK/L/images/image_000015.jpg,cfc14268a74a6d0332671e78cd1439aed10ae548123661c50bbaeb4fac708e43,9210,,,true
P02_BLACK_L_000016,P02,BLACK,L,image_000016.jpg,training/P02/BLACK/L/images/image_000016.jpg,004bd725461af798bc41377941bebdcf3adbec37d20e6c96a0f67e2dce827345,9025,,,true
P02_BLACK_L_000017,P02,BLACK,L,image_000017.jpg,training/P02/BLACK/L/images/image_000017.jpg,94ce0c0226169396aa0f78c8501b2cb8891866c7fad7a8686344e69afae6f989,8911,,,true
P02_BLACK_L_000018,P02,BLACK,L,image_000018.jpg,training/P02/BLACK/L/images/image_000018.jpg,0783fa6780fe3ed4a2cd5a9c4077a67e35827a2eb29737ca461ca43de666a00b,8806,,,true
P02_BLACK_L_000019,P02,BLACK,L,image_000019.jpg,training/P02/BLACK/L/images/image_000019.jpg,f996db1c88bb7066799423face8fb3bb39074376fa70e30e10035b7176c2a241,9330,,,true
P02_BLACK_L_000020,P02,BLACK,L,image_000020.jpg,training/P02/BLACK/L/images/image_000020.jpg,2fd02c06fab82b5e493525d07ac324f3a7ef52424b3e469eb2bfe91a5b871c74,9319,,,true
P02_BLACK_L_000021,P02,BLACK,L,image_000021.jpg,training/P02/BLACK/L/images/image_000021.jpg,9d964a9dedd49b2aaf3180d5f328c5e82f53b4db5537b577612b4928cf6992c0,9676,,,true
P02_BLACK_L_000022,P02,BLACK,L,image_000022.jpg,training/P02/BLACK/L/images/image_000022.jpg,8a8ebed7bc69bf5bf8987cc1aa66cb83ceb80fd4fff733bb72533e7c89ed0b31,8475,,,true
P02_BLACK_L_000023,P02,BLACK,L,image_000023.jpg,training/P02/BLACK/L/images/image_000023.jpg,72f4e54b4c2ae7e053b239ea20fa9eb843c632de8536fb13b3ec4035f6dca85e,8440,,,true
P02_BLACK_L_000024,P02,BLACK,L,image_000024.jpg,training/P02/BLACK/L/images/image_000024.jpg,452c7eec143d62d220cbd077eb840a2131a6646e393890583701f5fbeaa4cee8,8388,,,true
P02_BLACK_L_000025,P02,BLACK,L,image_000025.jpg,training/P02/BLACK/L/images/image_000025.jpg,f0af3f2b7057a003442b14977b4140d78ab6fd58c37a212525838e5a2f42f5da,8703,,,true
P02_BLACK_M_000001,P02,BLACK,M,image_000001.jpg,training/P02/BLACK/M/images/image_000001.jpg,b1159db336ca1ca698bdc63fd34613daa14a0d5c681dc8b89f6f0c2a1ac8000d,8831,,,true
P02_BLACK_M_000002,P02,BLACK,M,image_000002.jpg,training/P02/BLACK/M/images/image_000002.jpg,160b500a2db0fb5d96d50ac9f99ead347913a339850d77bda8279846dc65cad2,8535,,,true
P02_BLACK_M_000003,P02,BLACK,M,image_000003.jpg,training/P02/BLACK/M/images/image_000003.jpg,2b850907d5adf0884b35af4766b3a9ce01a1881ed0fc72e3ce166d9c3fcfe4f8,9031,,,true
P02_BLACK_M_000004,P02,BLACK,M,image_000004.jpg,training/P02/BLACK/M/images/image_000004.jpg,7e2a89e8d9438f1a1f176fea9739ae5d36feb72d0fa5793eb88000811f08a550,8576,,,true
P02_BLACK_M_000005,P02,BLACK,M,image_000005.jpg,training/P02/BLACK/M/images/image_000005.jpg,6214af9e83f83fed30cd177120b4229a7f17775e6368e8016f8b09ee49fd33cc,8303,,,true
P02_BLACK_M_000006,P02,BLACK,M,image_000006.jpg,training/P02/BLACK/M/images/image_000006.jpg,7f21356f879b15058752e3accc1e0b467ec7ee153db57b04f03ba5a9e4b6c6ac,7861,,,true
P02_BLACK_M_000007,P02,BLACK,M,image_000007.jpg,training/P02/BLACK/M/images/image_000007.jpg,a37d1ddee804cc97a8e048e4b3a2580bfd8537faa4f0855a8a6374bb87cbb3be,8259,,,true
P02_BLACK_M_000008,P02,BLACK,M,image_000008.jpg,training/P02/BLACK/M/images/image_000008.jpg,3afa14870d70f16d3951a99e42d930e391d0dad1ccf1dbeb59cdb974c4a5aed0,8524,,,true
P02_BLACK_M_000009,P02,BLACK,M,image_000009.jpg,training/P02/BLACK/M/images/image_000009.jpg,7856f16240983837f46bd5fe0e49b0ffcae2bc431c046fef4774b54cdeb1f226,8417,,,true
P02_BLACK_M_000010,P02,BLACK,M,image_000010.jpg,training/P02/BLACK/M/images/image_000010.jpg,bfe8e776d6ded947d35be3da385a9a7bebe6597756b00a5d882f9a2446e27046,8564,,,true
P02_BLACK_M_000011,P02,BLACK,M,image_000011.jpg,training/P02/BLACK/M/images/image_000011.jpg,94a85cb6d7d64349992777cad393c39c56f0d4497df0b7fc7cef0fec4fb8be1b,9178,,,true
P02_BLACK_M_000012,P02,BLACK,M,image_000012.jpg,training/P02/BLACK/M/images/image_000012.jpg,f09a49c2d3cc6a9d6fcb1219b7f3ad8dd539cd069e6c742d7fe000ddf633daed,8661,,,true
P02_BLACK_M_000013,P02,BLACK,M,image_000013.jpg,training/P02/BLACK/M/images/image_000013.jpg,4f1c3e81ae7049eb795a9c120b819f77f38832e5d8a2e10823926a76a2ae3948,8362,,,true
P02_BLACK_M_000014,P02,BLACK,M,image_000014.jpg,training/P02/BLACK/M/images/image_000014.jpg,ef0dbf0a465cf782a292776572a53f0abebac087688f74ff492b1b9e8e7e7a05,8247,,,true
P02_BLACK_M_000015,P02,BLACK,M,image_000015.jpg,training/P02/BLACK/M/images/image_000015.jpg,345fb7504bbef27756db1a0aba1669ac595ae3bb1aaf69c9d73378692816a413,8320,,,true
P02_BLACK_M_000016,P02,BLACK,M,image_000016.jpg,training/P02/BLACK/M/images/image_000016.jpg,026733891b26a103c32951a5e548c0280c30fbd636b5f457c79bc13734695afe,8256,,,true
P02_BLACK_M_000017,P02,BLACK,M,image_000017.jpg,training/P02/BLACK/M/images/image_000017.jpg,c05c3d847ae8053bce1b1ce1f5aaacdcbb753de8f116c67572f9a3dd6e08f464,8541,,,true
P02_BLACK_M_000018,P02,BLACK,M,image_000018.jpg,training/P02/BLACK/M/images/image_000018.jpg,c38d87f213e8ceb8a7c0895122a0fe84da622ca4b15ff28fc69374d99f626b88,8650,,,true
P02_BLACK_M_000019,P02,BLACK,M,image_000019.jpg,training/P02/BLACK/M/images/image_000019.jpg,540ec22bcbc285fd5b92b95cff30c106ab4378417f71614a9f80f900dc001a58,8717,,,true
P02_BLACK_M_000020,P02,BLACK,M,image_000020.jpg,training/P02/BLACK/M/images/image_000020.jpg,81aebb8b9475f4e64f63b702a97cbcc60cc7cfc0a73f550d5862670566d25fe5,8367,,,true
P02_BLACK_M_000021,P02,BLACK,M,image_000021.jpg,training/P02/BLACK/M/images/image_000021.jpg,12aba044c137d42116bf352105c34934b8f3c40a0722135f68acb42dac23fdf6,8135,,,true
P02_BLACK_M_000022,P02,BLACK,M,image_000022.jpg,training/P02/BLACK/M/images/image_000022.jpg,4a9129190cc9bc1abb6eab08428f6336b3a384f4a91db6d49b1284febb813008,8824,,,true
P02_BLACK_M_000023,P02,BLACK,M,image_000023.jpg,training/P02/BLACK/M/images/image_000023.jpg,236367424acee2f0a5b72b8c9526e5b00d6fac95361ce335ef7d0f63398ff3c4,8357,,,true
P02_BLACK_M_000024,P02,BLACK,M,image_000024.jpg,training/P02/BLACK/M/images/image_000024.jpg,f7970287dde34a46d04a1651bf66724337fda2ace9775bce4550a9e3a5a041fa,8640,,,true
P02_BLACK_M_000025,P02,BLACK,M,image_000025.jpg,training/P02/BLACK/M/images/image_000025.jpg,aac9166d0665e99138cbd5c73ee2f0e06d729e54b7151d05fdaa667a52b0fd07,8945,,,true
P02_BLACK_N_000001,P02,BLACK,N,image_000001.jpg,training/P02/BLACK/N/images/image_000001.jpg,253a638be2adb577e72a4a76468f6b43ee20c7af8c8db9f8854c89dca40f6ce0,9535,,,true
P02_BLACK_N_000002,P02,BLACK,N,image_000002.jpg,training/P02/BLACK/N/images/image_000002.jpg,c0b98bbb10be58d03ff844cb7c81cbba21374a565270c9272dda5c95ff8be181,9771,,,true
P02_BLACK_N_000003,P02,BLACK,N,image_000003.jpg,training/P02/BLACK/N/images/image_000003.jpg,eb37bca7542cd96dec494bd40832164fe085fa899cbd1c462952e91be489c2d5,9873,,,true
P02_BLACK_N_000004,P02,BLACK,N,image_000004.jpg,training/P02/BLACK/N/images/image_000004.jpg,31c65a737060a3cf1f8b2fafaab289883aa4188078b35a071fd282b74979245a,10120,,,true
P02_BLACK_N_000005,P02,BLACK,N,image_000005.jpg,training/P02/BLACK/N/images/image_000005.jpg,0c6565eead00ae914890c24bf56c10580610acd0be8f623f48065e9e9adb2b61,9991,,,true
P02_BLACK_N_000006,P02,BLACK,N,image_000006.jpg,training/P02/BLACK/N/images/image_000006.jpg,68bfa510c32e1c07af25a9dc741606b70e18d0717c915bb4a6327c40123f760b,9762,,,true
P02_BLACK_N_000007,P02,BLACK,N,image_000007.jpg,training/P02/BLACK/N/images/image_000007.jpg,ec1ada6be3a009d3ae76ade472cf43166beb316080b2287183247481fdbced36,9983,,,true
P02_BLACK_N_000008,P02,BLACK,N,image_000008.jpg,training/P02/BLACK/N/images/image_000008.jpg,f1a8b6776446ccb93aed9b4021956d60922fb62f6bc220a97b94d05894bd4612,9794,,,true
P02_BLACK_N_000009,P02,BLACK,N,image_000009.jpg,training/P02/BLACK/N/images/image_000009.jpg,6854347e2515edd54cfccfd9b279169323c5e3d910abe7c88991355c3512c04a,10048,,,true
P02_BLACK_N_000010,P02,BLACK,N,image_000010.jpg,training/P02/BLACK/N/images/image_000010.jpg,4cbb93fb3150b79ce49477c2fe5a23dc5198c748ddca2ef50875f829ee5d92ce,9578,,,true
P02_BLACK_N_000011,P02,BLACK,N,image_000011.jpg,training/P02/BLACK/N/images/image_000011.jpg,24b7541fe4016fdb40c30277e5a0ef7a14cde3774c6638974cd1554c37598adb,9856,,,true
P02_BLACK_N_000012,P02,BLACK,N,image_000012.jpg,training/P02/BLACK/N/images/image_000012.jpg,aeb3af062a885642a5ccfff9d4277fe02ca1bb471680421179115acf6110b922,10182,,,true
P02_BLACK_N_000013,P02,BLACK,N,image_000013.jpg,training/P02/BLACK/N/images/image_000013.jpg,f021de49ff6dac450efe5cd7bc5611362c2f10e111a09e4b920a21b9449b1ab5,9777,,,true
P02_BLACK_N_000014,P02,BLACK,N,image_000014.jpg,training/P02/BLACK/N/images/image_000014.jpg,04d0ff1216861e77f41e446e7c0e194133c6738b779556a157b107de91b3dd6b,9868,,,true
P02_BLACK_N_000015,P02,BLACK,N,image_000015.jpg,training/P02/BLACK/N/images/image_000015.jpg,5306fb9795811365de1644ee3cda715bf9f48d3f74a9b464d384932f734d7d10,9629,,,true
P02_BLACK_N_000016,P02,BLACK,N,image_000016.jpg,training/P02/BLACK/N/images/image_000016.jpg,8aaae6e1df3ba445a485d29d678e305fa7a0221622d655c8281d5a5fc90ce2df,9571,,,true
P02_BLACK_N_000017,P02,BLACK,N,image_000017.jpg,training/P02/BLACK/N/images/image_000017.jpg,5454772bcddc4a7b6b43c1b8697e4a29f73723711a953234269a83673005a820,9544,,,true
P02_BLACK_N_000018,P02,BLACK,N,image_000018.jpg,training/P02/BLACK/N/images/image_000018.jpg,05e02fc60ea396c2222591e0ea435982e2764aab33f19fee1bf4c152e9449b33,9526,,,true
P02_BLACK_N_000019,P02,BLACK,N,image_000019.jpg,training/P02/BLACK/N/images/image_000019.jpg,bba83dd9563f5d087df08327dc47b45187229546104cc676394e9fd660cab14a,8850,,,true
P02_BLACK_N_000020,P02,BLACK,N,image_000020.jpg,training/P02/BLACK/N/images/image_000020.jpg,880599d08effa9f238c9f74c55ab841d3d0f8eaf3e12cc31d375bce4a8464449,8397,,,true
P02_BLACK_N_000021,P02,BLACK,N,image_000021.jpg,training/P02/BLACK/N/images/image_000021.jpg,c4c54835481337f8dd13b511ba09bc481cb52b999892b1d1c07ee238fec50193,9563,,,true
P02_BLACK_N_000022,P02,BLACK,N,image_000022.jpg,training/P02/BLACK/N/images/image_000022.jpg,def4834cd288c9a6d02f1e512ce8c3059c426238cf30e9b0224fc0aefb2172e4,9678,,,true
P02_BLACK_N_000023,P02,BLACK,N,image_000023.jpg,training/P02/BLACK/N/images/image_000023.jpg,eaaf8ff9cbe79045a9c1c6695fd95fbc155cf275dced8366203bb77a35b732f0,9285,,,true
P02_BLACK_N_000024,P02,BLACK,N,image_000024.jpg,training/P02/BLACK/N/images/image_000024.jpg,374ac3b9cc3cb78070032d9b0bdc451f4a726c6bfe633c128a6381c887d39964,9775,,,true
P02_BLACK_N_000025,P02,BLACK,N,image_000025.jpg,training/P02/BLACK/N/images/image_000025.jpg,4c27e22ef651857995b1c66eb8867b56605f0809d7ec1c9164a0162bf9a12bca,9972,,,true
P02_BLACK_O_000001,P02,BLACK,O,image_000001.jpg,training/P02/BLACK/O/images/image_000001.jpg,65df7ad30a42f39fde0163716b469fc7e805a1dbc2aec66dafa920539b3f75a1,9272,,,true
P02_BLACK_O_000002,P02,BLACK,O,image_000002.jpg,training/P02/BLACK/O/images/image_000002.jpg,fddf9dcc1d6ea38e70649dda7e9bbc4f959a0789eb4d7c66f2ca196d4c7e6c35,9067,,,true
P02_BLACK_O_000003,P02,BLACK,O,image_000003.jpg,training/P02/BLACK/O/images/image_000003.jpg,b4a750125121d6333d319da0dcd827b4d40fd84f72d46b7b0d8d8dd94418f02c,9334,,,true
P02_BLACK_O_000004,P02,BLACK,O,image_000004.jpg,training/P02/BLACK/O/images/image_000004.jpg,b3b697bff3a83b88cc5370865ab9169663fd8330d8aaac5d9accf0d08d4961bf,9607,,,true
P02_BLACK_O_000005,P02,BLACK,O,image_000005.jpg,training/P02/BLACK/O/images/image_000005.jpg,35e5f417c7decc9371c8243dd7d8188abddbbc06733071211c324614cdf8baf0,9508,,,true
P02_BLACK_O_000006,P02,BLACK,O,image_000006.jpg,training/P02/BLACK/O/images/image_000006.jpg,42e9d8b9a39dd68ffaa814eaa4a45bd51dfb06617f6caff6d1ea09decdfdff08,9729,,,true
P02_BLACK_O_000007,P02,BLACK,O,image_000007.jpg,training/P02/BLACK/O/images/image_000007.jpg,7a6d5e363872e6d7583e4be9b2a5361ae75673e2f03212740bb2016573d8b943,9407,,,true
P02_BLACK_O_000008,P02,BLACK,O,image_000008.jpg,training/P02/BLACK/O/images/image_000008.jpg,8f31c270acda4f1190eeafac39855c65e9ba9654dcce3660a1f59388820f11d7,8946,,,true
P02_BLACK_O_000009,P02,BLACK,O,image_000009.jpg,training/P02/BLACK/O/images/image_000009.jpg,6544d2fcf5d5b927b5eb65d1cdfd8727338ae87ec88fa2ddd44e52435f1b1a16,9269,,,true
P02_BLACK_O_000010,P02,BLACK,O,image_000010.jpg,training/P02/BLACK/O/images/image_000010.jpg,3fdd50a3fb303b69de08946106579e0a2f7d83f5009cd967cdc0ede67c5cc3f7,9433,,,true
P02_BLACK_O_000011,P02,BLACK,O,image_000011.jpg,training/P02/BLACK/O/images/image_000011.jpg,b4061ed8f127a1b921fc50c1f288fac27a4671b20ef1c43b02815365f8cfab37,9424,,,true
P02_BLACK_O_000012,P02,BLACK,O,image_000012.jpg,training/P02/BLACK/O/images/image_000012.jpg,7c39c2d20aa7f32f5cbeb9a76013c95e4c3bba594ad1c310db62f49d0d6a4c97,9529,,,true
P02_BLACK_O_000013,P02,BLACK,O,image_000013.jpg,training/P02/BLACK/O/images/image_000013.jpg,e096d09fce26b5c357553ce23789f3949cffc1afdd27b4c626e20536e5a89d4a,9501,,,true
P02_BLACK_O_000014,P02,BLACK,O,image_000014.jpg,training/P02/BLACK/O/images/image_000014.jpg,695fd52bd7e5f9ca835aa322fe801dab2cd34f3cac1904bb4d36a911c8a1f34b,9368,,,true
P02_BLACK_O_000015,P02,BLACK,O,image_000015.jpg,training/P02/BLACK/O/images/image_000015.jpg,006e06e10fdd6eb24d99f49112ec2c50d3ebe132553afd939f9fd21fa9c68e45,9304,,,true
P02_BLACK_O_000016,P02,BLACK,O,image_000016.jpg,training/P02/BLACK/O/images/image_000016.jpg,ceed86002919145c331fed4d687fa3ce1771b2a420cf4c1edf0b4d804a00c53c,9141,,,true
P02_BLACK_O_000017,P02,BLACK,O,image_000017.jpg,training/P02/BLACK/O/images/image_000017.jpg,c9503ddfa24c17921e4adbfff070d6f1d8e22d676abbca93cddc65ff8bd25e25,9250,,,true
P02_BLACK_O_000018,P02,BLACK,O,image_000018.jpg,training/P02/BLACK/O/images/image_000018.jpg,3061a0c7ce071438bdf562593b9098c5619e6afe892f41667e4817116cc87d26,8874,,,true
P02_BLACK_O_000019,P02,BLACK,O,image_000019.jpg,training/P02/BLACK/O/images/image_000019.jpg,3552caedc942dca174857d8ef30ebd617876bdc0cb111aa617eaa270a3e05dad,8899,,,true
P02_BLACK_O_000020,P02,BLACK,O,image_000020.jpg,training/P02/BLACK/O/images/image_000020.jpg,ce237f188067420d6aeda3264cc0a81667173c945e6d337df2999b6d5d6a2214,8416,,,true
P02_BLACK_O_000021,P02,BLACK,O,image_000021.jpg,training/P02/BLACK/O/images/image_000021.jpg,a98743cfc4f8d17a6c86bb6d97f5f63c321b7583859652bca185a418d7b61ccd,9123,,,true
P02_BLACK_O_000022,P02,BLACK,O,image_000022.jpg,training/P02/BLACK/O/images/image_000022.jpg,22b2d142152afb3e7743ee82b14819e02ea0b4d469d48ddf7a0d5d4a51f4be0a,9303,,,true
P02_BLACK_O_000023,P02,BLACK,O,image_000023.jpg,training/P02/BLACK/O/images/image_000023.jpg,cb82a5b187bc4df4736959e785bd009d6e546b9b84bc450236ef8408026a8d48,9817,,,true
P02_BLACK_O_000024,P02,BLACK,O,image_000024.jpg,training/P02/BLACK/O/images/image_000024.jpg,8c03b17c1bc43069375e2d37da3fb83c293b672526bf9e2604a61cf51e7b4c6f,9565,,,true
P02_BLACK_O_000025,P02,BLACK,O,image_000025.jpg,training/P02/BLACK/O/images/image_000025.jpg,d07a55e938c540aac6c9d3b6126b28a9ef7e9855d178970230af84e7cf45ef44,9235,,,true
P02_BLACK_P_000001,P02,BLACK,P,image_000001.jpg,training/P02/BLACK/P/images/image_000001.jpg,deff83621530fd9d57ff3f1787a74d2a5951566f5412aa670bf5f12961b2fe52,9050,,,true
P02_BLACK_P_000002,P02,BLACK,P,image_000002.jpg,training/P02/BLACK/P/images/image_000002.jpg,def47685a4665a661513e4da076d5386f1c16d30934f450c02d94bf4cc49b4aa,9121,,,true
P02_BLACK_P_000003,P02,BLACK,P,image_000003.jpg,training/P02/BLACK/P/images/image_000003.jpg,5b7164f6313a0b448b880be159393f9d149a4aa5466a04288a7706e3e3683d0d,9164,,,true
P02_BLACK_P_000004,P02,BLACK,P,image_000004.jpg,training/P02/BLACK/P/images/image_000004.jpg,d0cb86e66013f92ea6850916baed72bc1477d59578524a73136d92e5cd0843b8,8787,,,true
P02_BLACK_P_000005,P02,BLACK,P,image_000005.jpg,training/P02/BLACK/P/images/image_000005.jpg,976bfd72f169b301897189df92c2647c69923dd1c0ca7b148dd8bdff450c99da,8975,,,true
P02_BLACK_P_000006,P02,BLACK,P,image_000006.jpg,training/P02/BLACK/P/images/image_000006.jpg,cf553975ab784a52c30e207d63b5522690569c083a0c331a56372b171431d547,9947,,,true
P02_BLACK_P_000007,P02,BLACK,P,image_000007.jpg,training/P02/BLACK/P/images/image_000007.jpg,3ee9908472691e0a804455e37d7687d50b6c25a95c575f9780deb0013dbb5e8a,9024,,,true
P02_BLACK_P_000008,P02,BLACK,P,image_000008.jpg,training/P02/BLACK/P/images/image_000008.jpg,5e44ea71d33b41b23a9888c6adddb72e7cd88e643bc2d7517fe2b71aaa78fa5b,8503,,,true
P02_BLACK_P_000009,P02,BLACK,P,image_000009.jpg,training/P02/BLACK/P/images/image_000009.jpg,002a6e4aa1620b8a8c2f037902e6fa5097d71f5e04276cabf834e0737fcb622f,8519,,,true
P02_BLACK_P_000010,P02,BLACK,P,image_000010.jpg,training/P02/BLACK/P/images/image_000010.jpg,39743437b77972475964a359d4b618c89c62889937b45a1dd11f2bfd381e9d6b,8821,,,true
P02_BLACK_P_000011,P02,BLACK,P,image_000011.jpg,training/P02/BLACK/P/images/image_000011.jpg,57f818d125a949dd79a94deae4637eded7bb5eefdffd38eb26471ea240f510fd,9943,,,true
P02_BLACK_P_000012,P02,BLACK,P,image_000012.jpg,training/P02/BLACK/P/images/image_000012.jpg,e37fedbd9b214afda673a900f12e29716190fbbfd3a2a596083e822e5ad84e31,8784,,,true
P02_BLACK_P_000013,P02,BLACK,P,image_000013.jpg,training/P02/BLACK/P/images/image_000013.jpg,355f139e60aa3d2128e4f58e865ca9d13595819658956c2aec49ec4e4fcc5298,9237,,,true
P02_BLACK_P_000014,P02,BLACK,P,image_000014.jpg,training/P02/BLACK/P/images/image_000014.jpg,ac8b45a4af74d16062a681889438c6419097f4fe429a3addf3782ec9065e0a8e,9212,,,true
P02_BLACK_P_000015,P02,BLACK,P,image_000015.jpg,training/P02/BLACK/P/images/image_000015.jpg,4868f2d2f6d4b89aefb13d062015439d6e4c0c9ab2f60f0d28478cc5067102c3,9756,,,true
P02_BLACK_P_000016,P02,BLACK,P,image_000016.jpg,training/P02/BLACK/P/images/image_000016.jpg,de8a3febae4d578348b9550aceeee52f7c1d995cc2f6df83e4d5869fe5540a53,9521,,,true
P02_BLACK_P_000017,P02,BLACK,P,image_000017.jpg,training/P02/BLACK/P/images/image_000017.jpg,0a9625a6845461609db5c6e7587d3dcccc21fb3f472f4fdc4d151cd85da1c266,8943,,,true
P02_BLACK_P_000018,P02,BLACK,P,image_000018.jpg,training/P02/BLACK/P/images/image_000018.jpg,40670fb1d780d04df98acb375b354a2fd15a74469304f2a8be76959514ebf324,9560,,,true
P02_BLACK_P_000019,P02,BLACK,P,image_000019.jpg,training/P02/BLACK/P/images/image_000019.jpg,6a625b5510116a50009ae6155570679e077dba3286d33bf9b1ac8b73085ed9b1,9758,,,true
P02_BLACK_P_000020,P02,BLACK,P,image_000020.jpg,training/P02/BLACK/P/images/image_000020.jpg,23b3367f5ca7f404ab9a3a9c507776f28503a18b9db3b62ef3efa1d3090f81e7,7949,,,true
P02_BLACK_P_000021,P02,BLACK,P,image_000021.jpg,training/P02/BLACK/P/images/image_000021.jpg,33825c7ce86556322dff7e89c25124aa9a6e2ef62c264f27df4c7c9e32dd94a4,8125,,,true
P02_BLACK_P_000022,P02,BLACK,P,image_000022.jpg,training/P02/BLACK/P/images/image_000022.jpg,2d4ac79825cbf2bd025a194273d7ece419c80345c0ae24e4724d7949f955c331,9003,,,true
P02_BLACK_P_000023,P02,BLACK,P,image_000023.jpg,training/P02/BLACK/P/images/image_000023.jpg,ef733297c57830155adc96555cf44d889f4db7d94c8ef24f9038432931f2a596,8854,,,true
P02_BLACK_P_000024,P02,BLACK,P,image_000024.jpg,training/P02/BLACK/P/images/image_000024.jpg,08ac7b8e992c69fd2bd0b41f9ff5ffd78a8e9b30d26311855387db2d0d86a6e8,9102,,,true
P02_BLACK_P_000025,P02,BLACK,P,image_000025.jpg,training/P02/BLACK/P/images/image_000025.jpg,da322de97afd44531d9dfab18ec15019252bddf025ba225b81b4f7b90a3580e5,9134,,,true
P02_BLACK_R_000001,P02,BLACK,R,image_000001.jpg,training/P02/BLACK/R/images/image_000001.jpg,e30e13ef4b095730573ad620e818272a606132d2e7820e476eacf37c4ae14c18,9606,,,true
P02_BLACK_R_000002,P02,BLACK,R,image_000002.jpg,training/P02/BLACK/R/images/image_000002.jpg,690d04c72e593aca18e4da1da4f195ed474db830a5151a08d163c5999d35ef26,9651,,,true
P02_BLACK_R_000003,P02,BLACK,R,image_000003.jpg,training/P02/BLACK/R/images/image_000003.jpg,ed222ce2b26159ceab815b684562a672c65809e01bdf4452c9671a6c5c868b31,9413,,,true
P02_BLACK_R_000004,P02,BLACK,R,image_000004.jpg,training/P02/BLACK/R/images/image_000004.jpg,9eaa0eb4c0008103238431e2171c3d0dd9db2f15d70b2b3ba65313e9c57189bf,9797,,,true
P02_BLACK_R_000005,P02,BLACK,R,image_000005.jpg,training/P02/BLACK/R/images/image_000005.jpg,939dd3386eec626875b079e9fe9d4247c91d2e01b7b8f51b24632ee053e9dd60,9015,,,true
P02_BLACK_R_000006,P02,BLACK,R,image_000006.jpg,training/P02/BLACK/R/images/image_000006.jpg,665a7efa3c6d1ea2fe3c7919d7fb168df3d055251a4e4aebcd95a21a5e32eea9,8780,,,true
P02_BLACK_R_000007,P02,BLACK,R,image_000007.jpg,training/P02/BLACK/R/images/image_000007.jpg,1c69a9022945c299be2fd733632e638621017129611b823e02bc029dd0152f12,9156,,,true
P02_BLACK_R_000008,P02,BLACK,R,image_000008.jpg,training/P02/BLACK/R/images/image_000008.jpg,71ba911b8657ee5c19b2623539d55e0dfd3456242a2610a1e0a5337477856ab5,9392,,,true
P02_BLACK_R_000009,P02,BLACK,R,image_000009.jpg,training/P02/BLACK/R/images/image_000009.jpg,71f1f52c74f0879b10528ced3599cf5da206693075fe15f7045c9c27f591262f,8883,,,true
P02_BLACK_R_000010,P02,BLACK,R,image_000010.jpg,training/P02/BLACK/R/images/image_000010.jpg,ac74f1ed7635b8d04b54c137c48114fb40a7864d973be8f06ca528a07d176c7d,9221,,,true
P02_BLACK_R_000011,P02,BLACK,R,image_000011.jpg,training/P02/BLACK/R/images/image_000011.jpg,247dff55447740035f0f0034eef76ba06f646c4e91851a783bf62d8cebd22688,9293,,,true
P02_BLACK_R_000012,P02,BLACK,R,image_000012.jpg,training/P02/BLACK/R/images/image_000012.jpg,ac84ae16ecac7b82a903d20243912b0c8eec07cb5176dd0ed1e9f87de2df5d9d,9152,,,true
P02_BLACK_R_000013,P02,BLACK,R,image_000013.jpg,training/P02/BLACK/R/images/image_000013.jpg,c5f51535fdb4d7e329e5768c914d7752aa6e9a9d18709d152b3cfd23a3868ffe,8897,,,true
P02_BLACK_R_000014,P02,BLACK,R,image_000014.jpg,training/P02/BLACK/R/images/image_000014.jpg,ab6e8aebb3650ef40f9f3d02c0d8fa14ec7b599cf86335c6ad471fdaaa9e5b8b,9407,,,true
P02_BLACK_R_000015,P02,BLACK,R,image_000015.jpg,training/P02/BLACK/R/images/image_000015.jpg,2db8bbc06c4f0bbacb4bad6da0e8162c00624cc77eecbe1d9f481ef45b9b3ecc,8702,,,true
P02_BLACK_R_000016,P02,BLACK,R,image_000016.jpg,training/P02/BLACK/R/images/image_000016.jpg,683fa7abf0feb5ad50d12aeacd0f601b944f6b26f42a1f2e95a121866acb7cf6,8771,,,true
P02_BLACK_R_000017,P02,BLACK,R,image_000017.jpg,training/P02/BLACK/R/images/image_000017.jpg,271a720242655e482c7c37071bb0f511491f916c1bb620f2741740ad7a4829e7,8636,,,true
P02_BLACK_R_000018,P02,BLACK,R,image_000018.jpg,training/P02/BLACK/R/images/image_000018.jpg,e6fba9546fcfe212644b418fa0f01a5d1fb0fb75edd8167106ddcc6f9d464636,8611,,,true
P02_BLACK_R_000019,P02,BLACK,R,image_000019.jpg,training/P02/BLACK/R/images/image_000019.jpg,ec51d7f1d4945a1976d04d74b3e2a09ca5ba47ddda0e932c4bff3f3b9f5c496f,9381,,,true
P02_BLACK_R_000020,P02,BLACK,R,image_000020.jpg,training/P02/BLACK/R/images/image_000020.jpg,75c78e387bfc43a393417b8b8b400dc82ca86ca44f03032887e93127d82ccd28,8704,,,true
P02_BLACK_R_000021,P02,BLACK,R,image_000021.jpg,training/P02/BLACK/R/images/image_000021.jpg,f15abae392e8977cccedc86eb1a3799d33b25883665f7866eaa761d1ef1f41f5,8679,,,true
P02_BLACK_R_000022,P02,BLACK,R,image_000022.jpg,training/P02/BLACK/R/images/image_000022.jpg,248ddbabe624dd6715490f43fbf36ca4a12c67fe5479960dfe9a8e325c0fe8aa,8166,,,true
P02_BLACK_R_000023,P02,BLACK,R,image_000023.jpg,training/P02/BLACK/R/images/image_000023.jpg,a3bb2fe300b337d13307f0d6d1034b9a3d4cc5b71b3cc8924a8ee5bf33911ab9,8276,,,true
P02_BLACK_R_000024,P02,BLACK,R,image_000024.jpg,training/P02/BLACK/R/images/image_000024.jpg,a29a036dc59a78d3ef87f8f960d2d291f091b9594743904a5a881f576e72bac5,8083,,,true
P02_BLACK_R_000025,P02,BLACK,R,image_000025.jpg,training/P02/BLACK/R/images/image_000025.jpg,162757a15e0dab438802baa84fce503a39e2050e69bfe176eb0abe7f7fd534e4,8144,,,true
P02_BLACK_S_000001,P02,BLACK,S,image_000001.jpg,training/P02/BLACK/S/images/image_000001.jpg,c1566751c895179f32ea35a6d46c7d3831f16ae67bb87c369d3091140a7c635c,9779,,,true
P02_BLACK_S_000002,P02,BLACK,S,image_000002.jpg,training/P02/BLACK/S/images/image_000002.jpg,49659141e3dbd5731401b993f8d6fa0177e5062992924ac7f86d7010e6e7213a,10187,,,true
P02_BLACK_S_000003,P02,BLACK,S,image_000003.jpg,training/P02/BLACK/S/images/image_000003.jpg,4d21b6cc6453d89d6359a01944971974a35352edec37c3d8d3d552c8febd7e2e,10172,,,true
P02_BLACK_S_000004,P02,BLACK,S,image_000004.jpg,training/P02/BLACK/S/images/image_000004.jpg,4eb6f47b79381d5ea8804f44b8a50851a6d903cdc0579f36b6b4aabaad6a74b7,9987,,,true
P02_BLACK_S_000005,P02,BLACK,S,image_000005.jpg,training/P02/BLACK/S/images/image_000005.jpg,ffadc9c3db3bf850bc51ae0def4365c782a783c28547bb0073bc2efca8af589b,10101,,,true
P02_BLACK_S_000006,P02,BLACK,S,image_000006.jpg,training/P02/BLACK/S/images/image_000006.jpg,d65404595de3b0a94471a03ae928da80d2116d8f41fe72bafb4cfb152c9aa1ee,9541,,,true
P02_BLACK_S_000007,P02,BLACK,S,image_000007.jpg,training/P02/BLACK/S/images/image_000007.jpg,35bcf19497856e8c92bcd9b9eddec0874748d9e65afed5b9634e455c085688fb,9313,,,true
P02_BLACK_S_000008,P02,BLACK,S,image_000008.jpg,training/P02/BLACK/S/images/image_000008.jpg,1e17b1d3134e2008e3a3bfad08cefbe66fbca9a397e3bf8e9c7eb65fcccf00ff,10134,,,true
P02_BLACK_S_000009,P02,BLACK,S,image_000009.jpg,training/P02/BLACK/S/images/image_000009.jpg,9fd79eb2181eba410354135abcc8983a6fcca84a140ff5dbd95c747aa0df1ba1,9303,,,true
P02_BLACK_S_000010,P02,BLACK,S,image_000010.jpg,training/P02/BLACK/S/images/image_000010.jpg,2e1f2613212a82f056dc16892779f90b6b9d52789092b8ea8cb776f15a04e44d,10264,,,true
P02_BLACK_S_000011,P02,BLACK,S,image_000011.jpg,training/P02/BLACK/S/images/image_000011.jpg,bb026a1180663f86357b09d39c263e98e409ea7e0014422f9ffb903e29c97c29,9485,,,true
P02_BLACK_S_000012,P02,BLACK,S,image_000012.jpg,training/P02/BLACK/S/images/image_000012.jpg,9c2a7fd2b18ec1bf414d164feb50962466dc9b45c5ee6ac3e4474e3727ce5033,9262,,,true
P02_BLACK_S_000013,P02,BLACK,S,image_000013.jpg,training/P02/BLACK/S/images/image_000013.jpg,7e6829f51b4eccbb35922e3469a162025a3d76626f43b8ebbe8a9b415c1d6085,9180,,,true
P02_BLACK_S_000014,P02,BLACK,S,image_000014.jpg,training/P02/BLACK/S/images/image_000014.jpg,3eaa4ae777c0363be4d8b7a57c19180131c8541416b2cfb26e6037e6eb530dca,9412,,,true
P02_BLACK_S_000015,P02,BLACK,S,image_000015.jpg,training/P02/BLACK/S/images/image_000015.jpg,a7a00e5fc1f6719698ba0d9bd410ca25ea6f69d1b473d206ae561e3d12d2d405,9135,,,true
P02_BLACK_S_000016,P02,BLACK,S,image_000016.jpg,training/P02/BLACK/S/images/image_000016.jpg,99e68ed563202f2db350d71a4a6cec227477e8811a1fbe318dd3979ab79a6dc9,9175,,,true
P02_BLACK_S_000017,P02,BLACK,S,image_000017.jpg,training/P02/BLACK/S/images/image_000017.jpg,33626ff856ca72373613c0d3978d36d2ccf268698813d337d93910d666d7d4c4,9305,,,true
P02_BLACK_S_000018,P02,BLACK,S,image_000018.jpg,training/P02/BLACK/S/images/image_000018.jpg,f7d39c2d6beba3a83796d25d4625da715acbdcafb6e514e3af744695f7b85e18,10182,,,true
P02_BLACK_S_000019,P02,BLACK,S,image_000019.jpg,training/P02/BLACK/S/images/image_000019.jpg,aba306c32e85004e036128182cc5ce169958ca0fe5c84cbda3e917db2272893d,9151,,,true
P02_BLACK_S_000020,P02,BLACK,S,image_000020.jpg,training/P02/BLACK/S/images/image_000020.jpg,69c8739b724642d5b8cf3abd30ecf5c0099dea530ce3caa7a92fe6d799967404,9695,,,true
P02_BLACK_S_000021,P02,BLACK,S,image_000021.jpg,training/P02/BLACK/S/images/image_000021.jpg,3b03ef8d29f0d1ad2d585a90a49e7bc75554d1fa665f47c1473e73c148a5286b,10241,,,true
P02_BLACK_S_000022,P02,BLACK,S,image_000022.jpg,training/P02/BLACK/S/images/image_000022.jpg,ebd2e7c62d10c6eb2b3c16573d73812ac6742dee3f352e65f07bbc48a825777c,10038,,,true
P02_BLACK_S_000023,P02,BLACK,S,image_000023.jpg,training/P02/BLACK/S/images/image_000023.jpg,75572cc47c4d2b24f5ea11b1707b06897ec7ea9b33392f0b7cfce94b5ed75630,10146,,,true
P02_BLACK_S_000024,P02,BLACK,S,image_000024.jpg,training/P02/BLACK/S/images/image_000024.jpg,3804122bd7cba56ac902696a42a1facce5a2bc878ac2cff75fb2e994bb922489,9995,,,true
P02_BLACK_S_000025,P02,BLACK,S,image_000025.jpg,training/P02/BLACK/S/images/image_000025.jpg,e8b5593fbc6e47ad405d2a44e8f244da5a0e3fe2dbf5da3feee81883056464d8,9179,,,true
P02_BLACK_T_000001,P02,BLACK,T,image_000001.jpg,training/P02/BLACK/T/images/image_000001.jpg,c43ccf3a8edf62838558654f9c723969d63d5139edd97b05789a124cfa6bb573,9761,,,true
P02_BLACK_T_000002,P02,BLACK,T,image_000002.jpg,training/P02/BLACK/T/images/image_000002.jpg,cdb1c3bfff92739c49d01c3b62828867a6d9a638df0d7f7c1e510af48a2a0b86,9840,,,true
P02_BLACK_T_000003,P02,BLACK,T,image_000003.jpg,training/P02/BLACK/T/images/image_000003.jpg,4f264a9e627183da858b48b7b2ff715333a965e3812ecccbbd142a724dbd57da,10195,,,true
P02_BLACK_T_000004,P02,BLACK,T,image_000004.jpg,training/P02/BLACK/T/images/image_000004.jpg,b10ad8f13fd5ca46f4abc1f5afd227e933c994946c55452c80cdb34f528a4e40,9984,,,true
P02_BLACK_T_000005,P02,BLACK,T,image_000005.jpg,training/P02/BLACK/T/images/image_000005.jpg,37b0182eef7929eed6846ac0fec03131439004a595cb84e86d98d7d40dde9e89,9747,,,true
P02_BLACK_T_000006,P02,BLACK,T,image_000006.jpg,training/P02/BLACK/T/images/image_000006.jpg,1aee6ab6649fdaf8fd188a93743b0004291c25284d3d7f3a7742e93b8ed8d21b,8985,,,true
P02_BLACK_T_000007,P02,BLACK,T,image_000007.jpg,training/P02/BLACK/T/images/image_000007.jpg,a35d5ac32672c44470359a4ae9d2beaefbfe86bf290b6948b1b8bf6f03479b0d,9500,,,true
P02_BLACK_T_000008,P02,BLACK,T,image_000008.jpg,training/P02/BLACK/T/images/image_000008.jpg,9d6a0a018049a15885658ed809d799e33c93f962d3b10538588a2905e047ac1b,9515,,,true
P02_BLACK_T_000009,P02,BLACK,T,image_000009.jpg,training/P02/BLACK/T/images/image_000009.jpg,47875ab6d432287144b576b6b5b65e2474c7f42e7458399a359125de0b37dcc8,9237,,,true
P02_BLACK_T_000010,P02,BLACK,T,image_000010.jpg,training/P02/BLACK/T/images/image_000010.jpg,aa3204fff3ec0e82a47648ea9b9ebcfd4c196ff1bbca118a83ca174114f569fc,9447,,,true
P02_BLACK_T_000011,P02,BLACK,T,image_000011.jpg,training/P02/BLACK/T/images/image_000011.jpg,da9b6b5b5876645f7434ce1d2b767b6a8d586a963b0b19b03a3d488233254d5e,9403,,,true
P02_BLACK_T_000012,P02,BLACK,T,image_000012.jpg,training/P02/BLACK/T/images/image_000012.jpg,8b8cbfab0dbf429cb3563302ede119bd810cc9eb773fa0f6bfb8b60d24838b08,9043,,,true
P02_BLACK_T_000013,P02,BLACK,T,image_000013.jpg,training/P02/BLACK/T/images/image_000013.jpg,cb04e91f2c8d00d28ebf37b7e9d577a0505dda133771c06242516e47d08166dc,9181,,,true
P02_BLACK_T_000014,P02,BLACK,T,image_000014.jpg,training/P02/BLACK/T/images/image_000014.jpg,bf29cb4093730e518244cd19914efc8e7a556b15b13d04d64d2b7b00f44e9cbe,8676,,,true
P02_BLACK_T_000015,P02,BLACK,T,image_000015.jpg,training/P02/BLACK/T/images/image_000015.jpg,dbb8a5e91c690955be10d3255dc063efbe64daa16136a7321a3f927f37591fb4,9121,,,true
P02_BLACK_T_000016,P02,BLACK,T,image_000016.jpg,training/P02/BLACK/T/images/image_000016.jpg,e67a324dfed4747ad338a8fda4c499397a5ed5eaec33cf410aa5185b89b1eb24,8579,,,true
P02_BLACK_T_000017,P02,BLACK,T,image_000017.jpg,training/P02/BLACK/T/images/image_000017.jpg,c8a19ef1d2012af6c6af8d7a9d14b01aa651189087029c1b5e12b74d98e620c6,8517,,,true
P02_BLACK_T_000018,P02,BLACK,T,image_000018.jpg,training/P02/BLACK/T/images/image_000018.jpg,ef92cc2f5ecac925137e5e0cfc2c6347ff60ed1eb110c0a7da056f97369f410d,9053,,,true
P02_BLACK_T_000019,P02,BLACK,T,image_000019.jpg,training/P02/BLACK/T/images/image_000019.jpg,96ea611b02bab3ba883d7a56f110497a7e56c832861c8214cfa74aa693544c20,10033,,,true
P02_BLACK_T_000020,P02,BLACK,T,image_000020.jpg,training/P02/BLACK/T/images/image_000020.jpg,b9cbc67c27f72bfe7e7f574da2b1f24d4e8988b50366060f4f30d76d44c2ac99,9900,,,true
P02_BLACK_T_000021,P02,BLACK,T,image_000021.jpg,training/P02/BLACK/T/images/image_000021.jpg,375cff373fa321e4c0a49246cfac48bff6d28515d87f640ca1739b9971281a00,9678,,,true
P02_BLACK_T_000022,P02,BLACK,T,image_000022.jpg,training/P02/BLACK/T/images/image_000022.jpg,b901062f03f181c5eb7d9754301e5515bf309c50d2569c1dbb089d217847e463,9365,,,true
P02_BLACK_T_000023,P02,BLACK,T,image_000023.jpg,training/P02/BLACK/T/images/image_000023.jpg,523fa8244e769c70193fea1d6676e92acaaadb1c1b9d014bcea990dac657e4a0,8852,,,true
P02_BLACK_T_000024,P02,BLACK,T,image_000024.jpg,training/P02/BLACK/T/images/image_000024.jpg,514039dd4c7649156bba07721fe563a7fd424aeb0a2cc506bf02caa72c1b5a9f,8146,,,true
P02_BLACK_T_000025,P02,BLACK,T,image_000025.jpg,training/P02/BLACK/T/images/image_000025.jpg,8c186f1482b97129fa0c60ba89898b853654e88d42b63dafab4ac257258d3249,9820,,,true
P02_BLACK_U_000001,P02,BLACK,U,image_000001.jpg,training/P02/BLACK/U/images/image_000001.jpg,0aa22ee8f7580b2bf146bedbacb0ed71437a22bdf8cf850c9fe50fd8af17e8c1,9569,,,true
P02_BLACK_U_000002,P02,BLACK,U,image_000002.jpg,training/P02/BLACK/U/images/image_000002.jpg,7f3a5e4deaf84d370f43ec2a5841ca9c108422d372045e864ab7421d84c8e1f2,9563,,,true
P02_BLACK_U_000003,P02,BLACK,U,image_000003.jpg,training/P02/BLACK/U/images/image_000003.jpg,a3375acff3ecf20000619e67be7d6a237a150dc1425ff8f48f8128211c49f9d1,9341,,,true
P02_BLACK_U_000004,P02,BLACK,U,image_000004.jpg,training/P02/BLACK/U/images/image_000004.jpg,c53461458a97a2e1ecd326fa896cdbc3839d50d3f9f0a30a165d51763d272ea1,9410,,,true
P02_BLACK_U_000005,P02,BLACK,U,image_000005.jpg,training/P02/BLACK/U/images/image_000005.jpg,60c41f58b810f1ed3e029067fed698fe74950b8fe76fdccb5fff896ec19ddc1d,8853,,,true
P02_BLACK_U_000006,P02,BLACK,U,image_000006.jpg,training/P02/BLACK/U/images/image_000006.jpg,8cde896a4b8ebb6c4c4adba0d52352bd018f478c7995d1e9a9c07d478f4a40cb,8776,,,true
P02_BLACK_U_000007,P02,BLACK,U,image_000007.jpg,training/P02/BLACK/U/images/image_000007.jpg,ee316e639677aee8c75475c2ec9c5585e4e5bb89dcb22d2486f2bc2bb4d4af75,8223,,,true
P02_BLACK_U_000008,P02,BLACK,U,image_000008.jpg,training/P02/BLACK/U/images/image_000008.jpg,d2dd4d38b7eca76ead20edf1419c3fa8f0aa79c2733abb1b66476e89aa88e158,8624,,,true
P02_BLACK_U_000009,P02,BLACK,U,image_000009.jpg,training/P02/BLACK/U/images/image_000009.jpg,1e456f4df9dff9ff31b0e6aae6ee834905314344317686191bc1a01f837429cc,8736,,,true
P02_BLACK_U_000010,P02,BLACK,U,image_000010.jpg,training/P02/BLACK/U/images/image_000010.jpg,b7dbe91d6c6c4274c69327db9d22198db7fd15c2211073e006c02e1ad80ecaa8,8802,,,true
P02_BLACK_U_000011,P02,BLACK,U,image_000011.jpg,training/P02/BLACK/U/images/image_000011.jpg,0ff653015282daf368a22daffe75ee898bfda243bea512559ba221643258cd4b,8849,,,true
P02_BLACK_U_000012,P02,BLACK,U,image_000012.jpg,training/P02/BLACK/U/images/image_000012.jpg,aa4bd40ee949e1195e8fc60db3ff4ce11682266517851ec71e1e606d892d045e,9298,,,true
P02_BLACK_U_000013,P02,BLACK,U,image_000013.jpg,training/P02/BLACK/U/images/image_000013.jpg,e7d9f114919321895cf48b2cf6d8516976687b09f28760bcf83070b860366d7e,8983,,,true
P02_BLACK_U_000014,P02,BLACK,U,image_000014.jpg,training/P02/BLACK/U/images/image_000014.jpg,3e1f18857d0d2fa330771256a209fb8052e50a3bdf30c7a46037fe24d730a69c,9417,,,true
P02_BLACK_U_000015,P02,BLACK,U,image_000015.jpg,training/P02/BLACK/U/images/image_000015.jpg,7e689db69c56cda88db829b921422b2af86dcadb8a5da4a37fe4d219101b74f3,8764,,,true
P02_BLACK_U_000016,P02,BLACK,U,image_000016.jpg,training/P02/BLACK/U/images/image_000016.jpg,0a72d5f7a3735a6d03b3fd35230ef8a6db12a5210112252ebd5ba5f590b9c8b9,8007,,,true
P02_BLACK_U_000017,P02,BLACK,U,image_000017.jpg,training/P02/BLACK/U/images/image_000017.jpg,3a7b4d2e1d76a7569d601a13a5241e9db5472f01f2d17d87f731f4d7715df4fe,8309,,,true
P02_BLACK_U_000018,P02,BLACK,U,image_000018.jpg,training/P02/BLACK/U/images/image_000018.jpg,f20615fc06a64b3669af43535c270aeb7c2efc94a55b5f2ead1445476e5da6ec,8191,,,true
P02_BLACK_U_000019,P02,BLACK,U,image_000019.jpg,training/P02/BLACK/U/images/image_000019.jpg,c205bae413fc8f5d9ccb485d044c861707bbe20477ca7f1858e18007d743ea97,8412,,,true
P02_BLACK_U_000020,P02,BLACK,U,image_000020.jpg,training/P02/BLACK/U/images/image_000020.jpg,b27f8026f2aefc530ddd977e95d7edb5232927de97feabae62c490c98e57c2d9,8314,,,true
P02_BLACK_U_000021,P02,BLACK,U,image_000021.jpg,training/P02/BLACK/U/images/image_000021.jpg,d4843b7a9b7e425eab8da345be1bfabd6f63a5f080db0fd1b639adbbb8f9c15c,8090,,,true
P02_BLACK_U_000022,P02,BLACK,U,image_000022.jpg,training/P02/BLACK/U/images/image_000022.jpg,029bd979f251280d7e0bf1f830e788a75b95aaae6ec0015614aaa873d5a0651a,8036,,,true
P02_BLACK_U_000023,P02,BLACK,U,image_000023.jpg,training/P02/BLACK/U/images/image_000023.jpg,4a920dfd51fefe141c73b3690791ebcdbf9fdf475f42cb68d934c1c3ae4dd9d6,8041,,,true
P02_BLACK_U_000024,P02,BLACK,U,image_000024.jpg,training/P02/BLACK/U/images/image_000024.jpg,da1f8d4b95906c43828288ba6f7232ecfcfd2036142e0e86ab0d5e8f74fe7173,8641,,,true
P02_BLACK_U_000025,P02,BLACK,U,image_000025.jpg,training/P02/BLACK/U/images/image_000025.jpg,9131afe7a93df31f359c9a4a28780b421d806a8d91c30cd46d5a8d6be16a734d,8462,,,true
P02_BLACK_V_000001,P02,BLACK,V,image_000001.jpg,training/P02/BLACK/V/images/image_000001.jpg,9590e47d03416c7c8c215209f1cfb0225ee19b5d54a106ee2003a98670761abc,8986,,,true
P02_BLACK_V_000002,P02,BLACK,V,image_000002.jpg,training/P02/BLACK/V/images/image_000002.jpg,628ac70e8688116997c544baf61b37c292815884bfeaf3379eebea5d17e581f8,8948,,,true
P02_BLACK_V_000003,P02,BLACK,V,image_000003.jpg,training/P02/BLACK/V/images/image_000003.jpg,0d1933ac8122c1bb83c49dbdf7631b3c739338393503eec0ab8efd92a3f39c3a,8748,,,true
P02_BLACK_V_000004,P02,BLACK,V,image_000004.jpg,training/P02/BLACK/V/images/image_000004.jpg,6f63891a54c3de72b32b78a5bae037ba2bc618bbf23944264b6ab5ad3e939602,8676,,,true
P02_BLACK_V_000005,P02,BLACK,V,image_000005.jpg,training/P02/BLACK/V/images/image_000005.jpg,56b6486a6e93d37ed3beefbf32e2392530f9bff4163e970dd097c8ac930f9a01,8726,,,true
P02_BLACK_V_000006,P02,BLACK,V,image_000006.jpg,training/P02/BLACK/V/images/image_000006.jpg,2227da63151c3fbb1e31d7695fd2e642247b1b31794d01e32073aeebefaee631,9168,,,true
P02_BLACK_V_000007,P02,BLACK,V,image_000007.jpg,training/P02/BLACK/V/images/image_000007.jpg,be8599c7625320e00cd35298d3e85209d51f870eab0a7ba220c2ad4f7ca5b43d,8960,,,true
P02_BLACK_V_000008,P02,BLACK,V,image_000008.jpg,training/P02/BLACK/V/images/image_000008.jpg,4a21ce252e60e4cc269333802a8c076a57b98556aae743a79e692b48f2fdff79,8314,,,true
P02_BLACK_V_000009,P02,BLACK,V,image_000009.jpg,training/P02/BLACK/V/images/image_000009.jpg,1efef1bb79c754401c93c7c8473117f4288999e843a7227a860eea006902ba6f,8247,,,true
P02_BLACK_V_000010,P02,BLACK,V,image_000010.jpg,training/P02/BLACK/V/images/image_000010.jpg,d95748f71ea811423caa926916e6bb24ac917706f9431521e1acfebcde9694cf,8788,,,true
P02_BLACK_V_000011,P02,BLACK,V,image_000011.jpg,training/P02/BLACK/V/images/image_000011.jpg,a686fd70257cc86ca051f72d6b909b05bedf0aa8c4b194550013cd2e7273879e,8748,,,true
P02_BLACK_V_000012,P02,BLACK,V,image_000012.jpg,training/P02/BLACK/V/images/image_000012.jpg,2acb2c9b6c643004c83046086f57b37724fcbcfea5e28944c03d0f4562c64965,9074,,,true
P02_BLACK_V_000013,P02,BLACK,V,image_000013.jpg,training/P02/BLACK/V/images/image_000013.jpg,87e577dbd0b8d05c03b55f547283372c8757a46c2f465f9d6d0df2428e4e8b8d,8882,,,true
P02_BLACK_V_000014,P02,BLACK,V,image_000014.jpg,training/P02/BLACK/V/images/image_000014.jpg,48a7a89b7c04adb5094506205d8b08b0b8944cb36e32c2edd5812049fb5c10a3,8615,,,true
P02_BLACK_V_000015,P02,BLACK,V,image_000015.jpg,training/P02/BLACK/V/images/image_000015.jpg,a563e855f5959184f28232f75d23399949fe297495e48d096d161c4329f71b78,9051,,,true
P02_BLACK_V_000016,P02,BLACK,V,image_000016.jpg,training/P02/BLACK/V/images/image_000016.jpg,c47d6afd92b58d086ca8b6b3f86731506c93fd7a8a04bc016c8e97b478f0d611,8672,,,true
P02_BLACK_V_000017,P02,BLACK,V,image_000017.jpg,training/P02/BLACK/V/images/image_000017.jpg,6baf67a98d2d01e2edf0a4dfd9d3445e21807fadab30855347bdca9479c6e62f,8834,,,true
P02_BLACK_V_000018,P02,BLACK,V,image_000018.jpg,training/P02/BLACK/V/images/image_000018.jpg,8b3ffd429b35ff757277d10f4a54bb3df0d3754a7febd4efe3f00ac2566017f5,8988,,,true
P02_BLACK_V_000019,P02,BLACK,V,image_000019.jpg,training/P02/BLACK/V/images/image_000019.jpg,2aabbb95e667de004b8e91d0f2326d528f8bb93b8d66c0caa0d4401e9c874709,9200,,,true
P02_BLACK_V_000020,P02,BLACK,V,image_000020.jpg,training/P02/BLACK/V/images/image_000020.jpg,b6aeafa6d9bfa6a2c63f76eda46f4156ae7c88ca5d5498416a45b5543cddfd36,9635,,,true
P02_BLACK_V_000021,P02,BLACK,V,image_000021.jpg,training/P02/BLACK/V/images/image_000021.jpg,213a45bb51d31bb446e254e65f5446b78a7b7e2f76a59cdfc41a295a898262d1,9534,,,true
P02_BLACK_V_000022,P02,BLACK,V,image_000022.jpg,training/P02/BLACK/V/images/image_000022.jpg,04cf77d1f5196c61d4a9c0a80723eb4aa97467462f05d20642a36920d919a18c,9495,,,true
P02_BLACK_V_000023,P02,BLACK,V,image_000023.jpg,training/P02/BLACK/V/images/image_000023.jpg,4bf0b7ea9159e8b868e42a9c51a6df83536d51bf2651161f090ed73526bd46b3,9542,,,true
P02_BLACK_V_000024,P02,BLACK,V,image_000024.jpg,training/P02/BLACK/V/images/image_000024.jpg,d04386fa984fd951bc63f6ee0bedbdaa636cd6cf5ee8626dba5aaabf703137c0,9535,,,true
P02_BLACK_V_000025,P02,BLACK,V,image_000025.jpg,training/P02/BLACK/V/images/image_000025.jpg,f15f5114bbc5c4a2c004cc309e92201ea556e85a5ac92521ebc3f65fc75658ae,9433,,,true
P02_BLACK_W_000001,P02,BLACK,W,image_000001.jpg,training/P02/BLACK/W/images/image_000001.jpg,d95eb9882e1eb2f02925ac34666fde0a01d34fd00972686eec435a8fd78009c4,9126,,,true
P02_BLACK_W_000002,P02,BLACK,W,image_000002.jpg,training/P02/BLACK/W/images/image_000002.jpg,2fc82ccc944ed3abca210e6aa710257726289e61756ee5c10dbc3dbc57ac0dd9,9154,,,true
P02_BLACK_W_000003,P02,BLACK,W,image_000003.jpg,training/P02/BLACK/W/images/image_000003.jpg,f3c375c393dc0e1b12364182f269bc054abdf964bcc130f9d0069f6120da759b,8866,,,true
P02_BLACK_W_000004,P02,BLACK,W,image_000004.jpg,training/P02/BLACK/W/images/image_000004.jpg,f796727acb647055c4a98d803575615303a002e9ea9dfdb927a7a54742e6d696,9124,,,true
P02_BLACK_W_000005,P02,BLACK,W,image_000005.jpg,training/P02/BLACK/W/images/image_000005.jpg,412b2c743f77545969360141a1e057d9a73b44248ee28895ad4c1b3b6bc393dd,9017,,,true
P02_BLACK_W_000006,P02,BLACK,W,image_000006.jpg,training/P02/BLACK/W/images/image_000006.jpg,392aea0a96a36b45e706236b1490e6ca77c5dc3f211dc4ea7425e64df5cdfc19,9468,,,true
P02_BLACK_W_000007,P02,BLACK,W,image_000007.jpg,training/P02/BLACK/W/images/image_000007.jpg,228b2e44dc35c41cb31a6ef62ff055d328529dd7d6b821fd155edbd52bb09988,9363,,,true
P02_BLACK_W_000008,P02,BLACK,W,image_000008.jpg,training/P02/BLACK/W/images/image_000008.jpg,8b6323400d6df1467b2928d51f2a32dfe844dd2e948b4b5003159433f15eba34,9279,,,true
P02_BLACK_W_000009,P02,BLACK,W,image_000009.jpg,training/P02/BLACK/W/images/image_000009.jpg,64b2d7ed1d9ee35ab7d2e9c7625a7b0c2cc6c2477394d7db8169ac4045e3aefb,8415,,,true
P02_BLACK_W_000010,P02,BLACK,W,image_000010.jpg,training/P02/BLACK/W/images/image_000010.jpg,f7079a6f1d15997f9ef95327d7d5d38b6228a1ca0f00265422127b0159f7dc6b,9374,,,true
P02_BLACK_W_000011,P02,BLACK,W,image_000011.jpg,training/P02/BLACK/W/images/image_000011.jpg,51f2ae520ae868fbc179339d22733bd3065fe5cc5287cceb49b4bf2c9be6fd12,9485,,,true
P02_BLACK_W_000012,P02,BLACK,W,image_000012.jpg,training/P02/BLACK/W/images/image_000012.jpg,1a39d52550beea290cd489c37d9553c631400d2ff0f29b6eaa9af96023604087,9337,,,true
P02_BLACK_W_000013,P02,BLACK,W,image_000013.jpg,training/P02/BLACK/W/images/image_000013.jpg,ab9b8f48908d1ade555dc7a99be2bd0e9014762a667a562828fff39f545429df,9219,,,true
P02_BLACK_W_000014,P02,BLACK,W,image_000014.jpg,training/P02/BLACK/W/images/image_000014.jpg,f1058396823af2a84c7392166a9e83375403c64a25def5281f66308e8b92e279,9127,,,true
P02_BLACK_W_000015,P02,BLACK,W,image_000015.jpg,training/P02/BLACK/W/images/image_000015.jpg,52b99551fd2ef96e6608d79b28bc0291347a0cb999040c1f387acd5e26a1f618,9091,,,true
P02_BLACK_W_000016,P02,BLACK,W,image_000016.jpg,training/P02/BLACK/W/images/image_000016.jpg,1e8dd29eaf2bedc04313d1027093ed3fbccce712ea373d3b4c7a833229d858fe,9259,,,true
P02_BLACK_W_000017,P02,BLACK,W,image_000017.jpg,training/P02/BLACK/W/images/image_000017.jpg,d2b75014c1ee720c9e78defb9b7429c655438b936ac8f58707759794ca4601f4,9127,,,true
P02_BLACK_W_000018,P02,BLACK,W,image_000018.jpg,training/P02/BLACK/W/images/image_000018.jpg,eedf249ca9939b639f507bf6cf3cdd10354acd5c20036fd68ae08840de3f75af,7600,,,true
P02_BLACK_W_000019,P02,BLACK,W,image_000019.jpg,training/P02/BLACK/W/images/image_000019.jpg,f6f1c8667e202cff1a420e2b9a6f9e21e77771b2d479463d21afecab03ba3cb7,7680,,,true
P02_BLACK_W_000020,P02,BLACK,W,image_000020.jpg,training/P02/BLACK/W/images/image_000020.jpg,92bba669b507e16e2fc552f61aac66c4652657bb1aaa660939969fbf2bc6dac2,7548,,,true
P02_BLACK_W_000021,P02,BLACK,W,image_000021.jpg,training/P02/BLACK/W/images/image_000021.jpg,1b889fdb07810f945afd80458bc183ac734e4f97c4bc147b52407dac54d9f381,9322,,,true
P02_BLACK_W_000022,P02,BLACK,W,image_000022.jpg,training/P02/BLACK/W/images/image_000022.jpg,c377edc9338eb1e36d89224bc530b627a9743423a1c7c26f74977ae9b62daa5d,9246,,,true
P02_BLACK_W_000023,P02,BLACK,W,image_000023.jpg,training/P02/BLACK/W/images/image_000023.jpg,8b3909de1131d20cf2d62596022b34a1c3f51be5f057c584a1c52e9870766d4f,8602,,,true
P02_BLACK_W_000024,P02,BLACK,W,image_000024.jpg,training/P02/BLACK/W/images/image_000024.jpg,fdfb92d60e0d17b66cfa836a1c61befab00e2064b4da716dd26ff4b213c7c996,8319,,,true
P02_BLACK_W_000025,P02,BLACK,W,image_000025.jpg,training/P02/BLACK/W/images/image_000025.jpg,9e66af791e2b0285e27e596f843e97d5413e044e11924c400e60e907281b80fa,8998,,,true
P02_BLACK_Y_000001,P02,BLACK,Y,image_000001.jpg,training/P02/BLACK/Y/images/image_000001.jpg,c75e445df1725f9bb21bd3df26b581884649c57568fd2ca14604020eba605bbd,9354,,,true
P02_BLACK_Y_000002,P02,BLACK,Y,image_000002.jpg,training/P02/BLACK/Y/images/image_000002.jpg,9b3e4462b7eaededcf4fd6a5c24cccb4629fd3197ae357615c7a29dff9396535,9320,,,true
P02_BLACK_Y_000003,P02,BLACK,Y,image_000003.jpg,training/P02/BLACK/Y/images/image_000003.jpg,74fecd28d7a630837bcf18d9acabb5ff1c3b6c8a41115e18ac9a8125d1878fe6,9146,,,true
P02_BLACK_Y_000004,P02,BLACK,Y,image_000004.jpg,training/P02/BLACK/Y/images/image_000004.jpg,a38f60346ea0ecc63c3851dd123715347e21698e75f4996faf26cd29bfcf78a5,9023,,,true
P02_BLACK_Y_000005,P02,BLACK,Y,image_000005.jpg,training/P02/BLACK/Y/images/image_000005.jpg,9e59b05a23c5d687ded7887a1c605cc8c0c668e55d9bcf46e811218f4bfe198e,8763,,,true
P02_BLACK_Y_000006,P02,BLACK,Y,image_000006.jpg,training/P02/BLACK/Y/images/image_000006.jpg,0ba3e7cb3e6d0f75698c4fda0d7679056d9da9fdb9a29e5801339f0bab134457,8480,,,true
P02_BLACK_Y_000007,P02,BLACK,Y,image_000007.jpg,training/P02/BLACK/Y/images/image_000007.jpg,e17af1c50cb2b5c539e7c5abe2894e30ce1d7f524629261c73993d8182af66ca,8430,,,true
P02_BLACK_Y_000008,P02,BLACK,Y,image_000008.jpg,training/P02/BLACK/Y/images/image_000008.jpg,4cf50bd78975710f701246db153845e338342162d1b3f1b5f6c9578364908ee6,8765,,,true
P02_BLACK_Y_000009,P02,BLACK,Y,image_000009.jpg,training/P02/BLACK/Y/images/image_000009.jpg,fe4bae2537bdad9e8b226fa484cf6bab82dceab8201ab28535d0cd32ac2000d5,8729,,,true
P02_BLACK_Y_000010,P02,BLACK,Y,image_000010.jpg,training/P02/BLACK/Y/images/image_000010.jpg,1cb097208f81c8041297d5567093ed1d7b7ea2edfa5246b1e4090a569f34ba9d,8488,,,true
P02_BLACK_Y_000011,P02,BLACK,Y,image_000011.jpg,training/P02/BLACK/Y/images/image_000011.jpg,fd2496730b0fdc7e038091b9da3f335682f1b55bd807c403efe4f6fee5ccf12f,8636,,,true
P02_BLACK_Y_000012,P02,BLACK,Y,image_000012.jpg,training/P02/BLACK/Y/images/image_000012.jpg,90d452fb3354834ce09f836d7830d7504801de5152afc1b43f93d00627d272e8,8344,,,true
P02_BLACK_Y_000013,P02,BLACK,Y,image_000013.jpg,training/P02/BLACK/Y/images/image_000013.jpg,a0927aeda59e72ea2fbdfc160c693f89bb6a97000fd77ac4c4f5fe8c242645f8,8540,,,true
P02_BLACK_Y_000014,P02,BLACK,Y,image_000014.jpg,training/P02/BLACK/Y/images/image_000014.jpg,69d628b06f071d94984e438adc3df863e465e2a8b8cacd018fbf4424181ee0f6,8830,,,true
P02_BLACK_Y_000015,P02,BLACK,Y,image_000015.jpg,training/P02/BLACK/Y/images/image_000015.jpg,1882035bc7b8b98acbfe19623d909ab3ec4bbb908d936b61d723acd49689a803,8779,,,true
P02_BLACK_Y_000016,P02,BLACK,Y,image_000016.jpg,training/P02/BLACK/Y/images/image_000016.jpg,57df6acfb4641252a930ea022fd07202c1f38fa2eb4591369631ecb1a9bdfa91,9078,,,true
P02_BLACK_Y_000017,P02,BLACK,Y,image_000017.jpg,training/P02/BLACK/Y/images/image_000017.jpg,23fc9ddb43c5a1413503be27f1b6ac59901a89c54c63a9f90447eb5fc4186524,8746,,,true
P02_BLACK_Y_000018,P02,BLACK,Y,image_000018.jpg,training/P02/BLACK/Y/images/image_000018.jpg,d17c58508d87ee91872eac9ba40ed3b51a23a247ea5a260dfa77c1b5c980b35a,8421,,,true
P02_BLACK_Y_000019,P02,BLACK,Y,image_000019.jpg,training/P02/BLACK/Y/images/image_000019.jpg,0c9d4f2885ba6d75ae7dea350a3f23afde96fd7c013e73d8f5af7c04fdb1d706,9086,,,true
P02_BLACK_Y_000020,P02,BLACK,Y,image_000020.jpg,training/P02/BLACK/Y/images/image_000020.jpg,23b82cfed6f54cfa4d037b5627424d4a9f752e113ec58f2be039a35de3234e1d,9176,,,true
P02_BLACK_Y_000021,P02,BLACK,Y,image_000021.jpg,training/P02/BLACK/Y/images/image_000021.jpg,67668911a0b622ecca579cb72533603226183985a46749ca199375f4777abbe6,7976,,,true
P02_BLACK_Y_000022,P02,BLACK,Y,image_000022.jpg,training/P02/BLACK/Y/images/image_000022.jpg,8875605db9a52ec9282c669bca4a61cb073151f58d6d909202fcabd9de14505f,8155,,,true
P02_BLACK_Y_000023,P02,BLACK,Y,image_000023.jpg,training/P02/BLACK/Y/images/image_000023.jpg,889390702274f856c759d4d66320672f8ed714add6a5a9bfc12169a46c8f10b8,8093,,,true
P02_BLACK_Y_000024,P02,BLACK,Y,image_000024.jpg,training/P02/BLACK/Y/images/image_000024.jpg,650a1f564b97906d936763563c06722ce850e4aff9264e7fb9e2e47f5d81c333,8443,,,true
P02_BLACK_Y_000025,P02,BLACK,Y,image_000025.jpg,training/P02/BLACK/Y/images/image_000025.jpg,37176004207d13d64c638f9643b153ae61756334b6d9449deb94f87d3dc341bf,9878,,,true
P02_BLUE_A_000001,P02,BLUE,A,image_000001.jpg,training/P02/BLUE/A/images/image_000001.jpg,5af26b4405f396d990754d8cd06ae71a56fa5ea746ce710a7ea54c2189cf3ad9,6005,,,true
P02_BLUE_A_000002,P02,BLUE,A,image_000002.jpg,training/P02/BLUE/A/images/image_000002.jpg,2df3bea8c257785f6bee16bdda87bd780c541d8d6df978e267dc2544d4e95e94,5274,,,true
P02_BLUE_A_000003,P02,BLUE,A,image_000003.jpg,training/P02/BLUE/A/images/image_000003.jpg,3b71dfe572e4de5cc1bda10b922db265e678aa2b336e1a2ce73112b51ea1f540,6138,,,true
P02_BLUE_A_000004,P02,BLUE,A,image_000004.jpg,training/P02/BLUE/A/images/image_000004.jpg,49e02dfa3b1d5c8dc4f5281c1743d75657dafa2d74cb17884633a52d225f4699,6108,,,true
P02_BLUE_A_000005,P02,BLUE,A,image_000005.jpg,training/P02/BLUE/A/images/image_000005.jpg,36f4695a1c8516ad8b58b19f1d4dc221602289a31f3aaf41ed632884b5fe17ce,10566,,,true
P02_BLUE_A_000006,P02,BLUE,A,image_000006.jpg,training/P02/BLUE/A/images/image_000006.jpg,c7d00382dae5554e097ce42bf07ad75fda3cc877d476d9ecaf1d788864a33721,10792,,,true
P02_BLUE_A_000007,P02,BLUE,A,image_000007.jpg,training/P02/BLUE/A/images/image_000007.jpg,7b3135201894b0af49174a5bd3f7025a16a027a898129631e4e1907dfd8afe0e,10259,,,true
P02_BLUE_A_000008,P02,BLUE,A,image_000008.jpg,training/P02/BLUE/A/images/image_000008.jpg,20d782e0b996d5154195c43341cb161090e2d82858cfd9d4205641dac4ab29e9,10542,,,true
P02_BLUE_A_000009,P02,BLUE,A,image_000009.jpg,training/P02/BLUE/A/images/image_000009.jpg,66965eed54a37ad3450acacf2dc678fbea16aae68de450c51752a9e4e68b8c47,10623,,,true
P02_BLUE_A_000010,P02,BLUE,A,image_000010.jpg,training/P02/BLUE/A/images/image_000010.jpg,6579322258cc58297c927742e35410e88c08a108558ee771cb7c01cc481973f1,10410,,,true
P02_BLUE_A_000011,P02,BLUE,A,image_000011.jpg,training/P02/BLUE/A/images/image_000011.jpg,6c38cd4cf6b0c21ea6ab5cf88ab129bf0e006c133f011e6ccfd5f7c2d7d4416b,10515,,,true
P02_BLUE_A_000012,P02,BLUE,A,image_000012.jpg,training/P02/BLUE/A/images/image_000012.jpg,29c65dab0380dea0e44faa73169781133fd0386f65ddef2214be4a4dc2c7ea97,10652,,,true
P02_BLUE_A_000013,P02,BLUE,A,image_000013.jpg,training/P02/BLUE/A/images/image_000013.jpg,db795703afa6fd780ae1b05fb62bf8facfa9bd8e448dbdd14f38bec8d0763ccc,10268,,,true
P02_BLUE_A_000014,P02,BLUE,A,image_000014.jpg,training/P02/BLUE/A/images/image_000014.jpg,3dbe93d09aa9287f12014496891597af852b259b8bd899cbf04df2208f0c29b0,10263,,,true
P02_BLUE_A_000015,P02,BLUE,A,image_000015.jpg,training/P02/BLUE/A/images/image_000015.jpg,4eb90f91fe41eeb827a59d61a8be0e9186f101dae8a1d29aefacac7935f0d6ec,10507,,,true
P02_BLUE_A_000016,P02,BLUE,A,image_000016.jpg,training/P02/BLUE/A/images/image_000016.jpg,4e8874c9024ad7bc7f38feee1b01905df7532b2b2b0cb8d09760085a40d2c3e6,10597,,,true
P02_BLUE_A_000017,P02,BLUE,A,image_000017.jpg,training/P02/BLUE/A/images/image_000017.jpg,21964b3f89a464f7bc6c095f30d3437469e20fae4756d52df57eaf4238b1781c,10496,,,true
P02_BLUE_A_000018,P02,BLUE,A,image_000018.jpg,training/P02/BLUE/A/images/image_000018.jpg,9b9c961c682dc21f50cbb65bd578d129b9ddb4751d5e312a3e177cd6fa4b281e,10388,,,true
P02_BLUE_A_000019,P02,BLUE,A,image_000019.jpg,training/P02/BLUE/A/images/image_000019.jpg,940c7e329c02ce803a9a90eea0fc81072859e9e2d6233dea7b6ff3ec4b1984e5,10198,,,true
P02_BLUE_A_000020,P02,BLUE,A,image_000020.jpg,training/P02/BLUE/A/images/image_000020.jpg,186d9e18edb372d9fa1d163e9283e02c142a0507382445e16d0a2dd95da51b14,10220,,,true
P02_BLUE_A_000021,P02,BLUE,A,image_000021.jpg,training/P02/BLUE/A/images/image_000021.jpg,7a88a91fb40d395d9abd83c4fceeea038a643f3b4bb84d03660d4fc46c8d18dd,10219,,,true
P02_BLUE_A_000022,P02,BLUE,A,image_000022.jpg,training/P02/BLUE/A/images/image_000022.jpg,e3fb3b3ee3be0b788c177aaf08d19e411baf54cff3ee4db29e489ede489f6610,10202,,,true
P02_BLUE_A_000023,P02,BLUE,A,image_000023.jpg,training/P02/BLUE/A/images/image_000023.jpg,74dad8cb5b766b4defd0826a7635e2af392f2dd4025af4c530d1bc0f670705b1,10313,,,true
P02_BLUE_A_000024,P02,BLUE,A,image_000024.jpg,training/P02/BLUE/A/images/image_000024.jpg,62e02f000bc1261fa00a89043205aeebfdad49176af99e1411d1f83df06e3b1e,10033,,,true
P02_BLUE_A_000025,P02,BLUE,A,image_000025.jpg,training/P02/BLUE/A/images/image_000025.jpg,f6b4008050428eb59de768368ed523a4615992e9664b5d191df8602adb848d5a,10373,,,true
P02_BLUE_B_000001,P02,BLUE,B,image_000001.jpg,training/P02/BLUE/B/images/image_000001.jpg,dd6e56fcd691ee81cf50eb71060a037f7f0d7eec2514d9af35dcb32c530e07de,10928,,,true
P02_BLUE_B_000002,P02,BLUE,B,image_000002.jpg,training/P02/BLUE/B/images/image_000002.jpg,27c04a22114932f087395b48b15d40186a33e25bf567e4cc0de94b8745ef8eae,10887,,,true
P02_BLUE_B_000003,P02,BLUE,B,image_000003.jpg,training/P02/BLUE/B/images/image_000003.jpg,4c74d7ed844b75ee658f839c348f6d526f744aab3a9de4dffceb3cb4c995057d,10554,,,true
P02_BLUE_B_000004,P02,BLUE,B,image_000004.jpg,training/P02/BLUE/B/images/image_000004.jpg,ab4e9b8149c090e7a33a460fa2b42fbc8c5fbad58a1892b0fed9b39b25ac2045,10610,,,true
P02_BLUE_B_000005,P02,BLUE,B,image_000005.jpg,training/P02/BLUE/B/images/image_000005.jpg,8c52a808b0cbb9343bfd74ee0988178deeb3547bbb73bf0709c3ce59259fdb06,10386,,,true
P02_BLUE_B_000006,P02,BLUE,B,image_000006.jpg,training/P02/BLUE/B/images/image_000006.jpg,32b985b59df855671d9de5685996963e3b3581cbad85e1bd26a8b8553066bc9d,10437,,,true
P02_BLUE_B_000007,P02,BLUE,B,image_000007.jpg,training/P02/BLUE/B/images/image_000007.jpg,931eee8f297df7cf01cb258cad499335d4be675f1bb65d943733ee8b90e3ab62,10626,,,true
P02_BLUE_B_000008,P02,BLUE,B,image_000008.jpg,training/P02/BLUE/B/images/image_000008.jpg,f9e561c93ecec4d91331799dc93e91aa90b089ffa61bdb6fdb24ed406b8c6b0b,10498,,,true
P02_BLUE_B_000009,P02,BLUE,B,image_000009.jpg,training/P02/BLUE/B/images/image_000009.jpg,6c09602f3692a054149acb2d681a4c2786932d0f06c96ea329cc40ce5231c7cb,10393,,,true
P02_BLUE_B_000010,P02,BLUE,B,image_000010.jpg,training/P02/BLUE/B/images/image_000010.jpg,afdfe74d8be891bf457dc916a6d7579cab0d48497b30cb7ea274d3db8c81f7c9,10522,,,true
P02_BLUE_B_000011,P02,BLUE,B,image_000011.jpg,training/P02/BLUE/B/images/image_000011.jpg,6efa7c0b2fdd6485c2633e71592ea38798f45963b38cbd31d192292b71866d1a,10538,,,true
P02_BLUE_B_000012,P02,BLUE,B,image_000012.jpg,training/P02/BLUE/B/images/image_000012.jpg,5f7b6cf87ba1807f0c030a8f6b9f26017e548b42bec574ab605e4ae875fb4cb3,10460,,,true
P02_BLUE_B_000013,P02,BLUE,B,image_000013.jpg,training/P02/BLUE/B/images/image_000013.jpg,f196cc39f094faf3f503ae204d43b61137fd7f495db961e13236cbfe7629e1de,10500,,,true
P02_BLUE_B_000014,P02,BLUE,B,image_000014.jpg,training/P02/BLUE/B/images/image_000014.jpg,6fd65ff81b133f3d52075fa6680374c87f6001d469b80ad3bec715e313456478,10666,,,true
P02_BLUE_B_000015,P02,BLUE,B,image_000015.jpg,training/P02/BLUE/B/images/image_000015.jpg,c945306058b67b562b39e3e7f97b0de2a1898f8f066046e66f38db0688785756,10662,,,true
P02_BLUE_B_000016,P02,BLUE,B,image_000016.jpg,training/P02/BLUE/B/images/image_000016.jpg,5a30329742d38b49c30b48223e830daf0eeb8c6a470c64f33cc656378c94b366,10330,,,true
P02_BLUE_B_000017,P02,BLUE,B,image_000017.jpg,training/P02/BLUE/B/images/image_000017.jpg,8ec3b0c8c97a94aa7a9fb739c7f0b126d62148b399ef37f1f9cf4a61518a4c85,10010,,,true
P02_BLUE_B_000018,P02,BLUE,B,image_000018.jpg,training/P02/BLUE/B/images/image_000018.jpg,68820b7be4ae9358a1890b001fb41a1927bbf5e62f3ef34764e5416938118aa5,10503,,,true
P02_BLUE_B_000019,P02,BLUE,B,image_000019.jpg,training/P02/BLUE/B/images/image_000019.jpg,55fe524676db51d65aa974a43e997f47ffeed9b02f16abfc75d1b929b4d107b2,10657,,,true
P02_BLUE_B_000020,P02,BLUE,B,image_000020.jpg,training/P02/BLUE/B/images/image_000020.jpg,2ed524a5023b58861ae8360982da4d0f5809ebb81a02557e61fdc224f0820c84,10564,,,true
P02_BLUE_B_000021,P02,BLUE,B,image_000021.jpg,training/P02/BLUE/B/images/image_000021.jpg,329086365c5b3c26f0fa30698036e937f8bd7c1a7c5ee4da8ce367d323037c33,10549,,,true
P02_BLUE_B_000022,P02,BLUE,B,image_000022.jpg,training/P02/BLUE/B/images/image_000022.jpg,b512e21a3c7fd01ca1065d10fb5e8f7d309b1b83d1186efafc7ea455db1fde9b,10447,,,true
P02_BLUE_B_000023,P02,BLUE,B,image_000023.jpg,training/P02/BLUE/B/images/image_000023.jpg,f9023f8e11ce3dee8e08599d3438d3e16b4fc63a34ea92c2135d1393e455c465,10344,,,true
P02_BLUE_B_000024,P02,BLUE,B,image_000024.jpg,training/P02/BLUE/B/images/image_000024.jpg,b971d04f4fd1e875ca345bb3e47e86a55afaca0bec4fdf2d191d13cde1edfd7d,10357,,,true
P02_BLUE_B_000025,P02,BLUE,B,image_000025.jpg,training/P02/BLUE/B/images/image_000025.jpg,87c382a8d7ab4a652df055b49d466469f3ff5c4611545fe9f74ef98f4c455a64,10207,,,true
P02_BLUE_C_000001,P02,BLUE,C,image_000001.jpg,training/P02/BLUE/C/images/image_000001.jpg,2a4a5117c774ce1a8022415d87d75e87301aa1b916e97175e158862d7e1be766,6055,,,true
P02_BLUE_C_000002,P02,BLUE,C,image_000002.jpg,training/P02/BLUE/C/images/image_000002.jpg,e14165ffbbd6ff7b6c1e0a93b3f9090d080aec40682e2e7991448b35c55c7270,5565,,,true
P02_BLUE_C_000003,P02,BLUE,C,image_000003.jpg,training/P02/BLUE/C/images/image_000003.jpg,e298b480e78d66bd56be342547504b41864bc83dc9b93343acfda0f1d0141e71,5767,,,true
P02_BLUE_C_000004,P02,BLUE,C,image_000004.jpg,training/P02/BLUE/C/images/image_000004.jpg,a53cf1595daa8b3e554b74915873408879c8e2529fb8fc59dc856993d8fee721,4636,,,true
P02_BLUE_C_000005,P02,BLUE,C,image_000005.jpg,training/P02/BLUE/C/images/image_000005.jpg,67a445b481e3fce151e346e97c9aa985e3e0946d4da215959dfe39fcf9e933d7,6122,,,true
P02_BLUE_C_000006,P02,BLUE,C,image_000006.jpg,training/P02/BLUE/C/images/image_000006.jpg,002bbb651983be1f0bee95a55b36cbd48e64f4d95b8ec545ed02146b8d18d63a,11470,,,true
P02_BLUE_C_000007,P02,BLUE,C,image_000007.jpg,training/P02/BLUE/C/images/image_000007.jpg,3da272c05dcc8716c1a3ba0d2aa0cfaf53ebeff3391b36bb4c6e39b78a989e6a,10682,,,true
P02_BLUE_C_000008,P02,BLUE,C,image_000008.jpg,training/P02/BLUE/C/images/image_000008.jpg,6173fc25c20ff9c30db04fc10785d9e0eae2ddfa3bacaf0bf44979dcd3501376,10824,,,true
P02_BLUE_C_000009,P02,BLUE,C,image_000009.jpg,training/P02/BLUE/C/images/image_000009.jpg,88264c65b3fa76da191ab877bdb201f93c9b2f44ca49b3b25f25fce55cb7b4e3,10269,,,true
P02_BLUE_C_000010,P02,BLUE,C,image_000010.jpg,training/P02/BLUE/C/images/image_000010.jpg,3a8d37ae5c7e6d24be4d8cb5af954994fb72f79b51be9c5c7687d9f74fbb3ed2,10114,,,true
P02_BLUE_C_000011,P02,BLUE,C,image_000011.jpg,training/P02/BLUE/C/images/image_000011.jpg,07b8050365ec5d3ec26697c1adf0fa4b9be2a23c34c357433e2e7f97dfa760f9,10514,,,true
P02_BLUE_C_000012,P02,BLUE,C,image_000012.jpg,training/P02/BLUE/C/images/image_000012.jpg,1668532bd95df42652a307bba6f63a95f70759f5af1b17075fb5dce786436dda,10874,,,true
P02_BLUE_C_000013,P02,BLUE,C,image_000013.jpg,training/P02/BLUE/C/images/image_000013.jpg,d6fb3454cd992535a975aef42c6493f8112f5cb406dda868d31074e7f22e91c0,10697,,,true
P02_BLUE_C_000014,P02,BLUE,C,image_000014.jpg,training/P02/BLUE/C/images/image_000014.jpg,e6bbeeb081294fc3ea92278f06b51f6ca08729be5c6dc4adc68e743b7efaecbf,10235,,,true
P02_BLUE_C_000015,P02,BLUE,C,image_000015.jpg,training/P02/BLUE/C/images/image_000015.jpg,bc22dfcdaa1220784a4ac384129b9995f265909154f30b986cfc24d913f1c344,10546,,,true
P02_BLUE_C_000016,P02,BLUE,C,image_000016.jpg,training/P02/BLUE/C/images/image_000016.jpg,0dad84193e1d0a4a4508a08674d168ef9c77e1b95b89609e93e6ae95fdd8d8e7,10413,,,true
P02_BLUE_C_000017,P02,BLUE,C,image_000017.jpg,training/P02/BLUE/C/images/image_000017.jpg,ffabf2d2513428b166f6ba14e625f6af2bab43fd497fb849270b65981d19d443,10662,,,true
P02_BLUE_C_000018,P02,BLUE,C,image_000018.jpg,training/P02/BLUE/C/images/image_000018.jpg,9eaa021012a39394c730639f1901ba179874d71750bdfaaa32b0befd23f29aeb,10657,,,true
P02_BLUE_C_000019,P02,BLUE,C,image_000019.jpg,training/P02/BLUE/C/images/image_000019.jpg,5e244b1c9614cb8ba46ead6e0d23016481609645daa99998093bd6e6a0ca0936,10505,,,true
P02_BLUE_C_000020,P02,BLUE,C,image_000020.jpg,training/P02/BLUE/C/images/image_000020.jpg,de891de8d7ff71e7da242eba3fdd38f081b1ceaf6e550311f5bb1bb98d2a9d4e,10161,,,true
P02_BLUE_C_000021,P02,BLUE,C,image_000021.jpg,training/P02/BLUE/C/images/image_000021.jpg,5b675ec353d5d4aa38625e1de6475d64dfb12ff80e1da07827e6ca23741a5a00,10757,,,true
P02_BLUE_C_000022,P02,BLUE,C,image_000022.jpg,training/P02/BLUE/C/images/image_000022.jpg,e3722f4895aa53e1c35c41680125569b4083d9afb1879c515d9c1a72ac66198b,10853,,,true
P02_BLUE_C_000023,P02,BLUE,C,image_000023.jpg,training/P02/BLUE/C/images/image_000023.jpg,6fd7937f565e2e951bcda09378cb63d2973b8a4315125fc5adf8635cb3acdc3d,10145,,,true
P02_BLUE_C_000024,P02,BLUE,C,image_000024.jpg,training/P02/BLUE/C/images/image_000024.jpg,39867782d7edd80aab512a0c265e9917a92d583b2fea9a6214d964d9e16e0e88,10599,,,true
P02_BLUE_C_000025,P02,BLUE,C,image_000025.jpg,training/P02/BLUE/C/images/image_000025.jpg,e020e3a2c50d1f5a1f2db4cabb527917db7a64f67d20f13ce93f2c4e69f3a70f,10840,,,true
P02_BLUE_E_000001,P02,BLUE,E,image_000001.jpg,training/P02/BLUE/E/images/image_000001.jpg,8c78f51c36376ba6420e831294e762ca4ef565a4fd6b6e7f845e3a88f5d52947,10890,,,true
P02_BLUE_E_000002,P02,BLUE,E,image_000002.jpg,training/P02/BLUE/E/images/image_000002.jpg,eb07702b1fc2272f9b7574185904de9ef086119d42c5f19590622b9987d9ec6f,10657,,,true
P02_BLUE_E_000003,P02,BLUE,E,image_000003.jpg,training/P02/BLUE/E/images/image_000003.jpg,a3ab51c11a0c6736d1409dbf4d610ac13bc94b6bf8a94b9f20133856b67b8f89,10352,,,true
P02_BLUE_E_000004,P02,BLUE,E,image_000004.jpg,training/P02/BLUE/E/images/image_000004.jpg,6248c0b605c1326bc4e4a81c86f499e471364764f3242ad788f0c96724d07838,10325,,,true
P02_BLUE_E_000005,P02,BLUE,E,image_000005.jpg,training/P02/BLUE/E/images/image_000005.jpg,a75ede2f12f523e210bbbe9e83ef5809c9fc3725ebabe4c87d4de0258fc6e6a3,10650,,,true
P02_BLUE_E_000006,P02,BLUE,E,image_000006.jpg,training/P02/BLUE/E/images/image_000006.jpg,3928596133fac398ebebe66a5209be8e20435f8ab363ef3e8044ad644024ff27,10339,,,true
P02_BLUE_E_000007,P02,BLUE,E,image_000007.jpg,training/P02/BLUE/E/images/image_000007.jpg,3e4ee3592d0314a8eaf06706754042a119ff6f3f7b236a78ad17c73b37c3944a,10480,,,true
P02_BLUE_E_000008,P02,BLUE,E,image_000008.jpg,training/P02/BLUE/E/images/image_000008.jpg,ff7ec3c0a745065d5a11108a96e1d7093264aa35b8dd85feeb71a31dbaf9fb58,10060,,,true
P02_BLUE_E_000009,P02,BLUE,E,image_000009.jpg,training/P02/BLUE/E/images/image_000009.jpg,6308d25a6ec3e418df3faedeca4f0f28c63c9d1578f4032b9c0477d84d03fdad,9941,,,true
P02_BLUE_E_000010,P02,BLUE,E,image_000010.jpg,training/P02/BLUE/E/images/image_000010.jpg,561e93edf0b4f47591e6b46fb0bd3dbe39588ba507104710165aecde0a06a288,10504,,,true
P02_BLUE_E_000011,P02,BLUE,E,image_000011.jpg,training/P02/BLUE/E/images/image_000011.jpg,1887ce9ddb93391f7cdf476fca3d028a579613f5baf4bb74860322953365c480,10775,,,true
P02_BLUE_E_000012,P02,BLUE,E,image_000012.jpg,training/P02/BLUE/E/images/image_000012.jpg,874bfe29357d9dfdf7a220abd6c77322813873be6ae213ccc4587e94037014a8,10331,,,true
P02_BLUE_E_000013,P02,BLUE,E,image_000013.jpg,training/P02/BLUE/E/images/image_000013.jpg,b4957368ca9263cb06dc1ff431f13bbc51b18205b1852f8218c0fd214a4a9e2b,10340,,,true
P02_BLUE_E_000014,P02,BLUE,E,image_000014.jpg,training/P02/BLUE/E/images/image_000014.jpg,f7d7f0e7a8ddc7e6562443cfeef2753854c7f7c97e33f03c7d4603d89748a3d0,10506,,,true
P02_BLUE_E_000015,P02,BLUE,E,image_000015.jpg,training/P02/BLUE/E/images/image_000015.jpg,964ac1fb38cf7cb2b350be9a511e7febb4e16312a22b3a9919da1ecd67f99503,10579,,,true
P02_BLUE_E_000016,P02,BLUE,E,image_000016.jpg,training/P02/BLUE/E/images/image_000016.jpg,31d33089af8c5bf3f56a64c6255a9c46f48ff6e4089b56b123583bd6adf2acc3,10824,,,true
P02_BLUE_E_000017,P02,BLUE,E,image_000017.jpg,training/P02/BLUE/E/images/image_000017.jpg,a035592c3a6324c2d9c4e4a9e63e4f38f4b39a6788fbc86cafa5425c911d26aa,10395,,,true
P02_BLUE_E_000018,P02,BLUE,E,image_000018.jpg,training/P02/BLUE/E/images/image_000018.jpg,54d980bde4e70f089e8693119f95233649219e78b53313b5913f63931adb5660,10248,,,true
P02_BLUE_E_000019,P02,BLUE,E,image_000019.jpg,training/P02/BLUE/E/images/image_000019.jpg,bcbedd58cbc65128a48f3858b125c1b1d2ec902308bf676d28ba8d1890b24583,10436,,,true
P02_BLUE_E_000020,P02,BLUE,E,image_000020.jpg,training/P02/BLUE/E/images/image_000020.jpg,dddbbc39131e9fdac7c6cb22d63a0547c8624a17a4f8b9552c3cb31af20a3276,10575,,,true
P02_BLUE_E_000021,P02,BLUE,E,image_000021.jpg,training/P02/BLUE/E/images/image_000021.jpg,f40f844097a262d675541dfc3d7f85de8085def7e0532796032a70561308ee89,10737,,,true
P02_BLUE_E_000022,P02,BLUE,E,image_000022.jpg,training/P02/BLUE/E/images/image_000022.jpg,c5adc7b5ed6b4fda74c48c8505fd3992aa7cd996fe3a8c4f45d0d947332c8196,10405,,,true
P02_BLUE_E_000023,P02,BLUE,E,image_000023.jpg,training/P02/BLUE/E/images/image_000023.jpg,179d41963e98de2db5e3ee15d8ed17c91f0ebba9d7bbb486feb605df0fd7c9ef,10555,,,true
P02_BLUE_E_000024,P02,BLUE,E,image_000024.jpg,training/P02/BLUE/E/images/image_000024.jpg,92a83513921e1d04cbd946d9b527130f35620c429cc6eb36b6558b16c83d5af8,10624,,,true
P02_BLUE_E_000025,P02,BLUE,E,image_000025.jpg,training/P02/BLUE/E/images/image_000025.jpg,36b12b51beefd814daa37104e3581f4314345d9abb6923544af68dd2f7287920,10383,,,true
P02_BLUE_I_000001,P02,BLUE,I,image_000001.jpg,training/P02/BLUE/I/images/image_000001.jpg,8d3e70334830c4dd24cad2987fd13635d3b414ea4cd8d090a9b3d8bf9d2db9f4,6427,,,true
P02_BLUE_I_000002,P02,BLUE,I,image_000002.jpg,training/P02/BLUE/I/images/image_000002.jpg,f578d8e8b3a5871d89c55d36cec2abbfb624bcac5efc7eee0433f8b7dfae0f22,10677,,,true
P02_BLUE_I_000003,P02,BLUE,I,image_000003.jpg,training/P02/BLUE/I/images/image_000003.jpg,c21d23be4b1e00ccbf9dfdfb96eb9c44bea0e3f4450c7a30cc5881e9864013da,10236,,,true
P02_BLUE_I_000004,P02,BLUE,I,image_000004.jpg,training/P02/BLUE/I/images/image_000004.jpg,e8f60032d1ef1042336d504895d67711d8240dc5d4ab053b6aab7d75009d7748,10528,,,true
P02_BLUE_I_000005,P02,BLUE,I,image_000005.jpg,training/P02/BLUE/I/images/image_000005.jpg,9d46013089b55bc1301c4fb210a00218d2387f38c30c0c7a077b803d8f580892,9908,,,true
P02_BLUE_I_000006,P02,BLUE,I,image_000006.jpg,training/P02/BLUE/I/images/image_000006.jpg,745490bedf12c4d1dbb8b30f790ebae3a05875f0b004efa02984473c10c53f49,10279,,,true
P02_BLUE_I_000007,P02,BLUE,I,image_000007.jpg,training/P02/BLUE/I/images/image_000007.jpg,0d67b3aa7b86b02823ac5902f032283872c414cd5a5807148ed80e1d74b3a526,10594,,,true
P02_BLUE_I_000008,P02,BLUE,I,image_000008.jpg,training/P02/BLUE/I/images/image_000008.jpg,fae2bb554c35dec2a52be4af22e8939ffad4038518be232174eaf29b97891685,10898,,,true
P02_BLUE_I_000009,P02,BLUE,I,image_000009.jpg,training/P02/BLUE/I/images/image_000009.jpg,1328c53dd4f717b8572618acb27df1eb64e33936d9e8a1a9593712302a954046,10554,,,true
P02_BLUE_I_000010,P02,BLUE,I,image_000010.jpg,training/P02/BLUE/I/images/image_000010.jpg,f39c21c076112325c0412b0deecbf21838d8a5bcb0bb0942b042b781d0e061c3,10395,,,true
P02_BLUE_I_000011,P02,BLUE,I,image_000011.jpg,training/P02/BLUE/I/images/image_000011.jpg,580c55bfb67e95d4b35cf3d881a28b1d3fc7898812602bdca7190fa28cd93e40,10398,,,true
P02_BLUE_I_000012,P02,BLUE,I,image_000012.jpg,training/P02/BLUE/I/images/image_000012.jpg,5751deaf2e9e4fe30cd4efdd73c164625cd10907a9ad76bfa40fa046ecd94455,10796,,,true
P02_BLUE_I_000013,P02,BLUE,I,image_000013.jpg,training/P02/BLUE/I/images/image_000013.jpg,3258d50825ee51b2429fa4188afeaa52635e30f33df0d479ab89c3c3ea3c9c27,10717,,,true
P02_BLUE_I_000014,P02,BLUE,I,image_000014.jpg,training/P02/BLUE/I/images/image_000014.jpg,432011e9c472324a3d3585174e73febcea06f5fd5e2f1e8096cbee058dcbd41b,10788,,,true
P02_BLUE_I_000015,P02,BLUE,I,image_000015.jpg,training/P02/BLUE/I/images/image_000015.jpg,dbbd40a80727de36d40f2a9a9e54fdbe82d54f654b3a1a78e3f5ec43d17434d1,10694,,,true
P02_BLUE_I_000016,P02,BLUE,I,image_000016.jpg,training/P02/BLUE/I/images/image_000016.jpg,9c57786509bae24bda278877b38c9d53ddeb19f074808083e1a0dbe83dbf157c,10279,,,true
P02_BLUE_I_000017,P02,BLUE,I,image_000017.jpg,training/P02/BLUE/I/images/image_000017.jpg,4536f49aadcc1a3c6dba0d52a13d97324fe79328b571a936387d8cfe3a22f763,10316,,,true
P02_BLUE_I_000018,P02,BLUE,I,image_000018.jpg,training/P02/BLUE/I/images/image_000018.jpg,6be53e452d4b2316eaf14c7e3af9548333c0524f1b3aa7bc7ea09310004584d3,10224,,,true
P02_BLUE_I_000019,P02,BLUE,I,image_000019.jpg,training/P02/BLUE/I/images/image_000019.jpg,503ad4fc9b892d8f9c938dce1ea5c8f2c9d0c023ce50b5f3073c83992b0e8a70,10236,,,true
P02_BLUE_I_000020,P02,BLUE,I,image_000020.jpg,training/P02/BLUE/I/images/image_000020.jpg,a3efa4a464e1007f457b36a530803584c74eaa369e6b22dead652e437683e82e,10600,,,true
P02_BLUE_I_000021,P02,BLUE,I,image_000021.jpg,training/P02/BLUE/I/images/image_000021.jpg,457c18c21ffefb3c941875cddc4cf6757a2efa0ee82656303b69feec6d572e2e,10330,,,true
P02_BLUE_I_000022,P02,BLUE,I,image_000022.jpg,training/P02/BLUE/I/images/image_000022.jpg,35326f889f799c72b404c7d1b946ebae94e4adc35fd726280b8d6742852e32e1,6294,,,true
P02_BLUE_I_000023,P02,BLUE,I,image_000023.jpg,training/P02/BLUE/I/images/image_000023.jpg,3da7460c6f28a5a4a1c82c6a9a3ae587967136e4c861b6d907f14b302cb84ebc,6294,,,true
P02_BLUE_I_000024,P02,BLUE,I,image_000024.jpg,training/P02/BLUE/I/images/image_000024.jpg,3e799334f695095daef4040921f9237365dac8ff93d087efd5e6a58c4ed9a7e0,5670,,,true
P02_BLUE_I_000025,P02,BLUE,I,image_000025.jpg,training/P02/BLUE/I/images/image_000025.jpg,7e937de054aea2625e149023721321f32c32157b0087efe62b68d0ecd08e5d2e,6314,,,true
P02_BLUE_L_000001,P02,BLUE,L,image_000001.jpg,training/P02/BLUE/L/images/image_000001.jpg,ab0fa9f150a53c5ac547e2abd425d674fee195446f106c5b40d553b7984affbe,10530,,,true
P02_BLUE_L_000002,P02,BLUE,L,image_000002.jpg,training/P02/BLUE/L/images/image_000002.jpg,4bc565d36241e400f221117ca96abdd346004fb71abd990627c6942a1653e9c6,10729,,,true
P02_BLUE_L_000003,P02,BLUE,L,image_000003.jpg,training/P02/BLUE/L/images/image_000003.jpg,0e6dbb76e30257fcf0fcebdf3b6c9f77384bdbf06b6083805213b4f4345a76fd,10080,,,true
P02_BLUE_L_000004,P02,BLUE,L,image_000004.jpg,training/P02/BLUE/L/images/image_000004.jpg,daf950b434041af0d86424ccaa3bb29e44479d61bc84cedf013d29523fbdd091,9911,,,true
P02_BLUE_L_000005,P02,BLUE,L,image_000005.jpg,training/P02/BLUE/L/images/image_000005.jpg,429fd9fd308ad4b2a7a3ba72ef73239faf57e91fd7f978ed41c0d85e85ac9300,10475,,,true
P02_BLUE_L_000006,P02,BLUE,L,image_000006.jpg,training/P02/BLUE/L/images/image_000006.jpg,5c0e4d4d89a19432d72bc5aec2ec31dac7bb224edc8e118518fa11445a097ab6,9952,,,true
P02_BLUE_L_000007,P02,BLUE,L,image_000007.jpg,training/P02/BLUE/L/images/image_000007.jpg,8cf42ac5d5342608de0e6e80f3a591547820eebf88098599f8d5a02cecf08d3b,9810,,,true
P02_BLUE_L_000008,P02,BLUE,L,image_000008.jpg,training/P02/BLUE/L/images/image_000008.jpg,534c3cbea3cbe656a30398752a1c0445df4406113fa968b23e85d5dae474572d,10219,,,true
P02_BLUE_L_000009,P02,BLUE,L,image_000009.jpg,training/P02/BLUE/L/images/image_000009.jpg,8a8eea330989fa5c2b0426a084652c809c0cc0f8a739eb16a5a8f2077b2a8006,10557,,,true
P02_BLUE_L_000010,P02,BLUE,L,image_000010.jpg,training/P02/BLUE/L/images/image_000010.jpg,a5b5b726779af8a47ae53474c58bee6b27c66f00cfb14f0de498f14a295837fc,10347,,,true
P02_BLUE_L_000011,P02,BLUE,L,image_000011.jpg,training/P02/BLUE/L/images/image_000011.jpg,44e1427049e51085b412f6bba98d3f4b38b57a4545b2f74a22246fa145f664ec,9887,,,true
P02_BLUE_L_000012,P02,BLUE,L,image_000012.jpg,training/P02/BLUE/L/images/image_000012.jpg,91918038913cb8f68413b3f022a60fcfc14cc3fa25d97cfc4c7ec3bba63d8f3c,10825,,,true
P02_BLUE_L_000013,P02,BLUE,L,image_000013.jpg,training/P02/BLUE/L/images/image_000013.jpg,6898367e8074c068b2b702b8db5c1cc3d2118b2f6c7303494d698ddd85b72122,10280,,,true
P02_BLUE_L_000014,P02,BLUE,L,image_000014.jpg,training/P02/BLUE/L/images/image_000014.jpg,e62b9a8612f03f3fcb92ef43d806b6e1f4f6fa4096bcb8e44730408e6f00a8ba,10674,,,true
P02_BLUE_L_000015,P02,BLUE,L,image_000015.jpg,training/P02/BLUE/L/images/image_000015.jpg,14667f952a2f1a563baf2fbf50c1f8fc9b72a736faa2fcdc907341c74cfcfeca,10438,,,true
P02_BLUE_L_000016,P02,BLUE,L,image_000016.jpg,training/P02/BLUE/L/images/image_000016.jpg,b1c0f5f2c21351cdb0586987f244c6a74ff2e8429fcb49c23f527876e79d20c7,10717,,,true
P02_BLUE_L_000017,P02,BLUE,L,image_000017.jpg,training/P02/BLUE/L/images/image_000017.jpg,03fedd7f321a5ab857b99a9729fa42d869ecf9b8cbb661e9a2fc91b8c4db6b76,10601,,,true
P02_BLUE_L_000018,P02,BLUE,L,image_000018.jpg,training/P02/BLUE/L/images/image_000018.jpg,387dc11ea467ed325b8cc2a5bea6341a6c6fb9e95845ac9f760ca5d433cfa2c6,10224,,,true
P02_BLUE_L_000019,P02,BLUE,L,image_000019.jpg,training/P02/BLUE/L/images/image_000019.jpg,f36d94de7f92dfaea95cfb833fe2ac4c949c7ab8d23c4d2dabab44930f920dfe,10286,,,true
P02_BLUE_L_000020,P02,BLUE,L,image_000020.jpg,training/P02/BLUE/L/images/image_000020.jpg,ec6bcfd53083c4178c0e325dbabba257775085f067dbc7de930f088f4ab6d4cd,10768,,,true
P02_BLUE_L_000021,P02,BLUE,L,image_000021.jpg,training/P02/BLUE/L/images/image_000021.jpg,e02cdf322818655da607b5bcf1695252b6f045e719536ee02f8d870631bf874e,10798,,,true
P02_BLUE_L_000022,P02,BLUE,L,image_000022.jpg,training/P02/BLUE/L/images/image_000022.jpg,57bf76edbe5e3d59716077912c61b7ac05daf26ada9550aba7372cb280824d5c,10391,,,true
P02_BLUE_L_000023,P02,BLUE,L,image_000023.jpg,training/P02/BLUE/L/images/image_000023.jpg,5c524a1d1419cd510bea7378e1c4e1be1fe1584ea048ba9811ed69ea7e7ed7f5,10615,,,true
P02_BLUE_L_000024,P02,BLUE,L,image_000024.jpg,training/P02/BLUE/L/images/image_000024.jpg,f2867387b1526f25e83376897c340501291387285c137ff2c8c3478346794846,10822,,,true
P02_BLUE_L_000025,P02,BLUE,L,image_000025.jpg,training/P02/BLUE/L/images/image_000025.jpg,184cdd4d15b919b243c5a210219fe2203c9ca0fca5bc596025de37f251b654e0,10525,,,true
P02_BLUE_M_000001,P02,BLUE,M,image_000001.jpg,training/P02/BLUE/M/images/image_000001.jpg,8f169075e6a65801d5bb2e8ff036cfd8fa06d3713bcc1f4c2bb64f121f6944be,10561,,,true
P02_BLUE_M_000002,P02,BLUE,M,image_000002.jpg,training/P02/BLUE/M/images/image_000002.jpg,afc3c536b5ce336d03b1827f332df2e21a86cfd374b2ab0e805ef8f6c7064da4,10760,,,true
P02_BLUE_M_000003,P02,BLUE,M,image_000003.jpg,training/P02/BLUE/M/images/image_000003.jpg,5a4acc981b1bd756c5dc898de87bcb6090ce2ea7f1646ffb30527f5270986ce5,10643,,,true
P02_BLUE_M_000004,P02,BLUE,M,image_000004.jpg,training/P02/BLUE/M/images/image_000004.jpg,a149f0840243180d2e9a50f54ad784fce3d6324881229bdbd7cfb74fe9809854,10378,,,true
P02_BLUE_M_000005,P02,BLUE,M,image_000005.jpg,training/P02/BLUE/M/images/image_000005.jpg,24c79b015c36851d1ad38aec9968692cc7984ebb3fec9ecbdd481b4123dd4865,10561,,,true
P02_BLUE_M_000006,P02,BLUE,M,image_000006.jpg,training/P02/BLUE/M/images/image_000006.jpg,85a26ca669cab2b76c61e495cfe273935ceaa1c87c3de5261c9e2572015604fa,10691,,,true
P02_BLUE_M_000007,P02,BLUE,M,image_000007.jpg,training/P02/BLUE/M/images/image_000007.jpg,537ce66aea238cdafba84b6905b1ac4dc6a2dcf9f42f1293a8aff331e5bf9c5d,10779,,,true
P02_BLUE_M_000008,P02,BLUE,M,image_000008.jpg,training/P02/BLUE/M/images/image_000008.jpg,4668a1de4ae2ce0a6c94373cc3f43388fd445bdcb74d1ecbc110e267e82d0ec1,10578,,,true
P02_BLUE_M_000009,P02,BLUE,M,image_000009.jpg,training/P02/BLUE/M/images/image_000009.jpg,0a163df19cacaf0527276f95b2d93f471b3222b7b7aca395bafec0e50f60d961,10902,,,true
P02_BLUE_M_000010,P02,BLUE,M,image_000010.jpg,training/P02/BLUE/M/images/image_000010.jpg,4ab436dd3b2d036550e71476c39dcb3bef78c1929733b93dec6e9057ba5b3051,10789,,,true
P02_BLUE_M_000011,P02,BLUE,M,image_000011.jpg,training/P02/BLUE/M/images/image_000011.jpg,14f41684512e13638d0dfd262d3b8650bf0ba3c0da09fb5589c2da8d3e6b7b66,10619,,,true
P02_BLUE_M_000012,P02,BLUE,M,image_000012.jpg,training/P02/BLUE/M/images/image_000012.jpg,31ec22076c523c3d467f841174b91dcc0e9d0bd02ab286038a7ad48951d55b2e,10476,,,true
P02_BLUE_M_000013,P02,BLUE,M,image_000013.jpg,training/P02/BLUE/M/images/image_000013.jpg,98d65e8e94ad01c5be86f36722278e526705a3229be876ba47c62114a64152b8,10650,,,true
P02_BLUE_M_000014,P02,BLUE,M,image_000014.jpg,training/P02/BLUE/M/images/image_000014.jpg,b6fbd1eb1781f89ca1a8c2773e6d0c059193f34bc82495705ad178990ad5b509,10826,,,true
P02_BLUE_M_000015,P02,BLUE,M,image_000015.jpg,training/P02/BLUE/M/images/image_000015.jpg,c3937ffb97d920d581567017d4fc994d57a6806c08fb438861b2c65da2c23b1c,10866,,,true
P02_BLUE_M_000016,P02,BLUE,M,image_000016.jpg,training/P02/BLUE/M/images/image_000016.jpg,b616fca02febf07213404d439c72690c00e931409708f7b58493a1adf32f1b80,10755,,,true
P02_BLUE_M_000017,P02,BLUE,M,image_000017.jpg,training/P02/BLUE/M/images/image_000017.jpg,4f91b154378fc5d810aceb9fd8c00685dcaa301ddf3114c83612cbbbb085ed80,10586,,,true
P02_BLUE_M_000018,P02,BLUE,M,image_000018.jpg,training/P02/BLUE/M/images/image_000018.jpg,cd57ae7c8c6ededb80b706b1b08d77041ba65f9f5c7f473443dbf853e8667124,10610,,,true
P02_BLUE_M_000019,P02,BLUE,M,image_000019.jpg,training/P02/BLUE/M/images/image_000019.jpg,9ce6a5874af80e2e19e2f71e84b307da29820f6698925056e1d141f3fbff5041,10544,,,true
P02_BLUE_M_000020,P02,BLUE,M,image_000020.jpg,training/P02/BLUE/M/images/image_000020.jpg,ac89563aa01c113834fce6756ca89c11bb83d2f498c5fecaaeaf7174b6fad2cf,10750,,,true
P02_BLUE_M_000021,P02,BLUE,M,image_000021.jpg,training/P02/BLUE/M/images/image_000021.jpg,66459872ce3b47b600795d1ff281dba721b28f3b5237da08d6e529c5ff8d67eb,10592,,,true
P02_BLUE_M_000022,P02,BLUE,M,image_000022.jpg,training/P02/BLUE/M/images/image_000022.jpg,eb95e75988783109fd251490b7356af2cb025ebd9345632f8ecece1cf77d84e9,10664,,,true
P02_BLUE_M_000023,P02,BLUE,M,image_000023.jpg,training/P02/BLUE/M/images/image_000023.jpg,6e9ad5c00e13cc87390030f3e5e87fea327b0d4014fbce65dbb8e1cfb63b3746,10776,,,true
P02_BLUE_M_000024,P02,BLUE,M,image_000024.jpg,training/P02/BLUE/M/images/image_000024.jpg,2de7735b71b0adb3a675b2959c1327c280d6b91df6b1d4bf03429344c9ca5b82,10424,,,true
P02_BLUE_M_000025,P02,BLUE,M,image_000025.jpg,training/P02/BLUE/M/images/image_000025.jpg,6747628f8c105cb87934388376f76e5c97fb069d18e53d310cb57d79003bbb1b,10715,,,true
P02_BLUE_N_000001,P02,BLUE,N,image_000001.jpg,training/P02/BLUE/N/images/image_000001.jpg,b2ffeb0d654a8b77dfd8f5beba199e739c07884df4016a6a8d669092c4d230f3,9818,,,true
P02_BLUE_N_000002,P02,BLUE,N,image_000002.jpg,training/P02/BLUE/N/images/image_000002.jpg,d8fdcfdb12d04167692babf1257ccc448110166830fd04ea9d53d2fdc727bcf3,9830,,,true
P02_BLUE_N_000003,P02,BLUE,N,image_000003.jpg,training/P02/BLUE/N/images/image_000003.jpg,dbc9b6c0c1bcad3fe9cc88fa601518670f54ad6cf0778b6a7c57b5c9fb364a2f,9692,,,true
P02_BLUE_N_000004,P02,BLUE,N,image_000004.jpg,training/P02/BLUE/N/images/image_000004.jpg,8474ea5f3cd053141fe0162a84fedf3c2b5402931b0db45f3b28ffe92a09b69a,9830,,,true
P02_BLUE_N_000005,P02,BLUE,N,image_000005.jpg,training/P02/BLUE/N/images/image_000005.jpg,a8da176c28cdb21cb8cd6c8b38699f5e36947275d1aa5dba45fb6e15740b08ed,10069,,,true
P02_BLUE_N_000006,P02,BLUE,N,image_000006.jpg,training/P02/BLUE/N/images/image_000006.jpg,e9c930eaa76cc02008d357638872af7af25d1977c3378a43be18acb593020027,9786,,,true
P02_BLUE_N_000007,P02,BLUE,N,image_000007.jpg,training/P02/BLUE/N/images/image_000007.jpg,54f00fb655e71a963f2420928284deb6ca0228d1764a16685a9c0890556982c6,9824,,,true
P02_BLUE_N_000008,P02,BLUE,N,image_000008.jpg,training/P02/BLUE/N/images/image_000008.jpg,f96963ac0ba7657c8807a972ec4792c9b57c28a1f8e43a294500fbc233399abb,10137,,,true
P02_BLUE_N_000009,P02,BLUE,N,image_000009.jpg,training/P02/BLUE/N/images/image_000009.jpg,57ae65a7d57f903a23fce13e921b6ac5e6766a00ed8c3b6249719c1a6801a108,10004,,,true
P02_BLUE_N_000010,P02,BLUE,N,image_000010.jpg,training/P02/BLUE/N/images/image_000010.jpg,0c8a7ed4b614fb88cd529c23c74d8334814e855bf9a56218a529fc8a639680ae,9726,,,true
P02_BLUE_N_000011,P02,BLUE,N,image_000011.jpg,training/P02/BLUE/N/images/image_000011.jpg,5caa60d3ab604e5d0b0836e2230eac2beaac703eed900c15ad10279ac89327ed,9624,,,true
P02_BLUE_N_000012,P02,BLUE,N,image_000012.jpg,training/P02/BLUE/N/images/image_000012.jpg,e3a019b5b18345d0ec47bb216c6e6e6b99fc3ec8751b2d1f8a46729a2fa06f5f,9847,,,true
P02_BLUE_N_000013,P02,BLUE,N,image_000013.jpg,training/P02/BLUE/N/images/image_000013.jpg,47b7131d62fc23188bffcf7e8a67f7071665c7b9872c494504e1eba837e739f6,9771,,,true
P02_BLUE_N_000014,P02,BLUE,N,image_000014.jpg,training/P02/BLUE/N/images/image_000014.jpg,da87bfa621ccc9949c9b532dbf0d674b1c13585dce053c759c8ac983a86d2b50,9847,,,true
P02_BLUE_N_000015,P02,BLUE,N,image_000015.jpg,training/P02/BLUE/N/images/image_000015.jpg,6ed3ed6706c82cecc0a0bce50abc9d5ae7eda511cb78ddc58d448b80d62d6f0c,9650,,,true
P02_BLUE_N_000016,P02,BLUE,N,image_000016.jpg,training/P02/BLUE/N/images/image_000016.jpg,a60fbfab918f3026ba9af98586c2189bfcf303cf6836148bdd455a4d5d4cf9d6,9591,,,true
P02_BLUE_N_000017,P02,BLUE,N,image_000017.jpg,training/P02/BLUE/N/images/image_000017.jpg,07de782cde0825b870d3570d9c5b01a8eaa2f2105c7b021134aef2fb164b22d6,9489,,,true
P02_BLUE_N_000018,P02,BLUE,N,image_000018.jpg,training/P02/BLUE/N/images/image_000018.jpg,6cfbd2d6a7c9cd8f888b14dff178c3d8b613c7dd1dccfe3e8000f5d687d7f2c8,9522,,,true
P02_BLUE_N_000019,P02,BLUE,N,image_000019.jpg,training/P02/BLUE/N/images/image_000019.jpg,85b17046915df3fcd495f023248da845b517e4a8a17baddc9dc4d5b712c07728,9855,,,true
P02_BLUE_N_000020,P02,BLUE,N,image_000020.jpg,training/P02/BLUE/N/images/image_000020.jpg,578b9b00bdda374aab0bb79790ef9b7b29229782b8f38877163754673fe77430,9721,,,true
P02_BLUE_N_000021,P02,BLUE,N,image_000021.jpg,training/P02/BLUE/N/images/image_000021.jpg,5b8ab30e523905898fdced58b8d2cb07e0efbfa10319b3f15cf8e7ca27c682b1,9555,,,true
P02_BLUE_N_000022,P02,BLUE,N,image_000022.jpg,training/P02/BLUE/N/images/image_000022.jpg,10289020ce3f1c1e6074632403205d01fb21dd80f1828f073a17d77e89086f5f,9405,,,true
P02_BLUE_N_000023,P02,BLUE,N,image_000023.jpg,training/P02/BLUE/N/images/image_000023.jpg,336acdf13e32d9c7d2f2f6be9b2dd4b2609e50df52ca09b2a8f59f5dfc38b0f4,10020,,,true
P02_BLUE_N_000024,P02,BLUE,N,image_000024.jpg,training/P02/BLUE/N/images/image_000024.jpg,0b99502ad91d7356b2122b1bde495688e69bf443110a3d9628ab851b4704a20f,9628,,,true
P02_BLUE_N_000025,P02,BLUE,N,image_000025.jpg,training/P02/BLUE/N/images/image_000025.jpg,f0e3f28cd4a7a8b81702d6c9da68d5b8ec4dd432109de2b08518677483ecbf88,9874,,,true
P02_BLUE_O_000001,P02,BLUE,O,image_000001.jpg,training/P02/BLUE/O/images/image_000001.jpg,84043eb96f6b68cb6acb1230a712487913b070557cb75332190222f46a3489fa,5882,,,true
P02_BLUE_O_000002,P02,BLUE,O,image_000002.jpg,training/P02/BLUE/O/images/image_000002.jpg,da1646bdcaf6b10d30aba49a7a051b20d20c1a6689673290d1446b4d116e614a,11084,,,true
P02_BLUE_O_000003,P02,BLUE,O,image_000003.jpg,training/P02/BLUE/O/images/image_000003.jpg,e24a2f21f9fe43490c41b783d84f3fc1e97755bbf8e06fd9e71a33d1d913bd48,9737,,,true
P02_BLUE_O_000004,P02,BLUE,O,image_000004.jpg,training/P02/BLUE/O/images/image_000004.jpg,4b8590a97d21eb412772e384b3d4862cbf054d8117b9e2d471d9e8897cd56fbb,10329,,,true
P02_BLUE_O_000005,P02,BLUE,O,image_000005.jpg,training/P02/BLUE/O/images/image_000005.jpg,5371fa25a9ce969e60cb2747fbbb4f7dca1f0df1ccd9b960f24a2369236f79e5,9813,,,true
P02_BLUE_O_000006,P02,BLUE,O,image_000006.jpg,training/P02/BLUE/O/images/image_000006.jpg,f64ac82ad711d832ac8d17b2936b7759559b7a39c665514524ca4c80c939c15a,10003,,,true
P02_BLUE_O_000007,P02,BLUE,O,image_000007.jpg,training/P02/BLUE/O/images/image_000007.jpg,be8d29769bc7dfb189db9a13faf1ae15063c86b31ae5c071ceb7a6506e05f1fe,10106,,,true
P02_BLUE_O_000008,P02,BLUE,O,image_000008.jpg,training/P02/BLUE/O/images/image_000008.jpg,766e0206c5e1b30551b35733c7b28985fd652745b04b10a83ecbe2e99232ef52,10062,,,true
P02_BLUE_O_000009,P02,BLUE,O,image_000009.jpg,training/P02/BLUE/O/images/image_000009.jpg,e85df6691c18a3dc1146d0fbf5f53b855e9872c9bf994e5ae43aaa1acfb337f5,9708,,,true
P02_BLUE_O_000010,P02,BLUE,O,image_000010.jpg,training/P02/BLUE/O/images/image_000010.jpg,26cec0e71a4977a7574d81b1a6d6743a845ace46f14516a1fd90d91e41f948df,9673,,,true
P02_BLUE_O_000011,P02,BLUE,O,image_000011.jpg,training/P02/BLUE/O/images/image_000011.jpg,7c72265775abbaf4c7e98518c2cc63a30feb4c94141197c961133771421a354e,10148,,,true
P02_BLUE_O_000012,P02,BLUE,O,image_000012.jpg,training/P02/BLUE/O/images/image_000012.jpg,c12844e60c7aa9b5807c6c18e2f035c35c05f0f4525f0d641b9cb4e4bfa8d3bf,9711,,,true
P02_BLUE_O_000013,P02,BLUE,O,image_000013.jpg,training/P02/BLUE/O/images/image_000013.jpg,75c47c3866eb27210fd0f7e04f7d74f16360c1825fe055bf36b6ab116a1dd379,9815,,,true
P02_BLUE_O_000014,P02,BLUE,O,image_000014.jpg,training/P02/BLUE/O/images/image_000014.jpg,4082b958fb073e5ec8ef81fb6a67f33f44a3b487eebc6771195f55f96ede6aff,9924,,,true
P02_BLUE_O_000015,P02,BLUE,O,image_000015.jpg,training/P02/BLUE/O/images/image_000015.jpg,1e9f775b19d024909b018149431e05a8f23bc03e12d122ce6aa92efe2acf3811,9976,,,true
P02_BLUE_O_000016,P02,BLUE,O,image_000016.jpg,training/P02/BLUE/O/images/image_000016.jpg,6caefe063733012e3794aeb415f1976ecd856fc07b1375b5a575c3840da92338,9788,,,true
P02_BLUE_O_000017,P02,BLUE,O,image_000017.jpg,training/P02/BLUE/O/images/image_000017.jpg,f1825189919738b8c4d5af768e72105a6194a1d34008f600467386de94bf890d,9727,,,true
P02_BLUE_O_000018,P02,BLUE,O,image_000018.jpg,training/P02/BLUE/O/images/image_000018.jpg,35b70687c238f1cf41a7b531e2e67c9689e062025df37f63cde80ba330bb793d,9635,,,true
P02_BLUE_O_000019,P02,BLUE,O,image_000019.jpg,training/P02/BLUE/O/images/image_000019.jpg,f051ac5def16a9dd9cec0e54e3e638473f3a008462d3028849f7e6ba7a05ed16,11489,,,true
P02_BLUE_O_000020,P02,BLUE,O,image_000020.jpg,training/P02/BLUE/O/images/image_000020.jpg,a03aa292e458b269686f395937ddd6bed4de8481b4a858cff51f8a89f6e8a890,11305,,,true
P02_BLUE_O_000021,P02,BLUE,O,image_000021.jpg,training/P02/BLUE/O/images/image_000021.jpg,e3d73d981b3d09c9f2ea385a23f4cd4e1ae64d845a04255247e1565e182914be,10720,,,true
P02_BLUE_O_000022,P02,BLUE,O,image_000022.jpg,training/P02/BLUE/O/images/image_000022.jpg,1d21dbf3d1dafe698647b88c8e09bc8b850c2f032ea7b84b19960a1434a40505,10738,,,true
P02_BLUE_O_000023,P02,BLUE,O,image_000023.jpg,training/P02/BLUE/O/images/image_000023.jpg,347a5a2022842f8aee453037f0826bac22be8f602cde121c2b8c87b774c95bc7,10575,,,true
P02_BLUE_O_000024,P02,BLUE,O,image_000024.jpg,training/P02/BLUE/O/images/image_000024.jpg,e2906c355e8ec16d60c08f94f64bab018135aede84323f04ac64bfb273e2d7b2,11037,,,true
P02_BLUE_O_000025,P02,BLUE,O,image_000025.jpg,training/P02/BLUE/O/images/image_000025.jpg,eeb78db474e7ab539404e6ddc5732565f9c1b32a437dc809fc81c91bfcb3845d,11039,,,true
P02_BLUE_P_000001,P02,BLUE,P,image_000001.jpg,training/P02/BLUE/P/images/image_000001.jpg,66c0d61593838d99038f8c70a6ef77b19b6d04a1165e042cfc87c6d01b9b75f8,10611,,,true
P02_BLUE_P_000002,P02,BLUE,P,image_000002.jpg,training/P02/BLUE/P/images/image_000002.jpg,0ac1ecbfb3f5c469c0628974278c4731e56c7a7666a514712b2cc40201cdc24b,10708,,,true
P02_BLUE_P_000003,P02,BLUE,P,image_000003.jpg,training/P02/BLUE/P/images/image_000003.jpg,9184c3353beaa45ebec7e4fe6992dc830fedb78959cf9c47db3ccb4443527cb9,10986,,,true
P02_BLUE_P_000004,P02,BLUE,P,image_000004.jpg,training/P02/BLUE/P/images/image_000004.jpg,6424d0c73abb6def3fe5d7da48f4d01e869f6fc403f933c65cc7fe57f203500a,10595,,,true
P02_BLUE_P_000005,P02,BLUE,P,image_000005.jpg,training/P02/BLUE/P/images/image_000005.jpg,e43086862fe4ce13ad831bfa324cda485858910f202889b55ddf2276c933e3eb,10266,,,true
P02_BLUE_P_000006,P02,BLUE,P,image_000006.jpg,training/P02/BLUE/P/images/image_000006.jpg,14158ed6952c307c572c4a8d52c59ae43fa3c81a3d76aa5ba740bab273fbff41,10417,,,true
P02_BLUE_P_000007,P02,BLUE,P,image_000007.jpg,training/P02/BLUE/P/images/image_000007.jpg,9fff4d69c45165a44a6bd7f6e1fe08091e6867b0e3f3357a80ebf5d8beaa8ba6,10282,,,true
P02_BLUE_P_000008,P02,BLUE,P,image_000008.jpg,training/P02/BLUE/P/images/image_000008.jpg,95f3fccb763de2387e2fd2a7c93086af6857b8d95350b883c14e916c62bd3294,10207,,,true
P02_BLUE_P_000009,P02,BLUE,P,image_000009.jpg,training/P02/BLUE/P/images/image_000009.jpg,184ae2ce2ffe87fc94dfc57c86308c66a352ff61033ed4a2f09a029c28ddbbfe,10392,,,true
P02_BLUE_P_000010,P02,BLUE,P,image_000010.jpg,training/P02/BLUE/P/images/image_000010.jpg,7501b03c9905c93c7227b62cacc9e769efe8d6c12718c36785417995ad0bf437,10289,,,true
P02_BLUE_P_000011,P02,BLUE,P,image_000011.jpg,training/P02/BLUE/P/images/image_000011.jpg,b26ca88f77ad425a889a05b3c8d090115229474a4665b010fbb9e4ef219488bf,10627,,,true
P02_BLUE_P_000012,P02,BLUE,P,image_000012.jpg,training/P02/BLUE/P/images/image_000012.jpg,e39ebae2b9250fc4d7ad3eb19c81f0f76466e65be5b773193b9f1219a3181692,10549,,,true
P02_BLUE_P_000013,P02,BLUE,P,image_000013.jpg,training/P02/BLUE/P/images/image_000013.jpg,a196f4964b0f393e08bb97982e6b96a99c654b5ed399f92ef8395db2e8cb335e,10922,,,true
P02_BLUE_P_000014,P02,BLUE,P,image_000014.jpg,training/P02/BLUE/P/images/image_000014.jpg,5747e2713202014c19885f2545131c4fd64333d29072643e0fb8f7c372bf3d0d,10649,,,true
P02_BLUE_P_000015,P02,BLUE,P,image_000015.jpg,training/P02/BLUE/P/images/image_000015.jpg,5a706e539ad3e4465f0ff2b9e7a475f04bd6622e99e22d7f1e4f2d43eef0ae75,10765,,,true
P02_BLUE_P_000016,P02,BLUE,P,image_000016.jpg,training/P02/BLUE/P/images/image_000016.jpg,0050e5ddfcb880637902fc3442bb0212c0d4b582a70b666ff9fc633d890ebe4b,11011,,,true
P02_BLUE_P_000017,P02,BLUE,P,image_000017.jpg,training/P02/BLUE/P/images/image_000017.jpg,8a4d8d27fe6a56d358a2bde974cbe13b27c3c957d9a3b4b911baec44acacff22,10559,,,true
P02_BLUE_P_000018,P02,BLUE,P,image_000018.jpg,training/P02/BLUE/P/images/image_000018.jpg,34057f52a8f91b4b9df76bdc1bfa6cee5e4975893b4a788e8aa88969de6b749f,10277,,,true
P02_BLUE_P_000019,P02,BLUE,P,image_000019.jpg,training/P02/BLUE/P/images/image_000019.jpg,408ac1b1aa747f0e94b7f561fd88ac19e2a6a3d2a8c97f44799c1f631caa50a3,10591,,,true
P02_BLUE_P_000020,P02,BLUE,P,image_000020.jpg,training/P02/BLUE/P/images/image_000020.jpg,f8ebf038101c16ba87fcb2ae27547546ea43824a66a8f15405c986931f10a52c,10405,,,true
P02_BLUE_P_000021,P02,BLUE,P,image_000021.jpg,training/P02/BLUE/P/images/image_000021.jpg,1a81d65e95c40482df3b762ddf22ca61180d5f3af5a9189ace46aa6d6b598e1b,10767,,,true
P02_BLUE_P_000022,P02,BLUE,P,image_000022.jpg,training/P02/BLUE/P/images/image_000022.jpg,a249fa906e7748dc6497ec11b1f87572a94a10a84e289c46a64d2874752701f5,10667,,,true
P02_BLUE_P_000023,P02,BLUE,P,image_000023.jpg,training/P02/BLUE/P/images/image_000023.jpg,b0cf9b907c887c93ec49e3a5027f2b89e07ca152986b040800b6d7dc1dc7af59,10609,,,true
P02_BLUE_P_000024,P02,BLUE,P,image_000024.jpg,training/P02/BLUE/P/images/image_000024.jpg,3da6cf5f31f5525f2dea283542d2aeac3d56386b4834e3cb6ab0cf812e05a67a,10503,,,true
P02_BLUE_P_000025,P02,BLUE,P,image_000025.jpg,training/P02/BLUE/P/images/image_000025.jpg,6846383be128fb196d788a98d065f7bc14675ac33c0bef9d8436afe415761f1e,10322,,,true
P02_BLUE_R_000001,P02,BLUE,R,image_000001.jpg,training/P02/BLUE/R/images/image_000001.jpg,cf5c57075a690018e65f1fde5717162e2cfabd9e36545e0826dbed1e23fc9d8a,5286,,,true
P02_BLUE_R_000002,P02,BLUE,R,image_000002.jpg,training/P02/BLUE/R/images/image_000002.jpg,3966de6e89c4a3789edeece72e38a4f65d6c60c0b4481233794044bd92c08295,5780,,,true
P02_BLUE_R_000003,P02,BLUE,R,image_000003.jpg,training/P02/BLUE/R/images/image_000003.jpg,ce72908b74a8892e891a4136cc829281551da58d6bbc6e9acad4fac41a272618,9895,,,true
P02_BLUE_R_000004,P02,BLUE,R,image_000004.jpg,training/P02/BLUE/R/images/image_000004.jpg,59531f0751eb85189852c01c8aec638a62730c1b374e903564a455e606a59c9f,9578,,,true
P02_BLUE_R_000005,P02,BLUE,R,image_000005.jpg,training/P02/BLUE/R/images/image_000005.jpg,8d5d58a1e9d02546480a7e2f65465e4295dcccd8611b5a71c98767eef55db05e,9685,,,true
P02_BLUE_R_000006,P02,BLUE,R,image_000006.jpg,training/P02/BLUE/R/images/image_000006.jpg,5050771ef80b1c87b5a1e3be1922c912aa5b4b50b0e95b9962fc3ec0c8caf38d,9833,,,true
P02_BLUE_R_000007,P02,BLUE,R,image_000007.jpg,training/P02/BLUE/R/images/image_000007.jpg,dfcdab0d32cc66d0aab282ccc5348ecbde21cc88bada9a4f607edf3036841b97,9563,,,true
P02_BLUE_R_000008,P02,BLUE,R,image_000008.jpg,training/P02/BLUE/R/images/image_000008.jpg,16889e6bb4323e37bc9708f7573aa56af9ef47335e423971673e9137d1d12505,9460,,,true
P02_BLUE_R_000009,P02,BLUE,R,image_000009.jpg,training/P02/BLUE/R/images/image_000009.jpg,37dc192565aece3e744958802cd252bbf12fae00c2f619820a370c5c655f48ba,9425,,,true
P02_BLUE_R_000010,P02,BLUE,R,image_000010.jpg,training/P02/BLUE/R/images/image_000010.jpg,bd5113a52f8b9e04ab7690615c12d0dff842260ad416591c235b84835503beb6,10095,,,true
P02_BLUE_R_000011,P02,BLUE,R,image_000011.jpg,training/P02/BLUE/R/images/image_000011.jpg,75e795b331c4dcbafbff5b75a85093c8bf905bf599544fd6e739fba9bbf40f85,9507,,,true
P02_BLUE_R_000012,P02,BLUE,R,image_000012.jpg,training/P02/BLUE/R/images/image_000012.jpg,074aee530b8b98756fe07ed9a4732eb51a9691a3b46c915b69eb75a3c035212e,9162,,,true
P02_BLUE_R_000013,P02,BLUE,R,image_000013.jpg,training/P02/BLUE/R/images/image_000013.jpg,add10f7ae762d1435c3d2e9cc77c43f2bf344ae14e1860b0e123622b0c04720a,9381,,,true
P02_BLUE_R_000014,P02,BLUE,R,image_000014.jpg,training/P02/BLUE/R/images/image_000014.jpg,34ce4cdfac7cd455f7cc93c7abf4e903e19eff2d5866288ff90b2a1580e9eecc,9284,,,true
P02_BLUE_R_000015,P02,BLUE,R,image_000015.jpg,training/P02/BLUE/R/images/image_000015.jpg,7f7777579babe2ee722454bdc565e290ef844e3cc17c06f11faac15b39201564,9162,,,true
P02_BLUE_R_000016,P02,BLUE,R,image_000016.jpg,training/P02/BLUE/R/images/image_000016.jpg,7fb5567b3762993661f6ca85359133372bbe708f6d8987fe1b3f3966701f74de,9281,,,true
P02_BLUE_R_000017,P02,BLUE,R,image_000017.jpg,training/P02/BLUE/R/images/image_000017.jpg,b8471776c7085e6ef3cbb5bcbc7cc9dce939bd336c75eb77d02889fd7b70a5a0,9279,,,true
P02_BLUE_R_000018,P02,BLUE,R,image_000018.jpg,training/P02/BLUE/R/images/image_000018.jpg,0ef412814110ad6293885510c2af7e59741d967465f9eb1a85f1a73b64fc79fc,9453,,,true
P02_BLUE_R_000019,P02,BLUE,R,image_000019.jpg,training/P02/BLUE/R/images/image_000019.jpg,b17a2160c5ea7d8e3a1160c553887beef814940253c07c15564e9def0858823b,9299,,,true
P02_BLUE_R_000020,P02,BLUE,R,image_000020.jpg,training/P02/BLUE/R/images/image_000020.jpg,48f05faebfde4f4b28480921a8655550e59734fa405b3c397a46bf532dc7b405,9071,,,true
P02_BLUE_R_000021,P02,BLUE,R,image_000021.jpg,training/P02/BLUE/R/images/image_000021.jpg,1731cc1eedb671e4f5fd6870a6551e4d201d32b65db569ddaf1f7d1b5751e8eb,9480,,,true
P02_BLUE_R_000022,P02,BLUE,R,image_000022.jpg,training/P02/BLUE/R/images/image_000022.jpg,ec7bc9b7717ede9bef5b54f6f558508b97986df9d6a94c4e539584fdbbb08ac9,9558,,,true
P02_BLUE_R_000023,P02,BLUE,R,image_000023.jpg,training/P02/BLUE/R/images/image_000023.jpg,515e5c03ebc81b5fa1b2cf7e59ea5defdca34a9e6473dd842a6d956e71ade17e,9413,,,true
P02_BLUE_R_000024,P02,BLUE,R,image_000024.jpg,training/P02/BLUE/R/images/image_000024.jpg,8cf17ec0765a99ccffc701336607349c2c60c1e6b872ccaf63d7570cc2c253d8,9665,,,true
P02_BLUE_R_000025,P02,BLUE,R,image_000025.jpg,training/P02/BLUE/R/images/image_000025.jpg,8d2b196840d41125535804a53e2f1d8a211ac2f219d0072130973ec3f768a95e,9673,,,true
P02_BLUE_S_000001,P02,BLUE,S,image_000001.jpg,training/P02/BLUE/S/images/image_000001.jpg,c148c92ed447ce9b272e788b31fa90220e0147103cd4d98c445a2cef58bb9c05,10853,,,true
P02_BLUE_S_000002,P02,BLUE,S,image_000002.jpg,training/P02/BLUE/S/images/image_000002.jpg,2338e427adf2be4884e8f0fe37af7ab8628523397c122bcd7446282b5eb37302,10623,,,true
P02_BLUE_S_000003,P02,BLUE,S,image_000003.jpg,training/P02/BLUE/S/images/image_000003.jpg,dd2e567d5a9ccafdb39ef05484dc5d22bb9c32df9bc1ba5a6558795d3ce2407d,10150,,,true
P02_BLUE_S_000004,P02,BLUE,S,image_000004.jpg,training/P02/BLUE/S/images/image_000004.jpg,b7697ddbd9abf99a4c9bd30e361dedf13c03581d6e4058bceb8d14bfdf8c2258,10568,,,true
P02_BLUE_S_000005,P02,BLUE,S,image_000005.jpg,training/P02/BLUE/S/images/image_000005.jpg,b395e9174e32ec2587869233a9b159b4d7398fe84d4acdd16b81c0f7c6186780,10461,,,true
P02_BLUE_S_000006,P02,BLUE,S,image_000006.jpg,training/P02/BLUE/S/images/image_000006.jpg,1542b83cb1ed0db1a66c956a1febfa20a70a811def4914fb5df61392a1286da8,10623,,,true
P02_BLUE_S_000007,P02,BLUE,S,image_000007.jpg,training/P02/BLUE/S/images/image_000007.jpg,adea6e9cb607ea2a210a291dad5c0af1621a5dda1760a7b01c0dac3cf7901722,10338,,,true
P02_BLUE_S_000008,P02,BLUE,S,image_000008.jpg,training/P02/BLUE/S/images/image_000008.jpg,956dca9c9e0d95d44a82fa65c26147f68397631c9066dc32d58bd35084e11466,10527,,,true
P02_BLUE_S_000009,P02,BLUE,S,image_000009.jpg,training/P02/BLUE/S/images/image_000009.jpg,fa0016b66c7cb5996b0bc99d5b62e47bd73e65fa42c122329621ee635c1eb62f,10093,,,true
P02_BLUE_S_000010,P02,BLUE,S,image_000010.jpg,training/P02/BLUE/S/images/image_000010.jpg,f04850ad75811e1b3ed671b1b7e67fe8e4216f813e8b87542c8774c84df9ddbf,10306,,,true
P02_BLUE_S_000011,P02,BLUE,S,image_000011.jpg,training/P02/BLUE/S/images/image_000011.jpg,0454089437c7778c6d926b92e3018f1dee833e6f375ec18cf51dbab047033e0a,10432,,,true
P02_BLUE_S_000012,P02,BLUE,S,image_000012.jpg,training/P02/BLUE/S/images/image_000012.jpg,5e62c7fbec54c68efa76c7fc95ea83c9e9590e41927341a2784f63b4b932f589,10868,,,true
P02_BLUE_S_000013,P02,BLUE,S,image_000013.jpg,training/P02/BLUE/S/images/image_000013.jpg,0f993448f9b41065f210cb374824819af965428722fb9da6a42de1af06588188,11164,,,true
P02_BLUE_S_000014,P02,BLUE,S,image_000014.jpg,training/P02/BLUE/S/images/image_000014.jpg,cd01c880825a4bc336a41759b9ff680eef9354911e347691026a37209b25341f,10884,,,true
P02_BLUE_S_000015,P02,BLUE,S,image_000015.jpg,training/P02/BLUE/S/images/image_000015.jpg,b9574d605df4d4749b0489cefa7375004284551013bffa05e910f192ac425f7e,10784,,,true
P02_BLUE_S_000016,P02,BLUE,S,image_000016.jpg,training/P02/BLUE/S/images/image_000016.jpg,f466af0d25c98806c0961539c270f2620e548ec346f39cf32acd0bf63f3a2f03,10607,,,true
P02_BLUE_S_000017,P02,BLUE,S,image_000017.jpg,training/P02/BLUE/S/images/image_000017.jpg,204673dabd0bdfe350dbf8ead2da2b42431df4906b4c0584de17dff2f19d785a,10673,,,true
P02_BLUE_S_000018,P02,BLUE,S,image_000018.jpg,training/P02/BLUE/S/images/image_000018.jpg,880a0083b781562be9d17c57fd95e5c3579c98da5c5d53f6defb28297ccb020d,10532,,,true
P02_BLUE_S_000019,P02,BLUE,S,image_000019.jpg,training/P02/BLUE/S/images/image_000019.jpg,3627b0145edc45672e2db84db961d936fdcd940b6827bbfc7a74a18daec327ef,10487,,,true
P02_BLUE_S_000020,P02,BLUE,S,image_000020.jpg,training/P02/BLUE/S/images/image_000020.jpg,b82ebb50a7c01e8ebf7058be33662df379b0374ecb3f7f560ad2e99993f9b97a,10531,,,true
P02_BLUE_S_000021,P02,BLUE,S,image_000021.jpg,training/P02/BLUE/S/images/image_000021.jpg,457bbb9ef2295993935aab0abc36cf5c2a530796534f5d133f7c8e16d729e804,10903,,,true
P02_BLUE_S_000022,P02,BLUE,S,image_000022.jpg,training/P02/BLUE/S/images/image_000022.jpg,39a35ad1a30bf2fdfe9bc229a5ba173d930a4b911f1b54babe4afdfecc56926f,10594,,,true
P02_BLUE_S_000023,P02,BLUE,S,image_000023.jpg,training/P02/BLUE/S/images/image_000023.jpg,f5de981ecd15c5052d0cccb6f3a9c775b18c1ae26c03620b2d7da8bfd6e7f9a4,10836,,,true
P02_BLUE_S_000024,P02,BLUE,S,image_000024.jpg,training/P02/BLUE/S/images/image_000024.jpg,3e964b8c5ad2f5b4655ab1936d84830c71011a2ee1b8606eb76e91c770b69e3d,10867,,,true
P02_BLUE_S_000025,P02,BLUE,S,image_000025.jpg,training/P02/BLUE/S/images/image_000025.jpg,b73a8f8f057121c9b10b06c352bf6407577fd6480628332540e4c62ee0189f7b,10641,,,true
P02_BLUE_T_000001,P02,BLUE,T,image_000001.jpg,training/P02/BLUE/T/images/image_000001.jpg,a3ab30028c8a1d7b50ab84a48d6d2e5815b4edb6aa70a997065c7b20f7b23195,6273,,,true
P02_BLUE_T_000002,P02,BLUE,T,image_000002.jpg,training/P02/BLUE/T/images/image_000002.jpg,b434a19311e323d8a1fa510d3c2fbfe4f12445bd7249bcf251a9f4b5b179b8fe,11373,,,true
P02_BLUE_T_000003,P02,BLUE,T,image_000003.jpg,training/P02/BLUE/T/images/image_000003.jpg,42e7b9d8f0046943f4936ec3aa6e8acf171ff70ca26296a4c29a9d6a35ada9f3,10794,,,true
P02_BLUE_T_000004,P02,BLUE,T,image_000004.jpg,training/P02/BLUE/T/images/image_000004.jpg,f6d39ff5f80afd41eadf0c0cf23b0d0be7a910d33d6cedb9d25946f3bc7646fa,11236,,,true
P02_BLUE_T_000005,P02,BLUE,T,image_000005.jpg,training/P02/BLUE/T/images/image_000005.jpg,efd2b211f8f5b2b24ca66f6abc83c330460d169d3616e1ab50a9d581ac90fd66,11063,,,true
P02_BLUE_T_000006,P02,BLUE,T,image_000006.jpg,training/P02/BLUE/T/images/image_000006.jpg,00a9b023552763d5a7090c307a7931bc707700454f8bf0010f24d75c249b6afe,11014,,,true
P02_BLUE_T_000007,P02,BLUE,T,image_000007.jpg,training/P02/BLUE/T/images/image_000007.jpg,b75a2a194c7869d99e46adb6dc70c5b3d47942520caaafc4fdb8786d7304120c,10987,,,true
P02_BLUE_T_000008,P02,BLUE,T,image_000008.jpg,training/P02/BLUE/T/images/image_000008.jpg,05826bc5ae91907675230321c27cd792c9b899ab0e21d589d9151e28b02e4499,10667,,,true
P02_BLUE_T_000009,P02,BLUE,T,image_000009.jpg,training/P02/BLUE/T/images/image_000009.jpg,813002c69d73c88e9ce1879d7651bdfb1766c7dc687b87fbe39a9bdbf6cb03a9,10457,,,true
P02_BLUE_T_000010,P02,BLUE,T,image_000010.jpg,training/P02/BLUE/T/images/image_000010.jpg,2955a6673ee556794bc07638ef2a6d09fb8929eb9a35dc3357d971264200fddd,10590,,,true
P02_BLUE_T_000011,P02,BLUE,T,image_000011.jpg,training/P02/BLUE/T/images/image_000011.jpg,8e79bc6ba6bd5ed8b2424c9a186de5670b2000c0adbc675dc92f285a2a330271,10756,,,true
P02_BLUE_T_000012,P02,BLUE,T,image_000012.jpg,training/P02/BLUE/T/images/image_000012.jpg,0881d6506f43e5c96342fd2f0f585aa88a53a6da61ee6447efce9547912a576c,10896,,,true
P02_BLUE_T_000013,P02,BLUE,T,image_000013.jpg,training/P02/BLUE/T/images/image_000013.jpg,8794bce03a3f17cb0ad39b1431a81772578d2acfe932a943a8867b63f8d312f6,10838,,,true
P02_BLUE_T_000014,P02,BLUE,T,image_000014.jpg,training/P02/BLUE/T/images/image_000014.jpg,d756a93c566e34ed54e514582bc9d0e48de66e28b7c6d6c40d7a4027eaaffef6,10890,,,true
P02_BLUE_T_000015,P02,BLUE,T,image_000015.jpg,training/P02/BLUE/T/images/image_000015.jpg,daf8a5d666bb65eb50c7ece7a9972b0e3600447a2cd75015a971ef228c183414,10904,,,true
P02_BLUE_T_000016,P02,BLUE,T,image_000016.jpg,training/P02/BLUE/T/images/image_000016.jpg,a9e53646859dd6209aa6a1e73d5c96d71a4a892ac0c91602355d38d0e18a9ee3,10661,,,true
P02_BLUE_T_000017,P02,BLUE,T,image_000017.jpg,training/P02/BLUE/T/images/image_000017.jpg,c435d6f3463e24d9f416dba5b54da0fe1bfb120ce8ebe2b8e2c6303b72901943,10941,,,true
P02_BLUE_T_000018,P02,BLUE,T,image_000018.jpg,training/P02/BLUE/T/images/image_000018.jpg,1bbaf5d9c85272860642ed343314543a180eec3631ae3c35ffc2a8cb89085100,11181,,,true
P02_BLUE_T_000019,P02,BLUE,T,image_000019.jpg,training/P02/BLUE/T/images/image_000019.jpg,193a7ea860ba5669ae4aff777794d1b8c87e8b85c9a7d963018c84b4df4ff433,10758,,,true
P02_BLUE_T_000020,P02,BLUE,T,image_000020.jpg,training/P02/BLUE/T/images/image_000020.jpg,379559c8c145eebc1f7851f1bec823ae3492f201b9bcd630fe37c9277fe23069,10824,,,true
P02_BLUE_T_000021,P02,BLUE,T,image_000021.jpg,training/P02/BLUE/T/images/image_000021.jpg,bdf20eddf10c4a59e94495b76215e63d743ca5fa517a6b9234010c6285189a5d,10671,,,true
P02_BLUE_T_000022,P02,BLUE,T,image_000022.jpg,training/P02/BLUE/T/images/image_000022.jpg,1dd2d4f88c8a7ffb170cd34e0e0fa1d5b429fca5f8dba34223ef709cb7ce4249,10754,,,true
P02_BLUE_T_000023,P02,BLUE,T,image_000023.jpg,training/P02/BLUE/T/images/image_000023.jpg,e2f8a00f1cdc5ee406ca54245f87f97438687fb51c4a4c275f438ed8cad4c854,10445,,,true
P02_BLUE_T_000024,P02,BLUE,T,image_000024.jpg,training/P02/BLUE/T/images/image_000024.jpg,068996c3afdd879f3ca3265317ba549083870c8f66de18a98974a73d93f2c85a,10835,,,true
P02_BLUE_T_000025,P02,BLUE,T,image_000025.jpg,training/P02/BLUE/T/images/image_000025.jpg,cec8643cb5e4e068736982f82f3be7b4531ee6792a6783ba487c8792d1fa6728,11122,,,true
P02_BLUE_U_000001,P02,BLUE,U,image_000001.jpg,training/P02/BLUE/U/images/image_000001.jpg,a8b1a94a9e2f3df01b4546d937bedc4a70d7ef53afa87851e6aae903e81eec8b,10984,,,true
P02_BLUE_U_000002,P02,BLUE,U,image_000002.jpg,training/P02/BLUE/U/images/image_000002.jpg,54e22a6d03eb5809d4271e0b0f9bf968fc337cf4a19fe778b4121fa52e441ac9,10508,,,true
P02_BLUE_U_000003,P02,BLUE,U,image_000003.jpg,training/P02/BLUE/U/images/image_000003.jpg,5e32e6554b398177a5cc8abb6b72f96f79e3736e2d3405b6ef60a5cf757b9b62,10288,,,true
P02_BLUE_U_000004,P02,BLUE,U,image_000004.jpg,training/P02/BLUE/U/images/image_000004.jpg,a1b8548413f668e7e7f36cc3858d6dbb93102d43b8f611afc963a099c120b2f0,10202,,,true
P02_BLUE_U_000005,P02,BLUE,U,image_000005.jpg,training/P02/BLUE/U/images/image_000005.jpg,c2e143b8c774a5ee50598f1730252b961e6ad97472bdbb51a03143c3bfebcf42,10391,,,true
P02_BLUE_U_000006,P02,BLUE,U,image_000006.jpg,training/P02/BLUE/U/images/image_000006.jpg,0b2fe61a2655604c6fcba7df9ceb5dec8854f6f9bfdf6b06106ba6cf77448078,10428,,,true
P02_BLUE_U_000007,P02,BLUE,U,image_000007.jpg,training/P02/BLUE/U/images/image_000007.jpg,c6d053505cde94d01904f4c507ed1f2615f74ab296fc1f8c772ab4a508443678,10304,,,true
P02_BLUE_U_000008,P02,BLUE,U,image_000008.jpg,training/P02/BLUE/U/images/image_000008.jpg,f1a411d71ef06a5743dd2eb49cd23fcee192c8847db9dd997920b21315230d71,10275,,,true
P02_BLUE_U_000009,P02,BLUE,U,image_000009.jpg,training/P02/BLUE/U/images/image_000009.jpg,e51f7f949e1931bb53b1a29be31d547f2b12ed9afedcae0ed43f746d4e71dc44,10601,,,true
P02_BLUE_U_000010,P02,BLUE,U,image_000010.jpg,training/P02/BLUE/U/images/image_000010.jpg,b455450fb0d00c59523a1de9cf3bd58de8d3a960dcab6ee5446bc1278f483a26,10328,,,true
P02_BLUE_U_000011,P02,BLUE,U,image_000011.jpg,training/P02/BLUE/U/images/image_000011.jpg,cb8ec1a890a3645f6735049116c7123f94d8c840bbbbecc1f82cc56ab9369cf2,10519,,,true
P02_BLUE_U_000012,P02,BLUE,U,image_000012.jpg,training/P02/BLUE/U/images/image_000012.jpg,deeca05598899962fd083ea480e34d2138baa1155b4af7c8f6ecaa85ffb28c60,10199,,,true
P02_BLUE_U_000013,P02,BLUE,U,image_000013.jpg,training/P02/BLUE/U/images/image_000013.jpg,188424f6fe6d4f98b06d8db2db6ff206ab41f4344ab83a42c600b34ca4b8cd55,10052,,,true
P02_BLUE_U_000014,P02,BLUE,U,image_000014.jpg,training/P02/BLUE/U/images/image_000014.jpg,448bb23b142acaf9c2209fbb4aa316e051da6119e6af321f06f504c0420dfcc4,10586,,,true
P02_BLUE_U_000015,P02,BLUE,U,image_000015.jpg,training/P02/BLUE/U/images/image_000015.jpg,028354faaedc23b5d3aef357ae18620a8fee48e8768cb83d5af461e287ea0284,10221,,,true
P02_BLUE_U_000016,P02,BLUE,U,image_000016.jpg,training/P02/BLUE/U/images/image_000016.jpg,2ffb6ea954edd3ebfe82d08c65e47648b6e494ca6144e4f2428f4828325673ce,9970,,,true
P02_BLUE_U_000017,P02,BLUE,U,image_000017.jpg,training/P02/BLUE/U/images/image_000017.jpg,26ca4dc41b6944e2cff970f8bb2c4faa06715fe5f572da48f12732ad59ceb0d6,10134,,,true
P02_BLUE_U_000018,P02,BLUE,U,image_000018.jpg,training/P02/BLUE/U/images/image_000018.jpg,55ab220afa4a77d152e211a6747058ce3e739e87fe4788917b87721a9270969e,10102,,,true
P02_BLUE_U_000019,P02,BLUE,U,image_000019.jpg,training/P02/BLUE/U/images/image_000019.jpg,7f4601b6960c1437d45d2b8695528d82a8320efc5ebe7791ff9a0dc091186c77,10371,,,true
P02_BLUE_U_000020,P02,BLUE,U,image_000020.jpg,training/P02/BLUE/U/images/image_000020.jpg,bd24a7560bf0b448e858839e8feaea0b3aef2096e1f457a98f2c55542f634c04,10313,,,true
P02_BLUE_U_000021,P02,BLUE,U,image_000021.jpg,training/P02/BLUE/U/images/image_000021.jpg,21060ef7e60317da5e86fac47b5220503efa12b3019b6b47c1838435403231b3,10624,,,true
P02_BLUE_U_000022,P02,BLUE,U,image_000022.jpg,training/P02/BLUE/U/images/image_000022.jpg,ef8db95bf8681a26dbf633f4d87126f33589ecdc7b4e5a8014369854023a09d9,10494,,,true
P02_BLUE_U_000023,P02,BLUE,U,image_000023.jpg,training/P02/BLUE/U/images/image_000023.jpg,89029aa22e5b20dc43d2653c296304875f4d337b728f7d79f3a93ac674e34d3c,10664,,,true
P02_BLUE_U_000024,P02,BLUE,U,image_000024.jpg,training/P02/BLUE/U/images/image_000024.jpg,90fd23dacd7a9d75841da225966364722763eb1a68d0ff974524c46c414ea294,10120,,,true
P02_BLUE_U_000025,P02,BLUE,U,image_000025.jpg,training/P02/BLUE/U/images/image_000025.jpg,c5f0f7464c670761a2ab1dc78b8607cea042eda4ee838a26f6d33c3586d7594c,10493,,,true
P02_BLUE_V_000001,P02,BLUE,V,image_000001.jpg,training/P02/BLUE/V/images/image_000001.jpg,32ffb4a0a9746bd4632911b7b66dd97d9c25fa1cacdd00c4c9d6d4b68529cc9a,10398,,,true
P02_BLUE_V_000002,P02,BLUE,V,image_000002.jpg,training/P02/BLUE/V/images/image_000002.jpg,8e0a096cf0b541d43d1ea5b57c6e28fd485efb4a5b5c89200211e522dd51e1e5,10501,,,true
P02_BLUE_V_000003,P02,BLUE,V,image_000003.jpg,training/P02/BLUE/V/images/image_000003.jpg,bd4a37d0fc070aabf321bc7c90f536713f36a7e1219c16a9a816b274c97880f9,10878,,,true
P02_BLUE_V_000004,P02,BLUE,V,image_000004.jpg,training/P02/BLUE/V/images/image_000004.jpg,6d19986910bcd2e35995fd7d2d341031dd5eabc36faeb209da9c77ed0ff3f578,10846,,,true
P02_BLUE_V_000005,P02,BLUE,V,image_000005.jpg,training/P02/BLUE/V/images/image_000005.jpg,5e85305f3a02ab11ff6b3f6bfdc9c397411b7ef1d606da3ef122f70f07be5a7d,10858,,,true
P02_BLUE_V_000006,P02,BLUE,V,image_000006.jpg,training/P02/BLUE/V/images/image_000006.jpg,22c412fb79402b551e4a3251f76e1dbbf0f3db1d278c04342d6c02657c03112d,10636,,,true
P02_BLUE_V_000007,P02,BLUE,V,image_000007.jpg,training/P02/BLUE/V/images/image_000007.jpg,dfb624645c74462c55172cf494bbc1d65f653eb68b2140672d96d0858cc7bab8,10546,,,true
P02_BLUE_V_000008,P02,BLUE,V,image_000008.jpg,training/P02/BLUE/V/images/image_000008.jpg,816b4cf55e2989b81d262b6571c116cf54a3d4c296ecaa54cf4280d820841a4b,10425,,,true
P02_BLUE_V_000009,P02,BLUE,V,image_000009.jpg,training/P02/BLUE/V/images/image_000009.jpg,8359009a3b4059cd1018e31b1fa5e020d76bf6d90c0e18e9c56bcf31f5a1b84b,10550,,,true
P02_BLUE_V_000010,P02,BLUE,V,image_000010.jpg,training/P02/BLUE/V/images/image_000010.jpg,8ec2522b3ae1179fe4c7a990bb812d1d524147d12cc6a9368dfb52b0be814af0,10476,,,true
P02_BLUE_V_000011,P02,BLUE,V,image_000011.jpg,training/P02/BLUE/V/images/image_000011.jpg,162b62a1ffa2e7aed643414f735644898055a787337600962099f89fb616c2ac,10249,,,true
P02_BLUE_V_000012,P02,BLUE,V,image_000012.jpg,training/P02/BLUE/V/images/image_000012.jpg,32b6d288c04b2b9c8d1b036f84341fb358ee5121df834b97fa97cb4cd8268b77,10367,,,true
P02_BLUE_V_000013,P02,BLUE,V,image_000013.jpg,training/P02/BLUE/V/images/image_000013.jpg,157d3053c3fcfe7ac0d921cba3f4e0ffed75548c80c8c7eda3eb652d1d2e4f56,10419,,,true
P02_BLUE_V_000014,P02,BLUE,V,image_000014.jpg,training/P02/BLUE/V/images/image_000014.jpg,8c16bff19120f36a13cacecac082883152e289441340b6abcf8f30025f6c1658,10186,,,true
P02_BLUE_V_000015,P02,BLUE,V,image_000015.jpg,training/P02/BLUE/V/images/image_000015.jpg,9e5982d75e9621b1cfb0c593ec8f261a24e88ca69562a34e9a931e9dd8e3f8c5,10532,,,true
P02_BLUE_V_000016,P02,BLUE,V,image_000016.jpg,training/P02/BLUE/V/images/image_000016.jpg,eac0e7b76cb06ed78e7bf61aaee65e440b5ae4ddcdcdbfd116fb6ec3366ef301,10425,,,true
P02_BLUE_V_000017,P02,BLUE,V,image_000017.jpg,training/P02/BLUE/V/images/image_000017.jpg,a5c869851d7bcf46d6cc96a43f82f3b88c25ebc1ef36cfaacd59669231c8d3da,10503,,,true
P02_BLUE_V_000018,P02,BLUE,V,image_000018.jpg,training/P02/BLUE/V/images/image_000018.jpg,d692d5e9239ae847e85b370dc127b7daf6f9cc5399f0a52875da2c7cc15f02f9,10537,,,true
P02_BLUE_V_000019,P02,BLUE,V,image_000019.jpg,training/P02/BLUE/V/images/image_000019.jpg,fe6e733397817fb90718b9a4a821cf8f4042529620937cecd1a43aebf3d0ae38,9728,,,true
P02_BLUE_V_000020,P02,BLUE,V,image_000020.jpg,training/P02/BLUE/V/images/image_000020.jpg,ab711ce71f7464a90b083f445ab1e1effaf286d18c85c96c1e47f7904468b1f0,9989,,,true
P02_BLUE_V_000021,P02,BLUE,V,image_000021.jpg,training/P02/BLUE/V/images/image_000021.jpg,fee2572dc813344cab125f5793731bfb4a84be702d5b815168e1bc4f6cae64f9,10750,,,true
P02_BLUE_V_000022,P02,BLUE,V,image_000022.jpg,training/P02/BLUE/V/images/image_000022.jpg,3ecfdf87a79fd27f4a37fb80ac38fc56e0a738b11fef89b3f9eefb1595de19cf,10478,,,true
P02_BLUE_V_000023,P02,BLUE,V,image_000023.jpg,training/P02/BLUE/V/images/image_000023.jpg,8b6ab6e42e0e899f16090ee410581c94bdad771390323426b85ad882829a4081,10381,,,true
P02_BLUE_V_000024,P02,BLUE,V,image_000024.jpg,training/P02/BLUE/V/images/image_000024.jpg,b53710d6b16c3346416743ca3dd91f2535016e62a37537ec4ebcbc6cb2f2b434,10497,,,true
P02_BLUE_V_000025,P02,BLUE,V,image_000025.jpg,training/P02/BLUE/V/images/image_000025.jpg,f6489e3d1814b5e6a02ed1df911a1691f2895315a6e0494506b1a412e5288675,10737,,,true
P02_BLUE_W_000001,P02,BLUE,W,image_000001.jpg,training/P02/BLUE/W/images/image_000001.jpg,6e78f7605006e60e93fab645a89c1c6a1618dd39c1c3992fbfbeeddc8a3d0d51,10720,,,true
P02_BLUE_W_000002,P02,BLUE,W,image_000002.jpg,training/P02/BLUE/W/images/image_000002.jpg,d0caac74e103ae51ca00d18bcdaa3e0c1322ecbd4893519116c7f4c0641c6da3,10484,,,true
P02_BLUE_W_000003,P02,BLUE,W,image_000003.jpg,training/P02/BLUE/W/images/image_000003.jpg,fb4ba5bc50e59f266108cb137fc3bd3cbc53b957a94c8adefd2548d75a7b9118,10664,,,true
P02_BLUE_W_000004,P02,BLUE,W,image_000004.jpg,training/P02/BLUE/W/images/image_000004.jpg,dd96a6f4235e17d2a0c6733761a0d09f9dbad1e7349a344853766d46ccd9aa98,10622,,,true
P02_BLUE_W_000005,P02,BLUE,W,image_000005.jpg,training/P02/BLUE/W/images/image_000005.jpg,e40f0e2de4f62cce0c49fd21ee074c627c9c18f5d3284ae252d7d5089b210037,9934,,,true
P02_BLUE_W_000006,P02,BLUE,W,image_000006.jpg,training/P02/BLUE/W/images/image_000006.jpg,fbc10a8c0840bec39ee0d912bcb20d99e98982d884478e45f05fbd1a2d6d7c11,10223,,,true
P02_BLUE_W_000007,P02,BLUE,W,image_000007.jpg,training/P02/BLUE/W/images/image_000007.jpg,26291668b51ec1c6f07282b006065fa6ec4ebf6a1c937ebcea713c0a3d38ddaa,10461,,,true
P02_BLUE_W_000008,P02,BLUE,W,image_000008.jpg,training/P02/BLUE/W/images/image_000008.jpg,2e43e6693b2b9558b53287935349fe33a9775bc60a2f0b0a812a22071843ca19,10504,,,true
P02_BLUE_W_000009,P02,BLUE,W,image_000009.jpg,training/P02/BLUE/W/images/image_000009.jpg,8c74b38b0d5a79cbf1f0f54f5a3459161c0e29b7a5ec818e5260c854eaa61a24,10808,,,true
P02_BLUE_W_000010,P02,BLUE,W,image_000010.jpg,training/P02/BLUE/W/images/image_000010.jpg,2c231ba3c1f951b51148e76e1422ab68dc90288bcd057cfed1bf72cb88c9475f,10639,,,true
P02_BLUE_W_000011,P02,BLUE,W,image_000011.jpg,training/P02/BLUE/W/images/image_000011.jpg,bf5b6d09fe166329509bbbc91ccd242ab002fe0aed1cf7acdef8044301a35de5,10438,,,true
P02_BLUE_W_000012,P02,BLUE,W,image_000012.jpg,training/P02/BLUE/W/images/image_000012.jpg,cb2aa6b00709a41ee5a391c581787745ae7dfaadf42230d8bf9d4974102cc071,10184,,,true
P02_BLUE_W_000013,P02,BLUE,W,image_000013.jpg,training/P02/BLUE/W/images/image_000013.jpg,57564f6ece3f89d342e5646231e5cb563c63102cff6ab5a6198a1dd050e2c00a,10414,,,true
P02_BLUE_W_000014,P02,BLUE,W,image_000014.jpg,training/P02/BLUE/W/images/image_000014.jpg,beab20e453a5a13260c49bd39601c599ace9efdc785595f6dc0d4efff8f6163d,9541,,,true
P02_BLUE_W_000015,P02,BLUE,W,image_000015.jpg,training/P02/BLUE/W/images/image_000015.jpg,8a83106c1bbe9a88e4d7f294a1eea0fe56e95a72ff3cda82dc4112dbc43e8643,9245,,,true
P02_BLUE_W_000016,P02,BLUE,W,image_000016.jpg,training/P02/BLUE/W/images/image_000016.jpg,af690c8c5cb07e99fbd7114e1f1d65f5b376d54c1ef7d696c47ff5623fb85c17,9245,,,true
P02_BLUE_W_000017,P02,BLUE,W,image_000017.jpg,training/P02/BLUE/W/images/image_000017.jpg,04b173ec9f98a9d57b2a0b3f9498bdbaff76cae29b2a1563fd29d4ed16285430,9211,,,true
P02_BLUE_W_000018,P02,BLUE,W,image_000018.jpg,training/P02/BLUE/W/images/image_000018.jpg,2568ee6b5a1eb173c33f6a66237cde087baaba29f6589050a9e3cf6845d4024b,9191,,,true
P02_BLUE_W_000019,P02,BLUE,W,image_000019.jpg,training/P02/BLUE/W/images/image_000019.jpg,987bf23efbb6aef17772dc0475b072447ced21af2c074172f0ae2446dc3afa42,9270,,,true
P02_BLUE_W_000020,P02,BLUE,W,image_000020.jpg,training/P02/BLUE/W/images/image_000020.jpg,44446fea3ae895c343d40cb623d48498efd5ae3bf0d081810bc7b78d021d1d62,9252,,,true
P02_BLUE_W_000021,P02,BLUE,W,image_000021.jpg,training/P02/BLUE/W/images/image_000021.jpg,36529a915833a0359ea747e522a9da6961fe13e64f3efa05f8a97a7903918eb9,9558,,,true
P02_BLUE_W_000022,P02,BLUE,W,image_000022.jpg,training/P02/BLUE/W/images/image_000022.jpg,27c0ffe0b0f7235ae0234db7b60790e38a38e12fda898902b26f11a180a57f00,9085,,,true
P02_BLUE_W_000023,P02,BLUE,W,image_000023.jpg,training/P02/BLUE/W/images/image_000023.jpg,15f16e81091077ed074d8bbb3499d744938adec3e48aa284600892d04ec7fa62,9079,,,true
P02_BLUE_W_000024,P02,BLUE,W,image_000024.jpg,training/P02/BLUE/W/images/image_000024.jpg,6dc093fba9d1b12895ce8fd4595cc376223bf886518a8467d61586f1114cd795,9460,,,true
P02_BLUE_W_000025,P02,BLUE,W,image_000025.jpg,training/P02/BLUE/W/images/image_000025.jpg,bc4d1963c7baae15a70ab92b6e4619b4578ffb026f5324a414882a59686c1b71,9476,,,true
P02_BLUE_Y_000001,P02,BLUE,Y,image_000001.jpg,training/P02/BLUE/Y/images/image_000001.jpg,802f3df2a7f4df63e77ebbffc51e92f7a87927602c4610f9952e81827dcb1c00,10666,,,true
P02_BLUE_Y_000002,P02,BLUE,Y,image_000002.jpg,training/P02/BLUE/Y/images/image_000002.jpg,78281529c001b8a87038ee11f06e11bc1c09e216ebd30049a150b9dc00cb2f2c,10616,,,true
P02_BLUE_Y_000003,P02,BLUE,Y,image_000003.jpg,training/P02/BLUE/Y/images/image_000003.jpg,87aa699d342ba13f71bf4e7f5106caa2686f75e0126a806f30f599cded5a0096,10005,,,true
P02_BLUE_Y_000004,P02,BLUE,Y,image_000004.jpg,training/P02/BLUE/Y/images/image_000004.jpg,a49242c2560dfe5cca28442c9c5d52f7db2383f4f72420a258debe19e4d73798,10199,,,true
P02_BLUE_Y_000005,P02,BLUE,Y,image_000005.jpg,training/P02/BLUE/Y/images/image_000005.jpg,c38a5b9d864d4b9c5de26d3429d546039e48bc17762b3643c1dc2cc1083cf8ec,9746,,,true
P02_BLUE_Y_000006,P02,BLUE,Y,image_000006.jpg,training/P02/BLUE/Y/images/image_000006.jpg,62c3506954f81dd75a44a9f497be0a54068ce32bb17b13094e58e98369957301,9985,,,true
P02_BLUE_Y_000007,P02,BLUE,Y,image_000007.jpg,training/P02/BLUE/Y/images/image_000007.jpg,4cfd6478aada8ee9f19cffb5938db810b1a9f5346d221cadb3b1531382ced986,10220,,,true
P02_BLUE_Y_000008,P02,BLUE,Y,image_000008.jpg,training/P02/BLUE/Y/images/image_000008.jpg,19536d9598613589364c27a150a398b0b074b1bef5e940456dd140da75d0de7d,9836,,,true
P02_BLUE_Y_000009,P02,BLUE,Y,image_000009.jpg,training/P02/BLUE/Y/images/image_000009.jpg,1d7736c16929148e7b954fe1b21d1ebd0bcea2eccceb090a30a5bbfa014708e8,10362,,,true
P02_BLUE_Y_000010,P02,BLUE,Y,image_000010.jpg,training/P02/BLUE/Y/images/image_000010.jpg,c216b79b274661c0cc98a26bf120c408605e6f782a08090bc9ae2e055293cd83,10446,,,true
P02_BLUE_Y_000011,P02,BLUE,Y,image_000011.jpg,training/P02/BLUE/Y/images/image_000011.jpg,997922bca43e242f0005c004bfacc604853b34ecf1e6e969c59e3cf70edc4a97,10473,,,true
P02_BLUE_Y_000012,P02,BLUE,Y,image_000012.jpg,training/P02/BLUE/Y/images/image_000012.jpg,50262c4f0a9d6a6342d8c7ac3e3e912af5049dc95a022fe3cb0396495d882c12,10400,,,true
P02_BLUE_Y_000013,P02,BLUE,Y,image_000013.jpg,training/P02/BLUE/Y/images/image_000013.jpg,860ea54539aa1b52a5a3e00bdbeda47edc20df931035b0f1dceecd2b044c8b61,10374,,,true
P02_BLUE_Y_000014,P02,BLUE,Y,image_000014.jpg,training/P02/BLUE/Y/images/image_000014.jpg,219c3370894accbb5a8f2130bef4bf84d0d2926f7cdb55ae2ec5da499df4fb04,10140,,,true
P02_BLUE_Y_000015,P02,BLUE,Y,image_000015.jpg,training/P02/BLUE/Y/images/image_000015.jpg,04955270916bf0ea24f477eff5417dc12b6f5c49efcdb48348f55fe3f0183f86,10576,,,true
P02_BLUE_Y_000016,P02,BLUE,Y,image_000016.jpg,training/P02/BLUE/Y/images/image_000016.jpg,22b88bba1dfed0c349c540aed33ac61b82bc368e08726274056c354e76813ed4,10042,,,true
P02_BLUE_Y_000017,P02,BLUE,Y,image_000017.jpg,training/P02/BLUE/Y/images/image_000017.jpg,f0e170cb9816ec81d2afe8f21f0cc5e1d2b47ff273009f114ab64fed1b338c15,10276,,,true
P02_BLUE_Y_000018,P02,BLUE,Y,image_000018.jpg,training/P02/BLUE/Y/images/image_000018.jpg,51c0c3da1211fe7a1e45b80f8d07a3482f14326e522484b710e162b0e7551789,10526,,,true
P02_BLUE_Y_000019,P02,BLUE,Y,image_000019.jpg,training/P02/BLUE/Y/images/image_000019.jpg,abb63ab0e1ef71d8330d52aaf654e3f97e44d96bf743675479407cbabf7e226a,9961,,,true
P02_BLUE_Y_000020,P02,BLUE,Y,image_000020.jpg,training/P02/BLUE/Y/images/image_000020.jpg,40d72d7206a5c1cef209a16d4186e3dfd6055150694a3d328be1fbce7310af5c,9762,,,true
P02_BLUE_Y_000021,P02,BLUE,Y,image_000021.jpg,training/P02/BLUE/Y/images/image_000021.jpg,3ebf7b7fdbd3233e7cbf7ee1d6d1d15374969bc0953eb52af87c81ce1a61f308,10112,,,true
P02_BLUE_Y_000022,P02,BLUE,Y,image_000022.jpg,training/P02/BLUE/Y/images/image_000022.jpg,473f42b6fb44e192c1b3d91c83da66226f24454bba63ec0e4e5ca03719bb892d,10292,,,true
P02_BLUE_Y_000023,P02,BLUE,Y,image_000023.jpg,training/P02/BLUE/Y/images/image_000023.jpg,79eff35e6346af4cd01959d8eec7081d20f411368a3003826fb41618c0edb9d0,10325,,,true
P02_BLUE_Y_000024,P02,BLUE,Y,image_000024.jpg,training/P02/BLUE/Y/images/image_000024.jpg,0924ff69715478130a4b9e56fcd32f103068be325e660baff9c36fcc719e684f,10197,,,true
P02_BLUE_Y_000025,P02,BLUE,Y,image_000025.jpg,training/P02/BLUE/Y/images/image_000025.jpg,507773beac9c414a81a125d20f11c1e7f7ba0d6d6c37d4d77c2eb2da161d34d2,9903,,,true
P03_BLACK_A_000001,P03,BLACK,A,image_000001.jpg,training/P03/BLACK/A/images/image_000001.jpg,a3512f6c09f03ac1771aea0a42885b12b3bc71f55827f9c7805c4f5c3ea51c14,8633,,,true
P03_BLACK_A_000002,P03,BLACK,A,image_000002.jpg,training/P03/BLACK/A/images/image_000002.jpg,43bbaa0257a12b6742ba214047e6db9e09983dca3f8318e2e44a7a660f4bc658,8870,,,true
P03_BLACK_A_000003,P03,BLACK,A,image_000003.jpg,training/P03/BLACK/A/images/image_000003.jpg,a19fca99b93c89ffd46269752139cefdee7e917c476bd936db89cb7ee4d9f1d2,8932,,,true
P03_BLACK_A_000004,P03,BLACK,A,image_000004.jpg,training/P03/BLACK/A/images/image_000004.jpg,df7d39f96b72382cec50a95125368a52de41ec2316860600f0dd73ad4e614d9c,8717,,,true
P03_BLACK_A_000005,P03,BLACK,A,image_000005.jpg,training/P03/BLACK/A/images/image_000005.jpg,34170ce36e02c83bf6e286bcc5114c5c684e7681d594a4fe5f118f285a11bc5a,8719,,,true
P03_BLACK_A_000006,P03,BLACK,A,image_000006.jpg,training/P03/BLACK/A/images/image_000006.jpg,b782b9f2dc6f254568c9f0c063ae2b54a6b8b1f346736994adc11902ff859242,8859,,,true
P03_BLACK_A_000007,P03,BLACK,A,image_000007.jpg,training/P03/BLACK/A/images/image_000007.jpg,23ce134edb8a310e8f11b3eefa039b1404b56b10decb9ac00d40548cd9b8743d,8750,,,true
P03_BLACK_A_000008,P03,BLACK,A,image_000008.jpg,training/P03/BLACK/A/images/image_000008.jpg,b012f6c9219b59068ff405d4c345c6a76d822245be402c5d0f1292570af65d92,9046,,,true
P03_BLACK_A_000009,P03,BLACK,A,image_000009.jpg,training/P03/BLACK/A/images/image_000009.jpg,94000369b0c44fcb4d448a15c6595076749d19e9159a9ef45daf307790974ebe,8949,,,true
P03_BLACK_A_000010,P03,BLACK,A,image_000010.jpg,training/P03/BLACK/A/images/image_000010.jpg,1a6f3fe27bc7af3b57a7cc085cfa75d2e790d8346d9d5b4fe6dad051b9dabec9,8936,,,true
P03_BLACK_A_000011,P03,BLACK,A,image_000011.jpg,training/P03/BLACK/A/images/image_000011.jpg,399dbc66087a89733426d7cc748c019dc7bd245eb11ddf8e3c357d1cea24af86,8941,,,true
P03_BLACK_A_000012,P03,BLACK,A,image_000012.jpg,training/P03/BLACK/A/images/image_000012.jpg,464370a8ba8d8efe760c21d2467c0fe36ec45913513bd45006a5fa590544ebaf,9045,,,true
P03_BLACK_A_000013,P03,BLACK,A,image_000013.jpg,training/P03/BLACK/A/images/image_000013.jpg,a2262062e3cfb832316ea9dda8f697adffe373b7260cc0d01f22839e87bdd409,8305,,,true
P03_BLACK_A_000014,P03,BLACK,A,image_000014.jpg,training/P03/BLACK/A/images/image_000014.jpg,010c5e3ccedbd9617fa117c2edca45a2032f05565cd9b6778cd10f08ce26962f,8353,,,true
P03_BLACK_A_000015,P03,BLACK,A,image_000015.jpg,training/P03/BLACK/A/images/image_000015.jpg,5c200a6bf08894f3dddad84b546b52810532f82c5f3a61b179e023f686b86cca,8779,,,true
P03_BLACK_A_000016,P03,BLACK,A,image_000016.jpg,training/P03/BLACK/A/images/image_000016.jpg,5a5c58346736b5066de5ace57d314ccc515aaa32e93f9e2e7e939ffe2ad74456,8534,,,true
P03_BLACK_A_000017,P03,BLACK,A,image_000017.jpg,training/P03/BLACK/A/images/image_000017.jpg,4ff086b607dfde80b81b883317a84c31564430dc8e02bc8219296cd2510ee889,8564,,,true
P03_BLACK_A_000018,P03,BLACK,A,image_000018.jpg,training/P03/BLACK/A/images/image_000018.jpg,0d79d5b17324238aad3a7dfd2ce55c10280201f034cd9bbaf3c1cc05c5f5db79,8779,,,true
P03_BLACK_A_000019,P03,BLACK,A,image_000019.jpg,training/P03/BLACK/A/images/image_000019.jpg,4e9f9dd0960224047804ad43a03d738413f93644b3cb70cbb4cd75a33f9477b0,8467,,,true
P03_BLACK_A_000020,P03,BLACK,A,image_000020.jpg,training/P03/BLACK/A/images/image_000020.jpg,e8a15942208038be663f21e4050713c5c98865faf62be4b343d1398f13d8ea0b,8493,,,true
P03_BLACK_A_000021,P03,BLACK,A,image_000021.jpg,training/P03/BLACK/A/images/image_000021.jpg,0be522aafdb86fe0e32c91b3543f3bf648741ef7724a67fa74012ed7d148eea7,8570,,,true
P03_BLACK_A_000022,P03,BLACK,A,image_000022.jpg,training/P03/BLACK/A/images/image_000022.jpg,4205fde5b04ccf9bdc47c146fca9e01dba533f7c83b6d1b5378563b703a4bf1e,8625,,,true
P03_BLACK_A_000023,P03,BLACK,A,image_000023.jpg,training/P03/BLACK/A/images/image_000023.jpg,c1eca71346a32951d340d84dd20a16ae32814dde49afe9695d076270d1d3473d,9267,,,true
P03_BLACK_A_000024,P03,BLACK,A,image_000024.jpg,training/P03/BLACK/A/images/image_000024.jpg,cc61f7feb5cf0ce0f846e0e12204c31f7ace77f429746ba5bc33ec7dbc647bc7,8685,,,true
P03_BLACK_A_000025,P03,BLACK,A,image_000025.jpg,training/P03/BLACK/A/images/image_000025.jpg,7466fed78cb430dc2a8e584ade1bb6c43650a3bfe76b3b258fbd4106d26ef665,8443,,,true
P03_BLACK_B_000001,P03,BLACK,B,image_000001.jpg,training/P03/BLACK/B/images/image_000001.jpg,f826a5d09aa8877630e0d4f7c846ddf75b351d0739906ef1e90fc98f8729c723,8842,,,true
P03_BLACK_B_000002,P03,BLACK,B,image_000002.jpg,training/P03/BLACK/B/images/image_000002.jpg,e1cbac904116033a7726f0f0de9a6a6b4031373311c529dd6632e4d7bdc358be,9091,,,true
P03_BLACK_B_000003,P03,BLACK,B,image_000003.jpg,training/P03/BLACK/B/images/image_000003.jpg,89841fcf608c7df761c03269f8ac5e304fbae2602d5bb010c8fe731ff7377712,8819,,,true
P03_BLACK_B_000004,P03,BLACK,B,image_000004.jpg,training/P03/BLACK/B/images/image_000004.jpg,77d8e0b7343b559ea43c542128a0931e3a5bdb0eb15420946f191001330d0ef6,8999,,,true
P03_BLACK_B_000005,P03,BLACK,B,image_000005.jpg,training/P03/BLACK/B/images/image_000005.jpg,5efe5c9efd42ed446d40c2049a8250234a0bb681ba2ccb5550d8a0ee54d2988e,8925,,,true
P03_BLACK_B_000006,P03,BLACK,B,image_000006.jpg,training/P03/BLACK/B/images/image_000006.jpg,e439c95fc9fd3f0e2b81fe07c9431e5a96583ad43e75b8c8e7adb3fd41e5e926,8595,,,true
P03_BLACK_B_000007,P03,BLACK,B,image_000007.jpg,training/P03/BLACK/B/images/image_000007.jpg,f96273f37dfca152ffbd927eee0e912475012182448c0d3c6e956f876aca8b76,8529,,,true
P03_BLACK_B_000008,P03,BLACK,B,image_000008.jpg,training/P03/BLACK/B/images/image_000008.jpg,adf16851191e758f24d5edd9f227b93cf9c83971e6945356bc5731447277d5e5,8605,,,true
P03_BLACK_B_000009,P03,BLACK,B,image_000009.jpg,training/P03/BLACK/B/images/image_000009.jpg,61fccc312bf59220914a2d213470dc5a83ef7460fd8ed7da3be419a1b0b6d62e,8855,,,true
P03_BLACK_B_000010,P03,BLACK,B,image_000010.jpg,training/P03/BLACK/B/images/image_000010.jpg,de56ad5c4f5e9f9a55feb1cb53015338706ab7db9065dbf8d40476ad676a8f51,9007,,,true
P03_BLACK_B_000011,P03,BLACK,B,image_000011.jpg,training/P03/BLACK/B/images/image_000011.jpg,553effaf817a2c6a19afaaf6490503c0522f50d32ebf828310b84a1afb124b36,8959,,,true
P03_BLACK_B_000012,P03,BLACK,B,image_000012.jpg,training/P03/BLACK/B/images/image_000012.jpg,b91d36c5b3a14f748b48cf8ffc661f6738a553845094091b77a0c9cda28835cc,8786,,,true
P03_BLACK_B_000013,P03,BLACK,B,image_000013.jpg,training/P03/BLACK/B/images/image_000013.jpg,1090ed134281509f204fc0068e1ea670292385529c12d146e370097e5f09ddb8,8643,,,true
P03_BLACK_B_000014,P03,BLACK,B,image_000014.jpg,training/P03/BLACK/B/images/image_000014.jpg,8ceb9c9a8b7f90f8dca6eae1987820ac9fac83b6e7680abbaee4c2b11a704eac,9264,,,true
P03_BLACK_B_000015,P03,BLACK,B,image_000015.jpg,training/P03/BLACK/B/images/image_000015.jpg,8b20037c1a5408518c4598f76befbbcf162696329a3123760f4ca1c0640b4c9d,8551,,,true
P03_BLACK_B_000016,P03,BLACK,B,image_000016.jpg,training/P03/BLACK/B/images/image_000016.jpg,ea05bfffeae625c34a3c7f5159233f00954b37f80f1b59ee9dda5bf220c7d1a9,8220,,,true
P03_BLACK_B_000017,P03,BLACK,B,image_000017.jpg,training/P03/BLACK/B/images/image_000017.jpg,5f451c336e28714a0e32472ce1bb3d4ee6efb21809d1b5bc129a3e97639207e8,8780,,,true
P03_BLACK_B_000018,P03,BLACK,B,image_000018.jpg,training/P03/BLACK/B/images/image_000018.jpg,2725b055683e5bb586c08be18df3554188d7704f1130f6064e01ca75e85d421a,8782,,,true
P03_BLACK_B_000019,P03,BLACK,B,image_000019.jpg,training/P03/BLACK/B/images/image_000019.jpg,f2f7316729f1737ef5425c8207e87aaf600181430bd5d648f574c73669de5fbf,9069,,,true
P03_BLACK_B_000020,P03,BLACK,B,image_000020.jpg,training/P03/BLACK/B/images/image_000020.jpg,d8e41274f0b72205ca47d5e7d5e882e99217eecbf5c1fc27303400b6baec114d,8978,,,true
P03_BLACK_B_000021,P03,BLACK,B,image_000021.jpg,training/P03/BLACK/B/images/image_000021.jpg,04ef2395ced44f9b536285c10310b164492be281b63ea78ff9add3a1424d25d5,9125,,,true
P03_BLACK_B_000022,P03,BLACK,B,image_000022.jpg,training/P03/BLACK/B/images/image_000022.jpg,8e797167cc9fa6f5790412e0e6179c4947697c17a41b6275bb4e8327942c3360,8797,,,true
P03_BLACK_B_000023,P03,BLACK,B,image_000023.jpg,training/P03/BLACK/B/images/image_000023.jpg,137effd9ad2805cda6591e43933582562b8745170219e9c858784668d8e289d0,8751,,,true
P03_BLACK_B_000024,P03,BLACK,B,image_000024.jpg,training/P03/BLACK/B/images/image_000024.jpg,3face8dcfcd2dc71073f6e36e624c0d3d8925cb9977962969832c124e3f0da23,8483,,,true
P03_BLACK_B_000025,P03,BLACK,B,image_000025.jpg,training/P03/BLACK/B/images/image_000025.jpg,216347344fd1bc7a5d09304b22b85c3da5840f566b3743cbb81381e1719dd040,8330,,,true
P03_BLACK_C_000001,P03,BLACK,C,image_000001.jpg,training/P03/BLACK/C/images/image_000001.jpg,1cddbc4903ae388ddd6376fbbe06f53246361f72c556540493a7f8aa1bd482ef,9094,,,true
P03_BLACK_C_000002,P03,BLACK,C,image_000002.jpg,training/P03/BLACK/C/images/image_000002.jpg,828b3ee037911e380864cee056bf8d1c114e2b01178e9d71963a98e384ae837e,9121,,,true
P03_BLACK_C_000003,P03,BLACK,C,image_000003.jpg,training/P03/BLACK/C/images/image_000003.jpg,a5e9b0bc394859484d9b608ba14b283a110f3c65bc9ec4df5a86655bcce4be8d,9320,,,true
P03_BLACK_C_000004,P03,BLACK,C,image_000004.jpg,training/P03/BLACK/C/images/image_000004.jpg,c29e2fefa0738c05725f80b485433906dc658435e80960eb69bccbd889e3b7c3,9201,,,true
P03_BLACK_C_000005,P03,BLACK,C,image_000005.jpg,training/P03/BLACK/C/images/image_000005.jpg,99f328955ff61fb9a2ab2b1c0e9990037a4875cf4fd3a9f79035b72715f72deb,9360,,,true
P03_BLACK_C_000006,P03,BLACK,C,image_000006.jpg,training/P03/BLACK/C/images/image_000006.jpg,ae90c82a53383e214b323b41adcf83383f2793908a12e44ead8a724ccbd86fb7,9063,,,true
P03_BLACK_C_000007,P03,BLACK,C,image_000007.jpg,training/P03/BLACK/C/images/image_000007.jpg,1c6fb5442768b8ae895d48a1b8935aa05f70943d5926615e2c039fa0308b3c48,9126,,,true
P03_BLACK_C_000008,P03,BLACK,C,image_000008.jpg,training/P03/BLACK/C/images/image_000008.jpg,43b9adf0114bb75b2cf07a44fe237c6c5a290ccca21989b0229fc46fb85a8d6f,8837,,,true
P03_BLACK_C_000009,P03,BLACK,C,image_000009.jpg,training/P03/BLACK/C/images/image_000009.jpg,6efb0367ea8e5990687468e94f0b65c465fc74d291c6f2c5e160fa15b7f40124,8944,,,true
P03_BLACK_C_000010,P03,BLACK,C,image_000010.jpg,training/P03/BLACK/C/images/image_000010.jpg,2fe25cce4af0cda166b74207bc4af43bb6cb737bd6a88b04f2c2fd1b8f88b97d,9099,,,true
P03_BLACK_C_000011,P03,BLACK,C,image_000011.jpg,training/P03/BLACK/C/images/image_000011.jpg,8b1a0812c040a9c1014033afbb3f5d3b4ceaa6779755809289fe771d238714d6,8817,,,true
P03_BLACK_C_000012,P03,BLACK,C,image_000012.jpg,training/P03/BLACK/C/images/image_000012.jpg,47c54dfd8f43f6b0e222fa52a4832273605b1d195ea494dcf5af61713a83bef7,8663,,,true
P03_BLACK_C_000013,P03,BLACK,C,image_000013.jpg,training/P03/BLACK/C/images/image_000013.jpg,cd723a3fed8a76dc044b9be2122ff00c5372f95a44cfb2e50387f2266f69503d,8925,,,true
P03_BLACK_C_000014,P03,BLACK,C,image_000014.jpg,training/P03/BLACK/C/images/image_000014.jpg,ed881efc09823198a98bf4dd7427f80e08f46c6cd5d487295151a62904159202,8826,,,true
P03_BLACK_C_000015,P03,BLACK,C,image_000015.jpg,training/P03/BLACK/C/images/image_000015.jpg,f42539646908a5c48c92af8ec9c29215a530003e521bbcb549f9eeed8092d289,8750,,,true
P03_BLACK_C_000016,P03,BLACK,C,image_000016.jpg,training/P03/BLACK/C/images/image_000016.jpg,df1883495651ef7987fa668297cc7704e9e97be18a2d2f72f539168ea4b8a7bd,8931,,,true
P03_BLACK_C_000017,P03,BLACK,C,image_000017.jpg,training/P03/BLACK/C/images/image_000017.jpg,f2cb0130afce74776e474daed7aae56ecf0dea918448a7f840e99f271a061590,8726,,,true
P03_BLACK_C_000018,P03,BLACK,C,image_000018.jpg,training/P03/BLACK/C/images/image_000018.jpg,d48f4f863f4a647696acf67cfb0b98e9476859b7f99cb12b4acf6e470f3e09e1,8899,,,true
P03_BLACK_C_000019,P03,BLACK,C,image_000019.jpg,training/P03/BLACK/C/images/image_000019.jpg,8f4f2b58de789a160cb75c310343face970e3b77ad23f21f8dfb9fb7c9a88acb,8911,,,true
P03_BLACK_C_000020,P03,BLACK,C,image_000020.jpg,training/P03/BLACK/C/images/image_000020.jpg,90a7562d4c25076217e10a201d5bb4b95a676a66d8ebe6c5d5fbdc14328ac11c,9043,,,true
P03_BLACK_C_000021,P03,BLACK,C,image_000021.jpg,training/P03/BLACK/C/images/image_000021.jpg,7699c59dc1ead88cd77e1a16f81574f849ff57dec5618ddc897aaffdd38b6713,8734,,,true
P03_BLACK_C_000022,P03,BLACK,C,image_000022.jpg,training/P03/BLACK/C/images/image_000022.jpg,d49644ee7f35391947442ffe33d163153ccfd1e11ffc1306105f026167a1737e,8646,,,true
P03_BLACK_C_000023,P03,BLACK,C,image_000023.jpg,training/P03/BLACK/C/images/image_000023.jpg,2c7ce8511d9dd17239db0a88232987b712b4a18030a4faebcb87c440652e5917,8863,,,true
P03_BLACK_C_000024,P03,BLACK,C,image_000024.jpg,training/P03/BLACK/C/images/image_000024.jpg,26223ee822d2282f50fb44898587d21f22290e50259dfb3bb804d19e84d4c09e,8789,,,true
P03_BLACK_C_000025,P03,BLACK,C,image_000025.jpg,training/P03/BLACK/C/images/image_000025.jpg,f5dde9b83a577cb2a0b24a556d19d9a769c1f1f3feeb78b2c0195174db1cfddb,8624,,,true
P03_BLACK_E_000001,P03,BLACK,E,image_000001.jpg,training/P03/BLACK/E/images/image_000001.jpg,46ccc6e6850ed2ea6ac40f2cf437c97e0837a967f7ae7a3064185bd3109b7b60,9103,,,true
P03_BLACK_E_000002,P03,BLACK,E,image_000002.jpg,training/P03/BLACK/E/images/image_000002.jpg,a2b370f9a85488eccfd90d5dc575f0c03a8a648340db7f1f8d82c3594707b1f4,8929,,,true
P03_BLACK_E_000003,P03,BLACK,E,image_000003.jpg,training/P03/BLACK/E/images/image_000003.jpg,9098dcfc9412a13173aaffd1ca632d8e6329d7b51c277c75516432c33c00f11a,8490,,,true
P03_BLACK_E_000004,P03,BLACK,E,image_000004.jpg,training/P03/BLACK/E/images/image_000004.jpg,39d7648b9554904b79bf4f51c4f7ba97ac41769602564746bd2d02a422a02abd,8641,,,true
P03_BLACK_E_000005,P03,BLACK,E,image_000005.jpg,training/P03/BLACK/E/images/image_000005.jpg,0929c357ccac1c90062616ba425443c72c57cbfac0f73d3f2685d606c6347ee9,8915,,,true
P03_BLACK_E_000006,P03,BLACK,E,image_000006.jpg,training/P03/BLACK/E/images/image_000006.jpg,ec25eaed3974f88191e28c507e0d88fe993e289a3aa0dabd43d7c9c8b719289d,8690,,,true
P03_BLACK_E_000007,P03,BLACK,E,image_000007.jpg,training/P03/BLACK/E/images/image_000007.jpg,ee57914508c887f1b3688bc1140247f4e651ec85bccd1fc82c1f337c16393b9b,8718,,,true
P03_BLACK_E_000008,P03,BLACK,E,image_000008.jpg,training/P03/BLACK/E/images/image_000008.jpg,a107217aed9506924bac342e16466bf0cb18bb1720038cba4afc6598b1f90241,8641,,,true
P03_BLACK_E_000009,P03,BLACK,E,image_000009.jpg,training/P03/BLACK/E/images/image_000009.jpg,a9233e8614967da47c78122a5ceaf1f31c4407503ef3e526a27261bd394d4351,8581,,,true
P03_BLACK_E_000010,P03,BLACK,E,image_000010.jpg,training/P03/BLACK/E/images/image_000010.jpg,3d10165521750eb2147e8f7d50a571a445e04b659e86fb587e7b6340148b4df5,8613,,,true
P03_BLACK_E_000011,P03,BLACK,E,image_000011.jpg,training/P03/BLACK/E/images/image_000011.jpg,dc140bc350ac3cb90931fd4303dcd6a6eb095ab58ed4f2c95fa3d70403053769,9405,,,true
P03_BLACK_E_000012,P03,BLACK,E,image_000012.jpg,training/P03/BLACK/E/images/image_000012.jpg,6aacbe24ed374e6b745501b8711b25c5ed63a832fd4acea8675e2e8621b085bc,9169,,,true
P03_BLACK_E_000013,P03,BLACK,E,image_000013.jpg,training/P03/BLACK/E/images/image_000013.jpg,129898b9b6704fa21bf0bd3b812dbda4a386b2c4f3d0921da060a2e2db5466c5,8986,,,true
P03_BLACK_E_000014,P03,BLACK,E,image_000014.jpg,training/P03/BLACK/E/images/image_000014.jpg,89ac7ac6e96b756e930c4a85608ad1b318400aa6b50070ac31763a28b97ceda3,8755,,,true
P03_BLACK_E_000015,P03,BLACK,E,image_000015.jpg,training/P03/BLACK/E/images/image_000015.jpg,79e0530dfa94ad7e4852dda3a0b285e46ebacfff2aae55c74aaf1e24b2965c70,8910,,,true
P03_BLACK_E_000016,P03,BLACK,E,image_000016.jpg,training/P03/BLACK/E/images/image_000016.jpg,0d7ddb1208486348c81be9d584f30c9ecbac2c280a73763f815b0c538f3dfc88,8745,,,true
P03_BLACK_E_000017,P03,BLACK,E,image_000017.jpg,training/P03/BLACK/E/images/image_000017.jpg,4bbc04c1f9592f9e35899e4b790f6a090c74a37f96839db8dfa0da2597954436,8928,,,true
P03_BLACK_E_000018,P03,BLACK,E,image_000018.jpg,training/P03/BLACK/E/images/image_000018.jpg,a9cf942b44658c3e2285ff2174a5c8dd97c565d123d71b3bb595690ae82cea01,8695,,,true
P03_BLACK_E_000019,P03,BLACK,E,image_000019.jpg,training/P03/BLACK/E/images/image_000019.jpg,5fcf136620c27807b2d492a034fe4c347bae9b9c6ddcb34bbd58eef7c71969dd,8535,,,true
P03_BLACK_E_000020,P03,BLACK,E,image_000020.jpg,training/P03/BLACK/E/images/image_000020.jpg,126f585db73ee422e335d52be87f000d4a3ac2561c133972422d68935ecc8f90,8929,,,true
P03_BLACK_E_000021,P03,BLACK,E,image_000021.jpg,training/P03/BLACK/E/images/image_000021.jpg,a8a6ac706c9f7cf73838d683e81cd48efefd70e5a6f35fb161caddc34869929e,8501,,,true
P03_BLACK_E_000022,P03,BLACK,E,image_000022.jpg,training/P03/BLACK/E/images/image_000022.jpg,3183b081bf15a6542e51f091f2f39bdde945ffdedf4f31be834f04001fb202f0,9607,,,true
P03_BLACK_E_000023,P03,BLACK,E,image_000023.jpg,training/P03/BLACK/E/images/image_000023.jpg,b92b12bc46411cbe3d6bb6498ccf40990f63785f34cf04bb06c048292c15578d,9587,,,true
P03_BLACK_E_000024,P03,BLACK,E,image_000024.jpg,training/P03/BLACK/E/images/image_000024.jpg,e6942383a0875b2436b73a42ab8483c4220a2a6620fe880ced167277976d6bb6,8666,,,true
P03_BLACK_E_000025,P03,BLACK,E,image_000025.jpg,training/P03/BLACK/E/images/image_000025.jpg,a91a29fd707d83db898c8bd0f3bef46a1239b764a9c12105db4037dfa8ae8758,8559,,,true
P03_BLACK_I_000001,P03,BLACK,I,image_000001.jpg,training/P03/BLACK/I/images/image_000001.jpg,a476aa084ce2ac4edda81254c6b0e8c03a37a6164cef8fb3d534b8cbdc004411,9839,,,true
P03_BLACK_I_000002,P03,BLACK,I,image_000002.jpg,training/P03/BLACK/I/images/image_000002.jpg,41e8396233c03f996144be2dfd2f63e6e523472edd9b7470504f25fd964a8336,8815,,,true
P03_BLACK_I_000003,P03,BLACK,I,image_000003.jpg,training/P03/BLACK/I/images/image_000003.jpg,e632945359c507dde12fbeef9b345953754ec41dd480a2225b16998cb4be50b2,8678,,,true
P03_BLACK_I_000004,P03,BLACK,I,image_000004.jpg,training/P03/BLACK/I/images/image_000004.jpg,051485693eb4e6e377dda871f2e57b8c07e350555672f0939c70e7177f043f2c,8818,,,true
P03_BLACK_I_000005,P03,BLACK,I,image_000005.jpg,training/P03/BLACK/I/images/image_000005.jpg,a4f677dba9ca56988b63566af261cc54534de7aface6701dbd164a60ea804fe0,9240,,,true
P03_BLACK_I_000006,P03,BLACK,I,image_000006.jpg,training/P03/BLACK/I/images/image_000006.jpg,06502bb6beeff0025e5cebb3fce2c57cdac866752eba55aa3144c2b852c70bb2,9209,,,true
P03_BLACK_I_000007,P03,BLACK,I,image_000007.jpg,training/P03/BLACK/I/images/image_000007.jpg,0f7e10598dd8f92d935374bb3e5b57f011b46c862640cb06ce58cf7c94b369cd,8978,,,true
P03_BLACK_I_000008,P03,BLACK,I,image_000008.jpg,training/P03/BLACK/I/images/image_000008.jpg,812526957a8b9d8c9203c0ab8d3b1c2d443853e40221ce6e48fd1fb914e2ea1c,8767,,,true
P03_BLACK_I_000009,P03,BLACK,I,image_000009.jpg,training/P03/BLACK/I/images/image_000009.jpg,06c886a01b8068b68defb8ae154a2511d4583d3636b1f5350131b79d98965184,8767,,,true
P03_BLACK_I_000010,P03,BLACK,I,image_000010.jpg,training/P03/BLACK/I/images/image_000010.jpg,825ba11ee17d17ac257ad554752c2b13fe8fcdaf71c8c0c738d8eaae27e9c9a2,8825,,,true
P03_BLACK_I_000011,P03,BLACK,I,image_000011.jpg,training/P03/BLACK/I/images/image_000011.jpg,07cbd4707f25d8177a21a5662fd9acbe56306c781cad1cfe7823fead8ae737a9,8685,,,true
P03_BLACK_I_000012,P03,BLACK,I,image_000012.jpg,training/P03/BLACK/I/images/image_000012.jpg,f9c5087a655c0d9af529621dee82b71a534c86a737ce15fd00748d3e20f60162,8646,,,true
P03_BLACK_I_000013,P03,BLACK,I,image_000013.jpg,training/P03/BLACK/I/images/image_000013.jpg,0228cd01ee29a5551be5c6d52343b6b0411e46329930d3fdf66a88d46cb0782a,8668,,,true
P03_BLACK_I_000014,P03,BLACK,I,image_000014.jpg,training/P03/BLACK/I/images/image_000014.jpg,f80fca158143e494ab97d065c64eed9610720afd398192fef54b9413ba97e31a,8438,,,true
P03_BLACK_I_000015,P03,BLACK,I,image_000015.jpg,training/P03/BLACK/I/images/image_000015.jpg,509afaed27f0514ba099865df11eddce2130c2b97857fdb218f7ddce709c9a03,8367,,,true
P03_BLACK_I_000016,P03,BLACK,I,image_000016.jpg,training/P03/BLACK/I/images/image_000016.jpg,9da192123af8bbab0b3f44266775062de435f5c7acbe42f131afbda0ba076bea,8619,,,true
P03_BLACK_I_000017,P03,BLACK,I,image_000017.jpg,training/P03/BLACK/I/images/image_000017.jpg,7c280845b049b13ca702a075f1e97340b4f41bdd29f49a377cfe6f26e501495a,8872,,,true
P03_BLACK_I_000018,P03,BLACK,I,image_000018.jpg,training/P03/BLACK/I/images/image_000018.jpg,38a53c686e60c69a9dc2123c92bcc9a25ae5c31edf7e8bf0dcd4cc4d0fbf15a9,8810,,,true
P03_BLACK_I_000019,P03,BLACK,I,image_000019.jpg,training/P03/BLACK/I/images/image_000019.jpg,2be8b1c633be5a5e8132a249be4bf9d37fafed4982cd6052231e0a75f7349d4a,8891,,,true
P03_BLACK_I_000020,P03,BLACK,I,image_000020.jpg,training/P03/BLACK/I/images/image_000020.jpg,085897442e54c64af959447b2302350c49c5459c3ecc2c8155bf517d291b9e48,9121,,,true
P03_BLACK_I_000021,P03,BLACK,I,image_000021.jpg,training/P03/BLACK/I/images/image_000021.jpg,d30c349060288d01fcddc9e4c87c553e42d2cce68699b4bba1e9a5b98a43eec7,8912,,,true
P03_BLACK_I_000022,P03,BLACK,I,image_000022.jpg,training/P03/BLACK/I/images/image_000022.jpg,c4f4cf10669d25b35fd9deaa6520ccb404b5fefdfc49549524aa11d2e0ec4fe9,8826,,,true
P03_BLACK_I_000023,P03,BLACK,I,image_000023.jpg,training/P03/BLACK/I/images/image_000023.jpg,1495bb4fbf59c59881c00a28379a1ce7a2970d1b4362d26820e3df5727eb626f,9254,,,true
P03_BLACK_I_000024,P03,BLACK,I,image_000024.jpg,training/P03/BLACK/I/images/image_000024.jpg,d7bdcff16e39f95ef6eb70ad9b763be979611514848242e4766af4b0ee9712ec,8788,,,true
P03_BLACK_I_000025,P03,BLACK,I,image_000025.jpg,training/P03/BLACK/I/images/image_000025.jpg,2a3ce6573c61df4fc74924d4a629464a498fa0e1894a74a1a49dccf2cc056aa6,8448,,,true
P03_BLACK_L_000001,P03,BLACK,L,image_000001.jpg,training/P03/BLACK/L/images/image_000001.jpg,7a2509be959046eb8138e2cb0d68573e92664b70bd886e9112cf4db30d98e413,8744,,,true
P03_BLACK_L_000002,P03,BLACK,L,image_000002.jpg,training/P03/BLACK/L/images/image_000002.jpg,a980957cf6f2b1ccc081c29dac15f077bd83dd49c0bf95538472f15d8aa78546,8965,,,true
P03_BLACK_L_000003,P03,BLACK,L,image_000003.jpg,training/P03/BLACK/L/images/image_000003.jpg,511bbea4add30026df3ba6ff740f90e5936907c8d6987a83c3b984ddd92f1bbd,8958,,,true
P03_BLACK_L_000004,P03,BLACK,L,image_000004.jpg,training/P03/BLACK/L/images/image_000004.jpg,9aab09e0772d4ea028844b657b651d4627aee73e3f0d7b9286a5971177e9686a,8960,,,true
P03_BLACK_L_000005,P03,BLACK,L,image_000005.jpg,training/P03/BLACK/L/images/image_000005.jpg,bcc82d91ffab5579c88593b4ad8e14dfa69a07fd005fa42dbdc508705de309b4,9044,,,true
P03_BLACK_L_000006,P03,BLACK,L,image_000006.jpg,training/P03/BLACK/L/images/image_000006.jpg,01e1b4d3079d1ca6aa5f470e5b1a99a38c0c75180506722cb53504c6d86e49e9,9333,,,true
P03_BLACK_L_000007,P03,BLACK,L,image_000007.jpg,training/P03/BLACK/L/images/image_000007.jpg,43c26e3c1b0b087a22ed14a4c932121b756cfd6e952c1742ebe32f734b52a482,8909,,,true
P03_BLACK_L_000008,P03,BLACK,L,image_000008.jpg,training/P03/BLACK/L/images/image_000008.jpg,59e2a0a6fd0be41f19cbaed5a3b3079501d1805494766b05acc47b40e47cfdbb,8974,,,true
P03_BLACK_L_000009,P03,BLACK,L,image_000009.jpg,training/P03/BLACK/L/images/image_000009.jpg,b9db43033c6c899452535cd316358316df6645a210de920e699bbe68f77a2370,8848,,,true
P03_BLACK_L_000010,P03,BLACK,L,image_000010.jpg,training/P03/BLACK/L/images/image_000010.jpg,07ec753f8c5fc811cf47e314f97d21dbe61d2d560f4d96204534641c303e9170,8731,,,true
P03_BLACK_L_000011,P03,BLACK,L,image_000011.jpg,training/P03/BLACK/L/images/image_000011.jpg,8bde8749abdd27b88c13ad6fb9c4822853e311da98ec1bed99a34265978a07b3,8828,,,true
P03_BLACK_L_000012,P03,BLACK,L,image_000012.jpg,training/P03/BLACK/L/images/image_000012.jpg,3297e27724296894dbbafc6fa0fca38ce75aa03b6e88174ef0188936fd0a2916,8949,,,true
P03_BLACK_L_000013,P03,BLACK,L,image_000013.jpg,training/P03/BLACK/L/images/image_000013.jpg,f0b77b87abe4422058f5cc3bac844dfe901798d181389726892be7677b00fe2d,8904,,,true
P03_BLACK_L_000014,P03,BLACK,L,image_000014.jpg,training/P03/BLACK/L/images/image_000014.jpg,d9987b8b606ae69c75c4b4e7d24f21cf9e7140770d606f675841eb953e3e7f10,8916,,,true
P03_BLACK_L_000015,P03,BLACK,L,image_000015.jpg,training/P03/BLACK/L/images/image_000015.jpg,bb52d2039a533aa5099fc59494637ecd1cc05a87e468e3ae41e26f3446aa41ad,8424,,,true
P03_BLACK_L_000016,P03,BLACK,L,image_000016.jpg,training/P03/BLACK/L/images/image_000016.jpg,e47bd0e4df14448213efc23d6474318d51ee479cc627c9e4415dfdcb301cde9c,8745,,,true
P03_BLACK_L_000017,P03,BLACK,L,image_000017.jpg,training/P03/BLACK/L/images/image_000017.jpg,8ed09d873d60b177a66f33e4e659c505f1b075ccbff4cfd03244607f66508009,8681,,,true
P03_BLACK_L_000018,P03,BLACK,L,image_000018.jpg,training/P03/BLACK/L/images/image_000018.jpg,f8cd4330cdc4950a45049449fa298de14bdefe7e7c671596f2fbf20f3c565158,8724,,,true
P03_BLACK_L_000019,P03,BLACK,L,image_000019.jpg,training/P03/BLACK/L/images/image_000019.jpg,bd4949c960a5bcf73e4de5055869b38da8de8f000cd7c918bec607e2b8be1917,8943,,,true
P03_BLACK_L_000020,P03,BLACK,L,image_000020.jpg,training/P03/BLACK/L/images/image_000020.jpg,bcd4a09e8c1469e71cc6c29fc98c3adbd6bafc54d7d59aa0b9fc1931eced3e4e,9159,,,true
P03_BLACK_L_000021,P03,BLACK,L,image_000021.jpg,training/P03/BLACK/L/images/image_000021.jpg,bd56f8e1af93ec75e8f8015a2534912e7a5e8b99f998ce3b5b23e478d956fbc5,8949,,,true
P03_BLACK_L_000022,P03,BLACK,L,image_000022.jpg,training/P03/BLACK/L/images/image_000022.jpg,5a6f5e82fb72fcc86f940b81d03073bf5d6769c412968ce3e45ba54d9ddc7be3,8946,,,true
P03_BLACK_L_000023,P03,BLACK,L,image_000023.jpg,training/P03/BLACK/L/images/image_000023.jpg,a0d7f2d8d2a065e8f123b5011f7e69beb0443fa9ef046b89865768610829e7f9,9116,,,true
P03_BLACK_L_000024,P03,BLACK,L,image_000024.jpg,training/P03/BLACK/L/images/image_000024.jpg,e515be66e295616ed3d7171eadbbbcc4e9dedfb42748024da2f957aa53fe9a02,8581,,,true
P03_BLACK_L_000025,P03,BLACK,L,image_000025.jpg,training/P03/BLACK/L/images/image_000025.jpg,2875375793a58f80a1c0aeb5dbe8fc8cf15f6b63bd4731aea41fc68b6700ab2a,8986,,,true
P03_BLACK_M_000001,P03,BLACK,M,image_000001.jpg,training/P03/BLACK/M/images/image_000001.jpg,e9cc9c740c31014f7c15e641e258fa8ff53ac896c07c4e11089405f5f9fa3fa0,9612,,,true
P03_BLACK_M_000002,P03,BLACK,M,image_000002.jpg,training/P03/BLACK/M/images/image_000002.jpg,9d88549381b548dbbf39a8fc1cd50767db035b361bba2f5fb5a134c09dbc37d1,9768,,,true
P03_BLACK_M_000003,P03,BLACK,M,image_000003.jpg,training/P03/BLACK/M/images/image_000003.jpg,d886dee368c6d13fb596fdbcb5fcf63f2e977c3c2e4b46699bab3b24664beac1,9644,,,true
P03_BLACK_M_000004,P03,BLACK,M,image_000004.jpg,training/P03/BLACK/M/images/image_000004.jpg,21504b0bf3751e20a8123cfc0ccd5320bd19a9d4d8c6bfc82f07d0f330798755,9010,,,true
P03_BLACK_M_000005,P03,BLACK,M,image_000005.jpg,training/P03/BLACK/M/images/image_000005.jpg,eb51f9b9d3bef677555633f2e50e775044efd85aa8429b30155d52c3e20dc76a,9386,,,true
P03_BLACK_M_000006,P03,BLACK,M,image_000006.jpg,training/P03/BLACK/M/images/image_000006.jpg,f07649b53768b1e3f54e39dcd77a1713d10d108b13f72a503bd2ad8994abea5e,9281,,,true
P03_BLACK_M_000007,P03,BLACK,M,image_000007.jpg,training/P03/BLACK/M/images/image_000007.jpg,e2901b9076bbac5c8d2e4200575c721b71daaca74c4715bf9c18825339eb48f5,8717,,,true
P03_BLACK_M_000008,P03,BLACK,M,image_000008.jpg,training/P03/BLACK/M/images/image_000008.jpg,e5b0cbbf293160ad6a64834c6699b25aab8984203f1262543ecd843b0f3945dc,8781,,,true
P03_BLACK_M_000009,P03,BLACK,M,image_000009.jpg,training/P03/BLACK/M/images/image_000009.jpg,dce989d3fc3712a4debf6f3eea9f84ea8486aff0218dd01f5db89be59e27ed61,8978,,,true
P03_BLACK_M_000010,P03,BLACK,M,image_000010.jpg,training/P03/BLACK/M/images/image_000010.jpg,bb0cfc7a254d62db182c115dddaa3a2427de4403652fbf7960113918442e32bb,9245,,,true
P03_BLACK_M_000011,P03,BLACK,M,image_000011.jpg,training/P03/BLACK/M/images/image_000011.jpg,009715068d0da312d1d6b6ddf66b880f69de16535175f9c972a2b138ed4d4c8f,8620,,,true
P03_BLACK_M_000012,P03,BLACK,M,image_000012.jpg,training/P03/BLACK/M/images/image_000012.jpg,9568cd7796798952f08e69242fea68024fbee8ddc5a2c2456b8840b69ad90be3,8526,,,true
P03_BLACK_M_000013,P03,BLACK,M,image_000013.jpg,training/P03/BLACK/M/images/image_000013.jpg,3f578973c061c58774c981848fe519cbc52321a1ab78dd89e039d625eb4a5f80,8907,,,true
P03_BLACK_M_000014,P03,BLACK,M,image_000014.jpg,training/P03/BLACK/M/images/image_000014.jpg,46fd8d666f337474237d1c444f0e2682cd1b3fb2e5d655f803dd39bb00f68c77,8676,,,true
P03_BLACK_M_000015,P03,BLACK,M,image_000015.jpg,training/P03/BLACK/M/images/image_000015.jpg,41c1290dd9fcf24653fedf45b2d77d713f27488c826279eae8ec6108078a3571,8833,,,true
P03_BLACK_M_000016,P03,BLACK,M,image_000016.jpg,training/P03/BLACK/M/images/image_000016.jpg,85f1173687392b082964913739f73184a0a596e58b5c291d7e627a8b3614ceca,8693,,,true
P03_BLACK_M_000017,P03,BLACK,M,image_000017.jpg,training/P03/BLACK/M/images/image_000017.jpg,f5159223f3ab3f7b6d551bc68a94853d556aaaa651c023606634e6080b26bc0a,8720,,,true
P03_BLACK_M_000018,P03,BLACK,M,image_000018.jpg,training/P03/BLACK/M/images/image_000018.jpg,0ffbc9549d11d520f9319f52bf4a469574327ff395d88bd1d96dfb97cb1bca59,8932,,,true
P03_BLACK_M_000019,P03,BLACK,M,image_000019.jpg,training/P03/BLACK/M/images/image_000019.jpg,cc023dbda2462e09973237cb3e6da02624c0df0e550eb4f8b0d957e30368da3d,8839,,,true
P03_BLACK_M_000020,P03,BLACK,M,image_000020.jpg,training/P03/BLACK/M/images/image_000020.jpg,688d4d4fdf7f5716837b2ca9d3da20c242aa15a9875cb83442c19decd6da1b42,8546,,,true
P03_BLACK_M_000021,P03,BLACK,M,image_000021.jpg,training/P03/BLACK/M/images/image_000021.jpg,0d4464cea1f99dd157fcde2b2405ccccbe50a10fdb94778a51d8e61f95c493cd,8893,,,true
P03_BLACK_M_000022,P03,BLACK,M,image_000022.jpg,training/P03/BLACK/M/images/image_000022.jpg,120c9ca0137f476b8a6663a8c3a67dd35ffc62da9e3be1b412255df4852d52ce,8780,,,true
P03_BLACK_M_000023,P03,BLACK,M,image_000023.jpg,training/P03/BLACK/M/images/image_000023.jpg,3a9db093c6bf122cbd91246639270cc8dc9dab7ec8f29faeb5e8bb4b24cb53e0,8580,,,true
P03_BLACK_M_000024,P03,BLACK,M,image_000024.jpg,training/P03/BLACK/M/images/image_000024.jpg,becb7d730474a6695bc72b9162d01a679250d194c2d045ed554773e423709aa3,8969,,,true
P03_BLACK_M_000025,P03,BLACK,M,image_000025.jpg,training/P03/BLACK/M/images/image_000025.jpg,b1e9ad0455edbb1ecda41946a1d3f88a957828afd83722d62ca5c10f6dd1e006,8681,,,true
P03_BLACK_N_000001,P03,BLACK,N,image_000001.jpg,training/P03/BLACK/N/images/image_000001.jpg,b946f00ec18581865ebf6358a12678ced7c0db9f8d4a62930d8aa6198d975271,8903,,,true
P03_BLACK_N_000002,P03,BLACK,N,image_000002.jpg,training/P03/BLACK/N/images/image_000002.jpg,0054d0b47a60a24668ee867d91751da6abd5c05a6c5fb58a1ce53d875735a568,9271,,,true
P03_BLACK_N_000003,P03,BLACK,N,image_000003.jpg,training/P03/BLACK/N/images/image_000003.jpg,f7e4dc26945ab86877a0a60e77346cf8f14d4e833fa1d9bd33bd4e1b389f2f67,9361,,,true
P03_BLACK_N_000004,P03,BLACK,N,image_000004.jpg,training/P03/BLACK/N/images/image_000004.jpg,2830e1933cca5df17278761f779239ace40138555bf896d93f49d7bf08346a81,9157,,,true
P03_BLACK_N_000005,P03,BLACK,N,image_000005.jpg,training/P03/BLACK/N/images/image_000005.jpg,93068dd91909b10c826cdb62cc576c0304accfef2b6134bf62a5d970e533fb77,9577,,,true
P03_BLACK_N_000006,P03,BLACK,N,image_000006.jpg,training/P03/BLACK/N/images/image_000006.jpg,9168aa2997fbb8efef54588894601ed1d9dd1f95f26320e9040bf511fcc231f4,8831,,,true
P03_BLACK_N_000007,P03,BLACK,N,image_000007.jpg,training/P03/BLACK/N/images/image_000007.jpg,d93010a348c496891903e7d30b7a618c37e021c63f2a4bd72e59604b607ce03a,8762,,,true
P03_BLACK_N_000008,P03,BLACK,N,image_000008.jpg,training/P03/BLACK/N/images/image_000008.jpg,60df3858cf29254fd5dc19d9c85f392d7a73a8c8fc411ead570e3c6889164f05,8665,,,true
P03_BLACK_N_000009,P03,BLACK,N,image_000009.jpg,training/P03/BLACK/N/images/image_000009.jpg,d76149492be5bd619efd95849b24596e41e2051c5bcefc6e4120eab39701dc78,8667,,,true
P03_BLACK_N_000010,P03,BLACK,N,image_000010.jpg,training/P03/BLACK/N/images/image_000010.jpg,5dd73b09ae8bf3b9e3a01e3b9f227c14d36d9169f77d2ad217d799727bc337bd,8828,,,true
P03_BLACK_N_000011,P03,BLACK,N,image_000011.jpg,training/P03/BLACK/N/images/image_000011.jpg,96513780e10d6c752a80856df86589e4c0f233873ce8c7d914ab1e98222c8cb6,9006,,,true
P03_BLACK_N_000012,P03,BLACK,N,image_000012.jpg,training/P03/BLACK/N/images/image_000012.jpg,e22cbf8cbcb13285f7dc21bbe897c16c86ba2af2ceb24857d97c16b0eaaeb7aa,9112,,,true
P03_BLACK_N_000013,P03,BLACK,N,image_000013.jpg,training/P03/BLACK/N/images/image_000013.jpg,31943e91a69b29f7e82b66897f917eddf1ebfbb9c44d56c23ab31a91a9ad0947,9046,,,true
P03_BLACK_N_000014,P03,BLACK,N,image_000014.jpg,training/P03/BLACK/N/images/image_000014.jpg,87e23dafb289ec5a8ebc61e0fbd602c00c756e96dbbe27681b32ccccb41d5a70,8959,,,true
P03_BLACK_N_000015,P03,BLACK,N,image_000015.jpg,training/P03/BLACK/N/images/image_000015.jpg,3cfba6c58a286e9e6cea60f7da0c2ae90ebcb0e15602b7b1149ff78c6f212cc7,8907,,,true
P03_BLACK_N_000016,P03,BLACK,N,image_000016.jpg,training/P03/BLACK/N/images/image_000016.jpg,19d587765f1f0f7d2bed2a12f7699081bee80c5d2b80c518203eea10497dc841,8344,,,true
P03_BLACK_N_000017,P03,BLACK,N,image_000017.jpg,training/P03/BLACK/N/images/image_000017.jpg,cfaaa191622dce60c79f17f141f27135ccad97f9f63c70ce1480721076c23a79,8835,,,true
P03_BLACK_N_000018,P03,BLACK,N,image_000018.jpg,training/P03/BLACK/N/images/image_000018.jpg,f95ddd216fbe04a152ae5266eed667950cc7ea91462ac062d4881c151003d9f2,8874,,,true
P03_BLACK_N_000019,P03,BLACK,N,image_000019.jpg,training/P03/BLACK/N/images/image_000019.jpg,01fe4b36aa399de85c3eea937c6eec21a21e5c2d5a7c60af4997661fcef251e2,9110,,,true
P03_BLACK_N_000020,P03,BLACK,N,image_000020.jpg,training/P03/BLACK/N/images/image_000020.jpg,fd5c471f211c8803640da27f7df7067f3370b6bf8d4aa37fa30d391e10c6a3d7,8648,,,true
P03_BLACK_N_000021,P03,BLACK,N,image_000021.jpg,training/P03/BLACK/N/images/image_000021.jpg,fad6a5cdc69cae320a80b0fa8ad82307e37441c3da4467440599b1032d328389,8922,,,true
P03_BLACK_N_000022,P03,BLACK,N,image_000022.jpg,training/P03/BLACK/N/images/image_000022.jpg,e61e0201dd9b170b25793047e09dccd1ba8c081b16bdb73f283296f0c027c443,8965,,,true
P03_BLACK_N_000023,P03,BLACK,N,image_000023.jpg,training/P03/BLACK/N/images/image_000023.jpg,1dc79e5a638a039487accf435aeae963a1270426897031541e473dfee31388d7,8697,,,true
P03_BLACK_N_000024,P03,BLACK,N,image_000024.jpg,training/P03/BLACK/N/images/image_000024.jpg,f30c440b7f5dcc61154d9607e763bf79932a36d258521227a0f9a12f3c79917b,8601,,,true
P03_BLACK_N_000025,P03,BLACK,N,image_000025.jpg,training/P03/BLACK/N/images/image_000025.jpg,4f19e5348b78f7c80c9610718a0037ee02eb8783e8fa66f254de8bb6f381e971,8836,,,true
P03_BLACK_O_000001,P03,BLACK,O,image_000001.jpg,training/P03/BLACK/O/images/image_000001.jpg,dc20a3c348df461d59051cd781f09f4d323d2f99b2950a6f9a7a86cd4be36c89,9178,,,true
P03_BLACK_O_000002,P03,BLACK,O,image_000002.jpg,training/P03/BLACK/O/images/image_000002.jpg,5427bf0b2824a2a85bcdc39f8171e1e07f72d3fc73879f94fc91b5ab67cc6423,9393,,,true
P03_BLACK_O_000003,P03,BLACK,O,image_000003.jpg,training/P03/BLACK/O/images/image_000003.jpg,62aeba5ad7da53a454315192b5d8bf1e7bd5f9f205d7c67ceded3d70bfce9b2e,9751,,,true
P03_BLACK_O_000004,P03,BLACK,O,image_000004.jpg,training/P03/BLACK/O/images/image_000004.jpg,e723044b1737943324b4704917a1572fda9f1d0ab5751f978b54365781a6be56,9413,,,true
P03_BLACK_O_000005,P03,BLACK,O,image_000005.jpg,training/P03/BLACK/O/images/image_000005.jpg,c603ed3e8300202e581a72ebcd3159283805f4918cff7ab0cee8f7a246c5cc78,9260,,,true
P03_BLACK_O_000006,P03,BLACK,O,image_000006.jpg,training/P03/BLACK/O/images/image_000006.jpg,5b27e4ed4b72f4d49066f75b0c970db6bc545f2594d9d023f1abbbdbd67984af,9354,,,true
P03_BLACK_O_000007,P03,BLACK,O,image_000007.jpg,training/P03/BLACK/O/images/image_000007.jpg,99d8b3c7c1fec44acfc1f46ebcbf34d34c0673e5aff54585a807e87904aa43a8,9223,,,true
P03_BLACK_O_000008,P03,BLACK,O,image_000008.jpg,training/P03/BLACK/O/images/image_000008.jpg,03ec072ee41d6f8506a437281d44a9af513bac75d6be028cd774f84caa48a4a0,9065,,,true
P03_BLACK_O_000009,P03,BLACK,O,image_000009.jpg,training/P03/BLACK/O/images/image_000009.jpg,3a883174842d98e82c5fc26316de16871d67f86cf005d8d3cd8bd4b2bb4a5c35,9197,,,true
P03_BLACK_O_000010,P03,BLACK,O,image_000010.jpg,training/P03/BLACK/O/images/image_000010.jpg,aae030494f0d9a9d057120453d96d0856808814f745ff5de4fcad68ea1914ada,9572,,,true
P03_BLACK_O_000011,P03,BLACK,O,image_000011.jpg,training/P03/BLACK/O/images/image_000011.jpg,e8e3d6555797cd7d40aedff4ff08ca47f0077a9d15285eab75ad5f356af7151d,9528,,,true
P03_BLACK_O_000012,P03,BLACK,O,image_000012.jpg,training/P03/BLACK/O/images/image_000012.jpg,a731f8e65c5759648ba765d6f96b39c3605d758230be620825cf40dcec4dbdb2,9240,,,true
P03_BLACK_O_000013,P03,BLACK,O,image_000013.jpg,training/P03/BLACK/O/images/image_000013.jpg,ad125b9bb5372e59a0755057f8b3dffd5c5b204968e0dfa71f115314e4920030,9245,,,true
P03_BLACK_O_000014,P03,BLACK,O,image_000014.jpg,training/P03/BLACK/O/images/image_000014.jpg,32f003652a6c2249dffd0d61eefe922c16e46a3eff22b3584961de8546cbc72b,9260,,,true
P03_BLACK_O_000015,P03,BLACK,O,image_000015.jpg,training/P03/BLACK/O/images/image_000015.jpg,47a37e9539934d9bdc665edeea3fda4d1c354f44ff206006c1cab5f18bf4332c,9185,,,true
P03_BLACK_O_000016,P03,BLACK,O,image_000016.jpg,training/P03/BLACK/O/images/image_000016.jpg,ddbcac3444849bfc4e6c7aae58fe0d8a3813255454a8792feec10872b03ba856,8845,,,true
P03_BLACK_O_000017,P03,BLACK,O,image_000017.jpg,training/P03/BLACK/O/images/image_000017.jpg,71cadf556ab9753fda1496ba5ea0828305b8612c7d5ce5ef50501b5e9425e566,8984,,,true
P03_BLACK_O_000018,P03,BLACK,O,image_000018.jpg,training/P03/BLACK/O/images/image_000018.jpg,51dce405abb4a7820e9df232b152be29e3db08d83acd411afc1c89c3da89b17d,9109,,,true
P03_BLACK_O_000019,P03,BLACK,O,image_000019.jpg,training/P03/BLACK/O/images/image_000019.jpg,8b80ec44632cd30d4157ec293406759fbc49c401f4034228d712fc9cf04db3e9,9390,,,true
P03_BLACK_O_000020,P03,BLACK,O,image_000020.jpg,training/P03/BLACK/O/images/image_000020.jpg,cb48ed072729b54f624409dfc95397964ded6d4c4b2eac0397076a2170afa91e,9019,,,true
P03_BLACK_O_000021,P03,BLACK,O,image_000021.jpg,training/P03/BLACK/O/images/image_000021.jpg,4575b42dce421b879663044425c1f8a304852ddf9c83cda581554aa6a53d1054,9055,,,true
P03_BLACK_O_000022,P03,BLACK,O,image_000022.jpg,training/P03/BLACK/O/images/image_000022.jpg,926c6f63b3edabb99fbd4c7e8e69ff1f37fade514e46cc484201c4a34186e879,9252,,,true
P03_BLACK_O_000023,P03,BLACK,O,image_000023.jpg,training/P03/BLACK/O/images/image_000023.jpg,b8741f65b2b753eb51055955f8506d74eecd0736cd07fb90986df77705757c07,9062,,,true
P03_BLACK_O_000024,P03,BLACK,O,image_000024.jpg,training/P03/BLACK/O/images/image_000024.jpg,f65c881d8f7c682e04083e8d4b9856979fe019c6447e88a13c547dadc48256c4,9195,,,true
P03_BLACK_O_000025,P03,BLACK,O,image_000025.jpg,training/P03/BLACK/O/images/image_000025.jpg,2370e9f2ceff94725dedaf40553a43d588f7b29dc9b831323448a1dfe11db26e,9106,,,true
P03_BLACK_P_000001,P03,BLACK,P,image_000001.jpg,training/P03/BLACK/P/images/image_000001.jpg,6774fe89c66c1c876c2f3710c58a4692d760d77bdfae752ebe0c667630078b0c,8804,,,true
P03_BLACK_P_000002,P03,BLACK,P,image_000002.jpg,training/P03/BLACK/P/images/image_000002.jpg,69299165afdf070b9e2bc1f900e13b7ed8c0e9f7756ff8f3eae26c6e78375125,8819,,,true
P03_BLACK_P_000003,P03,BLACK,P,image_000003.jpg,training/P03/BLACK/P/images/image_000003.jpg,ba64c8eec22a783569514bca6ec458b4e4ce0187e460dcdf68db2fe0dc5a14fe,8940,,,true
P03_BLACK_P_000004,P03,BLACK,P,image_000004.jpg,training/P03/BLACK/P/images/image_000004.jpg,b48a03cd67fdf7dbaea2adee54d7f2e71777b19f34c1425b200a469fc4cd9a36,8885,,,true
P03_BLACK_P_000005,P03,BLACK,P,image_000005.jpg,training/P03/BLACK/P/images/image_000005.jpg,f5aa6cc51aeca7e2b12de7787e301f2fd847a65273625ae2cbd6b8e31d93b96b,8938,,,true
P03_BLACK_P_000006,P03,BLACK,P,image_000006.jpg,training/P03/BLACK/P/images/image_000006.jpg,2a1a667b2d651280724a45b905e5cbd8085a6f3d8d2dc1f779f2c203aca815ce,8794,,,true
P03_BLACK_P_000007,P03,BLACK,P,image_000007.jpg,training/P03/BLACK/P/images/image_000007.jpg,c71059878b546f575852715e0443dbc8ebf4761d462bfa9bc47eb6e069bd75c2,8801,,,true
P03_BLACK_P_000008,P03,BLACK,P,image_000008.jpg,training/P03/BLACK/P/images/image_000008.jpg,15f10c2259edb347833f064239e038073425a4c29ac81c3b7ca3c3b749d09f8c,8835,,,true
P03_BLACK_P_000009,P03,BLACK,P,image_000009.jpg,training/P03/BLACK/P/images/image_000009.jpg,f683c045f2b9f48ec27331abfaf3cebbd1a4f743f3091024183a6ed6207e5b16,8976,,,true
P03_BLACK_P_000010,P03,BLACK,P,image_000010.jpg,training/P03/BLACK/P/images/image_000010.jpg,01b99255fe5377c44fcf56a43740bf1bfec80f59e128beb9ee29d046938bb410,8690,,,true
P03_BLACK_P_000011,P03,BLACK,P,image_000011.jpg,training/P03/BLACK/P/images/image_000011.jpg,9fa80dae0e80cfc904c3edf15ac1d0895247fb079b1e15ae0282f51b4be3fc62,8689,,,true
P03_BLACK_P_000012,P03,BLACK,P,image_000012.jpg,training/P03/BLACK/P/images/image_000012.jpg,3d94458e5b4a7c18e59900afd34fa24b721cc7d187a0558678c25b2d4c253656,8704,,,true
P03_BLACK_P_000013,P03,BLACK,P,image_000013.jpg,training/P03/BLACK/P/images/image_000013.jpg,46ed8b77983b3d1e25c7922c624c7092cdaf906538b40524c2dd35e99455b805,8523,,,true
P03_BLACK_P_000014,P03,BLACK,P,image_000014.jpg,training/P03/BLACK/P/images/image_000014.jpg,3ec2ed9ad2a4fd84aaf3f1255e25e1806bc9d5160c74892bba6b0bea8d724a7d,8649,,,true
P03_BLACK_P_000015,P03,BLACK,P,image_000015.jpg,training/P03/BLACK/P/images/image_000015.jpg,b441696a1a06b1ec0a8ae77c41a604e5867bb81c46195571d9c47b7ba0e8d5ec,8327,,,true
P03_BLACK_P_000016,P03,BLACK,P,image_000016.jpg,training/P03/BLACK/P/images/image_000016.jpg,c3098b4635d61d59a7aecb968a1b7b09e166798bbc867cb84ad17a01f0c826d7,9091,,,true
P03_BLACK_P_000017,P03,BLACK,P,image_000017.jpg,training/P03/BLACK/P/images/image_000017.jpg,bf224f747dab1208d737b0ce08d250b80c652ec571139cf1ef34fa6c6be74052,8705,,,true
P03_BLACK_P_000018,P03,BLACK,P,image_000018.jpg,training/P03/BLACK/P/images/image_000018.jpg,14272063865b0dde7346e44d85705f075afb4db056bcb1f434b6a121c20753a3,8486,,,true
P03_BLACK_P_000019,P03,BLACK,P,image_000019.jpg,training/P03/BLACK/P/images/image_000019.jpg,5dc26be1e6925153d91aa3e543a4a309e5c98379cf82a10a5684ab4301926fa5,8622,,,true
P03_BLACK_P_000020,P03,BLACK,P,image_000020.jpg,training/P03/BLACK/P/images/image_000020.jpg,86be6a4ba525326aeded74f3e6993d975dac5d91d6b641f9ea50d578a266b67f,8632,,,true
P03_BLACK_P_000021,P03,BLACK,P,image_000021.jpg,training/P03/BLACK/P/images/image_000021.jpg,8522d8798b96a85dd8f4e6a39f8a0385ba4fd02a27cae82d76616c2dfb7a4cb3,8735,,,true
P03_BLACK_P_000022,P03,BLACK,P,image_000022.jpg,training/P03/BLACK/P/images/image_000022.jpg,61c1b2695739a18a8cd482d381842be7057c325d55af1bc5660a9eecc7dbca35,8382,,,true
P03_BLACK_P_000023,P03,BLACK,P,image_000023.jpg,training/P03/BLACK/P/images/image_000023.jpg,986116cc4bafbf6361679d210d2ec10adca7e195ae81928bc93c64696f390e6c,8389,,,true
P03_BLACK_P_000024,P03,BLACK,P,image_000024.jpg,training/P03/BLACK/P/images/image_000024.jpg,ee6b45801f5c0df0404aeb1da685e68e88ab4f96ac3e7e70f8805ba16366208e,8455,,,true
P03_BLACK_P_000025,P03,BLACK,P,image_000025.jpg,training/P03/BLACK/P/images/image_000025.jpg,839577949a3a73ae7f5ec7f81cf36fea9f7feeeef9bc55a7667696aa7c5b3a0c,9132,,,true
P03_BLACK_R_000001,P03,BLACK,R,image_000001.jpg,training/P03/BLACK/R/images/image_000001.jpg,4a9532990d02ceb839d1012b30f7d906c15bd0dcd8f1369b75e9f2175a2d01d8,8589,,,true
P03_BLACK_R_000002,P03,BLACK,R,image_000002.jpg,training/P03/BLACK/R/images/image_000002.jpg,f71b8c7cd5a293d70e9e011b1375e57874970800ad903e80b165622385e0a927,8681,,,true
P03_BLACK_R_000003,P03,BLACK,R,image_000003.jpg,training/P03/BLACK/R/images/image_000003.jpg,a9c08a06a723d1e5409d213e91105c6e0968c8db67e1d6803a17b6b99190f7d9,9080,,,true
P03_BLACK_R_000004,P03,BLACK,R,image_000004.jpg,training/P03/BLACK/R/images/image_000004.jpg,db1f4c5c94bbc8d0e759d706a021d2046f9aad45cc6f8508b057615734be0f0b,8969,,,true
P03_BLACK_R_000005,P03,BLACK,R,image_000005.jpg,training/P03/BLACK/R/images/image_000005.jpg,61541a935661a2e7d0fd21f660dfd9716e1146fe45b16fb22a0cc421a4f7288e,8562,,,true
P03_BLACK_R_000006,P03,BLACK,R,image_000006.jpg,training/P03/BLACK/R/images/image_000006.jpg,fbb990edcad09360f189950f9dc178c14085ced737258746805db15e33f89258,8703,,,true
P03_BLACK_R_000007,P03,BLACK,R,image_000007.jpg,training/P03/BLACK/R/images/image_000007.jpg,f76b59bea5bb904284320c319e8711717d56f526cf8640d246ab88c56a0425a6,8682,,,true
P03_BLACK_R_000008,P03,BLACK,R,image_000008.jpg,training/P03/BLACK/R/images/image_000008.jpg,6a6b68771a37b417e5f107fa4cf08df64620c1e9888267d4535d851cb9a2ac46,8873,,,true
P03_BLACK_R_000009,P03,BLACK,R,image_000009.jpg,training/P03/BLACK/R/images/image_000009.jpg,395f28f728297cae9f3a63f0f9ee1a1888a098b89e97502877a62974ee367449,8718,,,true
P03_BLACK_R_000010,P03,BLACK,R,image_000010.jpg,training/P03/BLACK/R/images/image_000010.jpg,4968c5e261991b2e723130e8c9e6ae50ccf6b4bd9196a4ffcae143bf3f1f251e,8798,,,true
P03_BLACK_R_000011,P03,BLACK,R,image_000011.jpg,training/P03/BLACK/R/images/image_000011.jpg,23f9589602c68e662e428d19fc511c875add54bdebac7ec2739fe60fd5f3dbfd,8844,,,true
P03_BLACK_R_000012,P03,BLACK,R,image_000012.jpg,training/P03/BLACK/R/images/image_000012.jpg,4e6b578de0fcb975f0e529e7571f818f05f0b0de063548df51360e001bd1aaae,8767,,,true
P03_BLACK_R_000013,P03,BLACK,R,image_000013.jpg,training/P03/BLACK/R/images/image_000013.jpg,d545ed406203de991a034362b5ac2444fd932e4ab2dff63a31b3f3ac1233c35c,8418,,,true
P03_BLACK_R_000014,P03,BLACK,R,image_000014.jpg,training/P03/BLACK/R/images/image_000014.jpg,d624ba1d88c9c33bf29bf01dd2ff26fd8d29880674768d0d6a06ae24da72294a,8348,,,true
P03_BLACK_R_000015,P03,BLACK,R,image_000015.jpg,training/P03/BLACK/R/images/image_000015.jpg,41a5e79d6b2600d88d30f146344f174f1183d0c00c9cdf4a1fe4e56f8c072d57,8592,,,true
P03_BLACK_R_000016,P03,BLACK,R,image_000016.jpg,training/P03/BLACK/R/images/image_000016.jpg,a78e88ff2a61e0f6f5837226db245a5eb13afc572b69b9d5f527ff7a0eb0ea58,9419,,,true
P03_BLACK_R_000017,P03,BLACK,R,image_000017.jpg,training/P03/BLACK/R/images/image_000017.jpg,54d252cf50a82e03b1a46037b96521aed9ab2f0f05e09a982577083897c3444e,8501,,,true
P03_BLACK_R_000018,P03,BLACK,R,image_000018.jpg,training/P03/BLACK/R/images/image_000018.jpg,0baad9774b58caca2c64024f61e6f0b3f9097d5d2dea542b80d4f18c5ec2ec5b,8368,,,true
P03_BLACK_R_000019,P03,BLACK,R,image_000019.jpg,training/P03/BLACK/R/images/image_000019.jpg,488b9090b84d1741f29bfb4316ac29c5e4e5b045964698895d3938be183f4397,8643,,,true
P03_BLACK_R_000020,P03,BLACK,R,image_000020.jpg,training/P03/BLACK/R/images/image_000020.jpg,cebe38c529717ce2164d882bb6c02204690ccaef177c841f794672fa9e531df4,8747,,,true
P03_BLACK_R_000021,P03,BLACK,R,image_000021.jpg,training/P03/BLACK/R/images/image_000021.jpg,d7e977483fe5f1cf0f3674efdd50080c6c8f7a7e3e2f01c2c77fc07be77e8505,8918,,,true
P03_BLACK_R_000022,P03,BLACK,R,image_000022.jpg,training/P03/BLACK/R/images/image_000022.jpg,7d971f691e85c9ba41a5a3e8832b090c9a1d3babe58c130cda02b97cd1144b0d,8930,,,true
P03_BLACK_R_000023,P03,BLACK,R,image_000023.jpg,training/P03/BLACK/R/images/image_000023.jpg,8a63a23dda9d8c2516bf4acd90c8fcd8e59e0363be25eefc00f1dbc703b43c51,8599,,,true
P03_BLACK_R_000024,P03,BLACK,R,image_000024.jpg,training/P03/BLACK/R/images/image_000024.jpg,658ca74366c12b4cfc19a745de36ec776d2346cf9834042593d12cf4aebc2bfe,8492,,,true
P03_BLACK_R_000025,P03,BLACK,R,image_000025.jpg,training/P03/BLACK/R/images/image_000025.jpg,d66ec3701d508ce8851f9ba43e06a1e603e900497cc5d2bded9b9d231f164272,8611,,,true
P03_BLACK_S_000001,P03,BLACK,S,image_000001.jpg,training/P03/BLACK/S/images/image_000001.jpg,74a7213675c327fb4e10c818a25c673bb21545a2fd7d38af6ca42d9e711d107e,9625,,,true
P03_BLACK_S_000002,P03,BLACK,S,image_000002.jpg,training/P03/BLACK/S/images/image_000002.jpg,a5671088babb32d808ae54985c39e5c3b4a6b4924d6bf6f1250c2eb956f595e6,9438,,,true
P03_BLACK_S_000003,P03,BLACK,S,image_000003.jpg,training/P03/BLACK/S/images/image_000003.jpg,2671b8cb4b22f1a8ccc219c84967fa2117f9bd0b890c968095daf4890d6d025d,9458,,,true
P03_BLACK_S_000004,P03,BLACK,S,image_000004.jpg,training/P03/BLACK/S/images/image_000004.jpg,d81eed2fc42e42269ac6a354c8ffebd13674aaac80f155fcd79561a6b4cfc979,9176,,,true
P03_BLACK_S_000005,P03,BLACK,S,image_000005.jpg,training/P03/BLACK/S/images/image_000005.jpg,8f49627e8f266bec99a058f90113fe5068272745bb054123c1dd5e3c597d89d4,9034,,,true
P03_BLACK_S_000006,P03,BLACK,S,image_000006.jpg,training/P03/BLACK/S/images/image_000006.jpg,5769e5fb850565a0b18f702873b26987e92939883c33096178cc9174756651b8,9195,,,true
P03_BLACK_S_000007,P03,BLACK,S,image_000007.jpg,training/P03/BLACK/S/images/image_000007.jpg,b67e2ea673c8e2a014c31d8188bcbf95d2d0c6bb68f60a1217402e7ea441cceb,9094,,,true
P03_BLACK_S_000008,P03,BLACK,S,image_000008.jpg,training/P03/BLACK/S/images/image_000008.jpg,2d0c5f19c810c38a3356264bce8c67e4069c6c20f6378b979c83fe118d060f94,9051,,,true
P03_BLACK_S_000009,P03,BLACK,S,image_000009.jpg,training/P03/BLACK/S/images/image_000009.jpg,c3009b671b8b2ad50b8ad17f9c7fffd72c4dad5abdb469307bc4138f26840d32,8766,,,true
P03_BLACK_S_000010,P03,BLACK,S,image_000010.jpg,training/P03/BLACK/S/images/image_000010.jpg,b80bdc05ef6edb9f129252f39bcbd4f80d3e9867a1eef9d171f230c403ebb710,8472,,,true
P03_BLACK_S_000011,P03,BLACK,S,image_000011.jpg,training/P03/BLACK/S/images/image_000011.jpg,d5e64dfdb5157f11319701d2240af9592a17d60cf3d180a0be0c988f2b535a20,8474,,,true
P03_BLACK_S_000012,P03,BLACK,S,image_000012.jpg,training/P03/BLACK/S/images/image_000012.jpg,03d4e65401483fafd20234fabdefe6fca683fe75ff548e2b30307432fc9c8baa,8438,,,true
P03_BLACK_S_000013,P03,BLACK,S,image_000013.jpg,training/P03/BLACK/S/images/image_000013.jpg,9527cd2315dcbd7f96ae878bcf6de01e8e74289479fd86773170e01c2fd804a8,8610,,,true
P03_BLACK_S_000014,P03,BLACK,S,image_000014.jpg,training/P03/BLACK/S/images/image_000014.jpg,45fb9b8f96d7abf5b1f32d60aaf28d0c8f328be1587f57218e9664ec3ba41fcd,9045,,,true
P03_BLACK_S_000015,P03,BLACK,S,image_000015.jpg,training/P03/BLACK/S/images/image_000015.jpg,5e034fa8b6a04e0845ab87bc32aaadb42f8b0fb1c102349488a79b015f81166b,9351,,,true
P03_BLACK_S_000016,P03,BLACK,S,image_000016.jpg,training/P03/BLACK/S/images/image_000016.jpg,a2dca872b248cd4a4f349cfc696b1356500d18824a4d1399259ee22699b08801,9335,,,true
P03_BLACK_S_000017,P03,BLACK,S,image_000017.jpg,training/P03/BLACK/S/images/image_000017.jpg,0721b9b76325f0f89fdb40dac4813694d40b0d290522bac846adbe3d0224f7fb,9429,,,true
P03_BLACK_S_000018,P03,BLACK,S,image_000018.jpg,training/P03/BLACK/S/images/image_000018.jpg,9b7a71885bab7dbe52df1836261e865b16ff6f5288e599b8880bb20399f9a5b9,9127,,,true
P03_BLACK_S_000019,P03,BLACK,S,image_000019.jpg,training/P03/BLACK/S/images/image_000019.jpg,86aef45eec0e3ee1c8201c26fe3151c98d6f2bf6f06853db5aac501516c0b264,8991,,,true
P03_BLACK_S_000020,P03,BLACK,S,image_000020.jpg,training/P03/BLACK/S/images/image_000020.jpg,72d76a7c0509e33c4137353613a5b740f3934b13b2d952bbedf7173aeb779ee4,9074,,,true
P03_BLACK_S_000021,P03,BLACK,S,image_000021.jpg,training/P03/BLACK/S/images/image_000021.jpg,18548fa6827ab74c005d563d03cb17d462db4c04af62dbd28e1925c8c9374863,8983,,,true
P03_BLACK_S_000022,P03,BLACK,S,image_000022.jpg,training/P03/BLACK/S/images/image_000022.jpg,74e84205aa030585e66c3f801eb4074341002e77a88a2e9aae9f7b7b01f6796a,8967,,,true
P03_BLACK_S_000023,P03,BLACK,S,image_000023.jpg,training/P03/BLACK/S/images/image_000023.jpg,6cda070adca7cbf23b582147ebd618866207693c796bc26cace089be5280041a,9194,,,true
P03_BLACK_S_000024,P03,BLACK,S,image_000024.jpg,training/P03/BLACK/S/images/image_000024.jpg,c44a21f6b62fda08793a7663f7f9666a3bcab90b6c1499976af5d95df8ff1312,8692,,,true
P03_BLACK_S_000025,P03,BLACK,S,image_000025.jpg,training/P03/BLACK/S/images/image_000025.jpg,a9864f374db8bea7a39f36daae67c6c5e13b943f6f0df5c519ae4ff95467a484,8721,,,true
P03_BLACK_T_000001,P03,BLACK,T,image_000001.jpg,training/P03/BLACK/T/images/image_000001.jpg,e7f7a09787a146de10ef7ac10ae1cc2b9f20246ebdca623c9dc252652efed16d,9094,,,true
P03_BLACK_T_000002,P03,BLACK,T,image_000002.jpg,training/P03/BLACK/T/images/image_000002.jpg,c683feb5ec222cf3b3976e4a2395df5a4928f8f8f260f3597b1c9ee2f4fcacee,9388,,,true
P03_BLACK_T_000003,P03,BLACK,T,image_000003.jpg,training/P03/BLACK/T/images/image_000003.jpg,4925cad3842605ebdee22da662abcdd6fd22a9322cc1150600b86ac7bd4ac45a,9256,,,true
P03_BLACK_T_000004,P03,BLACK,T,image_000004.jpg,training/P03/BLACK/T/images/image_000004.jpg,cbbc0ff59318c32a261840b7b346273ddf069f097106ee3d96d757533c641ddd,9127,,,true
P03_BLACK_T_000005,P03,BLACK,T,image_000005.jpg,training/P03/BLACK/T/images/image_000005.jpg,58113b9102b194fdb54d375c05ab9994745b3ba799fd9d1ab96a4b8ece5202ee,9015,,,true
P03_BLACK_T_000006,P03,BLACK,T,image_000006.jpg,training/P03/BLACK/T/images/image_000006.jpg,76c236513b3c06dd6b6701a43496906a28a27daf5c06e0fdde7dc204324c0b96,9207,,,true
P03_BLACK_T_000007,P03,BLACK,T,image_000007.jpg,training/P03/BLACK/T/images/image_000007.jpg,0c8d9182f16744af0be011d5934d185912c30de1899dd64266c5e1a13e9ad534,9329,,,true
P03_BLACK_T_000008,P03,BLACK,T,image_000008.jpg,training/P03/BLACK/T/images/image_000008.jpg,955dc51b5ef622c64f58913d47767083d8e2125ffaa0046d0a146c3ed6b9b253,9417,,,true
P03_BLACK_T_000009,P03,BLACK,T,image_000009.jpg,training/P03/BLACK/T/images/image_000009.jpg,2a952abe079b169b7e22a9a78f137719bc084263663512a6b35a2e8710dff793,9162,,,true
P03_BLACK_T_000010,P03,BLACK,T,image_000010.jpg,training/P03/BLACK/T/images/image_000010.jpg,5ac037502e5dbf43cc85c239a7903f80eb0791181e3d4195b7508446e286cf44,9147,,,true
P03_BLACK_T_000011,P03,BLACK,T,image_000011.jpg,training/P03/BLACK/T/images/image_000011.jpg,6d3a4e6ee20a28a96b7a830147df8bef01344501e62280186f8e96ea2402a60e,9367,,,true
P03_BLACK_T_000012,P03,BLACK,T,image_000012.jpg,training/P03/BLACK/T/images/image_000012.jpg,c793950b82a8273081d9edad5313e9fcbafd5daca748091913c35e370f95f9f9,8994,,,true
P03_BLACK_T_000013,P03,BLACK,T,image_000013.jpg,training/P03/BLACK/T/images/image_000013.jpg,59383702daefdb3b66b48ae37a3b245d101ae4899e78ae4187a673c3ae2058f2,8888,,,true
P03_BLACK_T_000014,P03,BLACK,T,image_000014.jpg,training/P03/BLACK/T/images/image_000014.jpg,09488fcc60c78994aca291157598573f9a5269479312aaec8adb613ebbfb5e4e,8714,,,true
P03_BLACK_T_000015,P03,BLACK,T,image_000015.jpg,training/P03/BLACK/T/images/image_000015.jpg,5823544a389d3f3d9c184b018e68f3cb0a09a56dc72fdb8bdf138c2aec0bc9bb,8881,,,true
P03_BLACK_T_000016,P03,BLACK,T,image_000016.jpg,training/P03/BLACK/T/images/image_000016.jpg,986f99c8ced9347a484c8f45e3255aee2175d3d2f847a33b89150ad62f9f9739,8305,,,true
P03_BLACK_T_000017,P03,BLACK,T,image_000017.jpg,training/P03/BLACK/T/images/image_000017.jpg,a8e6aecaf18a46990d68892dc3db1f95c91feb07ca5aab7af717625ba4209b95,8185,,,true
P03_BLACK_T_000018,P03,BLACK,T,image_000018.jpg,training/P03/BLACK/T/images/image_000018.jpg,7ec4ed964e45f385a10c6afcda1628e8a730800426fc9e84849a34404c995d69,9585,,,true
P03_BLACK_T_000019,P03,BLACK,T,image_000019.jpg,training/P03/BLACK/T/images/image_000019.jpg,850fb602eedcfa1c36e6f06f15da2352930ee5de9089a295959429fdaef5663e,8480,,,true
P03_BLACK_T_000020,P03,BLACK,T,image_000020.jpg,training/P03/BLACK/T/images/image_000020.jpg,1b5731afcfc4306dbd4da0b8337a918c63525527189274af23f1b42665e774ca,8606,,,true
P03_BLACK_T_000021,P03,BLACK,T,image_000021.jpg,training/P03/BLACK/T/images/image_000021.jpg,900e68c91d11e97459f2eb4e30aa1d5f91a406a9e12ecab9a6cfe9a3c32bdd58,8716,,,true
P03_BLACK_T_000022,P03,BLACK,T,image_000022.jpg,training/P03/BLACK/T/images/image_000022.jpg,b6193a844b6b22a0cbe6e303a45a93e91b6f5fb1ce2af0dfa841ed21d4077fa5,8578,,,true
P03_BLACK_T_000023,P03,BLACK,T,image_000023.jpg,training/P03/BLACK/T/images/image_000023.jpg,a1b44bc7c22d8a83dc36c1ee67b9808f31ddb9d1ff6fae68fe0f101a7923fa7d,9089,,,true
P03_BLACK_T_000024,P03,BLACK,T,image_000024.jpg,training/P03/BLACK/T/images/image_000024.jpg,de405cd417676a5bca4a273601d4b402e9471016f5748048cbaddc5b1e1a7b86,9573,,,true
P03_BLACK_T_000025,P03,BLACK,T,image_000025.jpg,training/P03/BLACK/T/images/image_000025.jpg,49ff778394265f2859c6fc2f60196051992ca44461eb5ceca090234af97fb4fc,8845,,,true
P03_BLACK_U_000001,P03,BLACK,U,image_000001.jpg,training/P03/BLACK/U/images/image_000001.jpg,d15358f9518ea41f39ada775195162e54fd2d621ab38a3ffdd2a84079e395bc9,8605,,,true
P03_BLACK_U_000002,P03,BLACK,U,image_000002.jpg,training/P03/BLACK/U/images/image_000002.jpg,7f201126fa603dcd4d20d05b94307bc10335688373eaf9c8aa14cec13c5b37d2,8579,,,true
P03_BLACK_U_000003,P03,BLACK,U,image_000003.jpg,training/P03/BLACK/U/images/image_000003.jpg,174d381815692a3998b15547cc5aab1407056682e8bec0ed6a0adbc82bff3c06,8349,,,true
P03_BLACK_U_000004,P03,BLACK,U,image_000004.jpg,training/P03/BLACK/U/images/image_000004.jpg,d4cba76bbfdd93a9522368492759989aa328e1d5d6c7e6e975b4e65ec84be855,8711,,,true
P03_BLACK_U_000005,P03,BLACK,U,image_000005.jpg,training/P03/BLACK/U/images/image_000005.jpg,94229600cfc4f100a95c2e52a1d4217f33710f3603f03d1c0bb062cf25c52b5d,7858,,,true
P03_BLACK_U_000006,P03,BLACK,U,image_000006.jpg,training/P03/BLACK/U/images/image_000006.jpg,f00b3a2972eced1aee012cadae0970811ee7017f2c73112f0f96fd0505a6857d,8364,,,true
P03_BLACK_U_000007,P03,BLACK,U,image_000007.jpg,training/P03/BLACK/U/images/image_000007.jpg,d49f6cb1cc723979f84073ea5745467f124c81b1eed230cbe714b1af0fb9f3bd,8337,,,true
P03_BLACK_U_000008,P03,BLACK,U,image_000008.jpg,training/P03/BLACK/U/images/image_000008.jpg,501565072a5cd1c89662549a8a3c7d6058a457c61b95c8f580d8a22cd6c0e62c,8717,,,true
P03_BLACK_U_000009,P03,BLACK,U,image_000009.jpg,training/P03/BLACK/U/images/image_000009.jpg,dc21d0100f03e858b92416228c7468f3a95c8daa6993453fef159bb4008dd229,8870,,,true
P03_BLACK_U_000010,P03,BLACK,U,image_000010.jpg,training/P03/BLACK/U/images/image_000010.jpg,bcaf37aff3386b293a25be2ac30e4c704bcf838b1ad49f1362a30187dbd0861e,8744,,,true
P03_BLACK_U_000011,P03,BLACK,U,image_000011.jpg,training/P03/BLACK/U/images/image_000011.jpg,30f5b1e85258403f08295d54e7248fcfe61e596a5ff7b9b9c4c8c43e75946d7e,8689,,,true
P03_BLACK_U_000012,P03,BLACK,U,image_000012.jpg,training/P03/BLACK/U/images/image_000012.jpg,0b3a062335e4a1a3703859010beb08463bba9769427daf2c8fb6d81cb5deafeb,8416,,,true
P03_BLACK_U_000013,P03,BLACK,U,image_000013.jpg,training/P03/BLACK/U/images/image_000013.jpg,620ce3f11b80b784a25a6498f74dd7d1b98c0a0e542dca6cb1b0d85ddb86a9ad,8755,,,true
P03_BLACK_U_000014,P03,BLACK,U,image_000014.jpg,training/P03/BLACK/U/images/image_000014.jpg,1e627a0715afc1b51849d4b9339845d75103a4534991f6e1c8baa872e1e5c4be,8948,,,true
P03_BLACK_U_000015,P03,BLACK,U,image_000015.jpg,training/P03/BLACK/U/images/image_000015.jpg,b99b82113cb05fd8a8b10057faa596ec3800a0823a851cf0b86834c5ee1f122e,9119,,,true
P03_BLACK_U_000016,P03,BLACK,U,image_000016.jpg,training/P03/BLACK/U/images/image_000016.jpg,acb09c1cc517da7979af433b466ff0534e160763ff474df4d39d449481807b59,9053,,,true
P03_BLACK_U_000017,P03,BLACK,U,image_000017.jpg,training/P03/BLACK/U/images/image_000017.jpg,6136614cedf707adfea61d9e74f806e3aca4d58895d9541eec947dc925c046e6,8537,,,true
P03_BLACK_U_000018,P03,BLACK,U,image_000018.jpg,training/P03/BLACK/U/images/image_000018.jpg,a2d2937dbabce353a6c9b1d3e819ac794f8e9364be3a841204e5b303b4166978,8311,,,true
P03_BLACK_U_000019,P03,BLACK,U,image_000019.jpg,training/P03/BLACK/U/images/image_000019.jpg,5c56f13f3c921fd1443f123e9fe8ed0291b5c3ba75b0acad7b117987100606e6,8213,,,true
P03_BLACK_U_000020,P03,BLACK,U,image_000020.jpg,training/P03/BLACK/U/images/image_000020.jpg,6188a543a07d0da50a987ed03693b5b9753c940b8cf18377dbd95d68505b964f,9278,,,true
P03_BLACK_U_000021,P03,BLACK,U,image_000021.jpg,training/P03/BLACK/U/images/image_000021.jpg,db8da0b485b0d5c5359f1c4e0618e3f508392eae7b206a562d3163856ddd7200,8155,,,true
P03_BLACK_U_000022,P03,BLACK,U,image_000022.jpg,training/P03/BLACK/U/images/image_000022.jpg,a190e680c64c2e37a403da61cad833c3fa213b0bbd1d2ab0538e6abb6cdb7abc,7697,,,true
P03_BLACK_U_000023,P03,BLACK,U,image_000023.jpg,training/P03/BLACK/U/images/image_000023.jpg,baee64991d5a7881dee84b09bfbe983ecd028af33cb587d8052e231769be0ad4,7985,,,true
P03_BLACK_U_000024,P03,BLACK,U,image_000024.jpg,training/P03/BLACK/U/images/image_000024.jpg,00476fd7f66b067605ea604b45b4a2f5a76b0e0bd9904196f2addeedcff0e65b,8215,,,true
P03_BLACK_U_000025,P03,BLACK,U,image_000025.jpg,training/P03/BLACK/U/images/image_000025.jpg,0cb9c08883f16f741df2935af9a69fb03e62c40b850ff158545eee3b45b8b44b,8701,,,true
P03_BLACK_V_000001,P03,BLACK,V,image_000001.jpg,training/P03/BLACK/V/images/image_000001.jpg,45b0ac75d9b3c16ca02d23dc95fdebf604840a051d4476b4641363b9ae7cd723,9094,,,true
P03_BLACK_V_000002,P03,BLACK,V,image_000002.jpg,training/P03/BLACK/V/images/image_000002.jpg,7418ac187a4d47d02390d81ef67353175a2bf2e4a0ee1240e83db6472b539922,8863,,,true
P03_BLACK_V_000003,P03,BLACK,V,image_000003.jpg,training/P03/BLACK/V/images/image_000003.jpg,28805f54147b87bc20ec0a4ad0b376675ca1ccc602f67a9ce03e57d6875b8ea6,9102,,,true
P03_BLACK_V_000004,P03,BLACK,V,image_000004.jpg,training/P03/BLACK/V/images/image_000004.jpg,649e5018efa3f1a9c7a81a66d51ab559d1e45067a800d530383e61526f13503f,9427,,,true
P03_BLACK_V_000005,P03,BLACK,V,image_000005.jpg,training/P03/BLACK/V/images/image_000005.jpg,a5a40e441440fb1d8a94dc82cc6520d8687ac31ccd20332775793bd279b70aa9,8984,,,true
P03_BLACK_V_000006,P03,BLACK,V,image_000006.jpg,training/P03/BLACK/V/images/image_000006.jpg,0a321fce57f416548af5b399504b3e11eee2b24032abdb324b4c42658e829121,8830,,,true
P03_BLACK_V_000007,P03,BLACK,V,image_000007.jpg,training/P03/BLACK/V/images/image_000007.jpg,74ccd5ab33bbd31be290450275fd78f2964582930802b8163d0fe10b541a7212,9027,,,true
P03_BLACK_V_000008,P03,BLACK,V,image_000008.jpg,training/P03/BLACK/V/images/image_000008.jpg,2c68f288ede70d1454c29b80521ba3c31c7d56d8fa8185a3652936387fce37d1,9074,,,true
P03_BLACK_V_000009,P03,BLACK,V,image_000009.jpg,training/P03/BLACK/V/images/image_000009.jpg,7a161c1cf686855e86590d902e8ec958002da2d8fb920d138e89819740073121,9089,,,true
P03_BLACK_V_000010,P03,BLACK,V,image_000010.jpg,training/P03/BLACK/V/images/image_000010.jpg,0555ab03bbd21c19c915205fcbce3282a5b5ca66bf1454d4906e290556b82d27,9130,,,true
P03_BLACK_V_000011,P03,BLACK,V,image_000011.jpg,training/P03/BLACK/V/images/image_000011.jpg,565cfe3a44cb94d2e94927a25a98e53e7526baf020e550ac2f0fc864294e5ec5,9204,,,true
P03_BLACK_V_000012,P03,BLACK,V,image_000012.jpg,training/P03/BLACK/V/images/image_000012.jpg,4f457bfc9dccd8576c5fac4bba2aa86eafc91544bb6779e6203609fe16a0d717,9253,,,true
P03_BLACK_V_000013,P03,BLACK,V,image_000013.jpg,training/P03/BLACK/V/images/image_000013.jpg,b3e2133fd5cd85cb4c62beeca61870c4f8488f74755fff7dbc3587b9e9b058d3,8679,,,true
P03_BLACK_V_000014,P03,BLACK,V,image_000014.jpg,training/P03/BLACK/V/images/image_000014.jpg,dbd583363f81bd71703535bb4ccade4b4c2c9711a69b4c5b0e3a723b13f48f1c,9069,,,true
P03_BLACK_V_000015,P03,BLACK,V,image_000015.jpg,training/P03/BLACK/V/images/image_000015.jpg,47d33da471b0a104311b61776fc10d845a8db6a7add8343ed2682f526fb3177a,8896,,,true
P03_BLACK_V_000016,P03,BLACK,V,image_000016.jpg,training/P03/BLACK/V/images/image_000016.jpg,67624c868d4a4d573466818aab050c336de2772807db9688690b889130320d1b,8690,,,true
P03_BLACK_V_000017,P03,BLACK,V,image_000017.jpg,training/P03/BLACK/V/images/image_000017.jpg,5e11c93fca403f5b6f6a9a066602d38be0ccfcbed6ab8be5737ce5668a7e1ca5,8661,,,true
P03_BLACK_V_000018,P03,BLACK,V,image_000018.jpg,training/P03/BLACK/V/images/image_000018.jpg,ccb3c8a5be6c1e31bf18a4bd94787204791481c98c1252e19650aa3286de4539,8638,,,true
P03_BLACK_V_000019,P03,BLACK,V,image_000019.jpg,training/P03/BLACK/V/images/image_000019.jpg,f799a5f01655e3551f2a0745d73cf8d40f47c2bf248f8a81e20de51f20e73d84,8929,,,true
P03_BLACK_V_000020,P03,BLACK,V,image_000020.jpg,training/P03/BLACK/V/images/image_000020.jpg,086886bb90dee303d53fa04f3cf597b165614927ca58461ca62782bfabd69035,9119,,,true
P03_BLACK_V_000021,P03,BLACK,V,image_000021.jpg,training/P03/BLACK/V/images/image_000021.jpg,06e99167ef63a5c4f24b862d89adbd6e36ba13fd84fb5f151d64d8d39a10ce4c,8820,,,true
P03_BLACK_V_000022,P03,BLACK,V,image_000022.jpg,training/P03/BLACK/V/images/image_000022.jpg,4fc4194fe02c8d41fdae5deb3d884383ad9032635fa91ac67c6d02139627e0ea,8968,,,true
P03_BLACK_V_000023,P03,BLACK,V,image_000023.jpg,training/P03/BLACK/V/images/image_000023.jpg,7bc80e4a6fb5565b12a2ade270347aafa51530cdc9190b478dbddb1b98bdc159,8958,,,true
P03_BLACK_V_000024,P03,BLACK,V,image_000024.jpg,training/P03/BLACK/V/images/image_000024.jpg,47df3a7e45bc3b14f708de184d9739babcb0ff4e824a4b4fbce1f0342726cbb5,8794,,,true
P03_BLACK_V_000025,P03,BLACK,V,image_000025.jpg,training/P03/BLACK/V/images/image_000025.jpg,399b95b3a438842370abfb0c30dd17d14d3138a5aa35ad69b060b88850112ad3,8904,,,true
P03_BLACK_W_000001,P03,BLACK,W,image_000001.jpg,training/P03/BLACK/W/images/image_000001.jpg,077b5091223cf4006378cd5b16ccb192e062faa1e4bdab4c876a56ecde820633,9074,,,true
P03_BLACK_W_000002,P03,BLACK,W,image_000002.jpg,training/P03/BLACK/W/images/image_000002.jpg,6136bfee90cf5b97d0a919c934ea4a5fd7aa01c4ae60ce35eee2e8a601fc525e,9297,,,true
P03_BLACK_W_000003,P03,BLACK,W,image_000003.jpg,training/P03/BLACK/W/images/image_000003.jpg,d12141237ce9b2e8d5a2ae1277790766d0fff398010d1cdfb8786edb479aa148,9294,,,true
P03_BLACK_W_000004,P03,BLACK,W,image_000004.jpg,training/P03/BLACK/W/images/image_000004.jpg,57276ce19e8078fd2cd9823bd98c0cb9ccbc0dfaf7d122f184f74a065801fe05,9474,,,true
P03_BLACK_W_000005,P03,BLACK,W,image_000005.jpg,training/P03/BLACK/W/images/image_000005.jpg,d71b43667860af6c30e009fa0a77fc345aaa4129b587f47ec66b507e8db3a25d,9255,,,true
P03_BLACK_W_000006,P03,BLACK,W,image_000006.jpg,training/P03/BLACK/W/images/image_000006.jpg,f1d20b6be44b5132428931eff72e3ae70635832933d97fb9bc9bf5275e758c22,9000,,,true
P03_BLACK_W_000007,P03,BLACK,W,image_000007.jpg,training/P03/BLACK/W/images/image_000007.jpg,1e95a0870e5ac3ff2a5db4b0d98e4ff19b4800b67addcad86862d545a4ffdd33,8911,,,true
P03_BLACK_W_000008,P03,BLACK,W,image_000008.jpg,training/P03/BLACK/W/images/image_000008.jpg,ae467559d199d31c44f9343471d43be3fc82ee69be025b520b90f450ed1fb507,8754,,,true
P03_BLACK_W_000009,P03,BLACK,W,image_000009.jpg,training/P03/BLACK/W/images/image_000009.jpg,c435667aa0a1f7e01a77921dac3aded6ded4a6955dc307680dab2d089aaeb87e,8610,,,true
P03_BLACK_W_000010,P03,BLACK,W,image_000010.jpg,training/P03/BLACK/W/images/image_000010.jpg,6f87ba3813cb60187f73a15c57ee36a3a3341be3f8ead913b3a3a690600e1678,8216,,,true
P03_BLACK_W_000011,P03,BLACK,W,image_000011.jpg,training/P03/BLACK/W/images/image_000011.jpg,2925f34916f43e45b700caf5c8cc2eee4b3fc48478c58f7c25abb72679eb8e1d,8769,,,true
P03_BLACK_W_000012,P03,BLACK,W,image_000012.jpg,training/P03/BLACK/W/images/image_000012.jpg,7cc843da09696e50eef8424e4ff9342df06d1579bb5a6b12f22f5c8b35e04609,9079,,,true
P03_BLACK_W_000013,P03,BLACK,W,image_000013.jpg,training/P03/BLACK/W/images/image_000013.jpg,4d6ec3e6bc888c366eff775e17c89cf958d4ed1ce28d71999832187b0d2a7152,9031,,,true
P03_BLACK_W_000014,P03,BLACK,W,image_000014.jpg,training/P03/BLACK/W/images/image_000014.jpg,108f72e356959b9bcbaa077724da6b4cf284a2b7579a6fbbd78399df9d6ca9f0,9050,,,true
P03_BLACK_W_000015,P03,BLACK,W,image_000015.jpg,training/P03/BLACK/W/images/image_000015.jpg,0f7fbf24ecdd8913a00a193259caf3544a4f628c14d46ea24adc6337a0d32ade,9189,,,true
P03_BLACK_W_000016,P03,BLACK,W,image_000016.jpg,training/P03/BLACK/W/images/image_000016.jpg,96c971a194b4f97a4b7013f5dc88f6ace824c5d4612efa4b7113c8220a8b9458,8969,,,true
P03_BLACK_W_000017,P03,BLACK,W,image_000017.jpg,training/P03/BLACK/W/images/image_000017.jpg,0abaa645c03f7afbb8ebbe61af46abf5aa6ceb7e5defe2776e63b9e342565e7b,9225,,,true
P03_BLACK_W_000018,P03,BLACK,W,image_000018.jpg,training/P03/BLACK/W/images/image_000018.jpg,3f0b96b92ea3f184a9bd9c8497ea15cc9c24bd0f72eda67af85249841c09e4ee,9543,,,true
P03_BLACK_W_000019,P03,BLACK,W,image_000019.jpg,training/P03/BLACK/W/images/image_000019.jpg,c3677a5943ad4f056607962553ce69ed35c74b967972b48d8abd48b5bbb62dca,8945,,,true
P03_BLACK_W_000020,P03,BLACK,W,image_000020.jpg,training/P03/BLACK/W/images/image_000020.jpg,eae4f20e89e0c40fa32fde17f2a19ef1c3acaf7de2c405c4f7a547196987b1e7,8809,,,true
P03_BLACK_W_000021,P03,BLACK,W,image_000021.jpg,training/P03/BLACK/W/images/image_000021.jpg,455a903033ee44759353e1674d7c6cb4a63eda4650b15e30490ac9f909eaca0b,9083,,,true
P03_BLACK_W_000022,P03,BLACK,W,image_000022.jpg,training/P03/BLACK/W/images/image_000022.jpg,f444e55594ebfabfce6578bd1861474b98e3dba66dd7ece23afc1e89798d7bcf,8910,,,true
P03_BLACK_W_000023,P03,BLACK,W,image_000023.jpg,training/P03/BLACK/W/images/image_000023.jpg,f328e08b1dd4f7e23ffccb19924cce6ced8867fd84bb7800b26bcce366caf8c1,9772,,,true
P03_BLACK_W_000024,P03,BLACK,W,image_000024.jpg,training/P03/BLACK/W/images/image_000024.jpg,c97c15f54ede0a7626022f746e2063f1c5a0b49713493b3d6c88b21d3dcb205b,9171,,,true
P03_BLACK_W_000025,P03,BLACK,W,image_000025.jpg,training/P03/BLACK/W/images/image_000025.jpg,e29cc69903562ba79ae3550fc54beb92ab9d33d6cf6481a4b2000cb78a5dde4c,8797,,,true
P03_BLACK_Y_000001,P03,BLACK,Y,image_000001.jpg,training/P03/BLACK/Y/images/image_000001.jpg,d469a984e0348fe594611f8506a0719d69e34b2ade30baa7a8e16bf23e7a2599,8913,,,true
P03_BLACK_Y_000002,P03,BLACK,Y,image_000002.jpg,training/P03/BLACK/Y/images/image_000002.jpg,f39cab8396f6f0ced00bb5f6992936c3da8dddf311dc367e52ee978b43b966fe,8828,,,true
P03_BLACK_Y_000003,P03,BLACK,Y,image_000003.jpg,training/P03/BLACK/Y/images/image_000003.jpg,965263ff64f0e0f1f6ac7bd00d26e93ec3638acfcaa8f4a10fa23b018281c2d9,8798,,,true
P03_BLACK_Y_000004,P03,BLACK,Y,image_000004.jpg,training/P03/BLACK/Y/images/image_000004.jpg,a6ec9e059cb772ab5e123dd5c2cca6599cd85717995121c4a73a1e28aa557fde,8913,,,true
P03_BLACK_Y_000005,P03,BLACK,Y,image_000005.jpg,training/P03/BLACK/Y/images/image_000005.jpg,56eef075bf12dd64697bf9c517b46ef1df3891151f880081fc6ddd6da91c048e,8710,,,true
P03_BLACK_Y_000006,P03,BLACK,Y,image_000006.jpg,training/P03/BLACK/Y/images/image_000006.jpg,d94ae3cc33d0e70531d4966259dfecf1f5a7e3975e82e8287da3ca439ed0b8a0,8567,,,true
P03_BLACK_Y_000007,P03,BLACK,Y,image_000007.jpg,training/P03/BLACK/Y/images/image_000007.jpg,d61ad88decbb604846779b34c1814b7895fd83151a5263799117e0f2e079a3f1,8849,,,true
P03_BLACK_Y_000008,P03,BLACK,Y,image_000008.jpg,training/P03/BLACK/Y/images/image_000008.jpg,ef9f84c4898454f367aff5d99c423ba205d890d01baeec8ada9955bf90babee7,8870,,,true
P03_BLACK_Y_000009,P03,BLACK,Y,image_000009.jpg,training/P03/BLACK/Y/images/image_000009.jpg,8a5ce60eda41971235bddac034b651d30de87e184b3af55ac1de06b1ad16c8aa,9280,,,true
P03_BLACK_Y_000010,P03,BLACK,Y,image_000010.jpg,training/P03/BLACK/Y/images/image_000010.jpg,95957f89094d8817f9383f9bbcdde3380902e48af9cea0bd02ec0f5c6ef84b5f,9068,,,true
P03_BLACK_Y_000011,P03,BLACK,Y,image_000011.jpg,training/P03/BLACK/Y/images/image_000011.jpg,fab18fe4c885451d529dd744d776a26a944d55444eafa160201da1234d5b9181,8764,,,true
P03_BLACK_Y_000012,P03,BLACK,Y,image_000012.jpg,training/P03/BLACK/Y/images/image_000012.jpg,d497644afb734d23e714209f2c9f71598b75e25d3e3f6dcd518b8000a9328d0d,8435,,,true
P03_BLACK_Y_000013,P03,BLACK,Y,image_000013.jpg,training/P03/BLACK/Y/images/image_000013.jpg,ab1e9ced0811eb43e3664a792fe92a4cfa060c748b8a1c6e46064d7981a15fc3,8353,,,true
P03_BLACK_Y_000014,P03,BLACK,Y,image_000014.jpg,training/P03/BLACK/Y/images/image_000014.jpg,705f17d6e0f3336693e22dd08f2630d92eb58455543fdf2a7965ad7661e4a635,8589,,,true
P03_BLACK_Y_000015,P03,BLACK,Y,image_000015.jpg,training/P03/BLACK/Y/images/image_000015.jpg,d45fc90ea2b4d51d22064165d718c8e0f68a20d173cfa8ccfb82e7283cf73a24,8829,,,true
P03_BLACK_Y_000016,P03,BLACK,Y,image_000016.jpg,training/P03/BLACK/Y/images/image_000016.jpg,0db80a8c25f2c1a6372c72964197d7126c9cae88f33f37f814baf8bee032a73e,9053,,,true
P03_BLACK_Y_000017,P03,BLACK,Y,image_000017.jpg,training/P03/BLACK/Y/images/image_000017.jpg,e3a829a9857763c9867cef55aa35b4611dffd5f335ff43c86d55cdcad90aacfa,8726,,,true
P03_BLACK_Y_000018,P03,BLACK,Y,image_000018.jpg,training/P03/BLACK/Y/images/image_000018.jpg,b1ccc6e0ca52821470590e62a34db111656ab38582012b3beab75657de2e18eb,8839,,,true
P03_BLACK_Y_000019,P03,BLACK,Y,image_000019.jpg,training/P03/BLACK/Y/images/image_000019.jpg,e2b5b5928f25398a1d329679819b57899aa633a97721b80e36c07cae425e117d,8659,,,true
P03_BLACK_Y_000020,P03,BLACK,Y,image_000020.jpg,training/P03/BLACK/Y/images/image_000020.jpg,08a5bd759abbd95c19a1ae29ba291d492d6e203cf0960cab780cea04d0cad324,8747,,,true
P03_BLACK_Y_000021,P03,BLACK,Y,image_000021.jpg,training/P03/BLACK/Y/images/image_000021.jpg,4780c7c644cefabf7cdf9bffd861979e4a1157dc1b56ac22ae3df20ca3cab5b8,8384,,,true
P03_BLACK_Y_000022,P03,BLACK,Y,image_000022.jpg,training/P03/BLACK/Y/images/image_000022.jpg,110f05a794842cbd6c0bf206c4000bc535372eb1620aadcc12a2915d8499bfd9,8587,,,true
P03_BLACK_Y_000023,P03,BLACK,Y,image_000023.jpg,training/P03/BLACK/Y/images/image_000023.jpg,bf21a41e68c13b25e974f6758a7a37b5c16bf05f08160b387a3963f404bfc74f,8711,,,true
P03_BLACK_Y_000024,P03,BLACK,Y,image_000024.jpg,training/P03/BLACK/Y/images/image_000024.jpg,52634d524797e4487e39705e0d6f44129ed9e6b9cb2bb1d07defce23822e36f0,8696,,,true
P03_BLACK_Y_000025,P03,BLACK,Y,image_000025.jpg,training/P03/BLACK/Y/images/image_000025.jpg,8fb37335d13dfbabfca232f6ec8694f1348fc994f28751bea6aaaae57d859ca8,8665,,,true
P03_BLUE_A_000001,P03,BLUE,A,image_000001.jpg,training/P03/BLUE/A/images/image_000001.jpg,cac1d3d1e8a5a1816f80fd5e09dbd0ec020c408c89c64c0372acc19fe042bc90,10494,,,true
P03_BLUE_A_000002,P03,BLUE,A,image_000002.jpg,training/P03/BLUE/A/images/image_000002.jpg,53808be8b98a109b9b3c376309a3f242465930fc94e5fb2012f2670fe5322bc0,10288,,,true
P03_BLUE_A_000003,P03,BLUE,A,image_000003.jpg,training/P03/BLUE/A/images/image_000003.jpg,721eadb2f4ad648edebb152b567fa96d334c794798dd3875f31eae4cf3fa81f5,10298,,,true
P03_BLUE_A_000004,P03,BLUE,A,image_000004.jpg,training/P03/BLUE/A/images/image_000004.jpg,98e5181aa1e63c6fe6bd9c19c12d70108cae2e60dcd24f6e717f5dc3302d474a,10301,,,true
P03_BLUE_A_000005,P03,BLUE,A,image_000005.jpg,training/P03/BLUE/A/images/image_000005.jpg,20609223bc37db7637410200b2980538d34fc53391e113ceaa70a4922b1e303b,10420,,,true
P03_BLUE_A_000006,P03,BLUE,A,image_000006.jpg,training/P03/BLUE/A/images/image_000006.jpg,7af6192b211062fb444a5f04e61a72a57df49a8ef106ba29da4d66584722511b,10169,,,true
P03_BLUE_A_000007,P03,BLUE,A,image_000007.jpg,training/P03/BLUE/A/images/image_000007.jpg,7d86ffa5d06313ec17c8a01ef624e5067b368e1d95829add159ab7a8b6178522,10498,,,true
P03_BLUE_A_000008,P03,BLUE,A,image_000008.jpg,training/P03/BLUE/A/images/image_000008.jpg,79b6fb477433ce84203cc96bbc67fe9043fb9b91f0b15908942c2d9edade44c8,8788,,,true
P03_BLUE_A_000009,P03,BLUE,A,image_000009.jpg,training/P03/BLUE/A/images/image_000009.jpg,9a3282dd7f4bc157a5f52fc59eb49d7b6576ab10f01ca1875c692873bc4e125b,8956,,,true
P03_BLUE_A_000010,P03,BLUE,A,image_000010.jpg,training/P03/BLUE/A/images/image_000010.jpg,16341ee62f0dd2801b1635fda813d50e21d656cb375bca69e8b90e61a4e20c79,9358,,,true
P03_BLUE_A_000011,P03,BLUE,A,image_000011.jpg,training/P03/BLUE/A/images/image_000011.jpg,f4e441a80f0707a0893e1d8ff407c55686d4a66e4532732fff11a944ae0bf76d,9456,,,true
P03_BLUE_A_000012,P03,BLUE,A,image_000012.jpg,training/P03/BLUE/A/images/image_000012.jpg,4d583aa0291b5354b57595f85a74469566abd36787479489fa10e9cde41f18e2,9554,,,true
P03_BLUE_A_000013,P03,BLUE,A,image_000013.jpg,training/P03/BLUE/A/images/image_000013.jpg,cf7260f734fd1d37aa452f643039b05c7781e94ea27236e535a0246627c2762b,9434,,,true
P03_BLUE_A_000014,P03,BLUE,A,image_000014.jpg,training/P03/BLUE/A/images/image_000014.jpg,d8a99aa7047abb6f262fbf392b7ab7cf1274e578c866dbcaa92a96628367ad10,9351,,,true
P03_BLUE_A_000015,P03,BLUE,A,image_000015.jpg,training/P03/BLUE/A/images/image_000015.jpg,c89f09be71793bddfbe33c53a331fb5901dbff8ef3a88c41a168e701f4eadbb3,9391,,,true
P03_BLUE_A_000016,P03,BLUE,A,image_000016.jpg,training/P03/BLUE/A/images/image_000016.jpg,59acdbecc2d3bbd917d90739e050c7d882504661dbf19e896e55d56a47cbfe9c,9130,,,true
P03_BLUE_A_000017,P03,BLUE,A,image_000017.jpg,training/P03/BLUE/A/images/image_000017.jpg,596fed08adda1f945f1dd972f601472b85c80aba7c8931e6bc11524c3abeab30,9217,,,true
P03_BLUE_A_000018,P03,BLUE,A,image_000018.jpg,training/P03/BLUE/A/images/image_000018.jpg,eca5b541fa412dbe0a4d0968b5c0191e3e31440545d1000177e46c3eac9a3a11,8971,,,true
P03_BLUE_A_000019,P03,BLUE,A,image_000019.jpg,training/P03/BLUE/A/images/image_000019.jpg,e503879d2311b19578190d6faedfa518fc91eed590b7c331d326c0855d017331,8886,,,true
P03_BLUE_A_000020,P03,BLUE,A,image_000020.jpg,training/P03/BLUE/A/images/image_000020.jpg,2bee78b06cbd1ccb42f992498dda1b77ac38c87f104f2a629e604eaea78269a1,9019,,,true
P03_BLUE_A_000021,P03,BLUE,A,image_000021.jpg,training/P03/BLUE/A/images/image_000021.jpg,f11cb4e19716b1e5197c35034e47ccec00c78fbe3cdf2c7e8edfd9d317b9ad62,8646,,,true
P03_BLUE_A_000022,P03,BLUE,A,image_000022.jpg,training/P03/BLUE/A/images/image_000022.jpg,4d01fcaa44d150741452d2b1911a61b324efd9727955986904f1797bdd07fdda,8910,,,true
P03_BLUE_A_000023,P03,BLUE,A,image_000023.jpg,training/P03/BLUE/A/images/image_000023.jpg,6578572a4131ff01d96ff9307ec0fc05b384fc826e0f2ea939fe982e140fe08c,8257,,,true
P03_BLUE_A_000024,P03,BLUE,A,image_000024.jpg,training/P03/BLUE/A/images/image_000024.jpg,8163ab1fbdab36bf97dbb044c6a2efd0deed15a961134425dbb6ebc68a1eaf86,9011,,,true
P03_BLUE_A_000025,P03,BLUE,A,image_000025.jpg,training/P03/BLUE/A/images/image_000025.jpg,efc288ac647eb66cce7812acce84d821d0820bba4f551ca00c0b6cc5878e66f6,8917,,,true
P03_BLUE_B_000001,P03,BLUE,B,image_000001.jpg,training/P03/BLUE/B/images/image_000001.jpg,f455e7ea266ce4b2018d0a3dcb83e4ca87cc9e4be354ec2f5b3730b01ef08b0e,10581,,,true
P03_BLUE_B_000002,P03,BLUE,B,image_000002.jpg,training/P03/BLUE/B/images/image_000002.jpg,1d755e35a4cb1751d55b76a8c8dd6ef7a3034bff50404370fb41ecaf13faf191,10346,,,true
P03_BLUE_B_000003,P03,BLUE,B,image_000003.jpg,training/P03/BLUE/B/images/image_000003.jpg,9907f549cd7f3fd5ff6b6e5d24f65988df7a5711bde8d1a939df99add6fc09a0,10307,,,true
P03_BLUE_B_000004,P03,BLUE,B,image_000004.jpg,training/P03/BLUE/B/images/image_000004.jpg,2a551e744f49da347ebf8051c6eafd62d3ab72ac7500ce7db8749462cca3f0fc,10234,,,true
P03_BLUE_B_000005,P03,BLUE,B,image_000005.jpg,training/P03/BLUE/B/images/image_000005.jpg,2583575a94ec9e024855bd2e1627514ae4c855e8dfc062746a0b04caa8f49fc5,9987,,,true
P03_BLUE_B_000006,P03,BLUE,B,image_000006.jpg,training/P03/BLUE/B/images/image_000006.jpg,f9d5031ce361d8b66ee679b1930840e611edd272a6f73f8b29ef7cfd617e20df,10067,,,true
P03_BLUE_B_000007,P03,BLUE,B,image_000007.jpg,training/P03/BLUE/B/images/image_000007.jpg,fcef84e4574405f0a4476bbf23452ec315d802a0e1ef8faee1bd0d17d53d396b,10023,,,true
P03_BLUE_B_000008,P03,BLUE,B,image_000008.jpg,training/P03/BLUE/B/images/image_000008.jpg,155d1e9e17889df2b5cb011e34ab8fb171f52b09729f14b99e35042e8e511896,10023,,,true
P03_BLUE_B_000009,P03,BLUE,B,image_000009.jpg,training/P03/BLUE/B/images/image_000009.jpg,0c89ed656143711539b0f2ff6e2fb1a79b1bbd3b22847620845119c14f0acacd,10078,,,true
P03_BLUE_B_000010,P03,BLUE,B,image_000010.jpg,training/P03/BLUE/B/images/image_000010.jpg,15bb000512e8ce9481d29a37dd9f17105f5309477ed636558068664edbd95989,10163,,,true
P03_BLUE_B_000011,P03,BLUE,B,image_000011.jpg,training/P03/BLUE/B/images/image_000011.jpg,89d627af7d596d0bfce6f610aa5a30a1b68ce0fb4e8e05c76a2a125882faad64,10277,,,true
P03_BLUE_B_000012,P03,BLUE,B,image_000012.jpg,training/P03/BLUE/B/images/image_000012.jpg,bb7911a6d1b90ce6136beb6004f994bfe5f25381763a6aef51f3ae947dd5ac32,10142,,,true
P03_BLUE_B_000013,P03,BLUE,B,image_000013.jpg,training/P03/BLUE/B/images/image_000013.jpg,283fabc337c9ba23e8598ae5dec4c4883d21315bc79781e92d959af4046b22c3,10262,,,true
P03_BLUE_B_000014,P03,BLUE,B,image_000014.jpg,training/P03/BLUE/B/images/image_000014.jpg,cea0a10fa9f4ce8a0ea315b862f8bcda4c27cf4a3da074d8da963bc709f9eed0,10081,,,true
P03_BLUE_B_000015,P03,BLUE,B,image_000015.jpg,training/P03/BLUE/B/images/image_000015.jpg,884db11d1c9a0d3d5937b7c3e295cb17af67cdbc5fac06f862bf952605146961,10067,,,true
P03_BLUE_B_000016,P03,BLUE,B,image_000016.jpg,training/P03/BLUE/B/images/image_000016.jpg,a173e3395f9d410ca02473a555ce4a040960ba59006b42cc954403ecbaf52fc2,10030,,,true
P03_BLUE_B_000017,P03,BLUE,B,image_000017.jpg,training/P03/BLUE/B/images/image_000017.jpg,f998935029bd9fff803a30f7e61c79ac63815f0e784e9421db5b219d04d77330,10232,,,true
P03_BLUE_B_000018,P03,BLUE,B,image_000018.jpg,training/P03/BLUE/B/images/image_000018.jpg,f851bc279fe556ce432abffdc2f031ab22d4dec3b87fba738822aab859c7a868,9941,,,true
P03_BLUE_B_000019,P03,BLUE,B,image_000019.jpg,training/P03/BLUE/B/images/image_000019.jpg,19b6782929c88eafffee30b3c77116176d12a1962a2b3b9b1e0974ff4eb83a3d,9965,,,true
P03_BLUE_B_000020,P03,BLUE,B,image_000020.jpg,training/P03/BLUE/B/images/image_000020.jpg,b9a70ad2c2f0cff885ee2c57e0454900f364d8e1f67fd9845b335ef8e12371b7,10293,,,true
P03_BLUE_B_000021,P03,BLUE,B,image_000021.jpg,training/P03/BLUE/B/images/image_000021.jpg,2dc4cdd27e8c8a915750c90273501cfb5d908ad8cd6167d02db15673d9cc3744,9834,,,true
P03_BLUE_B_000022,P03,BLUE,B,image_000022.jpg,training/P03/BLUE/B/images/image_000022.jpg,9bf0952aa2a5a920d9a2a6f9add38dab87a6c435c30f83a2987fa9f470f24c24,9896,,,true
P03_BLUE_B_000023,P03,BLUE,B,image_000023.jpg,training/P03/BLUE/B/images/image_000023.jpg,1a7eda8b902387c86eb0127c1ad4b8f239ea0fd11ee07d576e406be8b3db1423,10496,,,true
P03_BLUE_B_000024,P03,BLUE,B,image_000024.jpg,training/P03/BLUE/B/images/image_000024.jpg,947911b0620869264a677b8492acb2529677bb26acd267ebe78e6bba20ff88bb,10332,,,true
P03_BLUE_B_000025,P03,BLUE,B,image_000025.jpg,training/P03/BLUE/B/images/image_000025.jpg,e945ca6b1b3b8ea01cce6e29364a878a2a91128313f653363d5f65ad46a41dc3,10244,,,true
P03_BLUE_C_000001,P03,BLUE,C,image_000001.jpg,training/P03/BLUE/C/images/image_000001.jpg,4d6504a44add2c3714bb185d943cab535b31b5136844861109405c9a52e85072,10608,,,true
P03_BLUE_C_000002,P03,BLUE,C,image_000002.jpg,training/P03/BLUE/C/images/image_000002.jpg,a5e36862332165d58429461f19a05aa12297f5e4816f2819122ec8e7599efd26,10611,,,true
P03_BLUE_C_000003,P03,BLUE,C,image_000003.jpg,training/P03/BLUE/C/images/image_000003.jpg,a025914d1b8b17b3677f74ee5ebae7c5b472f656af481539440d6772cf1cac37,10378,,,true
P03_BLUE_C_000004,P03,BLUE,C,image_000004.jpg,training/P03/BLUE/C/images/image_000004.jpg,54cfebcfc6282b6e35750e0046669cb36a6ef13f1c7746cbe2d9f76e8a9de9e7,10178,,,true
P03_BLUE_C_000005,P03,BLUE,C,image_000005.jpg,training/P03/BLUE/C/images/image_000005.jpg,409201c5cf9a06f8ed05ac5b608b523528359de170316074d5ec46711c50a705,10314,,,true
P03_BLUE_C_000006,P03,BLUE,C,image_000006.jpg,training/P03/BLUE/C/images/image_000006.jpg,10709fd139eb4fe0a56b85fb17ad8ad6a61ccd4b4efc7e661e2ebe41391a79ce,10248,,,true
P03_BLUE_C_000007,P03,BLUE,C,image_000007.jpg,training/P03/BLUE/C/images/image_000007.jpg,c3bc64023b049bcfb9dd4520e9f8239f1d7a1f076d967a2645c08d3ee0978852,10231,,,true
P03_BLUE_C_000008,P03,BLUE,C,image_000008.jpg,training/P03/BLUE/C/images/image_000008.jpg,18a5ad8a80def0df015a39d52681408b2ae51d11c8890a2b7c8ecfe78b119323,10504,,,true
P03_BLUE_C_000009,P03,BLUE,C,image_000009.jpg,training/P03/BLUE/C/images/image_000009.jpg,db52ebc934cc3a19530a10034b63815dbe7dc859c77bc6f1a301185342eb9c95,10186,,,true
P03_BLUE_C_000010,P03,BLUE,C,image_000010.jpg,training/P03/BLUE/C/images/image_000010.jpg,78c088a4dddcb4f9b80bc18be4d026275676eb1e6e6d98a91fad51f585f8756b,10332,,,true
P03_BLUE_C_000011,P03,BLUE,C,image_000011.jpg,training/P03/BLUE/C/images/image_000011.jpg,29763f173f6836a13040e4fd190e43e067fd8b527bcfd6b8eac42957d586d595,10044,,,true
P03_BLUE_C_000012,P03,BLUE,C,image_000012.jpg,training/P03/BLUE/C/images/image_000012.jpg,f063abaa8f5bb26dccbaa5d404aba4d752096c750b8b3fc4a18f7ef79e9ef8fe,10411,,,true
P03_BLUE_C_000013,P03,BLUE,C,image_000013.jpg,training/P03/BLUE/C/images/image_000013.jpg,a26425bd830b3e12db4f7793dea312480e530048d191124817201cc031f0b616,10594,,,true
P03_BLUE_C_000014,P03,BLUE,C,image_000014.jpg,training/P03/BLUE/C/images/image_000014.jpg,0f11487ea85e40c0dfd15f7046bf09ee72ac3e75ecf039d7d40cc4d0cd7251da,10345,,,true
P03_BLUE_C_000015,P03,BLUE,C,image_000015.jpg,training/P03/BLUE/C/images/image_000015.jpg,6814a58a7f690b1b53684b72b395c83f565f3130a91895e5a05b680b17cf3baa,10165,,,true
P03_BLUE_C_000016,P03,BLUE,C,image_000016.jpg,training/P03/BLUE/C/images/image_000016.jpg,8cae25571fe082c6d1fbc7a750a8abc0b65a8f92e12b43d0a583ef7d0edfa20e,10491,,,true
P03_BLUE_C_000017,P03,BLUE,C,image_000017.jpg,training/P03/BLUE/C/images/image_000017.jpg,cfacd9458d3cc1bb1cc41ea7e334606394c5bb95163ff5baff10ba94dcd35cc1,10484,,,true
P03_BLUE_C_000018,P03,BLUE,C,image_000018.jpg,training/P03/BLUE/C/images/image_000018.jpg,f03b4e4a2c429e14a413f7a2a43f29d9b4439b736f97a7ea6d38332fd39fc843,10537,,,true
P03_BLUE_C_000019,P03,BLUE,C,image_000019.jpg,training/P03/BLUE/C/images/image_000019.jpg,8529b142a1da38f825d24d9fe220182e3480d3617498333257c54e54ab44d591,10263,,,true
P03_BLUE_C_000020,P03,BLUE,C,image_000020.jpg,training/P03/BLUE/C/images/image_000020.jpg,fe9f639185bbea7d23ce35e245fccecc2c9fa4d40629ca457b6905b2a71552aa,10108,,,true
P03_BLUE_C_000021,P03,BLUE,C,image_000021.jpg,training/P03/BLUE/C/images/image_000021.jpg,fa89e806080a93885c46983dbad4cae9d64e06722098b309481cdc9702036b93,10346,,,true
P03_BLUE_C_000022,P03,BLUE,C,image_000022.jpg,training/P03/BLUE/C/images/image_000022.jpg,7a35f3f5c78a19079a33ac2118518d0cdae3dd1761fbe3f3847ada0997c277a2,10185,,,true
P03_BLUE_C_000023,P03,BLUE,C,image_000023.jpg,training/P03/BLUE/C/images/image_000023.jpg,6a4d78da2da9f2644015e01850a0f04f81c2cdf8d5051b5f7d34e3059c3487be,10260,,,true
P03_BLUE_C_000024,P03,BLUE,C,image_000024.jpg,training/P03/BLUE/C/images/image_000024.jpg,2c67c92ae7b54fe0d1fcce2891af05b9bae271556509965b3e33bc27b5d97cdb,10388,,,true
P03_BLUE_C_000025,P03,BLUE,C,image_000025.jpg,training/P03/BLUE/C/images/image_000025.jpg,ea3b1e782245db5ea532952c5e77a117112fd9f79a85631cf803debbe60f6438,10035,,,true
P03_BLUE_E_000001,P03,BLUE,E,image_000001.jpg,training/P03/BLUE/E/images/image_000001.jpg,c386eaeed0e5194848b902076d6c899785255fb511e4140aa94a214013765a5c,10539,,,true
P03_BLUE_E_000002,P03,BLUE,E,image_000002.jpg,training/P03/BLUE/E/images/image_000002.jpg,10e13eec208afd4c57719e463b7917af5d2e28c714bea163847a877eb457f889,10399,,,true
P03_BLUE_E_000003,P03,BLUE,E,image_000003.jpg,training/P03/BLUE/E/images/image_000003.jpg,e608559bbda769b78860fd602b90ced813edb9e3cd68d5d5b94d2d377a9a0809,10515,,,true
P03_BLUE_E_000004,P03,BLUE,E,image_000004.jpg,training/P03/BLUE/E/images/image_000004.jpg,7ac9444cdf4e380407862453ce67576a98b9a66b12eaf12a90a0fc5f75e6a107,10230,,,true
P03_BLUE_E_000005,P03,BLUE,E,image_000005.jpg,training/P03/BLUE/E/images/image_000005.jpg,4511e074dd331a7c29fa73c64f385749e7115238edd045eda4cd3d345c56f2a2,10135,,,true
P03_BLUE_E_000006,P03,BLUE,E,image_000006.jpg,training/P03/BLUE/E/images/image_000006.jpg,2785415d96bd6c08a7b86d606ec5ac1ad795eb1d0733e2e15d5727ab2e212ea4,10722,,,true
P03_BLUE_E_000007,P03,BLUE,E,image_000007.jpg,training/P03/BLUE/E/images/image_000007.jpg,65d27871e32101b1be0c607dd8882f87a29b3e4d08b2fb2f982b9a36cf7650ea,11006,,,true
P03_BLUE_E_000008,P03,BLUE,E,image_000008.jpg,training/P03/BLUE/E/images/image_000008.jpg,bb92e61a4f3b853b9aa79c69ac5b2c2fa4bbc47b258716e628c31014c8b2f1c7,10658,,,true
P03_BLUE_E_000009,P03,BLUE,E,image_000009.jpg,training/P03/BLUE/E/images/image_000009.jpg,7856de8d5cd2a27ed9df0d4d0532247432402b1f9308f21ca80d869224da1daf,10641,,,true
P03_BLUE_E_000010,P03,BLUE,E,image_000010.jpg,training/P03/BLUE/E/images/image_000010.jpg,78d08fe0333c8ed41eac51574f6cd15fc2c24bedcfbcd928834b0d7d7e22174e,10618,,,true
P03_BLUE_E_000011,P03,BLUE,E,image_000011.jpg,training/P03/BLUE/E/images/image_000011.jpg,8670f29fe78aa3635c8912bbf47cd19b4a35b52aecec4bd899dcbf019b159639,10508,,,true
P03_BLUE_E_000012,P03,BLUE,E,image_000012.jpg,training/P03/BLUE/E/images/image_000012.jpg,6db8e7de72e31a56263c79e5ce053dc9e6edd47d173c0e5f40ceb931108c0577,10722,,,true
P03_BLUE_E_000013,P03,BLUE,E,image_000013.jpg,training/P03/BLUE/E/images/image_000013.jpg,867ed11d8f0522f99b5d235894c84c974b9a65a6b9da8ab7c0bf9e0f5bd88b79,10297,,,true
P03_BLUE_E_000014,P03,BLUE,E,image_000014.jpg,training/P03/BLUE/E/images/image_000014.jpg,11caa8684b91fb8161ad78811b3e1e4011ddeb65ba53d003b0544d9b49da2fe3,10138,,,true
P03_BLUE_E_000015,P03,BLUE,E,image_000015.jpg,training/P03/BLUE/E/images/image_000015.jpg,e4a4c8525dbb92aab1d356cb221f67e0dcbfa172672c2ca92ce206fe100f7545,10157,,,true
P03_BLUE_E_000016,P03,BLUE,E,image_000016.jpg,training/P03/BLUE/E/images/image_000016.jpg,d07f43837a3809837a42c2accbd45078d5b909aed15a25871ed71746deb8aa6f,10524,,,true
P03_BLUE_E_000017,P03,BLUE,E,image_000017.jpg,training/P03/BLUE/E/images/image_000017.jpg,e1e2ef10c300492207ddc2cabcc7b75665df948852b07dce2f4d6e3c7def862d,8894,,,true
P03_BLUE_E_000018,P03,BLUE,E,image_000018.jpg,training/P03/BLUE/E/images/image_000018.jpg,16696bc726822d6313c1e996cba31ae6de2165ab37fa9da4237c792b7fc748c7,8870,,,true
P03_BLUE_E_000019,P03,BLUE,E,image_000019.jpg,training/P03/BLUE/E/images/image_000019.jpg,fd6b1e4fec33e3a45cb674c772f7820bfa65e21916b90a00909f0aba00ff6c18,10315,,,true
P03_BLUE_E_000020,P03,BLUE,E,image_000020.jpg,training/P03/BLUE/E/images/image_000020.jpg,b06002307420e66075ac8f7cde8d76eaa871f25e27771993626aa31f300f39c3,10262,,,true
P03_BLUE_E_000021,P03,BLUE,E,image_000021.jpg,training/P03/BLUE/E/images/image_000021.jpg,dc62200d39bae695b21fbbebde16cc53fb80a98c2be75a51b9672756187edcc7,10191,,,true
P03_BLUE_E_000022,P03,BLUE,E,image_000022.jpg,training/P03/BLUE/E/images/image_000022.jpg,0f81983c65309b365be32ae8eb08d59af3ea74e7d154d191322715c4187206cc,10332,,,true
P03_BLUE_E_000023,P03,BLUE,E,image_000023.jpg,training/P03/BLUE/E/images/image_000023.jpg,66a139e405361f6feb015cb50ee3d8caea1cf26fd572372e05cbdd8d6dc9aa7d,10206,,,true
P03_BLUE_E_000024,P03,BLUE,E,image_000024.jpg,training/P03/BLUE/E/images/image_000024.jpg,0a954fec2ffbf8ea81f648607b64f8c5f1eefc3729f75b3c018bd4464e69b98c,10197,,,true
P03_BLUE_E_000025,P03,BLUE,E,image_000025.jpg,training/P03/BLUE/E/images/image_000025.jpg,36b56a41cce5fee3ed1169526d587ebcd806c4606b78816a3c40337967569919,10036,,,true
P03_BLUE_I_000001,P03,BLUE,I,image_000001.jpg,training/P03/BLUE/I/images/image_000001.jpg,7bb709b6773546c972f3ceedd1d231bf3d5f371b450e3e4aa4ea4a27cc729e93,10438,,,true
P03_BLUE_I_000002,P03,BLUE,I,image_000002.jpg,training/P03/BLUE/I/images/image_000002.jpg,14f7aa0324f2ec6d7bbdd862b896c7be3260e972dd7983ff538208923b35cea2,10482,,,true
P03_BLUE_I_000003,P03,BLUE,I,image_000003.jpg,training/P03/BLUE/I/images/image_000003.jpg,1a206c41487d0d50d92cd46e88fdf3d9aa6784a3515ad986eaef5af36ec0dc36,10083,,,true
P03_BLUE_I_000004,P03,BLUE,I,image_000004.jpg,training/P03/BLUE/I/images/image_000004.jpg,b8a2e4d4ac8b81f0e8030d30b4aedf6a4198cc38f6a35e65d9c7a3d87bae9885,10407,,,true
P03_BLUE_I_000005,P03,BLUE,I,image_000005.jpg,training/P03/BLUE/I/images/image_000005.jpg,4811aa767c43ff157dc7bdb8973277ebe6eef3b458e89cecbaa0f4e0915868ae,10234,,,true
P03_BLUE_I_000006,P03,BLUE,I,image_000006.jpg,training/P03/BLUE/I/images/image_000006.jpg,b3a7219944c0eac612b557c3a9110cabbb77e4594fc0d56f1a796ba1676fed52,10312,,,true
P03_BLUE_I_000007,P03,BLUE,I,image_000007.jpg,training/P03/BLUE/I/images/image_000007.jpg,085ac613746be524022bf86b054582b6beca324a49659966ec688092ab6cfde8,10168,,,true
P03_BLUE_I_000008,P03,BLUE,I,image_000008.jpg,training/P03/BLUE/I/images/image_000008.jpg,ada1d24bf0481a179f35e175221be1153f65d47747e2362d15a856a39f4af418,10174,,,true
P03_BLUE_I_000009,P03,BLUE,I,image_000009.jpg,training/P03/BLUE/I/images/image_000009.jpg,9a44147e3b02b1eda190866fef37ed7b12d9f7aa6166a0f28215fce1c2e22722,10179,,,true
P03_BLUE_I_000010,P03,BLUE,I,image_000010.jpg,training/P03/BLUE/I/images/image_000010.jpg,10be9dea6822cfa38e8d4b43c95dfe3b2870925c729ce2cf2e8538ee8aa46b8d,10143,,,true
P03_BLUE_I_000011,P03,BLUE,I,image_000011.jpg,training/P03/BLUE/I/images/image_000011.jpg,d93e80c78f0d89f7295d7cd4273c7f34a45bbc07adbc02674cd57069020ecd58,10051,,,true
P03_BLUE_I_000012,P03,BLUE,I,image_000012.jpg,training/P03/BLUE/I/images/image_000012.jpg,6c1c5453a51c639c811e1b29ec004a314407dcd984347954bd312fc7d8069d69,10291,,,true
P03_BLUE_I_000013,P03,BLUE,I,image_000013.jpg,training/P03/BLUE/I/images/image_000013.jpg,d1a522ba0786b4c660fe9d99423edc8fdd712320574a8c6a25d965989acaec68,10309,,,true
P03_BLUE_I_000014,P03,BLUE,I,image_000014.jpg,training/P03/BLUE/I/images/image_000014.jpg,bae984eea1338ec4e8a25b9d9135fe9958210894c7b6436180c45ed759cef15e,10261,,,true
P03_BLUE_I_000015,P03,BLUE,I,image_000015.jpg,training/P03/BLUE/I/images/image_000015.jpg,28594b2971a67d4352617773f27a81e50496988f3838a14f49f627520c521ddf,9438,,,true
P03_BLUE_I_000016,P03,BLUE,I,image_000016.jpg,training/P03/BLUE/I/images/image_000016.jpg,e9dd3061cab85438490f6b2ace495045ad49cd0a0a6af1378ae08fea763b11e4,9418,,,true
P03_BLUE_I_000017,P03,BLUE,I,image_000017.jpg,training/P03/BLUE/I/images/image_000017.jpg,ea6698d00cc321123ddd7093ea147a76d58863eca3ad958307d68ad91e0e569b,9680,,,true
P03_BLUE_I_000018,P03,BLUE,I,image_000018.jpg,training/P03/BLUE/I/images/image_000018.jpg,8bc75916da8ab66a5c54e54975a27aa0a7c6822c18039bc6977a4250eb65da64,9279,,,true
P03_BLUE_I_000019,P03,BLUE,I,image_000019.jpg,training/P03/BLUE/I/images/image_000019.jpg,8fbb6003983ec42e64cb36c3302314d42e2d59ce1e2e85bdadbf0d407b4d7550,9417,,,true
P03_BLUE_I_000020,P03,BLUE,I,image_000020.jpg,training/P03/BLUE/I/images/image_000020.jpg,a4d989516ae71a18eadd3295696aed63f419618a70b42efa060543a09b47b9ca,10098,,,true
P03_BLUE_I_000021,P03,BLUE,I,image_000021.jpg,training/P03/BLUE/I/images/image_000021.jpg,82b3b6540b9f48d60f42312e90ee95cc74a70365d70999e8db0a01a199538a74,10307,,,true
P03_BLUE_I_000022,P03,BLUE,I,image_000022.jpg,training/P03/BLUE/I/images/image_000022.jpg,5e18948fa95968cd30f7e070af5bdb1d9c7dfa22666b342276c18374d5b5b2ff,10109,,,true
P03_BLUE_I_000023,P03,BLUE,I,image_000023.jpg,training/P03/BLUE/I/images/image_000023.jpg,3b51fbe908cc061e5aae1967a41ded775d760a3b58dbb956e99982e4dcda64b5,10215,,,true
P03_BLUE_I_000024,P03,BLUE,I,image_000024.jpg,training/P03/BLUE/I/images/image_000024.jpg,e3c7741d665748b3d63dfde7f8ee9f58ef7c028e569bf34244fb5983400441be,10576,,,true
P03_BLUE_I_000025,P03,BLUE,I,image_000025.jpg,training/P03/BLUE/I/images/image_000025.jpg,c8af43fa138af92dc4de63a961b91680262b9828c06fed54f4b56144698ed9fc,10368,,,true
P03_BLUE_L_000001,P03,BLUE,L,image_000001.jpg,training/P03/BLUE/L/images/image_000001.jpg,f6edff8492e768561e7686a75171b4bc09131dd9b35a05fbcb531fac0cc8e3f4,10649,,,true
P03_BLUE_L_000002,P03,BLUE,L,image_000002.jpg,training/P03/BLUE/L/images/image_000002.jpg,b902da2f6480f423de3c41052210c8d1531f0ecf14a3136d43e80315a6804c29,10639,,,true
P03_BLUE_L_000003,P03,BLUE,L,image_000003.jpg,training/P03/BLUE/L/images/image_000003.jpg,c36872f9773b10433c1252f421cebea078969be1c4af45eec1281f63f1a1e002,10327,,,true
P03_BLUE_L_000004,P03,BLUE,L,image_000004.jpg,training/P03/BLUE/L/images/image_000004.jpg,9027d75a7713944635c32d4354474223f728306955eb6ffb4443905fdf1d89d8,10260,,,true
P03_BLUE_L_000005,P03,BLUE,L,image_000005.jpg,training/P03/BLUE/L/images/image_000005.jpg,c3a599965dccf2cce64217d0c2479a54da4faac24dcad95957b37b33fa359c91,10733,,,true
P03_BLUE_L_000006,P03,BLUE,L,image_000006.jpg,training/P03/BLUE/L/images/image_000006.jpg,195597ec9261f983d0edb45748ac58117ad3982893baec74b2baa0d362ff4deb,10712,,,true
P03_BLUE_L_000007,P03,BLUE,L,image_000007.jpg,training/P03/BLUE/L/images/image_000007.jpg,3938be09d2deb21e30dbe38d22dcc186fd8b5c380c61287300eb3d6b8bdfbeea,10530,,,true
P03_BLUE_L_000008,P03,BLUE,L,image_000008.jpg,training/P03/BLUE/L/images/image_000008.jpg,ccfe00325ad6f236467bf558a069d4911a7163f2b5e479cafd74bbfea20169f5,10558,,,true
P03_BLUE_L_000009,P03,BLUE,L,image_000009.jpg,training/P03/BLUE/L/images/image_000009.jpg,3f872e4f4b10be1180ee3728b8f5e1e61da82c255e13d6722fa8fc9bdea87850,10589,,,true
P03_BLUE_L_000010,P03,BLUE,L,image_000010.jpg,training/P03/BLUE/L/images/image_000010.jpg,eeb12764cb54a986e63eb2881bde0d35c67ac4eed8ba69981fd8f8addc839e25,10588,,,true
P03_BLUE_L_000011,P03,BLUE,L,image_000011.jpg,training/P03/BLUE/L/images/image_000011.jpg,4677dd998404b3b856051ddf318ee340283090a1836e9264412e8c98b5695a26,10500,,,true
P03_BLUE_L_000012,P03,BLUE,L,image_000012.jpg,training/P03/BLUE/L/images/image_000012.jpg,58988907a321854ca8c9da9e4e194f0f4fec8e2f4a8a23a52a31f7c6a00e1a40,10322,,,true
P03_BLUE_L_000013,P03,BLUE,L,image_000013.jpg,training/P03/BLUE/L/images/image_000013.jpg,d70dc9fa5033ff2cafe09b8b058b7e324dcb14ad26639755a06558d0ebd615e4,10287,,,true
P03_BLUE_L_000014,P03,BLUE,L,image_000014.jpg,training/P03/BLUE/L/images/image_000014.jpg,6c0cfe562f80a5368ef6ec5803ea5e6027bf3f47ce86f1f9c8311a651be2aa07,10506,,,true
P03_BLUE_L_000015,P03,BLUE,L,image_000015.jpg,training/P03/BLUE/L/images/image_000015.jpg,40747403cd560a34c9d7acef7471839aee85509cb0c235688af4f571904dcfe0,10514,,,true
P03_BLUE_L_000016,P03,BLUE,L,image_000016.jpg,training/P03/BLUE/L/images/image_000016.jpg,87ccc19ad5ce957ddc7d9a269385b7a2624fb01b6092c2f2b20fd5bbd520c465,10408,,,true
P03_BLUE_L_000017,P03,BLUE,L,image_000017.jpg,training/P03/BLUE/L/images/image_000017.jpg,c7ab510c7fb8ea337c87abbd382130f9455216f5b7703f331fdc769608648163,10267,,,true
P03_BLUE_L_000018,P03,BLUE,L,image_000018.jpg,training/P03/BLUE/L/images/image_000018.jpg,029041c201b4ac1aa43c3e3915eb1ecd382ce7ec5380e09e76c5d768e7e32394,10317,,,true
P03_BLUE_L_000019,P03,BLUE,L,image_000019.jpg,training/P03/BLUE/L/images/image_000019.jpg,8591021ccadf66b9de42882b1ff0b51ee55fee07ad9bcf6e8f7574b1a503c022,10390,,,true
P03_BLUE_L_000020,P03,BLUE,L,image_000020.jpg,training/P03/BLUE/L/images/image_000020.jpg,fbba4e75942106f8ee177060026e13be13d6df66d0ebba27b2cf87794bd2c0b6,10165,,,true
P03_BLUE_L_000021,P03,BLUE,L,image_000021.jpg,training/P03/BLUE/L/images/image_000021.jpg,c27f415c31492d7d94b58a11455e1b289aecda32d1c0bc1166591ff09e244c52,10885,,,true
P03_BLUE_L_000022,P03,BLUE,L,image_000022.jpg,training/P03/BLUE/L/images/image_000022.jpg,7b412d07e2ef57b12fa5d7914852c9f69761a3ef655cdb7d6bc7fd04b901fbe4,10915,,,true
P03_BLUE_L_000023,P03,BLUE,L,image_000023.jpg,training/P03/BLUE/L/images/image_000023.jpg,ebe0afabd9bb7306ed09e5fac18a8fb8967c591c52d94b2680b6d6247f8827c2,10503,,,true
P03_BLUE_L_000024,P03,BLUE,L,image_000024.jpg,training/P03/BLUE/L/images/image_000024.jpg,d8e36f8f74100d23edc2115e58d88f44b958a5ccba85091c49b0fca7014301f4,10648,,,true
P03_BLUE_L_000025,P03,BLUE,L,image_000025.jpg,training/P03/BLUE/L/images/image_000025.jpg,599390794ec82911c7facb285d3d53b118442c7d44a7909327858f949b94f436,10187,,,true
P03_BLUE_M_000001,P03,BLUE,M,image_000001.jpg,training/P03/BLUE/M/images/image_000001.jpg,c186e41f2a69522a03b064d01de30e9b475eb6b7222506662287b6d3ed5fbf0f,9583,,,true
P03_BLUE_M_000002,P03,BLUE,M,image_000002.jpg,training/P03/BLUE/M/images/image_000002.jpg,940fa4f7a6ab31003d4d18398d0069856da0caa0f5bec24dc8a7a02f42f78c55,9467,,,true
P03_BLUE_M_000003,P03,BLUE,M,image_000003.jpg,training/P03/BLUE/M/images/image_000003.jpg,49e0e44297f004bdc07925d6c4a66292eee36f35985526908a3e6bccc38f8d7f,10376,,,true
P03_BLUE_M_000004,P03,BLUE,M,image_000004.jpg,training/P03/BLUE/M/images/image_000004.jpg,337e7b086a85af76414419ddd1f9a9c3aaa75033a6b4cad8f6351c47cda08ea4,10528,,,true
P03_BLUE_M_000005,P03,BLUE,M,image_000005.jpg,training/P03/BLUE/M/images/image_000005.jpg,2766226b9d7ced435ae606539dcf2668c97fc6d776bad766a97c948d51873c0a,10536,,,true
P03_BLUE_M_000006,P03,BLUE,M,image_000006.jpg,training/P03/BLUE/M/images/image_000006.jpg,3f87c31f66f209c8d24277243641d151a8a41f7ce657218947bc84cc6d04fd70,10258,,,true
P03_BLUE_M_000007,P03,BLUE,M,image_000007.jpg,training/P03/BLUE/M/images/image_000007.jpg,b85346b4622b441d5c8fc082427caa568d6546da05eaba9f1cb0a3c95340ea74,10152,,,true
P03_BLUE_M_000008,P03,BLUE,M,image_000008.jpg,training/P03/BLUE/M/images/image_000008.jpg,ae13436dd6a56c87c7306ad19b986dc28c698629ab8130eb015b4fa3920a5f25,10248,,,true
P03_BLUE_M_000009,P03,BLUE,M,image_000009.jpg,training/P03/BLUE/M/images/image_000009.jpg,126ae0371853510695b37aee441462034888f41b42299fc5b0476de6cb28117e,10563,,,true
P03_BLUE_M_000010,P03,BLUE,M,image_000010.jpg,training/P03/BLUE/M/images/image_000010.jpg,709ee09d91fcd1437b353b242b177148e899b169ba9c69cc63b6c9d077e791f3,10422,,,true
P03_BLUE_M_000011,P03,BLUE,M,image_000011.jpg,training/P03/BLUE/M/images/image_000011.jpg,ca1eae3633bdb2aba710156158e3aac5f7bb852bae004d5b7337410240a69a35,10484,,,true
P03_BLUE_M_000012,P03,BLUE,M,image_000012.jpg,training/P03/BLUE/M/images/image_000012.jpg,b4c8c8503b2b422167e2b8d941f17c2277dd5f8b00625b3420884958f96d1f4f,10178,,,true
P03_BLUE_M_000013,P03,BLUE,M,image_000013.jpg,training/P03/BLUE/M/images/image_000013.jpg,66cdaa03ddb7c7462f865c491264f60ae0f4b1bb75c054d7609e95ecaf6ea5a7,10014,,,true
P03_BLUE_M_000014,P03,BLUE,M,image_000014.jpg,training/P03/BLUE/M/images/image_000014.jpg,0df235fe3ae350ee5df2a101e3bb64334a224a323a2cf00bfd47bb112b707ff1,10203,,,true
P03_BLUE_M_000015,P03,BLUE,M,image_000015.jpg,training/P03/BLUE/M/images/image_000015.jpg,ecb286e483eb95d36b80148712f8f93339aa26cb1d7dcec7f60ac4238bc3fff8,10324,,,true
P03_BLUE_M_000016,P03,BLUE,M,image_000016.jpg,training/P03/BLUE/M/images/image_000016.jpg,bb37c05ffd09b794184bee26f8ef04dbee398f7e261e7911f6a4373cff808d9d,10193,,,true
P03_BLUE_M_000017,P03,BLUE,M,image_000017.jpg,training/P03/BLUE/M/images/image_000017.jpg,79e54b6b618bd270adff0818e72c867a31f8279dcd9494d7c29ef91ba2857c32,10381,,,true
P03_BLUE_M_000018,P03,BLUE,M,image_000018.jpg,training/P03/BLUE/M/images/image_000018.jpg,1abfc55015015a8b4957a54f79c44ba4e7cba169b1204f34d08fe959d68f7985,10088,,,true
P03_BLUE_M_000019,P03,BLUE,M,image_000019.jpg,training/P03/BLUE/M/images/image_000019.jpg,edbc6995aebe257bcea9a3462bbbaccc14ee8d50e94c502cc68a37ee5686f02f,10302,,,true
P03_BLUE_M_000020,P03,BLUE,M,image_000020.jpg,training/P03/BLUE/M/images/image_000020.jpg,160c89fe0cc582e49330da3b308a7c2a957b5c475aa5d933c54961731a40a24b,10479,,,true
P03_BLUE_M_000021,P03,BLUE,M,image_000021.jpg,training/P03/BLUE/M/images/image_000021.jpg,d346f515b12667600f47fc39956a48b6699e98568947add9547e32341ea526cd,10544,,,true
P03_BLUE_M_000022,P03,BLUE,M,image_000022.jpg,training/P03/BLUE/M/images/image_000022.jpg,6beafffaf3d5e9a3252d5abf81a11c2ab845242ef6f1a37db0fecc66589b5c90,9343,,,true
P03_BLUE_M_000023,P03,BLUE,M,image_000023.jpg,training/P03/BLUE/M/images/image_000023.jpg,c3485376964bf6b66b35dd5d75c2c1ecde527cfae3fe128635651d9f70a15b7f,10388,,,true
P03_BLUE_M_000024,P03,BLUE,M,image_000024.jpg,training/P03/BLUE/M/images/image_000024.jpg,533b513809f578ec8b62f0326f99cc5abeeba34160422281f2fa218a597b5a8d,10475,,,true
P03_BLUE_M_000025,P03,BLUE,M,image_000025.jpg,training/P03/BLUE/M/images/image_000025.jpg,a6376412e4da4769aa0f2e4349aed845724a3f8c6c34bba23a23ca97a953127c,10312,,,true
P03_BLUE_N_000001,P03,BLUE,N,image_000001.jpg,training/P03/BLUE/N/images/image_000001.jpg,a2d53fcd3567e4148164d6b9ac46a497bf66f8ac2116eb61be767c23ce2a5d4d,10185,,,true
P03_BLUE_N_000002,P03,BLUE,N,image_000002.jpg,training/P03/BLUE/N/images/image_000002.jpg,0f845ed10da6ad7dce291b923db0136d2b1eafeb63217042f6ae9475ea51389c,10286,,,true
P03_BLUE_N_000003,P03,BLUE,N,image_000003.jpg,training/P03/BLUE/N/images/image_000003.jpg,a1703508a993ff4919dd4d40b3b239a9eed7915d9c4c388852ddae9635011e87,10165,,,true
P03_BLUE_N_000004,P03,BLUE,N,image_000004.jpg,training/P03/BLUE/N/images/image_000004.jpg,e73cdb124cfe112bae5802030e46e313ac01a59e5188883e9a4dfe291dcacffc,10394,,,true
P03_BLUE_N_000005,P03,BLUE,N,image_000005.jpg,training/P03/BLUE/N/images/image_000005.jpg,36c61ba9edb215ca8a53d368ff329c6090245e190eca5c98bb31375dfab34635,10214,,,true
P03_BLUE_N_000006,P03,BLUE,N,image_000006.jpg,training/P03/BLUE/N/images/image_000006.jpg,ad5eadf9e83b452afecb73f227b84a708be32d06ddb7d46efd6f8a38ffeb72e9,10250,,,true
P03_BLUE_N_000007,P03,BLUE,N,image_000007.jpg,training/P03/BLUE/N/images/image_000007.jpg,39897ad695bba33d51f889ca0095baf224b27b5eed1f827e3d11cbddc76df731,10344,,,true
P03_BLUE_N_000008,P03,BLUE,N,image_000008.jpg,training/P03/BLUE/N/images/image_000008.jpg,8104642ee7481fb45a878422ec974f256c80f48b8caca27cf46ad8ab70d61415,10592,,,true
P03_BLUE_N_000009,P03,BLUE,N,image_000009.jpg,training/P03/BLUE/N/images/image_000009.jpg,9fdbeed123cf5d2269288d7e9a2be56cb2206573d491798a927a5b63dc1b405b,10341,,,true
P03_BLUE_N_000010,P03,BLUE,N,image_000010.jpg,training/P03/BLUE/N/images/image_000010.jpg,bb0567f967721d2ea99930858f398ae83adbfbde937c2a398a09afabcd056ac5,10040,,,true
P03_BLUE_N_000011,P03,BLUE,N,image_000011.jpg,training/P03/BLUE/N/images/image_000011.jpg,a1185ffdf0acb08f4f4eeb3e8f88f00a8eaaea51bee95fa49c3b99fc74479566,10089,,,true
P03_BLUE_N_000012,P03,BLUE,N,image_000012.jpg,training/P03/BLUE/N/images/image_000012.jpg,6f7ba7e1bc8da1b956a3f10fef07c6159d5bef74f187dedc5e12d04c168e192d,10279,,,true
P03_BLUE_N_000013,P03,BLUE,N,image_000013.jpg,training/P03/BLUE/N/images/image_000013.jpg,a783c9932971c77395e92f5b64539ae9c3cb0182281cb9af44d25ea248e85d6f,10145,,,true
P03_BLUE_N_000014,P03,BLUE,N,image_000014.jpg,training/P03/BLUE/N/images/image_000014.jpg,b904eb91af5382b9522a351df663c661ca9a281acc38a3f56f9975d7ada9a8a5,10521,,,true
P03_BLUE_N_000015,P03,BLUE,N,image_000015.jpg,training/P03/BLUE/N/images/image_000015.jpg,d470e4fb14d239e874757d7f6b3079032e3a0ef227268f9946e281312693eeb3,10370,,,true
P03_BLUE_N_000016,P03,BLUE,N,image_000016.jpg,training/P03/BLUE/N/images/image_000016.jpg,44cebc6d64a10d154d812d542cd9c97793812bb76b232f4c9271114e8ac69929,10693,,,true
P03_BLUE_N_000017,P03,BLUE,N,image_000017.jpg,training/P03/BLUE/N/images/image_000017.jpg,efcbddc20942ae8790d583448d501d1c469b190490a66983e612c312a4e4f08a,10405,,,true
P03_BLUE_N_000018,P03,BLUE,N,image_000018.jpg,training/P03/BLUE/N/images/image_000018.jpg,34c4efa1171230a0f58d0653e7bdbcc630c4bb6dad9626930ee8ad9fea3d0ebc,10335,,,true
P03_BLUE_N_000019,P03,BLUE,N,image_000019.jpg,training/P03/BLUE/N/images/image_000019.jpg,8cc0d4ff17afea95ecb0c90d2518a0336590b1572552813fabe5a575c437d313,10119,,,true
P03_BLUE_N_000020,P03,BLUE,N,image_000020.jpg,training/P03/BLUE/N/images/image_000020.jpg,3418d712e26a67015e82f6d2e971e4d975a20100b63cee2896a2d541b137d295,10205,,,true
P03_BLUE_N_000021,P03,BLUE,N,image_000021.jpg,training/P03/BLUE/N/images/image_000021.jpg,97a01147f5a04091a853b5cb00c5f83c1bef07e77ec84d01d5a7f92a497d332b,10449,,,true
P03_BLUE_N_000022,P03,BLUE,N,image_000022.jpg,training/P03/BLUE/N/images/image_000022.jpg,baf3874a2ae0ee30ba4808719ff5251f9e69bebc82bde0c14df624ae766d9614,10445,,,true
P03_BLUE_N_000023,P03,BLUE,N,image_000023.jpg,training/P03/BLUE/N/images/image_000023.jpg,551da68ba29e8e672417f77ef49a1e6a782a6c7bacf45e4352463cb76863b14e,10368,,,true
P03_BLUE_N_000024,P03,BLUE,N,image_000024.jpg,training/P03/BLUE/N/images/image_000024.jpg,fcac17e17ec0880cd5db9fa4b09d71bdf08fe6f9071adfbc7a08581ac9577edc,10110,,,true
P03_BLUE_N_000025,P03,BLUE,N,image_000025.jpg,training/P03/BLUE/N/images/image_000025.jpg,53685d5325c81c6ca4ef29e39934057d3eaa11956711045ecaa6f2c7e5e5ebdc,10411,,,true
P03_BLUE_O_000001,P03,BLUE,O,image_000001.jpg,training/P03/BLUE/O/images/image_000001.jpg,a2a6eb6f9803f4b8aa86d8cdeb0d0bd957af71a39b89f90f64a8fa0f1b876a62,10594,,,true
P03_BLUE_O_000002,P03,BLUE,O,image_000002.jpg,training/P03/BLUE/O/images/image_000002.jpg,1c5f1662723a41c0fb101ee4934d9039c441a6ba49537a322b57b47b6f2f76c8,10391,,,true
P03_BLUE_O_000003,P03,BLUE,O,image_000003.jpg,training/P03/BLUE/O/images/image_000003.jpg,eb80b6aabf555be87ab2b8df13001bc1bbe43eda48ecacfbdbc3b15a1f987202,10535,,,true
P03_BLUE_O_000004,P03,BLUE,O,image_000004.jpg,training/P03/BLUE/O/images/image_000004.jpg,3603fa2804faf2c88bc8e2ec6062cc5678bac24b7ec5178611870e9c369e0b79,10539,,,true
P03_BLUE_O_000005,P03,BLUE,O,image_000005.jpg,training/P03/BLUE/O/images/image_000005.jpg,f1988384c12daf10f0ba3bd65805961e08cf52bdabdb63386be717615a4be2aa,10707,,,true
P03_BLUE_O_000006,P03,BLUE,O,image_000006.jpg,training/P03/BLUE/O/images/image_000006.jpg,475fc0e86185478541e73e1879a40bc358313461415b29a79bca188410dfa768,10325,,,true
P03_BLUE_O_000007,P03,BLUE,O,image_000007.jpg,training/P03/BLUE/O/images/image_000007.jpg,5da6dd515385fa7d691946a347ebd759ff1dcc9d2cbc287e80a6db96f9f5581d,10320,,,true
P03_BLUE_O_000008,P03,BLUE,O,image_000008.jpg,training/P03/BLUE/O/images/image_000008.jpg,404eff2637b7dcbfd72f72a5da039684257b34c698b8a755ab80f14194796846,10382,,,true
P03_BLUE_O_000009,P03,BLUE,O,image_000009.jpg,training/P03/BLUE/O/images/image_000009.jpg,10a5ea578c6aae4444a0de29e08666ceddb98e320912f3747cdfcc378d064db5,10065,,,true
P03_BLUE_O_000010,P03,BLUE,O,image_000010.jpg,training/P03/BLUE/O/images/image_000010.jpg,9503c9b291839679145803a1a9f07cac4336cdf4464d40a65d379c43718a776c,10075,,,true
P03_BLUE_O_000011,P03,BLUE,O,image_000011.jpg,training/P03/BLUE/O/images/image_000011.jpg,a5bcd63d713e70a293eea6411e0ecd1c5509e9bcc9eecc4fc9e815e1652243a4,10526,,,true
P03_BLUE_O_000012,P03,BLUE,O,image_000012.jpg,training/P03/BLUE/O/images/image_000012.jpg,eb351ddcc60cfc3a24e6fdd17c617c4e1d71d65b3d5470cb0308cc2c6e427056,10371,,,true
P03_BLUE_O_000013,P03,BLUE,O,image_000013.jpg,training/P03/BLUE/O/images/image_000013.jpg,f660f1e61f65fa5d30b23e6bd489ec113933ad7092cc6ba0232334f9d1cd5c01,10311,,,true
P03_BLUE_O_000014,P03,BLUE,O,image_000014.jpg,training/P03/BLUE/O/images/image_000014.jpg,419fb0d566d6b8ea3c1cfd1365ef3eafcb929e28b4ed37356994daa30a7a92b3,10571,,,true
P03_BLUE_O_000015,P03,BLUE,O,image_000015.jpg,training/P03/BLUE/O/images/image_000015.jpg,5d3776f7f7df9b34f061d3ca47af7b28b21c0b5dd746700ba79f41f5cd67eacb,10208,,,true
P03_BLUE_O_000016,P03,BLUE,O,image_000016.jpg,training/P03/BLUE/O/images/image_000016.jpg,b6c5bc1b0b444edf87aca19edb10fb4b153b4da288b6351f482673caeeeaed18,10297,,,true
P03_BLUE_O_000017,P03,BLUE,O,image_000017.jpg,training/P03/BLUE/O/images/image_000017.jpg,aa850faaa83459ed73bfc9a114e3f0d3916d8de6f7bc2a12e16fc89a578f98e7,10229,,,true
P03_BLUE_O_000018,P03,BLUE,O,image_000018.jpg,training/P03/BLUE/O/images/image_000018.jpg,01f5cadaf486c5a00620288d666f71cd836753188cae7ac380b300d9cced1f0c,10338,,,true
P03_BLUE_O_000019,P03,BLUE,O,image_000019.jpg,training/P03/BLUE/O/images/image_000019.jpg,12e8650e0aa7b8d4bc2f405462daac81d649b9a51948b7347942453be906220f,10336,,,true
P03_BLUE_O_000020,P03,BLUE,O,image_000020.jpg,training/P03/BLUE/O/images/image_000020.jpg,e38f85f001bf7a4d09bf091dab98e99362f2b37b27952c6da25b52b0c4ed6eee,10504,,,true
P03_BLUE_O_000021,P03,BLUE,O,image_000021.jpg,training/P03/BLUE/O/images/image_000021.jpg,5685cedba3a513041cb3b0df7502a0faad7c8e68e1c678cd8902f26d903c4e12,10453,,,true
P03_BLUE_O_000022,P03,BLUE,O,image_000022.jpg,training/P03/BLUE/O/images/image_000022.jpg,551d1ad317fb007540e542e95d0572dbdc273dba541dd90620bb3dfdd64a69bb,10383,,,true
P03_BLUE_O_000023,P03,BLUE,O,image_000023.jpg,training/P03/BLUE/O/images/image_000023.jpg,542e2fa40e447202e1a38c0c21f5694de98c6314cae61bc500737f1f8ee5dbbd,10238,,,true
P03_BLUE_O_000024,P03,BLUE,O,image_000024.jpg,training/P03/BLUE/O/images/image_000024.jpg,a3965a0aff54296df71708e60bcf15f9d7b039a2cf7145b64a90c386b6fe13a3,10377,,,true
P03_BLUE_O_000025,P03,BLUE,O,image_000025.jpg,training/P03/BLUE/O/images/image_000025.jpg,439e7495ff71190d5a151d216d1913f62af6a610daf3e1e68087c77ff49db8f9,10247,,,true
P03_BLUE_P_000001,P03,BLUE,P,image_000001.jpg,training/P03/BLUE/P/images/image_000001.jpg,5921400099cb00cfcb75f5d13affcac0c827aa397f0dd4ec738a9b86f662ed68,10683,,,true
P03_BLUE_P_000002,P03,BLUE,P,image_000002.jpg,training/P03/BLUE/P/images/image_000002.jpg,0cecac1e5c0a0df216e1f0e004463871e03c8122086710909761d6a4740f85a7,10642,,,true
P03_BLUE_P_000003,P03,BLUE,P,image_000003.jpg,training/P03/BLUE/P/images/image_000003.jpg,5b3f23cee9482768650b31a6083d03d7a6c1950c47be28f05fda7eae0b4a89c2,10597,,,true
P03_BLUE_P_000004,P03,BLUE,P,image_000004.jpg,training/P03/BLUE/P/images/image_000004.jpg,ee25822fa935da4c6767327278a7a3b80720a827274f91e0098e1d5717d44df3,10351,,,true
P03_BLUE_P_000005,P03,BLUE,P,image_000005.jpg,training/P03/BLUE/P/images/image_000005.jpg,47c0a523faae4bedbbbf4fb4b05700f64fce2dd50dcd896c1a42ab0646487b1c,9913,,,true
P03_BLUE_P_000006,P03,BLUE,P,image_000006.jpg,training/P03/BLUE/P/images/image_000006.jpg,73cac588bbb352e9046dc1b76ab893d9e75664db5aa1240791a0809a8f0d1aa6,10134,,,true
P03_BLUE_P_000007,P03,BLUE,P,image_000007.jpg,training/P03/BLUE/P/images/image_000007.jpg,a8637778b23720cde1a09846963c5a23142610973f82e055bcff6ef734f54549,10481,,,true
P03_BLUE_P_000008,P03,BLUE,P,image_000008.jpg,training/P03/BLUE/P/images/image_000008.jpg,c6f7315988a99924bb308e34cc6bf2bb4377500933414e463ddbc1835559b404,10145,,,true
P03_BLUE_P_000009,P03,BLUE,P,image_000009.jpg,training/P03/BLUE/P/images/image_000009.jpg,2ecae84277239944e9838249662b4b99c0efef840199ddd82b8b0e1c5b7ad25c,10351,,,true
P03_BLUE_P_000010,P03,BLUE,P,image_000010.jpg,training/P03/BLUE/P/images/image_000010.jpg,ccab4706c984165154b55c66b99a5813e620c485a841b019ea5511e50cbfd65a,10439,,,true
P03_BLUE_P_000011,P03,BLUE,P,image_000011.jpg,training/P03/BLUE/P/images/image_000011.jpg,9e3222e0e29f0e9cd185a416909952b90f1323ce2d518c8f3891f2ff70a97c1f,10329,,,true
P03_BLUE_P_000012,P03,BLUE,P,image_000012.jpg,training/P03/BLUE/P/images/image_000012.jpg,16695fe1d93896af64f0d9fb7c70c6eceef3f33d44617cf1255aa81a456b79f1,10271,,,true
P03_BLUE_P_000013,P03,BLUE,P,image_000013.jpg,training/P03/BLUE/P/images/image_000013.jpg,8811bdf98ada56cb73747d9383f2f5681859cc5e703858f86f736095e9d563db,10093,,,true
P03_BLUE_P_000014,P03,BLUE,P,image_000014.jpg,training/P03/BLUE/P/images/image_000014.jpg,29a9c5469d55941b4587463649922b874004123404e39790dfe821bada890749,9965,,,true
P03_BLUE_P_000015,P03,BLUE,P,image_000015.jpg,training/P03/BLUE/P/images/image_000015.jpg,5cd18da85e1d5f5c5684e9efc373d6756d9dcb24b35b7fbcba1eb614c0c8729a,10614,,,true
P03_BLUE_P_000016,P03,BLUE,P,image_000016.jpg,training/P03/BLUE/P/images/image_000016.jpg,970d6ab7a1561b69f9204185303c3a10ad106f55120e39a010ef0281120affaf,10731,,,true
P03_BLUE_P_000017,P03,BLUE,P,image_000017.jpg,training/P03/BLUE/P/images/image_000017.jpg,bdb8cc9de7f1e781ff9225cd5a10cbdb6073df8e649ab10a2a414370ad441622,10928,,,true
P03_BLUE_P_000018,P03,BLUE,P,image_000018.jpg,training/P03/BLUE/P/images/image_000018.jpg,5de66105be347f9bb0f96a6b869313d8bf5402d130c550a5ee8520c70b51feb3,10438,,,true
P03_BLUE_P_000019,P03,BLUE,P,image_000019.jpg,training/P03/BLUE/P/images/image_000019.jpg,9b4fefe59564fca52732f5c3f09838222bbb551da72ebe5fe83fc4d8e629d48b,10277,,,true
P03_BLUE_P_000020,P03,BLUE,P,image_000020.jpg,training/P03/BLUE/P/images/image_000020.jpg,9e47fb8826ee88f7c013190f2081ebf49a1994332de156fbb1439999dcd9d4ad,10619,,,true
P03_BLUE_P_000021,P03,BLUE,P,image_000021.jpg,training/P03/BLUE/P/images/image_000021.jpg,68bdc006038350678e3ae1f613d5855ca38af45e6f2ef67f76108d7c0b3a7e52,10229,,,true
P03_BLUE_P_000022,P03,BLUE,P,image_000022.jpg,training/P03/BLUE/P/images/image_000022.jpg,8f859881fa3ed1476ffa0890bb3cf60b309bf8e690a6f9b6d28d0867f718f614,10687,,,true
P03_BLUE_P_000023,P03,BLUE,P,image_000023.jpg,training/P03/BLUE/P/images/image_000023.jpg,009a745c72e8181f8f2a6b181e02215368c502d86c3df6958404ce18c0a8765c,10568,,,true
P03_BLUE_P_000024,P03,BLUE,P,image_000024.jpg,training/P03/BLUE/P/images/image_000024.jpg,0a269e6f4425f3dfc2d58ee1bbceeb42147df6cae7c7c060d826d726a6df63c6,11041,,,true
P03_BLUE_P_000025,P03,BLUE,P,image_000025.jpg,training/P03/BLUE/P/images/image_000025.jpg,080f0e7287e7bf02b8a58905973e7dc5303675f730dbdadb9d4396d85135454f,10591,,,true
P03_BLUE_R_000001,P03,BLUE,R,image_000001.jpg,training/P03/BLUE/R/images/image_000001.jpg,4ed096aa51afd9b88f0593b64dcc084f4e466675d54e00eb391fb0c6d46a1a53,10322,,,true
P03_BLUE_R_000002,P03,BLUE,R,image_000002.jpg,training/P03/BLUE/R/images/image_000002.jpg,47e240ffcd04e202e0ae2385ec6698f2e3dfdba017fc75ae928df4738c859f0b,10189,,,true
P03_BLUE_R_000003,P03,BLUE,R,image_000003.jpg,training/P03/BLUE/R/images/image_000003.jpg,63ef2e748ef030f2df1a39598e11b2dbff0c8da479bbe3ac52920f6e7ec55c99,10055,,,true
P03_BLUE_R_000004,P03,BLUE,R,image_000004.jpg,training/P03/BLUE/R/images/image_000004.jpg,32c67ce0f0167e4a2725983732169731a2918e2b2905909b1ace99cdcfd0e87f,10234,,,true
P03_BLUE_R_000005,P03,BLUE,R,image_000005.jpg,training/P03/BLUE/R/images/image_000005.jpg,a5b1588af5ac955fc94d1cc6fe6ad34d72038c518132436f18e4fa5b8d06ac21,10209,,,true
P03_BLUE_R_000006,P03,BLUE,R,image_000006.jpg,training/P03/BLUE/R/images/image_000006.jpg,1cbdf904fcd79fcadda5689689b94c1c08a68094fb1bbc158ad8a36fa5be61c3,10365,,,true
P03_BLUE_R_000007,P03,BLUE,R,image_000007.jpg,training/P03/BLUE/R/images/image_000007.jpg,de6ffda4f07cce9ada5392a4cb261f26bdca13745f0845eec52d68b16344f365,10283,,,true
P03_BLUE_R_000008,P03,BLUE,R,image_000008.jpg,training/P03/BLUE/R/images/image_000008.jpg,8bf4ec4439c57534406bfd9a45f5e90536d1a33a20996b8091d828c40c186cd8,10309,,,true
P03_BLUE_R_000009,P03,BLUE,R,image_000009.jpg,training/P03/BLUE/R/images/image_000009.jpg,367650f3236bc23ec4f9c80000dc3378be202afe943e608247b24e92cad128f0,10272,,,true
P03_BLUE_R_000010,P03,BLUE,R,image_000010.jpg,training/P03/BLUE/R/images/image_000010.jpg,e5e9b1323f364c3f259310645fed58a67fe123af8e0c64d3d2798127f0655501,10065,,,true
P03_BLUE_R_000011,P03,BLUE,R,image_000011.jpg,training/P03/BLUE/R/images/image_000011.jpg,71573295160d03f9c7a18716b69359808b62d4a9247854d7eba1f42ff6212259,10161,,,true
P03_BLUE_R_000012,P03,BLUE,R,image_000012.jpg,training/P03/BLUE/R/images/image_000012.jpg,e555650b7f7f549a19807846f3b545b73ac6b4630ff9a6e388eb387b8fa7a479,10071,,,true
P03_BLUE_R_000013,P03,BLUE,R,image_000013.jpg,training/P03/BLUE/R/images/image_000013.jpg,e24c8dbd4bb2e72a706128b01e6d27d55ddbb45152c74c4b42b7e7d595274556,10340,,,true
P03_BLUE_R_000014,P03,BLUE,R,image_000014.jpg,training/P03/BLUE/R/images/image_000014.jpg,da3d5c45bf4ba18629318f4b05d932aa41348be030f0e258b30b3fa786afa017,10299,,,true
P03_BLUE_R_000015,P03,BLUE,R,image_000015.jpg,training/P03/BLUE/R/images/image_000015.jpg,d055c582bc1c1490c972c62608e5aacb3c028b5cce41a4632e5a5d197965ed9f,10049,,,true
P03_BLUE_R_000016,P03,BLUE,R,image_000016.jpg,training/P03/BLUE/R/images/image_000016.jpg,f6156b078ee23a914236ca7a2e08a7254603155325941b1189cbd1fcc2154f2f,10218,,,true
P03_BLUE_R_000017,P03,BLUE,R,image_000017.jpg,training/P03/BLUE/R/images/image_000017.jpg,5e8c80f76aff6e6af39ee5a94d9b0b6ce3c4a052e37d369aecd877ff37682f26,10156,,,true
P03_BLUE_R_000018,P03,BLUE,R,image_000018.jpg,training/P03/BLUE/R/images/image_000018.jpg,a6630749b17948970a20b6407075fd97a3396bf5d99a569b79cfe8b283c425a2,10124,,,true
P03_BLUE_R_000019,P03,BLUE,R,image_000019.jpg,training/P03/BLUE/R/images/image_000019.jpg,a9e76c156c195997a2ca0a5915ef82d596b0b47823f51ec9e9052c54a210f130,10079,,,true
P03_BLUE_R_000020,P03,BLUE,R,image_000020.jpg,training/P03/BLUE/R/images/image_000020.jpg,0aea19f8639935c7cbb839a59549b7cb472ebfd7f061c7709b22e798bac6e8fb,10140,,,true
P03_BLUE_R_000021,P03,BLUE,R,image_000021.jpg,training/P03/BLUE/R/images/image_000021.jpg,996f72d8af1e040f28ad0e7998bfb909078b0f6600debce669301656afae4773,10097,,,true
P03_BLUE_R_000022,P03,BLUE,R,image_000022.jpg,training/P03/BLUE/R/images/image_000022.jpg,0f0ee8180fd80c48b9d31f10d9ab393d9fe12fcaa1b7cbc0633bc7ca6212d063,10076,,,true
P03_BLUE_R_000023,P03,BLUE,R,image_000023.jpg,training/P03/BLUE/R/images/image_000023.jpg,d5401c4a5ae6eda099a6ff518e1848eb024cd0cdc10a330c73b53b701c7b877d,10249,,,true
P03_BLUE_R_000024,P03,BLUE,R,image_000024.jpg,training/P03/BLUE/R/images/image_000024.jpg,19ab7e74de083eaf34f89903eec3890686e254bfe78e6c76f1c1585ae1696463,10062,,,true
P03_BLUE_R_000025,P03,BLUE,R,image_000025.jpg,training/P03/BLUE/R/images/image_000025.jpg,92ece29f1733e34c5a692c1fd7aa0a77cb2c965f9cd63fc1c3619f16cf234387,10017,,,true
P03_BLUE_S_000001,P03,BLUE,S,image_000001.jpg,training/P03/BLUE/S/images/image_000001.jpg,58690b6a19035cc657c6e095af41faf397cd690df92f36432ea631152001efaa,11022,,,true
P03_BLUE_S_000002,P03,BLUE,S,image_000002.jpg,training/P03/BLUE/S/images/image_000002.jpg,ae11140b38f0294f6a59f45604474bef4003ce40139bb35011ea81cbdf82e195,10874,,,true
P03_BLUE_S_000003,P03,BLUE,S,image_000003.jpg,training/P03/BLUE/S/images/image_000003.jpg,b6721f5608e6083b208f9e4fceeaab96388cdf7ef30032f6ac57c82bef02c86a,10971,,,true
P03_BLUE_S_000004,P03,BLUE,S,image_000004.jpg,training/P03/BLUE/S/images/image_000004.jpg,085a24d5d15f5ffeafa0fc2ce2304fea73d27f83fb1a1421d21899ee2653b97b,11052,,,true
P03_BLUE_S_000005,P03,BLUE,S,image_000005.jpg,training/P03/BLUE/S/images/image_000005.jpg,6f64588b6f11d4ed1c50928ad716f946f5fc80dd723a4d19488a6d881b8770d2,10649,,,true
P03_BLUE_S_000006,P03,BLUE,S,image_000006.jpg,training/P03/BLUE/S/images/image_000006.jpg,676d3fbffe0a0bdb400d275a1f96ea89d68cd827a70eb4e506b4bfb64b9582fb,10724,,,true
P03_BLUE_S_000007,P03,BLUE,S,image_000007.jpg,training/P03/BLUE/S/images/image_000007.jpg,ee57dbc5220f534ad022e9b4580f7107f407017e8c17a59744eed04d16e13d86,10486,,,true
P03_BLUE_S_000008,P03,BLUE,S,image_000008.jpg,training/P03/BLUE/S/images/image_000008.jpg,d1200a7a0020371758fc5e2fdf84a456530df8bcd7379e7fcdaf84000f388d83,10759,,,true
P03_BLUE_S_000009,P03,BLUE,S,image_000009.jpg,training/P03/BLUE/S/images/image_000009.jpg,caa5f2112d8e197457d1ce81ca127ee70da1928a3b6704e4fe95253f8b8e2c87,10508,,,true
P03_BLUE_S_000010,P03,BLUE,S,image_000010.jpg,training/P03/BLUE/S/images/image_000010.jpg,3bb7ed240afc3141ea6473e1a5921a562d95e9254338e83e10eb80ef62648930,10398,,,true
P03_BLUE_S_000011,P03,BLUE,S,image_000011.jpg,training/P03/BLUE/S/images/image_000011.jpg,6c49d3422b6a9081d2ef6d615eb686f38b7b4fc2309570903507546a561ed2ae,10296,,,true
P03_BLUE_S_000012,P03,BLUE,S,image_000012.jpg,training/P03/BLUE/S/images/image_000012.jpg,394fca1111b0e82fdc423ca9ab6d0f6f7b4ff3921e77b2335bb00de17ef12a08,10135,,,true
P03_BLUE_S_000013,P03,BLUE,S,image_000013.jpg,training/P03/BLUE/S/images/image_000013.jpg,46b2c8c2c8ce1ef60b9b17a251770520ef4d67cf93e4a4dedb99be47819264f8,10444,,,true
P03_BLUE_S_000014,P03,BLUE,S,image_000014.jpg,training/P03/BLUE/S/images/image_000014.jpg,393535bdffca8143c3dae7bf4d16c647fd650cccbeb7b122970d31a9821a356c,10256,,,true
P03_BLUE_S_000015,P03,BLUE,S,image_000015.jpg,training/P03/BLUE/S/images/image_000015.jpg,176afcd32697e2b4c5488cecfe0845a24903dd61f5d5af778318857ec141b1e5,10180,,,true
P03_BLUE_S_000016,P03,BLUE,S,image_000016.jpg,training/P03/BLUE/S/images/image_000016.jpg,8dfc11c4c8d2919e2c993054f4e2c95533aedd8eb90d9f955dfa8466d8480eb5,10441,,,true
P03_BLUE_S_000017,P03,BLUE,S,image_000017.jpg,training/P03/BLUE/S/images/image_000017.jpg,4a9df2c01e893a9987f45b175cf4b4e4a15900e694ac5b540045b1c2f0551cee,10968,,,true
P03_BLUE_S_000018,P03,BLUE,S,image_000018.jpg,training/P03/BLUE/S/images/image_000018.jpg,9d8d5dceb83d7510279ea70a8dabdfc2ba0a0b5c4b738921e35dc5774bffa2d1,11183,,,true
P03_BLUE_S_000019,P03,BLUE,S,image_000019.jpg,training/P03/BLUE/S/images/image_000019.jpg,19716eb0eec1be48d5de34d3cedf784c3ba8b7bdd48e4d896d52ed140abde1af,11236,,,true
P03_BLUE_S_000020,P03,BLUE,S,image_000020.jpg,training/P03/BLUE/S/images/image_000020.jpg,e18c38f1a99205c13fe6547a1603a4e0a254281dd518dfa3af9c738eceb35c53,10666,,,true
P03_BLUE_S_000021,P03,BLUE,S,image_000021.jpg,training/P03/BLUE/S/images/image_000021.jpg,0da2d6bca36af63a9ec14f18ecb2a305a695c4f621574abd4a3d643984f93ec7,10515,,,true
P03_BLUE_S_000022,P03,BLUE,S,image_000022.jpg,training/P03/BLUE/S/images/image_000022.jpg,5fecd537333099573a58f34446942a93e2d7370b724aa80cbb317ed2727af025,10478,,,true
P03_BLUE_S_000023,P03,BLUE,S,image_000023.jpg,training/P03/BLUE/S/images/image_000023.jpg,53fcf62cef65541d15cc8c00fccb18c70b6b6a57a16b0c11815806a4fdad8644,10563,,,true
P03_BLUE_S_000024,P03,BLUE,S,image_000024.jpg,training/P03/BLUE/S/images/image_000024.jpg,fc5475d1b2cf0400f19a7b31337d39aca2e0ef1a977780dbb1bea14d17c046f0,10805,,,true
P03_BLUE_S_000025,P03,BLUE,S,image_000025.jpg,training/P03/BLUE/S/images/image_000025.jpg,92e3d36ea2ff841d9b408a5cf5c4beefbbc8870c70ab260dcb98f1208fdbf771,10334,,,true
P03_BLUE_T_000001,P03,BLUE,T,image_000001.jpg,training/P03/BLUE/T/images/image_000001.jpg,4bee12d431502c1930c8b8721b34816224ed3b8ef4e3109dfc2fbed0a0bb9e3e,10951,,,true
P03_BLUE_T_000002,P03,BLUE,T,image_000002.jpg,training/P03/BLUE/T/images/image_000002.jpg,60e74e9dae8f0446b41446c196e6f5462925200abddc56e5269b64abb86bad45,10824,,,true
P03_BLUE_T_000003,P03,BLUE,T,image_000003.jpg,training/P03/BLUE/T/images/image_000003.jpg,25d7fa2b344499640f7ea22224c1b20e82a892294e3d9e4c978ce5f320557262,10805,,,true
P03_BLUE_T_000004,P03,BLUE,T,image_000004.jpg,training/P03/BLUE/T/images/image_000004.jpg,7fe9d81ef671e4e38d5f20b5a9af7b4fa70dda7cf00ec79b64cc1d89e44f1fba,10812,,,true
P03_BLUE_T_000005,P03,BLUE,T,image_000005.jpg,training/P03/BLUE/T/images/image_000005.jpg,2ab105b916337a92a0e5c340a743cde9f32b75348ca91ee4dc5f77692da46cb8,10847,,,true
P03_BLUE_T_000006,P03,BLUE,T,image_000006.jpg,training/P03/BLUE/T/images/image_000006.jpg,105e2fdd4346b6c3527d22dc7dfe30b1b6a815f48627d0968474d70dab24717f,9395,,,true
P03_BLUE_T_000007,P03,BLUE,T,image_000007.jpg,training/P03/BLUE/T/images/image_000007.jpg,6e4b5df2718a1a0d5576c5892222585e5d50b4e96d2ba4309f6056dc0ab080be,10400,,,true
P03_BLUE_T_000008,P03,BLUE,T,image_000008.jpg,training/P03/BLUE/T/images/image_000008.jpg,1b59e89204e3629de49dff284c973b6579e47e0233c3ca2a39a61d630a61d89d,10328,,,true
P03_BLUE_T_000009,P03,BLUE,T,image_000009.jpg,training/P03/BLUE/T/images/image_000009.jpg,0b3e51bff7a18c6a03090b1862e5527adefed805f7052c1316609e3280d363f6,10618,,,true
P03_BLUE_T_000010,P03,BLUE,T,image_000010.jpg,training/P03/BLUE/T/images/image_000010.jpg,36fa940a84009a5469e9bf4fcf87afb491c574dfa6c235b6e15fdae5ea6287e6,10879,,,true
P03_BLUE_T_000011,P03,BLUE,T,image_000011.jpg,training/P03/BLUE/T/images/image_000011.jpg,902891ae6fc5a1c8634121035a1d27e0b715aa67d86ae378ba782192c1ac8804,10721,,,true
P03_BLUE_T_000012,P03,BLUE,T,image_000012.jpg,training/P03/BLUE/T/images/image_000012.jpg,f98dd3d5a2a225322874094888efafdbfc330d8ab0e4525de29a8693d1085e01,10701,,,true
P03_BLUE_T_000013,P03,BLUE,T,image_000013.jpg,training/P03/BLUE/T/images/image_000013.jpg,779f994e7b2a37a393c392d2b21a06edbe7f2d1840cc8233317151b78f714fcb,10632,,,true
P03_BLUE_T_000014,P03,BLUE,T,image_000014.jpg,training/P03/BLUE/T/images/image_000014.jpg,e47c5d6c83277bbea885e8c15dc6a9aa2afa4c88aaac3c46d1daa6d696e29144,10441,,,true
P03_BLUE_T_000015,P03,BLUE,T,image_000015.jpg,training/P03/BLUE/T/images/image_000015.jpg,7592f6f835f77b0c1af788196007d2412c38dd0125934674b91eda6ed83d24ef,10675,,,true
P03_BLUE_T_000016,P03,BLUE,T,image_000016.jpg,training/P03/BLUE/T/images/image_000016.jpg,63e1fa20856e8b5d646a2125dcdf28677dfa22f7dc06eda3e75eb069c6d5b5f5,10846,,,true
P03_BLUE_T_000017,P03,BLUE,T,image_000017.jpg,training/P03/BLUE/T/images/image_000017.jpg,1de3b3ff0ce0d4565574c2328c9677be932c302e5073ed5347d78d7e3cd859e9,10527,,,true
P03_BLUE_T_000018,P03,BLUE,T,image_000018.jpg,training/P03/BLUE/T/images/image_000018.jpg,d43ea72626f357217623e39e07b0505662d256d1ba5dccdad45ffc794e8ff693,10699,,,true
P03_BLUE_T_000019,P03,BLUE,T,image_000019.jpg,training/P03/BLUE/T/images/image_000019.jpg,0a8865fdd4248fda22e34d712797348c8c8a728ff0a234a48ba1791eddd49904,10384,,,true
P03_BLUE_T_000020,P03,BLUE,T,image_000020.jpg,training/P03/BLUE/T/images/image_000020.jpg,920c70a674b05354533afb7e00e83344376efb84acdb6b0c9ba47f2205350011,10541,,,true
P03_BLUE_T_000021,P03,BLUE,T,image_000021.jpg,training/P03/BLUE/T/images/image_000021.jpg,f9b6b736c6290341c1757bf18807a5811b1b3cfe6e105fce51a5b5821b205851,10781,,,true
P03_BLUE_T_000022,P03,BLUE,T,image_000022.jpg,training/P03/BLUE/T/images/image_000022.jpg,69e2d4e1341772a7d3b8168326ddf831fbba174b4bfc7919b869d6668e005b49,10681,,,true
P03_BLUE_T_000023,P03,BLUE,T,image_000023.jpg,training/P03/BLUE/T/images/image_000023.jpg,f891b4e8efc6ec8d48c086c20689ecaa273c5cbd7d3d70d5a7169e0303f7edb6,10511,,,true
P03_BLUE_T_000024,P03,BLUE,T,image_000024.jpg,training/P03/BLUE/T/images/image_000024.jpg,5e8056edd90cec735e72cc0dd01d1b6c04f522b9167d2a9d6edc9a6039fd6fd8,10536,,,true
P03_BLUE_T_000025,P03,BLUE,T,image_000025.jpg,training/P03/BLUE/T/images/image_000025.jpg,1594798190970720f7f9355e029386b7e053310a47ba9b029671c02da33f487f,10549,,,true
P03_BLUE_U_000001,P03,BLUE,U,image_000001.jpg,training/P03/BLUE/U/images/image_000001.jpg,a262ba745b232173783644434c8256fa3cbeb44eb4b13cf0a037a96ba94efa5b,8858,,,true
P03_BLUE_U_000002,P03,BLUE,U,image_000002.jpg,training/P03/BLUE/U/images/image_000002.jpg,c9a2bd6ab78548577801ebb88273ddb8c22bf6bda46e148873188642ea7f3832,8765,,,true
P03_BLUE_U_000003,P03,BLUE,U,image_000003.jpg,training/P03/BLUE/U/images/image_000003.jpg,5837ece6ee7ce69eb2395bb1f7d90e2d55d8f89d79b00906d7ded7e4c9361020,8568,,,true
P03_BLUE_U_000004,P03,BLUE,U,image_000004.jpg,training/P03/BLUE/U/images/image_000004.jpg,ac2b751d7e2d93e7ed09327ccf5b3853169ca4ee435de6e7dc484717678ebed0,8749,,,true
P03_BLUE_U_000005,P03,BLUE,U,image_000005.jpg,training/P03/BLUE/U/images/image_000005.jpg,52d3ba2ad44d77d62194453086f125caf9dd9eaf9e1f4cab1249b6348a09630b,8795,,,true
P03_BLUE_U_000006,P03,BLUE,U,image_000006.jpg,training/P03/BLUE/U/images/image_000006.jpg,17c5b7f8961c8cede3fd97b180b9a41f656dbaf213a43d75641011bf9c9b17c2,8640,,,true
P03_BLUE_U_000007,P03,BLUE,U,image_000007.jpg,training/P03/BLUE/U/images/image_000007.jpg,8f9d530eb9eace8a6d277ac8ce915f8942558eab337c955fb8e5be718e305980,8291,,,true
P03_BLUE_U_000008,P03,BLUE,U,image_000008.jpg,training/P03/BLUE/U/images/image_000008.jpg,bbc9c1a90af49dd12385b4d9509a696320c6cc54c17b5c39df6ce52b41d48c6b,8208,,,true
P03_BLUE_U_000009,P03,BLUE,U,image_000009.jpg,training/P03/BLUE/U/images/image_000009.jpg,8767ad2d834941316c4a3b66dce364d0ee1c292344f927e1555a98696dff7d9d,8921,,,true
P03_BLUE_U_000010,P03,BLUE,U,image_000010.jpg,training/P03/BLUE/U/images/image_000010.jpg,79d284b2284cbd8e63155d7ccf9f9a1eb6673898606343dedbd1f2edab45f88c,9139,,,true
P03_BLUE_U_000011,P03,BLUE,U,image_000011.jpg,training/P03/BLUE/U/images/image_000011.jpg,8898033fa30a3090d6710325b871fd2659ccb49404703a8b90af57b57101c196,9150,,,true
P03_BLUE_U_000012,P03,BLUE,U,image_000012.jpg,training/P03/BLUE/U/images/image_000012.jpg,21589083cb114e62b27ce653890d6a55fe949726fdf904c6039ded9a3395c3ca,8780,,,true
P03_BLUE_U_000013,P03,BLUE,U,image_000013.jpg,training/P03/BLUE/U/images/image_000013.jpg,720286bb4f79fd3b18f5de264b5afcf08c924c1d0a906fd30a48232e91f5ca1e,9364,,,true
P03_BLUE_U_000014,P03,BLUE,U,image_000014.jpg,training/P03/BLUE/U/images/image_000014.jpg,08fe94a353d7065d095a8fcff89498647fc12d7e63306e163b93143549cc0260,9049,,,true
P03_BLUE_U_000015,P03,BLUE,U,image_000015.jpg,training/P03/BLUE/U/images/image_000015.jpg,6396ed9b9251cc14373a36080a3a0de53d62bf8c7818f7dcd390285077cb1fbf,8962,,,true
P03_BLUE_U_000016,P03,BLUE,U,image_000016.jpg,training/P03/BLUE/U/images/image_000016.jpg,3f808dbcfae845b3712518a30f27cc7ed5dfbcfa58b172af4bdeb6bca43c808b,8758,,,true
P03_BLUE_U_000017,P03,BLUE,U,image_000017.jpg,training/P03/BLUE/U/images/image_000017.jpg,e95caebccd2e1033c3bc3ea83240bcf0f85fd6bde396a0eb378b341b58c325bb,8626,,,true
P03_BLUE_U_000018,P03,BLUE,U,image_000018.jpg,training/P03/BLUE/U/images/image_000018.jpg,fa4b31efd963507050d3fb8b26a9cbf134284aa80f58c4db5a55db2707109d7b,8649,,,true
P03_BLUE_U_000019,P03,BLUE,U,image_000019.jpg,training/P03/BLUE/U/images/image_000019.jpg,411e39125425c360cc9a1729c8e86929614c2417a8abeb54fe697318fde83e4b,8841,,,true
P03_BLUE_U_000020,P03,BLUE,U,image_000020.jpg,training/P03/BLUE/U/images/image_000020.jpg,8fdefdebc7cfa3702f64cea27b051b2a9a6bf72b709df1e96a6be4c7fb4a55cf,8811,,,true
P03_BLUE_U_000021,P03,BLUE,U,image_000021.jpg,training/P03/BLUE/U/images/image_000021.jpg,f9b0ab742667400fd8e55e5dd50fe7824b4c2fca820c6a346f6410f77787d223,8828,,,true
P03_BLUE_U_000022,P03,BLUE,U,image_000022.jpg,training/P03/BLUE/U/images/image_000022.jpg,fba4555ae0788fcba6fbb32d931a0e49e8067151b2d3cc8c3318170f8e36a52d,8894,,,true
P03_BLUE_U_000023,P03,BLUE,U,image_000023.jpg,training/P03/BLUE/U/images/image_000023.jpg,d203da447d56dd2c0d70befffb1ec37dae82a409268f466d696e1c0681e75cae,8975,,,true
P03_BLUE_U_000024,P03,BLUE,U,image_000024.jpg,training/P03/BLUE/U/images/image_000024.jpg,f213d6f208fc71d237bedf62077e21e1e5656ef7958b6419af573dd837bffac5,8603,,,true
P03_BLUE_U_000025,P03,BLUE,U,image_000025.jpg,training/P03/BLUE/U/images/image_000025.jpg,36d78b3bfa0a53f7b5f65bdafa7f414146d2b48f6d6de703c24868c217d2fb3a,8746,,,true
P03_BLUE_V_000001,P03,BLUE,V,image_000001.jpg,training/P03/BLUE/V/images/image_000001.jpg,99d08a6c3d1959f129e1cf06649de77127dd2700021b7e11433ee092480f89d5,9209,,,true
P03_BLUE_V_000002,P03,BLUE,V,image_000002.jpg,training/P03/BLUE/V/images/image_000002.jpg,9f2854366b7722f12b5995dd8ccc1563c7234fbb16b7e25b4a62ab0fcb9553c2,9326,,,true
P03_BLUE_V_000003,P03,BLUE,V,image_000003.jpg,training/P03/BLUE/V/images/image_000003.jpg,02b5efa2ed2079cfd56f5f92d5e479841f61ba39027b54c78e5c7ca7798dc4b1,8797,,,true
P03_BLUE_V_000004,P03,BLUE,V,image_000004.jpg,training/P03/BLUE/V/images/image_000004.jpg,a578337982b61e882f12a6243a573daf4257f047317ce64c16da12c155dc30e9,8868,,,true
P03_BLUE_V_000005,P03,BLUE,V,image_000005.jpg,training/P03/BLUE/V/images/image_000005.jpg,1c6702d5d126fa202cdfc802a8fa37e4304b5db6b8407880245eb810721511a1,8835,,,true
P03_BLUE_V_000006,P03,BLUE,V,image_000006.jpg,training/P03/BLUE/V/images/image_000006.jpg,57a2164edcc0918b1f3da9edb0388da1e5d4936f7229ce6a5d478f8b9c4cc493,8984,,,true
P03_BLUE_V_000007,P03,BLUE,V,image_000007.jpg,training/P03/BLUE/V/images/image_000007.jpg,0c306e39624692090ac9aa2c35966c5634f87f45df38a84ab168be2e721a0195,8948,,,true
P03_BLUE_V_000008,P03,BLUE,V,image_000008.jpg,training/P03/BLUE/V/images/image_000008.jpg,149aabebee8f97a1ceef89bdc689def0f51029468ae898a9ac90e8d13c7864e6,8786,,,true
P03_BLUE_V_000009,P03,BLUE,V,image_000009.jpg,training/P03/BLUE/V/images/image_000009.jpg,2a4ec0c72d7b00252bf2d8d7c4fde88501ac296dd137123e0c6ba507ac71c47c,8876,,,true
P03_BLUE_V_000010,P03,BLUE,V,image_000010.jpg,training/P03/BLUE/V/images/image_000010.jpg,6b8a741f7bbe0714fadc9ad14394ad0300865e0abaed5bdbb49252fd77e13f7d,8642,,,true
P03_BLUE_V_000011,P03,BLUE,V,image_000011.jpg,training/P03/BLUE/V/images/image_000011.jpg,9930cfa0ac256a9860feafaeb251b72ef78bc614b12022269ef18f5f471aa91e,8479,,,true
P03_BLUE_V_000012,P03,BLUE,V,image_000012.jpg,training/P03/BLUE/V/images/image_000012.jpg,2ac6e8b50f55dba367f17c75c6bc0da95412c7435e8b50a8872ad110c1b89bc3,8528,,,true
P03_BLUE_V_000013,P03,BLUE,V,image_000013.jpg,training/P03/BLUE/V/images/image_000013.jpg,058460b2e416454c502dcbb30db1ae4472ba46d416001a38149d557ab2964ad5,8518,,,true
P03_BLUE_V_000014,P03,BLUE,V,image_000014.jpg,training/P03/BLUE/V/images/image_000014.jpg,401c68d05fbcb055f7523419b78b296949f90e15aebe8d53446060a03a1c39ae,8864,,,true
P03_BLUE_V_000015,P03,BLUE,V,image_000015.jpg,training/P03/BLUE/V/images/image_000015.jpg,0671add913245a734ad0f7cd7ee76466a2fee4d0616a00b138897d95dad05188,8892,,,true
P03_BLUE_V_000016,P03,BLUE,V,image_000016.jpg,training/P03/BLUE/V/images/image_000016.jpg,851c58f5863adf777b48c46bc85a554da0cf094ab039d3a9d7c885d5234e2627,8988,,,true
P03_BLUE_V_000017,P03,BLUE,V,image_000017.jpg,training/P03/BLUE/V/images/image_000017.jpg,d5e40e267fe8fa74c37c2b1466e9c2437f641a26aec78f535a80efe7643a07de,8434,,,true
P03_BLUE_V_000018,P03,BLUE,V,image_000018.jpg,training/P03/BLUE/V/images/image_000018.jpg,58f5693808604a9f7ee416d63058e321f200e9d9f665a7d8f6600423d66dfbe1,8617,,,true
P03_BLUE_V_000019,P03,BLUE,V,image_000019.jpg,training/P03/BLUE/V/images/image_000019.jpg,d5743e8bde5b26e8ebf3822dcf5620c30439cacd1ba2e5706398dba49ccd7429,8602,,,true
P03_BLUE_V_000020,P03,BLUE,V,image_000020.jpg,training/P03/BLUE/V/images/image_000020.jpg,3ca1405ce7bc591eb06ea896f6a4810295206b73c48270e0e44d4345f3478ffc,8660,,,true
P03_BLUE_V_000021,P03,BLUE,V,image_000021.jpg,training/P03/BLUE/V/images/image_000021.jpg,3c4103360fa078d76c135b53f40b6abdcfb37739e8c347ec6be19332e6d61547,8866,,,true
P03_BLUE_V_000022,P03,BLUE,V,image_000022.jpg,training/P03/BLUE/V/images/image_000022.jpg,64263bd8aba9ad892f67e7976b694924d238cbd55fec1b0d800c15a952e7af30,8753,,,true
P03_BLUE_V_000023,P03,BLUE,V,image_000023.jpg,training/P03/BLUE/V/images/image_000023.jpg,49d05faba224f9fc6d30924210fd658e6f2bcd9fbcc254805cdc46b9c7698814,8872,,,true
P03_BLUE_V_000024,P03,BLUE,V,image_000024.jpg,training/P03/BLUE/V/images/image_000024.jpg,a05190990293a3d62b00c30f7896a21fc8c2065ab9848e7d904d99d144465019,8890,,,true
P03_BLUE_V_000025,P03,BLUE,V,image_000025.jpg,training/P03/BLUE/V/images/image_000025.jpg,68e13ccd1102ed2898f12070ed7f29ef002d8fdf019449c7f40e15d0406438d9,8699,,,true
P03_BLUE_W_000001,P03,BLUE,W,image_000001.jpg,training/P03/BLUE/W/images/image_000001.jpg,7d3b70621852d0795f7c8a7de07c57af9e471e5dfe67b8e61e34322e30600957,10239,,,true
P03_BLUE_W_000002,P03,BLUE,W,image_000002.jpg,training/P03/BLUE/W/images/image_000002.jpg,6ec174133e63336d8a003ea642fe3e56082a117002cbfb1eaaf13aa276ad324a,10323,,,true
P03_BLUE_W_000003,P03,BLUE,W,image_000003.jpg,training/P03/BLUE/W/images/image_000003.jpg,d0d7040e5932bb4ae53eb9e3b126b29cf7979f9028a5ce84d16065f7254dfe19,10108,,,true
P03_BLUE_W_000004,P03,BLUE,W,image_000004.jpg,training/P03/BLUE/W/images/image_000004.jpg,cfcb4eb1d2e0f2aa4493fd672393a646e23fcebaac4f9e7ddff411a3a58c24d7,10197,,,true
P03_BLUE_W_000005,P03,BLUE,W,image_000005.jpg,training/P03/BLUE/W/images/image_000005.jpg,3a232a148eea0e2a46d9ce3b13470a6eb830c1c1e22e713d56a78b310470d426,10231,,,true
P03_BLUE_W_000006,P03,BLUE,W,image_000006.jpg,training/P03/BLUE/W/images/image_000006.jpg,db753535cc6128e189559b8d28e02f81389edef9c2a53a42bfd5bd4b220f8f45,10202,,,true
P03_BLUE_W_000007,P03,BLUE,W,image_000007.jpg,training/P03/BLUE/W/images/image_000007.jpg,b8c136c7c6720e2d4c77694f5ff25051f4e66ee9197fa84b2ca66f98117d8d60,10356,,,true
P03_BLUE_W_000008,P03,BLUE,W,image_000008.jpg,training/P03/BLUE/W/images/image_000008.jpg,ddaf1893d8cc432c2ae9aa9e9c8e108911fdb4945df40a7704cf0ec1f54e62a2,10161,,,true
P03_BLUE_W_000009,P03,BLUE,W,image_000009.jpg,training/P03/BLUE/W/images/image_000009.jpg,742e2fa31e78910b88e9cbc5239ef66557661aa75a00d5c76e8e705900a0ee88,10293,,,true
P03_BLUE_W_000010,P03,BLUE,W,image_000010.jpg,training/P03/BLUE/W/images/image_000010.jpg,8bced34d263889a539e839afa48c5d19c3dd07a5dcb54a8caf35be6027dd9b9c,10148,,,true
P03_BLUE_W_000011,P03,BLUE,W,image_000011.jpg,training/P03/BLUE/W/images/image_000011.jpg,36c9eb2b4dc4a3d790164ed4af1f057e621cfd52450da1d3f99848e6a1ce579e,10051,,,true
P03_BLUE_W_000012,P03,BLUE,W,image_000012.jpg,training/P03/BLUE/W/images/image_000012.jpg,2b028ec271b6447a9cfb2bb709e643842571aa254d21e36a0f6f9220f2f60348,9864,,,true
P03_BLUE_W_000013,P03,BLUE,W,image_000013.jpg,training/P03/BLUE/W/images/image_000013.jpg,4e675870878d4cd2cf3e850a61d2cfe5d306cb6f4d8ccdc34b1c1e5b297c4e58,10131,,,true
P03_BLUE_W_000014,P03,BLUE,W,image_000014.jpg,training/P03/BLUE/W/images/image_000014.jpg,9fb0fcf2d04792b14a94b8c52c049758ea21f704647b42c4a4b49dcc61c483e9,10298,,,true
P03_BLUE_W_000015,P03,BLUE,W,image_000015.jpg,training/P03/BLUE/W/images/image_000015.jpg,8a7c4284a3c2a4ed1f6727aad611073b3107ba6a3ca22fde0784e80b279edfe6,10415,,,true
P03_BLUE_W_000016,P03,BLUE,W,image_000016.jpg,training/P03/BLUE/W/images/image_000016.jpg,2e81885a688dbcc3090731ab7bde1614721adf25d58a2ea99426f2faed1c3499,10239,,,true
P03_BLUE_W_000017,P03,BLUE,W,image_000017.jpg,training/P03/BLUE/W/images/image_000017.jpg,d00d95e82b42721afa7b43a5cbc335feff6aa9482139e70953b90ba5b9216666,10145,,,true
P03_BLUE_W_000018,P03,BLUE,W,image_000018.jpg,training/P03/BLUE/W/images/image_000018.jpg,c84489e19c6171eeec98ef0fdf82ab9c2f99e9eeb41fe2b3e2bad3c62f492019,10183,,,true
P03_BLUE_W_000019,P03,BLUE,W,image_000019.jpg,training/P03/BLUE/W/images/image_000019.jpg,e05ca773a10de2ac448f7e426783fe7c2b50373f839fdb0b16b0c4ba890598f5,9996,,,true
P03_BLUE_W_000020,P03,BLUE,W,image_000020.jpg,training/P03/BLUE/W/images/image_000020.jpg,5a041745d53f7b0fd084dc1290123b5e5164cdf5e31a4f2f692b68befb3eb118,10178,,,true
P03_BLUE_W_000021,P03,BLUE,W,image_000021.jpg,training/P03/BLUE/W/images/image_000021.jpg,9aece39def3c0bf91f1bfda08df1aa3788b00207ab3079540799e127a6efb934,10228,,,true
P03_BLUE_W_000022,P03,BLUE,W,image_000022.jpg,training/P03/BLUE/W/images/image_000022.jpg,24facce9a57702f08b7187091bff14dccb97a33316b34b104b802b25275a57fd,10197,,,true
P03_BLUE_W_000023,P03,BLUE,W,image_000023.jpg,training/P03/BLUE/W/images/image_000023.jpg,55ed8683e8289c7a8137ed4be145091e24d4f69d75d4f060125d9d143dd8f9a3,10390,,,true
P03_BLUE_W_000024,P03,BLUE,W,image_000024.jpg,training/P03/BLUE/W/images/image_000024.jpg,93a497fac0552e17f8f2e0c039b7a1f3253087785de8ca549144d46fb9c1f3bf,10068,,,true
P03_BLUE_W_000025,P03,BLUE,W,image_000025.jpg,training/P03/BLUE/W/images/image_000025.jpg,5a6a428b08c3f13171e8c9fe3d2b10c5ca0ce7befd17a321e29cb4ac529e8671,10253,,,true
P03_BLUE_Y_000001,P03,BLUE,Y,image_000001.jpg,training/P03/BLUE/Y/images/image_000001.jpg,22c0abd125983d0e8cdb470ff0b556cb03203ca8a2fd7300e6e1445da282fee4,8863,,,true
P03_BLUE_Y_000002,P03,BLUE,Y,image_000002.jpg,training/P03/BLUE/Y/images/image_000002.jpg,4cf5ea254a71d0a778f5a512b1b25d2128f7470b169f19c1ee8203376e9016ca,8844,,,true
P03_BLUE_Y_000003,P03,BLUE,Y,image_000003.jpg,training/P03/BLUE/Y/images/image_000003.jpg,7a206662b2faca8f6fe707a3c4ab20dfb965914755a9349fbcba12decf119670,8920,,,true
P03_BLUE_Y_000004,P03,BLUE,Y,image_000004.jpg,training/P03/BLUE/Y/images/image_000004.jpg,7604a8f724533848fed24f1313400494dffb6aba0c6b3f0b38bba9cfa5b007c3,8893,,,true
P03_BLUE_Y_000005,P03,BLUE,Y,image_000005.jpg,training/P03/BLUE/Y/images/image_000005.jpg,41071f6f5a14b5ec606b97ae0c8026a56e6e8313885611b91cab128c71d465a4,9203,,,true
P03_BLUE_Y_000006,P03,BLUE,Y,image_000006.jpg,training/P03/BLUE/Y/images/image_000006.jpg,d3a80c11e99343ad6c1a86c8157d36ae20c331887e39852e73c6808f9613cc4c,9230,,,true
P03_BLUE_Y_000007,P03,BLUE,Y,image_000007.jpg,training/P03/BLUE/Y/images/image_000007.jpg,04fce8600fc60dc846ffeb57b639d8661c1637c24e1454319a5cb2b9e14c4e86,8751,,,true
P03_BLUE_Y_000008,P03,BLUE,Y,image_000008.jpg,training/P03/BLUE/Y/images/image_000008.jpg,bacad66f8172b1e3ad2216be165606976d839c8b8ef1803e4a0e9001a3363c2f,8862,,,true
P03_BLUE_Y_000009,P03,BLUE,Y,image_000009.jpg,training/P03/BLUE/Y/images/image_000009.jpg,26ec045b73e5e0a4d006da1f78e5757c14257784bf42ec4a3e353808662eff45,8665,,,true
P03_BLUE_Y_000010,P03,BLUE,Y,image_000010.jpg,training/P03/BLUE/Y/images/image_000010.jpg,fe23a6ee69392a233e3fa6c8777063ec08e7b0d760436579db69e701a65a2084,8803,,,true
P03_BLUE_Y_000011,P03,BLUE,Y,image_000011.jpg,training/P03/BLUE/Y/images/image_000011.jpg,80254a9afa259f7765ae299cab5a0569b6c7ad0819ed15c49b1714194ab2dd20,8819,,,true
P03_BLUE_Y_000012,P03,BLUE,Y,image_000012.jpg,training/P03/BLUE/Y/images/image_000012.jpg,15224a85696e64a4fd615bc3b9e6911bbb9cc3aca15d758abfdae322c33eba8d,8865,,,true
P03_BLUE_Y_000013,P03,BLUE,Y,image_000013.jpg,training/P03/BLUE/Y/images/image_000013.jpg,3284a9586404d8606f6861dd9a51cf83c9669fc63b39e75a0f7573103180e2dd,8696,,,true
P03_BLUE_Y_000014,P03,BLUE,Y,image_000014.jpg,training/P03/BLUE/Y/images/image_000014.jpg,6e65bcf2219923e7ce45c42ec7d542a854ea92bbb2b5c0ec09de2e9d4d427b10,8551,,,true
P03_BLUE_Y_000015,P03,BLUE,Y,image_000015.jpg,training/P03/BLUE/Y/images/image_000015.jpg,f5aebd9584ec0f48778316f28037c56fabf0bf9514edf5b009d07d44a58dc7e7,8818,,,true
P03_BLUE_Y_000016,P03,BLUE,Y,image_000016.jpg,training/P03/BLUE/Y/images/image_000016.jpg,a2cdd6def24ebeedcb17fcbd5f2efc1105de147cb864964d3795311b6d03a35f,9104,,,true
P03_BLUE_Y_000017,P03,BLUE,Y,image_000017.jpg,training/P03/BLUE/Y/images/image_000017.jpg,a79737ed097e8aca5628fe3e180aa45686d0845424ae252f6df6509429739648,8457,,,true
P03_BLUE_Y_000018,P03,BLUE,Y,image_000018.jpg,training/P03/BLUE/Y/images/image_000018.jpg,76ce87d74eb7d42a4574d3081da13be7f254b19d6049c0f852ef8546323d7492,8284,,,true
P03_BLUE_Y_000019,P03,BLUE,Y,image_000019.jpg,training/P03/BLUE/Y/images/image_000019.jpg,9a74c0472cdfcfd404fccaf73deba220120ff6fa4de812cd9b6c17e7a31d7d3c,8506,,,true
P03_BLUE_Y_000020,P03,BLUE,Y,image_000020.jpg,training/P03/BLUE/Y/images/image_000020.jpg,24fb61bb9a56b574c24971953e92ffcb181297ae388caf8851a74167c169640a,8405,,,true
P03_BLUE_Y_000021,P03,BLUE,Y,image_000021.jpg,training/P03/BLUE/Y/images/image_000021.jpg,757b9226ada6cb7020e6c90479ee810ebbea25defb808df9b9b3f3a431f0f542,8783,,,true
P03_BLUE_Y_000022,P03,BLUE,Y,image_000022.jpg,training/P03/BLUE/Y/images/image_000022.jpg,a06705513bb123e35be74eeb25683416db7d51a185de75b7449fb640c4dfeef2,8715,,,true
P03_BLUE_Y_000023,P03,BLUE,Y,image_000023.jpg,training/P03/BLUE/Y/images/image_000023.jpg,11104213e59c195722f8afa0925c11b0d28cdb0d1be891ec3cb51daee02730dc,8453,,,true
P03_BLUE_Y_000024,P03,BLUE,Y,image_000024.jpg,training/P03/BLUE/Y/images/image_000024.jpg,bb0571ae5403763317b467b596572842f1c951955661169b5abaab73df561a05,9173,,,true
P03_BLUE_Y_000025,P03,BLUE,Y,image_000025.jpg,training/P03/BLUE/Y/images/image_000025.jpg,3a7c8ec921eadd754c1f9beb1d49349cc9409ab0a3f0e052543da8b029d3affb,9193,,,true
P04_BLACK_A_000001,P04,BLACK,A,image_000001.jpg,training/P04/BLACK/A/images/image_000001.jpg,63ce8baaab971f138c83b5f36bee785745af079cc5489e33c12ac8737e20e3a2,5711,,,true
P04_BLACK_A_000002,P04,BLACK,A,image_000002.jpg,training/P04/BLACK/A/images/image_000002.jpg,56f54d9d337c6b8580d08abbe9aac8db22f0cd7ca75c0555fe581fc3a39c933b,6484,,,true
P04_BLACK_A_000003,P04,BLACK,A,image_000003.jpg,training/P04/BLACK/A/images/image_000003.jpg,8aec04237385352251989a082e3f1b2639083f0a3ceae3e61e9d9120d4a7b5df,5172,,,true
P04_BLACK_A_000004,P04,BLACK,A,image_000004.jpg,training/P04/BLACK/A/images/image_000004.jpg,abb1e20ad0c70460d2a4b7e64f9c80098815472b56135a9a6044a92beb3a6b46,5841,,,true
P04_BLACK_A_000005,P04,BLACK,A,image_000005.jpg,training/P04/BLACK/A/images/image_000005.jpg,36da52bca47e3f55a36583188119e7f04e2d59bf28e6f41131975fb467d02c31,10223,,,true
P04_BLACK_A_000006,P04,BLACK,A,image_000006.jpg,training/P04/BLACK/A/images/image_000006.jpg,e4e49fd283a2292b3462477d9df395de748c1ba5cc28f54a1c0d81c214940ab7,10631,,,true
P04_BLACK_A_000007,P04,BLACK,A,image_000007.jpg,training/P04/BLACK/A/images/image_000007.jpg,61b79009507eebd091dfac0e1b8b9780efa3fbf39c1882339dfdf92304fb2143,10598,,,true
P04_BLACK_A_000008,P04,BLACK,A,image_000008.jpg,training/P04/BLACK/A/images/image_000008.jpg,dd250ceb953b4e16b4c564e1b33b6953b8c57fdfaf4ede03f12b14427cdf2a8e,11432,,,true
P04_BLACK_A_000009,P04,BLACK,A,image_000009.jpg,training/P04/BLACK/A/images/image_000009.jpg,c629c55e3a8bea1665743be6904c558107ea89031d56b111935515904ce4c80a,11432,,,true
P04_BLACK_A_000010,P04,BLACK,A,image_000010.jpg,training/P04/BLACK/A/images/image_000010.jpg,6c910a2cf34823c34c2b7e0482d5c5e8fc7b9eca60b10bf9dcc0ae788c1b88a6,11197,,,true
P04_BLACK_A_000011,P04,BLACK,A,image_000011.jpg,training/P04/BLACK/A/images/image_000011.jpg,dfb9f6438de930d80516a56283a843aca6ed8b8b6b953bbb614d43072fff3dc1,10009,,,true
P04_BLACK_A_000012,P04,BLACK,A,image_000012.jpg,training/P04/BLACK/A/images/image_000012.jpg,66c683f90db7fbf9845300587d8c131282406142f250889715cbacdc1778e3d5,9975,,,true
P04_BLACK_A_000013,P04,BLACK,A,image_000013.jpg,training/P04/BLACK/A/images/image_000013.jpg,925cefc2e4b22ae8cf08065c2bef6d88e5aaaae0426739bd8ce771d9550e4629,10279,,,true
P04_BLACK_A_000014,P04,BLACK,A,image_000014.jpg,training/P04/BLACK/A/images/image_000014.jpg,ab995385a2fcdb63a0be58c7f0d848b063155942570cfb46ef5a848b5120d290,10195,,,true
P04_BLACK_A_000015,P04,BLACK,A,image_000015.jpg,training/P04/BLACK/A/images/image_000015.jpg,40b909d51009b2128e59c1c1f31c175d678bcfac8a483548612b62dbb66449a7,10710,,,true
P04_BLACK_A_000016,P04,BLACK,A,image_000016.jpg,training/P04/BLACK/A/images/image_000016.jpg,e69888f1693d4fa4c10249e19fd38c409999593ca00d0f21b5d1426253f9d6b0,10773,,,true
P04_BLACK_A_000017,P04,BLACK,A,image_000017.jpg,training/P04/BLACK/A/images/image_000017.jpg,b14145324c5ecb28417139c0f9988d9a6563641762ecae646cd05164b9fda84e,11072,,,true
P04_BLACK_A_000018,P04,BLACK,A,image_000018.jpg,training/P04/BLACK/A/images/image_000018.jpg,3ee51b9a12887895db0fdf4b90cc846a564c780cdd22a337db50a61e76bc9979,10333,,,true
P04_BLACK_A_000019,P04,BLACK,A,image_000019.jpg,training/P04/BLACK/A/images/image_000019.jpg,65b3c12e9eab69d5e5abf7d015af4427eb4956a76843fe82ac8000eb224eceb4,10509,,,true
P04_BLACK_A_000020,P04,BLACK,A,image_000020.jpg,training/P04/BLACK/A/images/image_000020.jpg,6eb2ed0da6828a5c60ebb6e5fba7c189985dd9dee0bd388990b2766d063c83b7,10314,,,true
P04_BLACK_A_000021,P04,BLACK,A,image_000021.jpg,training/P04/BLACK/A/images/image_000021.jpg,e02a44d5fb241fc81eaec70c3384d4cd3eb489028ebe903f8e915872fff0907b,10013,,,true
P04_BLACK_A_000022,P04,BLACK,A,image_000022.jpg,training/P04/BLACK/A/images/image_000022.jpg,80e3bdb6b78922807d7f0fc48b2f24784f837b00fd6dc384558b1c6d1ddf1c62,9914,,,true
P04_BLACK_A_000023,P04,BLACK,A,image_000023.jpg,training/P04/BLACK/A/images/image_000023.jpg,8512542f3c31b8dbd292df8f8bf759a941b34a600d2decab479fc23b61cda47c,10297,,,true
P04_BLACK_A_000024,P04,BLACK,A,image_000024.jpg,training/P04/BLACK/A/images/image_000024.jpg,ec5c845afd363363cc9a73cc6abd13494950079f53ce5f9dd3e4e469d1f48571,9992,,,true
P04_BLACK_A_000025,P04,BLACK,A,image_000025.jpg,training/P04/BLACK/A/images/image_000025.jpg,f9a023436f95c39f98e46f6b4d32bda108c38c969b980279ed280ad2801b1943,10654,,,true
P04_BLACK_B_000001,P04,BLACK,B,image_000001.jpg,training/P04/BLACK/B/images/image_000001.jpg,2e4abae77162d22662777c13a0ffa5052b04d1acb0744efb1057d6e5ea0ec1b0,5493,,,true
P04_BLACK_B_000002,P04,BLACK,B,image_000002.jpg,training/P04/BLACK/B/images/image_000002.jpg,cadd3399a3e24d3ebbe011ae6de6da50380594a7b2f185ccfc490fe98285697c,5317,,,true
P04_BLACK_B_000003,P04,BLACK,B,image_000003.jpg,training/P04/BLACK/B/images/image_000003.jpg,01ff30960b4231a9cd1efd15df139b65793b3db95ef5ce6f35283fcde3bddc92,5569,,,true
P04_BLACK_B_000004,P04,BLACK,B,image_000004.jpg,training/P04/BLACK/B/images/image_000004.jpg,7ee212e0eddc589f947d2f5ee308d0dda8142c350c74c99fb045100714083bb4,6536,,,true
P04_BLACK_B_000005,P04,BLACK,B,image_000005.jpg,training/P04/BLACK/B/images/image_000005.jpg,200a1107c446230c0a1321baed33d0ce78a47e9d8fd94d494d285abdb84aa55e,6239,,,true
P04_BLACK_B_000006,P04,BLACK,B,image_000006.jpg,training/P04/BLACK/B/images/image_000006.jpg,984a1870f4aa5d006d9229206a12b8d30b21d5c34d9fc02127fcf1c302bf2bac,11489,,,true
P04_BLACK_B_000007,P04,BLACK,B,image_000007.jpg,training/P04/BLACK/B/images/image_000007.jpg,5f978d630400a78aeed3f27bce87f53d31009ea1d99145ddbf3600979b5b327f,11447,,,true
P04_BLACK_B_000008,P04,BLACK,B,image_000008.jpg,training/P04/BLACK/B/images/image_000008.jpg,c8ee3f284f9b308ca7de781e0648cabadc669ebea0350cb2818710c127e37b89,10894,,,true
P04_BLACK_B_000009,P04,BLACK,B,image_000009.jpg,training/P04/BLACK/B/images/image_000009.jpg,7103e21378cef8abad86e72a72c4130e8980f8c046cd129f80f45f80658297cd,10791,,,true
P04_BLACK_B_000010,P04,BLACK,B,image_000010.jpg,training/P04/BLACK/B/images/image_000010.jpg,76a337c01ee258e6595522d612a6473f9380d75582f943168e73d8c43749eb8a,10694,,,true
P04_BLACK_B_000011,P04,BLACK,B,image_000011.jpg,training/P04/BLACK/B/images/image_000011.jpg,4aa5c627396e2a51cd91331db49867e2ce3f32376c23ba29174b5aef8b3998c8,10763,,,true
P04_BLACK_B_000012,P04,BLACK,B,image_000012.jpg,training/P04/BLACK/B/images/image_000012.jpg,75927b8b29e6a6d733554d0729ad242d1fa4ed684e44a73ed2314b8ff434a712,10975,,,true
P04_BLACK_B_000013,P04,BLACK,B,image_000013.jpg,training/P04/BLACK/B/images/image_000013.jpg,b7d3b589729971f0f68b0599e260114dcc243e528470d34269c71195f377cb25,10781,,,true
P04_BLACK_B_000014,P04,BLACK,B,image_000014.jpg,training/P04/BLACK/B/images/image_000014.jpg,b7ff4d47b29d09f9e4e6862d0c1ecc051795e64092deafe63148323bbbc88c8a,11600,,,true
P04_BLACK_B_000015,P04,BLACK,B,image_000015.jpg,training/P04/BLACK/B/images/image_000015.jpg,5daaa9774fc734cd4a8a92d0f180c5b789af9585b2579f5c5ee6c9a0e2f4af2d,11513,,,true
P04_BLACK_B_000016,P04,BLACK,B,image_000016.jpg,training/P04/BLACK/B/images/image_000016.jpg,3e241b0bdbe251acd4228c662c23cd4fad78509b3967d0e1e8113eb2993e3425,11544,,,true
P04_BLACK_B_000017,P04,BLACK,B,image_000017.jpg,training/P04/BLACK/B/images/image_000017.jpg,bb1ca7eaa8b0f0d54f876f968b8821f2660b148897edb580367607d5cef7dcc2,11345,,,true
P04_BLACK_B_000018,P04,BLACK,B,image_000018.jpg,training/P04/BLACK/B/images/image_000018.jpg,35b9f3dbf881a507e74399ffdf2546edc7cfb2f82a6dbd0ee080bb90920c2f8f,11407,,,true
P04_BLACK_B_000019,P04,BLACK,B,image_000019.jpg,training/P04/BLACK/B/images/image_000019.jpg,36fd967084b901b90880d1a5bf2b7427744e0dbde26cb88ee347568ed4aabc2a,11458,,,true
P04_BLACK_B_000020,P04,BLACK,B,image_000020.jpg,training/P04/BLACK/B/images/image_000020.jpg,0dec7a3a94b5634f3a2d3d06494915396e93bc4413265f3a18aa2b88e4d5518c,11428,,,true
P04_BLACK_B_000021,P04,BLACK,B,image_000021.jpg,training/P04/BLACK/B/images/image_000021.jpg,466ffa338fff96fa53f2693ba8c3bbaf29509c94af95a8e162c5514218f2ba02,11471,,,true
P04_BLACK_B_000022,P04,BLACK,B,image_000022.jpg,training/P04/BLACK/B/images/image_000022.jpg,d3b519f0915ad512f6761f0a878d75b5540b08fcad3174aec70bc79b1c9151aa,11391,,,true
P04_BLACK_B_000023,P04,BLACK,B,image_000023.jpg,training/P04/BLACK/B/images/image_000023.jpg,888aa2763dae1930034ddc39b7fa3026db1eaab9619a762cf5a695454a0cac43,11310,,,true
P04_BLACK_B_000024,P04,BLACK,B,image_000024.jpg,training/P04/BLACK/B/images/image_000024.jpg,1e04a04eff8e1c1f85ec2f6a4264baa8b7f0562cf5c25df82699b48f583308f8,10906,,,true
P04_BLACK_B_000025,P04,BLACK,B,image_000025.jpg,training/P04/BLACK/B/images/image_000025.jpg,8b0c5fab430cda94575929d54af2399b8a1f972d17707137baff08d3ac14648f,11095,,,true
P04_BLACK_C_000001,P04,BLACK,C,image_000001.jpg,training/P04/BLACK/C/images/image_000001.jpg,aca53b06e207781c597b7dfa7fe0ed38da13cd39f76787df59c4eca3a0504396,6347,,,true
P04_BLACK_C_000002,P04,BLACK,C,image_000002.jpg,training/P04/BLACK/C/images/image_000002.jpg,916b105f7c465d51d8556af98afb31ce170da2b6a32f38cd0aefed24290b8c3c,6773,,,true
P04_BLACK_C_000003,P04,BLACK,C,image_000003.jpg,training/P04/BLACK/C/images/image_000003.jpg,913aa465d5742d430c36be43439e00484cb4e067ff566f1d45aa794377a19ff7,6803,,,true
P04_BLACK_C_000004,P04,BLACK,C,image_000004.jpg,training/P04/BLACK/C/images/image_000004.jpg,d1760cff2e62e093a3eb3d645dc1102b85bba3fb8c31aba90575d19a1b8dc1e6,6148,,,true
P04_BLACK_C_000005,P04,BLACK,C,image_000005.jpg,training/P04/BLACK/C/images/image_000005.jpg,c86c509f404a8474a59efb1fc3d656a81ac6067ecba5edf82d2181e4a2af6ccb,5639,,,true
P04_BLACK_C_000006,P04,BLACK,C,image_000006.jpg,training/P04/BLACK/C/images/image_000006.jpg,1a3bf0788377e0cdbc0c54d66d3f80c6ccb48ed4311e3fc238187c989bea9130,11405,,,true
P04_BLACK_C_000007,P04,BLACK,C,image_000007.jpg,training/P04/BLACK/C/images/image_000007.jpg,2cf35c5945416bef27d4370684f5d457e0b3e805146c4a499eec1c90c08e7cc0,11420,,,true
P04_BLACK_C_000008,P04,BLACK,C,image_000008.jpg,training/P04/BLACK/C/images/image_000008.jpg,dd7f399c727acc8a840bc2811389a853a4e45b23276ead6fb55f6bc0b84fa54f,11408,,,true
P04_BLACK_C_000009,P04,BLACK,C,image_000009.jpg,training/P04/BLACK/C/images/image_000009.jpg,3ec4786ec1792201d3ff993d096a548e41f99feac76317f16b1eb2b88005049a,11361,,,true
P04_BLACK_C_000010,P04,BLACK,C,image_000010.jpg,training/P04/BLACK/C/images/image_000010.jpg,f836d80ba15792dd1485409eb443e003d0d6b0472e1e381c0733e5ef44fcdc1c,11579,,,true
P04_BLACK_C_000011,P04,BLACK,C,image_000011.jpg,training/P04/BLACK/C/images/image_000011.jpg,5ce85ac7738b33513d7581fb4da7c9c1562f6e6f0fd44927fcf760564fe69b4c,11266,,,true
P04_BLACK_C_000012,P04,BLACK,C,image_000012.jpg,training/P04/BLACK/C/images/image_000012.jpg,2cca1ce665b8ac3ee235b811bd2de1e6765e5f9e9e60783ab5bae965f3cbab2c,12016,,,true
P04_BLACK_C_000013,P04,BLACK,C,image_000013.jpg,training/P04/BLACK/C/images/image_000013.jpg,d4faa840e2803d76c820c5346e285a1c5a8f52cbdaadd8bead905c07cc2358e2,11921,,,true
P04_BLACK_C_000014,P04,BLACK,C,image_000014.jpg,training/P04/BLACK/C/images/image_000014.jpg,dabde745c8ee58f659878158da298e4ff5c1eb0dfde2ebb678ee1eced23a7f66,12055,,,true
P04_BLACK_C_000015,P04,BLACK,C,image_000015.jpg,training/P04/BLACK/C/images/image_000015.jpg,45cf154d763f172203be95c74df83456413a74c0c10f59a6448b7e7005a1dd5a,10451,,,true
P04_BLACK_C_000016,P04,BLACK,C,image_000016.jpg,training/P04/BLACK/C/images/image_000016.jpg,b361e9691eac234e2ff2dc44c2f9159d19ea6925fb768005e2f68280f95bed20,10595,,,true
P04_BLACK_C_000017,P04,BLACK,C,image_000017.jpg,training/P04/BLACK/C/images/image_000017.jpg,20d2403222731d962dc607b7c95f9f9209e6a73ecc7007e68f7350f3f8738c93,10579,,,true
P04_BLACK_C_000018,P04,BLACK,C,image_000018.jpg,training/P04/BLACK/C/images/image_000018.jpg,269ca39a17b0b560d50123c2b6aac3eef4805dea84e958783961c9ab1f7ac919,10897,,,true
P04_BLACK_C_000019,P04,BLACK,C,image_000019.jpg,training/P04/BLACK/C/images/image_000019.jpg,a1c9a9ebd6f8423b683d62e3944b3c516b1d8c48a6f3b1aca8ae67505a70838f,11029,,,true
P04_BLACK_C_000020,P04,BLACK,C,image_000020.jpg,training/P04/BLACK/C/images/image_000020.jpg,125aa8c1139d8929048b6dc09f504e4fdb83f4ff2f624145adcd3b8bbf0bd938,11156,,,true
P04_BLACK_C_000021,P04,BLACK,C,image_000021.jpg,training/P04/BLACK/C/images/image_000021.jpg,a062f13795c8e1a807aba81a66936aa134179db0221b442df896978bfaa3ae5e,10463,,,true
P04_BLACK_C_000022,P04,BLACK,C,image_000022.jpg,training/P04/BLACK/C/images/image_000022.jpg,512e9457a291b04cdbd6579dc78afdf816283aff6a327a257fcd225f5eefafa4,10682,,,true
P04_BLACK_C_000023,P04,BLACK,C,image_000023.jpg,training/P04/BLACK/C/images/image_000023.jpg,156bddda4446b60da6362c924e13d59550eb64059ed64a4df65c85e8bcd7528b,10707,,,true
P04_BLACK_C_000024,P04,BLACK,C,image_000024.jpg,training/P04/BLACK/C/images/image_000024.jpg,d94e07e7141a1f5c0466efd5b073cf8f6afa1076d21a347dcdf45323e60d4ccc,10656,,,true
P04_BLACK_C_000025,P04,BLACK,C,image_000025.jpg,training/P04/BLACK/C/images/image_000025.jpg,39629c714616336c9cc2941e36dfd1782a2a3033c600f237765e7ada8ce05d47,11347,,,true
P04_BLACK_E_000001,P04,BLACK,E,image_000001.jpg,training/P04/BLACK/E/images/image_000001.jpg,f3722e0cd731bf445a81bf7f3e47219c26cde04cdd12ce49860e9bee7cf16968,5777,,,true
P04_BLACK_E_000002,P04,BLACK,E,image_000002.jpg,training/P04/BLACK/E/images/image_000002.jpg,4545e530235fb9e8f72c2e6907db210ae5f1e0e065af072e102977adefb7f203,5856,,,true
P04_BLACK_E_000003,P04,BLACK,E,image_000003.jpg,training/P04/BLACK/E/images/image_000003.jpg,9f684105333387c6cbd8dc9891dec0d580b27661b92e0b783fcec7b5835ffd3c,5908,,,true
P04_BLACK_E_000004,P04,BLACK,E,image_000004.jpg,training/P04/BLACK/E/images/image_000004.jpg,c7417e27c11fe74aa0f7c46900eea7052e82259943424588e6a8196aae3cb7d1,5597,,,true
P04_BLACK_E_000005,P04,BLACK,E,image_000005.jpg,training/P04/BLACK/E/images/image_000005.jpg,7339e43a468538fbe620d1d3761ce8f64ec3c9aa7d2d922b2bd617001d5c031d,6141,,,true
P04_BLACK_E_000006,P04,BLACK,E,image_000006.jpg,training/P04/BLACK/E/images/image_000006.jpg,25d3c050f3fded6bb904a936d17146a7e3058f93c04eb5c39ecdfc0ff89a099d,6143,,,true
P04_BLACK_E_000007,P04,BLACK,E,image_000007.jpg,training/P04/BLACK/E/images/image_000007.jpg,21dcbf65a820b047c2301197e8a2d647d24a0b4bada75d088481a04acd5c513e,6125,,,true
P04_BLACK_E_000008,P04,BLACK,E,image_000008.jpg,training/P04/BLACK/E/images/image_000008.jpg,d7f5810e71ea5b216adb4ae5d840334d46b1e14233c8b6eb5e5f30eee976d26e,6267,,,true
P04_BLACK_E_000009,P04,BLACK,E,image_000009.jpg,training/P04/BLACK/E/images/image_000009.jpg,47a53fcd4f799941ba5d9ae8a67d34dad4f11be128823d66640c8320e069f750,10136,,,true
P04_BLACK_E_000010,P04,BLACK,E,image_000010.jpg,training/P04/BLACK/E/images/image_000010.jpg,a30eea74fd7aa75d982d571aea838e658fe4b3dfeb53a83f369c148d6a6b3a79,10607,,,true
P04_BLACK_E_000011,P04,BLACK,E,image_000011.jpg,training/P04/BLACK/E/images/image_000011.jpg,c69bb55df217299c25ea86ff9cb8a3acae941bb8f15ea8bad141d512993375f3,10415,,,true
P04_BLACK_E_000012,P04,BLACK,E,image_000012.jpg,training/P04/BLACK/E/images/image_000012.jpg,4213a8fe2ac9795f13354a7c273cad0f39a4c866aa0afbd855aea18ba8737a70,10286,,,true
P04_BLACK_E_000013,P04,BLACK,E,image_000013.jpg,training/P04/BLACK/E/images/image_000013.jpg,b894219a725ef53a57be56d1610379fa0d812964a71e48c360a1f4c553606009,9763,,,true
P04_BLACK_E_000014,P04,BLACK,E,image_000014.jpg,training/P04/BLACK/E/images/image_000014.jpg,07ce98639f287f6a185882fe70e13ce27737c0e4a67bd0227d24c194f18aeeea,10334,,,true
P04_BLACK_E_000015,P04,BLACK,E,image_000015.jpg,training/P04/BLACK/E/images/image_000015.jpg,e520b147f34bd7ebfb92ca22c0a12f9ff30451457caa207947834bc84056b8f7,10498,,,true
P04_BLACK_E_000016,P04,BLACK,E,image_000016.jpg,training/P04/BLACK/E/images/image_000016.jpg,321caac548725b81dad01444b8f4bdcd8b934f2751085484961c32b3e2dd03c9,10712,,,true
P04_BLACK_E_000017,P04,BLACK,E,image_000017.jpg,training/P04/BLACK/E/images/image_000017.jpg,d8130a036ee7544f8c0ce654f1b96667b3f2b1c906fe49b0c02d1948264791c5,10685,,,true
P04_BLACK_E_000018,P04,BLACK,E,image_000018.jpg,training/P04/BLACK/E/images/image_000018.jpg,f3286787f2957c18759713b5d237ecb01b85a6f20cba3eabbf3c61165da562f0,10957,,,true
P04_BLACK_E_000019,P04,BLACK,E,image_000019.jpg,training/P04/BLACK/E/images/image_000019.jpg,182237d6c12236cdb7eb1a2c78bd02113698d80f6bb0245ad0c038eb1276773f,10665,,,true
P04_BLACK_E_000020,P04,BLACK,E,image_000020.jpg,training/P04/BLACK/E/images/image_000020.jpg,6581bb47427eb60e9130fb2c964b5a65b68e9ab083a54857a7c4b280ecad8320,10528,,,true
P04_BLACK_E_000021,P04,BLACK,E,image_000021.jpg,training/P04/BLACK/E/images/image_000021.jpg,b28caf438bf7ac5ec2f16bfd996ace7d82dbdd10c8a7c1f1991ecb275d64a621,10714,,,true
P04_BLACK_E_000022,P04,BLACK,E,image_000022.jpg,training/P04/BLACK/E/images/image_000022.jpg,2b2b072d83c4e0f27a8c3cb2ca2287ec6f1add37089fbb919d989e2ef939060c,10826,,,true
P04_BLACK_E_000023,P04,BLACK,E,image_000023.jpg,training/P04/BLACK/E/images/image_000023.jpg,0622f2839282aff33e8da4254046bed01d410ea1ce04b26a9183450765fdbd67,10802,,,true
P04_BLACK_E_000024,P04,BLACK,E,image_000024.jpg,training/P04/BLACK/E/images/image_000024.jpg,e496354a361766ef0b4cf4d5c357de7117272432a5c4c15bac03ea8d8d380244,10626,,,true
P04_BLACK_E_000025,P04,BLACK,E,image_000025.jpg,training/P04/BLACK/E/images/image_000025.jpg,ffdb1a12da93cb0c3a12dcc850fb4832102663417a95152d17b9adff3f3e8a97,10726,,,true
P04_BLACK_I_000001,P04,BLACK,I,image_000001.jpg,training/P04/BLACK/I/images/image_000001.jpg,b4a095277cb4d50de504a41361841676c87e874db44e613937adb94d956330a3,6464,,,true
P04_BLACK_I_000002,P04,BLACK,I,image_000002.jpg,training/P04/BLACK/I/images/image_000002.jpg,6a3cca5a65c335a0ae6ed975b82d2959a101baf32a0f67a3f7792343269a8f23,5863,,,true
P04_BLACK_I_000003,P04,BLACK,I,image_000003.jpg,training/P04/BLACK/I/images/image_000003.jpg,822343a966b72bfd2d8267a1b67171e116c7a570c8be674a1e7cbeaa40acd237,6538,,,true
P04_BLACK_I_000004,P04,BLACK,I,image_000004.jpg,training/P04/BLACK/I/images/image_000004.jpg,7f690bbb57e467d29a70caef067627deae7337bd27446c0f661156dfdd2aa305,5529,,,true
P04_BLACK_I_000005,P04,BLACK,I,image_000005.jpg,training/P04/BLACK/I/images/image_000005.jpg,8c9508a4ed179f671c8a46de7b6d1cef8c802e373e81fef6befa469639ff408f,10016,,,true
P04_BLACK_I_000006,P04,BLACK,I,image_000006.jpg,training/P04/BLACK/I/images/image_000006.jpg,76fe3acd1a36a898a03dc8c786b9bfe009d6d7b1293c716b145bd1c139e60f70,10925,,,true
P04_BLACK_I_000007,P04,BLACK,I,image_000007.jpg,training/P04/BLACK/I/images/image_000007.jpg,e48a7f9f695864215bf2857168f3c4c4d01e9aa8f07826a7d97b6a098ef8e9df,10784,,,true
P04_BLACK_I_000008,P04,BLACK,I,image_000008.jpg,training/P04/BLACK/I/images/image_000008.jpg,d54d1b4db8ff9c30cdaf56b7127310f9a52d9ed193c35269cc4da835404edf29,10775,,,true
P04_BLACK_I_000009,P04,BLACK,I,image_000009.jpg,training/P04/BLACK/I/images/image_000009.jpg,febb3ac4041125a99342da3255fa87f1e7e2371cdb301daab6035273abe8d93d,10805,,,true
P04_BLACK_I_000010,P04,BLACK,I,image_000010.jpg,training/P04/BLACK/I/images/image_000010.jpg,3e8f0009c771893d24eaaa1d180c87ed746d1bc4c3f307f9a9bc586879dacf7a,10856,,,true
P04_BLACK_I_000011,P04,BLACK,I,image_000011.jpg,training/P04/BLACK/I/images/image_000011.jpg,e6041e3a778c2e0bd7c7c1c63cbbc433071b6bfdf0d6258a0f19e8653a0cc99a,10798,,,true
P04_BLACK_I_000012,P04,BLACK,I,image_000012.jpg,training/P04/BLACK/I/images/image_000012.jpg,1c61a308d225eb58dcd182bc79cb242c8605550f4c4074ce3d0c002f2c93ad35,11014,,,true
P04_BLACK_I_000013,P04,BLACK,I,image_000013.jpg,training/P04/BLACK/I/images/image_000013.jpg,f7288bf4612e62bb7d200cd22684e479c53b637fc0f1df1cb3fd8bd47391f40c,10684,,,true
P04_BLACK_I_000014,P04,BLACK,I,image_000014.jpg,training/P04/BLACK/I/images/image_000014.jpg,9bcf194d7b395764636619f78476b13d2022f7421ed84437b5c8a059965dbd1e,10290,,,true
P04_BLACK_I_000015,P04,BLACK,I,image_000015.jpg,training/P04/BLACK/I/images/image_000015.jpg,429f47f2af96a73c390d999d3e1cb912d6df066b8f88a92089144ee971a2601c,10139,,,true
P04_BLACK_I_000016,P04,BLACK,I,image_000016.jpg,training/P04/BLACK/I/images/image_000016.jpg,25df21766d79cf6f4a852f4f103fac38f0046209a05e96db3ca01da36487bf6f,11910,,,true
P04_BLACK_I_000017,P04,BLACK,I,image_000017.jpg,training/P04/BLACK/I/images/image_000017.jpg,e4039d924e9a2723371dd9fcf74eaf6460c7cc5b99886b33013bad9ae07add34,11424,,,true
P04_BLACK_I_000018,P04,BLACK,I,image_000018.jpg,training/P04/BLACK/I/images/image_000018.jpg,8e26a692708539b54c2a0a452d186aaa8e1be758ab4ec11a2e7f5e9b2d2e211f,11042,,,true
P04_BLACK_I_000019,P04,BLACK,I,image_000019.jpg,training/P04/BLACK/I/images/image_000019.jpg,a75d26c0face8eeb845ce65a4c2483f8392972cce95597267eaf32d7b824fffd,10806,,,true
P04_BLACK_I_000020,P04,BLACK,I,image_000020.jpg,training/P04/BLACK/I/images/image_000020.jpg,67a1b38fdf319c8befd15424f16ba18a2e6f1e89520056d27e5ebb6c6f15d99c,11094,,,true
P04_BLACK_I_000021,P04,BLACK,I,image_000021.jpg,training/P04/BLACK/I/images/image_000021.jpg,73efa6bb67cda2e233b5ec69d4ec8bae62a3be6921360c85acd38164239de0a0,11250,,,true
P04_BLACK_I_000022,P04,BLACK,I,image_000022.jpg,training/P04/BLACK/I/images/image_000022.jpg,ee4ae217bbf089402774aa6cd649254c60805fa38266b1c1e25639233754e689,10037,,,true
P04_BLACK_I_000023,P04,BLACK,I,image_000023.jpg,training/P04/BLACK/I/images/image_000023.jpg,fb5e01baa0c31fa2db515f652b8df16572157da2daed1c8009cd9aa33f3b34d6,10022,,,true
P04_BLACK_I_000024,P04,BLACK,I,image_000024.jpg,training/P04/BLACK/I/images/image_000024.jpg,d0d32f59c94000aa678ea5e46074319c99376e22aac14a42b56153eaee11ef6b,10255,,,true
P04_BLACK_I_000025,P04,BLACK,I,image_000025.jpg,training/P04/BLACK/I/images/image_000025.jpg,d26769a1f841d59810d67148a1dfcc138fc5941d34a7bf2511f8c38e5c9992ec,10312,,,true
P04_BLACK_L_000001,P04,BLACK,L,image_000001.jpg,training/P04/BLACK/L/images/image_000001.jpg,7498c02c0b0c37517a5036e04e530090fc58debd81347b671aa1d5f6e189ec51,10916,,,true
P04_BLACK_L_000002,P04,BLACK,L,image_000002.jpg,training/P04/BLACK/L/images/image_000002.jpg,019119ed1ab1133a73451134ff014012cb58ba6e7c957ed841e642c853a8025a,10924,,,true
P04_BLACK_L_000003,P04,BLACK,L,image_000003.jpg,training/P04/BLACK/L/images/image_000003.jpg,19aa63ac581d6060cd0b5f68f6dea6d2553c1313c8fb7511182555e2cfe51254,10861,,,true
P04_BLACK_L_000004,P04,BLACK,L,image_000004.jpg,training/P04/BLACK/L/images/image_000004.jpg,b67f7eba24e45b5b9d679e89d63ab77d96bd1a15bcf2e6685494e4585cb6669d,10851,,,true
P04_BLACK_L_000005,P04,BLACK,L,image_000005.jpg,training/P04/BLACK/L/images/image_000005.jpg,61565ca8609d5f3376562bf2dbaa21039ebc433585cd232dc988feff4f9c68d0,10797,,,true
P04_BLACK_L_000006,P04,BLACK,L,image_000006.jpg,training/P04/BLACK/L/images/image_000006.jpg,1ca9c44dfda3c2336c2bb759daf85e34723dfc3ea2b8f11c10b198211e4a2dc9,10898,,,true
P04_BLACK_L_000007,P04,BLACK,L,image_000007.jpg,training/P04/BLACK/L/images/image_000007.jpg,f96a0eaedac3a52b1317f2090bc8ad67b503bea9f8f77c13d74b593acabdbd77,10845,,,true
P04_BLACK_L_000008,P04,BLACK,L,image_000008.jpg,training/P04/BLACK/L/images/image_000008.jpg,35c9fc58cac6108c0e3ada3d059e0a546d1c0d7095294f03cf90fbc82235b043,10564,,,true
P04_BLACK_L_000009,P04,BLACK,L,image_000009.jpg,training/P04/BLACK/L/images/image_000009.jpg,c8b46eacb2453ccfa07e389968fbee12dd9b227b31e92fd94af20f8114a8630e,10589,,,true
P04_BLACK_L_000010,P04,BLACK,L,image_000010.jpg,training/P04/BLACK/L/images/image_000010.jpg,f5fd7ff020911977b523fb761b456fe5f53e2d5ea2211cac60a2b9d45b3b25f5,10213,,,true
P04_BLACK_L_000011,P04,BLACK,L,image_000011.jpg,training/P04/BLACK/L/images/image_000011.jpg,b5d871dc9cd1671c4b64a13bc2a14d048775dd21d32e5cb82cfe99c00b448ff9,10396,,,true
P04_BLACK_L_000012,P04,BLACK,L,image_000012.jpg,training/P04/BLACK/L/images/image_000012.jpg,aaa0d91036125aa7fabda7c84775d3e66e4236ea6122a09b836a4833140eb9b6,10122,,,true
P04_BLACK_L_000013,P04,BLACK,L,image_000013.jpg,training/P04/BLACK/L/images/image_000013.jpg,9c9291cfb5c48c9931516f69cf9faa5d735d2f8732e6962121c20e16638e354a,10827,,,true
P04_BLACK_L_000014,P04,BLACK,L,image_000014.jpg,training/P04/BLACK/L/images/image_000014.jpg,0f9da9448f973ee6feb1873e41262ff811f34ca1e28185aaf09db6504dc7ceb9,10534,,,true
P04_BLACK_L_000015,P04,BLACK,L,image_000015.jpg,training/P04/BLACK/L/images/image_000015.jpg,574e75bf2d40e3d9dbbd827cdb871b7d16395165fe555b17af2e1ff535b135f2,10351,,,true
P04_BLACK_L_000016,P04,BLACK,L,image_000016.jpg,training/P04/BLACK/L/images/image_000016.jpg,f312eecba1bdb0e734e67676de94cdd57afb1828ec7a166c782cc5e68df30019,10908,,,true
P04_BLACK_L_000017,P04,BLACK,L,image_000017.jpg,training/P04/BLACK/L/images/image_000017.jpg,9331df856b8818f596e463a6ba0c674dddf07922605161c0b0db920d820a273b,10840,,,true
P04_BLACK_L_000018,P04,BLACK,L,image_000018.jpg,training/P04/BLACK/L/images/image_000018.jpg,cfa903811a8e291ca5766e4af16d6d7a5327eb018a7c6f6b8ca054ac3892671c,10784,,,true
P04_BLACK_L_000019,P04,BLACK,L,image_000019.jpg,training/P04/BLACK/L/images/image_000019.jpg,8151a907f04e3b56b74883d6589d84b33a443a9e921b56f5c26f050da08ef120,10579,,,true
P04_BLACK_L_000020,P04,BLACK,L,image_000020.jpg,training/P04/BLACK/L/images/image_000020.jpg,a21cbac48e7f6ff1a0489dcd8822b20c177d23e9a387355b8db57b5ba6c91ab5,10692,,,true
P04_BLACK_L_000021,P04,BLACK,L,image_000021.jpg,training/P04/BLACK/L/images/image_000021.jpg,6d33ec2a3a8d43573f3263605aadb417c44ace9566116d7cf185e0728a2ac394,10787,,,true
P04_BLACK_L_000022,P04,BLACK,L,image_000022.jpg,training/P04/BLACK/L/images/image_000022.jpg,080c51ee4551e81a5cf619ba6f9c1fef6f969969dc296d5690d8cf3fe39467d2,10294,,,true
P04_BLACK_L_000023,P04,BLACK,L,image_000023.jpg,training/P04/BLACK/L/images/image_000023.jpg,a315ce8ef47574be4323e83d90da555abead5b01e6e31d614cf168a4b817a4f2,10373,,,true
P04_BLACK_L_000024,P04,BLACK,L,image_000024.jpg,training/P04/BLACK/L/images/image_000024.jpg,238842b34ecb410e9c397ebd1e0e73a82391d1a7a2ce005ac056507b51a58e49,10614,,,true
P04_BLACK_L_000025,P04,BLACK,L,image_000025.jpg,training/P04/BLACK/L/images/image_000025.jpg,5fab9b66946e55f19f84a2a567afaee8510c8aaa5a98982d5d17218d5a306b33,10456,,,true
P04_BLACK_M_000001,P04,BLACK,M,image_000001.jpg,training/P04/BLACK/M/images/image_000001.jpg,dfe76b8da43ee82d44fcdce8dcf96b9af2026d303bcb00828ea99c2c50343db4,5862,,,true
P04_BLACK_M_000002,P04,BLACK,M,image_000002.jpg,training/P04/BLACK/M/images/image_000002.jpg,9e4f4c293087fcd7604536fb28aca6db0872a2248d449733332d24255877a4e5,6080,,,true
P04_BLACK_M_000003,P04,BLACK,M,image_000003.jpg,training/P04/BLACK/M/images/image_000003.jpg,5be028d98451b79f0716ee79a26bc8a9787fd7f27b599c9778e685f9be23cd20,5979,,,true
P04_BLACK_M_000004,P04,BLACK,M,image_000004.jpg,training/P04/BLACK/M/images/image_000004.jpg,b44fa68b7130eabe4b285e77feeb131676211958088f52a967c38ec3234f8a1c,7166,,,true
P04_BLACK_M_000005,P04,BLACK,M,image_000005.jpg,training/P04/BLACK/M/images/image_000005.jpg,adb156b429bdd36401d5c93e2f31608ab8e7ce163c2acf95593a49e3b926c04d,6251,,,true
P04_BLACK_M_000006,P04,BLACK,M,image_000006.jpg,training/P04/BLACK/M/images/image_000006.jpg,4b7091e8af27cab1194b99b799f28c1c3967515caa98c0eedec3b88f14e05c90,10466,,,true
P04_BLACK_M_000007,P04,BLACK,M,image_000007.jpg,training/P04/BLACK/M/images/image_000007.jpg,befd91034f8a129544577fe99495a18e6227a71243f94ef280da0d9374588468,10154,,,true
P04_BLACK_M_000008,P04,BLACK,M,image_000008.jpg,training/P04/BLACK/M/images/image_000008.jpg,e36cb686acee7072cf583c3914f46454ad85b596a15ff792baf221ef917e1dc4,10336,,,true
P04_BLACK_M_000009,P04,BLACK,M,image_000009.jpg,training/P04/BLACK/M/images/image_000009.jpg,3644fa50ac77f29240809ca0bee2a1614fd2bcf537743f082cf431b4da230706,10397,,,true
P04_BLACK_M_000010,P04,BLACK,M,image_000010.jpg,training/P04/BLACK/M/images/image_000010.jpg,2bc40fb7fd229ccec370b3eaa1a581aa388db540495ac40f89ed5113c7933d5f,10346,,,true
P04_BLACK_M_000011,P04,BLACK,M,image_000011.jpg,training/P04/BLACK/M/images/image_000011.jpg,6eb3b2d6a6bf5dfdb2a1d4a16c33d07aedef8bd1f72475ae3d975237ce2f856e,9990,,,true
P04_BLACK_M_000012,P04,BLACK,M,image_000012.jpg,training/P04/BLACK/M/images/image_000012.jpg,9c3bc47266e4d45fb4a168771b355a53f20906803a583529887e34b67d871820,11286,,,true
P04_BLACK_M_000013,P04,BLACK,M,image_000013.jpg,training/P04/BLACK/M/images/image_000013.jpg,11ba730c6431d304037cde72f1a87c16b9aab72fe854023f25c7b81ab90e7126,11240,,,true
P04_BLACK_M_000014,P04,BLACK,M,image_000014.jpg,training/P04/BLACK/M/images/image_000014.jpg,98f4f1cb9b0929079e7473c207619c8297d79d662a48d911575efd0bc6d0482a,11394,,,true
P04_BLACK_M_000015,P04,BLACK,M,image_000015.jpg,training/P04/BLACK/M/images/image_000015.jpg,ee46d4e82bf0ab2da2543ee10c2bd0ab8732d9634ee4c08210e8cd8d2ddf879a,11174,,,true
P04_BLACK_M_000016,P04,BLACK,M,image_000016.jpg,training/P04/BLACK/M/images/image_000016.jpg,9fefa044e2dbfd4d9974c704d59a3aea12a5810d51bbb4fa15c4939f0217112b,9916,,,true
P04_BLACK_M_000017,P04,BLACK,M,image_000017.jpg,training/P04/BLACK/M/images/image_000017.jpg,870ce7d5df160d89ec9b46ff665cafa9fd194a7b02ef6969646a2c686414c095,9992,,,true
P04_BLACK_M_000018,P04,BLACK,M,image_000018.jpg,training/P04/BLACK/M/images/image_000018.jpg,cad9cfbb05ab0add04908a8664b3b6fa9e9e7b5c45acb8153b97c4bae518e65e,10398,,,true
P04_BLACK_M_000019,P04,BLACK,M,image_000019.jpg,training/P04/BLACK/M/images/image_000019.jpg,fcdd79b3c09bb1844d25d66c3c6fd906c17b5ab4f195d939957266e2547807f3,10498,,,true
P04_BLACK_M_000020,P04,BLACK,M,image_000020.jpg,training/P04/BLACK/M/images/image_000020.jpg,53adf07b8ba1852f525d75bef75d8e396d13091b8f174500e85ceb5829ea6e5f,10550,,,true
P04_BLACK_M_000021,P04,BLACK,M,image_000021.jpg,training/P04/BLACK/M/images/image_000021.jpg,d819f4062c27011cfd1ff21d45fd4945bdb396cce9dfb664c7c77fb0a2d58ced,10537,,,true
P04_BLACK_M_000022,P04,BLACK,M,image_000022.jpg,training/P04/BLACK/M/images/image_000022.jpg,2fddfe7bcdbbef2cb1b065f7fdf3fd6975c1d6d259564c060f36428d8dcb4daa,10200,,,true
P04_BLACK_M_000023,P04,BLACK,M,image_000023.jpg,training/P04/BLACK/M/images/image_000023.jpg,7dbbb5d72edd7a68c82d143970d230437c73c22ddbbc34396dd64ad6b34357a5,10288,,,true
P04_BLACK_M_000024,P04,BLACK,M,image_000024.jpg,training/P04/BLACK/M/images/image_000024.jpg,cb08147c5f9482deb44119f7b5517eb56d5d0d2af65006a653525eeb622eb030,10613,,,true
P04_BLACK_M_000025,P04,BLACK,M,image_000025.jpg,training/P04/BLACK/M/images/image_000025.jpg,2a74a71288883515972f0902cb73aa961d5a8497d582c27841b2c57e0d1a2f1e,11296,,,true
P04_BLACK_N_000001,P04,BLACK,N,image_000001.jpg,training/P04/BLACK/N/images/image_000001.jpg,db4f0a758f6b719dbb92eebdb3b7ac0e3ef045f9f517c3d3e058e1ef88e1c3b4,6456,,,true
P04_BLACK_N_000002,P04,BLACK,N,image_000002.jpg,training/P04/BLACK/N/images/image_000002.jpg,a8a676f62237cc6ea7ee26faedeb3a79904bfa3d412f39c5cda410a30ef62c36,10016,,,true
P04_BLACK_N_000003,P04,BLACK,N,image_000003.jpg,training/P04/BLACK/N/images/image_000003.jpg,ab4d52a1241c831378365f2c3c214561182cfa7ceefdfdc34b794e1f0b4d2ff5,9836,,,true
P04_BLACK_N_000004,P04,BLACK,N,image_000004.jpg,training/P04/BLACK/N/images/image_000004.jpg,e6eedac9f8acb041f29f85a0e259121ba189a0fc94a31a08c4f0535d2e0fcb80,9929,,,true
P04_BLACK_N_000005,P04,BLACK,N,image_000005.jpg,training/P04/BLACK/N/images/image_000005.jpg,9c7ae153b15865bcf4899ca5815b3be28f8b66cc9094662c83af278f8d001242,10973,,,true
P04_BLACK_N_000006,P04,BLACK,N,image_000006.jpg,training/P04/BLACK/N/images/image_000006.jpg,d3e17a50cb4af260faf5f913b4f44680bf2bdb8d1d939bd02645a85e1407f357,11083,,,true
P04_BLACK_N_000007,P04,BLACK,N,image_000007.jpg,training/P04/BLACK/N/images/image_000007.jpg,cb4b28398d1cc830190f90977d4ed076612acb2c1eaab7586bcb0871c5789df5,10974,,,true
P04_BLACK_N_000008,P04,BLACK,N,image_000008.jpg,training/P04/BLACK/N/images/image_000008.jpg,ba577db715849092811d2780246819688da7e118dbdff4474fbff0c46d10b11e,10874,,,true
P04_BLACK_N_000009,P04,BLACK,N,image_000009.jpg,training/P04/BLACK/N/images/image_000009.jpg,105fcf19712ae72dc5cd1f6007b009258a3dccb78a44be0d289214943ee068d8,10631,,,true
P04_BLACK_N_000010,P04,BLACK,N,image_000010.jpg,training/P04/BLACK/N/images/image_000010.jpg,66570f263b65745741c21803085acf5ff2414b3951c1411e56a49a2541d8c01e,10684,,,true
P04_BLACK_N_000011,P04,BLACK,N,image_000011.jpg,training/P04/BLACK/N/images/image_000011.jpg,c6e2293982ec070252bce50b753d1e49e3ea6f5a78ba7cb33ca03f29cedfeefb,10964,,,true
P04_BLACK_N_000012,P04,BLACK,N,image_000012.jpg,training/P04/BLACK/N/images/image_000012.jpg,b4a13a9208c1aefa2d61bf416beeb5a953b0ef3b8e180c88174c27334bd5077c,10560,,,true
P04_BLACK_N_000013,P04,BLACK,N,image_000013.jpg,training/P04/BLACK/N/images/image_000013.jpg,ab179ad53cd9572b29a4f23c2ff5520e0585bfd5bfcaa5d77d180a961c81695e,10658,,,true
P04_BLACK_N_000014,P04,BLACK,N,image_000014.jpg,training/P04/BLACK/N/images/image_000014.jpg,dbf580c84d9de4936fcfcbac8150e208c93bafd5ec3577770e01d45a489b5927,10805,,,true
P04_BLACK_N_000015,P04,BLACK,N,image_000015.jpg,training/P04/BLACK/N/images/image_000015.jpg,9178a70bf7a3575cf19a0efb19160ef41fa542b8b6df597994f41f9b7e839d88,11527,,,true
P04_BLACK_N_000016,P04,BLACK,N,image_000016.jpg,training/P04/BLACK/N/images/image_000016.jpg,06c1bd5a08453a4e1b70b49c1ac703b3ef9f99e66d6f3b244e0e9f9e041a14ca,9811,,,true
P04_BLACK_N_000017,P04,BLACK,N,image_000017.jpg,training/P04/BLACK/N/images/image_000017.jpg,ac3c5c2a17ab341e716fb119f28a0d68969b41dc77eaa6978a63867a00cd289e,9617,,,true
P04_BLACK_N_000018,P04,BLACK,N,image_000018.jpg,training/P04/BLACK/N/images/image_000018.jpg,5839116a90ebfd8dbdfe023e787eb742bbd4429b73eed6565e8cb410bdf33724,10189,,,true
P04_BLACK_N_000019,P04,BLACK,N,image_000019.jpg,training/P04/BLACK/N/images/image_000019.jpg,5c1c369bb290b1cb2ae06f800e6ef449f0618df893ea5eab9c2fb6712d62c390,9980,,,true
P04_BLACK_N_000020,P04,BLACK,N,image_000020.jpg,training/P04/BLACK/N/images/image_000020.jpg,98a440b2b5b49a9f65e1141e4055ca3491c13a35557f2952eaaa4a630b648966,10203,,,true
P04_BLACK_N_000021,P04,BLACK,N,image_000021.jpg,training/P04/BLACK/N/images/image_000021.jpg,108937edef9659774e3fb584ccdb5d726143ee67ee676cfd57ac6e4d0c45ff11,10470,,,true
P04_BLACK_N_000022,P04,BLACK,N,image_000022.jpg,training/P04/BLACK/N/images/image_000022.jpg,d70467a68faadfbb92e6cd0cc9f147334c32b685abc9153c28600e43e60bfaf6,10494,,,true
P04_BLACK_N_000023,P04,BLACK,N,image_000023.jpg,training/P04/BLACK/N/images/image_000023.jpg,6c94260a3a269d962cd3fcac543ffdde4dc30540f98c1bbf18391baf0f1a2b7c,10485,,,true
P04_BLACK_N_000024,P04,BLACK,N,image_000024.jpg,training/P04/BLACK/N/images/image_000024.jpg,55023d4d7c9796f4a0b0793fc165361c5adc9ee1150f97a4b24c23db4ef04ff1,10621,,,true
P04_BLACK_N_000025,P04,BLACK,N,image_000025.jpg,training/P04/BLACK/N/images/image_000025.jpg,b4b856471db2669ba0e2b8cde725e0428eb1eed8ba5844ee0c3876f0b6607186,10892,,,true
P04_BLACK_O_000001,P04,BLACK,O,image_000001.jpg,training/P04/BLACK/O/images/image_000001.jpg,1e188cb7237cbe1d99af61a895e2b2f8618b9360b1a265e036f9e7c7b67400ca,6594,,,true
P04_BLACK_O_000002,P04,BLACK,O,image_000002.jpg,training/P04/BLACK/O/images/image_000002.jpg,f16518d0950964d7573a0172060e375a1fba7316e4bf3e628034bb908e36a7ae,6767,,,true
P04_BLACK_O_000003,P04,BLACK,O,image_000003.jpg,training/P04/BLACK/O/images/image_000003.jpg,56d07d4542c248e9e8b987cd9eacd92586bc75a76fdee5f7897969acd164278a,11719,,,true
P04_BLACK_O_000004,P04,BLACK,O,image_000004.jpg,training/P04/BLACK/O/images/image_000004.jpg,dae44e72cf91f13a07ae0f367edbe27f604c3418e2810f4ef0346eea6ac2d277,11635,,,true
P04_BLACK_O_000005,P04,BLACK,O,image_000005.jpg,training/P04/BLACK/O/images/image_000005.jpg,3691156ec7abdc33d6723821ef2219a9a2104074bc4bde13fa870a2637e2bbba,11878,,,true
P04_BLACK_O_000006,P04,BLACK,O,image_000006.jpg,training/P04/BLACK/O/images/image_000006.jpg,e1e1f3b5f3a3f03394ca1b3eecc3cb5c224f4cfd20c324f05aba67edd927ce27,11797,,,true
P04_BLACK_O_000007,P04,BLACK,O,image_000007.jpg,training/P04/BLACK/O/images/image_000007.jpg,55139b3aef4dd6e33e7a04bcc84224924a58bcaa363072be39aa0a6f0fbed405,10653,,,true
P04_BLACK_O_000008,P04,BLACK,O,image_000008.jpg,training/P04/BLACK/O/images/image_000008.jpg,3d588bfcd2fe4675add54ecda1991974e727f98be829f4ecfb56d4f9f97a4d7b,10738,,,true
P04_BLACK_O_000009,P04,BLACK,O,image_000009.jpg,training/P04/BLACK/O/images/image_000009.jpg,df4d4717f437307e8fa7e533e7036532039f83d789dc006b868058108646a0bb,10756,,,true
P04_BLACK_O_000010,P04,BLACK,O,image_000010.jpg,training/P04/BLACK/O/images/image_000010.jpg,2dff2327ae9ade084f679becc7316751a16db374839a27193bde74700e002c2d,10620,,,true
P04_BLACK_O_000011,P04,BLACK,O,image_000011.jpg,training/P04/BLACK/O/images/image_000011.jpg,6aa1722e7199a050070472889d684613d297c10fcf2df3670513a16376bbe3bd,10650,,,true
P04_BLACK_O_000012,P04,BLACK,O,image_000012.jpg,training/P04/BLACK/O/images/image_000012.jpg,8600caf8d9dc96e0a219de465eed80b6f3dbc4321cb8e44c1a5f6054ea159a59,10917,,,true
P04_BLACK_O_000013,P04,BLACK,O,image_000013.jpg,training/P04/BLACK/O/images/image_000013.jpg,3dcbb5c9b106a77453a89c29c853b9626fde42eab699656fbe222274416a10a2,11267,,,true
P04_BLACK_O_000014,P04,BLACK,O,image_000014.jpg,training/P04/BLACK/O/images/image_000014.jpg,5c6c416349ed12f77876b3ae347a098f7a6c144933eb01ae543fe253c5ca8711,10968,,,true
P04_BLACK_O_000015,P04,BLACK,O,image_000015.jpg,training/P04/BLACK/O/images/image_000015.jpg,21b4426f32f58887db438cf6b6c7a9361b7f3d3d6ca3c95379b0c4d2a4df22ff,10786,,,true
P04_BLACK_O_000016,P04,BLACK,O,image_000016.jpg,training/P04/BLACK/O/images/image_000016.jpg,643aa94f49b2fb99f6248f37bfc666c7432b886688723df11c76e8727eafde41,10857,,,true
P04_BLACK_O_000017,P04,BLACK,O,image_000017.jpg,training/P04/BLACK/O/images/image_000017.jpg,80d6a15d742ab9b8e4de005b5e54cbacc254c648f6d092d403dc3f0fbb0e93cb,10588,,,true
P04_BLACK_O_000018,P04,BLACK,O,image_000018.jpg,training/P04/BLACK/O/images/image_000018.jpg,874814cfce94837db299b698ad50f9c27568a09f75b283c47dbc8b37cec5fa63,11076,,,true
P04_BLACK_O_000019,P04,BLACK,O,image_000019.jpg,training/P04/BLACK/O/images/image_000019.jpg,bc8e01f81a9af76bc76bf3589969551e2cba906d2762a8383fb349718ceb9572,11161,,,true
P04_BLACK_O_000020,P04,BLACK,O,image_000020.jpg,training/P04/BLACK/O/images/image_000020.jpg,619be0cbe2ffbee281494984e97d67bf79885377073c70c0a1821d9debe94956,10916,,,true
P04_BLACK_O_000021,P04,BLACK,O,image_000021.jpg,training/P04/BLACK/O/images/image_000021.jpg,9237c7d1fb734bf0de68fd658e149ef62626d69bc6682a8729d03a9d2e1bf7ca,10941,,,true
P04_BLACK_O_000022,P04,BLACK,O,image_000022.jpg,training/P04/BLACK/O/images/image_000022.jpg,4cb94e12067bb20326f6a0b565249223aa96f435b0ac57da866bae6c22fcf542,10794,,,true
P04_BLACK_O_000023,P04,BLACK,O,image_000023.jpg,training/P04/BLACK/O/images/image_000023.jpg,a8d5c3d8b6f6477cc15b79b61c0f9f6e2c860dc90b3add134f94c367eb030e15,10855,,,true
P04_BLACK_O_000024,P04,BLACK,O,image_000024.jpg,training/P04/BLACK/O/images/image_000024.jpg,9ecc933c828a0762ab8da962cc308fcc9b29ced4143e7cfec8211743d3dac041,10961,,,true
P04_BLACK_O_000025,P04,BLACK,O,image_000025.jpg,training/P04/BLACK/O/images/image_000025.jpg,ca915db8e22b19b1f658779c7db9442a24a096c54baf0b64bb4a890e775816a7,10947,,,true
P04_BLACK_P_000001,P04,BLACK,P,image_000001.jpg,training/P04/BLACK/P/images/image_000001.jpg,1ef1a06bf4f4dc46017cf25a96b6d91dc8f7c6c2e937fc6ceb049214993d39b7,10646,,,true
P04_BLACK_P_000002,P04,BLACK,P,image_000002.jpg,training/P04/BLACK/P/images/image_000002.jpg,9133f83030bbd348974cec8d282380e67c32bf595df4686923fd1b48ee669066,10435,,,true
P04_BLACK_P_000003,P04,BLACK,P,image_000003.jpg,training/P04/BLACK/P/images/image_000003.jpg,53c0f91bf64cf6108f745d322b9eaedc907a03bdbd64be95ccdf02c594da3e9e,10641,,,true
P04_BLACK_P_000004,P04,BLACK,P,image_000004.jpg,training/P04/BLACK/P/images/image_000004.jpg,3dbe3a621c994b8d88fb4692a852d2c4bcc621c8cdea49cf595c74006942e35e,9771,,,true
P04_BLACK_P_000005,P04,BLACK,P,image_000005.jpg,training/P04/BLACK/P/images/image_000005.jpg,becc1671f36ed9d1ca5fe64c73089bfae9d8a097b45f0ae6e113b728a0d69049,11162,,,true
P04_BLACK_P_000006,P04,BLACK,P,image_000006.jpg,training/P04/BLACK/P/images/image_000006.jpg,526a88787604c320c0d07b696ebd9dfe9306e23a4813c32b1955f9c45aa5d2fc,10991,,,true
P04_BLACK_P_000007,P04,BLACK,P,image_000007.jpg,training/P04/BLACK/P/images/image_000007.jpg,505f53d9cafb27ed4c6d994addd6f95ba84b873a396cd6981035cd92ff9b8b05,10638,,,true
P04_BLACK_P_000008,P04,BLACK,P,image_000008.jpg,training/P04/BLACK/P/images/image_000008.jpg,e91326670d443712f1a42ee7634b3818a4d0d95f400f0c00fb79c2bca15dd74d,10531,,,true
P04_BLACK_P_000009,P04,BLACK,P,image_000009.jpg,training/P04/BLACK/P/images/image_000009.jpg,88ba259bb42674d5e021a06191828fc5f6122dbb015173df1ccd3f826a73ea68,10749,,,true
P04_BLACK_P_000010,P04,BLACK,P,image_000010.jpg,training/P04/BLACK/P/images/image_000010.jpg,8791fb070b46bebffc6610613972e2d5d9501d2951262b593c7cfa3bc71d0d9d,10458,,,true
P04_BLACK_P_000011,P04,BLACK,P,image_000011.jpg,training/P04/BLACK/P/images/image_000011.jpg,826c88ed89878d651f9147eeb47db7eed3f814dcd1c1b2b3d0bc6df749659e2e,10498,,,true
P04_BLACK_P_000012,P04,BLACK,P,image_000012.jpg,training/P04/BLACK/P/images/image_000012.jpg,11f183315b0835d53fc5c061c083856a9c1ba9d2b10bc6210f62934eaeca5936,10144,,,true
P04_BLACK_P_000013,P04,BLACK,P,image_000013.jpg,training/P04/BLACK/P/images/image_000013.jpg,1c184b2f420eaff3d84f20d7427093d3f4dacf6763fdd060f99f22c479a87f62,10491,,,true
P04_BLACK_P_000014,P04,BLACK,P,image_000014.jpg,training/P04/BLACK/P/images/image_000014.jpg,52f6c83ce97dfb1ee672d51b3cf8d3e6a749670125bad43f52b2672abeabe0bf,10355,,,true
P04_BLACK_P_000015,P04,BLACK,P,image_000015.jpg,training/P04/BLACK/P/images/image_000015.jpg,1d1a97442673d7b5fcdd4ce5fc8bb4b2300f554de03fd82f932de3c804455992,10312,,,true
P04_BLACK_P_000016,P04,BLACK,P,image_000016.jpg,training/P04/BLACK/P/images/image_000016.jpg,5149cf5f1c6d0694e425f35212dbf0325a9ff1d0011d9433eaf6957450a8335d,10292,,,true
P04_BLACK_P_000017,P04,BLACK,P,image_000017.jpg,training/P04/BLACK/P/images/image_000017.jpg,6d463b863665e265af2b6f8669c2d7f22607ea28b8e3f8822fb9058759e44ae9,10283,,,true
P04_BLACK_P_000018,P04,BLACK,P,image_000018.jpg,training/P04/BLACK/P/images/image_000018.jpg,8f25cf78bae40a62b4ab138f5381338d8134b5a9114415fa65027cd8e75dcb6f,10294,,,true
P04_BLACK_P_000019,P04,BLACK,P,image_000019.jpg,training/P04/BLACK/P/images/image_000019.jpg,99c4195faf68eafcdf90e9be76b8c49536cdb18b300cc7167185475ca5390588,10417,,,true
P04_BLACK_P_000020,P04,BLACK,P,image_000020.jpg,training/P04/BLACK/P/images/image_000020.jpg,4927a47cbc8a86bc4ae4a8be2fed1d8073287523284ed8ac68dc09a76ef5768b,10430,,,true
P04_BLACK_P_000021,P04,BLACK,P,image_000021.jpg,training/P04/BLACK/P/images/image_000021.jpg,df539a376a8c228f934894dd992ad36e7f4018b854ad9265e187da0b19477beb,10357,,,true
P04_BLACK_P_000022,P04,BLACK,P,image_000022.jpg,training/P04/BLACK/P/images/image_000022.jpg,8efff0a337e4b4c67d0cea70d1b400b0f8f00da457c85811f45add37113de07e,10428,,,true
P04_BLACK_P_000023,P04,BLACK,P,image_000023.jpg,training/P04/BLACK/P/images/image_000023.jpg,c40fb960e5ad0dcbbd621f90437ef080a4cc928744b7568d1093f3ae52831faa,10354,,,true
P04_BLACK_P_000024,P04,BLACK,P,image_000024.jpg,training/P04/BLACK/P/images/image_000024.jpg,9001e6bcd711996cce98156e92029fd39ab5e9de191ccfaa9989e191bc64b550,10557,,,true
P04_BLACK_P_000025,P04,BLACK,P,image_000025.jpg,training/P04/BLACK/P/images/image_000025.jpg,9ee751f3210a790afa22fcbb0bb8efe6f9199a8ccad6cd485ead87f6ee210838,10263,,,true
P04_BLACK_R_000001,P04,BLACK,R,image_000001.jpg,training/P04/BLACK/R/images/image_000001.jpg,8801c13754e177a750a40ce3ceec20e6370a21314ffdd603e308d47ac10e67b2,10220,,,true
P04_BLACK_R_000002,P04,BLACK,R,image_000002.jpg,training/P04/BLACK/R/images/image_000002.jpg,a82dc35b37336168375e4a52eccfa066a441734156442a5e4a32b455ad8caa93,10001,,,true
P04_BLACK_R_000003,P04,BLACK,R,image_000003.jpg,training/P04/BLACK/R/images/image_000003.jpg,06161275ad356ac73e5679896730677883c47a6c7acc869efa4fd8616d047005,9905,,,true
P04_BLACK_R_000004,P04,BLACK,R,image_000004.jpg,training/P04/BLACK/R/images/image_000004.jpg,43f13ee6983ec75fdba3c85a39df8b9783886f21d4109f9be5faecc3e7d3ebee,9908,,,true
P04_BLACK_R_000005,P04,BLACK,R,image_000005.jpg,training/P04/BLACK/R/images/image_000005.jpg,6893c63cddbdc7306443ba5fa36999d9388b56dcfcb509a0e92ec3ae283db586,9961,,,true
P04_BLACK_R_000006,P04,BLACK,R,image_000006.jpg,training/P04/BLACK/R/images/image_000006.jpg,d3b4935c61e14ef535d88d6db7331a8c335e014adb2beb6855fd1bc1c2124992,9907,,,true
P04_BLACK_R_000007,P04,BLACK,R,image_000007.jpg,training/P04/BLACK/R/images/image_000007.jpg,9cce570cec6ef146d510c3cf902770d8925bb268a07b97706dd012bb331ca969,10228,,,true
P04_BLACK_R_000008,P04,BLACK,R,image_000008.jpg,training/P04/BLACK/R/images/image_000008.jpg,fbd6fe5dea4b53a063bfbf8b4c83b18b86c7390d949519bf956c69f82c8e004c,10463,,,true
P04_BLACK_R_000009,P04,BLACK,R,image_000009.jpg,training/P04/BLACK/R/images/image_000009.jpg,e8080b8d507c18acdca9086d8f38e9a24a89745de90dfbaca6d00582acca9417,10603,,,true
P04_BLACK_R_000010,P04,BLACK,R,image_000010.jpg,training/P04/BLACK/R/images/image_000010.jpg,59bb3c6c7451c901fbb80b1f70699c5907812b8d9af4a89dde7378e874dcc34b,10806,,,true
P04_BLACK_R_000011,P04,BLACK,R,image_000011.jpg,training/P04/BLACK/R/images/image_000011.jpg,cf324d245c379dcffd7e18dfb477a97d7b82e1d3a302d416ff26ed03d90e8540,10086,,,true
P04_BLACK_R_000012,P04,BLACK,R,image_000012.jpg,training/P04/BLACK/R/images/image_000012.jpg,3f86f0aa3f0982ace31c0ffb7782516f165c3891ea78b8f1518f937831c6565b,10051,,,true
P04_BLACK_R_000013,P04,BLACK,R,image_000013.jpg,training/P04/BLACK/R/images/image_000013.jpg,45bbc089a0c35000c2cc93796f66b8d0a33dec9fb2384c007186709c32c1ec4a,10284,,,true
P04_BLACK_R_000014,P04,BLACK,R,image_000014.jpg,training/P04/BLACK/R/images/image_000014.jpg,e7b909ae6e1fad7fa9dd0d70aa1e96a6ae8d823cf655a673ead634058125e8fb,10285,,,true
P04_BLACK_R_000015,P04,BLACK,R,image_000015.jpg,training/P04/BLACK/R/images/image_000015.jpg,4c5a19646cc13bb718b068fe6a014b02957a7c801e49aac425a7be31e15275bc,10454,,,true
P04_BLACK_R_000016,P04,BLACK,R,image_000016.jpg,training/P04/BLACK/R/images/image_000016.jpg,204ef9255774eb9b9d646d300ff6bafe8ed4c9a2ea5ae391f6738171165fdc4d,10647,,,true
P04_BLACK_R_000017,P04,BLACK,R,image_000017.jpg,training/P04/BLACK/R/images/image_000017.jpg,6a3b23804b90a1684a2979034e72b295bd74c0bbf1c1a7d0abb56011f4131182,10440,,,true
P04_BLACK_R_000018,P04,BLACK,R,image_000018.jpg,training/P04/BLACK/R/images/image_000018.jpg,56b26b7e81a431c034afebb754d8f3f8c8b6e8f834bb50fae02d1aab4b296a80,10518,,,true
P04_BLACK_R_000019,P04,BLACK,R,image_000019.jpg,training/P04/BLACK/R/images/image_000019.jpg,94bda78863144a4f232c131b861931d84675f71a9aa3a96b92a20d05f3909465,10787,,,true
P04_BLACK_R_000020,P04,BLACK,R,image_000020.jpg,training/P04/BLACK/R/images/image_000020.jpg,4d3766ada2a489ee8c33f1c170105bd790d1e3aea41336f524e97a864a161c4c,10743,,,true
P04_BLACK_R_000021,P04,BLACK,R,image_000021.jpg,training/P04/BLACK/R/images/image_000021.jpg,63234327719c8fea0ddb9b874c79c85ba2c137a8fcba5c3445d5320c79355e13,10318,,,true
P04_BLACK_R_000022,P04,BLACK,R,image_000022.jpg,training/P04/BLACK/R/images/image_000022.jpg,174b3adcc51d005c5249886e9692ba26c8aa1e60050b79ea6b056ed17549d0d1,10586,,,true
P04_BLACK_R_000023,P04,BLACK,R,image_000023.jpg,training/P04/BLACK/R/images/image_000023.jpg,8ae3fae69b792e42713d1618eaecfb0b38de6fde2cef2522661eeca585fcf4e4,10117,,,true
P04_BLACK_R_000024,P04,BLACK,R,image_000024.jpg,training/P04/BLACK/R/images/image_000024.jpg,ff88b2cf9c5b2d22e087b15173e0987af7ddcbe9268c5f26efb2f2561e00a0e7,10308,,,true
P04_BLACK_R_000025,P04,BLACK,R,image_000025.jpg,training/P04/BLACK/R/images/image_000025.jpg,e03622e895f54485bc3a6bb24496bd56512f20e6054298eb3dff90bdeb6b3ee7,10498,,,true
P04_BLACK_S_000001,P04,BLACK,S,image_000001.jpg,training/P04/BLACK/S/images/image_000001.jpg,937feb558837b9416e4536ca7895146489776e376cd91d526778330c684402d4,10509,,,true
P04_BLACK_S_000002,P04,BLACK,S,image_000002.jpg,training/P04/BLACK/S/images/image_000002.jpg,12d23ce2daf4347b67333d47c4875170f841d808fb606e897e8e0523c51ce49d,10971,,,true
P04_BLACK_S_000003,P04,BLACK,S,image_000003.jpg,training/P04/BLACK/S/images/image_000003.jpg,5a0534a80f45080cee501aad1ade6c8c5dfe1827d0c06dea429d4df8b20468a4,10790,,,true
P04_BLACK_S_000004,P04,BLACK,S,image_000004.jpg,training/P04/BLACK/S/images/image_000004.jpg,035bc6a94b5f63aa12c86d18fb6db4bef6185bf42a5e09e7eac7c108762f1d24,10405,,,true
P04_BLACK_S_000005,P04,BLACK,S,image_000005.jpg,training/P04/BLACK/S/images/image_000005.jpg,b233c9b26d6b357ac40a1d316c25ce0aee50d7cd14df83f5e9e09250aacf1121,10434,,,true
P04_BLACK_S_000006,P04,BLACK,S,image_000006.jpg,training/P04/BLACK/S/images/image_000006.jpg,6edfb94cf2507330d5170cc65eb6fa00deac3ec0819b5321e36dc72ca6b3697f,11148,,,true
P04_BLACK_S_000007,P04,BLACK,S,image_000007.jpg,training/P04/BLACK/S/images/image_000007.jpg,c7c358c256b359b66473c3622496ef077784169b684ddf234298651205e4b3bd,11632,,,true
P04_BLACK_S_000008,P04,BLACK,S,image_000008.jpg,training/P04/BLACK/S/images/image_000008.jpg,efe365e8cca028cbb695c30278194cc3c8440ea718c86ed4d9957e5a60c49cb2,11680,,,true
P04_BLACK_S_000009,P04,BLACK,S,image_000009.jpg,training/P04/BLACK/S/images/image_000009.jpg,9137a3fece6dcfd5cbee5b10beb7cde011289fac6732359a06e1f2e53ec14e80,11436,,,true
P04_BLACK_S_000010,P04,BLACK,S,image_000010.jpg,training/P04/BLACK/S/images/image_000010.jpg,f71459019630fbefce808a9704e0ed82405f0ebc35372b08eeafd377b4fc1095,11389,,,true
P04_BLACK_S_000011,P04,BLACK,S,image_000011.jpg,training/P04/BLACK/S/images/image_000011.jpg,6ce9c8287b4dd3e1ac11d7d146ee1f58ffbd5a1456785e5b16f4479f6c50b962,11280,,,true
P04_BLACK_S_000012,P04,BLACK,S,image_000012.jpg,training/P04/BLACK/S/images/image_000012.jpg,c047a19f0b030c57954c5cd301d17113e38ae5870056e06ebcf9a73c028d7bf4,11461,,,true
P04_BLACK_S_000013,P04,BLACK,S,image_000013.jpg,training/P04/BLACK/S/images/image_000013.jpg,5d8688c38a317524f3c699beb490ec750ff771b5bb967baca3657b7cb7b698ed,11168,,,true
P04_BLACK_S_000014,P04,BLACK,S,image_000014.jpg,training/P04/BLACK/S/images/image_000014.jpg,b49705e8f90a9077246e402a00afd647534b3884b586c61317d8c8831d900583,10832,,,true
P04_BLACK_S_000015,P04,BLACK,S,image_000015.jpg,training/P04/BLACK/S/images/image_000015.jpg,1bb8ade08528feec2f85cb5809b3d3bef4a86f6049aba6f5188e435e51da7d48,10366,,,true
P04_BLACK_S_000016,P04,BLACK,S,image_000016.jpg,training/P04/BLACK/S/images/image_000016.jpg,fc64c95b365d6b9afd962bae58432ec5b87d8bb662bfa1e162dd17026c428ca7,11245,,,true
P04_BLACK_S_000017,P04,BLACK,S,image_000017.jpg,training/P04/BLACK/S/images/image_000017.jpg,aca21daa3092ebd16147c1656ca354412cd4743eaa9776643f1065dcfe60d96e,11226,,,true
P04_BLACK_S_000018,P04,BLACK,S,image_000018.jpg,training/P04/BLACK/S/images/image_000018.jpg,e497382cd037baf8f322c19e3db29c63c3cf99ac74487cf551c69089d1b6d9c9,11834,,,true
P04_BLACK_S_000019,P04,BLACK,S,image_000019.jpg,training/P04/BLACK/S/images/image_000019.jpg,deff53f5481615a0bd211bbdf126aa87dca74a91d893d0f37e66a4fc961ec986,11266,,,true
P04_BLACK_S_000020,P04,BLACK,S,image_000020.jpg,training/P04/BLACK/S/images/image_000020.jpg,6c704d917342814f83255639da2120e1d444105090554a49b1cfaf8d6ec0f66d,11380,,,true
P04_BLACK_S_000021,P04,BLACK,S,image_000021.jpg,training/P04/BLACK/S/images/image_000021.jpg,a645d1f38d8a97ce74ef7ad33a46427bf35d9be034c850dc014bf42ef7b57d30,11634,,,true
P04_BLACK_S_000022,P04,BLACK,S,image_000022.jpg,training/P04/BLACK/S/images/image_000022.jpg,c9c34aa6cad7852e155b151a474b51972333ab37e09f812643aaa30783a97c77,11526,,,true
P04_BLACK_S_000023,P04,BLACK,S,image_000023.jpg,training/P04/BLACK/S/images/image_000023.jpg,ff3dbfc032a1adab9fdd6a3268a02d8d6c8690515cf6e7ff5ff50a42b5977029,11679,,,true
P04_BLACK_S_000024,P04,BLACK,S,image_000024.jpg,training/P04/BLACK/S/images/image_000024.jpg,00f20fc2fac1439935731c054bc4472fbdea087c861555ef077453b29f8969f4,11032,,,true
P04_BLACK_S_000025,P04,BLACK,S,image_000025.jpg,training/P04/BLACK/S/images/image_000025.jpg,705354bec1ce6065b806c72dd5fbfba400c6b868b7419bcda641e6a4fd795641,11706,,,true
P04_BLACK_T_000001,P04,BLACK,T,image_000001.jpg,training/P04/BLACK/T/images/image_000001.jpg,7dbe02cce32339bd740746ef0f8d589b643882c3daee79d03e95f63bcc3f2fc0,6738,,,true
P04_BLACK_T_000002,P04,BLACK,T,image_000002.jpg,training/P04/BLACK/T/images/image_000002.jpg,500c8cacf3e0653f7e2c7d3fc00c992e14802903712843633dc92738f9d0d583,11253,,,true
P04_BLACK_T_000003,P04,BLACK,T,image_000003.jpg,training/P04/BLACK/T/images/image_000003.jpg,c5c5db778150fea19b2cfa91b48a2a2aaf483a7767e5ba5dded73bd9616ec3d9,10855,,,true
P04_BLACK_T_000004,P04,BLACK,T,image_000004.jpg,training/P04/BLACK/T/images/image_000004.jpg,4843b7dd238e31715c3d758590c15de12757b0ec7bff06819332d1acae9e4fe2,10663,,,true
P04_BLACK_T_000005,P04,BLACK,T,image_000005.jpg,training/P04/BLACK/T/images/image_000005.jpg,508655709d3a3d443e6d75c5b0d2b369d05ec015eb0edde87bff2a9768c7ff6b,11277,,,true
P04_BLACK_T_000006,P04,BLACK,T,image_000006.jpg,training/P04/BLACK/T/images/image_000006.jpg,893ee5004b625a13f03e215bb0ea2b5460d5d390ac0ac13a14b97dafd5d5342f,11123,,,true
P04_BLACK_T_000007,P04,BLACK,T,image_000007.jpg,training/P04/BLACK/T/images/image_000007.jpg,88ff3ae28e92d2404aea74f3c3c5785e837dd2d40a485bb00defcd023ad279ea,11116,,,true
P04_BLACK_T_000008,P04,BLACK,T,image_000008.jpg,training/P04/BLACK/T/images/image_000008.jpg,465bc5c7e46c4a0a96317b56c2cd156eae37fa20b5951ca8f6ff20dd65007657,11006,,,true
P04_BLACK_T_000009,P04,BLACK,T,image_000009.jpg,training/P04/BLACK/T/images/image_000009.jpg,9622ac89f0313232cf9ac340a19653a12f514d1a3cbe36926885306f8aaac0cf,10612,,,true
P04_BLACK_T_000010,P04,BLACK,T,image_000010.jpg,training/P04/BLACK/T/images/image_000010.jpg,d7b970ea720edad1f71df650e8ced9c1642de300fa0cd78866a3fa806436386e,11483,,,true
P04_BLACK_T_000011,P04,BLACK,T,image_000011.jpg,training/P04/BLACK/T/images/image_000011.jpg,aa66f48a9152031df6177a5313f59b602e2357bcfe8ec60579d214f03e6f4252,11357,,,true
P04_BLACK_T_000012,P04,BLACK,T,image_000012.jpg,training/P04/BLACK/T/images/image_000012.jpg,e27e9f8755f7d28d12b14ea2048af3634d273bb91cf727d912d8c1d38877464b,11860,,,true
P04_BLACK_T_000013,P04,BLACK,T,image_000013.jpg,training/P04/BLACK/T/images/image_000013.jpg,8205b8c80eb3b342371a37ed9dc6258d330e99d2030409d26550bd5ff26f3c1e,11899,,,true
P04_BLACK_T_000014,P04,BLACK,T,image_000014.jpg,training/P04/BLACK/T/images/image_000014.jpg,52159e211144635e14351eb8b2682c022a5ffcee5dda6a90e12627c76f849fde,11821,,,true
P04_BLACK_T_000015,P04,BLACK,T,image_000015.jpg,training/P04/BLACK/T/images/image_000015.jpg,a80ae684ac2616b11ee3f7de4c123bc8c180acdd142ca21d2b40674a3df51d5a,11742,,,true
P04_BLACK_T_000016,P04,BLACK,T,image_000016.jpg,training/P04/BLACK/T/images/image_000016.jpg,ecf67eb02bdf526a774e4f0ed4bfe103af03fb9c9a7dd1ae175e02f0db5e0c4c,10841,,,true
P04_BLACK_T_000017,P04,BLACK,T,image_000017.jpg,training/P04/BLACK/T/images/image_000017.jpg,13ac3536f95189c4c0297e5e2e4ccb0fadccaab69e215ee3ba01c39aefeecc76,11161,,,true
P04_BLACK_T_000018,P04,BLACK,T,image_000018.jpg,training/P04/BLACK/T/images/image_000018.jpg,5e991603b92a1934392928dc1909775aaee2de880bcc212c770b6a08d710885c,11007,,,true
P04_BLACK_T_000019,P04,BLACK,T,image_000019.jpg,training/P04/BLACK/T/images/image_000019.jpg,051c0f5ca6a8df2f817a4adb9bda2089a129e286f46ed461568a4807fbc36bda,11218,,,true
P04_BLACK_T_000020,P04,BLACK,T,image_000020.jpg,training/P04/BLACK/T/images/image_000020.jpg,8b1372893c917cd7e88c4301192e1acc064a4cb99a1ec77343b383eb106e37a2,11106,,,true
P04_BLACK_T_000021,P04,BLACK,T,image_000021.jpg,training/P04/BLACK/T/images/image_000021.jpg,1fc317d8fa24829e60782fc94e9ed40dd8526cb905c81d79bdf1373bf74aadfa,11387,,,true
P04_BLACK_T_000022,P04,BLACK,T,image_000022.jpg,training/P04/BLACK/T/images/image_000022.jpg,6713290a1e62047a079c6a432875f67d48b462191c15b9d1520a346cdcda1f81,11533,,,true
P04_BLACK_T_000023,P04,BLACK,T,image_000023.jpg,training/P04/BLACK/T/images/image_000023.jpg,59cee0e8289af49cdab97b100edb5f3c0f687f5ebdbdf06abd7296f716d54acb,11580,,,true
P04_BLACK_T_000024,P04,BLACK,T,image_000024.jpg,training/P04/BLACK/T/images/image_000024.jpg,c1da065a7efa43daefa2283906f0b7c7b40ebd7cc6f839a51d4db9a136576667,11488,,,true
P04_BLACK_T_000025,P04,BLACK,T,image_000025.jpg,training/P04/BLACK/T/images/image_000025.jpg,5b343f403626e59a04cfb7d0a60eeb61b0b40cca4e177c62ef1ac1a78b38dea5,6599,,,true
P04_BLACK_U_000001,P04,BLACK,U,image_000001.jpg,training/P04/BLACK/U/images/image_000001.jpg,51c8e238e0df580bf1512a6e1489c2fbd3916f25b36f97af6e0d87eab85fb0f4,7236,,,true
P04_BLACK_U_000002,P04,BLACK,U,image_000002.jpg,training/P04/BLACK/U/images/image_000002.jpg,921aecb9e9646665d7028f934a748bf684cad4d9c5ce9682ec91eb75e50ebd6f,11662,,,true
P04_BLACK_U_000003,P04,BLACK,U,image_000003.jpg,training/P04/BLACK/U/images/image_000003.jpg,1b238683265f5ceb5cca26c20aefeaf9a6ba1e987bc18accde43e5cbf0b79134,11606,,,true
P04_BLACK_U_000004,P04,BLACK,U,image_000004.jpg,training/P04/BLACK/U/images/image_000004.jpg,4401ee0b1fe857e5ca6a1fac0121ef59718f77009d4260a78e074f86d8ee7cad,11921,,,true
P04_BLACK_U_000005,P04,BLACK,U,image_000005.jpg,training/P04/BLACK/U/images/image_000005.jpg,ea20ee1990a6382c71f44b5bebc51949a900715e1498e72dc019a3d7744f421c,11643,,,true
P04_BLACK_U_000006,P04,BLACK,U,image_000006.jpg,training/P04/BLACK/U/images/image_000006.jpg,ff9ac9fd0f6558fce966498bdc9cb170cd8d8ef04f1554b96832f07cded2d101,11469,,,true
P04_BLACK_U_000007,P04,BLACK,U,image_000007.jpg,training/P04/BLACK/U/images/image_000007.jpg,bdf5d89094d84edb5ae8ff6ec9e2b2cc15674eb3e5976c3b13f044ef2f12eb3e,11077,,,true
P04_BLACK_U_000008,P04,BLACK,U,image_000008.jpg,training/P04/BLACK/U/images/image_000008.jpg,5453454cab2d464dcb61e9e69a67edcd900d4266a90e4003d29bf54692b7dc86,11280,,,true
P04_BLACK_U_000009,P04,BLACK,U,image_000009.jpg,training/P04/BLACK/U/images/image_000009.jpg,13bd86b1d9e1b9f114b416e3c434ad4a3be3508269ab840cd41bf81096d23cfb,10286,,,true
P04_BLACK_U_000010,P04,BLACK,U,image_000010.jpg,training/P04/BLACK/U/images/image_000010.jpg,85e447f619641ff4e9fada518f96848e5fa95361620e1945d4f7d41ab0990ab8,10733,,,true
P04_BLACK_U_000011,P04,BLACK,U,image_000011.jpg,training/P04/BLACK/U/images/image_000011.jpg,5140b9b8e457840a7a939d219ebbac8ed204d30f20e18f153ab50378a6b6597f,10454,,,true
P04_BLACK_U_000012,P04,BLACK,U,image_000012.jpg,training/P04/BLACK/U/images/image_000012.jpg,33da4713ccfdeef39b70bdaa4166abe936b01fce9f6037395f0acc946b7693f7,10353,,,true
P04_BLACK_U_000013,P04,BLACK,U,image_000013.jpg,training/P04/BLACK/U/images/image_000013.jpg,108d99a0f73761eb48805bc56554c48315ad1544a29c08387d791376d6ce8435,11085,,,true
P04_BLACK_U_000014,P04,BLACK,U,image_000014.jpg,training/P04/BLACK/U/images/image_000014.jpg,02ad026fe23ee5bf03541ef3580f16ab311bb06ed8ce0a145750f0656889402d,10769,,,true
P04_BLACK_U_000015,P04,BLACK,U,image_000015.jpg,training/P04/BLACK/U/images/image_000015.jpg,473b898778294bc149f2f37ce13f402439e6ee4c0f1119e7df3dd1bb06330efe,10841,,,true
P04_BLACK_U_000016,P04,BLACK,U,image_000016.jpg,training/P04/BLACK/U/images/image_000016.jpg,95661d69f9310fff43d36e18f74bf575069a09103d73aa55cfde1ad0fa5d34b1,10836,,,true
P04_BLACK_U_000017,P04,BLACK,U,image_000017.jpg,training/P04/BLACK/U/images/image_000017.jpg,b6221585cab475ee2db7ee98c1eaddcf9fd07b4ccf29b5b470132a644c352c97,11555,,,true
P04_BLACK_U_000018,P04,BLACK,U,image_000018.jpg,training/P04/BLACK/U/images/image_000018.jpg,aab6ab58a96ee2dcae997155b0d46216e850b1f5141b68fe499bfd0568bea78f,10179,,,true
P04_BLACK_U_000019,P04,BLACK,U,image_000019.jpg,training/P04/BLACK/U/images/image_000019.jpg,241f9ba29abf4a9c0f0c742057b97d64124112d1e06ad55ac0fa51967f827d13,10460,,,true
P04_BLACK_U_000020,P04,BLACK,U,image_000020.jpg,training/P04/BLACK/U/images/image_000020.jpg,d1fa598b03cf41a9242209fc7e090ed6b8b188cfb3c9f70a053d9919fa820452,10421,,,true
P04_BLACK_U_000021,P04,BLACK,U,image_000021.jpg,training/P04/BLACK/U/images/image_000021.jpg,32195073f6b61c2d5cfb307500f51e6bebb0de3eb45e33e57f46d5334e2c180d,10438,,,true
P04_BLACK_U_000022,P04,BLACK,U,image_000022.jpg,training/P04/BLACK/U/images/image_000022.jpg,2ed0d6f26d216874795ffb065e332a8aa16f176febc490cdeacc31c76e373d34,10725,,,true
P04_BLACK_U_000023,P04,BLACK,U,image_000023.jpg,training/P04/BLACK/U/images/image_000023.jpg,8ef35c8ed542df3060798c342c8267f55b4b707aed4a86c9d4f517844a335fa4,10758,,,true
P04_BLACK_U_000024,P04,BLACK,U,image_000024.jpg,training/P04/BLACK/U/images/image_000024.jpg,2953af321b73252647bc5e245964bfec82fd53f1f00f2eefa46308028814791a,10668,,,true
P04_BLACK_U_000025,P04,BLACK,U,image_000025.jpg,training/P04/BLACK/U/images/image_000025.jpg,3da11561e1cd8536bc25a9e5994b9517bc5cf5b3337907e3a3c3054ea0907784,6313,,,true
P04_BLACK_V_000001,P04,BLACK,V,image_000001.jpg,training/P04/BLACK/V/images/image_000001.jpg,f41bb1730bd4441b1c71170db4c089a7cfb87027a02f5dd4f7d94f78307bed60,6611,,,true
P04_BLACK_V_000002,P04,BLACK,V,image_000002.jpg,training/P04/BLACK/V/images/image_000002.jpg,3cad2cd228e746adbca476055d8cac4d7c854ca2e436f3e387702bde1668e40d,10511,,,true
P04_BLACK_V_000003,P04,BLACK,V,image_000003.jpg,training/P04/BLACK/V/images/image_000003.jpg,fa74acbcee065d0e3a55c8fee31d3d372810e5fcded6b9d4834172786fcab4c0,10807,,,true
P04_BLACK_V_000004,P04,BLACK,V,image_000004.jpg,training/P04/BLACK/V/images/image_000004.jpg,8d366d6944cf789c34aca6f090860229a93c8e9a022b69ff12f4ac93b48e02d7,10772,,,true
P04_BLACK_V_000005,P04,BLACK,V,image_000005.jpg,training/P04/BLACK/V/images/image_000005.jpg,8fc7adc93397cf657a27b0de3d6a57e810e0f56c839ce858f2e17c1071aa763a,10536,,,true
P04_BLACK_V_000006,P04,BLACK,V,image_000006.jpg,training/P04/BLACK/V/images/image_000006.jpg,88490ad4557a993411456c0923b2a11fd8486d680e056c2e37383d22f3dfd815,11337,,,true
P04_BLACK_V_000007,P04,BLACK,V,image_000007.jpg,training/P04/BLACK/V/images/image_000007.jpg,5629684a05b1efe6752a8e1459674872f9e470ca82d5e37861fc6554160abd93,11544,,,true
P04_BLACK_V_000008,P04,BLACK,V,image_000008.jpg,training/P04/BLACK/V/images/image_000008.jpg,ef4f96be5d25c85587ff48edec4a9c3e6783939123ea0067d2c1e7cfc5993ca0,11394,,,true
P04_BLACK_V_000009,P04,BLACK,V,image_000009.jpg,training/P04/BLACK/V/images/image_000009.jpg,23ea26d7cc25f8c1ee1ae278729c79f0022588ed75d62a37d0f510072255331a,11440,,,true
P04_BLACK_V_000010,P04,BLACK,V,image_000010.jpg,training/P04/BLACK/V/images/image_000010.jpg,002daf2194f161baa755028c73f4a2238a8d021e81bb91f0d3ba307370eeeb13,11253,,,true
P04_BLACK_V_000011,P04,BLACK,V,image_000011.jpg,training/P04/BLACK/V/images/image_000011.jpg,8fcbb0b695e6a7588443190820734d9c45c915c3cb1d1c0397696991fb5a5deb,11418,,,true
P04_BLACK_V_000012,P04,BLACK,V,image_000012.jpg,training/P04/BLACK/V/images/image_000012.jpg,24500bb30c645615f70d56a1e527267c8ab1b2ab2fd773356c12a31a117ce556,11553,,,true
P04_BLACK_V_000013,P04,BLACK,V,image_000013.jpg,training/P04/BLACK/V/images/image_000013.jpg,660facd664c32a7c3abbb781ff3ec6b390030e14915c6716636dfedd16ca5b82,11223,,,true
P04_BLACK_V_000014,P04,BLACK,V,image_000014.jpg,training/P04/BLACK/V/images/image_000014.jpg,24ee0b80cc8926717cad76aefa6ebadb39082d0fe882801cba8d1e9a6a7477f9,10327,,,true
P04_BLACK_V_000015,P04,BLACK,V,image_000015.jpg,training/P04/BLACK/V/images/image_000015.jpg,c7e27a57f495565bbd01781b8d3fdb2599445a5300cc4453b861ea0fd8571f80,10278,,,true
P04_BLACK_V_000016,P04,BLACK,V,image_000016.jpg,training/P04/BLACK/V/images/image_000016.jpg,59924ef57dc8c3148bca47ff7793b60b187720a07a9ed63860553174658c87d5,10236,,,true
P04_BLACK_V_000017,P04,BLACK,V,image_000017.jpg,training/P04/BLACK/V/images/image_000017.jpg,fdeccbd3e8a9729c997a560230d5f31d9665907abad79374c72960aba5aeecb7,10307,,,true
P04_BLACK_V_000018,P04,BLACK,V,image_000018.jpg,training/P04/BLACK/V/images/image_000018.jpg,e4744b9d8ee327e6064f9279c6c2478ace2465f5d04902e050d180969eabaff1,10646,,,true
P04_BLACK_V_000019,P04,BLACK,V,image_000019.jpg,training/P04/BLACK/V/images/image_000019.jpg,6f08b13f14f56848ad00beba99857375a69853c83e278aba56ebc6e725c1b67e,10789,,,true
P04_BLACK_V_000020,P04,BLACK,V,image_000020.jpg,training/P04/BLACK/V/images/image_000020.jpg,598cec88308886684322e4e5eb70a769352f0937fbe87bf4884e5a078ad609c8,10501,,,true
P04_BLACK_V_000021,P04,BLACK,V,image_000021.jpg,training/P04/BLACK/V/images/image_000021.jpg,6f4c568906f9c23c9d75c4398906a5ea46a59bda670e486309cfa8dfd1625004,10835,,,true
P04_BLACK_V_000022,P04,BLACK,V,image_000022.jpg,training/P04/BLACK/V/images/image_000022.jpg,fd2915b30a52157a45ac182ee0329f1e0002f300e42f3e731fb2f539c3a8c354,10724,,,true
P04_BLACK_V_000023,P04,BLACK,V,image_000023.jpg,training/P04/BLACK/V/images/image_000023.jpg,54b25f53e0fdfd18eed59d8112d82599e4cb9f04d8f9682d05cf93e9d98c6316,10626,,,true
P04_BLACK_V_000024,P04,BLACK,V,image_000024.jpg,training/P04/BLACK/V/images/image_000024.jpg,d6c6f7fd141350dd2f33f403af39a0f3e281873ed89914e0eb04336a80b1fb6c,10339,,,true
P04_BLACK_V_000025,P04,BLACK,V,image_000025.jpg,training/P04/BLACK/V/images/image_000025.jpg,c50770c3cf8d96c1b4d5791272748ad319aafcd1fd710ff8afd682f09f610b26,10505,,,true
P04_BLACK_W_000001,P04,BLACK,W,image_000001.jpg,training/P04/BLACK/W/images/image_000001.jpg,2741cc2a92c1324440e6b7c1a083459fb0f22ddf9f7e6c4d5cd777391d4018a2,5929,,,true
P04_BLACK_W_000002,P04,BLACK,W,image_000002.jpg,training/P04/BLACK/W/images/image_000002.jpg,289e1185d13a2d8c1aac80aba5fbc380f85c5789be89caaac9f121625a65d914,6551,,,true
P04_BLACK_W_000003,P04,BLACK,W,image_000003.jpg,training/P04/BLACK/W/images/image_000003.jpg,48288eccddeee9d1361e313e3bfcdd048bbee1232e7dad14619e57e560119f5c,5637,,,true
P04_BLACK_W_000004,P04,BLACK,W,image_000004.jpg,training/P04/BLACK/W/images/image_000004.jpg,f39e3baf5b4f981d356396c3a6e685f4f03540a8a8f8fbf6ef541852c5c0ede0,6042,,,true
P04_BLACK_W_000005,P04,BLACK,W,image_000005.jpg,training/P04/BLACK/W/images/image_000005.jpg,4efedeb164934cb4cb44a39f2b5846f2ce04c101f6897ed840efa6427feb8c23,11211,,,true
P04_BLACK_W_000006,P04,BLACK,W,image_000006.jpg,training/P04/BLACK/W/images/image_000006.jpg,2330ab16c731854928e987093ac928c5662728c2ea9e5107a3818f34800cc9f6,11100,,,true
P04_BLACK_W_000007,P04,BLACK,W,image_000007.jpg,training/P04/BLACK/W/images/image_000007.jpg,4fb74cae536c84eb0f08aa462a6235d2dc4a852ba5d0e8e7c55507af6619ad19,11195,,,true
P04_BLACK_W_000008,P04,BLACK,W,image_000008.jpg,training/P04/BLACK/W/images/image_000008.jpg,3c286f6fd255f8496417221ff5deab0ac1bd21a0162056290c086ca9a0cd8e90,11221,,,true
P04_BLACK_W_000009,P04,BLACK,W,image_000009.jpg,training/P04/BLACK/W/images/image_000009.jpg,b8b1b7303913bbda86af1f4dfae4e3c7396f6c4e551a581ba9e041e4c98fd458,10951,,,true
P04_BLACK_W_000010,P04,BLACK,W,image_000010.jpg,training/P04/BLACK/W/images/image_000010.jpg,b6e78487ff1fecde26568e719d733829baa8b7a7e4fb17a0a4a16d5ac72ed380,11014,,,true
P04_BLACK_W_000011,P04,BLACK,W,image_000011.jpg,training/P04/BLACK/W/images/image_000011.jpg,f006bf2affc2effedbce0a7ff49200ebf6138f9bbfbec052d5bfd5bb33954d55,10087,,,true
P04_BLACK_W_000012,P04,BLACK,W,image_000012.jpg,training/P04/BLACK/W/images/image_000012.jpg,1102afdb87a41dd48d2e93c26281459d65a54a545517501177f9aa753a42d1bd,10247,,,true
P04_BLACK_W_000013,P04,BLACK,W,image_000013.jpg,training/P04/BLACK/W/images/image_000013.jpg,4448161f0cdac3c90b3a8cca690699634a9e3a1b5e959a1eebf39c53fff911b4,10285,,,true
P04_BLACK_W_000014,P04,BLACK,W,image_000014.jpg,training/P04/BLACK/W/images/image_000014.jpg,ba49a4b810366c26cc6c1f0702b0ebc392c24add4a3bf7e1398392cc85233e60,10320,,,true
P04_BLACK_W_000015,P04,BLACK,W,image_000015.jpg,training/P04/BLACK/W/images/image_000015.jpg,8b13f3a99d4a1f1740cbe404aec3ff3cffd3694cfc296e5e9e0b4f515ac84543,10221,,,true
P04_BLACK_W_000016,P04,BLACK,W,image_000016.jpg,training/P04/BLACK/W/images/image_000016.jpg,4039e0c80d209b7e256348aa920f700d5e3bb7295711b72186a910e2d3642771,10158,,,true
P04_BLACK_W_000017,P04,BLACK,W,image_000017.jpg,training/P04/BLACK/W/images/image_000017.jpg,b10061eaa64d28c393fc29d27add70ef4f99e942752d6d53de49cfe2d7f0c298,10774,,,true
P04_BLACK_W_000018,P04,BLACK,W,image_000018.jpg,training/P04/BLACK/W/images/image_000018.jpg,693e1ce07644e3a4d0ef37d9f4e45c1f80488cb4cf8c9931db7bb0f2e6b74ced,10864,,,true
P04_BLACK_W_000019,P04,BLACK,W,image_000019.jpg,training/P04/BLACK/W/images/image_000019.jpg,f6c65609231f71dcf0b4468ad0873194308971c7472b31d13df66f7b9602106a,10702,,,true
P04_BLACK_W_000020,P04,BLACK,W,image_000020.jpg,training/P04/BLACK/W/images/image_000020.jpg,e6d5e6ab2126bae191dbaa075af805df94177c48da21e2ef86258354227aecc3,10365,,,true
P04_BLACK_W_000021,P04,BLACK,W,image_000021.jpg,training/P04/BLACK/W/images/image_000021.jpg,cc80437afa8aba42d568cad8afbd081f684083ef39ab026cbdb424101502bd50,10499,,,true
P04_BLACK_W_000022,P04,BLACK,W,image_000022.jpg,training/P04/BLACK/W/images/image_000022.jpg,5ab009e12a746c3fe85e648e393786ba741569cc939404c787768ee32c2d65ed,10594,,,true
P04_BLACK_W_000023,P04,BLACK,W,image_000023.jpg,training/P04/BLACK/W/images/image_000023.jpg,3aad383dcc0b98d2cfa3ae71747f056a44ac0292eabccef0a619a7b33836ba96,10437,,,true
P04_BLACK_W_000024,P04,BLACK,W,image_000024.jpg,training/P04/BLACK/W/images/image_000024.jpg,32651fda6fbc8e608ead154e79e9be877b952405d1723ab18a9e50ec71323e45,10411,,,true
P04_BLACK_W_000025,P04,BLACK,W,image_000025.jpg,training/P04/BLACK/W/images/image_000025.jpg,f817472b859f9cafef729ef0860f6bd164960ff05f9d36f00e8970dbdf1b3bd8,10534,,,true
P04_BLACK_Y_000001,P04,BLACK,Y,image_000001.jpg,training/P04/BLACK/Y/images/image_000001.jpg,dae22b74fd403b9fdf6cb86f9deeeae523b9082f3ef6042280da0d79f01eaeb7,5773,,,true
P04_BLACK_Y_000002,P04,BLACK,Y,image_000002.jpg,training/P04/BLACK/Y/images/image_000002.jpg,07c14b05af66e254f6580e16711bffc4aa94469977578c1632ec029a06f75c07,10061,,,true
P04_BLACK_Y_000003,P04,BLACK,Y,image_000003.jpg,training/P04/BLACK/Y/images/image_000003.jpg,cfc28788a435e81d65d39651c57c51d4fd1e40aed872fae1db78ff37004099e6,10106,,,true
P04_BLACK_Y_000004,P04,BLACK,Y,image_000004.jpg,training/P04/BLACK/Y/images/image_000004.jpg,421ef94941189250a21b3ca6320e2eac6a95c89bec95363aeda9dfb1afed8732,10481,,,true
P04_BLACK_Y_000005,P04,BLACK,Y,image_000005.jpg,training/P04/BLACK/Y/images/image_000005.jpg,7f143d8e6cb7f9e25e34f759acebe4b5867c9ef27154341a45bcd95efd715958,10701,,,true
P04_BLACK_Y_000006,P04,BLACK,Y,image_000006.jpg,training/P04/BLACK/Y/images/image_000006.jpg,1c68bb70247a098b871e8720283e892f9fe5050357b9d66cc36e5c39f6b80bbd,10634,,,true
P04_BLACK_Y_000007,P04,BLACK,Y,image_000007.jpg,training/P04/BLACK/Y/images/image_000007.jpg,961cdd7721d3367ded0874e87c69eaba3c2357f488017dd2c673cca16c8e6028,10833,,,true
P04_BLACK_Y_000008,P04,BLACK,Y,image_000008.jpg,training/P04/BLACK/Y/images/image_000008.jpg,cba7aba38e22453e82396cde347ae89130c792cecfc3adac2e2babcc2c0f99cf,11035,,,true
P04_BLACK_Y_000009,P04,BLACK,Y,image_000009.jpg,training/P04/BLACK/Y/images/image_000009.jpg,10dc356d4c2a00420555b1f7e3da387c5a9529c05426651bd7fd4406a2742de9,10918,,,true
P04_BLACK_Y_000010,P04,BLACK,Y,image_000010.jpg,training/P04/BLACK/Y/images/image_000010.jpg,838eea9fba0511bf5093080936a4899f9291a34a9ed4a725e8d9dd1e55701a1e,11007,,,true
P04_BLACK_Y_000011,P04,BLACK,Y,image_000011.jpg,training/P04/BLACK/Y/images/image_000011.jpg,4f71310e5c7994d43069416c7bbb285698584cd8703d0c042d57d36030085872,11029,,,true
P04_BLACK_Y_000012,P04,BLACK,Y,image_000012.jpg,training/P04/BLACK/Y/images/image_000012.jpg,f705d5a735a76b11f0d6a0c866fc851bd61cdfa1c206bf9b640ce57d3f8e6cc7,10792,,,true
P04_BLACK_Y_000013,P04,BLACK,Y,image_000013.jpg,training/P04/BLACK/Y/images/image_000013.jpg,e41c764574d23c20f3f81689b618dc449f3eedd5f9a10435d7c7d43525a9a1a8,10878,,,true
P04_BLACK_Y_000014,P04,BLACK,Y,image_000014.jpg,training/P04/BLACK/Y/images/image_000014.jpg,72896dd31225b37ec8b93d9a4bfc8e9438181faabefb5bce3b94637887b25cc5,10854,,,true
P04_BLACK_Y_000015,P04,BLACK,Y,image_000015.jpg,training/P04/BLACK/Y/images/image_000015.jpg,160e675446756bcfa12bea4e0edfc162c9ddba3e8d6f8e1108a24cff4069b814,10853,,,true
P04_BLACK_Y_000016,P04,BLACK,Y,image_000016.jpg,training/P04/BLACK/Y/images/image_000016.jpg,d45a32b3775e2e69d12b0368fc0038cf5e3af6038d24a395b374a95faa6c08dc,10659,,,true
P04_BLACK_Y_000017,P04,BLACK,Y,image_000017.jpg,training/P04/BLACK/Y/images/image_000017.jpg,e0c814760873d54b45ecea5f2eb4f2fe3a6c87b86f35ae9fdc6a4c6b5b546992,11143,,,true
P04_BLACK_Y_000018,P04,BLACK,Y,image_000018.jpg,training/P04/BLACK/Y/images/image_000018.jpg,736ade0cc1576a2a6887d9e3f87e04c98dfb7e5990986a900eccf7eee0183a4d,10966,,,true
P04_BLACK_Y_000019,P04,BLACK,Y,image_000019.jpg,training/P04/BLACK/Y/images/image_000019.jpg,1176aefcb076a11011fcd312fa7dc586bdabf10a8846cb8f5d5727b44d73361f,10704,,,true
P04_BLACK_Y_000020,P04,BLACK,Y,image_000020.jpg,training/P04/BLACK/Y/images/image_000020.jpg,1d996677d17503781ceaf29d0753b424402db377eb2838f3fd8d0434e28fb6cd,10681,,,true
P04_BLACK_Y_000021,P04,BLACK,Y,image_000021.jpg,training/P04/BLACK/Y/images/image_000021.jpg,c91b6eeccb338f6b2b71cf012a11cdc194cf2235b57a14d78c1f57cc95b310a3,11033,,,true
P04_BLACK_Y_000022,P04,BLACK,Y,image_000022.jpg,training/P04/BLACK/Y/images/image_000022.jpg,ca51ff16d49e0084aeb4d06959708307884accd6ea9447e1ee3fb8d71cc3cdc9,5434,,,true
P04_BLACK_Y_000023,P04,BLACK,Y,image_000023.jpg,training/P04/BLACK/Y/images/image_000023.jpg,37b5e6013072eb186e085dde63a9a77d0f33e20fc3f6aa69920a8e6dd0d1eaf5,6460,,,true
P04_BLACK_Y_000024,P04,BLACK,Y,image_000024.jpg,training/P04/BLACK/Y/images/image_000024.jpg,b8f4c439de2020c478e3063b29729c7bee9fb3d46ae7fbdca6d97ef7c3c36208,6416,,,true
P04_BLACK_Y_000025,P04,BLACK,Y,image_000025.jpg,training/P04/BLACK/Y/images/image_000025.jpg,78b07b360b64668945429531c31c313113bdd82bfa502350c8890bfae055bc41,6449,,,true
P04_BLUE_A_000001,P04,BLUE,A,image_000001.jpg,training/P04/BLUE/A/images/image_000001.jpg,a5621156ade8d9e8b3f23883c658aa897e4fdae22a35107474a474e2b159340d,8770,,,true
P04_BLUE_A_000002,P04,BLUE,A,image_000002.jpg,training/P04/BLUE/A/images/image_000002.jpg,eaa7dad2990a80e750c0838e6d0e6b8ae9577d1eca38deb5797ec3f453879bed,7836,,,true
P04_BLUE_A_000003,P04,BLUE,A,image_000003.jpg,training/P04/BLUE/A/images/image_000003.jpg,3059f8ad3cee7e2c1e1adaf18662bdea33fea191ce4590cdecf1b12cf7545397,8273,,,true
P04_BLUE_A_000004,P04,BLUE,A,image_000004.jpg,training/P04/BLUE/A/images/image_000004.jpg,32c451367d1c05c53f8b96c980bf003506c6698152e55869cd859f14849a18af,7718,,,true
P04_BLUE_A_000005,P04,BLUE,A,image_000005.jpg,training/P04/BLUE/A/images/image_000005.jpg,ba959eceafa245d09fb6efaa75273ae776eed52ed9f6c878a3d0fe862443f7e8,7737,,,true
P04_BLUE_A_000006,P04,BLUE,A,image_000006.jpg,training/P04/BLUE/A/images/image_000006.jpg,356a7034cec6ce81d062a4f90321dc6adf4ee7b782e3b6c862e7fe1e283b5ea2,7736,,,true
P04_BLUE_A_000007,P04,BLUE,A,image_000007.jpg,training/P04/BLUE/A/images/image_000007.jpg,d4ca11d5d1427fdb74ed7696dbb27379d09741ad61b3b5f1cf7260e892462600,7723,,,true
P04_BLUE_A_000008,P04,BLUE,A,image_000008.jpg,training/P04/BLUE/A/images/image_000008.jpg,eaa7dad2990a80e750c0838e6d0e6b8ae9577d1eca38deb5797ec3f453879bed,7836,,,true
P04_BLUE_A_000009,P04,BLUE,A,image_000009.jpg,training/P04/BLUE/A/images/image_000009.jpg,7f9e6a4727adae78b2585ae9f17e5413d7a5b01023b3ee687ff8f05b629e2516,7725,,,true
P04_BLUE_A_000010,P04,BLUE,A,image_000010.jpg,training/P04/BLUE/A/images/image_000010.jpg,10e879f6dd736ed6b5a3c299a71f08d871b322a7e7f1a2b24f1d7cf1080299c1,8183,,,true
P04_BLUE_A_000011,P04,BLUE,A,image_000011.jpg,training/P04/BLUE/A/images/image_000011.jpg,a1cd04aa0511ddf484cacc79d171d0934850246a963480fede31dd4da34ff481,8077,,,true
P04_BLUE_A_000012,P04,BLUE,A,image_000012.jpg,training/P04/BLUE/A/images/image_000012.jpg,de6da0ec95bad7dbbc1b6eaad11fab284cfff2872cb366c8128e4fbf4311b21d,7755,,,true
P04_BLUE_A_000013,P04,BLUE,A,image_000013.jpg,training/P04/BLUE/A/images/image_000013.jpg,a715677784e321c8301a35d58d3ccc92a8a5abce3ea6702431eda774c7baa60c,7850,,,true
P04_BLUE_A_000014,P04,BLUE,A,image_000014.jpg,training/P04/BLUE/A/images/image_000014.jpg,7aeed5f19c6a6b7c7919844f3ea56774110d06e5afaa536e8adf3dc24ab7b4f8,7842,,,true
P04_BLUE_A_000015,P04,BLUE,A,image_000015.jpg,training/P04/BLUE/A/images/image_000015.jpg,6dcc1a77cd5a645d375932d605639a77a2854e88d48836994848e00f514deaca,7852,,,true
P04_BLUE_A_000016,P04,BLUE,A,image_000016.jpg,training/P04/BLUE/A/images/image_000016.jpg,996487abef03f3bc28957f899ad515a27218b83876d059b7f4203bff4691da8c,7917,,,true
P04_BLUE_A_000017,P04,BLUE,A,image_000017.jpg,training/P04/BLUE/A/images/image_000017.jpg,1f965c0d80e3050346e1a9322f521d11ba53a4d6fa3cac60617285d914b37160,8032,,,true
P04_BLUE_A_000018,P04,BLUE,A,image_000018.jpg,training/P04/BLUE/A/images/image_000018.jpg,df34f4c500a413566f8d74527950aeb86144ee72d272d27656c6d19e8c08629d,9061,,,true
P04_BLUE_A_000019,P04,BLUE,A,image_000019.jpg,training/P04/BLUE/A/images/image_000019.jpg,b4630ec31d24bf1fd21b9c945de0b0f8e957a0faae0d377fab4b7fe08a4177bf,9303,,,true
P04_BLUE_A_000020,P04,BLUE,A,image_000020.jpg,training/P04/BLUE/A/images/image_000020.jpg,5a62827b25754aa7936e49ad56ec04212820fa51b0578096c280dd8ff59d3237,8903,,,true
P04_BLUE_A_000021,P04,BLUE,A,image_000021.jpg,training/P04/BLUE/A/images/image_000021.jpg,ceda7948da6672fced7ee708bb2e75dada3fd5ed23b28a466d79e85415232393,9049,,,true
P04_BLUE_A_000022,P04,BLUE,A,image_000022.jpg,training/P04/BLUE/A/images/image_000022.jpg,4a48a02e38f7b688bef4f7382360b0a0a253b1aea3186962027c3760738e09fc,8965,,,true
P04_BLUE_A_000023,P04,BLUE,A,image_000023.jpg,training/P04/BLUE/A/images/image_000023.jpg,a5621156ade8d9e8b3f23883c658aa897e4fdae22a35107474a474e2b159340d,8770,,,true
P04_BLUE_A_000024,P04,BLUE,A,image_000024.jpg,training/P04/BLUE/A/images/image_000024.jpg,5ace673cdb35f1b4b2d5b49cbbe684b2e5798a3a42e077b13a73e9879373ee57,8873,,,true
P04_BLUE_A_000025,P04,BLUE,A,image_000025.jpg,training/P04/BLUE/A/images/image_000025.jpg,2c5cd4c6870f4f3f682f725839cdce02497abc04630649b34ded53308770e52b,8912,,,true
P04_BLUE_B_000001,P04,BLUE,B,image_000001.jpg,training/P04/BLUE/B/images/image_000001.jpg,edec20e5d384b5f18a41c7e191b2c6535c3b61c2ee99fdeb5453d9d64884b409,4441,,,true
P04_BLUE_B_000002,P04,BLUE,B,image_000002.jpg,training/P04/BLUE/B/images/image_000002.jpg,7f88cf2a9ed317cfec6f5ed0bbe97c691aeae2f126f8cb84e333d187a4ce3211,8723,,,true
P04_BLUE_B_000003,P04,BLUE,B,image_000003.jpg,training/P04/BLUE/B/images/image_000003.jpg,d261e78e270487c59c52e6af105d8898c62a11edd02680831d57de5ab9f62b12,8650,,,true
P04_BLUE_B_000004,P04,BLUE,B,image_000004.jpg,training/P04/BLUE/B/images/image_000004.jpg,21f0814955bd96eafa0ed247ef67b4a6f3f9bbc152b6ddc9adfbac2778e8f959,8470,,,true
P04_BLUE_B_000005,P04,BLUE,B,image_000005.jpg,training/P04/BLUE/B/images/image_000005.jpg,c53ac54eb66693034c892cf3c64370580178e7f1f3474f19eb8f17b199bce35d,8550,,,true
P04_BLUE_B_000006,P04,BLUE,B,image_000006.jpg,training/P04/BLUE/B/images/image_000006.jpg,09b3156ad6fd1f9f24c0936d18c50087250d88a0f9c000e8cfed19b636bad412,8615,,,true
P04_BLUE_B_000007,P04,BLUE,B,image_000007.jpg,training/P04/BLUE/B/images/image_000007.jpg,01d54ce871f51f24d64c0996a99b3dc16c810d5bfa3ed5a1cfe66719766d77a8,9289,,,true
P04_BLUE_B_000008,P04,BLUE,B,image_000008.jpg,training/P04/BLUE/B/images/image_000008.jpg,715e764bc5c8c107a27ffbd1632e9cdc018747e6bc0ce29f7506637c465b9aba,9135,,,true
P04_BLUE_B_000009,P04,BLUE,B,image_000009.jpg,training/P04/BLUE/B/images/image_000009.jpg,ba4d8bbc94c20afbac37f268a201662f3da4174071bf2f7df98f5f64367626e2,8658,,,true
P04_BLUE_B_000010,P04,BLUE,B,image_000010.jpg,training/P04/BLUE/B/images/image_000010.jpg,51945c1b8668e041f1a4d561a3a465a10637a432fd120c3233cfb102addce667,8949,,,true
P04_BLUE_B_000011,P04,BLUE,B,image_000011.jpg,training/P04/BLUE/B/images/image_000011.jpg,c8a0ac35e231e4adf480f00f3e670f0608f90359e9a40f7b5ff6bc29b4b75ead,8842,,,true
P04_BLUE_B_000012,P04,BLUE,B,image_000012.jpg,training/P04/BLUE/B/images/image_000012.jpg,e9362e393f2e2bcde38516401b01363082e83d6d721dcb0ffb5077242f558748,9043,,,true
P04_BLUE_B_000013,P04,BLUE,B,image_000013.jpg,training/P04/BLUE/B/images/image_000013.jpg,5d0db37d8ab4d6883a05926677943418d7fb3438b44d137b6b508c12a69fdfca,9133,,,true
P04_BLUE_B_000014,P04,BLUE,B,image_000014.jpg,training/P04/BLUE/B/images/image_000014.jpg,970c7102b63c7a737b6c3fbf1a66f70eed2fa9c3def26c37319f1a9d0b3ac726,9211,,,true
P04_BLUE_B_000015,P04,BLUE,B,image_000015.jpg,training/P04/BLUE/B/images/image_000015.jpg,0706328b318d28096b2af7004c53d84d0a70227c2c5ca609fa80401aa175cc6f,9178,,,true
P04_BLUE_B_000016,P04,BLUE,B,image_000016.jpg,training/P04/BLUE/B/images/image_000016.jpg,12ea76a66f936d90c07b3d4cb6957b27032043b839f8c766e9088c86e5fdb865,9014,,,true
P04_BLUE_B_000017,P04,BLUE,B,image_000017.jpg,training/P04/BLUE/B/images/image_000017.jpg,4fbeab712681d564127688175ea2407a3b4601d42d3d15944218b294a9744274,7820,,,true
P04_BLUE_B_000018,P04,BLUE,B,image_000018.jpg,training/P04/BLUE/B/images/image_000018.jpg,ae3ce6e0441f2438b6443a4f77d96042ddb2f325c23acf02abe90623e0a4f2d1,7880,,,true
P04_BLUE_B_000019,P04,BLUE,B,image_000019.jpg,training/P04/BLUE/B/images/image_000019.jpg,c70a22bd0b04a280552bdadcccba5ff270833fcd87d65adcf0799298b9cb9ea9,7928,,,true
P04_BLUE_B_000020,P04,BLUE,B,image_000020.jpg,training/P04/BLUE/B/images/image_000020.jpg,9e5f645828e0710aeaaa455cbe94671ff7bcea3d93ff81d6a292fd06e4bd6fa7,7863,,,true
P04_BLUE_B_000021,P04,BLUE,B,image_000021.jpg,training/P04/BLUE/B/images/image_000021.jpg,1287f0a2cf30f1d245f8d7f830a908d6e4e3d108446e75e6ba3d2fb56d4c6d40,7882,,,true
P04_BLUE_B_000022,P04,BLUE,B,image_000022.jpg,training/P04/BLUE/B/images/image_000022.jpg,1e57dce8f400dc62f2a26c45f681d15fd6047137bdcb3cd800db1afdb228943f,8092,,,true
P04_BLUE_B_000023,P04,BLUE,B,image_000023.jpg,training/P04/BLUE/B/images/image_000023.jpg,1115f4e6d6c9cb9dcd35cca3fcc5bff95133bbf50f53c34a8ec3a2c29121e87b,8082,,,true
P04_BLUE_B_000024,P04,BLUE,B,image_000024.jpg,training/P04/BLUE/B/images/image_000024.jpg,0eda36a4bd4fd834f91d29a42af623761ce1b9e512325d14370311c385504abc,8328,,,true
P04_BLUE_B_000025,P04,BLUE,B,image_000025.jpg,training/P04/BLUE/B/images/image_000025.jpg,6f56b169ecc16e61488a5721966fdc4980b9f3dd66caf3c11c75b69d4b8d319d,7915,,,true
P04_BLUE_C_000001,P04,BLUE,C,image_000001.jpg,training/P04/BLUE/C/images/image_000001.jpg,887b92828f7a81213c66994a9edf16fd78c587b1f2b96323cdcdd7b02d7f4e39,8379,,,true
P04_BLUE_C_000002,P04,BLUE,C,image_000002.jpg,training/P04/BLUE/C/images/image_000002.jpg,99f942937a75f95b500a4689d506168d4aec20f2688d80e02084a32cefd13f38,8857,,,true
P04_BLUE_C_000003,P04,BLUE,C,image_000003.jpg,training/P04/BLUE/C/images/image_000003.jpg,f1124cb03bc5468e21f4960d8a77ddeb140e4100833149dfed06192fea1dcf7a,8649,,,true
P04_BLUE_C_000004,P04,BLUE,C,image_000004.jpg,training/P04/BLUE/C/images/image_000004.jpg,4e48b07955a0a3b74712adf1440dde013635b1c31e77529a99b17624b5171030,8252,,,true
P04_BLUE_C_000005,P04,BLUE,C,image_000005.jpg,training/P04/BLUE/C/images/image_000005.jpg,d9bada1ae789de74941413a0ddeca98b155051fef955c83b01cc8222a6758da5,9345,,,true
P04_BLUE_C_000006,P04,BLUE,C,image_000006.jpg,training/P04/BLUE/C/images/image_000006.jpg,a3ae1e8621ee54166867e1c95f9272ea23dac487079bad988cdf87525c51fc63,8969,,,true
P04_BLUE_C_000007,P04,BLUE,C,image_000007.jpg,training/P04/BLUE/C/images/image_000007.jpg,e44e81e20000f95790c3dcda1c078d724a9e6905b02ded592a501153070c60c1,8692,,,true
P04_BLUE_C_000008,P04,BLUE,C,image_000008.jpg,training/P04/BLUE/C/images/image_000008.jpg,fceda31d362f6dfa50ff7d77f12c35cb21802b54bb7bc959a08f2a9e12c1d298,9027,,,true
P04_BLUE_C_000009,P04,BLUE,C,image_000009.jpg,training/P04/BLUE/C/images/image_000009.jpg,dc790cb82e353dca27b9c1bbe07693aa3c596d92135f3fd31923add0f889cd7e,9287,,,true
P04_BLUE_C_000010,P04,BLUE,C,image_000010.jpg,training/P04/BLUE/C/images/image_000010.jpg,356005ff567a470cd085413d97181ded75d8573bac715b51db5dcf05c6bbf783,8756,,,true
P04_BLUE_C_000011,P04,BLUE,C,image_000011.jpg,training/P04/BLUE/C/images/image_000011.jpg,9cf8ad0eaf2aa647bb7a981aaf1c28cb222fb2e89546168ec0b007b9a0b9ef0e,8585,,,true
P04_BLUE_C_000012,P04,BLUE,C,image_000012.jpg,training/P04/BLUE/C/images/image_000012.jpg,126dd06dd5409f783f6711326453eda6897e423775e1c05f449c7aa0fcf4af0a,8600,,,true
P04_BLUE_C_000013,P04,BLUE,C,image_000013.jpg,training/P04/BLUE/C/images/image_000013.jpg,f5142e848f39e61d7c8547bec31fa3cae03ff875ed9a8efd9bb7aab6568fcc94,8736,,,true
P04_BLUE_C_000014,P04,BLUE,C,image_000014.jpg,training/P04/BLUE/C/images/image_000014.jpg,2809a7bf72df8e87effacf5f2adada828b193f1a16b462784dab4251087417a0,8960,,,true
P04_BLUE_C_000015,P04,BLUE,C,image_000015.jpg,training/P04/BLUE/C/images/image_000015.jpg,4f933f3eaf145e0a188b67a31e0b6394c63d8ed8c8590ad042ead22c6adc50fe,8783,,,true
P04_BLUE_C_000016,P04,BLUE,C,image_000016.jpg,training/P04/BLUE/C/images/image_000016.jpg,e79c576a739cb7281389dfd0189a51308f2d25b6a80a009ed09aab80c1f9fb92,8980,,,true
P04_BLUE_C_000017,P04,BLUE,C,image_000017.jpg,training/P04/BLUE/C/images/image_000017.jpg,de673f868d99f419ab19abcbf65969fe2afbb358e3fda7fa196b972b854f5eb5,8936,,,true
P04_BLUE_C_000018,P04,BLUE,C,image_000018.jpg,training/P04/BLUE/C/images/image_000018.jpg,ec96582ab2b0a79156f01a639a982edd0addaea7ed86c9047c2ead51f7d1afb5,8950,,,true
P04_BLUE_C_000019,P04,BLUE,C,image_000019.jpg,training/P04/BLUE/C/images/image_000019.jpg,f271c4a7dd2975c992fcdff194d7f451cfe18269b76a869215b5fc5086cf9c8a,8940,,,true
P04_BLUE_C_000020,P04,BLUE,C,image_000020.jpg,training/P04/BLUE/C/images/image_000020.jpg,c77344113f992980a99d627ed773f313618f26c9fdcf648a009dd8a3f02ce7f7,8749,,,true
P04_BLUE_C_000021,P04,BLUE,C,image_000021.jpg,training/P04/BLUE/C/images/image_000021.jpg,d2ab2d5016ca2196fd6ffc723343b52a8cc6976633cf6fc43a22a2b98c4bc2b4,9029,,,true
P04_BLUE_C_000022,P04,BLUE,C,image_000022.jpg,training/P04/BLUE/C/images/image_000022.jpg,25b784f832de58833e04d786f236666f613d205ac8586f560be2e134cdec6765,8949,,,true
P04_BLUE_C_000023,P04,BLUE,C,image_000023.jpg,training/P04/BLUE/C/images/image_000023.jpg,b8a98ea32dd8e469592e76f571202886ae2a07677732ae5959c3126359f434e0,9000,,,true
P04_BLUE_C_000024,P04,BLUE,C,image_000024.jpg,training/P04/BLUE/C/images/image_000024.jpg,fd9bc9d55702604fa6c01cd2ed3170c5347bf758007af90abdcb751f513d8b8b,9055,,,true
P04_BLUE_C_000025,P04,BLUE,C,image_000025.jpg,training/P04/BLUE/C/images/image_000025.jpg,8e1eeb69252a592d01f75f8ec5ae39901c15af290ac257bf97fd67926acd8e55,8941,,,true
P04_BLUE_E_000001,P04,BLUE,E,image_000001.jpg,training/P04/BLUE/E/images/image_000001.jpg,0a4d05ad4126f2551850d11b491344bf3e6c586be6b58c7812f19afcb246603a,6246,,,true
P04_BLUE_E_000002,P04,BLUE,E,image_000002.jpg,training/P04/BLUE/E/images/image_000002.jpg,5016713c63e396bf96527c8ae0a6b79f78a0753e10bba5196b5a900161f27f5b,6693,,,true
P04_BLUE_E_000003,P04,BLUE,E,image_000003.jpg,training/P04/BLUE/E/images/image_000003.jpg,920724e33bc64abf75a05f65737d8c02f340764f0549b05eae3ccdd9addd9bfd,10319,,,true
P04_BLUE_E_000004,P04,BLUE,E,image_000004.jpg,training/P04/BLUE/E/images/image_000004.jpg,1a22fde8cc1ad1133731086e00b4fc8e66cac6739740e9bc97d578d4dc102cd0,10630,,,true
P04_BLUE_E_000005,P04,BLUE,E,image_000005.jpg,training/P04/BLUE/E/images/image_000005.jpg,88d7c34255a5069535a333663b8d52c0ecb16fa8ccca5fffe468f3560a6f88e6,10705,,,true
P04_BLUE_E_000006,P04,BLUE,E,image_000006.jpg,training/P04/BLUE/E/images/image_000006.jpg,06e3077794e9eb8db164db48b91db9c5f363fd4b333533b5990d128f86e21b43,10208,,,true
P04_BLUE_E_000007,P04,BLUE,E,image_000007.jpg,training/P04/BLUE/E/images/image_000007.jpg,f2c48b6d6a9f6fa2b6964d748984ff4a962f6a1cc1ccd7a67b8fa06991a73d5a,10778,,,true
P04_BLUE_E_000008,P04,BLUE,E,image_000008.jpg,training/P04/BLUE/E/images/image_000008.jpg,ef4bfdb8f2ab3e9146ddb66124c86ef9e2ecb1fcb212b2c2d3be6fd12d5002cd,11034,,,true
P04_BLUE_E_000009,P04,BLUE,E,image_000009.jpg,training/P04/BLUE/E/images/image_000009.jpg,0a881a08b19cc300a8dbd4feaef15d518ce42ebbe25b88953fbbf541b644122f,10813,,,true
P04_BLUE_E_000010,P04,BLUE,E,image_000010.jpg,training/P04/BLUE/E/images/image_000010.jpg,4c167984cf1ee51fc03b103c1e0f617da0615521c5a693bb54e449ccf523a52f,10925,,,true
P04_BLUE_E_000011,P04,BLUE,E,image_000011.jpg,training/P04/BLUE/E/images/image_000011.jpg,9ccdf8076f4f9843abb50cf0b5d5efc2d7554f820949a9df5d999bacff8ce592,10752,,,true
P04_BLUE_E_000012,P04,BLUE,E,image_000012.jpg,training/P04/BLUE/E/images/image_000012.jpg,a426437e77d280753ab28d715736aa0bb625a7001c60781375dea8171ffc64d0,10782,,,true
P04_BLUE_E_000013,P04,BLUE,E,image_000013.jpg,training/P04/BLUE/E/images/image_000013.jpg,c81ce66d4d3ba2d030d1c4273020c55cd62c6a17d1d5e697a60068036ff387b6,9058,,,true
P04_BLUE_E_000014,P04,BLUE,E,image_000014.jpg,training/P04/BLUE/E/images/image_000014.jpg,3facb2ce2f6d44788c264f326dbeedde96138dff7e2334842ac10aff24c287d1,8925,,,true
P04_BLUE_E_000015,P04,BLUE,E,image_000015.jpg,training/P04/BLUE/E/images/image_000015.jpg,8f78f8caaa5ec48c41845f5bb9e12d1c439ba117f86b603582d68c20617ed08a,8813,,,true
P04_BLUE_E_000016,P04,BLUE,E,image_000016.jpg,training/P04/BLUE/E/images/image_000016.jpg,a69661af34d8002890e3340f81b6dee1e499eac5a20ad8cdd5c710f29d0a45b0,9107,,,true
P04_BLUE_E_000017,P04,BLUE,E,image_000017.jpg,training/P04/BLUE/E/images/image_000017.jpg,8f50bc75dd28d0d640d2a9a2304f335d8926e280e8cf3119717802532f66d1a9,9535,,,true
P04_BLUE_E_000018,P04,BLUE,E,image_000018.jpg,training/P04/BLUE/E/images/image_000018.jpg,69a3c53eea1404c599604c84eca51e3757d93c751a75cfd6177a765816d80cec,9379,,,true
P04_BLUE_E_000019,P04,BLUE,E,image_000019.jpg,training/P04/BLUE/E/images/image_000019.jpg,f6793793ee4c65a8b6bdfa756b081e7f6a58958d58aed92be320ea55673a0e48,9470,,,true
P04_BLUE_E_000020,P04,BLUE,E,image_000020.jpg,training/P04/BLUE/E/images/image_000020.jpg,6099e61ffaede0b007331eaa8e1583c57d5ca5eb0634aad31a533044a35fb3fe,5559,,,true
P04_BLUE_E_000021,P04,BLUE,E,image_000021.jpg,training/P04/BLUE/E/images/image_000021.jpg,59a72ea45b9cac4f4f1e5a29ae81ee2e7ddd792de1b6a392d5d4ba0958432a31,8886,,,true
P04_BLUE_E_000022,P04,BLUE,E,image_000022.jpg,training/P04/BLUE/E/images/image_000022.jpg,b0cb1e083487589ee7b0b1a0d5f20407f983232a81cf6e64e1d6bdd2bbe1251d,10274,,,true
P04_BLUE_E_000023,P04,BLUE,E,image_000023.jpg,training/P04/BLUE/E/images/image_000023.jpg,2b87f99541bd9a27cd13f5972f488c90dbe540609645d7ba650a335fb78bcf25,10026,,,true
P04_BLUE_E_000024,P04,BLUE,E,image_000024.jpg,training/P04/BLUE/E/images/image_000024.jpg,1fcff4f67cd777b2621a85ae89aff6806473789d512e8a5432636907ee18f865,10099,,,true
P04_BLUE_E_000025,P04,BLUE,E,image_000025.jpg,training/P04/BLUE/E/images/image_000025.jpg,487467044cbbde1bc5a53d68922e8990c0aebb717816eb002257a1edd6c45da5,10317,,,true
P04_BLUE_I_000001,P04,BLUE,I,image_000001.jpg,training/P04/BLUE/I/images/image_000001.jpg,bf09f6a7c46c1fa14826a6cef3cdb000561b6a525ff56a54696ccff16b972eac,10525,,,true
P04_BLUE_I_000002,P04,BLUE,I,image_000002.jpg,training/P04/BLUE/I/images/image_000002.jpg,585865e5cc8c031c1cdfb8c57bc8cd91d10b41fbe56340de65a5707bafa873b0,10973,,,true
P04_BLUE_I_000003,P04,BLUE,I,image_000003.jpg,training/P04/BLUE/I/images/image_000003.jpg,d190f8535e9bd50f07dde2aa2d7d6ec4ec9c35626b3dc3068ef50a4c9fb0a2e0,11048,,,true
P04_BLUE_I_000004,P04,BLUE,I,image_000004.jpg,training/P04/BLUE/I/images/image_000004.jpg,e756d7d22e05058252bd1f19dc225100d19a3b2fdd8ef994e5bc9ed2ea3263ce,10755,,,true
P04_BLUE_I_000005,P04,BLUE,I,image_000005.jpg,training/P04/BLUE/I/images/image_000005.jpg,8125e8c0b438e2a283d3c0eddb286942774507eea5a37adb13a5ae648213f7bc,10679,,,true
P04_BLUE_I_000006,P04,BLUE,I,image_000006.jpg,training/P04/BLUE/I/images/image_000006.jpg,68b61b2bfc4d8f7a736be33c6d27e1da36d0356215b5968bd36e92b46865c03c,10819,,,true
P04_BLUE_I_000007,P04,BLUE,I,image_000007.jpg,training/P04/BLUE/I/images/image_000007.jpg,cef1ae47af4163a6562f2d1ee6932a43d79a3150ac6f744a27c1ba9b89b89010,10722,,,true
P04_BLUE_I_000008,P04,BLUE,I,image_000008.jpg,training/P04/BLUE/I/images/image_000008.jpg,d3d6ee7ba352d719e2426cb14a9e20ab7dda48539c96d74ed75b094b8b39c678,10816,,,true
P04_BLUE_I_000009,P04,BLUE,I,image_000009.jpg,training/P04/BLUE/I/images/image_000009.jpg,6cb2bf584d89fad21873a4c64f46d0595e8b4d56d374ecfaea9e6666afbe24e1,10769,,,true
P04_BLUE_I_000010,P04,BLUE,I,image_000010.jpg,training/P04/BLUE/I/images/image_000010.jpg,089e9f45907c16d0ee7d3b6479b77ad7ab8f9a09d5c688fe8d66bdf90bbb6664,10803,,,true
P04_BLUE_I_000011,P04,BLUE,I,image_000011.jpg,training/P04/BLUE/I/images/image_000011.jpg,e86a87766d45feac6c8e7f733da5a6583c0a0132c19ec667e30cd4df076e9d61,10742,,,true
P04_BLUE_I_000012,P04,BLUE,I,image_000012.jpg,training/P04/BLUE/I/images/image_000012.jpg,f3959820cfd5eab903a608335158faa77fc1d83d47fd66d15c2ae0296252c081,10829,,,true
P04_BLUE_I_000013,P04,BLUE,I,image_000013.jpg,training/P04/BLUE/I/images/image_000013.jpg,965718b8b291cf451a46164645421c39a10fccf16a3bff2ae9a4ee52e17f45c0,10745,,,true
P04_BLUE_I_000014,P04,BLUE,I,image_000014.jpg,training/P04/BLUE/I/images/image_000014.jpg,320e5730182bfabb100c005f421921fe50eecb2c5d53bb1c3625e99e3a6b8f27,10831,,,true
P04_BLUE_I_000015,P04,BLUE,I,image_000015.jpg,training/P04/BLUE/I/images/image_000015.jpg,56e137d18a5c14a6756c65b0141da5125e668933f484e5877ab886446ba269fe,10150,,,true
P04_BLUE_I_000016,P04,BLUE,I,image_000016.jpg,training/P04/BLUE/I/images/image_000016.jpg,b728e4a4e0e692ccd800b7f603bfc26464d3b62ed6fcbda8cd9b7d9ed4ae0659,10240,,,true
P04_BLUE_I_000017,P04,BLUE,I,image_000017.jpg,training/P04/BLUE/I/images/image_000017.jpg,003a3c06a44725f470f3a7f09dd9f94de0e3cc61d6390414a267267da0fecebd,10006,,,true
P04_BLUE_I_000018,P04,BLUE,I,image_000018.jpg,training/P04/BLUE/I/images/image_000018.jpg,57b8799df6bed7ebcc9af14f670cdba0ab4fc060ac1c3eda324407b747e2a2d3,11242,,,true
P04_BLUE_I_000019,P04,BLUE,I,image_000019.jpg,training/P04/BLUE/I/images/image_000019.jpg,47924ee640e9696b2892e3a736dd8a74db1e7ab19afef27d97f327beae4d41e2,11113,,,true
P04_BLUE_I_000020,P04,BLUE,I,image_000020.jpg,training/P04/BLUE/I/images/image_000020.jpg,cf164c978c3290c276d4aefa64bcf880dddfe5db6afde90b5aaf1ad41557ab57,10342,,,true
P04_BLUE_I_000021,P04,BLUE,I,image_000021.jpg,training/P04/BLUE/I/images/image_000021.jpg,0c02cdffb287a0fa96efdb878437032d3b77dbce066ea475546b134a3d40d709,10495,,,true
P04_BLUE_I_000022,P04,BLUE,I,image_000022.jpg,training/P04/BLUE/I/images/image_000022.jpg,aad457e9e69faf4b49147d94d96f0e10638adeedf54bd1400574662124e42977,10694,,,true
P04_BLUE_I_000023,P04,BLUE,I,image_000023.jpg,training/P04/BLUE/I/images/image_000023.jpg,88b9abbd9d4c5dcda681de3b1584ad64a6d03d72ba1b606fbd763bd67a6082c6,11415,,,true
P04_BLUE_I_000024,P04,BLUE,I,image_000024.jpg,training/P04/BLUE/I/images/image_000024.jpg,a37d32bba557675ac2b766dff754f12fdc8847973aeff2ef6885c477a413bc2e,10956,,,true
P04_BLUE_I_000025,P04,BLUE,I,image_000025.jpg,training/P04/BLUE/I/images/image_000025.jpg,fae2909e54280c6fc5b8e14d11fbdbffc28cc331aa837cc8de886d4c104d6758,11031,,,true
P04_BLUE_L_000001,P04,BLUE,L,image_000001.jpg,training/P04/BLUE/L/images/image_000001.jpg,cff99ec65b9ebcfeb58d221034829f3ecbd6ac714498f8e2aa12d0f2d025b826,6969,,,true
P04_BLUE_L_000002,P04,BLUE,L,image_000002.jpg,training/P04/BLUE/L/images/image_000002.jpg,668ac508248c75e30268bcd986fd63df231be49932eb0b02d404c4b8afb09017,10059,,,true
P04_BLUE_L_000003,P04,BLUE,L,image_000003.jpg,training/P04/BLUE/L/images/image_000003.jpg,39f4ac5d377bd95a96f716d222daa7c48d0accd3395c79e2fd92764d6c5b7efd,10394,,,true
P04_BLUE_L_000004,P04,BLUE,L,image_000004.jpg,training/P04/BLUE/L/images/image_000004.jpg,ab515fb903f1f850f0815a0d80d01a666c25cb6382a660bab3c25d66a96c6af4,10750,,,true
P04_BLUE_L_000005,P04,BLUE,L,image_000005.jpg,training/P04/BLUE/L/images/image_000005.jpg,02c30e3e9fe12a932bb1d7317e80aa9541159356a349909577dfb9a9caaefc8e,10296,,,true
P04_BLUE_L_000006,P04,BLUE,L,image_000006.jpg,training/P04/BLUE/L/images/image_000006.jpg,6ab05075021450431b67ccd80977fd0de385b69487c26a3fa9e31a008b374e7c,11403,,,true
P04_BLUE_L_000007,P04,BLUE,L,image_000007.jpg,training/P04/BLUE/L/images/image_000007.jpg,5033e38e0c06da9a80ad62ac655db59d0692a9aec137f4004f104c95bc0adc75,11171,,,true
P04_BLUE_L_000008,P04,BLUE,L,image_000008.jpg,training/P04/BLUE/L/images/image_000008.jpg,7e51d11d615802ee7428ea45ac5e8c20a9882d19c8bfc62e3527400896344436,10895,,,true
P04_BLUE_L_000009,P04,BLUE,L,image_000009.jpg,training/P04/BLUE/L/images/image_000009.jpg,d166147e6c5dbf3b66d73f612b9de141da71811b4741ff7e8412026a39ffe167,11265,,,true
P04_BLUE_L_000010,P04,BLUE,L,image_000010.jpg,training/P04/BLUE/L/images/image_000010.jpg,94d07a0a1344354baa5b808c6ffa95ebf44a0f55f42aa210aadb618e721d89bd,11099,,,true
P04_BLUE_L_000011,P04,BLUE,L,image_000011.jpg,training/P04/BLUE/L/images/image_000011.jpg,8555a43692021252319512a05f122ace587f70aebc62b9ff30810d289628130d,11074,,,true
P04_BLUE_L_000012,P04,BLUE,L,image_000012.jpg,training/P04/BLUE/L/images/image_000012.jpg,d9354f3a827c5774c94a683414079421ef7e575c20336aa060a23f26f84973d1,11144,,,true
P04_BLUE_L_000013,P04,BLUE,L,image_000013.jpg,training/P04/BLUE/L/images/image_000013.jpg,810a6f2dc8e6ac657fb6e13bfe59f1aabb92272058384e2c6180506f2bef85dc,11170,,,true
P04_BLUE_L_000014,P04,BLUE,L,image_000014.jpg,training/P04/BLUE/L/images/image_000014.jpg,125415bd975b9c17e611714f503261effdfef9dfe52978d968bca0d27fdc312a,11193,,,true
P04_BLUE_L_000015,P04,BLUE,L,image_000015.jpg,training/P04/BLUE/L/images/image_000015.jpg,6492c1683c9e9345373d29afc313def5ec1d113a488dc489459fc672206ae98d,9400,,,true
P04_BLUE_L_000016,P04,BLUE,L,image_000016.jpg,training/P04/BLUE/L/images/image_000016.jpg,93c0ef9805e8ff505252e954f5365a67190c9fd151cc8af290595bf072ccc1b2,10665,,,true
P04_BLUE_L_000017,P04,BLUE,L,image_000017.jpg,training/P04/BLUE/L/images/image_000017.jpg,903113a7da6caa16f981947a7ad45077e8e5e9cdc3124c7bfd90770bf457d127,10360,,,true
P04_BLUE_L_000018,P04,BLUE,L,image_000018.jpg,training/P04/BLUE/L/images/image_000018.jpg,f62a1552f16381dba214e1a54130c0afd9f68eedeb1d5dda37396cd81032f028,10447,,,true
P04_BLUE_L_000019,P04,BLUE,L,image_000019.jpg,training/P04/BLUE/L/images/image_000019.jpg,7f3b4b876ef69f66485e3ce561bf7396c0c06288a24cd76bdcb12ed55fe13714,10497,,,true
P04_BLUE_L_000020,P04,BLUE,L,image_000020.jpg,training/P04/BLUE/L/images/image_000020.jpg,47f56ddf8c8e185b7ea38e59e121c4031ed196484ecf2564aa40cdf8fb1a2ecd,10536,,,true
P04_BLUE_L_000021,P04,BLUE,L,image_000021.jpg,training/P04/BLUE/L/images/image_000021.jpg,28e8cab42a36c53ac8263dd1e211c18b959b87a95fbe776ce58e4313b5430f40,10763,,,true
P04_BLUE_L_000022,P04,BLUE,L,image_000022.jpg,training/P04/BLUE/L/images/image_000022.jpg,b7304f64cc174d4840a924dcd9cf92f9f50620ba947296412f75a6f79dc9a038,10790,,,true
P04_BLUE_L_000023,P04,BLUE,L,image_000023.jpg,training/P04/BLUE/L/images/image_000023.jpg,6464d1d05998527db00a0d9f49124cde60503701fc5c5fa7237a72535a04d8dc,10781,,,true
P04_BLUE_L_000024,P04,BLUE,L,image_000024.jpg,training/P04/BLUE/L/images/image_000024.jpg,4934ba7b024576166ea802716262d01ae02612cf92bca0dbe63d7e3fae3f8eb8,10613,,,true
P04_BLUE_L_000025,P04,BLUE,L,image_000025.jpg,training/P04/BLUE/L/images/image_000025.jpg,0a3851090679b590a9bd46f5f16564eee1359a0fd7a829e50d18827225ffa712,10528,,,true
P04_BLUE_M_000001,P04,BLUE,M,image_000001.jpg,training/P04/BLUE/M/images/image_000001.jpg,56fb79836bf54e248019cfeaf8652adda7747ff3f35dfd8d955c945700fc74bd,9815,,,true
P04_BLUE_M_000002,P04,BLUE,M,image_000002.jpg,training/P04/BLUE/M/images/image_000002.jpg,0252862d0392550a632952f9956cc307b0c755b5201f02da143daa7957379f0a,9779,,,true
P04_BLUE_M_000003,P04,BLUE,M,image_000003.jpg,training/P04/BLUE/M/images/image_000003.jpg,65f445d467e40f7fc77209a4033833857d8068da03411a5a423e7b8c1627de08,10010,,,true
P04_BLUE_M_000004,P04,BLUE,M,image_000004.jpg,training/P04/BLUE/M/images/image_000004.jpg,cb6104a5a433c6798a8a54cfbd53f4e6b9678d76dac8e0b55f6ab3a64c5697be,10031,,,true
P04_BLUE_M_000005,P04,BLUE,M,image_000005.jpg,training/P04/BLUE/M/images/image_000005.jpg,8e07170b99a852a6eea473fd909c9f32b3a4e650805a22466c2f35aab1c49d17,9389,,,true
P04_BLUE_M_000006,P04,BLUE,M,image_000006.jpg,training/P04/BLUE/M/images/image_000006.jpg,2d15e30fc9ee955f942b09549def3045a566f6bc84901d9d24605929e8d8f00e,9372,,,true
P04_BLUE_M_000007,P04,BLUE,M,image_000007.jpg,training/P04/BLUE/M/images/image_000007.jpg,8728ebd98254f2b029ff986c2e8c737278dbf5792e43aa7c4176697e34951e89,9298,,,true
P04_BLUE_M_000008,P04,BLUE,M,image_000008.jpg,training/P04/BLUE/M/images/image_000008.jpg,8da3a67b944e906cdb0a373e69adf14640ca6786402f83cb56e3b512fad9c3b8,8579,,,true
P04_BLUE_M_000009,P04,BLUE,M,image_000009.jpg,training/P04/BLUE/M/images/image_000009.jpg,b3509007e01eca620b9a2d873f7d8b4b42798d8f7b4a67f66459c891d6a68f61,8293,,,true
P04_BLUE_M_000010,P04,BLUE,M,image_000010.jpg,training/P04/BLUE/M/images/image_000010.jpg,1f43ef029964e6f798726fd53e5d1929f5b8e55c69e21a4b72968b048a1e30f3,8056,,,true
P04_BLUE_M_000011,P04,BLUE,M,image_000011.jpg,training/P04/BLUE/M/images/image_000011.jpg,163966826141f3d9a8b59b3c62eebb0b3fd07296dc69c243199aa7fb65e46a4c,9128,,,true
P04_BLUE_M_000012,P04,BLUE,M,image_000012.jpg,training/P04/BLUE/M/images/image_000012.jpg,ff06a70c4365f227a7a7495bd552c7a03c4bcae25ee312a07767462e6e8f5d50,8748,,,true
P04_BLUE_M_000013,P04,BLUE,M,image_000013.jpg,training/P04/BLUE/M/images/image_000013.jpg,73d7c1f638bc7339e9e23eb86dda8ae8e3c5907c498a194fdcefad8db1b33dde,8774,,,true
P04_BLUE_M_000014,P04,BLUE,M,image_000014.jpg,training/P04/BLUE/M/images/image_000014.jpg,6223003711605a36efcbb56be3208ce96968f8aafdc7673e089a1e8815095d91,8726,,,true
P04_BLUE_M_000015,P04,BLUE,M,image_000015.jpg,training/P04/BLUE/M/images/image_000015.jpg,5bb734419c60d4e22866fa6d291f80017ecdfcf20b0a6362b8251990b57ecdd0,8813,,,true
P04_BLUE_M_000016,P04,BLUE,M,image_000016.jpg,training/P04/BLUE/M/images/image_000016.jpg,d9862c27d80a5cec3f9cb6861d7fa484c4cfe434ce0b6bdaa146d82a912066f3,8824,,,true
P04_BLUE_M_000017,P04,BLUE,M,image_000017.jpg,training/P04/BLUE/M/images/image_000017.jpg,cf97bad4b77205ff8e7dea275aacfa420feb00ff591de1f0562ad80c7a52c3bd,9409,,,true
P04_BLUE_M_000018,P04,BLUE,M,image_000018.jpg,training/P04/BLUE/M/images/image_000018.jpg,a7d614370ce0969f0969bec372dbc837912b87ff7e8e6ae05e44e8f57e0ee0bc,9121,,,true
P04_BLUE_M_000019,P04,BLUE,M,image_000019.jpg,training/P04/BLUE/M/images/image_000019.jpg,b6fca217919772e968e133b08766a420e27793c8f3b1ba10801b2b473947a0d3,9175,,,true
P04_BLUE_M_000020,P04,BLUE,M,image_000020.jpg,training/P04/BLUE/M/images/image_000020.jpg,6c48e46969f024f5ece3a5f684949ccf6c9760d3c2b43df99b813443b34dc602,9150,,,true
P04_BLUE_M_000021,P04,BLUE,M,image_000021.jpg,training/P04/BLUE/M/images/image_000021.jpg,6c75a38ff42e83fc0bf27f82d6ef4ce39322778fc0f07b2e3eaca6ba9c36bc8f,9285,,,true
P04_BLUE_M_000022,P04,BLUE,M,image_000022.jpg,training/P04/BLUE/M/images/image_000022.jpg,0ba4fa47122282c372d8d1b0852e39bbb9fe6727e9a9229de71a14c52faa0f88,9333,,,true
P04_BLUE_M_000023,P04,BLUE,M,image_000023.jpg,training/P04/BLUE/M/images/image_000023.jpg,0ac507aea6ab66c9ccc5c7cc10b5e5f674e7b77bf45cb0db264075a7dccac87f,8889,,,true
P04_BLUE_M_000024,P04,BLUE,M,image_000024.jpg,training/P04/BLUE/M/images/image_000024.jpg,0fedd5f09fc0ed3b3b02dcab8d66311c478e49d805b811d200645ccbddb5846b,8888,,,true
P04_BLUE_M_000025,P04,BLUE,M,image_000025.jpg,training/P04/BLUE/M/images/image_000025.jpg,1f7c518d133468a5e3ad679c7fea433e21a1714596472b9cd899f76cb66b538b,8571,,,true
P04_BLUE_N_000001,P04,BLUE,N,image_000001.jpg,training/P04/BLUE/N/images/image_000001.jpg,ff19a209c985d6db5db46802328d63c02a9d6865171ab530110662a2390a30b5,5597,,,true
P04_BLUE_N_000002,P04,BLUE,N,image_000002.jpg,training/P04/BLUE/N/images/image_000002.jpg,077209b2c8ade6615681b2ee181248748025161c2c1c378b1c8f808bc3edb348,4997,,,true
P04_BLUE_N_000003,P04,BLUE,N,image_000003.jpg,training/P04/BLUE/N/images/image_000003.jpg,8af5e6a2f74009dd64965592f642d1fdb626b36451a52b9183af26f0d4c021a6,9694,,,true
P04_BLUE_N_000004,P04,BLUE,N,image_000004.jpg,training/P04/BLUE/N/images/image_000004.jpg,abed516c35c58cf526a9fa84e345a1c30095020a2eb983c5fac8d4e539dbfe1b,9853,,,true
P04_BLUE_N_000005,P04,BLUE,N,image_000005.jpg,training/P04/BLUE/N/images/image_000005.jpg,f20d37939e2f8fa91deb22c6a591f09f00cdb3a8dcf4ae41f79825a351f35e2d,9638,,,true
P04_BLUE_N_000006,P04,BLUE,N,image_000006.jpg,training/P04/BLUE/N/images/image_000006.jpg,094397b46626e80fa51aabb857d2b540609be5621f427952b4666f566cf47d88,9761,,,true
P04_BLUE_N_000007,P04,BLUE,N,image_000007.jpg,training/P04/BLUE/N/images/image_000007.jpg,e00a1d5874d442335d83b8261dc29c6c33b95cd461c1d1c8cc0851c3e3a21569,8660,,,true
P04_BLUE_N_000008,P04,BLUE,N,image_000008.jpg,training/P04/BLUE/N/images/image_000008.jpg,5abcddfd9ae645f483d2ebba1cde49fe7bc71e4a76325565949a331f28117bb4,8188,,,true
P04_BLUE_N_000009,P04,BLUE,N,image_000009.jpg,training/P04/BLUE/N/images/image_000009.jpg,a0fcdfab34e6f216ba5edfc5edaafc7cb9c967f7afb907a649e049b87bfe8727,9085,,,true
P04_BLUE_N_000010,P04,BLUE,N,image_000010.jpg,training/P04/BLUE/N/images/image_000010.jpg,713c493c4085f726e0d3c8ff845089207785fc770fbc8ece804cc8586d6fb44f,8494,,,true
P04_BLUE_N_000011,P04,BLUE,N,image_000011.jpg,training/P04/BLUE/N/images/image_000011.jpg,beb4f77ab787e71d299f3b8e380990179e29e4063859d208d65f329536b2a60c,8512,,,true
P04_BLUE_N_000012,P04,BLUE,N,image_000012.jpg,training/P04/BLUE/N/images/image_000012.jpg,fe04b555ed09d0d5433175c45f5f97fcd2e0e0bd9046d8e8e1e15182493b4174,8702,,,true
P04_BLUE_N_000013,P04,BLUE,N,image_000013.jpg,training/P04/BLUE/N/images/image_000013.jpg,899bddf7698be96ddab60282366f7dec5f37f821d1b6123127fbf7bfd2279139,8718,,,true
P04_BLUE_N_000014,P04,BLUE,N,image_000014.jpg,training/P04/BLUE/N/images/image_000014.jpg,1931e08ada8b263a6e7bcbe0ab87b3a9ee4db789d626d700c50ff7150472486a,8573,,,true
P04_BLUE_N_000015,P04,BLUE,N,image_000015.jpg,training/P04/BLUE/N/images/image_000015.jpg,fc71057d831bc8b70bb6f05ecd61b528331006f09906ca1f42faf9f3d568ac4e,9062,,,true
P04_BLUE_N_000016,P04,BLUE,N,image_000016.jpg,training/P04/BLUE/N/images/image_000016.jpg,a74d2fc0942f40b944fae4c6475f4db88c51345b1d5595ad2d923c6b77644d40,8978,,,true
P04_BLUE_N_000017,P04,BLUE,N,image_000017.jpg,training/P04/BLUE/N/images/image_000017.jpg,ceccd1e56d3a812db07d052ff69119e3fc8863702c60ae576dceffc0e7179326,9533,,,true
P04_BLUE_N_000018,P04,BLUE,N,image_000018.jpg,training/P04/BLUE/N/images/image_000018.jpg,aed79edbcb9893c6a5ba8461f70ad216081b0ea64a7b92d87be2255d32572774,8586,,,true
P04_BLUE_N_000019,P04,BLUE,N,image_000019.jpg,training/P04/BLUE/N/images/image_000019.jpg,4323d850ab5e2015b5c1f1d60f1e2c95ce07c62cfe38f87efeb98d396fe0fcef,8542,,,true
P04_BLUE_N_000020,P04,BLUE,N,image_000020.jpg,training/P04/BLUE/N/images/image_000020.jpg,610012b0d30c79af450d7fe26cf8b87d3090b880f6721e6bf21a1c20774953b3,8959,,,true
P04_BLUE_N_000021,P04,BLUE,N,image_000021.jpg,training/P04/BLUE/N/images/image_000021.jpg,293640fb18fda9e3d03f76646c7b1929d4aa2f516f0bfb37ed2a36feebc15f1d,9034,,,true
P04_BLUE_N_000022,P04,BLUE,N,image_000022.jpg,training/P04/BLUE/N/images/image_000022.jpg,7da193b6b7cc602b58ac9c6bf0258b0f1c0fbf327cd38cf670609caf2a9c93ea,9267,,,true
P04_BLUE_N_000023,P04,BLUE,N,image_000023.jpg,training/P04/BLUE/N/images/image_000023.jpg,af3e9df173ca0aab6ae6fe22e127647f2488d8f68001938deb24c3b636ca2d68,9184,,,true
P04_BLUE_N_000024,P04,BLUE,N,image_000024.jpg,training/P04/BLUE/N/images/image_000024.jpg,406833921dfa3494fd20696f41d04fe6f7c3056ee45cdd69504018b3624c15ac,8931,,,true
P04_BLUE_N_000025,P04,BLUE,N,image_000025.jpg,training/P04/BLUE/N/images/image_000025.jpg,8b763bcd75f82f704d4f8308fcb24ace2e18c81a007a27387662011a33f4ddb9,9281,,,true
P04_BLUE_O_000001,P04,BLUE,O,image_000001.jpg,training/P04/BLUE/O/images/image_000001.jpg,1431a388ce2408c29c04c9d90102adb1907b09cd7dd91708537de50855295b79,5364,,,true
P04_BLUE_O_000002,P04,BLUE,O,image_000002.jpg,training/P04/BLUE/O/images/image_000002.jpg,31199fd03afb5aa01a09fb0aad85e831075e85a7c525d12de9a00978777c2b4b,9271,,,true
P04_BLUE_O_000003,P04,BLUE,O,image_000003.jpg,training/P04/BLUE/O/images/image_000003.jpg,1f192dce1457ecc64541b76b54688c95d426e08fe0e3188924bf7689e852f084,9765,,,true
P04_BLUE_O_000004,P04,BLUE,O,image_000004.jpg,training/P04/BLUE/O/images/image_000004.jpg,94ee97c5bef273b585866fe12a0051005b33a30f6b5160c0535f96c28415fc74,9360,,,true
P04_BLUE_O_000005,P04,BLUE,O,image_000005.jpg,training/P04/BLUE/O/images/image_000005.jpg,d3167f46fa65704d05776900cc64996d7fc30dc04926e68c234e5c21de4ed9aa,9457,,,true
P04_BLUE_O_000006,P04,BLUE,O,image_000006.jpg,training/P04/BLUE/O/images/image_000006.jpg,2c0dff3e9297ea8068bab3b5a56ebf9d71585681b7cc4933a42f66f9b50d29e9,9215,,,true
P04_BLUE_O_000007,P04,BLUE,O,image_000007.jpg,training/P04/BLUE/O/images/image_000007.jpg,266e8f16b591127c3f61e905e17f2486dab351ba673c31d10f17b7d6fd48d0dc,9484,,,true
P04_BLUE_O_000008,P04,BLUE,O,image_000008.jpg,training/P04/BLUE/O/images/image_000008.jpg,a343ab8ca9cdcb7c4b0373224a3fa7023e3219f2ebf11de0064204af77bb7049,9492,,,true
P04_BLUE_O_000009,P04,BLUE,O,image_000009.jpg,training/P04/BLUE/O/images/image_000009.jpg,b0a2575dc7345ede34130b92a9aaeb1656dc2b186300496a8f42341d05807b6a,9515,,,true
P04_BLUE_O_000010,P04,BLUE,O,image_000010.jpg,training/P04/BLUE/O/images/image_000010.jpg,b12f247fc6e525a2afdf7ad7018b899afaf2d483f8760c457c816a1655962f5f,9574,,,true
P04_BLUE_O_000011,P04,BLUE,O,image_000011.jpg,training/P04/BLUE/O/images/image_000011.jpg,2504e7b7dfcb05c6992fb7c60a6781744e52ea7e5e852fa1f5d183ad5c7debdc,9155,,,true
P04_BLUE_O_000012,P04,BLUE,O,image_000012.jpg,training/P04/BLUE/O/images/image_000012.jpg,1a2c9a07bdf1390fa5fb2ee22c219b2b75b255fb4b7ceb989f73f96861571f3f,9291,,,true
P04_BLUE_O_000013,P04,BLUE,O,image_000013.jpg,training/P04/BLUE/O/images/image_000013.jpg,08e282e5f0dd64032b798275bd9a42e5a8d50ca3c3976901cc6ed20eb0888d3b,8978,,,true
P04_BLUE_O_000014,P04,BLUE,O,image_000014.jpg,training/P04/BLUE/O/images/image_000014.jpg,c9b83f7db661bf5a1d6cecfb3d745204cbbc072beeb529a743e447fb676e3a09,9492,,,true
P04_BLUE_O_000015,P04,BLUE,O,image_000015.jpg,training/P04/BLUE/O/images/image_000015.jpg,56ba2bf99bf5d4c2cb11c5f02339bf1e0a8b16d5515b3c3de87db76e85e8cd7c,9527,,,true
P04_BLUE_O_000016,P04,BLUE,O,image_000016.jpg,training/P04/BLUE/O/images/image_000016.jpg,93d03fb97c6d2108ca6b54fb7d2c2db7b2b478c66ca32b2cf434aa914bfc8f03,8926,,,true
P04_BLUE_O_000017,P04,BLUE,O,image_000017.jpg,training/P04/BLUE/O/images/image_000017.jpg,da62c107a415be16c4dab65e2c2ea82b1e7deb4d0909990c0d119285333ae74c,9246,,,true
P04_BLUE_O_000018,P04,BLUE,O,image_000018.jpg,training/P04/BLUE/O/images/image_000018.jpg,fe7c7b408b07838c74472b02b1f8f61794c705e2cd727a08476ab6b3b1be3946,9791,,,true
P04_BLUE_O_000019,P04,BLUE,O,image_000019.jpg,training/P04/BLUE/O/images/image_000019.jpg,06470d0d1d45bf8610d0ca68c4cf0ccee44c9944b6337f692b2b6745ffb6226e,10100,,,true
P04_BLUE_O_000020,P04,BLUE,O,image_000020.jpg,training/P04/BLUE/O/images/image_000020.jpg,cd7ff1cf52e3b470c103aeda5082775812141ee97cc9699ae7569264ac1ca595,10281,,,true
P04_BLUE_O_000021,P04,BLUE,O,image_000021.jpg,training/P04/BLUE/O/images/image_000021.jpg,3314dfe24ca71808c3aabbdb82b3f356737ea9714710ac8e8531c5c1c9b9d2dc,8612,,,true
P04_BLUE_O_000022,P04,BLUE,O,image_000022.jpg,training/P04/BLUE/O/images/image_000022.jpg,3875e1a791062bf0be1a760d88e1f6ec041ff8d4f7cad9730e66547914bbec72,9058,,,true
P04_BLUE_O_000023,P04,BLUE,O,image_000023.jpg,training/P04/BLUE/O/images/image_000023.jpg,35f1192b1186b7cb9608b5a356ad2ebb11fcfa45045f8181edbae3305edcb8a3,9635,,,true
P04_BLUE_O_000024,P04,BLUE,O,image_000024.jpg,training/P04/BLUE/O/images/image_000024.jpg,4360e6e1ab0906eef445a75fdadde4fc9dc4fe41f2a9b5ce8ed11d59f7111530,9896,,,true
P04_BLUE_O_000025,P04,BLUE,O,image_000025.jpg,training/P04/BLUE/O/images/image_000025.jpg,b0e5a0695bbecbed030edd0f86f1f0677d95baaafa7bf145de9d5cf8a9e268d7,9690,,,true
P04_BLUE_P_000001,P04,BLUE,P,image_000001.jpg,training/P04/BLUE/P/images/image_000001.jpg,1c0043c0896e5580ff9cc58dc877bdcaa4f5a56f7b751a981f89b5404c994e3e,5362,,,true
P04_BLUE_P_000002,P04,BLUE,P,image_000002.jpg,training/P04/BLUE/P/images/image_000002.jpg,4e3f4319ffe02cfc1550e943358d02f783dbab9eba7c666bff75a1e4dc7163b6,6335,,,true
P04_BLUE_P_000003,P04,BLUE,P,image_000003.jpg,training/P04/BLUE/P/images/image_000003.jpg,d0e8a0202748eaf3832e226742aa9f91e617f39ff6383431de87e715dc8227de,8474,,,true
P04_BLUE_P_000004,P04,BLUE,P,image_000004.jpg,training/P04/BLUE/P/images/image_000004.jpg,5eadd7374fb438589963c4f55dae8da7af312e23539aa3d6df7c0e8d32791333,9281,,,true
P04_BLUE_P_000005,P04,BLUE,P,image_000005.jpg,training/P04/BLUE/P/images/image_000005.jpg,8a305ac1c7a581aa8d0c09669a9115dda0d063fb2dfdbb154b8a887713924544,9093,,,true
P04_BLUE_P_000006,P04,BLUE,P,image_000006.jpg,training/P04/BLUE/P/images/image_000006.jpg,aba5917ea9dabd4714c90114f7ea9eead85955b0a99f0d2373b8beacd0fc22f2,8751,,,true
P04_BLUE_P_000007,P04,BLUE,P,image_000007.jpg,training/P04/BLUE/P/images/image_000007.jpg,6b1ad1a8cade498d32c2722b8d5758d8607b39a200c144c4f431c354f7543f12,8743,,,true
P04_BLUE_P_000008,P04,BLUE,P,image_000008.jpg,training/P04/BLUE/P/images/image_000008.jpg,f5876aa4f9eba14021849620318e58b2a50836c59efb5a9ea9b61862fe5253b5,9791,,,true
P04_BLUE_P_000009,P04,BLUE,P,image_000009.jpg,training/P04/BLUE/P/images/image_000009.jpg,b12808e44d2d6057f7f202ab1193eb0d8a986d1e9f45cdfab94bfd46f6b6b650,9441,,,true
P04_BLUE_P_000010,P04,BLUE,P,image_000010.jpg,training/P04/BLUE/P/images/image_000010.jpg,423e2871b5bb0bd4edf070abfd133cd372516dda62b36087a7837a4b3c8fa10e,9742,,,true
P04_BLUE_P_000011,P04,BLUE,P,image_000011.jpg,training/P04/BLUE/P/images/image_000011.jpg,a7f7b0c35188bedc35daf5e3f8359d8cd4a020434a9f1f0dc9eaea01e6fdd552,9426,,,true
P04_BLUE_P_000012,P04,BLUE,P,image_000012.jpg,training/P04/BLUE/P/images/image_000012.jpg,42b8f14c407ceee0af6c955e50ccde487230832a70acd519beb8b57531c106ec,9615,,,true
P04_BLUE_P_000013,P04,BLUE,P,image_000013.jpg,training/P04/BLUE/P/images/image_000013.jpg,bcf1c3f5c7225e930b19430ceb026290c5e06080ab71bc81021a37404a391fe4,9644,,,true
P04_BLUE_P_000014,P04,BLUE,P,image_000014.jpg,training/P04/BLUE/P/images/image_000014.jpg,dc838e6a020b165b17b004a6332f5c4b61a37e4c1af678e10e8332bd9cbeda75,9558,,,true
P04_BLUE_P_000015,P04,BLUE,P,image_000015.jpg,training/P04/BLUE/P/images/image_000015.jpg,6e8263794b60400f257dbe5764b9c68d8d08893e4067cd3fa63a2b0c6dcddb00,9539,,,true
P04_BLUE_P_000016,P04,BLUE,P,image_000016.jpg,training/P04/BLUE/P/images/image_000016.jpg,a6f81f98596783aa74008c7df62f007519a74aa1bec55e3298215c33f6f074eb,9610,,,true
P04_BLUE_P_000017,P04,BLUE,P,image_000017.jpg,training/P04/BLUE/P/images/image_000017.jpg,a4d1dc5892b77854660c16f142236dcf172a00a76332de2fc7c3f2314fb6e452,9062,,,true
P04_BLUE_P_000018,P04,BLUE,P,image_000018.jpg,training/P04/BLUE/P/images/image_000018.jpg,fde6441c3c78459155397b68b737dadba609fd99a23797f09728bc59af479a65,9453,,,true
P04_BLUE_P_000019,P04,BLUE,P,image_000019.jpg,training/P04/BLUE/P/images/image_000019.jpg,fb980683900f1bcf30a929b5de867b8cd604ca6f823378190405f6f0809f779a,10256,,,true
P04_BLUE_P_000020,P04,BLUE,P,image_000020.jpg,training/P04/BLUE/P/images/image_000020.jpg,182de8305d31a79f69d380632a5b9b3b43f21bb7072b558a347eb720c44fd693,10728,,,true
P04_BLUE_P_000021,P04,BLUE,P,image_000021.jpg,training/P04/BLUE/P/images/image_000021.jpg,177ce9443cda0d390be41237f4c62de172573130fe44290a2159802be5cd7f60,10743,,,true
P04_BLUE_P_000022,P04,BLUE,P,image_000022.jpg,training/P04/BLUE/P/images/image_000022.jpg,da7e091532c14ae2429c6099acc65bb5e2a7caf295892d6a1ce8e9cdb79777f4,10565,,,true
P04_BLUE_P_000023,P04,BLUE,P,image_000023.jpg,training/P04/BLUE/P/images/image_000023.jpg,30dfd30cbf8a675357a27ef482e29f7abc28e3980a75596f08f43e7bb48cfb7c,11082,,,true
P04_BLUE_P_000024,P04,BLUE,P,image_000024.jpg,training/P04/BLUE/P/images/image_000024.jpg,6a56f0718228f0be2172c92d1aba41958fa8c77ccdf31d198bc66a0b36c88de2,10557,,,true
P04_BLUE_P_000025,P04,BLUE,P,image_000025.jpg,training/P04/BLUE/P/images/image_000025.jpg,f40eb83410f351e9e3592e411fb566a9da6bb3f34ad00880baf0c69e7bcd446d,10719,,,true
P04_BLUE_R_000001,P04,BLUE,R,image_000001.jpg,training/P04/BLUE/R/images/image_000001.jpg,a71b302db1a3ae7014d298bbd2da12f4a456b677b4667e22e2831b15f0cfe065,5528,,,true
P04_BLUE_R_000002,P04,BLUE,R,image_000002.jpg,training/P04/BLUE/R/images/image_000002.jpg,72eb14bba7cbf8643abc74ce972e16863fb80104ff4baa41e23706429655f938,6049,,,true
P04_BLUE_R_000003,P04,BLUE,R,image_000003.jpg,training/P04/BLUE/R/images/image_000003.jpg,6ecd3129c579e427f1b1797d73a035cbbce0a3254573f25f0a3d22c72d571971,4887,,,true
P04_BLUE_R_000004,P04,BLUE,R,image_000004.jpg,training/P04/BLUE/R/images/image_000004.jpg,c79181526e8b5256ef157b546de8c20060f32459b332654243765495fba80e5d,8721,,,true
P04_BLUE_R_000005,P04,BLUE,R,image_000005.jpg,training/P04/BLUE/R/images/image_000005.jpg,2ad70504f53436e5b3e5003fa305a875790045dd5735b6fa4cb925eb4b6f32dd,9403,,,true
P04_BLUE_R_000006,P04,BLUE,R,image_000006.jpg,training/P04/BLUE/R/images/image_000006.jpg,267a1a28674386c0c2852b1b4c621d579df3a1f370915fd186bd0b76c73eadd3,8893,,,true
P04_BLUE_R_000007,P04,BLUE,R,image_000007.jpg,training/P04/BLUE/R/images/image_000007.jpg,2bca8b4ece2e66cc1ab66c83296e5a88e1cd85a62beadbc7126f8918b942a127,9147,,,true
P04_BLUE_R_000008,P04,BLUE,R,image_000008.jpg,training/P04/BLUE/R/images/image_000008.jpg,dd5954893ce3b74dbd607a0353bec2d7495a5384d40523a7367af1bcb2aa5a5c,8944,,,true
P04_BLUE_R_000009,P04,BLUE,R,image_000009.jpg,training/P04/BLUE/R/images/image_000009.jpg,b81e45cd1c8ba7f77fcdb83192293c852ff439b8d98717a25e044d721ad94c0f,8897,,,true
P04_BLUE_R_000010,P04,BLUE,R,image_000010.jpg,training/P04/BLUE/R/images/image_000010.jpg,8223f5bef6a2932056175fd15efe7a3fd672b062e5673d70671406e4ea2cf029,9046,,,true
P04_BLUE_R_000011,P04,BLUE,R,image_000011.jpg,training/P04/BLUE/R/images/image_000011.jpg,085a040bd62d4041d85957d567131b560c5c0638c3c1b76df686c47ad2d52fae,9601,,,true
P04_BLUE_R_000012,P04,BLUE,R,image_000012.jpg,training/P04/BLUE/R/images/image_000012.jpg,d1ab1ff3567cf0427d76dd019b8c54b6b6ac0482f1855c302cbcd2d867831d07,8878,,,true
P04_BLUE_R_000013,P04,BLUE,R,image_000013.jpg,training/P04/BLUE/R/images/image_000013.jpg,8f9ca931d5285c6212fc4d697f1a7051edbddbf13f6ddc60dd8996d52db3f72d,9302,,,true
P04_BLUE_R_000014,P04,BLUE,R,image_000014.jpg,training/P04/BLUE/R/images/image_000014.jpg,8029de568358394b11211659b5355ef06fdefcca08cd380024f580949e1bb3a6,9534,,,true
P04_BLUE_R_000015,P04,BLUE,R,image_000015.jpg,training/P04/BLUE/R/images/image_000015.jpg,24fc5ac79a540470ec835d3525bbdd073591025c7c05b940d0e34801ca260e0c,9521,,,true
P04_BLUE_R_000016,P04,BLUE,R,image_000016.jpg,training/P04/BLUE/R/images/image_000016.jpg,93b84b90f5ee3b87140ce51e66f914f63cd9af006ef1b9e1b6c36ba529103495,9381,,,true
P04_BLUE_R_000017,P04,BLUE,R,image_000017.jpg,training/P04/BLUE/R/images/image_000017.jpg,6b70c07aa965863722d4e56d2b03bb139dbf12dc02ac3dc552160861bd1fa71f,9434,,,true
P04_BLUE_R_000018,P04,BLUE,R,image_000018.jpg,training/P04/BLUE/R/images/image_000018.jpg,61ad2372e8f3991102d299ceeb3fba3b2c448d80f49e81022f719969f7ed0b6a,9356,,,true
P04_BLUE_R_000019,P04,BLUE,R,image_000019.jpg,training/P04/BLUE/R/images/image_000019.jpg,93c0bfbc08d797139e82a9660a6383f4400b92ba63f56da15c6966819dc39650,9218,,,true
P04_BLUE_R_000020,P04,BLUE,R,image_000020.jpg,training/P04/BLUE/R/images/image_000020.jpg,35460fcfa4dde274f70b7910ab9e3a5595ea2b3c07e449d59f0184a0d5bad70e,9266,,,true
P04_BLUE_R_000021,P04,BLUE,R,image_000021.jpg,training/P04/BLUE/R/images/image_000021.jpg,718dd27855465de4ff3cb3d64e39ad824a4083994db0059b7b28887e5ff63d9b,9765,,,true
P04_BLUE_R_000022,P04,BLUE,R,image_000022.jpg,training/P04/BLUE/R/images/image_000022.jpg,b57dea74d373c1626da4cc001b0f2d8dbe30e3d63beff1003fafdb072dcb116a,9763,,,true
P04_BLUE_R_000023,P04,BLUE,R,image_000023.jpg,training/P04/BLUE/R/images/image_000023.jpg,20b902a9aead6694acf94cd7c5bec268d337ea56fec925a42a5869e88c23842e,9678,,,true
P04_BLUE_R_000024,P04,BLUE,R,image_000024.jpg,training/P04/BLUE/R/images/image_000024.jpg,5834f30dfc65d21d0f45dd2cf2a19f53d38f2bd6339e9eb934fc7877a31695c4,5703,,,true
P04_BLUE_R_000025,P04,BLUE,R,image_000025.jpg,training/P04/BLUE/R/images/image_000025.jpg,92b02c56447c969a55659827307f6985d705fcd24d73cbcd1fc0679581dc2069,5602,,,true
P04_BLUE_S_000001,P04,BLUE,S,image_000001.jpg,training/P04/BLUE/S/images/image_000001.jpg,48a4986a31d15b918dc2b56bdeb9830c62ad0457f1293179d00d0ef8105e02e8,6325,,,true
P04_BLUE_S_000002,P04,BLUE,S,image_000002.jpg,training/P04/BLUE/S/images/image_000002.jpg,d1d20e12f209e36fdb1396f06e63d1e142e950f8e4d2612fa99c6f1dfb5e6bda,6478,,,true
P04_BLUE_S_000003,P04,BLUE,S,image_000003.jpg,training/P04/BLUE/S/images/image_000003.jpg,73d3f411288a4e28f189faa5560bf45dbe923173220dd8d8d83e445afb3314b9,10613,,,true
P04_BLUE_S_000004,P04,BLUE,S,image_000004.jpg,training/P04/BLUE/S/images/image_000004.jpg,42b342b0debb1c2ec76d78cddd0055e92dde624bacd161a4c59844e4b6604d6c,11115,,,true
P04_BLUE_S_000005,P04,BLUE,S,image_000005.jpg,training/P04/BLUE/S/images/image_000005.jpg,68bf87a054aebdacd2f1029e87521d6b3b27422af71244083c2771d3119e868f,10917,,,true
P04_BLUE_S_000006,P04,BLUE,S,image_000006.jpg,training/P04/BLUE/S/images/image_000006.jpg,60b46308eec70bb3c3557f08bc73045c6ec06f8961e8b5294c37f5a0e9b8e29b,10793,,,true
P04_BLUE_S_000007,P04,BLUE,S,image_000007.jpg,training/P04/BLUE/S/images/image_000007.jpg,0f941e6613ca9c5dd69130012cf1c46a870be5812c1a356e4c100fb7c5dc1e2b,10424,,,true
P04_BLUE_S_000008,P04,BLUE,S,image_000008.jpg,training/P04/BLUE/S/images/image_000008.jpg,36a241ef126283f094960e4bbc1ccb871b3d44ad1cacac8fbd12820870b30130,11426,,,true
P04_BLUE_S_000009,P04,BLUE,S,image_000009.jpg,training/P04/BLUE/S/images/image_000009.jpg,ce1b6a965a2dcb449cd81e3721166fe96a55784453ae5b915c2ee475eb05a06f,11381,,,true
P04_BLUE_S_000010,P04,BLUE,S,image_000010.jpg,training/P04/BLUE/S/images/image_000010.jpg,93dc69cb0597f7f3e7914e4dc21f375bc7ed7fee8cb8a3e4d44d2e96a1d67a44,11468,,,true
P04_BLUE_S_000011,P04,BLUE,S,image_000011.jpg,training/P04/BLUE/S/images/image_000011.jpg,60183eca9a8f822b4bd05408a9909c2db725e6038d3f2c29d1ed1f98dadacce0,11235,,,true
P04_BLUE_S_000012,P04,BLUE,S,image_000012.jpg,training/P04/BLUE/S/images/image_000012.jpg,9c40d5aa50238367e98e5375c1e7f6e43eba71442ea47c7ff20173747f44e3f3,11361,,,true
P04_BLUE_S_000013,P04,BLUE,S,image_000013.jpg,training/P04/BLUE/S/images/image_000013.jpg,ee081129d82f705a873347228f8ccaf798508cec5155533201dc4b6fef06fae7,10641,,,true
P04_BLUE_S_000014,P04,BLUE,S,image_000014.jpg,training/P04/BLUE/S/images/image_000014.jpg,9f219e55c684ac84b0725cf6104842e8f8a8dedcb7d25838b4ceff15702ab710,11133,,,true
P04_BLUE_S_000015,P04,BLUE,S,image_000015.jpg,training/P04/BLUE/S/images/image_000015.jpg,d4648ce79004babcf579c0f2fc7707213a75ec25da435310ccd8dfc9bd1d6201,11046,,,true
P04_BLUE_S_000016,P04,BLUE,S,image_000016.jpg,training/P04/BLUE/S/images/image_000016.jpg,1e9b9d704805117cc40bd0ff81d7a34185a9a3c1357b7645b6f9691bdb2be1b4,11041,,,true
P04_BLUE_S_000017,P04,BLUE,S,image_000017.jpg,training/P04/BLUE/S/images/image_000017.jpg,7a75cafe399e11751a846a25bde017872c78dbaed0b2708590f880e203b4f6dd,11542,,,true
P04_BLUE_S_000018,P04,BLUE,S,image_000018.jpg,training/P04/BLUE/S/images/image_000018.jpg,fb9655fee0d76cb6e7e8abb1375f5ded261caee81a9a02e9d2fd947d0c9c52ee,11172,,,true
P04_BLUE_S_000019,P04,BLUE,S,image_000019.jpg,training/P04/BLUE/S/images/image_000019.jpg,33aa6522c9c1faa5e2e81eb084be674a764e26427fb945bc171c8501218ce9e7,11355,,,true
P04_BLUE_S_000020,P04,BLUE,S,image_000020.jpg,training/P04/BLUE/S/images/image_000020.jpg,3c965c7c1b29a7b5407775c035b79fbc330322fcf5ecaf81965e785ce1f87b1a,11361,,,true
P04_BLUE_S_000021,P04,BLUE,S,image_000021.jpg,training/P04/BLUE/S/images/image_000021.jpg,a90fa507fecdd0a8190827db0114c84eb4133860a4c98c1910ab6053320ab189,11417,,,true
P04_BLUE_S_000022,P04,BLUE,S,image_000022.jpg,training/P04/BLUE/S/images/image_000022.jpg,bb54ad76fbe455cdf28c174994489b4523412e1a2030e33e85e450dba83e4b82,11352,,,true
P04_BLUE_S_000023,P04,BLUE,S,image_000023.jpg,training/P04/BLUE/S/images/image_000023.jpg,2ad80fab776c7d6df7f75119201e5da080aaaa1da4371a4fbcfe1e795eab140e,11347,,,true
P04_BLUE_S_000024,P04,BLUE,S,image_000024.jpg,training/P04/BLUE/S/images/image_000024.jpg,b394942ddd6efc271d4594abbf7c34d84234d04e465fc23b9b2974d753b334a6,6664,,,true
P04_BLUE_S_000025,P04,BLUE,S,image_000025.jpg,training/P04/BLUE/S/images/image_000025.jpg,2b25ebefbdf3f10404b6716b3a1e68d4ef31a0d9a525aed58e270b12df61bfae,6389,,,true
P04_BLUE_T_000001,P04,BLUE,T,image_000001.jpg,training/P04/BLUE/T/images/image_000001.jpg,a6ec797d75cfe03d0e45cb99440764fbf9e1eead5aa880f79cba8fc9ccd1d158,6055,,,true
P04_BLUE_T_000002,P04,BLUE,T,image_000002.jpg,training/P04/BLUE/T/images/image_000002.jpg,bf0cc3a964ba8f2201b372129002ba511a3e6d6443a369c69319f3bde16950a5,6649,,,true
P04_BLUE_T_000003,P04,BLUE,T,image_000003.jpg,training/P04/BLUE/T/images/image_000003.jpg,f399b241d817167d8e5e1a04fa9bff974e9059cdcf6bc1bfd6392e53c36e90bf,10140,,,true
P04_BLUE_T_000004,P04,BLUE,T,image_000004.jpg,training/P04/BLUE/T/images/image_000004.jpg,86ac44758bee84fc448a44d63f3c95d03ad58cc3688fb16fb4cab022ceb44672,10839,,,true
P04_BLUE_T_000005,P04,BLUE,T,image_000005.jpg,training/P04/BLUE/T/images/image_000005.jpg,51a6317beff92bbe99d02bd948a5463e31ce3462742da1203404fab0be180bf6,10465,,,true
P04_BLUE_T_000006,P04,BLUE,T,image_000006.jpg,training/P04/BLUE/T/images/image_000006.jpg,894910a18d7469c047b84b0bd8128d9c4303051a5353216f20ab73d3930c8fd9,10316,,,true
P04_BLUE_T_000007,P04,BLUE,T,image_000007.jpg,training/P04/BLUE/T/images/image_000007.jpg,e1b159fad828545ab1545da1aac0d433df778ae03dea6aaec1e4e3b5d24ce071,11076,,,true
P04_BLUE_T_000008,P04,BLUE,T,image_000008.jpg,training/P04/BLUE/T/images/image_000008.jpg,2e5cc3cc641d314eedd812d20a6f9b24a79d5dfdf6b0ce5224442aa7afc8fc9d,10455,,,true
P04_BLUE_T_000009,P04,BLUE,T,image_000009.jpg,training/P04/BLUE/T/images/image_000009.jpg,1b058eb8b472f174c8170af55e3c6eadd37cf274a0a31b798039c08f494e82a7,10688,,,true
P04_BLUE_T_000010,P04,BLUE,T,image_000010.jpg,training/P04/BLUE/T/images/image_000010.jpg,007bc2c58f4e2c87f9dfc3bbe284a0ff0a82ff7d67c311e1f6e531106030dc11,10989,,,true
P04_BLUE_T_000011,P04,BLUE,T,image_000011.jpg,training/P04/BLUE/T/images/image_000011.jpg,b3521e6294c6e108176626fc0dde032bdfe5a073ebe3b28fbbbf71597949acb3,10616,,,true
P04_BLUE_T_000012,P04,BLUE,T,image_000012.jpg,training/P04/BLUE/T/images/image_000012.jpg,9b629c57a48e350717c493ab85953aee45529cdda16a49a9ac7013677756b6f5,10771,,,true
P04_BLUE_T_000013,P04,BLUE,T,image_000013.jpg,training/P04/BLUE/T/images/image_000013.jpg,7f323004d7ec1cec2bce1870d5571e28c0aeb3ea3734c3e8d20cf1ff2b76a0c7,11027,,,true
P04_BLUE_T_000014,P04,BLUE,T,image_000014.jpg,training/P04/BLUE/T/images/image_000014.jpg,f4e175042513865206a02d215d8a61d7037ee5b7755ec2c5424fe8ea4f37641e,10598,,,true
P04_BLUE_T_000015,P04,BLUE,T,image_000015.jpg,training/P04/BLUE/T/images/image_000015.jpg,2f49841c8a55e4ca544fe214f1ddfc2deaf9728e3243ff396881f8aa21e30d1f,10525,,,true
P04_BLUE_T_000016,P04,BLUE,T,image_000016.jpg,training/P04/BLUE/T/images/image_000016.jpg,0bfa07b40966b7306953d42c7f399be5f586827d86f29c1e3dd583157f5f5161,10583,,,true
P04_BLUE_T_000017,P04,BLUE,T,image_000017.jpg,training/P04/BLUE/T/images/image_000017.jpg,98c0ddccb43f286297dab0a8ef798cab9575ae834b5423392992fd92f618d44b,11328,,,true
P04_BLUE_T_000018,P04,BLUE,T,image_000018.jpg,training/P04/BLUE/T/images/image_000018.jpg,ad8e7f2d85155d1792d56c8104bc007b90f0dcfdc93b1c516418859448007d96,11000,,,true
P04_BLUE_T_000019,P04,BLUE,T,image_000019.jpg,training/P04/BLUE/T/images/image_000019.jpg,95f72ded53e71804efbc8f287183cb525a4ed6567652f43c336fa744724a6c9d,11029,,,true
P04_BLUE_T_000020,P04,BLUE,T,image_000020.jpg,training/P04/BLUE/T/images/image_000020.jpg,beb8f08bb379afe23541ded7d83bcb841e4481c3127092ed1f1244ef2b5dcbee,11157,,,true
P04_BLUE_T_000021,P04,BLUE,T,image_000021.jpg,training/P04/BLUE/T/images/image_000021.jpg,fcd38c3ee8ec14424e3d72eab68303a6ced1ad232bf61a2c4cb1de6a84a22aa4,11339,,,true
P04_BLUE_T_000022,P04,BLUE,T,image_000022.jpg,training/P04/BLUE/T/images/image_000022.jpg,7ef29b527fb857893fcc47cf55256be33989270f619105cabddcbebc7b70965c,11263,,,true
P04_BLUE_T_000023,P04,BLUE,T,image_000023.jpg,training/P04/BLUE/T/images/image_000023.jpg,3897659c8b1b644f9a45e969abbbb7b40ca53a3940f31ba84adc5744bb397cdc,11038,,,true
P04_BLUE_T_000024,P04,BLUE,T,image_000024.jpg,training/P04/BLUE/T/images/image_000024.jpg,f78278343490935d799472be24c1dc4dc5e325d2bf3530b30d0732d83073acf8,11199,,,true
P04_BLUE_T_000025,P04,BLUE,T,image_000025.jpg,training/P04/BLUE/T/images/image_000025.jpg,f24e0b9f91c22584c34e4452a725bacb743196407bf538d05326ce5bb9e80fa9,6528,,,true
P04_BLUE_U_000001,P04,BLUE,U,image_000001.jpg,training/P04/BLUE/U/images/image_000001.jpg,6ea6c014f1d73ad04dbc2e406d4c96b3f1a6c74f42f3b8b6d3a9f9967ceff350,10369,,,true
P04_BLUE_U_000002,P04,BLUE,U,image_000002.jpg,training/P04/BLUE/U/images/image_000002.jpg,15d766421cb5878cb7c82f532bcd995d3bc47e1118ff6e5b369e7c2a43410253,10238,,,true
P04_BLUE_U_000003,P04,BLUE,U,image_000003.jpg,training/P04/BLUE/U/images/image_000003.jpg,27e262668a1750986b7d0557589a884103334affa346f1c48b90702607d2f4bf,9930,,,true
P04_BLUE_U_000004,P04,BLUE,U,image_000004.jpg,training/P04/BLUE/U/images/image_000004.jpg,a0fa16f250db5b05bb0535417c30301071f3b57f3200e13f1333171142f9eee9,10288,,,true
P04_BLUE_U_000005,P04,BLUE,U,image_000005.jpg,training/P04/BLUE/U/images/image_000005.jpg,941c69a6c47a0e2c43dac3726fff787a946b17000214ee38241f8b2fb488131f,10657,,,true
P04_BLUE_U_000006,P04,BLUE,U,image_000006.jpg,training/P04/BLUE/U/images/image_000006.jpg,584ce4a64bedaf782ea881fe0bb2eef3c96ffe75b45f174bed243bb9ba50a92d,10805,,,true
P04_BLUE_U_000007,P04,BLUE,U,image_000007.jpg,training/P04/BLUE/U/images/image_000007.jpg,ecde4b57f98f55588a018d6a1bb19f4ffa7769280ce9de95a1e77ec995508bc6,10766,,,true
P04_BLUE_U_000008,P04,BLUE,U,image_000008.jpg,training/P04/BLUE/U/images/image_000008.jpg,d3f7c40461f6031ed9a75901c0e075479085f26b857d3c99b1aeb2b72e8dad76,10702,,,true
P04_BLUE_U_000009,P04,BLUE,U,image_000009.jpg,training/P04/BLUE/U/images/image_000009.jpg,95fc91ceac4fc83d6c84509ab6d48e38e41361486c5da597f5db03ac37ad3ccb,10603,,,true
P04_BLUE_U_000010,P04,BLUE,U,image_000010.jpg,training/P04/BLUE/U/images/image_000010.jpg,a9c5fc85cda63e18e5432d364678f714f02857c277f8c808db510bb67796934b,10003,,,true
P04_BLUE_U_000011,P04,BLUE,U,image_000011.jpg,training/P04/BLUE/U/images/image_000011.jpg,2fc091cc0058c1f1fd678ebca2954a97d7ecf5dea7910454283ae0c87184483c,9748,,,true
P04_BLUE_U_000012,P04,BLUE,U,image_000012.jpg,training/P04/BLUE/U/images/image_000012.jpg,440c1ad9b83c111b0604f3e4d991efecd045834f6aff62ff25370d190f05fc26,10127,,,true
P04_BLUE_U_000013,P04,BLUE,U,image_000013.jpg,training/P04/BLUE/U/images/image_000013.jpg,9e2d10c32503e37a2e98fe5ac4c01e214080a164ce8db9475a36d7e4cc72a9ef,9817,,,true
P04_BLUE_U_000014,P04,BLUE,U,image_000014.jpg,training/P04/BLUE/U/images/image_000014.jpg,3517133f7c963242fd58e2418d27bddc215b8d3b50678ec397f5cff71297bc79,10445,,,true
P04_BLUE_U_000015,P04,BLUE,U,image_000015.jpg,training/P04/BLUE/U/images/image_000015.jpg,222f3d5e11cce12a28141f0f42a4b3dba0960517db2343d8e5b43fd04a0a368e,10406,,,true
P04_BLUE_U_000016,P04,BLUE,U,image_000016.jpg,training/P04/BLUE/U/images/image_000016.jpg,654373d883f53d761b32cc3ab02b86428f812593c40773d550d59b59ecc5a81b,10625,,,true
P04_BLUE_U_000017,P04,BLUE,U,image_000017.jpg,training/P04/BLUE/U/images/image_000017.jpg,67f2a82fb1c263693dd41539cb5f7fffc2a009eea61540a3075a06bdb94c559a,10640,,,true
P04_BLUE_U_000018,P04,BLUE,U,image_000018.jpg,training/P04/BLUE/U/images/image_000018.jpg,924360b555264055720299b789cd2d9af04437daaec06e43e51b0182b7dc1c1e,10371,,,true
P04_BLUE_U_000019,P04,BLUE,U,image_000019.jpg,training/P04/BLUE/U/images/image_000019.jpg,fc9ccf5453d1f26ea75af33e35fd6f331066bc6ae4bd3577402bffd409ae889c,10019,,,true
P04_BLUE_U_000020,P04,BLUE,U,image_000020.jpg,training/P04/BLUE/U/images/image_000020.jpg,8df95415934d792687874a8de0cc94e1d9ad089c120182ae4514ff39c68b9c3c,10127,,,true
P04_BLUE_U_000021,P04,BLUE,U,image_000021.jpg,training/P04/BLUE/U/images/image_000021.jpg,920ae8a3d51f57114d6157328a063482e3fd4d044aba6987e7ceb4c385e8a12e,10085,,,true
P04_BLUE_U_000022,P04,BLUE,U,image_000022.jpg,training/P04/BLUE/U/images/image_000022.jpg,a3ee5ff2f7aeae920a73fa4375e5db628d59d0febdded19ca4557a6d22ebe0e8,10207,,,true
P04_BLUE_U_000023,P04,BLUE,U,image_000023.jpg,training/P04/BLUE/U/images/image_000023.jpg,07a43787a9536f87adfec039c17da75d1c16206cab5724e7c50a17519bfc82fb,10602,,,true
P04_BLUE_U_000024,P04,BLUE,U,image_000024.jpg,training/P04/BLUE/U/images/image_000024.jpg,d45b1088642fd19fec97233c775fb074e238375421c1d35a7ef52c7dd9093015,9908,,,true
P04_BLUE_U_000025,P04,BLUE,U,image_000025.jpg,training/P04/BLUE/U/images/image_000025.jpg,3842385318a80e7415ecf53f428a940fd6c8369f3932b5550a7df9b35bccb41b,10824,,,true
P04_BLUE_V_000001,P04,BLUE,V,image_000001.jpg,training/P04/BLUE/V/images/image_000001.jpg,267bd9f7e19f1f3e68d842ca3c8c9aca9d4b61e3775ea07c298131aa73611b3d,10544,,,true
P04_BLUE_V_000002,P04,BLUE,V,image_000002.jpg,training/P04/BLUE/V/images/image_000002.jpg,826e08f57e20b1ab4da11c561d9d3d29f41fac09a9b8321bf76287fd3b9ed14f,10215,,,true
P04_BLUE_V_000003,P04,BLUE,V,image_000003.jpg,training/P04/BLUE/V/images/image_000003.jpg,64aeb41ef22edd5fc128e1f65ed031d8d64d9178b26d33255398fd5125fa5d51,9914,,,true
P04_BLUE_V_000004,P04,BLUE,V,image_000004.jpg,training/P04/BLUE/V/images/image_000004.jpg,eb5eb4b08e6bb4785bdae4dd4806670153180044a0dfbfedb7fcd4a2a33fee9c,10343,,,true
P04_BLUE_V_000005,P04,BLUE,V,image_000005.jpg,training/P04/BLUE/V/images/image_000005.jpg,4748ce1c2d4152323ae154a0e40383fe1555ec494e3ca4ab262448f01d1dde21,10455,,,true
P04_BLUE_V_000006,P04,BLUE,V,image_000006.jpg,training/P04/BLUE/V/images/image_000006.jpg,de97cd8cecd7cc949d0eb71e6f155d8cc3a33bb8f4e77d5a5e2031ff7b5a7667,10838,,,true
P04_BLUE_V_000007,P04,BLUE,V,image_000007.jpg,training/P04/BLUE/V/images/image_000007.jpg,b5ef545baf724f4ad779dfa24e5e7dc1ea8ec4820719aa52f9bd4309fd1f5b73,10519,,,true
P04_BLUE_V_000008,P04,BLUE,V,image_000008.jpg,training/P04/BLUE/V/images/image_000008.jpg,1afedd0f4ce56efc324efc3eb2f02fa2dafdd0f7ab12bfa200edd6ba29345e28,10522,,,true
P04_BLUE_V_000009,P04,BLUE,V,image_000009.jpg,training/P04/BLUE/V/images/image_000009.jpg,c2da5f01e267f2b34e0673ada45a1f968504e422e7d62becc29b8fb3055a97c4,10661,,,true
P04_BLUE_V_000010,P04,BLUE,V,image_000010.jpg,training/P04/BLUE/V/images/image_000010.jpg,394902f0ed9dc0023ed5ff3293819ad8fffc7c78dfeae2cbb2ee921925b0b531,10825,,,true
P04_BLUE_V_000011,P04,BLUE,V,image_000011.jpg,training/P04/BLUE/V/images/image_000011.jpg,119caa9c96ca78e75442f0ca9284f6f8c7ddf69b3ac536e72a3568e12de3df77,10616,,,true
P04_BLUE_V_000012,P04,BLUE,V,image_000012.jpg,training/P04/BLUE/V/images/image_000012.jpg,9ab0853d9f7165cf382c028c553d77a60ad2b593e6185a1dee6b130c7d519b25,10982,,,true
P04_BLUE_V_000013,P04,BLUE,V,image_000013.jpg,training/P04/BLUE/V/images/image_000013.jpg,e8726d38f7b206fed640c151c498498f2ec8b3180bc987e876d1738ea54f9409,10875,,,true
P04_BLUE_V_000014,P04,BLUE,V,image_000014.jpg,training/P04/BLUE/V/images/image_000014.jpg,b078ac02d5d243ca1f0c8257cd6321a4988d03afab5aec0d4fa3c26f8b50f8d3,10378,,,true
P04_BLUE_V_000015,P04,BLUE,V,image_000015.jpg,training/P04/BLUE/V/images/image_000015.jpg,700bbce39c4a3b8b539ad1c5120b70b9740f91b986d1d9c86048750a45478270,10300,,,true
P04_BLUE_V_000016,P04,BLUE,V,image_000016.jpg,training/P04/BLUE/V/images/image_000016.jpg,8e55afeebeba0192aa462dbb37bc65a05a7b609789caee2213214685359c419c,10108,,,true
P04_BLUE_V_000017,P04,BLUE,V,image_000017.jpg,training/P04/BLUE/V/images/image_000017.jpg,073dcf546a738119d309105f08f76a707e78df4125d697f7f9a766216292db93,10197,,,true
P04_BLUE_V_000018,P04,BLUE,V,image_000018.jpg,training/P04/BLUE/V/images/image_000018.jpg,e5d63d9d9690dd8383c8ddcc989f3a6e2cd761eb731be7fff4f7be44e950ea46,10386,,,true
P04_BLUE_V_000019,P04,BLUE,V,image_000019.jpg,training/P04/BLUE/V/images/image_000019.jpg,a3f20676c52d40dad11ea24593e916ad8d2c5986510087e7304281b030ef8cbc,10475,,,true
P04_BLUE_V_000020,P04,BLUE,V,image_000020.jpg,training/P04/BLUE/V/images/image_000020.jpg,22a8a5d4464ed5e875e60179d62c4a0e096e39ca2b4e2093a89edb1e251b24ab,10528,,,true
P04_BLUE_V_000021,P04,BLUE,V,image_000021.jpg,training/P04/BLUE/V/images/image_000021.jpg,9c9f6d146e2305e7c2384e4c2506230b77d562bed5fc56252937a4da2be2c139,10434,,,true
P04_BLUE_V_000022,P04,BLUE,V,image_000022.jpg,training/P04/BLUE/V/images/image_000022.jpg,5668f91906404418ef3499182335092e11c5978c62ae8d759cdccccc81d4bd99,10440,,,true
P04_BLUE_V_000023,P04,BLUE,V,image_000023.jpg,training/P04/BLUE/V/images/image_000023.jpg,b111795a5c211e80add2d9934558edbe3d65f469d313788293bcd77ed2a304a8,10384,,,true
P04_BLUE_V_000024,P04,BLUE,V,image_000024.jpg,training/P04/BLUE/V/images/image_000024.jpg,44b68bf6f348938d58a6d6a596b4277981286fc1be2ac947896439152251abc1,10423,,,true
P04_BLUE_V_000025,P04,BLUE,V,image_000025.jpg,training/P04/BLUE/V/images/image_000025.jpg,3734596e00d214baee7595d3fae8708c6e378000fba63683fdf4b4235b9c682c,10321,,,true
P04_BLUE_W_000001,P04,BLUE,W,image_000001.jpg,training/P04/BLUE/W/images/image_000001.jpg,3c38f17c7ee180ddd1fd4993f157db37b9990f6f28cde61d7e91ce0c03ed90cb,6242,,,true
P04_BLUE_W_000002,P04,BLUE,W,image_000002.jpg,training/P04/BLUE/W/images/image_000002.jpg,e818478aeebbef98150234ad79f7fa7ca1ee1cece06089f8fc6807d3fdfe864a,6786,,,true
P04_BLUE_W_000003,P04,BLUE,W,image_000003.jpg,training/P04/BLUE/W/images/image_000003.jpg,5ccfa0bf0e2b850d5f010ec159c7dedba9cd436457ff58aa15f83e11d195cb2f,10788,,,true
P04_BLUE_W_000004,P04,BLUE,W,image_000004.jpg,training/P04/BLUE/W/images/image_000004.jpg,6adacbdfdc106d8dad199c665937f338f485714376f0da33664fd5523daa90d5,11286,,,true
P04_BLUE_W_000005,P04,BLUE,W,image_000005.jpg,training/P04/BLUE/W/images/image_000005.jpg,407631ce9ab4e0b901288faaf3da71eb0306ec64e7087af64be7048a38e5a760,10833,,,true
P04_BLUE_W_000006,P04,BLUE,W,image_000006.jpg,training/P04/BLUE/W/images/image_000006.jpg,99cd635f69390723542a817a63953ad9c0b643885b6c98e379da7de361ca5a38,10750,,,true
P04_BLUE_W_000007,P04,BLUE,W,image_000007.jpg,training/P04/BLUE/W/images/image_000007.jpg,c21afd2335804d329402994e6734d9d07d0d42d340341c42964ce6e3ccd86766,11099,,,true
P04_BLUE_W_000008,P04,BLUE,W,image_000008.jpg,training/P04/BLUE/W/images/image_000008.jpg,b332aeac5f0252be492a64a89aa679453ddf58c55446e502b05867a4042ef2ba,11367,,,true
P04_BLUE_W_000009,P04,BLUE,W,image_000009.jpg,training/P04/BLUE/W/images/image_000009.jpg,f6314dc6cc85e4c6a8ede8aae99af5bb39d29fe9c3b0049ba997e958924706d0,10963,,,true
P04_BLUE_W_000010,P04,BLUE,W,image_000010.jpg,training/P04/BLUE/W/images/image_000010.jpg,bbd345752a5c248241ef1e772f8c2d26fc48faf19855475e671dd66af6be66e7,11100,,,true
P04_BLUE_W_000011,P04,BLUE,W,image_000011.jpg,training/P04/BLUE/W/images/image_000011.jpg,df559651bc16cf1278c4cf5c7a3690aaeee9a4cc740d50ec35867e3810c7bbfc,11196,,,true
P04_BLUE_W_000012,P04,BLUE,W,image_000012.jpg,training/P04/BLUE/W/images/image_000012.jpg,2d72f6e87a4c676ed7f38f4b37325515357ff483759b9be24f153c190e30cd4c,11272,,,true
P04_BLUE_W_000013,P04,BLUE,W,image_000013.jpg,training/P04/BLUE/W/images/image_000013.jpg,563ba75dd8574c8dcb745b7fcc7b35f6fd56106fcac33531c38e2c55da56213c,11331,,,true
P04_BLUE_W_000014,P04,BLUE,W,image_000014.jpg,training/P04/BLUE/W/images/image_000014.jpg,0b5c8e79b51c46f14ed8ff539e549d4abc948c4149860751631e9aee465a6054,10359,,,true
P04_BLUE_W_000015,P04,BLUE,W,image_000015.jpg,training/P04/BLUE/W/images/image_000015.jpg,23420560fa23fbfa03945b60849e669c34252571666ff43c888426c8efd64ea0,10258,,,true
P04_BLUE_W_000016,P04,BLUE,W,image_000016.jpg,training/P04/BLUE/W/images/image_000016.jpg,360ca852f150c783c249b5da520b8baf14523133c309c7aa935825805eeb0d1a,9211,,,true
P04_BLUE_W_000017,P04,BLUE,W,image_000017.jpg,training/P04/BLUE/W/images/image_000017.jpg,69aa4ed45ec65be72ee4a55e75d484fb646773973d55af7b3580acff8de9d557,9236,,,true
P04_BLUE_W_000018,P04,BLUE,W,image_000018.jpg,training/P04/BLUE/W/images/image_000018.jpg,1f565a35d9a1e3659abbb27d907be999f76af6f8710bc32ddb48a603689deecd,9680,,,true
P04_BLUE_W_000019,P04,BLUE,W,image_000019.jpg,training/P04/BLUE/W/images/image_000019.jpg,0b4dc842e0fe2fe3eb5605cf9b88d16aeabc6d0fd8af74becbea72a82db2fcc1,10240,,,true
P04_BLUE_W_000020,P04,BLUE,W,image_000020.jpg,training/P04/BLUE/W/images/image_000020.jpg,668274c81d752e96475101e52e6968f607a65ffaf9a6711464df0bd9f19d6433,10365,,,true
P04_BLUE_W_000021,P04,BLUE,W,image_000021.jpg,training/P04/BLUE/W/images/image_000021.jpg,504ae004f7f099479b06392d5f6d94af32daef7698f6250323b46f9e2f50a536,10421,,,true
P04_BLUE_W_000022,P04,BLUE,W,image_000022.jpg,training/P04/BLUE/W/images/image_000022.jpg,0e7f260c71da770901f2b3d94b26f702863d6c2951b1580ddf5caac2f2f400ee,10383,,,true
P04_BLUE_W_000023,P04,BLUE,W,image_000023.jpg,training/P04/BLUE/W/images/image_000023.jpg,b71dd1c379fd0f5812e4f0beef954c6ac4c00e691450bd7444331007d6d90936,10016,,,true
P04_BLUE_W_000024,P04,BLUE,W,image_000024.jpg,training/P04/BLUE/W/images/image_000024.jpg,b838662a7ab0071d399d8b9c2a565cff63a6f1d4300f2571fcdf97685087074d,10226,,,true
P04_BLUE_W_000025,P04,BLUE,W,image_000025.jpg,training/P04/BLUE/W/images/image_000025.jpg,aa1c0c5ad386cacc0b72b7592a289d8cb9daeaefe40d4b01bdcc38eac469bca1,10209,,,true
P04_BLUE_Y_000001,P04,BLUE,Y,image_000001.jpg,training/P04/BLUE/Y/images/image_000001.jpg,897b72a2a8bf41906652c0f25b12729ca2137549035382906910a974a123a1a9,6565,,,true
P04_BLUE_Y_000002,P04,BLUE,Y,image_000002.jpg,training/P04/BLUE/Y/images/image_000002.jpg,01e45248107c9d1cccccad38f40a2e26af3fa1006b55ba8f26c19fc6e5fdabd8,5939,,,true
P04_BLUE_Y_000003,P04,BLUE,Y,image_000003.jpg,training/P04/BLUE/Y/images/image_000003.jpg,a162ee4aaee3953be50a63f6455807e61ad4e280893ba5f08635aea6acd9df38,10238,,,true
P04_BLUE_Y_000004,P04,BLUE,Y,image_000004.jpg,training/P04/BLUE/Y/images/image_000004.jpg,b2752d49c64eeebe4844bd6425e96fcdf2a2b331d219e7ac41c94aef8edc4d5d,10106,,,true
P04_BLUE_Y_000005,P04,BLUE,Y,image_000005.jpg,training/P04/BLUE/Y/images/image_000005.jpg,ca6241a05a34ab3d0f5aa0bf350d70c8bcec5325f400dae76628be7770c93216,10380,,,true
P04_BLUE_Y_000006,P04,BLUE,Y,image_000006.jpg,training/P04/BLUE/Y/images/image_000006.jpg,d9b6231f10ae123e6fc60b632f6f060289366394ffe05e2ce7c7f688a0087fbd,9925,,,true
P04_BLUE_Y_000007,P04,BLUE,Y,image_000007.jpg,training/P04/BLUE/Y/images/image_000007.jpg,ab42ab512dcac31a6c258fef1422d90d105f67849975b75407f84348059ad9fc,8836,,,true
P04_BLUE_Y_000008,P04,BLUE,Y,image_000008.jpg,training/P04/BLUE/Y/images/image_000008.jpg,2956cd2de0cffd668dfe75e844108a261fe05f15dbf2aaae728b79831a17c8c8,10743,,,true
P04_BLUE_Y_000009,P04,BLUE,Y,image_000009.jpg,training/P04/BLUE/Y/images/image_000009.jpg,b98bedefe92f782e41040d6cb3ad23f4b04f15bf9311e88f1f9e2e4491c66353,10666,,,true
P04_BLUE_Y_000010,P04,BLUE,Y,image_000010.jpg,training/P04/BLUE/Y/images/image_000010.jpg,f419df4ae093f86b010fad8a4cd68c935df70e3c22be875e735ff33f4bd64cc2,10650,,,true
P04_BLUE_Y_000011,P04,BLUE,Y,image_000011.jpg,training/P04/BLUE/Y/images/image_000011.jpg,e133dc094170cf25dafce5d285e9cdc7f03958ee2c05edcad8089b00b1409272,10465,,,true
P04_BLUE_Y_000012,P04,BLUE,Y,image_000012.jpg,training/P04/BLUE/Y/images/image_000012.jpg,f7c5c92fbd8abb159be24f36078b78c33595a329377e72ed2ee9c648870456df,10663,,,true
P04_BLUE_Y_000013,P04,BLUE,Y,image_000013.jpg,training/P04/BLUE/Y/images/image_000013.jpg,581da1abf81ea00177c650ee7816354d37a0544a1b5d8295af7da39e542f4a68,10433,,,true
P04_BLUE_Y_000014,P04,BLUE,Y,image_000014.jpg,training/P04/BLUE/Y/images/image_000014.jpg,06022e5d3261bf6be0a8c624f442b6cbc8e2d50495b314559bbb35b6a165d74c,10581,,,true
P04_BLUE_Y_000015,P04,BLUE,Y,image_000015.jpg,training/P04/BLUE/Y/images/image_000015.jpg,ef8ee491ed4a498fd9b84d2592814c26cba7b25b4cb64923ea7505041461cc53,10631,,,true
P04_BLUE_Y_000016,P04,BLUE,Y,image_000016.jpg,training/P04/BLUE/Y/images/image_000016.jpg,83a74e9c73f738f3eacef085d76835b5a0bfd4fe94d29759275a3c4723c6d045,11123,,,true
P04_BLUE_Y_000017,P04,BLUE,Y,image_000017.jpg,training/P04/BLUE/Y/images/image_000017.jpg,af0e945b30440f50747608d2d804d83e293ed4a17e93192b950a4a69aad03e58,10681,,,true
P04_BLUE_Y_000018,P04,BLUE,Y,image_000018.jpg,training/P04/BLUE/Y/images/image_000018.jpg,d3b244f11a3186b726ec5ad9e0c7530f159cce63d6c71083c2595b9365f9dce2,10356,,,true
P04_BLUE_Y_000019,P04,BLUE,Y,image_000019.jpg,training/P04/BLUE/Y/images/image_000019.jpg,2e57b09cc01ff7fa3ac231320f010bfdfed561627b275d2ffc20b925ee419df9,9972,,,true
P04_BLUE_Y_000020,P04,BLUE,Y,image_000020.jpg,training/P04/BLUE/Y/images/image_000020.jpg,bf1e2efca390db62d1cd200637e43aeb95848c3f04d1f975cc811d05f80848eb,9881,,,true
P04_BLUE_Y_000021,P04,BLUE,Y,image_000021.jpg,training/P04/BLUE/Y/images/image_000021.jpg,e56a42edc8827e1600e317742bcf56ff40384e7517626c382f4ca99053c94702,10106,,,true
P04_BLUE_Y_000022,P04,BLUE,Y,image_000022.jpg,training/P04/BLUE/Y/images/image_000022.jpg,1be09bd8efe15e4a59bf5feb6cc0a16aa392a43880af4e28eb4e041b81aa441d,10099,,,true
P04_BLUE_Y_000023,P04,BLUE,Y,image_000023.jpg,training/P04/BLUE/Y/images/image_000023.jpg,e5a1fcc0a16e7bc721c6c1992b7cf8c0b9ba039b46ea67b61002371f9036ddfe,10232,,,true
P04_BLUE_Y_000024,P04,BLUE,Y,image_000024.jpg,training/P04/BLUE/Y/images/image_000024.jpg,c91295aca1302337780ce5980f7083139e76ee35cedb37129e7ddbb4da6ca012,10185,,,true
P04_BLUE_Y_000025,P04,BLUE,Y,image_000025.jpg,training/P04/BLUE/Y/images/image_000025.jpg,c34231b4c0dbbbf22944b905b91526dd17a96fc068e0e6e5801635bae4941d98,6227,,,true
P05_BLACK_A_000001,P05,BLACK,A,image_000001.jpg,training/P05/BLACK/A/images/image_000001.jpg,5832beb25d5814acee04bb835d2112d2855ebf991276df697979d31fd83b57ba,8719,,,true
P05_BLACK_A_000002,P05,BLACK,A,image_000002.jpg,training/P05/BLACK/A/images/image_000002.jpg,c790950d4ef187dbabeba2d227e2286bb89823b81561d25b84e1d6d96dc2eb1a,8854,,,true
P05_BLACK_A_000003,P05,BLACK,A,image_000003.jpg,training/P05/BLACK/A/images/image_000003.jpg,cf69e30e6da9c1ba4a6cc1b5ac0eb1a52d50910d115cc0821f07703ed8a242fe,8592,,,true
P05_BLACK_A_000004,P05,BLACK,A,image_000004.jpg,training/P05/BLACK/A/images/image_000004.jpg,57bc6777742646f1a7e5c8876f5747f764d733473c85c8e8258c49908246e137,9197,,,true
P05_BLACK_A_000005,P05,BLACK,A,image_000005.jpg,training/P05/BLACK/A/images/image_000005.jpg,db098406624fe0f4b9300280fc8dc7ec05d2b9ac0a143ec624d26ac93d5659c7,8183,,,true
P05_BLACK_A_000006,P05,BLACK,A,image_000006.jpg,training/P05/BLACK/A/images/image_000006.jpg,9d49c67a7815de46347f078c45683a98d305727493941f2c68d1d4a1f28d48f8,8947,,,true
P05_BLACK_A_000007,P05,BLACK,A,image_000007.jpg,training/P05/BLACK/A/images/image_000007.jpg,90c58c6c6e1b276cf71dd9df91d254aa95661e693a1d55532acd6e2d18aa0316,9485,,,true
P05_BLACK_A_000008,P05,BLACK,A,image_000008.jpg,training/P05/BLACK/A/images/image_000008.jpg,f836f128394b190ce6693995bcf72651695ec977e8bca3d5b4502e302f0323cb,8662,,,true
P05_BLACK_A_000009,P05,BLACK,A,image_000009.jpg,training/P05/BLACK/A/images/image_000009.jpg,9b2ef8ca84192217886851fba8bbc135f5d2353d5e7a035b3bb7c0562b6f53ae,9281,,,true
P05_BLACK_A_000010,P05,BLACK,A,image_000010.jpg,training/P05/BLACK/A/images/image_000010.jpg,6c675b791badc467b2e64b860dd634beff3f0f40ea9637703602def980ab5b1a,9589,,,true
P05_BLACK_A_000011,P05,BLACK,A,image_000011.jpg,training/P05/BLACK/A/images/image_000011.jpg,601ac9cda037dbc238c54669caa4968c7f880339df06ccb1bce6c12dc5274543,8142,,,true
P05_BLACK_A_000012,P05,BLACK,A,image_000012.jpg,training/P05/BLACK/A/images/image_000012.jpg,38f2c92e43593e9d5679a977ca410983f240987bbfd7093f40eae208888c8ab4,8082,,,true
P05_BLACK_A_000013,P05,BLACK,A,image_000013.jpg,training/P05/BLACK/A/images/image_000013.jpg,8ab1e52ef457cf8e820ac93bb7b26b37efd34632a93ce8536487d099bc81739d,7814,,,true
P05_BLACK_A_000014,P05,BLACK,A,image_000014.jpg,training/P05/BLACK/A/images/image_000014.jpg,537359230e27c2d4cd98516deaa8c90b89925dd22eb50ac828e54272b687b655,7695,,,true
P05_BLACK_A_000015,P05,BLACK,A,image_000015.jpg,training/P05/BLACK/A/images/image_000015.jpg,550fceebdc7ea1eca862b21660d817103776d0d872403a721a7e81b39b7d1904,8134,,,true
P05_BLACK_A_000016,P05,BLACK,A,image_000016.jpg,training/P05/BLACK/A/images/image_000016.jpg,4c1a3be5578f54e4002f6771b6ce82abf68461a544f6ccbd87ab830d613c0e1f,8093,,,true
P05_BLACK_A_000017,P05,BLACK,A,image_000017.jpg,training/P05/BLACK/A/images/image_000017.jpg,550bf175fb68cb8db8f15b4a3ef23255059a39e9a09c413713d00e54e83e7765,8432,,,true
P05_BLACK_A_000018,P05,BLACK,A,image_000018.jpg,training/P05/BLACK/A/images/image_000018.jpg,9dbe954bf0bc512f8e148f45b45a739a7475068ba37f71a9a1e4725f45fde62c,8091,,,true
P05_BLACK_A_000019,P05,BLACK,A,image_000019.jpg,training/P05/BLACK/A/images/image_000019.jpg,70a2b4f1c0d139ad9897a13c7ec4bc49ec85ed6e788d33fdfd5be9eba669db22,8226,,,true
P05_BLACK_A_000020,P05,BLACK,A,image_000020.jpg,training/P05/BLACK/A/images/image_000020.jpg,d92f9505d5069d2da252c143e894127427b7cd94b1a5afc325b987d465bc4922,8609,,,true
P05_BLACK_A_000021,P05,BLACK,A,image_000021.jpg,training/P05/BLACK/A/images/image_000021.jpg,b631ac2e5a88f1aa37555fbcdebd18cda6225b4e6209f0232381d594b3f7681d,8303,,,true
P05_BLACK_A_000022,P05,BLACK,A,image_000022.jpg,training/P05/BLACK/A/images/image_000022.jpg,844a21c5ebbfcface98abf56dc3f100ea9b7b6ed2e46813654c0cfdd0b1d2c1a,9284,,,true
P05_BLACK_A_000023,P05,BLACK,A,image_000023.jpg,training/P05/BLACK/A/images/image_000023.jpg,807e89b30922d879d160901a2d6de070566da3f988b5e140af08186d273dac0a,8075,,,true
P05_BLACK_A_000024,P05,BLACK,A,image_000024.jpg,training/P05/BLACK/A/images/image_000024.jpg,843b611a99046feddcb13d2d0e73e3af9fca58e1e69a66950a128eb9ee7ea459,8256,,,true
P05_BLACK_A_000025,P05,BLACK,A,image_000025.jpg,training/P05/BLACK/A/images/image_000025.jpg,bbd6a7e729e84b04a1ca154b677cdc605c3a057a27509ad2e644196d93db2603,8000,,,true
P05_BLACK_B_000001,P05,BLACK,B,image_000001.jpg,training/P05/BLACK/B/images/image_000001.jpg,05570be52209abd5d16da7c228d481e8fbf8534ed052fdfc92f046a912537fb8,7902,,,true
P05_BLACK_B_000002,P05,BLACK,B,image_000002.jpg,training/P05/BLACK/B/images/image_000002.jpg,45d804720fce17a210ce86280319352c2f6fa4d31198fad71f68a6a152a0640d,8412,,,true
P05_BLACK_B_000003,P05,BLACK,B,image_000003.jpg,training/P05/BLACK/B/images/image_000003.jpg,9a045f1c758d59b9ada8594980e817d1d8a9bac4f0e93c7b2733dc095d0efc7c,8656,,,true
P05_BLACK_B_000004,P05,BLACK,B,image_000004.jpg,training/P05/BLACK/B/images/image_000004.jpg,438b7cde6b45aa23ffd9a1dfa24187b75bc5dd5baa041fb72887a7f84e77e054,8294,,,true
P05_BLACK_B_000005,P05,BLACK,B,image_000005.jpg,training/P05/BLACK/B/images/image_000005.jpg,fdcd09b8b2af9e36aeab8b2a94c88e6e0bf9abc4f0cfa806a5c000901446580b,7873,,,true
P05_BLACK_B_000006,P05,BLACK,B,image_000006.jpg,training/P05/BLACK/B/images/image_000006.jpg,fadf411c96cb903555012a4e3b46a1d8ae356ada042a91c0c32d2c3c674eeb9c,9014,,,true
P05_BLACK_B_000007,P05,BLACK,B,image_000007.jpg,training/P05/BLACK/B/images/image_000007.jpg,a74dcbc1246af0049742e77aa2c76f51a69c09e4bbec140acc5653c3cf4b1d49,9230,,,true
P05_BLACK_B_000008,P05,BLACK,B,image_000008.jpg,training/P05/BLACK/B/images/image_000008.jpg,00edb868220186d51a5f79c753e1239ec5454fa32a75cd3ec46a9a141fbc780e,8000,,,true
P05_BLACK_B_000009,P05,BLACK,B,image_000009.jpg,training/P05/BLACK/B/images/image_000009.jpg,3141f046c15f906b25e480258e3a037ca8be3b25c19a04951b1ee2192778b028,8456,,,true
P05_BLACK_B_000010,P05,BLACK,B,image_000010.jpg,training/P05/BLACK/B/images/image_000010.jpg,f4773b60b1757ee2c57e63d987ddee1f5b9627fa3831a39c1acb5fafb2c73f75,8510,,,true
P05_BLACK_B_000011,P05,BLACK,B,image_000011.jpg,training/P05/BLACK/B/images/image_000011.jpg,ce942701521e0838fe2d8119d8cfbcb6f7ba55a74172af2d5d13e3ca3627eefd,8605,,,true
P05_BLACK_B_000012,P05,BLACK,B,image_000012.jpg,training/P05/BLACK/B/images/image_000012.jpg,0a6509ca8c8b0be493dd14040110108c1e2c28e8589ff63d654d1a2fc579cdd2,8445,,,true
P05_BLACK_B_000013,P05,BLACK,B,image_000013.jpg,training/P05/BLACK/B/images/image_000013.jpg,489f1bcf719a5a950060aac669f79b7795a5113a1e30e8faaa348c0eaab45f3f,8533,,,true
P05_BLACK_B_000014,P05,BLACK,B,image_000014.jpg,training/P05/BLACK/B/images/image_000014.jpg,81f34c6b8549ac5dac8a563da172ed14a656d428e3f5136ae45b5cc513f4f890,8414,,,true
P05_BLACK_B_000015,P05,BLACK,B,image_000015.jpg,training/P05/BLACK/B/images/image_000015.jpg,a241657a66208dd2f2ee9d61dbbf836ebafda980c2d4a0446f9ba16141b11986,8321,,,true
P05_BLACK_B_000016,P05,BLACK,B,image_000016.jpg,training/P05/BLACK/B/images/image_000016.jpg,354cb82feb3f23cff34f777aae01af9cd27b3cc0f2b937ef343bf7ea645325e3,7801,,,true
P05_BLACK_B_000017,P05,BLACK,B,image_000017.jpg,training/P05/BLACK/B/images/image_000017.jpg,0a64974d32d537784157eda84d1c8d1ba020e1a7669cc3e849b2dafffaf67eea,7893,,,true
P05_BLACK_B_000018,P05,BLACK,B,image_000018.jpg,training/P05/BLACK/B/images/image_000018.jpg,0fcaf6ba27263ad18eb5b59d5cb1c501e70fa0b327dd739f35d9e6b678b5c2d3,8503,,,true
P05_BLACK_B_000019,P05,BLACK,B,image_000019.jpg,training/P05/BLACK/B/images/image_000019.jpg,b690c2459d067a3222066932a58944e78a3d92a4f242a0b1cd4938a7ebc49987,9074,,,true
P05_BLACK_B_000020,P05,BLACK,B,image_000020.jpg,training/P05/BLACK/B/images/image_000020.jpg,6852762fc67d0131ded4486e6b1dd8d524305c04126cfc6756ff2dd914b2dcfc,8683,,,true
P05_BLACK_B_000021,P05,BLACK,B,image_000021.jpg,training/P05/BLACK/B/images/image_000021.jpg,8dd853be0b94f6286c2c68233050678381a77f6e58e937279a4c81b98884e80e,9188,,,true
P05_BLACK_B_000022,P05,BLACK,B,image_000022.jpg,training/P05/BLACK/B/images/image_000022.jpg,09668e6836d36ec454c877e383bdcc0a73279bf7bc0662db40261a313b8908f1,8598,,,true
P05_BLACK_B_000023,P05,BLACK,B,image_000023.jpg,training/P05/BLACK/B/images/image_000023.jpg,5421ba5912afc1800261168c11414eb06cfc3fb904112fa3edf72dc0651d016d,8978,,,true
P05_BLACK_B_000024,P05,BLACK,B,image_000024.jpg,training/P05/BLACK/B/images/image_000024.jpg,f0416cfd065e31cf32d8c757e2f099a3ded63587e2f5ec4e55c0a24e085988f8,8531,,,true
P05_BLACK_B_000025,P05,BLACK,B,image_000025.jpg,training/P05/BLACK/B/images/image_000025.jpg,ded0da063ac7ebe0ca48bf1b6bf92ccbec63569a78a10c44cd49aada9a0325dd,8834,,,true
P05_BLACK_C_000001,P05,BLACK,C,image_000001.jpg,training/P05/BLACK/C/images/image_000001.jpg,63a98317dde6428b13f7e495b73e3b3ddad6c7264a7bb21cc3fcf61f131bf814,8905,,,true
P05_BLACK_C_000002,P05,BLACK,C,image_000002.jpg,training/P05/BLACK/C/images/image_000002.jpg,101431abdc80c0eec76bd80abdfacc787f220bdc5f8152c80dfbd32aa089b059,9298,,,true
P05_BLACK_C_000003,P05,BLACK,C,image_000003.jpg,training/P05/BLACK/C/images/image_000003.jpg,96685c874c4e325d4356a553f9a450baba996a71fd93dde0c4c71e5551ed1e05,8779,,,true
P05_BLACK_C_000004,P05,BLACK,C,image_000004.jpg,training/P05/BLACK/C/images/image_000004.jpg,2af81f117636c92a4cd0c8b903c15c735cd9209c1d0ab3cc016bc542f8fcc9e3,9091,,,true
P05_BLACK_C_000005,P05,BLACK,C,image_000005.jpg,training/P05/BLACK/C/images/image_000005.jpg,4b161bf668564aab3caa6ae3ca70642c89d4be45e103ce3b4db0fabfe99bcf66,9176,,,true
P05_BLACK_C_000006,P05,BLACK,C,image_000006.jpg,training/P05/BLACK/C/images/image_000006.jpg,df9e8041551dbcaedcb33a83abd570bb0b71b2bfe551032ada290e103084e102,8433,,,true
P05_BLACK_C_000007,P05,BLACK,C,image_000007.jpg,training/P05/BLACK/C/images/image_000007.jpg,f819f7a544e8ed104450df42ac8db91743f5f831f863447a31150689a9246aa0,8821,,,true
P05_BLACK_C_000008,P05,BLACK,C,image_000008.jpg,training/P05/BLACK/C/images/image_000008.jpg,32932adc2a957cd1f347e50608993ce61b7d3804f09d00606ee3bc9ca8637547,9222,,,true
P05_BLACK_C_000009,P05,BLACK,C,image_000009.jpg,training/P05/BLACK/C/images/image_000009.jpg,1b89fcb2c7769a5f2f0424e5f029a165ca6d454276b2aba0a29beff4a902c0fd,9130,,,true
P05_BLACK_C_000010,P05,BLACK,C,image_000010.jpg,training/P05/BLACK/C/images/image_000010.jpg,0ea6c8284aab3202e7996b721ea574705a64dfed3a3213bab6d54eff102576ce,8434,,,true
P05_BLACK_C_000011,P05,BLACK,C,image_000011.jpg,training/P05/BLACK/C/images/image_000011.jpg,c7ae0dce089af9b0931e6e7747d5ee789b32a06bd6dd8c7b3c803dd7de982bfb,9501,,,true
P05_BLACK_C_000012,P05,BLACK,C,image_000012.jpg,training/P05/BLACK/C/images/image_000012.jpg,7bd167f873697fda4752668623c9455fa898cb61bfc38a6a9de3414a18691cb2,9496,,,true
P05_BLACK_C_000013,P05,BLACK,C,image_000013.jpg,training/P05/BLACK/C/images/image_000013.jpg,d6571be78c760787aad204861652f3707972be8d19248279c4ff4857410f4d03,8496,,,true
P05_BLACK_C_000014,P05,BLACK,C,image_000014.jpg,training/P05/BLACK/C/images/image_000014.jpg,75a434a02b47b3d9e07e692a4ad93964e411ebc4341be4102f7a5c92b3018ba2,8537,,,true
P05_BLACK_C_000015,P05,BLACK,C,image_000015.jpg,training/P05/BLACK/C/images/image_000015.jpg,2e4ccd09cebb543133498caea784b9289d06f1c4f5d8e81f469111bd403c847e,8937,,,true
P05_BLACK_C_000016,P05,BLACK,C,image_000016.jpg,training/P05/BLACK/C/images/image_000016.jpg,246c222cc49a1d7fda878c2ac017e1883188d85d4e553a4c21ece612095141f4,8389,,,true
P05_BLACK_C_000017,P05,BLACK,C,image_000017.jpg,training/P05/BLACK/C/images/image_000017.jpg,661410560d89d7e876314a3a48a03bdfa6ac98e79cd46d3ec07f9074727ba913,8832,,,true
P05_BLACK_C_000018,P05,BLACK,C,image_000018.jpg,training/P05/BLACK/C/images/image_000018.jpg,e1d61d59ffdb4c0733b777dddbb356c9b437896e1a465955d7e1d8be8de98319,9333,,,true
P05_BLACK_C_000019,P05,BLACK,C,image_000019.jpg,training/P05/BLACK/C/images/image_000019.jpg,8c311cf32bd2b76ccb8d025c11769fa62d40744d6a4196bcde5faacc2ddf4be9,7766,,,true
P05_BLACK_C_000020,P05,BLACK,C,image_000020.jpg,training/P05/BLACK/C/images/image_000020.jpg,09112732c7d428284e36043f9ac035940a8f95f6cf26b600bb9e0d2de3a12472,8043,,,true
P05_BLACK_C_000021,P05,BLACK,C,image_000021.jpg,training/P05/BLACK/C/images/image_000021.jpg,1702ee6321492ce40d4c309d36748f2ab18b87e47a74b1111461713b9d6030ec,8392,,,true
P05_BLACK_C_000022,P05,BLACK,C,image_000022.jpg,training/P05/BLACK/C/images/image_000022.jpg,69ca42aec201056f3bf89c2484f464910de733cdf689e4e456010558cc6ebe06,8912,,,true
P05_BLACK_C_000023,P05,BLACK,C,image_000023.jpg,training/P05/BLACK/C/images/image_000023.jpg,52eb4c225aac42ed8b25e4fc02a1aec069efc8bd9b1dd199a12240b7899ef19a,8508,,,true
P05_BLACK_C_000024,P05,BLACK,C,image_000024.jpg,training/P05/BLACK/C/images/image_000024.jpg,8fd16d44d08c054cd26f6b4b5126b3219645cb6e38a2baa15f30b4733065ad5d,8565,,,true
P05_BLACK_C_000025,P05,BLACK,C,image_000025.jpg,training/P05/BLACK/C/images/image_000025.jpg,785fc66974a3cee380a05c07f349002cf77c9f00c74939c5380914a0c8469d26,8985,,,true
P05_BLACK_E_000001,P05,BLACK,E,image_000001.jpg,training/P05/BLACK/E/images/image_000001.jpg,17f94d4b1fbc8ad114d58518d0483802de0dce712177d4156cd1dce1a74e607d,8439,,,true
P05_BLACK_E_000002,P05,BLACK,E,image_000002.jpg,training/P05/BLACK/E/images/image_000002.jpg,7b73ade448632cf92ddd6a662bd4c157a86b10de7fda543700f4a84a6388ce93,8931,,,true
P05_BLACK_E_000003,P05,BLACK,E,image_000003.jpg,training/P05/BLACK/E/images/image_000003.jpg,47aefc28719238c4c9ad00367a29677fc459765d1981493accf18a1a3a91d08d,8568,,,true
P05_BLACK_E_000004,P05,BLACK,E,image_000004.jpg,training/P05/BLACK/E/images/image_000004.jpg,d26dc106ecf62091fef7f26322098ecceab4caf55f00a497c6860a8baef9ba4d,9266,,,true
P05_BLACK_E_000005,P05,BLACK,E,image_000005.jpg,training/P05/BLACK/E/images/image_000005.jpg,55a0236ed2d2c689605fe8797fa9e30662b7aff422d2c8e9e789c67811f782ea,8378,,,true
P05_BLACK_E_000006,P05,BLACK,E,image_000006.jpg,training/P05/BLACK/E/images/image_000006.jpg,1aae8090c1d71a6a128ec270ce56c6999cf67f184bf64599a51142397d9bd62a,8531,,,true
P05_BLACK_E_000007,P05,BLACK,E,image_000007.jpg,training/P05/BLACK/E/images/image_000007.jpg,162c3c84b1c44149e96cee6df90cf50cb9992bd56c0679b90efe09ff71089fdf,8403,,,true
P05_BLACK_E_000008,P05,BLACK,E,image_000008.jpg,training/P05/BLACK/E/images/image_000008.jpg,e24afde91a343f941c886ac66b88dcb3d869c16a324080a62b92dbc14b2d33b1,8403,,,true
P05_BLACK_E_000009,P05,BLACK,E,image_000009.jpg,training/P05/BLACK/E/images/image_000009.jpg,8bdc0fbb1d7ffb021b2f0ff35ac59b994ad83c6e26947f702704efc09a060232,8423,,,true
P05_BLACK_E_000010,P05,BLACK,E,image_000010.jpg,training/P05/BLACK/E/images/image_000010.jpg,8bc12aebca671408626c644d84e5d0f37d39e3d5c7f9149ccccabf61707a0490,8633,,,true
P05_BLACK_E_000011,P05,BLACK,E,image_000011.jpg,training/P05/BLACK/E/images/image_000011.jpg,0311afe52b79b8b211d3daf9f8f21d3627929e23d7097924155673a344971d79,8633,,,true
P05_BLACK_E_000012,P05,BLACK,E,image_000012.jpg,training/P05/BLACK/E/images/image_000012.jpg,3cf91de697e5e842abca8fe164459d482e856e8afffc0a125ead698496daa8d3,8854,,,true
P05_BLACK_E_000013,P05,BLACK,E,image_000013.jpg,training/P05/BLACK/E/images/image_000013.jpg,9228a9b5cbc68d9442ab4c7224c6cfefee28df81a01fe73b1ac5b6f3940fface,8702,,,true
P05_BLACK_E_000014,P05,BLACK,E,image_000014.jpg,training/P05/BLACK/E/images/image_000014.jpg,1ce48f7dd2be5389488d21123afdd6bd67655dca83025dec195956969c64f27c,8902,,,true
P05_BLACK_E_000015,P05,BLACK,E,image_000015.jpg,training/P05/BLACK/E/images/image_000015.jpg,e87b8896fbba4d85569b0280e72bff6c45440c6bb107da5d9f009a35f4dfdda3,8314,,,true
P05_BLACK_E_000016,P05,BLACK,E,image_000016.jpg,training/P05/BLACK/E/images/image_000016.jpg,2715363d90763863885d41061213a10e6b4a7224036cb7039f576e0604aa2b49,8648,,,true
P05_BLACK_E_000017,P05,BLACK,E,image_000017.jpg,training/P05/BLACK/E/images/image_000017.jpg,d4e9104cb64fc94161b31815a78d66052ae8bd0c9e44b89af60850800d18a66d,8544,,,true
P05_BLACK_E_000018,P05,BLACK,E,image_000018.jpg,training/P05/BLACK/E/images/image_000018.jpg,b864839a804e8f3988316a7097bc8849d73f2a89605a04366c21a03ab45a2a04,9059,,,true
P05_BLACK_E_000019,P05,BLACK,E,image_000019.jpg,training/P05/BLACK/E/images/image_000019.jpg,cd819f0d0078f29f5ed3eb3b1d53d84fb3f242b87f1530bf0d2dcb8cd1b4b9d0,9122,,,true
P05_BLACK_E_000020,P05,BLACK,E,image_000020.jpg,training/P05/BLACK/E/images/image_000020.jpg,453e9bf8d6fd7ed6e9a731ee4869099c8d5b7f68e143c5b82dcc5c10d3c21eff,8816,,,true
P05_BLACK_E_000021,P05,BLACK,E,image_000021.jpg,training/P05/BLACK/E/images/image_000021.jpg,10a4dfc598485276b172b42db0d3fbb7a96d65ab0cebdeb1394ee04006da46d4,9462,,,true
P05_BLACK_E_000022,P05,BLACK,E,image_000022.jpg,training/P05/BLACK/E/images/image_000022.jpg,2b26b380ad8df4343324adaae5ea8932c1fe8292b4c5bc7a66747fbb1a9fe4cb,9281,,,true
P05_BLACK_E_000023,P05,BLACK,E,image_000023.jpg,training/P05/BLACK/E/images/image_000023.jpg,162aa3d9442723045a3ea6ea9d34424b6f56e096b5e4341cfbdd57fdd4da1c1c,9109,,,true
P05_BLACK_E_000024,P05,BLACK,E,image_000024.jpg,training/P05/BLACK/E/images/image_000024.jpg,46d81fa1f8c5676d867e0eee718973b307aa723a2dc44b267a6de0522292324d,8989,,,true
P05_BLACK_E_000025,P05,BLACK,E,image_000025.jpg,training/P05/BLACK/E/images/image_000025.jpg,b40c20a9e3a07f96ce0f2e094b4b807b8ea85432373a7b47bf72a35394164ead,9310,,,true
P05_BLACK_I_000001,P05,BLACK,I,image_000001.jpg,training/P05/BLACK/I/images/image_000001.jpg,76ed8fc9fe3826db186831ec64c0470506cfa22db8bdc8873d74aaf5af9a05ac,8775,,,true
P05_BLACK_I_000002,P05,BLACK,I,image_000002.jpg,training/P05/BLACK/I/images/image_000002.jpg,21f2bc6d684251274b052c9854574499efbb618b753e85100f9b67571d029ca1,9109,,,true
P05_BLACK_I_000003,P05,BLACK,I,image_000003.jpg,training/P05/BLACK/I/images/image_000003.jpg,5a910df7e3d30d0ed6a0a1843c8edbfaa4dc7aa61cc59ce938e7f2109b3276ac,9431,,,true
P05_BLACK_I_000004,P05,BLACK,I,image_000004.jpg,training/P05/BLACK/I/images/image_000004.jpg,35c49effec85e6c9234b5bce2733d54eaf534c667fd0630ef6309e11a09c2177,8490,,,true
P05_BLACK_I_000005,P05,BLACK,I,image_000005.jpg,training/P05/BLACK/I/images/image_000005.jpg,3af362ee2189d4f4cf1608a1e7887e716ff03d616390eba50e0274fa9a9574d8,8223,,,true
P05_BLACK_I_000006,P05,BLACK,I,image_000006.jpg,training/P05/BLACK/I/images/image_000006.jpg,1766f88b874d44190c43d0e4ae25857845aa96cbb58f90bc5372c45731c28e0d,8569,,,true
P05_BLACK_I_000007,P05,BLACK,I,image_000007.jpg,training/P05/BLACK/I/images/image_000007.jpg,e6ff82520e33bc3bc18ea34757d8114987b6b489eab0a78463421aecda1701d0,9210,,,true
P05_BLACK_I_000008,P05,BLACK,I,image_000008.jpg,training/P05/BLACK/I/images/image_000008.jpg,5f9a0c9f5912708e8362a2d32995a070799098961136038cb7cc1fd7e36df8b2,8060,,,true
P05_BLACK_I_000009,P05,BLACK,I,image_000009.jpg,training/P05/BLACK/I/images/image_000009.jpg,71fa239341f860644588f34a548412b6f4f723558c607f3eddf5ddbf19c1729b,8245,,,true
P05_BLACK_I_000010,P05,BLACK,I,image_000010.jpg,training/P05/BLACK/I/images/image_000010.jpg,00db03fe1c30c41833d104329cdc0f849fcb80e2e0976eed63960b89aabdbf8e,7698,,,true
P05_BLACK_I_000011,P05,BLACK,I,image_000011.jpg,training/P05/BLACK/I/images/image_000011.jpg,8bd4deee1b8b6282bca6dcfa6eb7bfc4aa16d3124835154e82e5aefb6851c1c8,8122,,,true
P05_BLACK_I_000012,P05,BLACK,I,image_000012.jpg,training/P05/BLACK/I/images/image_000012.jpg,559dca14f68131cbac92b811393789aa8e70666651f5059e4e43cea6e27dfb22,8687,,,true
P05_BLACK_I_000013,P05,BLACK,I,image_000013.jpg,training/P05/BLACK/I/images/image_000013.jpg,f6a64391786adc47610969aa212bf8af8b400a13e7a81e4d05746bb7608140a5,8126,,,true
P05_BLACK_I_000014,P05,BLACK,I,image_000014.jpg,training/P05/BLACK/I/images/image_000014.jpg,0d43f93c99c6784b880580882c054ce94247464bd34eeaa7de559b3937b58c79,8730,,,true
P05_BLACK_I_000015,P05,BLACK,I,image_000015.jpg,training/P05/BLACK/I/images/image_000015.jpg,9e7fe106a8113eb2a5e36fd15999cf10f6d56d9976a95358437ca26240047a70,9203,,,true
P05_BLACK_I_000016,P05,BLACK,I,image_000016.jpg,training/P05/BLACK/I/images/image_000016.jpg,d0c12a310b0879217cb6ee4dcae8d055d9ec7070b35cf2105a3e2f015140af8a,8608,,,true
P05_BLACK_I_000017,P05,BLACK,I,image_000017.jpg,training/P05/BLACK/I/images/image_000017.jpg,72406c5deab97867edf2291b0b10e9f3bc765ce2995898404fd4426e9961ad05,9468,,,true
P05_BLACK_I_000018,P05,BLACK,I,image_000018.jpg,training/P05/BLACK/I/images/image_000018.jpg,8d2b5e5a487f46406a197e425f7032a9d68476125b4ec2aee7d50793fdf2e8fc,9562,,,true
P05_BLACK_I_000019,P05,BLACK,I,image_000019.jpg,training/P05/BLACK/I/images/image_000019.jpg,03ae2a17675122326a08b50253b8c059993ec7a211552551da9938f4606b0c0e,8380,,,true
P05_BLACK_I_000020,P05,BLACK,I,image_000020.jpg,training/P05/BLACK/I/images/image_000020.jpg,7997a2cdc33b070a61bc6d177e242e461b1b034c92402c1b610f1e59e28bb4ce,8541,,,true
P05_BLACK_I_000021,P05,BLACK,I,image_000021.jpg,training/P05/BLACK/I/images/image_000021.jpg,b54c79d53664d5fb12f907fc621ee2facf4b2bd6de96d4b88347c4c5a018d764,8870,,,true
P05_BLACK_I_000022,P05,BLACK,I,image_000022.jpg,training/P05/BLACK/I/images/image_000022.jpg,f4043abaefc4f4212478534a3cd7255288128fafbf04ec359bdbebde2f3fa090,8550,,,true
P05_BLACK_I_000023,P05,BLACK,I,image_000023.jpg,training/P05/BLACK/I/images/image_000023.jpg,9f5795552a091439576a964a81b9b9d63732470c4c492738631fbe6d1353521f,9750,,,true
P05_BLACK_I_000024,P05,BLACK,I,image_000024.jpg,training/P05/BLACK/I/images/image_000024.jpg,816d02943b03f1d22e5c406a9b77ee1acbefa636c6d4ebf62c86093b4d5194e3,8935,,,true
P05_BLACK_I_000025,P05,BLACK,I,image_000025.jpg,training/P05/BLACK/I/images/image_000025.jpg,6bb500e23bfe37dc13bcb94079016651fe1036ea40de6e22875786d2e811f4f9,9586,,,true
P05_BLACK_L_000001,P05,BLACK,L,image_000001.jpg,training/P05/BLACK/L/images/image_000001.jpg,6fbf4806d4db026a139e7dc8dc31d97ff89e0d505c43ea5de06e748a9ab39d8f,9211,,,true
P05_BLACK_L_000002,P05,BLACK,L,image_000002.jpg,training/P05/BLACK/L/images/image_000002.jpg,ded8df8da29729d9ac4296e9999e04f84229934a6bafa5d44700f4677b2c8d71,9695,,,true
P05_BLACK_L_000003,P05,BLACK,L,image_000003.jpg,training/P05/BLACK/L/images/image_000003.jpg,9353a45bc022f9d1b8b9f313cb5c1d0d60d29ff35edab2299961e206b9cfaeaf,7867,,,true
P05_BLACK_L_000004,P05,BLACK,L,image_000004.jpg,training/P05/BLACK/L/images/image_000004.jpg,a6698c7f7b67b4eae33d3947995010e5778ab5351e25da0157502ed9bb63334a,9334,,,true
P05_BLACK_L_000005,P05,BLACK,L,image_000005.jpg,training/P05/BLACK/L/images/image_000005.jpg,efab40675b8d1b4b18169cd720cb1ff2d0fea22fe1a2be398f566e7e1e46955a,7890,,,true
P05_BLACK_L_000006,P05,BLACK,L,image_000006.jpg,training/P05/BLACK/L/images/image_000006.jpg,d5d0a244accb1d4234a4ee7c6ed447da5e6b7ccdb5bbb2c8f2038b07ace66542,8924,,,true
P05_BLACK_L_000007,P05,BLACK,L,image_000007.jpg,training/P05/BLACK/L/images/image_000007.jpg,25b431d06f96f798af89300174e41676fcaccf50dbcb328046913429a90b7273,9289,,,true
P05_BLACK_L_000008,P05,BLACK,L,image_000008.jpg,training/P05/BLACK/L/images/image_000008.jpg,9f6f8d7fe12bc28177c05585bd2e1c6e8c1bde3703ed1a9ed7909c8846e48cd4,8939,,,true
P05_BLACK_L_000009,P05,BLACK,L,image_000009.jpg,training/P05/BLACK/L/images/image_000009.jpg,7fdbf8fac7d8f544a6654e74549c08b12a51fd6a759f7b63d0e31e5c19336825,9337,,,true
P05_BLACK_L_000010,P05,BLACK,L,image_000010.jpg,training/P05/BLACK/L/images/image_000010.jpg,e937369eb6481ff8700ab022245ff0672f835078833b19e41b8f5a39a1d2aaaf,8996,,,true
P05_BLACK_L_000011,P05,BLACK,L,image_000011.jpg,training/P05/BLACK/L/images/image_000011.jpg,dcedb98a1efbd9bb45736cbab7f0cc5d616f273f9b21a2e6322feb5c77eae6f6,9534,,,true
P05_BLACK_L_000012,P05,BLACK,L,image_000012.jpg,training/P05/BLACK/L/images/image_000012.jpg,ef2a132e19e831939886f8970c80f6248a1e352ef6427e4366cfef2589456c8a,8366,,,true
P05_BLACK_L_000013,P05,BLACK,L,image_000013.jpg,training/P05/BLACK/L/images/image_000013.jpg,f11da0930bbc94fdd9dcb077f6df52e2acb0a98d635f35416844ffeb5abf3117,8348,,,true
P05_BLACK_L_000014,P05,BLACK,L,image_000014.jpg,training/P05/BLACK/L/images/image_000014.jpg,948c135a971d703728780e429879a21d408576cb4ea05fc4d61fcb901d828fff,8466,,,true
P05_BLACK_L_000015,P05,BLACK,L,image_000015.jpg,training/P05/BLACK/L/images/image_000015.jpg,0634e8060816cb71134058bc718f87ebe8c8086e5f6171dcf4f6e84e50dd6b40,8518,,,true
P05_BLACK_L_000016,P05,BLACK,L,image_000016.jpg,training/P05/BLACK/L/images/image_000016.jpg,ac31b7779784dbad8737e2eac21753f9d558020cc1826b66c552affb1fd4489a,8593,,,true
P05_BLACK_L_000017,P05,BLACK,L,image_000017.jpg,training/P05/BLACK/L/images/image_000017.jpg,4ff196f6c45d34b08203b0163e57bd798f84db7f038b04dddcb6e346d4ce463f,8832,,,true
P05_BLACK_L_000018,P05,BLACK,L,image_000018.jpg,training/P05/BLACK/L/images/image_000018.jpg,a69ff7d0445e164432d16864ced0fddb60bd6d367cb418251e8899d52565b44c,8685,,,true
P05_BLACK_L_000019,P05,BLACK,L,image_000019.jpg,training/P05/BLACK/L/images/image_000019.jpg,41660533a1c3dfe6229d83914bde81a44f9b0abe192d596f3d430cabe8e47a3f,8118,,,true
P05_BLACK_L_000020,P05,BLACK,L,image_000020.jpg,training/P05/BLACK/L/images/image_000020.jpg,ffad93cee41d97ee2dad7d04b8d614d536a8571f15a6927177adca45e1fd8fae,8406,,,true
P05_BLACK_L_000021,P05,BLACK,L,image_000021.jpg,training/P05/BLACK/L/images/image_000021.jpg,1fa48ea8579aa454c48f7f099f7208c660ee4fea89b4dc59b44ee650561793c8,8382,,,true
P05_BLACK_L_000022,P05,BLACK,L,image_000022.jpg,training/P05/BLACK/L/images/image_000022.jpg,73137ec7c7415a4afb17e19205d1d118c4f5c59a84bd110eeca2f20c99ffc552,8914,,,true
P05_BLACK_L_000023,P05,BLACK,L,image_000023.jpg,training/P05/BLACK/L/images/image_000023.jpg,9977cc2bae396b1d322dec71c652a11b055d11b89e670c8fc8aac25f5e44c90a,9498,,,true
P05_BLACK_L_000024,P05,BLACK,L,image_000024.jpg,training/P05/BLACK/L/images/image_000024.jpg,7d1509cd272a964b07c2e0843bfe8b13a7d8ba2da6beb17e0b8aa8e959c8068b,9378,,,true
P05_BLACK_L_000025,P05,BLACK,L,image_000025.jpg,training/P05/BLACK/L/images/image_000025.jpg,e10735900551512d85431527f2682fd52e0d96544391d273e8dca0d959dab974,9358,,,true
P05_BLACK_M_000001,P05,BLACK,M,image_000001.jpg,training/P05/BLACK/M/images/image_000001.jpg,2342c13a17ae6f749d34170c5b9c8d24e2c2bff53bea41f8557c667705bd89ff,9462,,,true
P05_BLACK_M_000002,P05,BLACK,M,image_000002.jpg,training/P05/BLACK/M/images/image_000002.jpg,1818028d45a39213a64c56a23a1da5b20fe0fca710a3702efb7bce52afb8d033,9823,,,true
P05_BLACK_M_000003,P05,BLACK,M,image_000003.jpg,training/P05/BLACK/M/images/image_000003.jpg,4ebe7972001c98a79f3e23a80cc466255512f379ee668a0dae8975000088dbb6,9430,,,true
P05_BLACK_M_000004,P05,BLACK,M,image_000004.jpg,training/P05/BLACK/M/images/image_000004.jpg,8efdff50ef1adedec32fb3f60c3f8f4b8e0310fecf82e0f6ae621853b0072f54,9828,,,true
P05_BLACK_M_000005,P05,BLACK,M,image_000005.jpg,training/P05/BLACK/M/images/image_000005.jpg,69ba432164fe0bba77450b57b50b4fb38a9b6f918a2a158e98884589ad7c3c77,9198,,,true
P05_BLACK_M_000006,P05,BLACK,M,image_000006.jpg,training/P05/BLACK/M/images/image_000006.jpg,067bfb848a72599d9ef0f3c86ffcda929914437362b8fa99924a13fcfde2e90b,9787,,,true
P05_BLACK_M_000007,P05,BLACK,M,image_000007.jpg,training/P05/BLACK/M/images/image_000007.jpg,12cf00cc2beb974b60576e1b61b920e4d0c1edddfbbcb09b37b354e199f4cfc8,8814,,,true
P05_BLACK_M_000008,P05,BLACK,M,image_000008.jpg,training/P05/BLACK/M/images/image_000008.jpg,b6924a21f893a8a0b1c1332310e59cd76b6f899c4d7726143ee658d743c97744,7761,,,true
P05_BLACK_M_000009,P05,BLACK,M,image_000009.jpg,training/P05/BLACK/M/images/image_000009.jpg,efaa6a5a3bf612999d2e00f9e383c1a086c6bebbba376a85c18e7d1f10fb9986,7782,,,true
P05_BLACK_M_000010,P05,BLACK,M,image_000010.jpg,training/P05/BLACK/M/images/image_000010.jpg,aff91ede88fa6d97b6fd6cc24d3cfa78c02cf9ffca6e6c340b1b4755c9eda377,9701,,,true
P05_BLACK_M_000011,P05,BLACK,M,image_000011.jpg,training/P05/BLACK/M/images/image_000011.jpg,50433c7a8a3fae28984151cade1c13d4abfbbf8458770e2656820ec121228641,8389,,,true
P05_BLACK_M_000012,P05,BLACK,M,image_000012.jpg,training/P05/BLACK/M/images/image_000012.jpg,884cc4a8ab6bb7aa7daa1c38b3bcb0e71ba02777e5be506f7d8968d8e066e8d2,9010,,,true
P05_BLACK_M_000013,P05,BLACK,M,image_000013.jpg,training/P05/BLACK/M/images/image_000013.jpg,4cae1b94bddbe05bd5fc340c67ec0671bf083cbf9d86bcc022c9dc573fca250b,8292,,,true
P05_BLACK_M_000014,P05,BLACK,M,image_000014.jpg,training/P05/BLACK/M/images/image_000014.jpg,9725429962f01f59180a79aafc2f42b716c84973d5f2b8068b7f119ec183cbeb,9038,,,true
P05_BLACK_M_000015,P05,BLACK,M,image_000015.jpg,training/P05/BLACK/M/images/image_000015.jpg,eb7c4f9fb6fca1eb33f12fd3627a548c384618dc72703043c27924eb706fe6c5,9580,,,true
P05_BLACK_M_000016,P05,BLACK,M,image_000016.jpg,training/P05/BLACK/M/images/image_000016.jpg,2a7a525285537fe22aa4fb72c8a406cfb91e69f86e932cce40e0426eea815cc0,9468,,,true
P05_BLACK_M_000017,P05,BLACK,M,image_000017.jpg,training/P05/BLACK/M/images/image_000017.jpg,1d60fc72b344f70434ae32939f5ad98a147940258ccc9fc4f079685a5fb46f3a,9045,,,true
P05_BLACK_M_000018,P05,BLACK,M,image_000018.jpg,training/P05/BLACK/M/images/image_000018.jpg,d00a6803bf10da2e3e9d7d12627c91c207cc7f58dee23da5ead17324b775f990,8630,,,true
P05_BLACK_M_000019,P05,BLACK,M,image_000019.jpg,training/P05/BLACK/M/images/image_000019.jpg,675c0e79d3c4120337f8019e8bb11c60ac944db3a19f87c9a93ea9da0eaa833b,9425,,,true
P05_BLACK_M_000020,P05,BLACK,M,image_000020.jpg,training/P05/BLACK/M/images/image_000020.jpg,081be91ac157784f696b09b9de5b2e32dae656c637abd7280dac9db8bddfc34b,9249,,,true
P05_BLACK_M_000021,P05,BLACK,M,image_000021.jpg,training/P05/BLACK/M/images/image_000021.jpg,4fafd79b26de1b1b5fc1c69da4525156ecabe6c7f1233dcfbfc989d07746d2aa,8656,,,true
P05_BLACK_M_000022,P05,BLACK,M,image_000022.jpg,training/P05/BLACK/M/images/image_000022.jpg,e9df1ddaffeb2dc6b294d2ee35d7b373a03547238f87541f4876b8a2609b581d,8976,,,true
P05_BLACK_M_000023,P05,BLACK,M,image_000023.jpg,training/P05/BLACK/M/images/image_000023.jpg,a9eb51230d2bc74de88584b599dabc27941d6f818a9260c461ecfdbc52680b29,8237,,,true
P05_BLACK_M_000024,P05,BLACK,M,image_000024.jpg,training/P05/BLACK/M/images/image_000024.jpg,08f4b716a93cd20ebb4637fd71438bf076091b47a2d2d686ea475c66d3d4e66b,8445,,,true
P05_BLACK_M_000025,P05,BLACK,M,image_000025.jpg,training/P05/BLACK/M/images/image_000025.jpg,838d5ddf8884365321a6e593a3d66f0e39179dcac2cc6d9c5d46b63dbf882297,9310,,,true
P05_BLACK_N_000001,P05,BLACK,N,image_000001.jpg,training/P05/BLACK/N/images/image_000001.jpg,9ec88cae3397bc6637db38fda22963df40a07d8ab4cb8408738b76a440cb0fc7,8990,,,true
P05_BLACK_N_000002,P05,BLACK,N,image_000002.jpg,training/P05/BLACK/N/images/image_000002.jpg,75a7d084378cc4bb3ad95216682cce2f8d95292674c2b7ec23836be47b1de502,8683,,,true
P05_BLACK_N_000003,P05,BLACK,N,image_000003.jpg,training/P05/BLACK/N/images/image_000003.jpg,0afa8656abcd75a7ecf83611a914ecb43acdeedb52c9706ccb10ee2f5037d786,9068,,,true
P05_BLACK_N_000004,P05,BLACK,N,image_000004.jpg,training/P05/BLACK/N/images/image_000004.jpg,a90add708b7d1603f6c24ee590f4853cedf02699fbde939e3da52acdf526f526,9004,,,true
P05_BLACK_N_000005,P05,BLACK,N,image_000005.jpg,training/P05/BLACK/N/images/image_000005.jpg,69f3f870468d669a7a63b8cb48e8bb04a63572e665979e2540b5e44100449e25,8753,,,true
P05_BLACK_N_000006,P05,BLACK,N,image_000006.jpg,training/P05/BLACK/N/images/image_000006.jpg,8c35492a98eced477bd8534ad27e78d3ed0f0d8c22ad6cf2575c9c83edd8fdcb,9507,,,true
P05_BLACK_N_000007,P05,BLACK,N,image_000007.jpg,training/P05/BLACK/N/images/image_000007.jpg,ccb0e6898f251db8d9298f1cb7167bf81714caa8581f51cc986ee389f4d8ee15,9237,,,true
P05_BLACK_N_000008,P05,BLACK,N,image_000008.jpg,training/P05/BLACK/N/images/image_000008.jpg,710a33bc0ca6e1b329d20d7d0b9a7cf784e4141dc43eeff3403bbac1954252a1,9673,,,true
P05_BLACK_N_000009,P05,BLACK,N,image_000009.jpg,training/P05/BLACK/N/images/image_000009.jpg,766cc4c917b2113a682f670a775d1aaf99ee8af7305a363bd95fc6b165b3f106,8834,,,true
P05_BLACK_N_000010,P05,BLACK,N,image_000010.jpg,training/P05/BLACK/N/images/image_000010.jpg,ea957441f956e89ee3db4ba234538c5389559bdca6aaeb9b09989ae090425a4d,8736,,,true
P05_BLACK_N_000011,P05,BLACK,N,image_000011.jpg,training/P05/BLACK/N/images/image_000011.jpg,f5fccc6f6ee667a5c12326045130ae0ae41c7424d0390f34cefccc6e6b8d80d5,8953,,,true
P05_BLACK_N_000012,P05,BLACK,N,image_000012.jpg,training/P05/BLACK/N/images/image_000012.jpg,6d84d61d041641c0f2c5bf8e063b6ba1b2f569627a27f708c055472eaf7cf9d1,8863,,,true
P05_BLACK_N_000013,P05,BLACK,N,image_000013.jpg,training/P05/BLACK/N/images/image_000013.jpg,66b50c59510c11bd4ba8f008cb9d1071b0754cd04205bbed41ab7b5291457e17,9158,,,true
P05_BLACK_N_000014,P05,BLACK,N,image_000014.jpg,training/P05/BLACK/N/images/image_000014.jpg,ee6bb8814f52301fcc53611d464d4013fc21769b5beeacd44ee4d7f03c45dee6,8141,,,true
P05_BLACK_N_000015,P05,BLACK,N,image_000015.jpg,training/P05/BLACK/N/images/image_000015.jpg,c0e1d49e756a21f263e87f535cdf9be6332753a3fdaa4b2ffb4e4d63ce5bddb5,9863,,,true
P05_BLACK_N_000016,P05,BLACK,N,image_000016.jpg,training/P05/BLACK/N/images/image_000016.jpg,7e8d61bb383bee20bab42009e67fd3e7066dbc369b4850bd9655054d3dc1fda9,8529,,,true
P05_BLACK_N_000017,P05,BLACK,N,image_000017.jpg,training/P05/BLACK/N/images/image_000017.jpg,f11997dbef7d95a7c4eb1b0763b9ca5f344f4b5308ffa7560758c35d425ffa43,8841,,,true
P05_BLACK_N_000018,P05,BLACK,N,image_000018.jpg,training/P05/BLACK/N/images/image_000018.jpg,732d7d17b46750f4ab453cd9e20882ab41e4f2ba9e85d37870ce3f7122bfeeb1,8950,,,true
P05_BLACK_N_000019,P05,BLACK,N,image_000019.jpg,training/P05/BLACK/N/images/image_000019.jpg,1f4e5071caae52d4b0797847c25a88bf34a40a7c07ccb270c6149d5959233ed6,8715,,,true
P05_BLACK_N_000020,P05,BLACK,N,image_000020.jpg,training/P05/BLACK/N/images/image_000020.jpg,5ecf7318945f9133efcf416f06a3a22da6c3379ee3d1e07d64f1f60066d4ae3a,9060,,,true
P05_BLACK_N_000021,P05,BLACK,N,image_000021.jpg,training/P05/BLACK/N/images/image_000021.jpg,088559eb3800fc1e7ed65eaade15ee2db831f1149ef91a4afb4254130e65b0f6,8651,,,true
P05_BLACK_N_000022,P05,BLACK,N,image_000022.jpg,training/P05/BLACK/N/images/image_000022.jpg,7956832473cb4c891be73555d6ab0ed3e7f2409d1505ef2d3b498fd940fe4d20,9005,,,true
P05_BLACK_N_000023,P05,BLACK,N,image_000023.jpg,training/P05/BLACK/N/images/image_000023.jpg,bc1b13fee7c29c7694189a6a8d46423f6758dc81420aaa48a5443f98391fd0c9,9227,,,true
P05_BLACK_N_000024,P05,BLACK,N,image_000024.jpg,training/P05/BLACK/N/images/image_000024.jpg,1bd6282c9de12f3ccea31cbcbe514456cfc7de44ad0de2233f550baba5c81ada,10070,,,true
P05_BLACK_N_000025,P05,BLACK,N,image_000025.jpg,training/P05/BLACK/N/images/image_000025.jpg,83d7ee2ec061590414fffa3681146143d6241d134d4f9472c0493a26189bf0fb,9149,,,true
P05_BLACK_O_000001,P05,BLACK,O,image_000001.jpg,training/P05/BLACK/O/images/image_000001.jpg,66c010a098a6ca8ce0acdc2198b6b8915eb603e9053ba2170d8dd9b1dea4043e,9487,,,true
P05_BLACK_O_000002,P05,BLACK,O,image_000002.jpg,training/P05/BLACK/O/images/image_000002.jpg,035ab6c55cd49bf4addc8c10dbd35eca94d6be05225149bca635956a55b5141f,9202,,,true
P05_BLACK_O_000003,P05,BLACK,O,image_000003.jpg,training/P05/BLACK/O/images/image_000003.jpg,df91be114e41c4a6a6cd9d2658193f0ec2ca29bb3172b061bec693ff4166b8dd,8895,,,true
P05_BLACK_O_000004,P05,BLACK,O,image_000004.jpg,training/P05/BLACK/O/images/image_000004.jpg,f3b55ec2d8945a73ee1d6dbad8d7f0891a21ed9e646eb6f6ac8a95e3d7dd8bfb,9303,,,true
P05_BLACK_O_000005,P05,BLACK,O,image_000005.jpg,training/P05/BLACK/O/images/image_000005.jpg,c35eb8444f89838bc89ca52abc58fd57eb28cf3e70be6f8085bc01d33a36e8ee,8561,,,true
P05_BLACK_O_000006,P05,BLACK,O,image_000006.jpg,training/P05/BLACK/O/images/image_000006.jpg,4b44e84e0f41dffbefa4402d0e7e2e7ea4a6408af431ae7600ecd23c6241bca5,8672,,,true
P05_BLACK_O_000007,P05,BLACK,O,image_000007.jpg,training/P05/BLACK/O/images/image_000007.jpg,c02a97e0221e500ef67fd725bc65c96c74ec50584e0e51175e61b24e1d558a12,8342,,,true
P05_BLACK_O_000008,P05,BLACK,O,image_000008.jpg,training/P05/BLACK/O/images/image_000008.jpg,513380019c8d5173796e25e29dc11309d0de8ef35c71422cf8e2212ccb90b7b1,8733,,,true
P05_BLACK_O_000009,P05,BLACK,O,image_000009.jpg,training/P05/BLACK/O/images/image_000009.jpg,eda7fcc743eac08f8aea0835695b557223ba4545be9a7651de2139a5288f37b7,8700,,,true
P05_BLACK_O_000010,P05,BLACK,O,image_000010.jpg,training/P05/BLACK/O/images/image_000010.jpg,011eba21458c9461441bd26bb068306b66bdc211899b04fa709426b6c2c6abe6,8056,,,true
P05_BLACK_O_000011,P05,BLACK,O,image_000011.jpg,training/P05/BLACK/O/images/image_000011.jpg,29be9d621c653e257f16c22851144c674485b5411e30066ea4ef055787cfcc9a,9563,,,true
P05_BLACK_O_000012,P05,BLACK,O,image_000012.jpg,training/P05/BLACK/O/images/image_000012.jpg,f9cb07e37c8871b9f1129878ef2d552081664c9962ea94bc7038c87abbe7497f,9574,,,true
P05_BLACK_O_000013,P05,BLACK,O,image_000013.jpg,training/P05/BLACK/O/images/image_000013.jpg,b19ab32fed7e73c78cf5afbbfc9f47e91afa3d35cd990806560b9d2d3f367fd3,8575,,,true
P05_BLACK_O_000014,P05,BLACK,O,image_000014.jpg,training/P05/BLACK/O/images/image_000014.jpg,a8170ef8ec7f53fa7427c0133c9fc8f52c10f2b6983522aa3d249c8a775e5de0,8680,,,true
P05_BLACK_O_000015,P05,BLACK,O,image_000015.jpg,training/P05/BLACK/O/images/image_000015.jpg,aded30cd5bf48599c1f0613386973c88ccc638e95fa1559be8c97af2e33b2b41,9511,,,true
P05_BLACK_O_000016,P05,BLACK,O,image_000016.jpg,training/P05/BLACK/O/images/image_000016.jpg,f513adea759f670e7159fcfd85adc9b981ecff542883b15268f4bf3ac8cc743f,8597,,,true
P05_BLACK_O_000017,P05,BLACK,O,image_000017.jpg,training/P05/BLACK/O/images/image_000017.jpg,fa744c3b18e0e20b45b8b1b2ed3980e1be8ffc6dc33a37a2c72f5e3b7960f16e,9108,,,true
P05_BLACK_O_000018,P05,BLACK,O,image_000018.jpg,training/P05/BLACK/O/images/image_000018.jpg,0aa5d48718457df8e0379a079c213897c8d2b0abc540d9e6c6ac66574cc7703b,9790,,,true
P05_BLACK_O_000019,P05,BLACK,O,image_000019.jpg,training/P05/BLACK/O/images/image_000019.jpg,a80bc268096d7c8887cb2772c9e32174287e6d6c5bf3fb546b6fbcf8e45b4347,9239,,,true
P05_BLACK_O_000020,P05,BLACK,O,image_000020.jpg,training/P05/BLACK/O/images/image_000020.jpg,f92c55042a1265afd22832b1cf0a47469cd6c6dec01a77aae550971df5db73ec,8542,,,true
P05_BLACK_O_000021,P05,BLACK,O,image_000021.jpg,training/P05/BLACK/O/images/image_000021.jpg,1cd92928be8425e64d0da3a620c7e972b7643347a62d0011b39f6e84def7499c,8225,,,true
P05_BLACK_O_000022,P05,BLACK,O,image_000022.jpg,training/P05/BLACK/O/images/image_000022.jpg,0782632e49525fafedc69fc84e9022fbcbc612ddfff2b34cf99996686d35be09,8275,,,true
P05_BLACK_O_000023,P05,BLACK,O,image_000023.jpg,training/P05/BLACK/O/images/image_000023.jpg,bac0ca8ec3159c1824ffb1dbebc30b983e9b4f0de7612f210d00ffd0600ec47f,8995,,,true
P05_BLACK_O_000024,P05,BLACK,O,image_000024.jpg,training/P05/BLACK/O/images/image_000024.jpg,c319f7fb513d846f7acda692d9b0abc5a843bb33d5139233a201b60b48a37630,8613,,,true
P05_BLACK_O_000025,P05,BLACK,O,image_000025.jpg,training/P05/BLACK/O/images/image_000025.jpg,98be72f3354d703507955da06acbdd43bbdfdeba0453efe080e220127e0bfb73,8302,,,true
P05_BLACK_P_000001,P05,BLACK,P,image_000001.jpg,training/P05/BLACK/P/images/image_000001.jpg,22a243341caf044d43a4200433ff862e2fdc29088f171f953ed9c56a9d1e02e0,8244,,,true
P05_BLACK_P_000002,P05,BLACK,P,image_000002.jpg,training/P05/BLACK/P/images/image_000002.jpg,ddafc5c27c81a2be320ded3302932cfb8a98f871148c545e13abcf0cb933e3ae,8129,,,true
P05_BLACK_P_000003,P05,BLACK,P,image_000003.jpg,training/P05/BLACK/P/images/image_000003.jpg,eb6ec82812849067b2c0bc9fca2320057ea4f6d5f494b77b47666963799b1490,8481,,,true
P05_BLACK_P_000004,P05,BLACK,P,image_000004.jpg,training/P05/BLACK/P/images/image_000004.jpg,92c169b0b8ef77c1e4e9298903199e94a387933079306e81a58f8fdb4dbad79a,8500,,,true
P05_BLACK_P_000005,P05,BLACK,P,image_000005.jpg,training/P05/BLACK/P/images/image_000005.jpg,115e58a7eb66efe810473d364ca7f139e25189d8cb1421bf1e9d3812c80f7c2e,9222,,,true
P05_BLACK_P_000006,P05,BLACK,P,image_000006.jpg,training/P05/BLACK/P/images/image_000006.jpg,5d01f87593bed2159b0aab49636139f4f8238fc7fd93e5d1ba2e8a01ba7c2417,9154,,,true
P05_BLACK_P_000007,P05,BLACK,P,image_000007.jpg,training/P05/BLACK/P/images/image_000007.jpg,0e51c37c86a96ca02435c6d954ddcef3835b3e048d09a1cfdd9c94b82e4b0236,9383,,,true
P05_BLACK_P_000008,P05,BLACK,P,image_000008.jpg,training/P05/BLACK/P/images/image_000008.jpg,6e9e1a4f8f63c7fc4cb307ba45392431c39e0a4c275a2386f1f143848d0ca395,8244,,,true
P05_BLACK_P_000009,P05,BLACK,P,image_000009.jpg,training/P05/BLACK/P/images/image_000009.jpg,de5a4489a01f8f2a3485c1aad5f740d391caa22f8d76249fc9b1ae9c7641bab4,8651,,,true
P05_BLACK_P_000010,P05,BLACK,P,image_000010.jpg,training/P05/BLACK/P/images/image_000010.jpg,f340b46ca0a5e261341f2e02ea64acb32d078d17b9244afd7006effe028cef59,8590,,,true
P05_BLACK_P_000011,P05,BLACK,P,image_000011.jpg,training/P05/BLACK/P/images/image_000011.jpg,9df10fcc2a88aff1233e5d37f0d4254259051f1b5c04773056ed0f9385755aa6,7625,,,true
P05_BLACK_P_000012,P05,BLACK,P,image_000012.jpg,training/P05/BLACK/P/images/image_000012.jpg,5b5bae2413f8c1ab951a17fd04f878d09ef6687a5f2eb653ec1cac9bb26ee0d1,8040,,,true
P05_BLACK_P_000013,P05,BLACK,P,image_000013.jpg,training/P05/BLACK/P/images/image_000013.jpg,39d94f54c5cb3e5f1d11b6baac30520a52efff8bd303fa2311e76643ac84b879,8805,,,true
P05_BLACK_P_000014,P05,BLACK,P,image_000014.jpg,training/P05/BLACK/P/images/image_000014.jpg,56ca439ef8a3d692ffe8feda2705557527b82fe54a6d83db5c17e191ba5c56a5,8324,,,true
P05_BLACK_P_000015,P05,BLACK,P,image_000015.jpg,training/P05/BLACK/P/images/image_000015.jpg,10530a554a0dc7b9d7f5437b9794cf6b54ff8671b3fac09a2c2d82dd5393a62a,8771,,,true
P05_BLACK_P_000016,P05,BLACK,P,image_000016.jpg,training/P05/BLACK/P/images/image_000016.jpg,6ba45c3d5c1651c97001068a19e4f4421cc9b03f1d1cbb9339e8907606f9775d,8635,,,true
P05_BLACK_P_000017,P05,BLACK,P,image_000017.jpg,training/P05/BLACK/P/images/image_000017.jpg,6d8a643fa595250a187ce6c185bca995b7b06507e265b1d1829006c0c2a0adb0,8716,,,true
P05_BLACK_P_000018,P05,BLACK,P,image_000018.jpg,training/P05/BLACK/P/images/image_000018.jpg,ad6c9d896a4ad60ce5465c6c25313b96960c353bc36eb584dacdc15a822922b5,8086,,,true
P05_BLACK_P_000019,P05,BLACK,P,image_000019.jpg,training/P05/BLACK/P/images/image_000019.jpg,e427c2e5c16e84cd11f6f4c5b5f3f58fe21c201cf7783d0ce7862b4d75ab618a,8943,,,true
P05_BLACK_P_000020,P05,BLACK,P,image_000020.jpg,training/P05/BLACK/P/images/image_000020.jpg,1fa3405a50b47df5e7ee5fefe8e1de9538404af5932eac368281686005f084df,9125,,,true
P05_BLACK_P_000021,P05,BLACK,P,image_000021.jpg,training/P05/BLACK/P/images/image_000021.jpg,8301cc733437179201051a388270dc81001b38242ba3a67f28635d6099afe0f2,9208,,,true
P05_BLACK_P_000022,P05,BLACK,P,image_000022.jpg,training/P05/BLACK/P/images/image_000022.jpg,cd4b73d0e92f9fd581414968b66eea7dbb71e7c963538a11f7a60f0a955ef8e8,8446,,,true
P05_BLACK_P_000023,P05,BLACK,P,image_000023.jpg,training/P05/BLACK/P/images/image_000023.jpg,fd02d182c2dfc48f95be2522b70a8929553b484e3d84aa40e29cc65858333aff,9551,,,true
P05_BLACK_P_000024,P05,BLACK,P,image_000024.jpg,training/P05/BLACK/P/images/image_000024.jpg,a0570989471562e2452bf32bac0d603dad88b1aa7d045a1f7f1b6f4a0fec67e3,8382,,,true
P05_BLACK_P_000025,P05,BLACK,P,image_000025.jpg,training/P05/BLACK/P/images/image_000025.jpg,0ddf424408cb70936a212649ef461a8606601d4944c6a94c99ff325857cb79bf,9249,,,true
P05_BLACK_R_000001,P05,BLACK,R,image_000001.jpg,training/P05/BLACK/R/images/image_000001.jpg,a4e26c2f410b136ae4b207ffe255901ae84c4d92fcaf3d9bc426b7e70ddbdd87,9217,,,true
P05_BLACK_R_000002,P05,BLACK,R,image_000002.jpg,training/P05/BLACK/R/images/image_000002.jpg,50849e5879822ff610d5e2d1816f736f958a2333018451e34e2902bd4cedd7f4,8531,,,true
P05_BLACK_R_000003,P05,BLACK,R,image_000003.jpg,training/P05/BLACK/R/images/image_000003.jpg,00b1492dea9aa6c51802635c598666b3d016d0a5d9b1fbee40b426ba3fdb1ad5,9010,,,true
P05_BLACK_R_000004,P05,BLACK,R,image_000004.jpg,training/P05/BLACK/R/images/image_000004.jpg,3266f8a73c59e3107fcabd04eb9c9582025fcb2d90016410dabd816ad4fa6b02,8483,,,true
P05_BLACK_R_000005,P05,BLACK,R,image_000005.jpg,training/P05/BLACK/R/images/image_000005.jpg,fe85e83acdcfb37b928035a2568f72730fbdc03f8c22a62c1ba15867f047d9c8,8341,,,true
P05_BLACK_R_000006,P05,BLACK,R,image_000006.jpg,training/P05/BLACK/R/images/image_000006.jpg,66bed4d6e8cede54594cc934b753733678c9ac2441a40ba0f8e8d92ca6df241e,8181,,,true
P05_BLACK_R_000007,P05,BLACK,R,image_000007.jpg,training/P05/BLACK/R/images/image_000007.jpg,f883ec1297f2e9af753e618cf6dc2218713192f98ea9fcf58a54097c3d3d9283,8485,,,true
P05_BLACK_R_000008,P05,BLACK,R,image_000008.jpg,training/P05/BLACK/R/images/image_000008.jpg,17fc39a7b39b40c3bd8081283f702593806f206db5f170b7d6a8d17bee3a2893,7946,,,true
P05_BLACK_R_000009,P05,BLACK,R,image_000009.jpg,training/P05/BLACK/R/images/image_000009.jpg,02372f628370c723d09b135ad4b642727e658f9f9c2dc00c118763816b41996d,8408,,,true
P05_BLACK_R_000010,P05,BLACK,R,image_000010.jpg,training/P05/BLACK/R/images/image_000010.jpg,202e18ab599d39a7623b4e96dfca68fa087ea72f1f364b615445d190184e1fbe,8271,,,true
P05_BLACK_R_000011,P05,BLACK,R,image_000011.jpg,training/P05/BLACK/R/images/image_000011.jpg,4d0a1b283253501f01546934ad201ca9789294e9d4bafb1d9970208372119258,8411,,,true
P05_BLACK_R_000012,P05,BLACK,R,image_000012.jpg,training/P05/BLACK/R/images/image_000012.jpg,b083e8e0901151381dd56b69a55340b76dd11b2f4f16f3630540776a0e609867,8487,,,true
P05_BLACK_R_000013,P05,BLACK,R,image_000013.jpg,training/P05/BLACK/R/images/image_000013.jpg,396c8b6a7f71841d63296d1970cd7d8e7e2d8ba1064d8237a1dcae229b378c94,8345,,,true
P05_BLACK_R_000014,P05,BLACK,R,image_000014.jpg,training/P05/BLACK/R/images/image_000014.jpg,2388d362cb09ebc936a319bbd0b789ebcea9c5cc884d6fd58bc15f3842bd6bfa,8272,,,true
P05_BLACK_R_000015,P05,BLACK,R,image_000015.jpg,training/P05/BLACK/R/images/image_000015.jpg,24bcfeb6573d4b30f0d5818780ea527af5a2f62962a516adac7c0e3a7ad06cb8,7889,,,true
P05_BLACK_R_000016,P05,BLACK,R,image_000016.jpg,training/P05/BLACK/R/images/image_000016.jpg,7a5dd713a3781cb01080135474a905db7894ddc100ef47500a40c753186f799c,9107,,,true
P05_BLACK_R_000017,P05,BLACK,R,image_000017.jpg,training/P05/BLACK/R/images/image_000017.jpg,e26a492af1cb57a15ade109991638cba7c244c845f4a1fed9b2cad8d09fad5e8,8608,,,true
P05_BLACK_R_000018,P05,BLACK,R,image_000018.jpg,training/P05/BLACK/R/images/image_000018.jpg,60c4fd6e22b64e481ea6b1e5adff1960c83276382a002276118f3bafeb151673,9404,,,true
P05_BLACK_R_000019,P05,BLACK,R,image_000019.jpg,training/P05/BLACK/R/images/image_000019.jpg,084fd337224067da35340d3e29dab7769dfd30283e451a9f13efedccaeb63641,8801,,,true
P05_BLACK_R_000020,P05,BLACK,R,image_000020.jpg,training/P05/BLACK/R/images/image_000020.jpg,ac5331a13b4596ebe1ed04238881756823e7047d9760cfd27f6f44f5b89bb435,8822,,,true
P05_BLACK_R_000021,P05,BLACK,R,image_000021.jpg,training/P05/BLACK/R/images/image_000021.jpg,e913fcd0a716ccba33d91cb837a8d48716b81e741f5b4be7bf53905a1ca89b61,8797,,,true
P05_BLACK_R_000022,P05,BLACK,R,image_000022.jpg,training/P05/BLACK/R/images/image_000022.jpg,e3111a4bc07450dbc82a176f3c1f4ec7e778b562b80ba91d90153d44a2b9118c,9255,,,true
P05_BLACK_R_000023,P05,BLACK,R,image_000023.jpg,training/P05/BLACK/R/images/image_000023.jpg,4d29d88aaecf520c4097f589e8b14c57635a70ed0dd72fca6d02c747fec839ad,9273,,,true
P05_BLACK_R_000024,P05,BLACK,R,image_000024.jpg,training/P05/BLACK/R/images/image_000024.jpg,c7b13f71f53bb5dd96f6435d02819ec453b02edacc831879f8d1f4c90f8eb444,9355,,,true
P05_BLACK_R_000025,P05,BLACK,R,image_000025.jpg,training/P05/BLACK/R/images/image_000025.jpg,07186dad1acffc7282a25085bf29c36cccee935d35190be9af49f3eb3a0dc6fd,8936,,,true
P05_BLACK_S_000001,P05,BLACK,S,image_000001.jpg,training/P05/BLACK/S/images/image_000001.jpg,2bebb86b0b1ba167c88add572ba0dc1846a558374dca2809363dbc4396ed219d,9775,,,true
P05_BLACK_S_000002,P05,BLACK,S,image_000002.jpg,training/P05/BLACK/S/images/image_000002.jpg,8c7257cfa8d66f299b81a419b56f092ac1b0fdb0b1a3cd6c8b9143e5217ab1b1,9815,,,true
P05_BLACK_S_000003,P05,BLACK,S,image_000003.jpg,training/P05/BLACK/S/images/image_000003.jpg,a5d23c6130fe1704e17a7c8c07d7761cab989d98685419a1010f3b293820a9a3,9302,,,true
P05_BLACK_S_000004,P05,BLACK,S,image_000004.jpg,training/P05/BLACK/S/images/image_000004.jpg,5c5589a62a86de69cc9badcc606f87b54ce744e111176cb25db41128bfed0394,9427,,,true
P05_BLACK_S_000005,P05,BLACK,S,image_000005.jpg,training/P05/BLACK/S/images/image_000005.jpg,c052b93fbfba59f77f94c338027f2d9314704669a618b96b2fedf628b46af1d0,8753,,,true
P05_BLACK_S_000006,P05,BLACK,S,image_000006.jpg,training/P05/BLACK/S/images/image_000006.jpg,6deaf3e0632c3f6cd82cd260ae1c86c80274c1eaca8722ba5e713605f53a455c,9072,,,true
P05_BLACK_S_000007,P05,BLACK,S,image_000007.jpg,training/P05/BLACK/S/images/image_000007.jpg,d695e050faa7c16f6641aa88801a7fea6d278593f340aa250003ffdb0749b29f,9625,,,true
P05_BLACK_S_000008,P05,BLACK,S,image_000008.jpg,training/P05/BLACK/S/images/image_000008.jpg,d1bbd5020e1c59d822384e87fcde2fc20011ef8bcfcaf8751cd3c3a317bcb08d,8764,,,true
P05_BLACK_S_000009,P05,BLACK,S,image_000009.jpg,training/P05/BLACK/S/images/image_000009.jpg,2f64961ede1774a615cb1a5c7cf5b059ed2efd2256a9f1246e532184ad4aab84,8651,,,true
P05_BLACK_S_000010,P05,BLACK,S,image_000010.jpg,training/P05/BLACK/S/images/image_000010.jpg,745b9050c133d8227f2c902b12e6544de89186afaa4094a0ce611f39b21280a9,8181,,,true
P05_BLACK_S_000011,P05,BLACK,S,image_000011.jpg,training/P05/BLACK/S/images/image_000011.jpg,a980b18d33b46e2e7fe73e715b7f60a77d2e5f15947bbe82566e4699a28b9758,8648,,,true
P05_BLACK_S_000012,P05,BLACK,S,image_000012.jpg,training/P05/BLACK/S/images/image_000012.jpg,dfbce98e9d7cc681933c4325cf1201c3d091e78f72ef4ce9a35e190b0bd0b9da,9638,,,true
P05_BLACK_S_000013,P05,BLACK,S,image_000013.jpg,training/P05/BLACK/S/images/image_000013.jpg,27169ab6128e3d3cc941201b3f9c83192017e4d59d63d6b8c5fae9bdb94baed8,9587,,,true
P05_BLACK_S_000014,P05,BLACK,S,image_000014.jpg,training/P05/BLACK/S/images/image_000014.jpg,45e151d707bdc132b1007640eb0e0292e8db1761ba447d4010c4c3cf2e503411,9305,,,true
P05_BLACK_S_000015,P05,BLACK,S,image_000015.jpg,training/P05/BLACK/S/images/image_000015.jpg,cb11ff302177503324d56ef55a5d6a0853dbd8309fc95d7a1a2b899b6d53675a,9506,,,true
P05_BLACK_S_000016,P05,BLACK,S,image_000016.jpg,training/P05/BLACK/S/images/image_000016.jpg,192d8f999f654944b149df3763acd16af166b0066bd6fd84441fb71e4f506b5c,8052,,,true
P05_BLACK_S_000017,P05,BLACK,S,image_000017.jpg,training/P05/BLACK/S/images/image_000017.jpg,01a0b5d01430068b374825db472debd0510ba141c86db40fa36b0d8b678fd608,8042,,,true
P05_BLACK_S_000018,P05,BLACK,S,image_000018.jpg,training/P05/BLACK/S/images/image_000018.jpg,5452a202e794c69861cf92ceef406fd1614e2f9c53174ee45794d705b37aadd9,8389,,,true
P05_BLACK_S_000019,P05,BLACK,S,image_000019.jpg,training/P05/BLACK/S/images/image_000019.jpg,8d07c22e3f11ea283c71dc613819dbdb34a8359ac6070be29972a59a4dcafb56,8350,,,true
P05_BLACK_S_000020,P05,BLACK,S,image_000020.jpg,training/P05/BLACK/S/images/image_000020.jpg,a283b5bf60c6e577f1755b5e7b38a0b6ecec7d33736f0317887c43c72d3b476b,8475,,,true
P05_BLACK_S_000021,P05,BLACK,S,image_000021.jpg,training/P05/BLACK/S/images/image_000021.jpg,776328855ec24d4f70e9eb21cafd37b583a5061b7e142d0775d3b20f7ed5232a,8216,,,true
P05_BLACK_S_000022,P05,BLACK,S,image_000022.jpg,training/P05/BLACK/S/images/image_000022.jpg,88503dfc0e54e0cfb86d0cea9492ba5ba9f780069fb838904fb3f60dd34eaf21,8102,,,true
P05_BLACK_S_000023,P05,BLACK,S,image_000023.jpg,training/P05/BLACK/S/images/image_000023.jpg,77cffe1140d8a5ff8963b279f1075b93c267eb847a94b76c3f4d11178ba6ed6a,9545,,,true
P05_BLACK_S_000024,P05,BLACK,S,image_000024.jpg,training/P05/BLACK/S/images/image_000024.jpg,b66453e85fad5f77dcdf87a26e1ca661079f0eca192fcac91f9abd8bc5d8cb1c,9565,,,true
P05_BLACK_S_000025,P05,BLACK,S,image_000025.jpg,training/P05/BLACK/S/images/image_000025.jpg,f7ab73732b21087c34995cb4b2ed36338de4a9f8924928f04cce0885dd56256a,9650,,,true
P05_BLACK_T_000001,P05,BLACK,T,image_000001.jpg,training/P05/BLACK/T/images/image_000001.jpg,2138b4d0b9960982d12109f428a49cae843be0572c53726a4709a5f73b9781a6,9711,,,true
P05_BLACK_T_000002,P05,BLACK,T,image_000002.jpg,training/P05/BLACK/T/images/image_000002.jpg,4e19919875e448b356aeba2b8c1017583be2ca430b38e8dda46579020848ec75,8219,,,true
P05_BLACK_T_000003,P05,BLACK,T,image_000003.jpg,training/P05/BLACK/T/images/image_000003.jpg,fa56df01d72cc8d1bccdfe627b54b6e89c914bd466cec786b70454bb52c1a0a5,8982,,,true
P05_BLACK_T_000004,P05,BLACK,T,image_000004.jpg,training/P05/BLACK/T/images/image_000004.jpg,76d4fd3a516eb21eac6e16e171cd8d0f28231fc7746cd37e320468870769cc94,8575,,,true
P05_BLACK_T_000005,P05,BLACK,T,image_000005.jpg,training/P05/BLACK/T/images/image_000005.jpg,8c56d0f5bb6704bffb5d2cc7f15933304fdda53cf36baa52820f57119d69bf47,9084,,,true
P05_BLACK_T_000006,P05,BLACK,T,image_000006.jpg,training/P05/BLACK/T/images/image_000006.jpg,2c265036f6403704acac47ca5b70a665ae9d00a9be91e3bb59dbff8b62e9b3b4,8067,,,true
P05_BLACK_T_000007,P05,BLACK,T,image_000007.jpg,training/P05/BLACK/T/images/image_000007.jpg,16ef4b21866f6ea67e281be84f1983b01a123b0b61aa052117d51e535dd58abd,8699,,,true
P05_BLACK_T_000008,P05,BLACK,T,image_000008.jpg,training/P05/BLACK/T/images/image_000008.jpg,a4ec38bda5bcca538022e59b9723eef4c7508fa08b7e457bf64c636d7e0f0378,8344,,,true
P05_BLACK_T_000009,P05,BLACK,T,image_000009.jpg,training/P05/BLACK/T/images/image_000009.jpg,6b0706140f35f7d3d3843f04839a68a065f8f6d06071bebeffcb4665a12f4376,9154,,,true
P05_BLACK_T_000010,P05,BLACK,T,image_000010.jpg,training/P05/BLACK/T/images/image_000010.jpg,a5e4e88beda28c537839949b611a4306714ff4a509d8c55b79a5984bf12549c0,8485,,,true
P05_BLACK_T_000011,P05,BLACK,T,image_000011.jpg,training/P05/BLACK/T/images/image_000011.jpg,a59d885bf3f46032b236aed24c351dfb39c09cfa88a35028042ba3e8048562d1,9214,,,true
P05_BLACK_T_000012,P05,BLACK,T,image_000012.jpg,training/P05/BLACK/T/images/image_000012.jpg,67c82bbb66b25c669f807a085201f4b463fa74e2999283bb72626096c1d47a83,8980,,,true
P05_BLACK_T_000013,P05,BLACK,T,image_000013.jpg,training/P05/BLACK/T/images/image_000013.jpg,5f3d9051ca7e3667fdd548d820c103acb72121cb287c6c8d8df4e89403710a96,8619,,,true
P05_BLACK_T_000014,P05,BLACK,T,image_000014.jpg,training/P05/BLACK/T/images/image_000014.jpg,3625aac486169666fd0c521803cd8101ce9bce54a472036180c3d190a6ba001f,9169,,,true
P05_BLACK_T_000015,P05,BLACK,T,image_000015.jpg,training/P05/BLACK/T/images/image_000015.jpg,4d137511e2405470747a0abd9139bc6807a5709979c97ba456fccb092c4a6468,9022,,,true
P05_BLACK_T_000016,P05,BLACK,T,image_000016.jpg,training/P05/BLACK/T/images/image_000016.jpg,f2ba65a3203c8145724779c2b542be930611bad9edaf25544cb801ca762093a3,9201,,,true
P05_BLACK_T_000017,P05,BLACK,T,image_000017.jpg,training/P05/BLACK/T/images/image_000017.jpg,bb7376006698ed68ffa47b91328cdcbdecc81b3cd02878cef0f8dba318f7a67c,9056,,,true
P05_BLACK_T_000018,P05,BLACK,T,image_000018.jpg,training/P05/BLACK/T/images/image_000018.jpg,1cff461d6d4de61a5103ed2da84dc952a4d9fc4f146ca31d3937b7f92737f70a,8241,,,true
P05_BLACK_T_000019,P05,BLACK,T,image_000019.jpg,training/P05/BLACK/T/images/image_000019.jpg,4b838c03b06650b5578f2cb1d776355e3c64a19afc76efbde554fc8c8f1bbe47,8838,,,true
P05_BLACK_T_000020,P05,BLACK,T,image_000020.jpg,training/P05/BLACK/T/images/image_000020.jpg,9e2b002be2e36ffc496934ea6fc71b73e0ec5e919b7a87050a6a1eb009b56921,8504,,,true
P05_BLACK_T_000021,P05,BLACK,T,image_000021.jpg,training/P05/BLACK/T/images/image_000021.jpg,560388a38afb022c4cb17f61444cbf0f385022c230569cdbf32d8acfa2c39627,8342,,,true
P05_BLACK_T_000022,P05,BLACK,T,image_000022.jpg,training/P05/BLACK/T/images/image_000022.jpg,404f2ae9c23315e131018e17e95bb37f1d0b86b0b569e354810206b4dcfe5d49,8314,,,true
P05_BLACK_T_000023,P05,BLACK,T,image_000023.jpg,training/P05/BLACK/T/images/image_000023.jpg,5e8eae70e298c1909c24d6955d8913659cfee930d0b0bfc649ef8abd9709f149,8553,,,true
P05_BLACK_T_000024,P05,BLACK,T,image_000024.jpg,training/P05/BLACK/T/images/image_000024.jpg,732bd2397f63756293728bf9f4b3e1e1d0a191cc5a665646703f3f1e9167c6cc,8700,,,true
P05_BLACK_T_000025,P05,BLACK,T,image_000025.jpg,training/P05/BLACK/T/images/image_000025.jpg,d9aad7029aa91b93ff7eb2ede2fb2641f47e0a075a0aff11e4775aa7482035af,8665,,,true
P05_BLACK_U_000001,P05,BLACK,U,image_000001.jpg,training/P05/BLACK/U/images/image_000001.jpg,127e82058fefe7a376a3dcfabfaf3308b40d802240dec206d2a006bb7a079e87,9797,,,true
P05_BLACK_U_000002,P05,BLACK,U,image_000002.jpg,training/P05/BLACK/U/images/image_000002.jpg,59b8a306781fc9514647e0a9e55a8823a2cbddbe1c7f805f42dd4475bf7b8efe,9439,,,true
P05_BLACK_U_000003,P05,BLACK,U,image_000003.jpg,training/P05/BLACK/U/images/image_000003.jpg,8d291cac3f0982c222044a0d62ffa9ec0aed2573a335937a1ccaf6949c27c496,9389,,,true
P05_BLACK_U_000004,P05,BLACK,U,image_000004.jpg,training/P05/BLACK/U/images/image_000004.jpg,9c2950353debe5a5546b9e51d59b4f1aede10398c90b482701bffd4b6ca923a8,8542,,,true
P05_BLACK_U_000005,P05,BLACK,U,image_000005.jpg,training/P05/BLACK/U/images/image_000005.jpg,3fbb7324d9a3a90b26f89345ce76e553d99ebecdef2fc8b8b89562d97222924d,8314,,,true
P05_BLACK_U_000006,P05,BLACK,U,image_000006.jpg,training/P05/BLACK/U/images/image_000006.jpg,4301d2761f515b705c2903f7186f56213613083fc5194a53a6b36d7e26611aaf,7682,,,true
P05_BLACK_U_000007,P05,BLACK,U,image_000007.jpg,training/P05/BLACK/U/images/image_000007.jpg,5122433d7a53118fe4dc211756f496a9c20e9eeb5e1006e7f6c2e69c4c807f82,8314,,,true
P05_BLACK_U_000008,P05,BLACK,U,image_000008.jpg,training/P05/BLACK/U/images/image_000008.jpg,6dbdf98ed622011130ba147d5b38698169c6acc67237294313849b74ed5b116f,8631,,,true
P05_BLACK_U_000009,P05,BLACK,U,image_000009.jpg,training/P05/BLACK/U/images/image_000009.jpg,7f3b47402aeb4c17911b6139e1559c112ab71c15bb4005ea73a3d77be349446c,8676,,,true
P05_BLACK_U_000010,P05,BLACK,U,image_000010.jpg,training/P05/BLACK/U/images/image_000010.jpg,9748ddaa7975b2b7f4be6fc425626d195e5481a519a517da5809e96605781fbc,8698,,,true
P05_BLACK_U_000011,P05,BLACK,U,image_000011.jpg,training/P05/BLACK/U/images/image_000011.jpg,7e282344097840c312758ee02c4c5d5380d528f6255511931b8084ee90ac9f93,8884,,,true
P05_BLACK_U_000012,P05,BLACK,U,image_000012.jpg,training/P05/BLACK/U/images/image_000012.jpg,23faeb92d1b913bb95e1ab7b52ce0640633513d44d60014b36e783316657b9b2,10031,,,true
P05_BLACK_U_000013,P05,BLACK,U,image_000013.jpg,training/P05/BLACK/U/images/image_000013.jpg,feb5e0fc29124fa09631d9fc8cf2060ec44d540fa8943b7f104446056fa60b8d,9220,,,true
P05_BLACK_U_000014,P05,BLACK,U,image_000014.jpg,training/P05/BLACK/U/images/image_000014.jpg,28d312f37757ab0478b9163d76abdc2fc3654b52ef251ef7eec1da01916bdfaf,8894,,,true
P05_BLACK_U_000015,P05,BLACK,U,image_000015.jpg,training/P05/BLACK/U/images/image_000015.jpg,6be2cb2c9e57969c2b6edf1f3d93871c7e00076a10c04e2bf090ebb9ed79943a,8496,,,true
P05_BLACK_U_000016,P05,BLACK,U,image_000016.jpg,training/P05/BLACK/U/images/image_000016.jpg,3ab5bf52bad3f297c222f27271e79c14dd7a9840635d9d702ca7116020631ba4,8620,,,true
P05_BLACK_U_000017,P05,BLACK,U,image_000017.jpg,training/P05/BLACK/U/images/image_000017.jpg,80c9c0165867c7e6b97adf33f1adbb0674b8cac7852a4852f6ecf8bfe1a42f0e,8054,,,true
P05_BLACK_U_000018,P05,BLACK,U,image_000018.jpg,training/P05/BLACK/U/images/image_000018.jpg,02cdf09a542b76ae4eaf846e7a9e7f1bd959d933ad5e32584773c5e68dc8f46a,7630,,,true
P05_BLACK_U_000019,P05,BLACK,U,image_000019.jpg,training/P05/BLACK/U/images/image_000019.jpg,0a8fe5a1916e3a14fbc428b461f9dc229141a9aceaad9690338b39ebac03ad1b,8200,,,true
P05_BLACK_U_000020,P05,BLACK,U,image_000020.jpg,training/P05/BLACK/U/images/image_000020.jpg,034fbc21d33906143666a0ab23bfd087df6cc554db1e6a5a737f07ac294395eb,7159,,,true
P05_BLACK_U_000021,P05,BLACK,U,image_000021.jpg,training/P05/BLACK/U/images/image_000021.jpg,67d50dae6276731251cb0a7e71bfcc26da75f786769f9a06805a1670095452ff,8755,,,true
P05_BLACK_U_000022,P05,BLACK,U,image_000022.jpg,training/P05/BLACK/U/images/image_000022.jpg,8accbec4917856291bab50ac9f2dd0b42345a4b21b483e679d9abb4381bb3475,9189,,,true
P05_BLACK_U_000023,P05,BLACK,U,image_000023.jpg,training/P05/BLACK/U/images/image_000023.jpg,24533bf6afe56913c95fa2c470482d6d29f70619a74882d43a791b60553b2510,8556,,,true
P05_BLACK_U_000024,P05,BLACK,U,image_000024.jpg,training/P05/BLACK/U/images/image_000024.jpg,417d49f9ec93efd0f1ab70330825bff6e93db629061f45deb072edcd920f1794,9275,,,true
P05_BLACK_U_000025,P05,BLACK,U,image_000025.jpg,training/P05/BLACK/U/images/image_000025.jpg,fb27a02fdf6a98d3b395dea57f0c1198aed9e9850e6dada0f8bd1072fd06afed,9345,,,true
P05_BLACK_V_000001,P05,BLACK,V,image_000001.jpg,training/P05/BLACK/V/images/image_000001.jpg,4488c75cda9d822748c93bdb7fbcf8a0f90ce70102cc301ecf9b1fd1f95d6c86,8915,,,true
P05_BLACK_V_000002,P05,BLACK,V,image_000002.jpg,training/P05/BLACK/V/images/image_000002.jpg,31554817a0f418c84ce49e65cea9a740e8ddb0a25f74cc9ed30c9025bc57603f,8752,,,true
P05_BLACK_V_000003,P05,BLACK,V,image_000003.jpg,training/P05/BLACK/V/images/image_000003.jpg,5344f3795cfc374b8f1a07b501d3383369f6940cc8ac12add5c533e0a8346a2b,8902,,,true
P05_BLACK_V_000004,P05,BLACK,V,image_000004.jpg,training/P05/BLACK/V/images/image_000004.jpg,0d8b05bf41eea306ef107cd7bd5d0b9c76e73cdbb402285b2d803710e9999d9a,9218,,,true
P05_BLACK_V_000005,P05,BLACK,V,image_000005.jpg,training/P05/BLACK/V/images/image_000005.jpg,912b65c37793036b58803ee06d6eb28fe480dca9552ca864a1c2b0fef04d4cdb,9441,,,true
P05_BLACK_V_000006,P05,BLACK,V,image_000006.jpg,training/P05/BLACK/V/images/image_000006.jpg,c756b385ad8058ea81fbcf882783ac26871dca6a37396cedae43c51432023ed9,9833,,,true
P05_BLACK_V_000007,P05,BLACK,V,image_000007.jpg,training/P05/BLACK/V/images/image_000007.jpg,ebfa8068aa4b84c13f571ccbfe9670fd4e7db306daf6218575fc4bb78f9952a7,9007,,,true
P05_BLACK_V_000008,P05,BLACK,V,image_000008.jpg,training/P05/BLACK/V/images/image_000008.jpg,2895cd5479e62ffa2f611f286fbbeb9986153bbdfcbceb7fa78a0b45a6bac4f5,9021,,,true
P05_BLACK_V_000009,P05,BLACK,V,image_000009.jpg,training/P05/BLACK/V/images/image_000009.jpg,ec22e5c237b975f8b54f51a8f1418849548ae5c333d865963dad828bdfa0e30d,8980,,,true
P05_BLACK_V_000010,P05,BLACK,V,image_000010.jpg,training/P05/BLACK/V/images/image_000010.jpg,7b6136563ba80b51c8c60c72df9ed2bc791fa0e9a31efd4692da8fad78eeb8cb,8774,,,true
P05_BLACK_V_000011,P05,BLACK,V,image_000011.jpg,training/P05/BLACK/V/images/image_000011.jpg,0429976ecd8dd4885dc390a362eddcb263dc81a24f2c5f71824b6d78590357d7,8773,,,true
P05_BLACK_V_000012,P05,BLACK,V,image_000012.jpg,training/P05/BLACK/V/images/image_000012.jpg,503272c1c3d51a91bbe0d2f4790488769218f3330d4adb06e737f4ae20a24058,8768,,,true
P05_BLACK_V_000013,P05,BLACK,V,image_000013.jpg,training/P05/BLACK/V/images/image_000013.jpg,2416d128dab4f46bf08d203605abcc34a174cfe86428aabc8bc3dc5776f27969,9214,,,true
P05_BLACK_V_000014,P05,BLACK,V,image_000014.jpg,training/P05/BLACK/V/images/image_000014.jpg,07975e33282bd3b2f0f09ad8dda9c2f83adc4596df03f8bf6ae8ef6f3f97c772,8968,,,true
P05_BLACK_V_000015,P05,BLACK,V,image_000015.jpg,training/P05/BLACK/V/images/image_000015.jpg,e6f4141c7eaf40e95f5d216dc062760840320204b275641950056b4be20c38c8,8799,,,true
P05_BLACK_V_000016,P05,BLACK,V,image_000016.jpg,training/P05/BLACK/V/images/image_000016.jpg,5adc6e8a600689623d854fffedc5809676d0a4e6bf78a8ba40d5740bb2527298,8964,,,true
P05_BLACK_V_000017,P05,BLACK,V,image_000017.jpg,training/P05/BLACK/V/images/image_000017.jpg,db0f82b15b3ed8d2e8ff2a995c099cc4ae68e923e196114d5db285d976aac545,9246,,,true
P05_BLACK_V_000018,P05,BLACK,V,image_000018.jpg,training/P05/BLACK/V/images/image_000018.jpg,14305c8b7c89001e23a437ff8fed5e35a6d3650b5280ecae6dfe53199e530615,8441,,,true
P05_BLACK_V_000019,P05,BLACK,V,image_000019.jpg,training/P05/BLACK/V/images/image_000019.jpg,4fd3e9859cfb5a7f79b93aea722e5f75727553a486978e66f52b2fbb92924ecc,8886,,,true
P05_BLACK_V_000020,P05,BLACK,V,image_000020.jpg,training/P05/BLACK/V/images/image_000020.jpg,c6aa6723eb794da7b3d27710525811c496ceae52af4337d8e9ec8d24c9ebd0b4,8783,,,true
P05_BLACK_V_000021,P05,BLACK,V,image_000021.jpg,training/P05/BLACK/V/images/image_000021.jpg,0c35cf5c2e3dbcdf470be69468a113bd6ef7d095f86c2b8ff2992151ba647bb7,7641,,,true
P05_BLACK_V_000022,P05,BLACK,V,image_000022.jpg,training/P05/BLACK/V/images/image_000022.jpg,e4a924011236db07b93c826eacb1909b4c548f2564513852c2cbb02c497319b5,8162,,,true
P05_BLACK_V_000023,P05,BLACK,V,image_000023.jpg,training/P05/BLACK/V/images/image_000023.jpg,525af5334aac5b5ace67064356a9c92e69e578be6858cb167dbdb1ad4c09e1d6,8294,,,true
P05_BLACK_V_000024,P05,BLACK,V,image_000024.jpg,training/P05/BLACK/V/images/image_000024.jpg,464417a2caf2bd6bc77e312f746ffe843aded7e4b59fd7fe6bb0787ef997b754,8385,,,true
P05_BLACK_V_000025,P05,BLACK,V,image_000025.jpg,training/P05/BLACK/V/images/image_000025.jpg,313a86dd1fb026bcd6907ea10809610b84504130a4d50a275d5801763930d89e,8226,,,true
P05_BLACK_W_000001,P05,BLACK,W,image_000001.jpg,training/P05/BLACK/W/images/image_000001.jpg,cc122bf1b0ef8f087c4cf5ed8860d8eb33e0cdcd4fade89cbc0afc14d12d1f54,8199,,,true
P05_BLACK_W_000002,P05,BLACK,W,image_000002.jpg,training/P05/BLACK/W/images/image_000002.jpg,b990f9d9fdfaa574a67fb3653d823193b7f6c64435aa7e7fb57061a0cf3cb1b0,8275,,,true
P05_BLACK_W_000003,P05,BLACK,W,image_000003.jpg,training/P05/BLACK/W/images/image_000003.jpg,3f041f33e0a67b7c99fe2d6bd9b602058f219a363cfebafaeba00b50e27da465,8438,,,true
P05_BLACK_W_000004,P05,BLACK,W,image_000004.jpg,training/P05/BLACK/W/images/image_000004.jpg,04cf028ff2702f122671761bfc635c1d78f1c1225823083c74e74465e5341c87,9068,,,true
P05_BLACK_W_000005,P05,BLACK,W,image_000005.jpg,training/P05/BLACK/W/images/image_000005.jpg,c5ae04791eba6f94125ba6c896eb6b823eaaec8d7b9566df753b5b6f711baf98,8213,,,true
P05_BLACK_W_000006,P05,BLACK,W,image_000006.jpg,training/P05/BLACK/W/images/image_000006.jpg,2ddee7af5e05024de32d6fac2e2277736fc33e7d0cb230d11ebb8f7afceb9ec0,8521,,,true
P05_BLACK_W_000007,P05,BLACK,W,image_000007.jpg,training/P05/BLACK/W/images/image_000007.jpg,d4891074e36ce7aed4344bbf4f069358cbbe311a1412ead7c837d7d0c75f21b7,8186,,,true
P05_BLACK_W_000008,P05,BLACK,W,image_000008.jpg,training/P05/BLACK/W/images/image_000008.jpg,f58320a071c47523e95dfa63269c8ca7679d85b36b2418dcb799278e7c06103c,8422,,,true
P05_BLACK_W_000009,P05,BLACK,W,image_000009.jpg,training/P05/BLACK/W/images/image_000009.jpg,4d453ab35d663d72c828d382e07d40ef6c63105193409f67d6ecb548bb5ab229,8535,,,true
P05_BLACK_W_000010,P05,BLACK,W,image_000010.jpg,training/P05/BLACK/W/images/image_000010.jpg,704c9414e0f04a83cd1456e6e16bc8cd544646d9c0e45a358cf6561d608ab0d9,8151,,,true
P05_BLACK_W_000011,P05,BLACK,W,image_000011.jpg,training/P05/BLACK/W/images/image_000011.jpg,68b5cd6cee7a08c029531f15ac7251b55203599f052d99179d1f5756a7858880,8667,,,true
P05_BLACK_W_000012,P05,BLACK,W,image_000012.jpg,training/P05/BLACK/W/images/image_000012.jpg,5f9bd806e6ebebbc4971fb3dbfdc195cc3440ee177649a48e3d6234985c0b76f,8744,,,true
P05_BLACK_W_000013,P05,BLACK,W,image_000013.jpg,training/P05/BLACK/W/images/image_000013.jpg,44845e9a56fb178cf4715dc7afc4e2bc39815bad6652f1840cabad7f2cff5422,8499,,,true
P05_BLACK_W_000014,P05,BLACK,W,image_000014.jpg,training/P05/BLACK/W/images/image_000014.jpg,aed802c2e5568e91cad8ee8add334e38dd70fee89999d9e267a2bb4009bb932a,8575,,,true
P05_BLACK_W_000015,P05,BLACK,W,image_000015.jpg,training/P05/BLACK/W/images/image_000015.jpg,4dac32210b738eefdc4206020f3a1a64d132a370144eef0ccb25bd360a02f3be,9411,,,true
P05_BLACK_W_000016,P05,BLACK,W,image_000016.jpg,training/P05/BLACK/W/images/image_000016.jpg,ce9049fd4de02aabe28d900d103eeec223419d38c5ef7c0fa93c11e21be46261,9052,,,true
P05_BLACK_W_000017,P05,BLACK,W,image_000017.jpg,training/P05/BLACK/W/images/image_000017.jpg,7616069ec05290856b663385034fcf65c74d383b6793cf1cbe96e30433d119e6,9003,,,true
P05_BLACK_W_000018,P05,BLACK,W,image_000018.jpg,training/P05/BLACK/W/images/image_000018.jpg,fc2b7ed1c8dacdbfc54435c22d374399c9a1dc89b75b1f9ec4005c02cbfa5329,9147,,,true
P05_BLACK_W_000019,P05,BLACK,W,image_000019.jpg,training/P05/BLACK/W/images/image_000019.jpg,3db03168f6ca5a3f47919178fac7eb3d3f32f8a6c52e17c4ce749421f7052f6c,8386,,,true
P05_BLACK_W_000020,P05,BLACK,W,image_000020.jpg,training/P05/BLACK/W/images/image_000020.jpg,0092e465d95e825fafa3a4e7bd6fbfdbefa76f6299cba46a98734f7f2629c78d,9063,,,true
P05_BLACK_W_000021,P05,BLACK,W,image_000021.jpg,training/P05/BLACK/W/images/image_000021.jpg,d1855f100e155228ab3436b342095fff0078cd8c77df63854e4d49f35a69ce43,8602,,,true
P05_BLACK_W_000022,P05,BLACK,W,image_000022.jpg,training/P05/BLACK/W/images/image_000022.jpg,62c1a0c72d1de31145d06ca164a641e63c422990ab9a016a67cb49ce1187a56f,8551,,,true
P05_BLACK_W_000023,P05,BLACK,W,image_000023.jpg,training/P05/BLACK/W/images/image_000023.jpg,dd765f9a47367b451e143a38dc44daede384f12a3875487c6f50b59394c7248c,8551,,,true
P05_BLACK_W_000024,P05,BLACK,W,image_000024.jpg,training/P05/BLACK/W/images/image_000024.jpg,405a7521fbd38a281a5be62416bd333881d7e46dd288ba5083155f59d4312735,8670,,,true
P05_BLACK_W_000025,P05,BLACK,W,image_000025.jpg,training/P05/BLACK/W/images/image_000025.jpg,24c1c1378f319d61b36be0554cbd680ced1dba890e32eab6556fa45d509fb417,8755,,,true
P05_BLACK_Y_000001,P05,BLACK,Y,image_000001.jpg,training/P05/BLACK/Y/images/image_000001.jpg,36f385302e5e14b510d8503d77d2a54a8d73afd97a191a616f598317faa50139,8876,,,true
P05_BLACK_Y_000002,P05,BLACK,Y,image_000002.jpg,training/P05/BLACK/Y/images/image_000002.jpg,a962d5f9ddbfbeab4fa5359dbde1143c05e3b774c17a25187023bc3b898ab707,8994,,,true
P05_BLACK_Y_000003,P05,BLACK,Y,image_000003.jpg,training/P05/BLACK/Y/images/image_000003.jpg,4603bc3bd093d93ea85e6619eaa8d897e3a95898cba331a012d28e9a8c8a53ee,8948,,,true
P05_BLACK_Y_000004,P05,BLACK,Y,image_000004.jpg,training/P05/BLACK/Y/images/image_000004.jpg,b752fc712202169aca8de902bbad985ab74476baf1637cc36c88b29fd2b0b6ce,8995,,,true
P05_BLACK_Y_000005,P05,BLACK,Y,image_000005.jpg,training/P05/BLACK/Y/images/image_000005.jpg,e5c95059e8daa3cb0eb769da6cad95b10908bee633be8c982dd7ad0acdaabad7,8732,,,true
P05_BLACK_Y_000006,P05,BLACK,Y,image_000006.jpg,training/P05/BLACK/Y/images/image_000006.jpg,839fde2d8138d9982fb0e07a42740de769544a40d7d83dc4d1e3e8709373cf40,8725,,,true
P05_BLACK_Y_000007,P05,BLACK,Y,image_000007.jpg,training/P05/BLACK/Y/images/image_000007.jpg,04b4b1b26e55bd0df3b929632502b3c518fb8fbc8f93719c24fbae0c40640316,7925,,,true
P05_BLACK_Y_000008,P05,BLACK,Y,image_000008.jpg,training/P05/BLACK/Y/images/image_000008.jpg,f8fd8ed8a3219728bd33ef1852e1851ba741a4c09ea2661d4d32b1e9275a4971,8235,,,true
P05_BLACK_Y_000009,P05,BLACK,Y,image_000009.jpg,training/P05/BLACK/Y/images/image_000009.jpg,b7e9c0aa63b4f3afe53e02c58d32612025a56ae87f10f2d4c9bbd9de6886725a,8111,,,true
P05_BLACK_Y_000010,P05,BLACK,Y,image_000010.jpg,training/P05/BLACK/Y/images/image_000010.jpg,44ba9a90284da91448b1ccfe810edb82e3a54ff40fd6734795222a965ec03e83,7966,,,true
P05_BLACK_Y_000011,P05,BLACK,Y,image_000011.jpg,training/P05/BLACK/Y/images/image_000011.jpg,6870be151d33973ca942ffd163d335047b185cc5db9984381cd66ddcf8bc2dbb,8400,,,true
P05_BLACK_Y_000012,P05,BLACK,Y,image_000012.jpg,training/P05/BLACK/Y/images/image_000012.jpg,7ff082c1ffcf5d2151a930772504ebe7218ea7616f7787a8ee2b1bfb9cd58c72,8945,,,true
P05_BLACK_Y_000013,P05,BLACK,Y,image_000013.jpg,training/P05/BLACK/Y/images/image_000013.jpg,c427182672a02ca7304add82d9356d6ddbc7cfa347179994d9936d145ed15870,8368,,,true
P05_BLACK_Y_000014,P05,BLACK,Y,image_000014.jpg,training/P05/BLACK/Y/images/image_000014.jpg,61bb496b6ec9ff0ecfc8ecbb0df830fca1ac4a1ffb347ed75c06b01ff232785a,7699,,,true
P05_BLACK_Y_000015,P05,BLACK,Y,image_000015.jpg,training/P05/BLACK/Y/images/image_000015.jpg,5d24820bcaaa1d5395de0a3029a60cfa6ce4537ee85598845981d0cf082252a9,8400,,,true
P05_BLACK_Y_000016,P05,BLACK,Y,image_000016.jpg,training/P05/BLACK/Y/images/image_000016.jpg,14badc5ef2b81376c51d37a61fb6133b64ca72c0beff4718e676eb7bd6ca9228,8510,,,true
P05_BLACK_Y_000017,P05,BLACK,Y,image_000017.jpg,training/P05/BLACK/Y/images/image_000017.jpg,c00179d426ae574a61449748004998420083793e04aaa1f1c3aa394b2ba98421,8567,,,true
P05_BLACK_Y_000018,P05,BLACK,Y,image_000018.jpg,training/P05/BLACK/Y/images/image_000018.jpg,37c45c853d51baf201df532b8a8ce471c72389f3fb49eb85b02aa974e67573c4,8464,,,true
P05_BLACK_Y_000019,P05,BLACK,Y,image_000019.jpg,training/P05/BLACK/Y/images/image_000019.jpg,84aff7c909e0d5ed719714b9b9e73cfd0b59f791b516ab3d1e459879962e3fe1,8423,,,true
P05_BLACK_Y_000020,P05,BLACK,Y,image_000020.jpg,training/P05/BLACK/Y/images/image_000020.jpg,e8311ef32b9af1fc38adc130d8116c52dc49b5c7cf9391829a33f627b76d691a,8160,,,true
P05_BLACK_Y_000021,P05,BLACK,Y,image_000021.jpg,training/P05/BLACK/Y/images/image_000021.jpg,f326f1aaaec35d56376c17b0df6947ce61a84b5dc51c2dd6781f2d2d0856c38e,8771,,,true
P05_BLACK_Y_000022,P05,BLACK,Y,image_000022.jpg,training/P05/BLACK/Y/images/image_000022.jpg,8270c84d19deecb23cd2a2f6d55036cd7abb0608bac9f816068f6f948d7af855,7941,,,true
P05_BLACK_Y_000023,P05,BLACK,Y,image_000023.jpg,training/P05/BLACK/Y/images/image_000023.jpg,151b0ec55b63f7ab9969f2a4e34afce315ac6ab8683959519fb335e3fd49cc4b,8088,,,true
P05_BLACK_Y_000024,P05,BLACK,Y,image_000024.jpg,training/P05/BLACK/Y/images/image_000024.jpg,db70fbaf0d0b061d3b9e91a1aefbceb3d5ca6709f41360bd0b1277f94df2750b,8080,,,true
P05_BLACK_Y_000025,P05,BLACK,Y,image_000025.jpg,training/P05/BLACK/Y/images/image_000025.jpg,e332f22152d98e8fbc4219dd4d201fc8fb33edc4c61a95a0cd77674f80b2878e,8984,,,true
P05_BLUE_A_000001,P05,BLUE,A,image_000001.jpg,training/P05/BLUE/A/images/image_000001.jpg,0db421f0d1e32092e1fab062dd66b5df36124005ee197859fa7b1a9c02a8ad9b,10579,,,true
P05_BLUE_A_000002,P05,BLUE,A,image_000002.jpg,training/P05/BLUE/A/images/image_000002.jpg,60ffa235fb405a716175251169b91d4325519081a8b78c994eb40c66d61a22d7,10392,,,true
P05_BLUE_A_000003,P05,BLUE,A,image_000003.jpg,training/P05/BLUE/A/images/image_000003.jpg,3a88b8f9dac33de22e860041c278bdceb57801d3e37abc17b557c9b23f191651,11062,,,true
P05_BLUE_A_000004,P05,BLUE,A,image_000004.jpg,training/P05/BLUE/A/images/image_000004.jpg,356aba060bfbd9540b4e7ee6c972f76b730e04dd56d123b4efb268ea0f74eed2,10587,,,true
P05_BLUE_A_000005,P05,BLUE,A,image_000005.jpg,training/P05/BLUE/A/images/image_000005.jpg,3aa16ef49cc5f6c6833e4e967cb13723fb018802ea698c4e7173e903b3746876,10714,,,true
P05_BLUE_A_000006,P05,BLUE,A,image_000006.jpg,training/P05/BLUE/A/images/image_000006.jpg,57579047601d44bbf735dffd5223f0ea7d30eab73a7a21a438498701dd4282b4,10855,,,true
P05_BLUE_A_000007,P05,BLUE,A,image_000007.jpg,training/P05/BLUE/A/images/image_000007.jpg,f3611125d8e369c14112301b1fdd7e3d0a65a9531178ad20782ea89dda5bf986,10601,,,true
P05_BLUE_A_000008,P05,BLUE,A,image_000008.jpg,training/P05/BLUE/A/images/image_000008.jpg,62f31d5dc2237914eb88e26c55374b289c2d605397e554c13883a7303acf4481,9413,,,true
P05_BLUE_A_000009,P05,BLUE,A,image_000009.jpg,training/P05/BLUE/A/images/image_000009.jpg,78b95829846441ec3b040fd80462df27404e017c1d6bc277cc2147fa5c6a5b2b,9649,,,true
P05_BLUE_A_000010,P05,BLUE,A,image_000010.jpg,training/P05/BLUE/A/images/image_000010.jpg,74c7ef85572476817dfa333f5881aeac40ea8bdd75a0a508ebcb8fa82eb19135,10236,,,true
P05_BLUE_A_000011,P05,BLUE,A,image_000011.jpg,training/P05/BLUE/A/images/image_000011.jpg,3eb8f691e0759de3961ff9e270ee9d0241a899cc78ba7830131ad1f233892aaa,8792,,,true
P05_BLUE_A_000012,P05,BLUE,A,image_000012.jpg,training/P05/BLUE/A/images/image_000012.jpg,ba758498b5524a65796b47b9217abd5f5fd0dc9a087b18b2221eb8eb98552bc0,9973,,,true
P05_BLUE_A_000013,P05,BLUE,A,image_000013.jpg,training/P05/BLUE/A/images/image_000013.jpg,37bd6ebd87d2f39c44b8fa0ba58348e7e0d3a509e999bd78f23616cc252c95c5,9280,,,true
P05_BLUE_A_000014,P05,BLUE,A,image_000014.jpg,training/P05/BLUE/A/images/image_000014.jpg,ecce52731feb90d00e87bae52ce898fd52f4140527051a5cd56026262c249221,9882,,,true
P05_BLUE_A_000015,P05,BLUE,A,image_000015.jpg,training/P05/BLUE/A/images/image_000015.jpg,3f0ca15d836b119e2093225decf0726c1c1a7f6d254f83d474ede3319defefc1,9954,,,true
P05_BLUE_A_000016,P05,BLUE,A,image_000016.jpg,training/P05/BLUE/A/images/image_000016.jpg,b8dfd75794a6c444f597726bd86dede18b93534eb88ab2dfdc01bc730a8dcb2e,8943,,,true
P05_BLUE_A_000017,P05,BLUE,A,image_000017.jpg,training/P05/BLUE/A/images/image_000017.jpg,b2e1fd29e6649305c3011cb4fb7ffb44f1f3b568d7cf3854211c3336f3b458c1,8974,,,true
P05_BLUE_A_000018,P05,BLUE,A,image_000018.jpg,training/P05/BLUE/A/images/image_000018.jpg,d51b09cf3fd748de1d0f72f5576f20b4aa2dbc460e75006afb336c1642211872,9319,,,true
P05_BLUE_A_000019,P05,BLUE,A,image_000019.jpg,training/P05/BLUE/A/images/image_000019.jpg,df3124eec8a6e488fc7dfe7eed20442fd251ef4651f01ffabb4f2ac46b66b3cf,9061,,,true
P05_BLUE_A_000020,P05,BLUE,A,image_000020.jpg,training/P05/BLUE/A/images/image_000020.jpg,0bfde780c8fff70d5a1d6b5d2c32802aadd7eb0c5e4956fd3187afaeea57d4b2,9475,,,true
P05_BLUE_A_000021,P05,BLUE,A,image_000021.jpg,training/P05/BLUE/A/images/image_000021.jpg,bc577389b4599dfc95152acc796453c1ea7f727b6756cb705e56ff1f8b20ae8c,9979,,,true
P05_BLUE_A_000022,P05,BLUE,A,image_000022.jpg,training/P05/BLUE/A/images/image_000022.jpg,41f3db2b785fecc5dce0ba30ea47d42ff766baeb1bf170b7fc3af5243cf52c89,10367,,,true
P05_BLUE_A_000023,P05,BLUE,A,image_000023.jpg,training/P05/BLUE/A/images/image_000023.jpg,a3be3b55a4c2be1647037b07aabcb9be6edc4cc939c7651e7e81c8149f518dca,10549,,,true
P05_BLUE_A_000024,P05,BLUE,A,image_000024.jpg,training/P05/BLUE/A/images/image_000024.jpg,e32b9ca097157cfad7f261c187dd08ad780e647ef991b3dfbab6d1b3c94ceebb,10720,,,true
P05_BLUE_A_000025,P05,BLUE,A,image_000025.jpg,training/P05/BLUE/A/images/image_000025.jpg,3a09f45f971d4813ec869da46849260d28c02aa218acd916433b68f41bf3b1d6,10430,,,true
P05_BLUE_B_000001,P05,BLUE,B,image_000001.jpg,training/P05/BLUE/B/images/image_000001.jpg,f6e1c439d9b714c8c2b6c7d169bf77c2f93f9b6134b11f758f00fdf8286f614c,9802,,,true
P05_BLUE_B_000002,P05,BLUE,B,image_000002.jpg,training/P05/BLUE/B/images/image_000002.jpg,4eb93e715ea1c42c871824a8e17ce30750899f23e73742e062b6b0ab8033a611,9912,,,true
P05_BLUE_B_000003,P05,BLUE,B,image_000003.jpg,training/P05/BLUE/B/images/image_000003.jpg,8052eccd0e3169f07f41a8542745494f1bb5f04fb41165437343f21b39e93ef2,10284,,,true
P05_BLUE_B_000004,P05,BLUE,B,image_000004.jpg,training/P05/BLUE/B/images/image_000004.jpg,5606fe70b377753a4d5de00c05b41263fc5931a30b6a9c64409e5c460d16af42,9652,,,true
P05_BLUE_B_000005,P05,BLUE,B,image_000005.jpg,training/P05/BLUE/B/images/image_000005.jpg,27c76794e8dc391907a339d130bd7494c8c4954a600974fc7dd44ed31c7e8c13,9543,,,true
P05_BLUE_B_000006,P05,BLUE,B,image_000006.jpg,training/P05/BLUE/B/images/image_000006.jpg,6212cc8630efdccbd327e348eaa4e5cbcf224ac03f749aa4962a31380e84b1e1,9244,,,true
P05_BLUE_B_000007,P05,BLUE,B,image_000007.jpg,training/P05/BLUE/B/images/image_000007.jpg,b34899531dd34974b4d2855430505898ee1d04509ecfa8ad3ff5d341b0597408,9488,,,true
P05_BLUE_B_000008,P05,BLUE,B,image_000008.jpg,training/P05/BLUE/B/images/image_000008.jpg,df34967ede1ec8a3cd536549285fdf73fc6cffe10d303fc9564a04ba71c2976e,8973,,,true
P05_BLUE_B_000009,P05,BLUE,B,image_000009.jpg,training/P05/BLUE/B/images/image_000009.jpg,b8cd371ae54f43c9393265324f66529c76a88b2feee3e7908184af01ab06fe62,9185,,,true
P05_BLUE_B_000010,P05,BLUE,B,image_000010.jpg,training/P05/BLUE/B/images/image_000010.jpg,49b1c3f7e6328defa1ddd17caaa4e74e05cf2ae2cd88dd9530c01be7590b3984,10325,,,true
P05_BLUE_B_000011,P05,BLUE,B,image_000011.jpg,training/P05/BLUE/B/images/image_000011.jpg,fa6cc019dcf92650901496f4398591f367e5d3f2de1211e8bbb5bf4e8d59c0be,10684,,,true
P05_BLUE_B_000012,P05,BLUE,B,image_000012.jpg,training/P05/BLUE/B/images/image_000012.jpg,fa4e282169c7f5100582dfa106e3c5443f9e00fc124d59348fcbfa257222f70a,9738,,,true
P05_BLUE_B_000013,P05,BLUE,B,image_000013.jpg,training/P05/BLUE/B/images/image_000013.jpg,397814243a0c4f0b7458d747e09731cdee46282d14634c3e632528ced835516a,9936,,,true
P05_BLUE_B_000014,P05,BLUE,B,image_000014.jpg,training/P05/BLUE/B/images/image_000014.jpg,e7a868ace1390c501a4fd93c3bbfdf796e98e8109a777377ae446cd0bf56b52b,9831,,,true
P05_BLUE_B_000015,P05,BLUE,B,image_000015.jpg,training/P05/BLUE/B/images/image_000015.jpg,ec88e9fdc65f4c98afbdec8e7a32c4781ca5d5c12ffdfa5623fcd1c966c7fd2d,9957,,,true
P05_BLUE_B_000016,P05,BLUE,B,image_000016.jpg,training/P05/BLUE/B/images/image_000016.jpg,64df198459919e6c190155507068d1f7ed6ae007f990207ebe4884f723732fbf,9683,,,true
P05_BLUE_B_000017,P05,BLUE,B,image_000017.jpg,training/P05/BLUE/B/images/image_000017.jpg,6b10f17532e811b1b8ed9e84973d8bfdb82598615e8794f8325f2bbb3f8d0507,9350,,,true
P05_BLUE_B_000018,P05,BLUE,B,image_000018.jpg,training/P05/BLUE/B/images/image_000018.jpg,11ddd41b50bab78f484f3a29f4707f4be3eee102c9086ed59bc34731587debe6,9969,,,true
P05_BLUE_B_000019,P05,BLUE,B,image_000019.jpg,training/P05/BLUE/B/images/image_000019.jpg,60adbfd0177b566ba4d7848ae77bef36c6d75b7ea86a1f798985f517231c8990,9772,,,true
P05_BLUE_B_000020,P05,BLUE,B,image_000020.jpg,training/P05/BLUE/B/images/image_000020.jpg,01e6f30162e0669631e2a874ce142c018bcbd203b979657476b36cf187787580,9501,,,true
P05_BLUE_B_000021,P05,BLUE,B,image_000021.jpg,training/P05/BLUE/B/images/image_000021.jpg,fc2414c63c5d8b7784677bd0b2721a7fb259553b7f5f3fcd025760c0fd2a6f06,8990,,,true
P05_BLUE_B_000022,P05,BLUE,B,image_000022.jpg,training/P05/BLUE/B/images/image_000022.jpg,856e62f390237ac55fe51b9d3a3d42e2434b5484fdca999f29deb91101a26ee1,9937,,,true
P05_BLUE_B_000023,P05,BLUE,B,image_000023.jpg,training/P05/BLUE/B/images/image_000023.jpg,9a396bb9864470b5efbdce8ee5d0a0ae93b5a3918c10669583029a5a8d7389ba,10096,,,true
P05_BLUE_B_000024,P05,BLUE,B,image_000024.jpg,training/P05/BLUE/B/images/image_000024.jpg,9b3739c4505523c16bcd252e1040f8ee0778b9eb0505d5be29c47d7124776e10,9823,,,true
P05_BLUE_B_000025,P05,BLUE,B,image_000025.jpg,training/P05/BLUE/B/images/image_000025.jpg,64142029f7bca0bc4520f96ae064fd362eb8ea1c7e264f4f45bb8db4034fb1ec,9712,,,true
P05_BLUE_C_000001,P05,BLUE,C,image_000001.jpg,training/P05/BLUE/C/images/image_000001.jpg,6e303b90beb82577652f00b14da394068f38515e4df0f47458308c2f2a767ba7,10407,,,true
P05_BLUE_C_000002,P05,BLUE,C,image_000002.jpg,training/P05/BLUE/C/images/image_000002.jpg,c8ac5cbb9b0807bc6f645ba77a0b6aa0eee62d814f9b1dceae1847eaad00117f,10625,,,true
P05_BLUE_C_000003,P05,BLUE,C,image_000003.jpg,training/P05/BLUE/C/images/image_000003.jpg,f88acd542250eb90fbcf0669bbf95cb45065836cb20a43556d80d0881f24d9ed,10256,,,true
P05_BLUE_C_000004,P05,BLUE,C,image_000004.jpg,training/P05/BLUE/C/images/image_000004.jpg,308cc15c546148df154b4ebc6baa55fbaca29008c72457e1ebf5ef55d1a1ea84,10438,,,true
P05_BLUE_C_000005,P05,BLUE,C,image_000005.jpg,training/P05/BLUE/C/images/image_000005.jpg,01e78ab0a1ded23c523006f886e59566878afc6c9e94c09f4a85c8d3330a9de3,10735,,,true
P05_BLUE_C_000006,P05,BLUE,C,image_000006.jpg,training/P05/BLUE/C/images/image_000006.jpg,530430e8702c22869a110e10cb3680fc2c337b1fe1a484e4940eddfb4bab72bf,10654,,,true
P05_BLUE_C_000007,P05,BLUE,C,image_000007.jpg,training/P05/BLUE/C/images/image_000007.jpg,ab7e6dffc8f1c96f0e11b0516b54380a0f916e9eb96241f1973e9ce47a759237,9969,,,true
P05_BLUE_C_000008,P05,BLUE,C,image_000008.jpg,training/P05/BLUE/C/images/image_000008.jpg,ab4f795840b660ded970823989a39d30ef9843d38237395e8b0c1946dd94d461,10114,,,true
P05_BLUE_C_000009,P05,BLUE,C,image_000009.jpg,training/P05/BLUE/C/images/image_000009.jpg,36b092a5da9c7e4bcf8f89b3752a9f8313f955238e15f09a0964f28364b209fa,10085,,,true
P05_BLUE_C_000010,P05,BLUE,C,image_000010.jpg,training/P05/BLUE/C/images/image_000010.jpg,8c647046aa7057d87cb467406c27d950ed41531bd001dc3b44c4ba2731335433,10173,,,true
P05_BLUE_C_000011,P05,BLUE,C,image_000011.jpg,training/P05/BLUE/C/images/image_000011.jpg,b5bb393b7e467f5660e50a188af04ef2e94d28a9803a9449579ba8412520ac24,10032,,,true
P05_BLUE_C_000012,P05,BLUE,C,image_000012.jpg,training/P05/BLUE/C/images/image_000012.jpg,55f56925f35681b2e2b50153d1fbef5be860e18c119085ff2ba53e4fc34c6ffb,10678,,,true
P05_BLUE_C_000013,P05,BLUE,C,image_000013.jpg,training/P05/BLUE/C/images/image_000013.jpg,ed78d1ba1a2a8ca6d3e2373ce94dc5fef79cb1b3ba755fc0e39fdf15ffaa11dd,10608,,,true
P05_BLUE_C_000014,P05,BLUE,C,image_000014.jpg,training/P05/BLUE/C/images/image_000014.jpg,9eb8b5ae5693d9a9909b8a599d3b872e40ac01a59cb173f42243463d6ba31c68,10696,,,true
P05_BLUE_C_000015,P05,BLUE,C,image_000015.jpg,training/P05/BLUE/C/images/image_000015.jpg,358697db9971eb32b8310a49992f5b82a0ec6bc213961306b5c700a74e486a7a,10381,,,true
P05_BLUE_C_000016,P05,BLUE,C,image_000016.jpg,training/P05/BLUE/C/images/image_000016.jpg,ccef9eb170b4817fc49c443b3516dee3aa427b516a76dba5c1c1f346e1fb39e1,10140,,,true
P05_BLUE_C_000017,P05,BLUE,C,image_000017.jpg,training/P05/BLUE/C/images/image_000017.jpg,365810dc34fe4e55374a5dce96be94d79e0a093be1624bad7b46c57403d41b23,10125,,,true
P05_BLUE_C_000018,P05,BLUE,C,image_000018.jpg,training/P05/BLUE/C/images/image_000018.jpg,cb17926f84f0bd3819128280713f1cfede5c17918ac055ef111bbb510a419d49,10319,,,true
P05_BLUE_C_000019,P05,BLUE,C,image_000019.jpg,training/P05/BLUE/C/images/image_000019.jpg,a5083f1d962bfab7cfc7d69b0fd5327ad0ade318b883abae519616dc7fa4328d,10243,,,true
P05_BLUE_C_000020,P05,BLUE,C,image_000020.jpg,training/P05/BLUE/C/images/image_000020.jpg,eb65b39760182009dff2ce065623c5eadc1970fcce9d31272cbeaa00d3084f5e,10325,,,true
P05_BLUE_C_000021,P05,BLUE,C,image_000021.jpg,training/P05/BLUE/C/images/image_000021.jpg,290dbd7f5847cd7bf32ba043202b43d5b53b9742b819a846b7735fc902a21a4c,10407,,,true
P05_BLUE_C_000022,P05,BLUE,C,image_000022.jpg,training/P05/BLUE/C/images/image_000022.jpg,1557d9561d1746bdd5fd0fa6574b65d918094c6f0ae0090aac90fa612a8435c0,10411,,,true
P05_BLUE_C_000023,P05,BLUE,C,image_000023.jpg,training/P05/BLUE/C/images/image_000023.jpg,8887da7714caa9baf689d006e1237b8d3fad15f9a841103d9e9e8371b70d47f9,10729,,,true
P05_BLUE_C_000024,P05,BLUE,C,image_000024.jpg,training/P05/BLUE/C/images/image_000024.jpg,3253c49871ee27068b981dc049e2639d1ed6338cd19738ea7630c3c9b500894d,10460,,,true
P05_BLUE_C_000025,P05,BLUE,C,image_000025.jpg,training/P05/BLUE/C/images/image_000025.jpg,beac6fcf78555bac6d53337670101dcb3cabcb3211a10cb2027381029985e9e3,10183,,,true
P05_BLUE_E_000001,P05,BLUE,E,image_000001.jpg,training/P05/BLUE/E/images/image_000001.jpg,68ee9e58e2ada6ef1189e75384bedcc8dffc08e4ca3655d1b7d50e8003759b85,10082,,,true
P05_BLUE_E_000002,P05,BLUE,E,image_000002.jpg,training/P05/BLUE/E/images/image_000002.jpg,c785ea629a82dff6f9c3f467486e643110b7698a6503de4c7cf2623973c0cd56,9592,,,true
P05_BLUE_E_000003,P05,BLUE,E,image_000003.jpg,training/P05/BLUE/E/images/image_000003.jpg,4a4c521853dc796a1014c85b954660c3f26bdc876a746d4ce33af64d3646c61f,9576,,,true
P05_BLUE_E_000004,P05,BLUE,E,image_000004.jpg,training/P05/BLUE/E/images/image_000004.jpg,d6cfc827fbe9f1d989b39eedc91c604700dc0c6464f874d1ec38f4812b2d50be,9630,,,true
P05_BLUE_E_000005,P05,BLUE,E,image_000005.jpg,training/P05/BLUE/E/images/image_000005.jpg,2929bb320c1f780e5af01b311c4a5aee3900975a0d91d134ce884518bc11309f,9381,,,true
P05_BLUE_E_000006,P05,BLUE,E,image_000006.jpg,training/P05/BLUE/E/images/image_000006.jpg,09c5307eb03912e2dd5be2dc5bdaf3340c02e9a3fcf77d107ee1f070c27cc68b,10430,,,true
P05_BLUE_E_000007,P05,BLUE,E,image_000007.jpg,training/P05/BLUE/E/images/image_000007.jpg,5fe2b152b9ea8ecd9a0484d640ede319df9b48476ec1ad1a82688226aedebfaa,9374,,,true
P05_BLUE_E_000008,P05,BLUE,E,image_000008.jpg,training/P05/BLUE/E/images/image_000008.jpg,863906229cba7d06f52f00bc07f4f323ee5b61d6628d375b6139f43ded9c8413,9990,,,true
P05_BLUE_E_000009,P05,BLUE,E,image_000009.jpg,training/P05/BLUE/E/images/image_000009.jpg,2f812e6aff7f91241e7df1842d9c6101c3e1007234a06d19eff85b63c11b2695,10121,,,true
P05_BLUE_E_000010,P05,BLUE,E,image_000010.jpg,training/P05/BLUE/E/images/image_000010.jpg,b9de11e8f0240848736df2dbb656d9e1d207b5d64f01b076e8c9cda542f628e9,11254,,,true
P05_BLUE_E_000011,P05,BLUE,E,image_000011.jpg,training/P05/BLUE/E/images/image_000011.jpg,8168626422997f2dd6dbbf5a490bf067efc3ce9683f4cb232f438e91f289a508,10096,,,true
P05_BLUE_E_000012,P05,BLUE,E,image_000012.jpg,training/P05/BLUE/E/images/image_000012.jpg,bb358bb9d58aa2e2787b858045fb8b03b2c653a78f03fdfc4aa03ddbeb2833bd,10106,,,true
P05_BLUE_E_000013,P05,BLUE,E,image_000013.jpg,training/P05/BLUE/E/images/image_000013.jpg,70abe575ee5fea91d6cc5d076214246787be8092390ef377baa560bdc4194da5,10578,,,true
P05_BLUE_E_000014,P05,BLUE,E,image_000014.jpg,training/P05/BLUE/E/images/image_000014.jpg,1758e39fe0d3e2f80495aec65a9bf624a386cfeefa41d6d7fda5d9f3eb358b10,10234,,,true
P05_BLUE_E_000015,P05,BLUE,E,image_000015.jpg,training/P05/BLUE/E/images/image_000015.jpg,2e7c8bdae8ee353ca2513367819b9ccc79f8eb06339e0f5fe5027a7d888a29ea,10246,,,true
P05_BLUE_E_000016,P05,BLUE,E,image_000016.jpg,training/P05/BLUE/E/images/image_000016.jpg,bc7e1667e94945fbaffc7e0c44e5b1f3e0a16f2d698f7fae89bc1623de38bcfa,10682,,,true
P05_BLUE_E_000017,P05,BLUE,E,image_000017.jpg,training/P05/BLUE/E/images/image_000017.jpg,7d6c9118641c3433f905aa6e7980213e40133f7db5fe638e628be3474e7c31ed,9935,,,true
P05_BLUE_E_000018,P05,BLUE,E,image_000018.jpg,training/P05/BLUE/E/images/image_000018.jpg,67d420a02e4c9f93e5520ae738ececddc43904aff5bd9e4bf554a6e651474dda,10438,,,true
P05_BLUE_E_000019,P05,BLUE,E,image_000019.jpg,training/P05/BLUE/E/images/image_000019.jpg,0c81b3f2e9863ed82eaa5705e9f1dcc2d7a88b258761892371f17fcdd64847de,10384,,,true
P05_BLUE_E_000020,P05,BLUE,E,image_000020.jpg,training/P05/BLUE/E/images/image_000020.jpg,620c18e27f54286fd30aa676c311c5c9697d4fd7b3c8180c7ea14751d410e4af,10420,,,true
P05_BLUE_E_000021,P05,BLUE,E,image_000021.jpg,training/P05/BLUE/E/images/image_000021.jpg,df206eed7e1f34e78da05058d21c5d9625f6f14cb2758885e63695c7ff732a86,9178,,,true
P05_BLUE_E_000022,P05,BLUE,E,image_000022.jpg,training/P05/BLUE/E/images/image_000022.jpg,9a67fe45415fdaa5520107b21b4d179da110a6a0adaff2487f955f2a8b97355f,11090,,,true
P05_BLUE_E_000023,P05,BLUE,E,image_000023.jpg,training/P05/BLUE/E/images/image_000023.jpg,8ebf9d9bbdeb87232ad2358231c996e06dba522c1b09e832c185780b3a68e4f5,11213,,,true
P05_BLUE_E_000024,P05,BLUE,E,image_000024.jpg,training/P05/BLUE/E/images/image_000024.jpg,dc0d42c53f16e4da490795f04d73c51ef967949352959d68fea031afd6f604df,10834,,,true
P05_BLUE_E_000025,P05,BLUE,E,image_000025.jpg,training/P05/BLUE/E/images/image_000025.jpg,51cfb00b129c6cfd58a73f7550a613af674fafca0d2e4317db6f0bb53ff76808,11049,,,true
P05_BLUE_I_000001,P05,BLUE,I,image_000001.jpg,training/P05/BLUE/I/images/image_000001.jpg,f520479959c939d7556055b894b774b90e9d7a1beca8827806a08859bca1a784,10385,,,true
P05_BLUE_I_000002,P05,BLUE,I,image_000002.jpg,training/P05/BLUE/I/images/image_000002.jpg,1c1cee75df4277238e3b9495485035a05713b3477bfbc0089cede89a02d427ec,10426,,,true
P05_BLUE_I_000003,P05,BLUE,I,image_000003.jpg,training/P05/BLUE/I/images/image_000003.jpg,1c12d5fcbebd21b391ba1526969c73344e5c6edf40a18bf1b931553150918d40,9922,,,true
P05_BLUE_I_000004,P05,BLUE,I,image_000004.jpg,training/P05/BLUE/I/images/image_000004.jpg,68eb2773f90928f95774450b2861ab60bef0292780ee750b579bd8f981104dc9,10301,,,true
P05_BLUE_I_000005,P05,BLUE,I,image_000005.jpg,training/P05/BLUE/I/images/image_000005.jpg,5a8dd65c02066a9b0f0388f7b75e3e87720fd0f9f2a97129c6e057b6bf7969c8,9654,,,true
P05_BLUE_I_000006,P05,BLUE,I,image_000006.jpg,training/P05/BLUE/I/images/image_000006.jpg,66213bff332353ba6ce5bac309a0f188445863bed4928895099d8d77c4263b32,10264,,,true
P05_BLUE_I_000007,P05,BLUE,I,image_000007.jpg,training/P05/BLUE/I/images/image_000007.jpg,1fb94b4054b318056f3135b40c86ccaf0a81dd96c055742c5b33477ad6fd4fc6,10567,,,true
P05_BLUE_I_000008,P05,BLUE,I,image_000008.jpg,training/P05/BLUE/I/images/image_000008.jpg,ff56100f53ec7f4c2d88e8832ed58612c5d5a2f7d8a2974950f9690caa6bd54c,10175,,,true
P05_BLUE_I_000009,P05,BLUE,I,image_000009.jpg,training/P05/BLUE/I/images/image_000009.jpg,0c34102a141640847accf118d92179f589eb7222428db4a3193f6616b5875a3c,9878,,,true
P05_BLUE_I_000010,P05,BLUE,I,image_000010.jpg,training/P05/BLUE/I/images/image_000010.jpg,797f11f908acab6fc7aa9f11fe949afd914d9a2a614f649710ea7f880177b064,9679,,,true
P05_BLUE_I_000011,P05,BLUE,I,image_000011.jpg,training/P05/BLUE/I/images/image_000011.jpg,c61d29be74d15dc44b0a879fdb890a1697ce854702a791b64364515f4419e30c,10093,,,true
P05_BLUE_I_000012,P05,BLUE,I,image_000012.jpg,training/P05/BLUE/I/images/image_000012.jpg,c144f5b250802de8fe9fae6fae9a64dad87b792bcd4e384a7287f9a44208f161,9543,,,true
P05_BLUE_I_000013,P05,BLUE,I,image_000013.jpg,training/P05/BLUE/I/images/image_000013.jpg,ce5a24fd5cf7a30eb908df717f78cb3ed566c137e60e5426ca57064e80921089,9887,,,true
P05_BLUE_I_000014,P05,BLUE,I,image_000014.jpg,training/P05/BLUE/I/images/image_000014.jpg,c19b0befc9b85d76e7715f5bb090b32087dd9c12ab601244cde50d32a9d5b309,8864,,,true
P05_BLUE_I_000015,P05,BLUE,I,image_000015.jpg,training/P05/BLUE/I/images/image_000015.jpg,c1d7e493d8e4943245776aa0117dca42194ac4c2cae3b272dd047127139b1242,9165,,,true
P05_BLUE_I_000016,P05,BLUE,I,image_000016.jpg,training/P05/BLUE/I/images/image_000016.jpg,6cd14b93f51773e23ff146c9c587a4b3009f32a5b5cd887f8ef175dc846555f9,8657,,,true
P05_BLUE_I_000017,P05,BLUE,I,image_000017.jpg,training/P05/BLUE/I/images/image_000017.jpg,76246d0601bc52977fe4c21c80348e29f4675b12b74d36dc21cc8c6d37e9cc50,9568,,,true
P05_BLUE_I_000018,P05,BLUE,I,image_000018.jpg,training/P05/BLUE/I/images/image_000018.jpg,8fda66bf13bcb941ddfa187e359d388fafe60127738d7a60a11467a2a1101af8,9027,,,true
P05_BLUE_I_000019,P05,BLUE,I,image_000019.jpg,training/P05/BLUE/I/images/image_000019.jpg,b29bd6ccfc795fd814394b533de4e03564f269cd76f286a9a7e182af1395c3ab,9693,,,true
P05_BLUE_I_000020,P05,BLUE,I,image_000020.jpg,training/P05/BLUE/I/images/image_000020.jpg,636287bf42a60a6e52c1e5ee7d65eed761f6337d7a8b3cf597ef53f14d9d06ed,9958,,,true
P05_BLUE_I_000021,P05,BLUE,I,image_000021.jpg,training/P05/BLUE/I/images/image_000021.jpg,9a680f0a373e8e05496505a797b25c77163f899b5949868634b51c5b77e39445,9966,,,true
P05_BLUE_I_000022,P05,BLUE,I,image_000022.jpg,training/P05/BLUE/I/images/image_000022.jpg,a53b10d968d8f75122b5c11f6b7ee3740e7cfcda2c9c6b42445175908cf309c8,10278,,,true
P05_BLUE_I_000023,P05,BLUE,I,image_000023.jpg,training/P05/BLUE/I/images/image_000023.jpg,1ce56c64b5f8f71f82b14675d64ec76b1161cbb7e21b9cb6cf8168acae575249,10391,,,true
P05_BLUE_I_000024,P05,BLUE,I,image_000024.jpg,training/P05/BLUE/I/images/image_000024.jpg,e8e323abb9c3649ffc6f17175f6860ed8e070ca63d5e890c53778c54abcf6637,9349,,,true
P05_BLUE_I_000025,P05,BLUE,I,image_000025.jpg,training/P05/BLUE/I/images/image_000025.jpg,b0dee6cae1c346fd6a5a266e3f9c8f15a0f1c3187f0e82e01b558cde66a3cf7b,9225,,,true
P05_BLUE_L_000001,P05,BLUE,L,image_000001.jpg,training/P05/BLUE/L/images/image_000001.jpg,ba93a094b5f8e35d50e3df890f3bbf32722a2c7ab35cbcb1ffc4285a2dadec9f,9590,,,true
P05_BLUE_L_000002,P05,BLUE,L,image_000002.jpg,training/P05/BLUE/L/images/image_000002.jpg,cc84f63b8cb7e89c92aaa2540ded9f7cb23641f69b8c361003ae9eb7df92885e,9618,,,true
P05_BLUE_L_000003,P05,BLUE,L,image_000003.jpg,training/P05/BLUE/L/images/image_000003.jpg,295baec5361e2600ca98ca36f34be1c31e4f264039991ec6070ae14506ded407,10146,,,true
P05_BLUE_L_000004,P05,BLUE,L,image_000004.jpg,training/P05/BLUE/L/images/image_000004.jpg,2ad0066361db75bae011917348377f6327ced5939b98a4e9e1b9d04551a61850,10226,,,true
P05_BLUE_L_000005,P05,BLUE,L,image_000005.jpg,training/P05/BLUE/L/images/image_000005.jpg,b003256364df5ed76e195003bf3287761a92914c041195a6e871f6b7c485643a,9236,,,true
P05_BLUE_L_000006,P05,BLUE,L,image_000006.jpg,training/P05/BLUE/L/images/image_000006.jpg,7768d7cc0fa29f9939e0c2f1cb75c350c46f78804d5d27ba103d1088a5adf05f,9411,,,true
P05_BLUE_L_000007,P05,BLUE,L,image_000007.jpg,training/P05/BLUE/L/images/image_000007.jpg,b74bb95488cd016bb891bd223961f83748cd4935aae67a370a8c8fc955854650,9938,,,true
P05_BLUE_L_000008,P05,BLUE,L,image_000008.jpg,training/P05/BLUE/L/images/image_000008.jpg,c3391c72807153c4596697545d753e3c78f988a1ba7af4f79c2256cb8f58c276,9896,,,true
P05_BLUE_L_000009,P05,BLUE,L,image_000009.jpg,training/P05/BLUE/L/images/image_000009.jpg,6c545e090bb2ab3bf136cb5f7a03f8a86611767d36294efc7304642567c2649b,8932,,,true
P05_BLUE_L_000010,P05,BLUE,L,image_000010.jpg,training/P05/BLUE/L/images/image_000010.jpg,5f669db84884d80ba6b5e2bc675b4929975cab03afbb5ff600d3c5a77f85d6a2,10000,,,true
P05_BLUE_L_000011,P05,BLUE,L,image_000011.jpg,training/P05/BLUE/L/images/image_000011.jpg,14a4da3cb61777f35edbe186c7c2e90e2a6dbf0ee6b7bb3d031c5b414020c594,9182,,,true
P05_BLUE_L_000012,P05,BLUE,L,image_000012.jpg,training/P05/BLUE/L/images/image_000012.jpg,b460c121a97827b0b658964cebb325871161ccee1698b28c9c16a8c3c7359f5f,9583,,,true
P05_BLUE_L_000013,P05,BLUE,L,image_000013.jpg,training/P05/BLUE/L/images/image_000013.jpg,784514043f85c2caa4b0a43850956271d48ebbd827e4302049950231c162ece0,10485,,,true
P05_BLUE_L_000014,P05,BLUE,L,image_000014.jpg,training/P05/BLUE/L/images/image_000014.jpg,3bbb2ff1845089bd8f36191f50b98e85254a6076ae486d6f9c98aa8a65f373a8,10623,,,true
P05_BLUE_L_000015,P05,BLUE,L,image_000015.jpg,training/P05/BLUE/L/images/image_000015.jpg,bbc56e556be356b9486870d6bfc9c07f0dddd79a3e4cfc610a39ec8f5e59f80f,10726,,,true
P05_BLUE_L_000016,P05,BLUE,L,image_000016.jpg,training/P05/BLUE/L/images/image_000016.jpg,b22296a82b8f285bd8314348fa1f753b3c7a4c67299e1cabb2e78ceeead0f80a,10660,,,true
P05_BLUE_L_000017,P05,BLUE,L,image_000017.jpg,training/P05/BLUE/L/images/image_000017.jpg,19e83636f188fb78fb001736a1c8d7966566e8e3e297b34f46ccf98dd23ae117,10907,,,true
P05_BLUE_L_000018,P05,BLUE,L,image_000018.jpg,training/P05/BLUE/L/images/image_000018.jpg,eaa0a4f2a6a2cb6cf8684cde9033344b6265f587e3c8369b2bfa1be1f698f009,10819,,,true
P05_BLUE_L_000019,P05,BLUE,L,image_000019.jpg,training/P05/BLUE/L/images/image_000019.jpg,d298897ba8120bc2d174d1373fdb50556b055af1fc8dd853aad0c62734ad54f1,10149,,,true
P05_BLUE_L_000020,P05,BLUE,L,image_000020.jpg,training/P05/BLUE/L/images/image_000020.jpg,d441f53744536730aae62f78875ce33013ec61dbd3b46bd773080a10eb86ee98,10240,,,true
P05_BLUE_L_000021,P05,BLUE,L,image_000021.jpg,training/P05/BLUE/L/images/image_000021.jpg,617a5b4afa47b37665e6194df4cb8f87ceb0aa935b28f2c435834359a2dccad6,10464,,,true
P05_BLUE_L_000022,P05,BLUE,L,image_000022.jpg,training/P05/BLUE/L/images/image_000022.jpg,33f855ff51a50aa14df927a6ba57629bbf2c346bc7f9711db68fc6b287e23a9e,10509,,,true
P05_BLUE_L_000023,P05,BLUE,L,image_000023.jpg,training/P05/BLUE/L/images/image_000023.jpg,1fa4b3603123ad867a17a5097446e1144bcd1ada5075d3dea5ff68ab332d65e4,10614,,,true
P05_BLUE_L_000024,P05,BLUE,L,image_000024.jpg,training/P05/BLUE/L/images/image_000024.jpg,4c4b40a5df868e7c1cc80ffb7408b8851f9e32a575df654d2c84e23d358c7d2a,11053,,,true
P05_BLUE_L_000025,P05,BLUE,L,image_000025.jpg,training/P05/BLUE/L/images/image_000025.jpg,3b599ed61762ff6900abe3329423b3edc639a2070bcd739b9b67b2b1a49c32f7,10995,,,true
P05_BLUE_M_000001,P05,BLUE,M,image_000001.jpg,training/P05/BLUE/M/images/image_000001.jpg,cdb8877410acc742d722991265920dfebba655a4926f4a6b8571044d06475daf,10691,,,true
P05_BLUE_M_000002,P05,BLUE,M,image_000002.jpg,training/P05/BLUE/M/images/image_000002.jpg,e54e99f1f0b7d179b738f75b76eb6b158026fe42e3df1287551c13b7f21bf3e6,10951,,,true
P05_BLUE_M_000003,P05,BLUE,M,image_000003.jpg,training/P05/BLUE/M/images/image_000003.jpg,4c7198867487f3677488149eaef73b0c55076afaeeb00084460a95e48f7a7805,11090,,,true
P05_BLUE_M_000004,P05,BLUE,M,image_000004.jpg,training/P05/BLUE/M/images/image_000004.jpg,cef124a04a1902e515a0c197ed7694a5cd652204efcf22349faf86ad001afd6b,10910,,,true
P05_BLUE_M_000005,P05,BLUE,M,image_000005.jpg,training/P05/BLUE/M/images/image_000005.jpg,cb0cdaec7c31ba4f9b293479b6c2bc90f94f2cfbcf376dc41f74a9acd27203fa,10325,,,true
P05_BLUE_M_000006,P05,BLUE,M,image_000006.jpg,training/P05/BLUE/M/images/image_000006.jpg,e581d3c9231a309f3f48ce480fcb1b38e5299303d7f90891fa8ee7c3a3c35c7a,10545,,,true
P05_BLUE_M_000007,P05,BLUE,M,image_000007.jpg,training/P05/BLUE/M/images/image_000007.jpg,95788ab014e7f1fda9430354bc9fcd7a4a2c2fa65146752c3cdf42702fa59336,10333,,,true
P05_BLUE_M_000008,P05,BLUE,M,image_000008.jpg,training/P05/BLUE/M/images/image_000008.jpg,bdd9599fc0a726830bc8f56453805e9172a67e235a38257ed0c952ece00604bd,9170,,,true
P05_BLUE_M_000009,P05,BLUE,M,image_000009.jpg,training/P05/BLUE/M/images/image_000009.jpg,9b7a64c24afed43f4212d901f57a40d89ed7a1cf35a94a02131a1aa26ef28172,9605,,,true
P05_BLUE_M_000010,P05,BLUE,M,image_000010.jpg,training/P05/BLUE/M/images/image_000010.jpg,af5d9472fa6954a9aacbefde197f2ab31ce6e520c4c95586678edcffc8355088,9449,,,true
P05_BLUE_M_000011,P05,BLUE,M,image_000011.jpg,training/P05/BLUE/M/images/image_000011.jpg,ce1d97e19819b7c55cd7cdc13a71584b5a35853f860f5781ebaab0cf2db78730,9728,,,true
P05_BLUE_M_000012,P05,BLUE,M,image_000012.jpg,training/P05/BLUE/M/images/image_000012.jpg,d2aaffa930fdd481b11570fab477a238f36697ace5c070c8c420ca6c620a885f,9444,,,true
P05_BLUE_M_000013,P05,BLUE,M,image_000013.jpg,training/P05/BLUE/M/images/image_000013.jpg,d9dba7536da4c7d34109eb5ad7cfd63f0580502d14be5eb5e9775425aa18e402,9539,,,true
P05_BLUE_M_000014,P05,BLUE,M,image_000014.jpg,training/P05/BLUE/M/images/image_000014.jpg,1b172bdba0841483dd4f01218e2131d66d6f78d3d5ae952e607ea553b5b705c3,9843,,,true
P05_BLUE_M_000015,P05,BLUE,M,image_000015.jpg,training/P05/BLUE/M/images/image_000015.jpg,39f8461d2daa5668fa504792c8c936f45200cca96c46d55ce6c9c49888716885,9377,,,true
P05_BLUE_M_000016,P05,BLUE,M,image_000016.jpg,training/P05/BLUE/M/images/image_000016.jpg,f7aa3fba9a31d52ecaedae3f1b3afa32b1f2b4e1993cba5c9426c252263915a7,9615,,,true
P05_BLUE_M_000017,P05,BLUE,M,image_000017.jpg,training/P05/BLUE/M/images/image_000017.jpg,6eb7732f7ede2b24a3b2e7f9df61f02392859b08fce53ec9fa2da8cc60b6ae99,10416,,,true
P05_BLUE_M_000018,P05,BLUE,M,image_000018.jpg,training/P05/BLUE/M/images/image_000018.jpg,3c5a2e724b2bc8b264ba1837ce34930db542e0ec22157d6957042fdf67b66277,9518,,,true
P05_BLUE_M_000019,P05,BLUE,M,image_000019.jpg,training/P05/BLUE/M/images/image_000019.jpg,d6a86b8294e3c672f0388eac640c0f5fe9692e123303ee5315acb4415ed75c5e,9644,,,true
P05_BLUE_M_000020,P05,BLUE,M,image_000020.jpg,training/P05/BLUE/M/images/image_000020.jpg,41b3f4e0891187984323573bd483f31c0bdf6e2a66098766affef73892eddd60,9578,,,true
P05_BLUE_M_000021,P05,BLUE,M,image_000021.jpg,training/P05/BLUE/M/images/image_000021.jpg,e32ea901a3448ba7e0ce6e2e8f2eca7db6560fc0f4bc5c1b98c67c6926170a02,9863,,,true
P05_BLUE_M_000022,P05,BLUE,M,image_000022.jpg,training/P05/BLUE/M/images/image_000022.jpg,5ca47dc0fcdc4ae64940503f7e9e273a8fc038b35ca24bf602c622a697f3e647,9683,,,true
P05_BLUE_M_000023,P05,BLUE,M,image_000023.jpg,training/P05/BLUE/M/images/image_000023.jpg,15b8bb91bd666ebf30192bdebef8d4374ebffd6387386977562866d18eab7654,9302,,,true
P05_BLUE_M_000024,P05,BLUE,M,image_000024.jpg,training/P05/BLUE/M/images/image_000024.jpg,75efc38bb449967ca83239d53be9039b8b299dd142002c699c5db9edb5b2dd20,8904,,,true
P05_BLUE_M_000025,P05,BLUE,M,image_000025.jpg,training/P05/BLUE/M/images/image_000025.jpg,4676fafe8056bbd1db6cdd8fbb3d4206ce2d4adac50d0120f00622f11dae8f1a,9403,,,true
P05_BLUE_N_000001,P05,BLUE,N,image_000001.jpg,training/P05/BLUE/N/images/image_000001.jpg,b825c7eb34adcfd974886eb604bbda2bba27c2d92af9ebddb4202c126e9a4892,9980,,,true
P05_BLUE_N_000002,P05,BLUE,N,image_000002.jpg,training/P05/BLUE/N/images/image_000002.jpg,c0afe00aafc5d1d1fdfbc4880b1eb166d94f724740d5d24edc79ee30e36068eb,9997,,,true
P05_BLUE_N_000003,P05,BLUE,N,image_000003.jpg,training/P05/BLUE/N/images/image_000003.jpg,a343b02c48a03200d53fc8a8a7575a9c2fa3c26059ad61044feacd5180b69212,10073,,,true
P05_BLUE_N_000004,P05,BLUE,N,image_000004.jpg,training/P05/BLUE/N/images/image_000004.jpg,bdababf65d3130d49382f7a09b4dafff5dfb257a0afe717e4b57e3a944429dcd,10067,,,true
P05_BLUE_N_000005,P05,BLUE,N,image_000005.jpg,training/P05/BLUE/N/images/image_000005.jpg,d79de363332df11e67ef1e4b91afa8e40a8de5e6020015d1ca0753ea7cd654a2,9963,,,true
P05_BLUE_N_000006,P05,BLUE,N,image_000006.jpg,training/P05/BLUE/N/images/image_000006.jpg,efc60ba8a1773bfc76c8cfc412ab5d6b2be4c19e1dc394ec78ec8f1b00e1da62,10108,,,true
P05_BLUE_N_000007,P05,BLUE,N,image_000007.jpg,training/P05/BLUE/N/images/image_000007.jpg,4ccbca55dd191c21927d9a34447f064b49a9ea43dffbccfe917a3c514ee4b68a,9958,,,true
P05_BLUE_N_000008,P05,BLUE,N,image_000008.jpg,training/P05/BLUE/N/images/image_000008.jpg,c77d0932305144dd63311f9f866c198da28a4dc0a0d9f89acbbc444a3022dd2d,10259,,,true
P05_BLUE_N_000009,P05,BLUE,N,image_000009.jpg,training/P05/BLUE/N/images/image_000009.jpg,7ad9145d1e87f7e31b28d84b99bbac958450a4953b493a6d7d61ed49dba2c19a,9591,,,true
P05_BLUE_N_000010,P05,BLUE,N,image_000010.jpg,training/P05/BLUE/N/images/image_000010.jpg,eeaf351105d19dd21ea7174009e1db5f96f7c2c93cbd89d449f8edb53299ed3d,9721,,,true
P05_BLUE_N_000011,P05,BLUE,N,image_000011.jpg,training/P05/BLUE/N/images/image_000011.jpg,53ca3e8938bec230d662421e7011b58cbc4c05b99b1a342f6ebaac17467cdace,9604,,,true
P05_BLUE_N_000012,P05,BLUE,N,image_000012.jpg,training/P05/BLUE/N/images/image_000012.jpg,8ba3ffc577c066612b70bd03f00334c08d0f0f4d9b0bb0f100fe12463910d420,9728,,,true
P05_BLUE_N_000013,P05,BLUE,N,image_000013.jpg,training/P05/BLUE/N/images/image_000013.jpg,badc4c413a53708ffcaf53f9d485d46341e4d190eb8f9db8284da99a03f112b6,9628,,,true
P05_BLUE_N_000014,P05,BLUE,N,image_000014.jpg,training/P05/BLUE/N/images/image_000014.jpg,03cf0b263559bdc515d76f226ae6607130d066273a5f9950d974128e2ebfcf9c,9975,,,true
P05_BLUE_N_000015,P05,BLUE,N,image_000015.jpg,training/P05/BLUE/N/images/image_000015.jpg,d25ac1bb418a257a2f728c545eef4b5927d9f0f17e88699665f20cb446081456,9987,,,true
P05_BLUE_N_000016,P05,BLUE,N,image_000016.jpg,training/P05/BLUE/N/images/image_000016.jpg,33e38dfa1868e17282cc1ef13dcbd55b640da453a628ccda9bfae7b6838d9b30,10197,,,true
P05_BLUE_N_000017,P05,BLUE,N,image_000017.jpg,training/P05/BLUE/N/images/image_000017.jpg,839b6459947a4877117bc8c6c4945239cfb53ba0ab131b06a748c20aa3216c89,9424,,,true
P05_BLUE_N_000018,P05,BLUE,N,image_000018.jpg,training/P05/BLUE/N/images/image_000018.jpg,d716ec5559ba7bd8cba69fc689fbd617ee84ee3c7084ddb3cc32348557748e82,9908,,,true
P05_BLUE_N_000019,P05,BLUE,N,image_000019.jpg,training/P05/BLUE/N/images/image_000019.jpg,d6844d00e2202d7c4c0f23688db5bf992a0b9c1520ce8ec3b0112c00ac226925,9433,,,true
P05_BLUE_N_000020,P05,BLUE,N,image_000020.jpg,training/P05/BLUE/N/images/image_000020.jpg,e815a251f7f8b743bb7e944a7701514eb922023e632fac43dc08b1d784ad1809,10178,,,true
P05_BLUE_N_000021,P05,BLUE,N,image_000021.jpg,training/P05/BLUE/N/images/image_000021.jpg,4740f0b0c886a16c1c0b010e42dc3319bb5986b5f5f01c95ec3c7be5f333db99,9269,,,true
P05_BLUE_N_000022,P05,BLUE,N,image_000022.jpg,training/P05/BLUE/N/images/image_000022.jpg,9e4589eabf3da936a75c9990b522828e1709a70bb95d190be5f3cc0cc194552e,9643,,,true
P05_BLUE_N_000023,P05,BLUE,N,image_000023.jpg,training/P05/BLUE/N/images/image_000023.jpg,f9089c08bd61bac40900c14de54c0ff3a01d9623d1cdcb99850defd91407e999,9879,,,true
P05_BLUE_N_000024,P05,BLUE,N,image_000024.jpg,training/P05/BLUE/N/images/image_000024.jpg,664379275b52e96a41e14b255bb4710910500334cb551e53d6e66cbe8397a796,9780,,,true
P05_BLUE_N_000025,P05,BLUE,N,image_000025.jpg,training/P05/BLUE/N/images/image_000025.jpg,10dc5932455dacf46d24c1000841cf9c6c1a8de2fdc43bb55a0f1e89477007db,9532,,,true
P05_BLUE_O_000001,P05,BLUE,O,image_000001.jpg,training/P05/BLUE/O/images/image_000001.jpg,965b723a95866af43d92a1c3101dafe0372e7b457334763cc7fa4b260e616bb8,10775,,,true
P05_BLUE_O_000002,P05,BLUE,O,image_000002.jpg,training/P05/BLUE/O/images/image_000002.jpg,b740eff62a65f51ab10a5d3fd20093ea5bdefcb068131aed9f412179e3ecf44b,11065,,,true
P05_BLUE_O_000003,P05,BLUE,O,image_000003.jpg,training/P05/BLUE/O/images/image_000003.jpg,119ce31de3db70f322f800b4a465a0fc29fbf2561d84994bf7118b9867ea5a3c,9722,,,true
P05_BLUE_O_000004,P05,BLUE,O,image_000004.jpg,training/P05/BLUE/O/images/image_000004.jpg,3408f6813aef9dd5ad602a3f89bac4ea68e07c438de9472f1440e55855ca902c,10190,,,true
P05_BLUE_O_000005,P05,BLUE,O,image_000005.jpg,training/P05/BLUE/O/images/image_000005.jpg,5b70b00dcfb2b6cb839b8bf30fe9283f9e93ae7eb7cc3172ce0fddde74ec38ad,9385,,,true
P05_BLUE_O_000006,P05,BLUE,O,image_000006.jpg,training/P05/BLUE/O/images/image_000006.jpg,80c4b55eeb6fdde23ce2e19a67cb2e85ebffad736bb5a563ffa7f508022ad3ce,9992,,,true
P05_BLUE_O_000007,P05,BLUE,O,image_000007.jpg,training/P05/BLUE/O/images/image_000007.jpg,e973b2e53d9ffd0d9358e2e2c2ccd425ae1c33867a3cf79a82fea0f9c1bedd28,10140,,,true
P05_BLUE_O_000008,P05,BLUE,O,image_000008.jpg,training/P05/BLUE/O/images/image_000008.jpg,d6c98383e9ac2cd61e5bba85e72d601c628e76f9b8dd50c0810c9ec4e413e5c0,10511,,,true
P05_BLUE_O_000009,P05,BLUE,O,image_000009.jpg,training/P05/BLUE/O/images/image_000009.jpg,53e961c9d68e64c50b0ca36bfd0db4fef1c17b7cf87c9c1ad06efb87a6657e3a,10471,,,true
P05_BLUE_O_000010,P05,BLUE,O,image_000010.jpg,training/P05/BLUE/O/images/image_000010.jpg,1653a20a53a92e1dcc03dc9ba13e495ce6d37806afa477bf932e7c29063e413c,9324,,,true
P05_BLUE_O_000011,P05,BLUE,O,image_000011.jpg,training/P05/BLUE/O/images/image_000011.jpg,12d059732e5e00998305c08a910c3a5fbeb22f0360bb18e3aa85beb483f98f16,9223,,,true
P05_BLUE_O_000012,P05,BLUE,O,image_000012.jpg,training/P05/BLUE/O/images/image_000012.jpg,e1065792f84ec3893e869f1fa51283fa1a6073653b4ca318666f25b3f81bdb75,10053,,,true
P05_BLUE_O_000013,P05,BLUE,O,image_000013.jpg,training/P05/BLUE/O/images/image_000013.jpg,f70f1e0f990b2195bc17648e1d225bdd93f008c9714486eca896a69f0f6beed6,10150,,,true
P05_BLUE_O_000014,P05,BLUE,O,image_000014.jpg,training/P05/BLUE/O/images/image_000014.jpg,728a07396a406f980c88eac6a303c6b5986808b3ab8e4faa2cb6fd383ab97a53,9320,,,true
P05_BLUE_O_000015,P05,BLUE,O,image_000015.jpg,training/P05/BLUE/O/images/image_000015.jpg,bad49ef20af5ccc2195d113971b2c33d3809cbdab28a9cd0c764f2713d0ae273,9815,,,true
P05_BLUE_O_000016,P05,BLUE,O,image_000016.jpg,training/P05/BLUE/O/images/image_000016.jpg,35f4ebc41b2af984398d54dcee847af3bd4cbb9cfcc030b8005e2468dcc08106,9837,,,true
P05_BLUE_O_000017,P05,BLUE,O,image_000017.jpg,training/P05/BLUE/O/images/image_000017.jpg,587aa40ac8c56682dc84c0f152a264462777ce5dfdf7f5fcd08132b672c38f04,8838,,,true
P05_BLUE_O_000018,P05,BLUE,O,image_000018.jpg,training/P05/BLUE/O/images/image_000018.jpg,856998a18277a3539104d90f02be089d32a8db9dddf26ed671240ae1780632a5,10578,,,true
P05_BLUE_O_000019,P05,BLUE,O,image_000019.jpg,training/P05/BLUE/O/images/image_000019.jpg,d3e3b785821479c0ca4d672a33dcf5b9027d1aa6b1dba4028f601f8114911ec2,9408,,,true
P05_BLUE_O_000020,P05,BLUE,O,image_000020.jpg,training/P05/BLUE/O/images/image_000020.jpg,ad929dc2506dbd73444a7a6942898e36d4ae5d6b61c5d872ab49ec6c2e3faace,9885,,,true
P05_BLUE_O_000021,P05,BLUE,O,image_000021.jpg,training/P05/BLUE/O/images/image_000021.jpg,aefcb3d27784cb52cf281ae5a8fcf97891b16564efbe340a05538a40788791f5,9667,,,true
P05_BLUE_O_000022,P05,BLUE,O,image_000022.jpg,training/P05/BLUE/O/images/image_000022.jpg,9354004da5e45fbe586cdaee9fcba16c00ac605cc0c202b1a0aa2c7e81466fdc,10110,,,true
P05_BLUE_O_000023,P05,BLUE,O,image_000023.jpg,training/P05/BLUE/O/images/image_000023.jpg,4d2478b7603797e1f33c32e903cc167a97755c9d647a4bd7dd9843e327dc7e32,10340,,,true
P05_BLUE_O_000024,P05,BLUE,O,image_000024.jpg,training/P05/BLUE/O/images/image_000024.jpg,0d552a8838cb5e9fefc5e99e8097146f160ee1e679aa9bfbb8a2afe999e6a3b4,10296,,,true
P05_BLUE_O_000025,P05,BLUE,O,image_000025.jpg,training/P05/BLUE/O/images/image_000025.jpg,bf9c8a6ae0019568615dc2e27fdf9fcda8bba3b7e994dd13bbc5b288a8d14a4d,10097,,,true
P05_BLUE_P_000001,P05,BLUE,P,image_000001.jpg,training/P05/BLUE/P/images/image_000001.jpg,452a65d191283ef0150caa2b3bdd80976b88e938de89f2b7a2c41d62cf749788,11201,,,true
P05_BLUE_P_000002,P05,BLUE,P,image_000002.jpg,training/P05/BLUE/P/images/image_000002.jpg,3a5e62658715554c77cdc83ab68e53cc560d549bb9355862bff3a0549da59395,11495,,,true
P05_BLUE_P_000003,P05,BLUE,P,image_000003.jpg,training/P05/BLUE/P/images/image_000003.jpg,3923751a32d5c1dac88a7601da3ce0d2b2dc905768bd249106f70fde23433f63,10649,,,true
P05_BLUE_P_000004,P05,BLUE,P,image_000004.jpg,training/P05/BLUE/P/images/image_000004.jpg,b6738b6e8bd1f279edaff3dcf6967fc223a8d196bb0e1a2bfb202b59bd2879f4,10680,,,true
P05_BLUE_P_000005,P05,BLUE,P,image_000005.jpg,training/P05/BLUE/P/images/image_000005.jpg,a167de61d393c4fb085bdd0a54885a542141df529ae0a7dd7adb5746cf22a47d,10883,,,true
P05_BLUE_P_000006,P05,BLUE,P,image_000006.jpg,training/P05/BLUE/P/images/image_000006.jpg,024f9430a9132f40e1d01f22df24f3e470a954eb15e730ccb2e214e983373ca8,10884,,,true
P05_BLUE_P_000007,P05,BLUE,P,image_000007.jpg,training/P05/BLUE/P/images/image_000007.jpg,61e6fb558918c7c8ce36f9768b529dd0cfd94354a63934274e61ffbd7f1a8a60,11248,,,true
P05_BLUE_P_000008,P05,BLUE,P,image_000008.jpg,training/P05/BLUE/P/images/image_000008.jpg,3a7d985aba7de58f4a88d85dd95a436724d36161f794540d9e33cb462b587751,11264,,,true
P05_BLUE_P_000009,P05,BLUE,P,image_000009.jpg,training/P05/BLUE/P/images/image_000009.jpg,f449e0b92e3585d46a3f4dacaf07262efb591129f822aa29cca37527cbb6981d,10764,,,true
P05_BLUE_P_000010,P05,BLUE,P,image_000010.jpg,training/P05/BLUE/P/images/image_000010.jpg,e8a02c34ee756155647008f00f4b0a5e0d4bf829ca17f6200a9053eb3af78edb,10845,,,true
P05_BLUE_P_000011,P05,BLUE,P,image_000011.jpg,training/P05/BLUE/P/images/image_000011.jpg,0fb2abe110130fdabd43f64568fd25afcb588fe3ab528a52186b3fcf52dd5733,11036,,,true
P05_BLUE_P_000012,P05,BLUE,P,image_000012.jpg,training/P05/BLUE/P/images/image_000012.jpg,ae69628006cb9a7ed7770f48bb8d64f92334a25b5033807d189831bb634b1f79,10769,,,true
P05_BLUE_P_000013,P05,BLUE,P,image_000013.jpg,training/P05/BLUE/P/images/image_000013.jpg,7bfd6426d6efe694e2d43bb7f480ea1ed0ff09f7fa632d9f1d9f2fd500a5dec8,10765,,,true
P05_BLUE_P_000014,P05,BLUE,P,image_000014.jpg,training/P05/BLUE/P/images/image_000014.jpg,01b22b32c638dbcd8b96a0f30f23cbc3ed469214cec511598a24b1a54ed52502,11267,,,true
P05_BLUE_P_000015,P05,BLUE,P,image_000015.jpg,training/P05/BLUE/P/images/image_000015.jpg,12e04225fad1ab42157960d8d451f294b6ee280d3295dedbb20b2952db2082fd,11551,,,true
P05_BLUE_P_000016,P05,BLUE,P,image_000016.jpg,training/P05/BLUE/P/images/image_000016.jpg,05588113d64e8d685176f73f0cedc586cbdc374c83644bb2aa025b9cc262a915,11150,,,true
P05_BLUE_P_000017,P05,BLUE,P,image_000017.jpg,training/P05/BLUE/P/images/image_000017.jpg,097a1bb4d6a8dcff6a10915712466a659b32584d9ca1c8af04ea2524b1629b70,10931,,,true
P05_BLUE_P_000018,P05,BLUE,P,image_000018.jpg,training/P05/BLUE/P/images/image_000018.jpg,949c3595e8636920884c7f9346aff3140fdd9657891569f9c1fc72e171e21ca5,11495,,,true
P05_BLUE_P_000019,P05,BLUE,P,image_000019.jpg,training/P05/BLUE/P/images/image_000019.jpg,0aa8a9e18d912117ec219ed46d735182eb2c3f96928cf0e4686dca4176488cf8,10811,,,true
P05_BLUE_P_000020,P05,BLUE,P,image_000020.jpg,training/P05/BLUE/P/images/image_000020.jpg,2762f121db5fed11a55a8e3a62d36e726fa422f8b88b87dad98ebe13e6c6d7d6,10979,,,true
P05_BLUE_P_000021,P05,BLUE,P,image_000021.jpg,training/P05/BLUE/P/images/image_000021.jpg,02e7e55c7d1511777f0d00210fceb41bfd8fb23227cfb6e9dd6b144c46a829a5,11054,,,true
P05_BLUE_P_000022,P05,BLUE,P,image_000022.jpg,training/P05/BLUE/P/images/image_000022.jpg,1a8e8d19995fe6713af8037cd1d2ea4f2a5fb80e485b39bb7140ef3808f0ced3,10777,,,true
P05_BLUE_P_000023,P05,BLUE,P,image_000023.jpg,training/P05/BLUE/P/images/image_000023.jpg,fab08be448435af1a1ddd71b43235bf65e19e6176a6a836f4ccd67ce3773e74c,11337,,,true
P05_BLUE_P_000024,P05,BLUE,P,image_000024.jpg,training/P05/BLUE/P/images/image_000024.jpg,045da067c8944585808c46094a2ed325ad460febbb44bba8042d7fb31a90c2bc,10909,,,true
P05_BLUE_P_000025,P05,BLUE,P,image_000025.jpg,training/P05/BLUE/P/images/image_000025.jpg,0945f2693ab3f18a14098f4a8170ae7adba9dd2d906c7c9973b81181ff5442ea,10797,,,true
P05_BLUE_R_000001,P05,BLUE,R,image_000001.jpg,training/P05/BLUE/R/images/image_000001.jpg,10ecbca8cbbbbd8d0a8c76b820c96f53a25b66a0103fee3a6c02627d9158116c,10360,,,true
P05_BLUE_R_000002,P05,BLUE,R,image_000002.jpg,training/P05/BLUE/R/images/image_000002.jpg,a1085e19c60e5955f6576e084eacac0f6e43896d5d8434a453721127a543f856,10416,,,true
P05_BLUE_R_000003,P05,BLUE,R,image_000003.jpg,training/P05/BLUE/R/images/image_000003.jpg,c02241486d9d61b6523e8123d9b7fa5e8615d6990cb26b793c0dcaf4a2c51e16,10767,,,true
P05_BLUE_R_000004,P05,BLUE,R,image_000004.jpg,training/P05/BLUE/R/images/image_000004.jpg,a79f6eade311d48717deb208a9f95fc9cadea8a7ab2c5d3e9bf20b98fab902ca,10223,,,true
P05_BLUE_R_000005,P05,BLUE,R,image_000005.jpg,training/P05/BLUE/R/images/image_000005.jpg,d619ad6e59f2357a593e51fae12269c9bd04f0c469d21946d9ebd649867680ee,10660,,,true
P05_BLUE_R_000006,P05,BLUE,R,image_000006.jpg,training/P05/BLUE/R/images/image_000006.jpg,38df235c0cdbc5dc52b6c1933fc3de9e0223f257caf2b2cc74d6fbb7e0108dcb,9282,,,true
P05_BLUE_R_000007,P05,BLUE,R,image_000007.jpg,training/P05/BLUE/R/images/image_000007.jpg,c0da04674216ccdcd593bc6a484bc9e93ed5dfef5e89817af6f84948b8d23b6a,11068,,,true
P05_BLUE_R_000008,P05,BLUE,R,image_000008.jpg,training/P05/BLUE/R/images/image_000008.jpg,a8e7099bf0827ca7152992db4e0d87fea2f7773b6be11e507332f0fdee45fb61,10670,,,true
P05_BLUE_R_000009,P05,BLUE,R,image_000009.jpg,training/P05/BLUE/R/images/image_000009.jpg,490e348046e33656182587242a0f9340bcdc9ca3153a456631968c514662a0e6,11021,,,true
P05_BLUE_R_000010,P05,BLUE,R,image_000010.jpg,training/P05/BLUE/R/images/image_000010.jpg,853d72790e58bb17877fcd5fe7d29dec71fa955820c90f4b240d38a2b4406051,10984,,,true
P05_BLUE_R_000011,P05,BLUE,R,image_000011.jpg,training/P05/BLUE/R/images/image_000011.jpg,3547f249662638a71651058c405be7dbbfe111a5298d522c9583eb4ca8d1d9a2,10909,,,true
P05_BLUE_R_000012,P05,BLUE,R,image_000012.jpg,training/P05/BLUE/R/images/image_000012.jpg,c178fa8b0947b3647b81fc686c5b5c4f3afae65fc589573f33be0a90fa9e1ffc,10808,,,true
P05_BLUE_R_000013,P05,BLUE,R,image_000013.jpg,training/P05/BLUE/R/images/image_000013.jpg,43dccefc51b40ee70b16d52dc7308d26baa50eeeaa66b02010186ec77448cf1b,10974,,,true
P05_BLUE_R_000014,P05,BLUE,R,image_000014.jpg,training/P05/BLUE/R/images/image_000014.jpg,9abfb1f3cd08c9371ad9a431fb3aecce1ca656a50f0d4b2dc4beef8ae67274a7,10610,,,true
P05_BLUE_R_000015,P05,BLUE,R,image_000015.jpg,training/P05/BLUE/R/images/image_000015.jpg,e4e654624a4540a0dd6aa68e0cdf25c0f5a6687a93764b5f33d63a21784e401f,10620,,,true
P05_BLUE_R_000016,P05,BLUE,R,image_000016.jpg,training/P05/BLUE/R/images/image_000016.jpg,fd35ee1f4966fb0406f1dffaa40b07289d571447893006006922fb600869e57e,11122,,,true
P05_BLUE_R_000017,P05,BLUE,R,image_000017.jpg,training/P05/BLUE/R/images/image_000017.jpg,040a661a5adc612bc89e83184803b2fdac356616b3a8f8dadbddd41f7ffc7166,10582,,,true
P05_BLUE_R_000018,P05,BLUE,R,image_000018.jpg,training/P05/BLUE/R/images/image_000018.jpg,c6180ec91f46068e633864e8a79ab7e472f4a43ab5cda472157f4d6195a9d9d8,10715,,,true
P05_BLUE_R_000019,P05,BLUE,R,image_000019.jpg,training/P05/BLUE/R/images/image_000019.jpg,e1199d0f1b16b0d40d909b5c2b78d50e0907f88690d6084127c55a82b5ca32e8,10535,,,true
P05_BLUE_R_000020,P05,BLUE,R,image_000020.jpg,training/P05/BLUE/R/images/image_000020.jpg,5cfc7bedecfdd62ba66f8b2dad52f271fe54f6cadd141ecfbaecdd5cc83b088f,10554,,,true
P05_BLUE_R_000021,P05,BLUE,R,image_000021.jpg,training/P05/BLUE/R/images/image_000021.jpg,72ab6b538581d99de0a657c58253ead93e4a40261701a5e7df49168c9bd709b1,11184,,,true
P05_BLUE_R_000022,P05,BLUE,R,image_000022.jpg,training/P05/BLUE/R/images/image_000022.jpg,9a9e717c1e84d33f5603fcfc5e20b2c2ab32b07bddfe897eff1e7d525552b772,11056,,,true
P05_BLUE_R_000023,P05,BLUE,R,image_000023.jpg,training/P05/BLUE/R/images/image_000023.jpg,6b80a5bf8984c9f181bc4df1210f67539fdeb4e1ec36baf5b46f90611694babd,11271,,,true
P05_BLUE_R_000024,P05,BLUE,R,image_000024.jpg,training/P05/BLUE/R/images/image_000024.jpg,098cf225d0ea681fca92eae2622908c0385a4885699f6a808e966410b6c18709,10863,,,true
P05_BLUE_R_000025,P05,BLUE,R,image_000025.jpg,training/P05/BLUE/R/images/image_000025.jpg,ea9810eff6c559c4984ad730951985835892eaefe3b0b2a368222e3037099ef6,10587,,,true
P05_BLUE_S_000001,P05,BLUE,S,image_000001.jpg,training/P05/BLUE/S/images/image_000001.jpg,93921267d73607d86a0ae066ce159bd5eb642d6f89ef0e395b22c49e492bb445,10373,,,true
P05_BLUE_S_000002,P05,BLUE,S,image_000002.jpg,training/P05/BLUE/S/images/image_000002.jpg,da9a0f02b3d0b8e85ec9aaa720e18b6fe516454878004debe5e4d38d6f8f49fd,10304,,,true
P05_BLUE_S_000003,P05,BLUE,S,image_000003.jpg,training/P05/BLUE/S/images/image_000003.jpg,a89ef32da5273eda689fb71cb3c908c3a73d9db21445eb6c5b15f51ffefd6e26,10149,,,true
P05_BLUE_S_000004,P05,BLUE,S,image_000004.jpg,training/P05/BLUE/S/images/image_000004.jpg,02ae730393d1c74c5022b7ec12b59f64b968c8c9e47a9db943709358dd484993,10436,,,true
P05_BLUE_S_000005,P05,BLUE,S,image_000005.jpg,training/P05/BLUE/S/images/image_000005.jpg,e98829f80deae9e88cf5659d2559142e08f3d9eb5402a3ade387868003aebe3a,10508,,,true
P05_BLUE_S_000006,P05,BLUE,S,image_000006.jpg,training/P05/BLUE/S/images/image_000006.jpg,3f3a66290d7796d5954a2964bfd925ee83be193ae5b9af2962290d97e45dfc57,10547,,,true
P05_BLUE_S_000007,P05,BLUE,S,image_000007.jpg,training/P05/BLUE/S/images/image_000007.jpg,30804f9d4e6883f07333d79b56902bb1b047adc15aad72a97146f41be9ca502b,9797,,,true
P05_BLUE_S_000008,P05,BLUE,S,image_000008.jpg,training/P05/BLUE/S/images/image_000008.jpg,55e41761c34a998879e4a2eb37ae56830d5bb4592f07357e041c6d9f4302f900,10062,,,true
P05_BLUE_S_000009,P05,BLUE,S,image_000009.jpg,training/P05/BLUE/S/images/image_000009.jpg,536e0204f71153384a4a558fe763a4e627a23fd875aa306c5b0c38afec027d4d,10428,,,true
P05_BLUE_S_000010,P05,BLUE,S,image_000010.jpg,training/P05/BLUE/S/images/image_000010.jpg,910ddf241a72ee29b8f85fbed79ed84b4b11b348b77fc3ec5ff4483d68dcc6fd,10329,,,true
P05_BLUE_S_000011,P05,BLUE,S,image_000011.jpg,training/P05/BLUE/S/images/image_000011.jpg,c608a4cc3d98b928b1700a943c890cc63938b46d82f72b8c360dfe360ecd68cd,10472,,,true
P05_BLUE_S_000012,P05,BLUE,S,image_000012.jpg,training/P05/BLUE/S/images/image_000012.jpg,2ac78dad97e7b5446d39398fbd8bd0a29895d4abf9cae93ef8a75187b835f512,10350,,,true
P05_BLUE_S_000013,P05,BLUE,S,image_000013.jpg,training/P05/BLUE/S/images/image_000013.jpg,59a71b0b2ff34b418b7b70310cd161a07c5908ffa4fadaeee6b13b2f1de0c9be,10821,,,true
P05_BLUE_S_000014,P05,BLUE,S,image_000014.jpg,training/P05/BLUE/S/images/image_000014.jpg,b1c23f84397dfa73046f526e3f58c975ef11c34a3addad6acacc68c0ae21e74b,9796,,,true
P05_BLUE_S_000015,P05,BLUE,S,image_000015.jpg,training/P05/BLUE/S/images/image_000015.jpg,980e9f36c9fbda4d08c7301097cc5ed44f39ba813eba534a4454100aa34985c0,9183,,,true
P05_BLUE_S_000016,P05,BLUE,S,image_000016.jpg,training/P05/BLUE/S/images/image_000016.jpg,dd60b0f2b2728a32eec31263967dd3df146ea96a15bc23ee85a3ab6b84147a82,9702,,,true
P05_BLUE_S_000017,P05,BLUE,S,image_000017.jpg,training/P05/BLUE/S/images/image_000017.jpg,545eacae63a50da9ed41348ced3e038a915b8ed2d890473f72c4f53b763f08a6,10080,,,true
P05_BLUE_S_000018,P05,BLUE,S,image_000018.jpg,training/P05/BLUE/S/images/image_000018.jpg,3dcf6eca6f0b907577167a40cbb56f900ef0bd46b4088e6b1245e142fdf602df,9954,,,true
P05_BLUE_S_000019,P05,BLUE,S,image_000019.jpg,training/P05/BLUE/S/images/image_000019.jpg,e036d61f81e484a8bf93d02aa10bad8cac1ffd6c606e5ff50bb45560f4e38863,10409,,,true
P05_BLUE_S_000020,P05,BLUE,S,image_000020.jpg,training/P05/BLUE/S/images/image_000020.jpg,1a5c038a7c197b47793eea5ede2cef34833239ff2af2aec1d0c2a0deb6d744bc,10081,,,true
P05_BLUE_S_000021,P05,BLUE,S,image_000021.jpg,training/P05/BLUE/S/images/image_000021.jpg,0d033a43a8cd2b3ac82f5cb37726e7bdc63750cb0b4af8fad323190aea0035c3,10523,,,true
P05_BLUE_S_000022,P05,BLUE,S,image_000022.jpg,training/P05/BLUE/S/images/image_000022.jpg,d31d9ee89bcf0af40609fa262188ac6ada3ec51c28710a5472684588ad7c3c56,10498,,,true
P05_BLUE_S_000023,P05,BLUE,S,image_000023.jpg,training/P05/BLUE/S/images/image_000023.jpg,55926f614d7b55813cdcc3145dd71bfdeee2058b6353adb2aa954ae7564fce5f,10919,,,true
P05_BLUE_S_000024,P05,BLUE,S,image_000024.jpg,training/P05/BLUE/S/images/image_000024.jpg,0e9377bbda4b3a24e505ae9a6299a9282ca29ad9f343cf22afd1451af483b37f,10926,,,true
P05_BLUE_S_000025,P05,BLUE,S,image_000025.jpg,training/P05/BLUE/S/images/image_000025.jpg,6556e66be6f6d4ecb209a58b053bc18f1622041b56e1267b249a391417188e93,11611,,,true
P05_BLUE_T_000001,P05,BLUE,T,image_000001.jpg,training/P05/BLUE/T/images/image_000001.jpg,fd4d288f56c1bcf24e799ee19ea1871662a8209e49bec83f8ee22a119c3239cf,10193,,,true
P05_BLUE_T_000002,P05,BLUE,T,image_000002.jpg,training/P05/BLUE/T/images/image_000002.jpg,4356a6709b56ab58f876388555e9ce132e654968bc4b2fd6bed7514ce9973af6,10334,,,true
P05_BLUE_T_000003,P05,BLUE,T,image_000003.jpg,training/P05/BLUE/T/images/image_000003.jpg,bf786a7634418fd67737297e70a2f78aeb554fe4f453f7d0c9d4c03bd67ecaa5,10482,,,true
P05_BLUE_T_000004,P05,BLUE,T,image_000004.jpg,training/P05/BLUE/T/images/image_000004.jpg,c0810e2930d2cea66a83d1329db2c7f9d11da4fc642cd8251af4989d26cabce1,10593,,,true
P05_BLUE_T_000005,P05,BLUE,T,image_000005.jpg,training/P05/BLUE/T/images/image_000005.jpg,69fca26fd3397ee620e301f3d69df904982107e91a8eb5cddb0d58267bd83cbc,9747,,,true
P05_BLUE_T_000006,P05,BLUE,T,image_000006.jpg,training/P05/BLUE/T/images/image_000006.jpg,2e100a7574ac1b4b00a79a7a20d731c12894187195542859caad2d3a3a266a59,9969,,,true
P05_BLUE_T_000007,P05,BLUE,T,image_000007.jpg,training/P05/BLUE/T/images/image_000007.jpg,93395b206791c71a4788d1d05cb414ca57dd1e8e2b9c881c70848334cc93ac88,10098,,,true
P05_BLUE_T_000008,P05,BLUE,T,image_000008.jpg,training/P05/BLUE/T/images/image_000008.jpg,a75283e8459b01f966ce574edb6d4ad6a6164822505753f232f42fc779df16cd,9759,,,true
P05_BLUE_T_000009,P05,BLUE,T,image_000009.jpg,training/P05/BLUE/T/images/image_000009.jpg,0611b2100b2bc56489dbb23205d29d42bf4998d4a923ce4a433ebe8d75eceeb5,9748,,,true
P05_BLUE_T_000010,P05,BLUE,T,image_000010.jpg,training/P05/BLUE/T/images/image_000010.jpg,d553f89a4f09f5b7ade79cd15122bbe388ffe938366c297ced833c35c7407b95,10164,,,true
P05_BLUE_T_000011,P05,BLUE,T,image_000011.jpg,training/P05/BLUE/T/images/image_000011.jpg,ab264988bc453da05ef788643d386009dc1fd9fabcd8f02f0960005a9ea06f26,10216,,,true
P05_BLUE_T_000012,P05,BLUE,T,image_000012.jpg,training/P05/BLUE/T/images/image_000012.jpg,8d669be61ac770dc7b054b5f8cef19b4e34c870c6812c2d247b74c6c84738ef1,10089,,,true
P05_BLUE_T_000013,P05,BLUE,T,image_000013.jpg,training/P05/BLUE/T/images/image_000013.jpg,25cc60c18f3b522674f7fb98959ec0dca19041bc6312c1187ab5644bc5037863,10019,,,true
P05_BLUE_T_000014,P05,BLUE,T,image_000014.jpg,training/P05/BLUE/T/images/image_000014.jpg,c9377824e1ae192323651ac854a91e700f2bee77a19a485cd61ede480b0b2c17,9602,,,true
P05_BLUE_T_000015,P05,BLUE,T,image_000015.jpg,training/P05/BLUE/T/images/image_000015.jpg,eeae044cf2cfcae98c574f7d02682faadc66cee4a09176d8037624924d0661c1,10230,,,true
P05_BLUE_T_000016,P05,BLUE,T,image_000016.jpg,training/P05/BLUE/T/images/image_000016.jpg,be309dc39e39ed9273c534358da2cd30de85d8918061259985d5a3cf5294d60f,9916,,,true
P05_BLUE_T_000017,P05,BLUE,T,image_000017.jpg,training/P05/BLUE/T/images/image_000017.jpg,e43c5119338e00661251e2278e8d822d672bc10573b901370baaa7b14d8bc60f,10205,,,true
P05_BLUE_T_000018,P05,BLUE,T,image_000018.jpg,training/P05/BLUE/T/images/image_000018.jpg,81e7b0744e1014a39e1901793c151946d6db21c0e5def25aebcdf729c79a668f,10646,,,true
P05_BLUE_T_000019,P05,BLUE,T,image_000019.jpg,training/P05/BLUE/T/images/image_000019.jpg,c889066b434d07568cfa5a426d499324828694e6907bc9af41040c389384c30e,9374,,,true
P05_BLUE_T_000020,P05,BLUE,T,image_000020.jpg,training/P05/BLUE/T/images/image_000020.jpg,be7c3adab7d8ae280756add9ebe04b3ef138c633f23d4194630fa7d65edbb9ea,10051,,,true
P05_BLUE_T_000021,P05,BLUE,T,image_000021.jpg,training/P05/BLUE/T/images/image_000021.jpg,168d50e7e0782dc1fa35038221c4664002298cd282fdd96f07999a32fbf1d383,10458,,,true
P05_BLUE_T_000022,P05,BLUE,T,image_000022.jpg,training/P05/BLUE/T/images/image_000022.jpg,a323a1a2018c9d13a6850f9b18496252624806312259181e914263861f9e14ee,10514,,,true
P05_BLUE_T_000023,P05,BLUE,T,image_000023.jpg,training/P05/BLUE/T/images/image_000023.jpg,2eeb31ac9fa803a6f79912d8d9c303430c3e91e91cef1cbe42ca0896dbc79c8f,10566,,,true
P05_BLUE_T_000024,P05,BLUE,T,image_000024.jpg,training/P05/BLUE/T/images/image_000024.jpg,a25367fd8f48b28d08e1d3cee4dba73585a4ca753a9f38ce9533c5269dea6f88,10300,,,true
P05_BLUE_T_000025,P05,BLUE,T,image_000025.jpg,training/P05/BLUE/T/images/image_000025.jpg,cf140730553bbd44a8cdaec2df7a96a2b602ab102c7cd7bde06a0b570893e358,10616,,,true
P05_BLUE_U_000001,P05,BLUE,U,image_000001.jpg,training/P05/BLUE/U/images/image_000001.jpg,07f77223776a3357e037249157f1eefa49f2aba3d5628429418f9ab9b645ed15,8950,,,true
P05_BLUE_U_000002,P05,BLUE,U,image_000002.jpg,training/P05/BLUE/U/images/image_000002.jpg,1c8d0f0930ef8577646669a48cd04be4fb57824551e08261eebe642743f4159e,11218,,,true
P05_BLUE_U_000003,P05,BLUE,U,image_000003.jpg,training/P05/BLUE/U/images/image_000003.jpg,5b11d4b3f59a418651697baea377ec46c667fc7029007981d7678a74a6672006,10674,,,true
P05_BLUE_U_000004,P05,BLUE,U,image_000004.jpg,training/P05/BLUE/U/images/image_000004.jpg,da45507149d13a1294386fe26cdbcf138f0f883aab0b1181b70a748f59f7e63b,10938,,,true
P05_BLUE_U_000005,P05,BLUE,U,image_000005.jpg,training/P05/BLUE/U/images/image_000005.jpg,5dca8c8864560b462a9aee7e70c7b232555524c0d142521b31d1e78fb211ebc2,10830,,,true
P05_BLUE_U_000006,P05,BLUE,U,image_000006.jpg,training/P05/BLUE/U/images/image_000006.jpg,9c15acc9deb18d2b9b3ede00c632d4dc109cdeb0c981008ba3cde824c4e8bcee,10575,,,true
P05_BLUE_U_000007,P05,BLUE,U,image_000007.jpg,training/P05/BLUE/U/images/image_000007.jpg,bb04f4c0a1550d7154fda2587814af791a45fa0271618f71f91ad6563634e5d0,10267,,,true
P05_BLUE_U_000008,P05,BLUE,U,image_000008.jpg,training/P05/BLUE/U/images/image_000008.jpg,40c9004b42b0d0eec18a788c18db33899908dadbeb6307a3e024d652d202be01,11274,,,true
P05_BLUE_U_000009,P05,BLUE,U,image_000009.jpg,training/P05/BLUE/U/images/image_000009.jpg,fd44078346e8ce4676a9ca12f9ae9e1bc4500e316f55a10759f4d368e7ac763a,11047,,,true
P05_BLUE_U_000010,P05,BLUE,U,image_000010.jpg,training/P05/BLUE/U/images/image_000010.jpg,4f41534acb58223d6774f548c853464f4f10c18f5bdf63eb7ad21b3ad8e1154e,10696,,,true
P05_BLUE_U_000011,P05,BLUE,U,image_000011.jpg,training/P05/BLUE/U/images/image_000011.jpg,eff2e97ca1e810b1daed14da78942b5eaee3b704569ecb5dece9e66d3200bf65,9819,,,true
P05_BLUE_U_000012,P05,BLUE,U,image_000012.jpg,training/P05/BLUE/U/images/image_000012.jpg,ecbdc67ac16a12a072fad7032509206910bb72452840f9ee6d329ad28af1fa8a,9624,,,true
P05_BLUE_U_000013,P05,BLUE,U,image_000013.jpg,training/P05/BLUE/U/images/image_000013.jpg,730c524766cc04d46943244f97cfc57b39818e1f45012f7f5c10eda781561d6d,9672,,,true
P05_BLUE_U_000014,P05,BLUE,U,image_000014.jpg,training/P05/BLUE/U/images/image_000014.jpg,2e982bc7f5a76b79e6cd1365dcc6db4d47b25af8618fdabee627aefa5749c555,9702,,,true
P05_BLUE_U_000015,P05,BLUE,U,image_000015.jpg,training/P05/BLUE/U/images/image_000015.jpg,e0c4f8823d5aa0fca1b51d9a8258d10758628d0079a9a8d25f7e7ad3a3727a07,9388,,,true
P05_BLUE_U_000016,P05,BLUE,U,image_000016.jpg,training/P05/BLUE/U/images/image_000016.jpg,2e4456867cfe7ba4ce5b201a9ee4254a92dda89305ef0effd036a7c353f7c417,10733,,,true
P05_BLUE_U_000017,P05,BLUE,U,image_000017.jpg,training/P05/BLUE/U/images/image_000017.jpg,355ba4f2834b0878a352ae8de9242fa93b63e575e81f3e8817da665568ef602a,10370,,,true
P05_BLUE_U_000018,P05,BLUE,U,image_000018.jpg,training/P05/BLUE/U/images/image_000018.jpg,2c7efcd7cba88d56fc68b3fa4e3096b6d7d452171d9fb4022d79d22623708339,10013,,,true
P05_BLUE_U_000019,P05,BLUE,U,image_000019.jpg,training/P05/BLUE/U/images/image_000019.jpg,0cffb022d417bd4a0eab837914b96da6c21fcc567198c088d7c7878b5c2d39cb,10010,,,true
P05_BLUE_U_000020,P05,BLUE,U,image_000020.jpg,training/P05/BLUE/U/images/image_000020.jpg,6b02ab45a9c321fbf29ea2cc97db65badf25d89006f335556e415a677c5029ff,9120,,,true
P05_BLUE_U_000021,P05,BLUE,U,image_000021.jpg,training/P05/BLUE/U/images/image_000021.jpg,ef26a547a197ff66739fb6b37a25e8d41ad0a5b0505f692602a6412198857314,9723,,,true
P05_BLUE_U_000022,P05,BLUE,U,image_000022.jpg,training/P05/BLUE/U/images/image_000022.jpg,a0b0ca558915d4f1c3e33ac8971a75101019efd8b288ffc7e2dbb4c2d3c14552,10353,,,true
P05_BLUE_U_000023,P05,BLUE,U,image_000023.jpg,training/P05/BLUE/U/images/image_000023.jpg,9b91391b993b68613741c910e16d9c3ed85ad3d750a36dec3c0340c345ef0341,10652,,,true
P05_BLUE_U_000024,P05,BLUE,U,image_000024.jpg,training/P05/BLUE/U/images/image_000024.jpg,88c59a97303c142c63401db61d286ba105bb867582e5d206fad809750481ede8,9084,,,true
P05_BLUE_U_000025,P05,BLUE,U,image_000025.jpg,training/P05/BLUE/U/images/image_000025.jpg,91cfec57598cf9adf163f8318cac5306d0a59b602023b4838d386138df79d4a7,9339,,,true
P05_BLUE_V_000001,P05,BLUE,V,image_000001.jpg,training/P05/BLUE/V/images/image_000001.jpg,4574e8e06b602f625c39521be1d3269fbe12bd660dfa25ed5cd7d9ce904b2d0b,10093,,,true
P05_BLUE_V_000002,P05,BLUE,V,image_000002.jpg,training/P05/BLUE/V/images/image_000002.jpg,dc7660be561aee5299e7aa86b97130617ccc5917b41052d6ffd4e070899165ef,10405,,,true
P05_BLUE_V_000003,P05,BLUE,V,image_000003.jpg,training/P05/BLUE/V/images/image_000003.jpg,64cfa34f5e96bae06be3079fcf6aa4fcd3da2f325a3c23eb4a85140cb86b0e35,9539,,,true
P05_BLUE_V_000004,P05,BLUE,V,image_000004.jpg,training/P05/BLUE/V/images/image_000004.jpg,d78a1ede500f54acfec5d4aecb7246b45919e9a40009d6a4af365729c4150423,9709,,,true
P05_BLUE_V_000005,P05,BLUE,V,image_000005.jpg,training/P05/BLUE/V/images/image_000005.jpg,42af498abdece38b543685abaf162df77c3b5e0bf71450a6deff129205ec5090,9544,,,true
P05_BLUE_V_000006,P05,BLUE,V,image_000006.jpg,training/P05/BLUE/V/images/image_000006.jpg,7ee2904d0a04ea2b089394ea588d71036caa4ed3b8f278c44d735717af7cd1ab,9582,,,true
P05_BLUE_V_000007,P05,BLUE,V,image_000007.jpg,training/P05/BLUE/V/images/image_000007.jpg,f18e32fa62735c95f831fff33a7253f6561455bebeafc4eb86669465ab4d1660,9700,,,true
P05_BLUE_V_000008,P05,BLUE,V,image_000008.jpg,training/P05/BLUE/V/images/image_000008.jpg,a70d19ee799c3c92b9e9944df1313918b42e25855905c99e893b43f07eab17f1,10145,,,true
P05_BLUE_V_000009,P05,BLUE,V,image_000009.jpg,training/P05/BLUE/V/images/image_000009.jpg,776bdee939250db3dfba47ebd68d8ab14fa127517dea4e489ec5ae4149649ac3,9236,,,true
P05_BLUE_V_000010,P05,BLUE,V,image_000010.jpg,training/P05/BLUE/V/images/image_000010.jpg,8d68a6a9558f0f95ab420d78b15c076ed26698b13bc1f5567f034ff0798353ba,9863,,,true
P05_BLUE_V_000011,P05,BLUE,V,image_000011.jpg,training/P05/BLUE/V/images/image_000011.jpg,76dd11f0e134cd83407b870181929061314deed4b66cd98a2d86754e29dad1bd,9950,,,true
P05_BLUE_V_000012,P05,BLUE,V,image_000012.jpg,training/P05/BLUE/V/images/image_000012.jpg,7e0e37f3b436caa8f58750cdf6271af7d4a803f4011a4d9d1f6ce21a7737b993,9316,,,true
P05_BLUE_V_000013,P05,BLUE,V,image_000013.jpg,training/P05/BLUE/V/images/image_000013.jpg,64b15d7a812bbf50a62b6983d7ae7e9ac727b481643046888501cce42a84f2eb,9795,,,true
P05_BLUE_V_000014,P05,BLUE,V,image_000014.jpg,training/P05/BLUE/V/images/image_000014.jpg,5b32a369882dad191a57203b0558008a02a2a3a69a6a46a0ef35d651b62cad3c,9542,,,true
P05_BLUE_V_000015,P05,BLUE,V,image_000015.jpg,training/P05/BLUE/V/images/image_000015.jpg,faa251b49eb58b0de2efa00dee23224401a0a5db29418f4c6c780697446116e4,9972,,,true
P05_BLUE_V_000016,P05,BLUE,V,image_000016.jpg,training/P05/BLUE/V/images/image_000016.jpg,c1ecc5a603a8173d8b56ff217fcd3ae0d0d80780d8fceacefd1b1a90a0493cb8,10345,,,true
P05_BLUE_V_000017,P05,BLUE,V,image_000017.jpg,training/P05/BLUE/V/images/image_000017.jpg,15ae71ed7630dec10c72199767e9adb2b3522612e3762f2a915497ec52260109,10192,,,true
P05_BLUE_V_000018,P05,BLUE,V,image_000018.jpg,training/P05/BLUE/V/images/image_000018.jpg,d082df801cc1bc1e7debf6f3aa599473ef33af2aee235fd2b2eb700c1ff821eb,10092,,,true
P05_BLUE_V_000019,P05,BLUE,V,image_000019.jpg,training/P05/BLUE/V/images/image_000019.jpg,86d51643b675956715910387572d9fb121429c90371793ca6602d8037c8a0310,9346,,,true
P05_BLUE_V_000020,P05,BLUE,V,image_000020.jpg,training/P05/BLUE/V/images/image_000020.jpg,1ced47586496429c3ff61372d590c45a8721d99b07724dde2cf129ac558fa511,9964,,,true
P05_BLUE_V_000021,P05,BLUE,V,image_000021.jpg,training/P05/BLUE/V/images/image_000021.jpg,6aca744866162f7d350336d4d61d4a63587637629a6752405da32e8aa08f8a15,10085,,,true
P05_BLUE_V_000022,P05,BLUE,V,image_000022.jpg,training/P05/BLUE/V/images/image_000022.jpg,f9e3d8c85f8ba8ae6da178926e49457c08e616cb3a90fbeb4a2bf73cd397d8ee,9378,,,true
P05_BLUE_V_000023,P05,BLUE,V,image_000023.jpg,training/P05/BLUE/V/images/image_000023.jpg,c8cb4d0b44c8029a807bc9ee79116bee25f07ac102d7d1b78c4b82413bb067fa,10166,,,true
P05_BLUE_V_000024,P05,BLUE,V,image_000024.jpg,training/P05/BLUE/V/images/image_000024.jpg,109d2448f3d33f8719b452b78ca31db24ef3129f5316602db3657b1ed2a9d5f6,10087,,,true
P05_BLUE_V_000025,P05,BLUE,V,image_000025.jpg,training/P05/BLUE/V/images/image_000025.jpg,94626c7962b51a07b3c6b9ad690668774fa5c2bfb35fcd0bbfce91ed8622818d,9408,,,true
P05_BLUE_W_000001,P05,BLUE,W,image_000001.jpg,training/P05/BLUE/W/images/image_000001.jpg,a8179a85c38032fd17b0d172836bcb1f85cf3a02a6ef9b9f887b011a4fd0ac4e,11404,,,true
P05_BLUE_W_000002,P05,BLUE,W,image_000002.jpg,training/P05/BLUE/W/images/image_000002.jpg,09f08818a51943f2691cd503cfe23acc7714b471f37d699be0e7424ad1212154,10692,,,true
P05_BLUE_W_000003,P05,BLUE,W,image_000003.jpg,training/P05/BLUE/W/images/image_000003.jpg,0050123c50640116a29b9b9f1c30e62097c692499e61174a8004988448285952,10719,,,true
P05_BLUE_W_000004,P05,BLUE,W,image_000004.jpg,training/P05/BLUE/W/images/image_000004.jpg,92fe7f830c30c7ec412f787b9b3e2266b97b28340e09373dc9017fdbfb87b670,10672,,,true
P05_BLUE_W_000005,P05,BLUE,W,image_000005.jpg,training/P05/BLUE/W/images/image_000005.jpg,49ec6b9399dddd7044a8e25343631550fab9e5421bf045c11a5f3098652e5f7c,10919,,,true
P05_BLUE_W_000006,P05,BLUE,W,image_000006.jpg,training/P05/BLUE/W/images/image_000006.jpg,32b9e4c70d14aff291753d09bbb0dd301dc089ff42d25c716f9e62b749ebccb2,10431,,,true
P05_BLUE_W_000007,P05,BLUE,W,image_000007.jpg,training/P05/BLUE/W/images/image_000007.jpg,86253907c2657d82203175d47b4fca620e708f2004fab59a3361591ce4207d53,11126,,,true
P05_BLUE_W_000008,P05,BLUE,W,image_000008.jpg,training/P05/BLUE/W/images/image_000008.jpg,8ddaa971c150db8097dbe925bfaef06e2c85e3e526806f1c499eebb6bc94bf0e,10275,,,true
P05_BLUE_W_000009,P05,BLUE,W,image_000009.jpg,training/P05/BLUE/W/images/image_000009.jpg,b968c4587070bef002cdee87d03e1148c9d32f0d879e11e1b6f3ae0a142cec9b,10198,,,true
P05_BLUE_W_000010,P05,BLUE,W,image_000010.jpg,training/P05/BLUE/W/images/image_000010.jpg,c77be34fd052aa9d8d9ca3c0b055927969e70b275d8f58263a59503df3fa181c,10524,,,true
P05_BLUE_W_000011,P05,BLUE,W,image_000011.jpg,training/P05/BLUE/W/images/image_000011.jpg,22c7c434831bff635c081cc0ed280cd4d27db50580eff7741e8ac2260341aa43,10399,,,true
P05_BLUE_W_000012,P05,BLUE,W,image_000012.jpg,training/P05/BLUE/W/images/image_000012.jpg,1d54f3cd4b3e142b78205584a148e99978a0ff2c40549bd7e01df19979dcff13,11082,,,true
P05_BLUE_W_000013,P05,BLUE,W,image_000013.jpg,training/P05/BLUE/W/images/image_000013.jpg,846e67e2ed7ece21ad9ac3e002d4ae3c99af7b8a6a85fe5235b75ce1ab2aaece,11157,,,true
P05_BLUE_W_000014,P05,BLUE,W,image_000014.jpg,training/P05/BLUE/W/images/image_000014.jpg,1370fdbae73b5bacdccc8473785247c8e9c9a19796abd186ee4464dc0c53e2be,10676,,,true
P05_BLUE_W_000015,P05,BLUE,W,image_000015.jpg,training/P05/BLUE/W/images/image_000015.jpg,c62d3f60375d59db910f53209caa75d3084ee2df46e681795a4f9bea05d021b8,9204,,,true
P05_BLUE_W_000016,P05,BLUE,W,image_000016.jpg,training/P05/BLUE/W/images/image_000016.jpg,5eec4c0989122b1df254985a74b0dfedc994a2ec301fd82c74a3a73df0653566,9356,,,true
P05_BLUE_W_000017,P05,BLUE,W,image_000017.jpg,training/P05/BLUE/W/images/image_000017.jpg,6007b25c1d3e19a24becf6bf462c2b86b9154d7841fa31bc84ffc20a843960a8,10301,,,true
P05_BLUE_W_000018,P05,BLUE,W,image_000018.jpg,training/P05/BLUE/W/images/image_000018.jpg,c47cc975673356136fcd2357558e8fc1131d779b1c93c3e2e01d3b278ccbeea0,10766,,,true
P05_BLUE_W_000019,P05,BLUE,W,image_000019.jpg,training/P05/BLUE/W/images/image_000019.jpg,ae8a7ec1d5a498436178906c7740640108595da125ada60c503e8950aba656d0,10558,,,true
P05_BLUE_W_000020,P05,BLUE,W,image_000020.jpg,training/P05/BLUE/W/images/image_000020.jpg,1dcf27a6feaf9a8284e7a2825bccd4320bf3edcd6bc9ac7bfea5a4eb022547bd,11009,,,true
P05_BLUE_W_000021,P05,BLUE,W,image_000021.jpg,training/P05/BLUE/W/images/image_000021.jpg,837e9d76c0243e0f5b91a95a6de0bce594520e499981aeb6b63a0a60fba8e277,10219,,,true
P05_BLUE_W_000022,P05,BLUE,W,image_000022.jpg,training/P05/BLUE/W/images/image_000022.jpg,7580e773fed1ab78800b403b114154159e38c1e048f06bc24d1ee3ebf3f1d55e,11023,,,true
P05_BLUE_W_000023,P05,BLUE,W,image_000023.jpg,training/P05/BLUE/W/images/image_000023.jpg,1a89d0925e8874b2bbabf0f5a726b8b6b15e342e070783a07078fd6ddeeae86a,10635,,,true
P05_BLUE_W_000024,P05,BLUE,W,image_000024.jpg,training/P05/BLUE/W/images/image_000024.jpg,5bdd85387205a5ed4eef2456c3c32aadc48a94ae58e91de58d942f0cb947b4d4,10646,,,true
P05_BLUE_W_000025,P05,BLUE,W,image_000025.jpg,training/P05/BLUE/W/images/image_000025.jpg,683b85a18b03aa0f38175af9abde91f58e9365b57edbb65f7d3b19794d21fc09,10658,,,true
P05_BLUE_Y_000001,P05,BLUE,Y,image_000001.jpg,training/P05/BLUE/Y/images/image_000001.jpg,0aa6d1e1309ffeb196e3dd1ec480ea5186d1e9f13e3168e698b90c91ed985060,10260,,,true
P05_BLUE_Y_000002,P05,BLUE,Y,image_000002.jpg,training/P05/BLUE/Y/images/image_000002.jpg,05a1a5a75475e4de7f6bd830255d875408e0ddfb6dd0e554033ccc7eab374060,10060,,,true
P05_BLUE_Y_000003,P05,BLUE,Y,image_000003.jpg,training/P05/BLUE/Y/images/image_000003.jpg,f338a86b173bfa3fbad8a82a87ec393493878e6fd8bf37984071d67725ae3581,9066,,,true
P05_BLUE_Y_000004,P05,BLUE,Y,image_000004.jpg,training/P05/BLUE/Y/images/image_000004.jpg,2f087244ad335d945f406f7200bfe13a8343f98d96419c57307078c68ceefce8,8868,,,true
P05_BLUE_Y_000005,P05,BLUE,Y,image_000005.jpg,training/P05/BLUE/Y/images/image_000005.jpg,67df694af3ce1d1aaa9a22e9f9183b54320740d44769ac05df6cb814b6f8be6c,9095,,,true
P05_BLUE_Y_000006,P05,BLUE,Y,image_000006.jpg,training/P05/BLUE/Y/images/image_000006.jpg,70860039626d363a45ec1495db4e3ab909c21d84f892a4bcca23706ae2e25e10,9347,,,true
P05_BLUE_Y_000007,P05,BLUE,Y,image_000007.jpg,training/P05/BLUE/Y/images/image_000007.jpg,e4f737f29611397869687f6cd06bcd3835118b6f1a0656cb95a5592695013a8e,9469,,,true
P05_BLUE_Y_000008,P05,BLUE,Y,image_000008.jpg,training/P05/BLUE/Y/images/image_000008.jpg,e414eb0a13a08c466b0109587b9e9fcc83471891ee769fb02d4db4a8bfbb4a77,9996,,,true
P05_BLUE_Y_000009,P05,BLUE,Y,image_000009.jpg,training/P05/BLUE/Y/images/image_000009.jpg,a4cc16f6d9d1c6b43aa44471092e7728f20a0a717a8750728941e6cfc92a0d19,9059,,,true
P05_BLUE_Y_000010,P05,BLUE,Y,image_000010.jpg,training/P05/BLUE/Y/images/image_000010.jpg,500abe1f8ce0daf8d2a11000736d7b999f0f13456d1bc1b1245b0d5b1ad3a888,9829,,,true
P05_BLUE_Y_000011,P05,BLUE,Y,image_000011.jpg,training/P05/BLUE/Y/images/image_000011.jpg,2ec469e97ddc658b874a0a0f231234549ce408dad7a32ad86ee4a2ab704ffa0e,9546,,,true
P05_BLUE_Y_000012,P05,BLUE,Y,image_000012.jpg,training/P05/BLUE/Y/images/image_000012.jpg,39aa6e347759b0464741d28b883f264f92b5e0ead556ad69323a3bc9710cabad,9360,,,true
P05_BLUE_Y_000013,P05,BLUE,Y,image_000013.jpg,training/P05/BLUE/Y/images/image_000013.jpg,d0929551a66cb493790b379902250cc2954c003cb21f2c97c18452cd3a532139,9860,,,true
P05_BLUE_Y_000014,P05,BLUE,Y,image_000014.jpg,training/P05/BLUE/Y/images/image_000014.jpg,204d242cbc90adf517658ef2f29cf0eabe92c29becffd6544790c561559c592d,9534,,,true
P05_BLUE_Y_000015,P05,BLUE,Y,image_000015.jpg,training/P05/BLUE/Y/images/image_000015.jpg,0c5fabe571e8d98dd93efe994bc9e58ad46b5a9bd8eb2a98a3f2f14c52d1c817,8866,,,true
P05_BLUE_Y_000016,P05,BLUE,Y,image_000016.jpg,training/P05/BLUE/Y/images/image_000016.jpg,72fbb914c4608fe8685f91ec62efba12e5f0b28aa8d06d823985eb13217b1d5e,9365,,,true
P05_BLUE_Y_000017,P05,BLUE,Y,image_000017.jpg,training/P05/BLUE/Y/images/image_000017.jpg,f66315b8639642a26dfe3c9ffc9befc45dbca81e8986b0b673e159450490eed1,9642,,,true
P05_BLUE_Y_000018,P05,BLUE,Y,image_000018.jpg,training/P05/BLUE/Y/images/image_000018.jpg,a0965a8a3fcf122d2d43867bc1acc0cb9da0bff66a1add30922edf376caaf20c,9606,,,true
P05_BLUE_Y_000019,P05,BLUE,Y,image_000019.jpg,training/P05/BLUE/Y/images/image_000019.jpg,6ca3eda46d4ab34bfc675065b85ff9f9da0bae998dc1035ca4e869cccb2ebded,9118,,,true
P05_BLUE_Y_000020,P05,BLUE,Y,image_000020.jpg,training/P05/BLUE/Y/images/image_000020.jpg,24e146b7c9761d9c1b8c0cc6e53e35624d38debebffe2f7d12aa7a8dec638fe7,9317,,,true
P05_BLUE_Y_000021,P05,BLUE,Y,image_000021.jpg,training/P05/BLUE/Y/images/image_000021.jpg,952e6c91ca2cce62bc87fbf61a365bdfb9928a4c72cf0f0c80413abd1d6886ac,10314,,,true
P05_BLUE_Y_000022,P05,BLUE,Y,image_000022.jpg,training/P05/BLUE/Y/images/image_000022.jpg,599562af4faa6bcb869ec3c4f2cf6be2a42482e789981faa9998ad05ac8ff15d,9883,,,true
P05_BLUE_Y_000023,P05,BLUE,Y,image_000023.jpg,training/P05/BLUE/Y/images/image_000023.jpg,28bc6af334dda31f75707bc8fe03d5f0fd104ce59987ddccf5e9da628c293c35,9229,,,true
P05_BLUE_Y_000024,P05,BLUE,Y,image_000024.jpg,training/P05/BLUE/Y/images/image_000024.jpg,0e7b53c68784809067f6a529cbccfc7ed62e1d675b5b69f5d5b1857209897072,8991,,,true
P05_BLUE_Y_000025,P05,BLUE,Y,image_000025.jpg,training/P05/BLUE/Y/images/image_000025.jpg,4a09a94a425f48ad705a7821d14095c2d7cf80c129c7d678949c26095a8c34b7,9810,,,true
