image_id,public_subject_id,background,gesture_id,filename,relative_path,sha256,size_bytes,width,height,input_is_mirrored
P01_BLUE_A_000001,P01,BLUE,A,image_000001.jpg,training/P01/BLUE/A/images/image_000001.jpg,bec74523dff7846692c36501b36c572ebcf321e29547e025d63c5aaa0ce3154a,10060,,,true
P01_BLUE_A_000002,P01,BLUE,A,image_000002.jpg,training/P01/BLUE/A/images/image_000002.jpg,4be039a30685755d75ebaecef0b99757ead6c1853fb96144bab2212334e7c38a,10090,,,true
P01_BLUE_A_000003,P01,BLUE,A,image_000003.jpg,training/P01/BLUE/A/images/image_000003.jpg,70f1d164e46b68e1381cf859f48780aa784c6d3701b6e2afcdbf5e5ea17fe423,10093,,,true
P01_BLUE_A_000004,P01,BLUE,A,image_000004.jpg,training/P01/BLUE/A/images/image_000004.jpg,5e3f86e59661e0491c242ff15251856d60d9a5011b9d7c6be8ce6aa58e88e821,10004,,,true
P01_BLUE_A_000005,P01,BLUE,A,image_000005.jpg,training/P01/BLUE/A/images/image_000005.jpg,36d75d563fde7e4fe2d5df6a85ecd29bb0fd9a89adcbc454103ad9afd750675d,9793,,,true
P01_BLUE_A_000006,P01,BLUE,A,image_000006.jpg,training/P01/BLUE/A/images/image_000006.jpg,3254db6cb3a458cfbed2372249f240682efb162bee093f7a71240f63ab111f4a,10078,,,true
P01_BLUE_A_000007,P01,BLUE,A,image_000007.jpg,training/P01/BLUE/A/images/image_000007.jpg,8cad2f81f7bb29281ecf984c9b50752aa560694cbe649eb9f847fbf219286dd8,10061,,,true
P01_BLUE_A_000008,P01,BLUE,A,image_000008.jpg,training/P01/BLUE/A/images/image_000008.jpg,c00918475fddd77705f9f8e73b9a294ce10a4e86d210dbd0a1a0e5a6dc7ac20c,9976,,,true
P01_BLUE_A_000009,P01,BLUE,A,image_000009.jpg,training/P01/BLUE/A/images/image_000009.jpg,29e159e944857ddc7e15589e7b8d2038615acf889bcd1a2a60a5d924ffa00257,9832,,,true
P01_BLUE_A_000010,P01,BLUE,A,image_000010.jpg,training/P01/BLUE/A/images/image_000010.jpg,98a9a97c27f2ea74ca8974f1189f63d03971b14b22744f5022ec78d998cceb8b,9746,,,true
P01_BLUE_A_000011,P01,BLUE,A,image_000011.jpg,training/P01/BLUE/A/images/image_000011.jpg,39cdc04e10ae48e96a264eb2a5de4da865815610b3c9da85c61f07354d0306b3,9876,,,true
P01_BLUE_A_000012,P01,BLUE,A,image_000012.jpg,training/P01/BLUE/A/images/image_000012.jpg,bf2b17ec50fb4541ca79ab260848b1ac59bc2d3f96212c12677bf22abb96d943,9948,,,true
P01_BLUE_A_000013,P01,BLUE,A,image_000013.jpg,training/P01/BLUE/A/images/image_000013.jpg,42d748b2011600eefd0f3471613c941f45c392e9bc6792d2d2bd60e5d29a4945,9984,,,true
P01_BLUE_A_000014,P01,BLUE,A,image_000014.jpg,training/P01/BLUE/A/images/image_000014.jpg,2047501465bc31e01d0d0500a97f57d4fdcf931610dee44e4f103c1aced30c8c,9862,,,true
P01_BLUE_A_000015,P01,BLUE,A,image_000015.jpg,training/P01/BLUE/A/images/image_000015.jpg,32a2b5687f355fcced66190cd12cd9df18a0d7c101d4ff582676c35494054b6e,10007,,,true
P01_BLUE_A_000016,P01,BLUE,A,image_000016.jpg,training/P01/BLUE/A/images/image_000016.jpg,f5dc476af7de7aa2adf6a7c5efd8a4d99c8ed07661f64fed80a965e775ea8126,9994,,,true
P01_BLUE_A_000017,P01,BLUE,A,image_000017.jpg,training/P01/BLUE/A/images/image_000017.jpg,338e960ed401110fd9f5013a86505c588e6c8bda6d0d5aff7083b53f8d70670b,9884,,,true
P01_BLUE_A_000018,P01,BLUE,A,image_000018.jpg,training/P01/BLUE/A/images/image_000018.jpg,d640845242a1fc7918e3af9d0eddc788f0dd8ec13d9074407314b85abfe6d603,10026,,,true
P01_BLUE_A_000019,P01,BLUE,A,image_000019.jpg,training/P01/BLUE/A/images/image_000019.jpg,290b61d8731f71f36a9d608c4d3c92a3341c0dd567d34cb1da8f0d8fc03f89aa,10211,,,true
P01_BLUE_A_000020,P01,BLUE,A,image_000020.jpg,training/P01/BLUE/A/images/image_000020.jpg,262a826aca0583556b59d15a851a2c21b204599bd4b0cec226de01635e1d8b0d,10193,,,true
P01_BLUE_A_000021,P01,BLUE,A,image_000021.jpg,training/P01/BLUE/A/images/image_000021.jpg,47bb829a530de521353dcefc472dc34e6b612057abefeeb2327d0ddab2cc9966,10390,,,true
P01_BLUE_A_000022,P01,BLUE,A,image_000022.jpg,training/P01/BLUE/A/images/image_000022.jpg,7be2822a86ce9798149eefd89ad406e4629d0a785f29548421824fafdabb17da,10418,,,true
P01_BLUE_A_000023,P01,BLUE,A,image_000023.jpg,training/P01/BLUE/A/images/image_000023.jpg,c941fc10d287233d913d32896a5bddb9a36aad6a63aa2b81c8752a7060ffa034,10495,,,true
P01_BLUE_A_000024,P01,BLUE,A,image_000024.jpg,training/P01/BLUE/A/images/image_000024.jpg,ebc1124ec386f7a742ac98f8c9db4d8e5f355c9ffbe0204d865fe2a1266c5dc9,10361,,,true
P01_BLUE_A_000025,P01,BLUE,A,image_000025.jpg,training/P01/BLUE/A/images/image_000025.jpg,fa364f4cf2d0e8d9cb9796dd4c83b7f6161ec20e5dce86e26c3300b14cb0b414,10552,,,true
P01_BLUE_B_000001,P01,BLUE,B,image_000001.jpg,training/P01/BLUE/B/images/image_000001.jpg,0e13c9fc7cded394839aa64e0f9362a17eb9f53c0fb8e14ed6c32605f7a742a7,9826,,,true
P01_BLUE_B_000002,P01,BLUE,B,image_000002.jpg,training/P01/BLUE/B/images/image_000002.jpg,12d86e94a4b78b8348a3a63561cd91c301c06579b2bd2d6575a534582cbc1c2a,9977,,,true
P01_BLUE_B_000003,P01,BLUE,B,image_000003.jpg,training/P01/BLUE/B/images/image_000003.jpg,9b7c668be37df974a2f6c556564b58111fd01289e8e318d7b7c693a587fbd1fa,10211,,,true
P01_BLUE_B_000004,P01,BLUE,B,image_000004.jpg,training/P01/BLUE/B/images/image_000004.jpg,aa8a0c09e7fe4cf450d173eefc78946d28d704fa7c3f8ada835f9902de7fe221,10168,,,true
P01_BLUE_B_000005,P01,BLUE,B,image_000005.jpg,training/P01/BLUE/B/images/image_000005.jpg,04f94f89e82b19a855bea7bb96b393e96e46864a5b112299276141cf4507fed9,10102,,,true
P01_BLUE_B_000006,P01,BLUE,B,image_000006.jpg,training/P01/BLUE/B/images/image_000006.jpg,b7d735affb736dddf2483de38397aa5627ae133a8b4838653908b9f00483ce56,10323,,,true
P01_BLUE_B_000007,P01,BLUE,B,image_000007.jpg,training/P01/BLUE/B/images/image_000007.jpg,048b905294b2f08a56c142e3eabde6c5ebe9573294ae2d4c6e361e8a5403c483,10326,,,true
P01_BLUE_B_000008,P01,BLUE,B,image_000008.jpg,training/P01/BLUE/B/images/image_000008.jpg,5d13ab6f3b3d1631fe7b5db9f14e33dbf54f877229b81e78a5144ccf376580a1,10013,,,true
P01_BLUE_B_000009,P01,BLUE,B,image_000009.jpg,training/P01/BLUE/B/images/image_000009.jpg,16f69a054ea525a5257fd36d992672cc6f339ab1b73c5cdf2f7e337b81567656,9866,,,true
P01_BLUE_B_000010,P01,BLUE,B,image_000010.jpg,training/P01/BLUE/B/images/image_000010.jpg,08a54fb1c3e2b39697d09234055f0df91897a40a509133ce73d5f35acb439032,9793,,,true
P01_BLUE_B_000011,P01,BLUE,B,image_000011.jpg,training/P01/BLUE/B/images/image_000011.jpg,a435edf17a10765c471dcb141d12e83316cf941d470353bb68de6b5e7789795b,10038,,,true
P01_BLUE_B_000012,P01,BLUE,B,image_000012.jpg,training/P01/BLUE/B/images/image_000012.jpg,a72bb31b9b3ff2c42b3ce02dcd1de47400aaa4197ff08872ad0b234ef98888ab,10009,,,true
P01_BLUE_B_000013,P01,BLUE,B,image_000013.jpg,training/P01/BLUE/B/images/image_000013.jpg,f5ef8face6482ebb1fa97ae3db5284a31abcfe33ac5e1c4f7fb229afb051ee0a,10015,,,true
P01_BLUE_B_000014,P01,BLUE,B,image_000014.jpg,training/P01/BLUE/B/images/image_000014.jpg,a10d2efd813d9b8f732e835a94afff6881b87abfab430d356ef8655bbd5eb449,10120,,,true
P01_BLUE_B_000015,P01,BLUE,B,image_000015.jpg,training/P01/BLUE/B/images/image_000015.jpg,fad49d5a489a716077eb98d4a36188928aecf0bb7bc3501eb34419ee0c57d0d7,10116,,,true
P01_BLUE_B_000016,P01,BLUE,B,image_000016.jpg,training/P01/BLUE/B/images/image_000016.jpg,f0595633fbdc99f10ce7ef18ed8896644490c277ad49d0aa719d1977e5918cba,9992,,,true
P01_BLUE_B_000017,P01,BLUE,B,image_000017.jpg,training/P01/BLUE/B/images/image_000017.jpg,84372594b85590320126d4938a7e66ba900fd403b9923f20407976c432563032,9923,,,true
P01_BLUE_B_000018,P01,BLUE,B,image_000018.jpg,training/P01/BLUE/B/images/image_000018.jpg,f7c56e711b096b23a06582e8410af765cc163ba8948f924ce4d18f68c973a227,9807,,,true
P01_BLUE_B_000019,P01,BLUE,B,image_000019.jpg,training/P01/BLUE/B/images/image_000019.jpg,9d988d0759d55829c95c4ef254c7954afa3e2583768be75834e1f2081b2afcbd,9849,,,true
P01_BLUE_B_000020,P01,BLUE,B,image_000020.jpg,training/P01/BLUE/B/images/image_000020.jpg,52d300a76f3b426c932fb4e45526c159941dfb86481f3e9eeb9feb883a52a1a1,9791,,,true
P01_BLUE_B_000021,P01,BLUE,B,image_000021.jpg,training/P01/BLUE/B/images/image_000021.jpg,39265fcc8962b3c733c8c9989bbfe2d9bb490cb7fa5f4a89cfb1cc80166d47c1,9937,,,true
P01_BLUE_B_000022,P01,BLUE,B,image_000022.jpg,training/P01/BLUE/B/images/image_000022.jpg,6e4b856c0ad334de4d050a40f0b7a1bc1dac6f6ec52431ba671ee660415d93c7,9865,,,true
P01_BLUE_B_000023,P01,BLUE,B,image_000023.jpg,training/P01/BLUE/B/images/image_000023.jpg,9b5d74036e410f1fab9750762c638db30f38eff9c5977b963ca2f4bc380ac775,9763,,,true
P01_BLUE_B_000024,P01,BLUE,B,image_000024.jpg,training/P01/BLUE/B/images/image_000024.jpg,19761f114740f8c6f94ab0e1d5da19646d57494501fec916b89b6d73472b112d,9844,,,true
P01_BLUE_B_000025,P01,BLUE,B,image_000025.jpg,training/P01/BLUE/B/images/image_000025.jpg,65348bea9764818da72c128618bf9710a94b5652c8ca74a5500cf93b381d98bb,9982,,,true
P01_BLUE_C_000001,P01,BLUE,C,image_000001.jpg,training/P01/BLUE/C/images/image_000001.jpg,718b6bc943e23681e8b51c2f1dcb42cfa125d4710f4bcb4c45d8e2e659d8bf0d,10551,,,true
P01_BLUE_C_000002,P01,BLUE,C,image_000002.jpg,training/P01/BLUE/C/images/image_000002.jpg,14ebd5ef669c39afd04eee547feee7b747d0af937387efe7b1b6b6b1942ef0bb,10259,,,true
P01_BLUE_C_000003,P01,BLUE,C,image_000003.jpg,training/P01/BLUE/C/images/image_000003.jpg,f9839d225f45757ad9c5abef9011e6b371f9f62a4d2c1d6af8c78163d8bec1b5,10025,,,true
P01_BLUE_C_000004,P01,BLUE,C,image_000004.jpg,training/P01/BLUE/C/images/image_000004.jpg,2f31a2c26b34e3072dbfc81ee0b9a7e9128dba1c3e2a45208e480dab8acee1d7,10196,,,true
P01_BLUE_C_000005,P01,BLUE,C,image_000005.jpg,training/P01/BLUE/C/images/image_000005.jpg,1e9630e595b78d8d26f3ec34fdfac19e1973a116c90e3219c2ed0aa4b713f48f,10765,,,true
P01_BLUE_C_000006,P01,BLUE,C,image_000006.jpg,training/P01/BLUE/C/images/image_000006.jpg,f986268e27e82b25d9598e6e9658e19b9fc90473083677fa6d29de09760a9ca9,10829,,,true
P01_BLUE_C_000007,P01,BLUE,C,image_000007.jpg,training/P01/BLUE/C/images/image_000007.jpg,ce16563c391619d3d9564ef1570cfa4476c7a83dda4937e1c4c6f90beb6afcc9,10580,,,true
P01_BLUE_C_000008,P01,BLUE,C,image_000008.jpg,training/P01/BLUE/C/images/image_000008.jpg,a4ed04b15376dd5397c24442a22855161bf5319c9c4280404bff612687e2d704,10383,,,true
P01_BLUE_C_000009,P01,BLUE,C,image_000009.jpg,training/P01/BLUE/C/images/image_000009.jpg,06a3fa242be8a532f370ef2429b4c39bbc52b6e908b71b30666b145d7329f332,10349,,,true
P01_BLUE_C_000010,P01,BLUE,C,image_000010.jpg,training/P01/BLUE/C/images/image_000010.jpg,52647ccc9ede2a8639185cc3ad4dbe85c3c225accf5844408e027807a96e9131,10187,,,true
P01_BLUE_C_000011,P01,BLUE,C,image_000011.jpg,training/P01/BLUE/C/images/image_000011.jpg,fd58b71ada1f30fcd6b770c8c3d37c28b8d23e0c17ccdf8272860d3f56f960b8,10301,,,true
P01_BLUE_C_000012,P01,BLUE,C,image_000012.jpg,training/P01/BLUE/C/images/image_000012.jpg,09df95187dd98910e87fcf7e0db5cfc31dfc220c552a3abdd9181f8a42ab1f11,10470,,,true
P01_BLUE_C_000013,P01,BLUE,C,image_000013.jpg,training/P01/BLUE/C/images/image_000013.jpg,23d2946de96e0126cc3ab6db5cce595e160066ca8b4dbe924e6743a32f98c76b,10309,,,true
P01_BLUE_C_000014,P01,BLUE,C,image_000014.jpg,training/P01/BLUE/C/images/image_000014.jpg,afddb3bdede211afcc882ce78405f7ce8eed77638277310c85034d16f15705ce,10312,,,true
P01_BLUE_C_000015,P01,BLUE,C,image_000015.jpg,training/P01/BLUE/C/images/image_000015.jpg,92f46daea8c149ad8b2e5946e84ce8c9c1483e426bb3796561b0d7a94522ca5a,10222,,,true
P01_BLUE_C_000016,P01,BLUE,C,image_000016.jpg,training/P01/BLUE/C/images/image_000016.jpg,67dc70809d39d99044f921cc69120b1b58d01e937279d10e809486058359b990,10333,,,true
P01_BLUE_C_000017,P01,BLUE,C,image_000017.jpg,training/P01/BLUE/C/images/image_000017.jpg,f4a81c4b876ef095c0a12d15204bad3f81dc20f02512f1bd081bd4a38f52ebad,10697,,,true
P01_BLUE_C_000018,P01,BLUE,C,image_000018.jpg,training/P01/BLUE/C/images/image_000018.jpg,2e70475b0fb87c7446f4af2e27516cf229d8fa342a593ea94ce7957b89f41d73,10360,,,true
P01_BLUE_C_000019,P01,BLUE,C,image_000019.jpg,training/P01/BLUE/C/images/image_000019.jpg,b2c79c3a8bb763173144ba2832e1f4d862586f8bea7b681ce4d44cf9fb389eab,10398,,,true
P01_BLUE_C_000020,P01,BLUE,C,image_000020.jpg,training/P01/BLUE/C/images/image_000020.jpg,b9bf6f09ca2ddfa3b669657f7eaf27683d3dc1e36ebc09824c24dcfeb547bc49,10414,,,true
P01_BLUE_C_000021,P01,BLUE,C,image_000021.jpg,training/P01/BLUE/C/images/image_000021.jpg,a6013ab852ed2faff64d02bb316e49330c9d10e72920401d590118a01d26a1d1,10528,,,true
P01_BLUE_C_000022,P01,BLUE,C,image_000022.jpg,training/P01/BLUE/C/images/image_000022.jpg,604ece39eaa052a108055926b1c6fc73b363ff0210ca016408fa9adc7891bf03,10627,,,true
P01_BLUE_C_000023,P01,BLUE,C,image_000023.jpg,training/P01/BLUE/C/images/image_000023.jpg,bbd647df066561b4ea468ad4dbf6d1a181e9ec92515834b4e7e877a07bdcda53,10383,,,true
P01_BLUE_C_000024,P01,BLUE,C,image_000024.jpg,training/P01/BLUE/C/images/image_000024.jpg,9a57a590e4b9f6f4728166db0f74a4c97a328953e804c527bf60cb55f6abaf9f,9801,,,true
P01_BLUE_C_000025,P01,BLUE,C,image_000025.jpg,training/P01/BLUE/C/images/image_000025.jpg,e76a7fa9a62d4a76e27b9d59fe4ce270f55531937dc3323b1a3710084e29446a,9755,,,true
P01_BLUE_E_000001,P01,BLUE,E,image_000001.jpg,training/P01/BLUE/E/images/image_000001.jpg,38eaeb7828b938c1ac86635649ab73442bb20bfca45d5a76de57df99e29dc4a1,10263,,,true
P01_BLUE_E_000002,P01,BLUE,E,image_000002.jpg,training/P01/BLUE/E/images/image_000002.jpg,f8f9cc76ca778529970b21728a2cde98e4ba0e2e9123fc79f7c92d1ea2c8c2bd,10389,,,true
P01_BLUE_E_000003,P01,BLUE,E,image_000003.jpg,training/P01/BLUE/E/images/image_000003.jpg,4d97237b05377284fb964be5aefe5af60e24328973d6ff621f2e85d88aae3593,10235,,,true
P01_BLUE_E_000004,P01,BLUE,E,image_000004.jpg,training/P01/BLUE/E/images/image_000004.jpg,6e5b615d6b2cd1e89965c2830efc603850024c1bcd9b6bb9eb36c48bc6c5e9ac,10387,,,true
P01_BLUE_E_000005,P01,BLUE,E,image_000005.jpg,training/P01/BLUE/E/images/image_000005.jpg,eb6858b83f79f48922eec9a35653f626e5511425750f9fc8152a01cc5204ac06,9996,,,true
P01_BLUE_E_000006,P01,BLUE,E,image_000006.jpg,training/P01/BLUE/E/images/image_000006.jpg,ef78fa4dc0a932e1c84688d436d2d84ba853f4a2ed27ab59258c00022a74aa71,10203,,,true
P01_BLUE_E_000007,P01,BLUE,E,image_000007.jpg,training/P01/BLUE/E/images/image_000007.jpg,215dcdbc1e8f363dcc2bba88aad088fdcc5f8fe43eb56690564981a5a2377448,10261,,,true
P01_BLUE_E_000008,P01,BLUE,E,image_000008.jpg,training/P01/BLUE/E/images/image_000008.jpg,b58468d2dbc7f71ef194c81e220cf35966d9331b72c8577eff523b8917b8d888,10060,,,true
P01_BLUE_E_000009,P01,BLUE,E,image_000009.jpg,training/P01/BLUE/E/images/image_000009.jpg,16c32c87f269b09a5bb69d8141c3539f6c901af5a1762d6ebd35bf7ef9c93361,10461,,,true
P01_BLUE_E_000010,P01,BLUE,E,image_000010.jpg,training/P01/BLUE/E/images/image_000010.jpg,7450ba482b1c8eeda11d67ae339f46f45de5c02b7932f16d11d6cb7938530358,10364,,,true
P01_BLUE_E_000011,P01,BLUE,E,image_000011.jpg,training/P01/BLUE/E/images/image_000011.jpg,30aeed063a6c198070876e9b20410cd9a34c9fb6aeabc8b37311e02b4acda0f4,10615,,,true
P01_BLUE_E_000012,P01,BLUE,E,image_000012.jpg,training/P01/BLUE/E/images/image_000012.jpg,c9cc87719b19c3ec6ede3591e9ed73894384140f9beca07f1735b8788782f1d5,10379,,,true
P01_BLUE_E_000013,P01,BLUE,E,image_000013.jpg,training/P01/BLUE/E/images/image_000013.jpg,dd3e6ea58e94ff8a5c4e563f599d75300e1cef33e11ae9c3f99625e9ad3183ea,10593,,,true
P01_BLUE_E_000014,P01,BLUE,E,image_000014.jpg,training/P01/BLUE/E/images/image_000014.jpg,eef32e7dcb6d48026a32719ee221eb6fe70eb472b5b49b766918b9b9e283acfc,10645,,,true
P01_BLUE_E_000015,P01,BLUE,E,image_000015.jpg,training/P01/BLUE/E/images/image_000015.jpg,6f0a8d7d688902d901bfe169f7bf661ecba725027a952f63e29ab4db0fc40fe4,10585,,,true
P01_BLUE_E_000016,P01,BLUE,E,image_000016.jpg,training/P01/BLUE/E/images/image_000016.jpg,2c43c4fd1483c0fb21fc1c3db72e2b0fefdc5f0fab2515eedfe25117f74767fe,10446,,,true
P01_BLUE_E_000017,P01,BLUE,E,image_000017.jpg,training/P01/BLUE/E/images/image_000017.jpg,49ee17a0d798daf5cfc4b9b403e1de4d68af5d4d9fc300c386b524670ff2bd01,10396,,,true
P01_BLUE_E_000018,P01,BLUE,E,image_000018.jpg,training/P01/BLUE/E/images/image_000018.jpg,05e350059eb3c07df6a0cdd7697702243f3022bd68980c8f30e39d2c1c7a7571,10546,,,true
P01_BLUE_E_000019,P01,BLUE,E,image_000019.jpg,training/P01/BLUE/E/images/image_000019.jpg,e1d5408a34147b0c57d505cd282a28ec17f9b37ec23133fa90b7b0cb8d2782ef,10543,,,true
P01_BLUE_E_000020,P01,BLUE,E,image_000020.jpg,training/P01/BLUE/E/images/image_000020.jpg,6de3405080866678bf4dddc3d3d72c51870096b64b601f04b51d3730510f43d4,10490,,,true
P01_BLUE_E_000021,P01,BLUE,E,image_000021.jpg,training/P01/BLUE/E/images/image_000021.jpg,0617ab36270b84a9768b228a1bc1cc9d503d02b747c25d13f50085773a7f3b13,10785,,,true
P01_BLUE_E_000022,P01,BLUE,E,image_000022.jpg,training/P01/BLUE/E/images/image_000022.jpg,1dd682c76fbf13bbb0fb73cfff5bc73a83b8f4726f90c364ba739251041dcb79,10764,,,true
P01_BLUE_E_000023,P01,BLUE,E,image_000023.jpg,training/P01/BLUE/E/images/image_000023.jpg,2accd8311e7f4ae9abf86be69920b12228f4e5b43aa72c5cd08ca514d64f12a2,10648,,,true
P01_BLUE_E_000024,P01,BLUE,E,image_000024.jpg,training/P01/BLUE/E/images/image_000024.jpg,c4d405727fa99cf70bf69a02fdb0f547ce2a273cb0da1ec8b25352fb7128b607,10677,,,true
P01_BLUE_E_000025,P01,BLUE,E,image_000025.jpg,training/P01/BLUE/E/images/image_000025.jpg,6016fb28a4ae6da6cc8c7046f44014871e35c4eee3ca8197cc16ac041126559f,10731,,,true
P01_BLUE_I_000001,P01,BLUE,I,image_000001.jpg,training/P01/BLUE/I/images/image_000001.jpg,15bb3a1a4fe3d107a476d63f7942f678a8d403506bbbeb7eef37727f673108a8,10222,,,true
P01_BLUE_I_000002,P01,BLUE,I,image_000002.jpg,training/P01/BLUE/I/images/image_000002.jpg,98f3107bc40bd5c79c25dfa37b9da2f4865a591e7d2241498f60e230d9d42ccd,10310,,,true
P01_BLUE_I_000003,P01,BLUE,I,image_000003.jpg,training/P01/BLUE/I/images/image_000003.jpg,5e2d922afe1ca7819fe3f694f40830d5acbcf9fd95f57a7b7e898fe1556aba9b,10044,,,true
P01_BLUE_I_000004,P01,BLUE,I,image_000004.jpg,training/P01/BLUE/I/images/image_000004.jpg,8255def9154dc10de7e8a4db5d90549e721b495a24c284f77698d65977e40589,10038,,,true
P01_BLUE_I_000005,P01,BLUE,I,image_000005.jpg,training/P01/BLUE/I/images/image_000005.jpg,a0627ddbd7814b53ef5f6df8b4d1615aa88aaf2e6d0d1520896d478a28b7e9bc,10188,,,true
P01_BLUE_I_000006,P01,BLUE,I,image_000006.jpg,training/P01/BLUE/I/images/image_000006.jpg,4b7f204866f31bce7e7a4bfb87f2147ed5d998a141e83f0ec2171d9ba6972fa3,10322,,,true
P01_BLUE_I_000007,P01,BLUE,I,image_000007.jpg,training/P01/BLUE/I/images/image_000007.jpg,74b3d8fa47fd2f7113e4a7abe9e158af149695b9c4f135d84825de45e379e9da,10241,,,true
P01_BLUE_I_000008,P01,BLUE,I,image_000008.jpg,training/P01/BLUE/I/images/image_000008.jpg,9dac7798c30329d7a41a2b248499e6ad640cd364141f6d346c1bbe2d3a2e2260,10134,,,true
P01_BLUE_I_000009,P01,BLUE,I,image_000009.jpg,training/P01/BLUE/I/images/image_000009.jpg,e93f8202ec30a0090d2da40f0c9153dbe8de031e9676108ca761d3e48a400b8c,10417,,,true
P01_BLUE_I_000010,P01,BLUE,I,image_000010.jpg,training/P01/BLUE/I/images/image_000010.jpg,7ae2a98101d1363b559e47c0f8c03e4a492a930ee8f269526c1476369d1804fb,10422,,,true
P01_BLUE_I_000011,P01,BLUE,I,image_000011.jpg,training/P01/BLUE/I/images/image_000011.jpg,7ef38932aa6ae8c0b3cd21393d16ecbacb43e73cf530aa84964e2ff9228d9c33,10362,,,true
P01_BLUE_I_000012,P01,BLUE,I,image_000012.jpg,training/P01/BLUE/I/images/image_000012.jpg,f7a33835d7851dec225bf2b69b57ae54631a391ad98c9bfa5cf708de0afdc520,10489,,,true
P01_BLUE_I_000013,P01,BLUE,I,image_000013.jpg,training/P01/BLUE/I/images/image_000013.jpg,2d217488f47bb2620549bff1ec14392247fcddda8ba258a58f75688f669b91a2,10186,,,true
P01_BLUE_I_000014,P01,BLUE,I,image_000014.jpg,training/P01/BLUE/I/images/image_000014.jpg,5b491ffb96fafed47b73321b44196f32fd111641f91378714f7cc96b689440a2,10050,,,true
P01_BLUE_I_000015,P01,BLUE,I,image_000015.jpg,training/P01/BLUE/I/images/image_000015.jpg,604d6bb11b435d6d62a55d7a2b3ff2a0938e21d9b6fd644ae42423fadbd11730,10183,,,true
P01_BLUE_I_000016,P01,BLUE,I,image_000016.jpg,training/P01/BLUE/I/images/image_000016.jpg,fbe518924e6627fb6974f492a361f9fa3d5bf58835aad7cdb158e50d6dc9459d,10365,,,true
P01_BLUE_I_000017,P01,BLUE,I,image_000017.jpg,training/P01/BLUE/I/images/image_000017.jpg,0d220bdee2a6653dd05c86646aabbca32526f5b846f04215e1e1df2db4f96632,10244,,,true
P01_BLUE_I_000018,P01,BLUE,I,image_000018.jpg,training/P01/BLUE/I/images/image_000018.jpg,909eeaa12c91d3ca1cf3a7ae6c35bfec53e968c5be571b6eaad47fd295c4ebcc,10227,,,true
P01_BLUE_I_000019,P01,BLUE,I,image_000019.jpg,training/P01/BLUE/I/images/image_000019.jpg,6a3865ff96fa09abcd136ae77f5af315f3e1d762770a7507deb029d1f4f0a554,10064,,,true
P01_BLUE_I_000020,P01,BLUE,I,image_000020.jpg,training/P01/BLUE/I/images/image_000020.jpg,ed5967255625b2542abbdce52aa70008d299b7c07c0afffef7377ce2e15774cc,10315,,,true
P01_BLUE_I_000021,P01,BLUE,I,image_000021.jpg,training/P01/BLUE/I/images/image_000021.jpg,9c43224781f0a6787c5cc582528345c2c81e46eff32347531c85aa9cfb29cc54,10384,,,true
P01_BLUE_I_000022,P01,BLUE,I,image_000022.jpg,training/P01/BLUE/I/images/image_000022.jpg,8877571847cbd2fd9a44d80fa23b3ea7f6453fd0a582a6d41846ac4a87af7928,10068,,,true
P01_BLUE_I_000023,P01,BLUE,I,image_000023.jpg,training/P01/BLUE/I/images/image_000023.jpg,4c05285bac389b53c629a21416c075e19b1f2b3dc85608be8fab7445e0fa6fab,10202,,,true
P01_BLUE_I_000024,P01,BLUE,I,image_000024.jpg,training/P01/BLUE/I/images/image_000024.jpg,94d2e5b7c1a425fb6f043f33ddd2af2813a4d18e78163148dbe8de35fab21b83,10456,,,true
P01_BLUE_I_000025,P01,BLUE,I,image_000025.jpg,training/P01/BLUE/I/images/image_000025.jpg,ff22baeb32f20adcfb50281a840a56f1d2b2ff11d41a0705efde1e9c5ce284a8,10394,,,true
P01_BLUE_L_000001,P01,BLUE,L,image_000001.jpg,training/P01/BLUE/L/images/image_000001.jpg,4f0a12f7cef26c595c0351e0d9b69291ab2e2b927ab1112548185fcd9d701b7f,10711,,,true
P01_BLUE_L_000002,P01,BLUE,L,image_000002.jpg,training/P01/BLUE/L/images/image_000002.jpg,87b4d95c42c0f0cb0be688c7ddb148cc72f6caf2b55b5ea587bc28a8a7a0924b,10826,,,true
P01_BLUE_L_000003,P01,BLUE,L,image_000003.jpg,training/P01/BLUE/L/images/image_000003.jpg,85b2f2963326761a96b44ff8d9ed016135a1e37f4e634b073daad30810bd4061,10747,,,true
P01_BLUE_L_000004,P01,BLUE,L,image_000004.jpg,training/P01/BLUE/L/images/image_000004.jpg,6ecc0a65f4e3a8bbd0be3b513028e12afe7fdccc5ccc13dc6826a7ebda8e663e,9855,,,true
P01_BLUE_L_000005,P01,BLUE,L,image_000005.jpg,training/P01/BLUE/L/images/image_000005.jpg,50fd56735c1e0eeab0fbf58024318d0a48781d09069bbc51dd518ceb73365b0a,10231,,,true
P01_BLUE_L_000006,P01,BLUE,L,image_000006.jpg,training/P01/BLUE/L/images/image_000006.jpg,3988f0d8e03a77b58559325ce07e2a202d2d968cb659c23249875ba87fdd91d8,10178,,,true
P01_BLUE_L_000007,P01,BLUE,L,image_000007.jpg,training/P01/BLUE/L/images/image_000007.jpg,02f91c1a10cd73dc3b13fdc1aa22641cf3031f1a41db83ebe83d52e5dbdc8b4b,10392,,,true
P01_BLUE_L_000008,P01,BLUE,L,image_000008.jpg,training/P01/BLUE/L/images/image_000008.jpg,821b1e18c93a3ff5ad05a661354ae610e0cc9ed516bec70cc82fd3f1e43d4a86,10496,,,true
P01_BLUE_L_000009,P01,BLUE,L,image_000009.jpg,training/P01/BLUE/L/images/image_000009.jpg,a0e6f3af21f6c7fa141da99a16ed398fd52524456fcdf5763bc312be24821b57,10341,,,true
P01_BLUE_L_000010,P01,BLUE,L,image_000010.jpg,training/P01/BLUE/L/images/image_000010.jpg,984074bf8b580ded394912905c285696e9aaf52948a39110ecaae1e8a1c89e15,10602,,,true
P01_BLUE_L_000011,P01,BLUE,L,image_000011.jpg,training/P01/BLUE/L/images/image_000011.jpg,18197f0b553e6a3a2e0877eb3ef68b102564b72f1f01dff6768dfc8e76a23360,10680,,,true
P01_BLUE_L_000012,P01,BLUE,L,image_000012.jpg,training/P01/BLUE/L/images/image_000012.jpg,51a1ad5f748b8ebbe4a480091bb4cafc9554dcf5919b50299da9e18411854dee,10493,,,true
P01_BLUE_L_000013,P01,BLUE,L,image_000013.jpg,training/P01/BLUE/L/images/image_000013.jpg,86a2de1089e7752be6d9eb71da567c29600400bc0cf935962f7b02d09b19226d,10724,,,true
P01_BLUE_L_000014,P01,BLUE,L,image_000014.jpg,training/P01/BLUE/L/images/image_000014.jpg,e89b19853978f215ebec6fc36702c55b52297a7048c6af0bd29af8b1c581ae94,10384,,,true
P01_BLUE_L_000015,P01,BLUE,L,image_000015.jpg,training/P01/BLUE/L/images/image_000015.jpg,e5269c92b65f029027989722209f8b0c646cb39d425be4f6dc69728fe6d78ebc,10569,,,true
P01_BLUE_L_000016,P01,BLUE,L,image_000016.jpg,training/P01/BLUE/L/images/image_000016.jpg,17183dd512113dde3a0ffc3fe1bf4df648baf7f95dee48d71458048c1840508c,10321,,,true
P01_BLUE_L_000017,P01,BLUE,L,image_000017.jpg,training/P01/BLUE/L/images/image_000017.jpg,8abdd0e1a9826b9c8301a22574bef00da5009ead8416fcd80aa9b5081f887beb,10486,,,true
P01_BLUE_L_000018,P01,BLUE,L,image_000018.jpg,training/P01/BLUE/L/images/image_000018.jpg,3f7b32214c0d9290c55b065f1808c0b8d0fa4382fdcb5c1ba8c0d8a3aa7f35d2,10275,,,true
P01_BLUE_L_000019,P01,BLUE,L,image_000019.jpg,training/P01/BLUE/L/images/image_000019.jpg,6903855e72ddf5e8891dd395bf02708d596322f72fea21f075b983eb186267d2,10411,,,true
P01_BLUE_L_000020,P01,BLUE,L,image_000020.jpg,training/P01/BLUE/L/images/image_000020.jpg,7fdbfaaad6d0b7bdc3e7229a029c529cb8ce40148e459e10989ada2a7525de94,10195,,,true
P01_BLUE_L_000021,P01,BLUE,L,image_000021.jpg,training/P01/BLUE/L/images/image_000021.jpg,bff104df29aa911976d39a6e954e3f75c9b6ff4be7317d0f79c0f7d5ebc122e2,10219,,,true
P01_BLUE_L_000022,P01,BLUE,L,image_000022.jpg,training/P01/BLUE/L/images/image_000022.jpg,4c50e52f5f8bb12df5acd6cd2ea9830a04404bdba3506f679830bf9e85f380d5,10413,,,true
P01_BLUE_L_000023,P01,BLUE,L,image_000023.jpg,training/P01/BLUE/L/images/image_000023.jpg,c4a1cbbf04ef94815d016a4943f4a25b9613b923f8ba24b07aadaacece305ded,10326,,,true
P01_BLUE_L_000024,P01,BLUE,L,image_000024.jpg,training/P01/BLUE/L/images/image_000024.jpg,caab130ceb8ecf7236f8c984519a0950392dfa9d39a0306ab399d652f40e8692,10343,,,true
P01_BLUE_L_000025,P01,BLUE,L,image_000025.jpg,training/P01/BLUE/L/images/image_000025.jpg,aa9fe9abb4ffd5142ca9d5ee233c5c55ac81ade1868667b65580dee75bbd9682,10147,,,true
P01_BLUE_M_000001,P01,BLUE,M,image_000001.jpg,training/P01/BLUE/M/images/image_000001.jpg,1ca7f31bb4961b7308c82f84bc67032539ea4e45dbc4b5e3289c7ab63e74e52f,10362,,,true
P01_BLUE_M_000002,P01,BLUE,M,image_000002.jpg,training/P01/BLUE/M/images/image_000002.jpg,eea106b1726881a1fb85e1d51203383347592a65511aeb47da231f2db65380ee,10325,,,true
P01_BLUE_M_000003,P01,BLUE,M,image_000003.jpg,training/P01/BLUE/M/images/image_000003.jpg,49b31b4916b27031bf5ec24d76a3cb2a71a50a22bc00d6c72f6bd39ca6737dea,10236,,,true
P01_BLUE_M_000004,P01,BLUE,M,image_000004.jpg,training/P01/BLUE/M/images/image_000004.jpg,026c5b5529b144431efc32828bf8b8f4fcead15c3c8a4eb951142cfc616f8083,10306,,,true
P01_BLUE_M_000005,P01,BLUE,M,image_000005.jpg,training/P01/BLUE/M/images/image_000005.jpg,9fe60ce269e8de77dfcf939f444111262fe40285942a12afc142313afcc7ce4e,10477,,,true
P01_BLUE_M_000006,P01,BLUE,M,image_000006.jpg,training/P01/BLUE/M/images/image_000006.jpg,c074f1c03f60c74fdd4e83134bb2e4b817fde8a41ca58800b4166c87f5940c01,10484,,,true
P01_BLUE_M_000007,P01,BLUE,M,image_000007.jpg,training/P01/BLUE/M/images/image_000007.jpg,4d9463853dfde0e2214882cc6ae5ca7e70a2f5d9dbf7df7ee3f921238fe705b4,10734,,,true
P01_BLUE_M_000008,P01,BLUE,M,image_000008.jpg,training/P01/BLUE/M/images/image_000008.jpg,b8625c4308c5368ebe953f819c2e921caceedcb3d49a03acf294a212c6785a4f,10775,,,true
P01_BLUE_M_000009,P01,BLUE,M,image_000009.jpg,training/P01/BLUE/M/images/image_000009.jpg,0d67f0d1c3e848f4fea48a08954cf0cc7e81496941dd92d426b4c9d542ad7aed,10471,,,true
P01_BLUE_M_000010,P01,BLUE,M,image_000010.jpg,training/P01/BLUE/M/images/image_000010.jpg,387fcccf02b7df9427612acd7e5de65d968c9fcb8bc7aa7924b0793cd103f165,10653,,,true
P01_BLUE_M_000011,P01,BLUE,M,image_000011.jpg,training/P01/BLUE/M/images/image_000011.jpg,a376a9c45496baa3c27a7e3407e1e9bd095fdf7033e55a145306dc9c5c84ccd7,10317,,,true
P01_BLUE_M_000012,P01,BLUE,M,image_000012.jpg,training/P01/BLUE/M/images/image_000012.jpg,4a0fd9cb3d9d87973f4793bda122b59fad49bae1d30a794b746e54ca3052d702,10516,,,true
P01_BLUE_M_000013,P01,BLUE,M,image_000013.jpg,training/P01/BLUE/M/images/image_000013.jpg,da956a3bfd046cb0059eecf97d88097187e7010bf3d31ea8dd6ef26ed5315eab,10569,,,true
P01_BLUE_M_000014,P01,BLUE,M,image_000014.jpg,training/P01/BLUE/M/images/image_000014.jpg,aef9fd15dc61f0a59340824811b70c81cb101b9f069fcf0ed3b7da990377d911,10511,,,true
P01_BLUE_M_000015,P01,BLUE,M,image_000015.jpg,training/P01/BLUE/M/images/image_000015.jpg,af3cd30805efc6091e94131ec6a14b4290e670f0c4ebda4669a1249d57f4dda4,10597,,,true
P01_BLUE_M_000016,P01,BLUE,M,image_000016.jpg,training/P01/BLUE/M/images/image_000016.jpg,71a00b6e8f955bf020f695b637afb7a9ce1daa3351be77d4ab68d4e807a79551,10602,,,true
P01_BLUE_M_000017,P01,BLUE,M,image_000017.jpg,training/P01/BLUE/M/images/image_000017.jpg,02d3c591f3afc7062cec03a5391b9896e432efe75e22e362bebc7fc47ba1c552,10590,,,true
P01_BLUE_M_000018,P01,BLUE,M,image_000018.jpg,training/P01/BLUE/M/images/image_000018.jpg,20b9c5ddd3b25a4038ef411efced7fe5e2eb5174d666326b6fd9f12fb5be3b58,10782,,,true
P01_BLUE_M_000019,P01,BLUE,M,image_000019.jpg,training/P01/BLUE/M/images/image_000019.jpg,497dd7b328aef52213daa4e9c9c1f9d7c3354e891e3036f100cdf2c6e3b61165,10594,,,true
P01_BLUE_M_000020,P01,BLUE,M,image_000020.jpg,training/P01/BLUE/M/images/image_000020.jpg,d86fcb34e022b123b2ae64205d91d780af73657e2c745e11b890286303b71aa7,10541,,,true
P01_BLUE_M_000021,P01,BLUE,M,image_000021.jpg,training/P01/BLUE/M/images/image_000021.jpg,7857d83c88423e9fc282f6265a7068748debaa84cfedd35196e4aacd23ab63de,10441,,,true
P01_BLUE_M_000022,P01,BLUE,M,image_000022.jpg,training/P01/BLUE/M/images/image_000022.jpg,23d3585ae9aa1f712fb8f6c6a13cd65a5f1c0df842d7d3ab168a7f7deae1ce3e,10587,,,true
P01_BLUE_M_000023,P01,BLUE,M,image_000023.jpg,training/P01/BLUE/M/images/image_000023.jpg,00f05552a9d19e40a0df50430fed47d719824442a9db197e30decea6e802cbfa,10450,,,true
P01_BLUE_M_000024,P01,BLUE,M,image_000024.jpg,training/P01/BLUE/M/images/image_000024.jpg,20e6c6b9ab589186079f2cf68171dc203524f5dc95b8def9d0ab718d8404edbd,10327,,,true
P01_BLUE_M_000025,P01,BLUE,M,image_000025.jpg,training/P01/BLUE/M/images/image_000025.jpg,e0e26f8e5d707bca52b9d2f732b3f4303757f38c13dd550c570f8cd631d5ac82,10473,,,true
P01_BLUE_N_000001,P01,BLUE,N,image_000001.jpg,training/P01/BLUE/N/images/image_000001.jpg,508c148356a0f54d29505e3b0f31a03d9222a8a407db2a893a6ce5babbe178f4,10772,,,true
P01_BLUE_N_000002,P01,BLUE,N,image_000002.jpg,training/P01/BLUE/N/images/image_000002.jpg,01c24acc13a9a7852b4648853f7b184d1a4be6fd0e36a97745b3163a1bcc8d87,10760,,,true
P01_BLUE_N_000003,P01,BLUE,N,image_000003.jpg,training/P01/BLUE/N/images/image_000003.jpg,ee4828ee9e0b76fe4f09a9a2812d4cb40e9325cbab250fe268573e37bf47e1b3,10841,,,true
P01_BLUE_N_000004,P01,BLUE,N,image_000004.jpg,training/P01/BLUE/N/images/image_000004.jpg,6631e949ecba9ac50d81cd983f9e9dc41fdc8375ce947206c49b8df3fe15710a,10906,,,true
P01_BLUE_N_000005,P01,BLUE,N,image_000005.jpg,training/P01/BLUE/N/images/image_000005.jpg,216528a393621c8e4eedcd7c3ea9fed41f0a9eef08b2f2c8b5192fbaa04c1a58,10818,,,true
P01_BLUE_N_000006,P01,BLUE,N,image_000006.jpg,training/P01/BLUE/N/images/image_000006.jpg,18bd98f211e78ef45076571a5ee597c41990160f504b7a3eee3023d9b9c8e18b,10840,,,true
P01_BLUE_N_000007,P01,BLUE,N,image_000007.jpg,training/P01/BLUE/N/images/image_000007.jpg,388723721ef8aac5a72e76ca0be81531ea58ac66b1af346117a0bff2ff798578,10840,,,true
P01_BLUE_N_000008,P01,BLUE,N,image_000008.jpg,training/P01/BLUE/N/images/image_000008.jpg,f59f0c9d87fb0cf83ec9afd3608c71d314e99f67506a63ae6ae5ec6e08487753,10747,,,true
P01_BLUE_N_000009,P01,BLUE,N,image_000009.jpg,training/P01/BLUE/N/images/image_000009.jpg,97fd2ba43ce1bc53327f27417ee61f40535e3e024965c4ce51de2a83ce0078bc,10516,,,true
P01_BLUE_N_000010,P01,BLUE,N,image_000010.jpg,training/P01/BLUE/N/images/image_000010.jpg,c2a43ff404996f81fe7909c3ea71ede990be6bb1e54c0c28d34ec0bc1340b98d,10571,,,true
P01_BLUE_N_000011,P01,BLUE,N,image_000011.jpg,training/P01/BLUE/N/images/image_000011.jpg,805ffc542fcfe81e3dd08e527fed076d7ecf8966942f1a00c21035842ab8883e,10477,,,true
P01_BLUE_N_000012,P01,BLUE,N,image_000012.jpg,training/P01/BLUE/N/images/image_000012.jpg,468b7930974f959915aa5ea7a8f23983546356be227fabd182184bd326937479,10520,,,true
P01_BLUE_N_000013,P01,BLUE,N,image_000013.jpg,training/P01/BLUE/N/images/image_000013.jpg,082ca29b8dd279469fea2e88acd2541ac8e25f3410a23614d2ebb5e6f2a52d65,10531,,,true
P01_BLUE_N_000014,P01,BLUE,N,image_000014.jpg,training/P01/BLUE/N/images/image_000014.jpg,13f44fd45c47d8257de6dda4d53adefaf50158ca0d91ca424618e190059221b5,10560,,,true
P01_BLUE_N_000015,P01,BLUE,N,image_000015.jpg,training/P01/BLUE/N/images/image_000015.jpg,2ae1e96774bc07e627e40836725446493a7b32db844316b4acd25134c1aacf2c,10435,,,true
P01_BLUE_N_000016,P01,BLUE,N,image_000016.jpg,training/P01/BLUE/N/images/image_000016.jpg,2849c528407b91836793fa600f5bec10f5622d018aa1825452ef819881129965,10454,,,true
P01_BLUE_N_000017,P01,BLUE,N,image_000017.jpg,training/P01/BLUE/N/images/image_000017.jpg,810fe4b496c6390c3e5406a1cce609c816f4bd1d4b5ed51f56f04aa03af68d56,10441,,,true
P01_BLUE_N_000018,P01,BLUE,N,image_000018.jpg,training/P01/BLUE/N/images/image_000018.jpg,9cb66339635e7badce1df60f672d37aea09fc17cfe4e39bb53642137ef9bd870,10123,,,true
P01_BLUE_N_000019,P01,BLUE,N,image_000019.jpg,training/P01/BLUE/N/images/image_000019.jpg,9466d240cd420cd9a9146176c7601f9016e5d7ca5f09d2beca1904890112af47,10489,,,true
P01_BLUE_N_000020,P01,BLUE,N,image_000020.jpg,training/P01/BLUE/N/images/image_000020.jpg,377d0b5c576aedb0564e7d5bf41310a168378d6d0c3a9b795d03bffb32a3c516,10499,,,true
P01_BLUE_N_000021,P01,BLUE,N,image_000021.jpg,training/P01/BLUE/N/images/image_000021.jpg,0ea9753352db9366054bc30516e379b6385ec39f46766aaaf96410cccab36e53,10542,,,true
P01_BLUE_N_000022,P01,BLUE,N,image_000022.jpg,training/P01/BLUE/N/images/image_000022.jpg,cb7c536781989de59138f37bb2d32ad148f242ff021372a4ce65306cb0bb8a82,10767,,,true
P01_BLUE_N_000023,P01,BLUE,N,image_000023.jpg,training/P01/BLUE/N/images/image_000023.jpg,f435a2b0ec4cd6e056a7b9e11a8b682c01e164076c49e2edbc12bacc3760cd8b,10778,,,true
P01_BLUE_N_000024,P01,BLUE,N,image_000024.jpg,training/P01/BLUE/N/images/image_000024.jpg,e279da8fae5c06e77ebf09ecfed93ed143c130156b16190a556bfd9b937ddcd6,10693,,,true
P01_BLUE_N_000025,P01,BLUE,N,image_000025.jpg,training/P01/BLUE/N/images/image_000025.jpg,2a401af37c5de2220597a9f2a384b6e32ca6d627cf163c0544c982d32e0d1995,10687,,,true
P01_BLUE_O_000001,P01,BLUE,O,image_000001.jpg,training/P01/BLUE/O/images/image_000001.jpg,c083187c92bc5502703c8a59964260e48ef4fe7101594c4154c69fbfc0ea57ec,10518,,,true
P01_BLUE_O_000002,P01,BLUE,O,image_000002.jpg,training/P01/BLUE/O/images/image_000002.jpg,91e0d9f1aab9ea72dcc8ef6fbc0915cfd214ecd271a138c756f365ee8576bd5c,10381,,,true
P01_BLUE_O_000003,P01,BLUE,O,image_000003.jpg,training/P01/BLUE/O/images/image_000003.jpg,2b379e22c0d5057475e84ec58725c3df27e4c9acce46911a9986ab79fe4ca91b,10445,,,true
P01_BLUE_O_000004,P01,BLUE,O,image_000004.jpg,training/P01/BLUE/O/images/image_000004.jpg,6a53118e3c72215942b8f12549a680e040c4a186ea793d02268fe7e1f2b23402,10341,,,true
P01_BLUE_O_000005,P01,BLUE,O,image_000005.jpg,training/P01/BLUE/O/images/image_000005.jpg,1697e9c28f9512a1d4ae08b32e2f4ea82a2c8aaa16bced79a960b2e585d57ebd,10259,,,true
P01_BLUE_O_000006,P01,BLUE,O,image_000006.jpg,training/P01/BLUE/O/images/image_000006.jpg,5008a5c05bd789c3d7397e129bb87507b8e9edb5135454ad5dcc846aa72203ae,10380,,,true
P01_BLUE_O_000007,P01,BLUE,O,image_000007.jpg,training/P01/BLUE/O/images/image_000007.jpg,6d05f1c33f288013cfd36b48896aa1e3563219b0e513ef00ec5b6b4fff86e6f3,10431,,,true
P01_BLUE_O_000008,P01,BLUE,O,image_000008.jpg,training/P01/BLUE/O/images/image_000008.jpg,77313b9d00cd6a51593bf377218095f6751cb4bdf2e912c574ba9d1ecc509f6b,10332,,,true
P01_BLUE_O_000009,P01,BLUE,O,image_000009.jpg,training/P01/BLUE/O/images/image_000009.jpg,e6ba3b3c01b4ccbd4af9e7141077dcf19056e2d1151dd8acd9b19e76e393a590,10436,,,true
P01_BLUE_O_000010,P01,BLUE,O,image_000010.jpg,training/P01/BLUE/O/images/image_000010.jpg,cd1b039a8d556c5d7eb75dda50b096798a988953d609be2c7bf386c9061dba42,10344,,,true
P01_BLUE_O_000011,P01,BLUE,O,image_000011.jpg,training/P01/BLUE/O/images/image_000011.jpg,1f0000e86b106b8e6472c44f25ff5230d2b4d1af25fd529b71133aeed65f996a,10607,,,true
P01_BLUE_O_000012,P01,BLUE,O,image_000012.jpg,training/P01/BLUE/O/images/image_000012.jpg,6b9aa6a8623ec7df93ddb85904b24d0598c90d72f0804132735ed43f6b109fcd,10331,,,true
P01_BLUE_O_000013,P01,BLUE,O,image_000013.jpg,training/P01/BLUE/O/images/image_000013.jpg,89ab6b92dc19156e021ad04f42215f8e2e248fae1ef1c284bf2b988d55884f95,10533,,,true
P01_BLUE_O_000014,P01,BLUE,O,image_000014.jpg,training/P01/BLUE/O/images/image_000014.jpg,e4149fe7243f1be035a957bf21da604eceb925b1f441f61c1c58c8bf1f0a9171,10378,,,true
P01_BLUE_O_000015,P01,BLUE,O,image_000015.jpg,training/P01/BLUE/O/images/image_000015.jpg,bafc63cb15ee64f76fecf7375ce4789ba2cc877a998e337f0b176dbc6cbfe3dc,10439,,,true
P01_BLUE_O_000016,P01,BLUE,O,image_000016.jpg,training/P01/BLUE/O/images/image_000016.jpg,81562285e12cf996b55c4349887d678e740935b4c05339a4afe7b044308e8662,10532,,,true
P01_BLUE_O_000017,P01,BLUE,O,image_000017.jpg,training/P01/BLUE/O/images/image_000017.jpg,a3f043dbc8fb09ff2ab35f741d12e8142e2cfbee7b721775a9a27b8ddb239d04,10411,,,true
P01_BLUE_O_000018,P01,BLUE,O,image_000018.jpg,training/P01/BLUE/O/images/image_000018.jpg,2c665a1c7309f6146f2adfa7e8a0c8f1cee1fcef6d95a485186e9a88191f0f49,10544,,,true
P01_BLUE_O_000019,P01,BLUE,O,image_000019.jpg,training/P01/BLUE/O/images/image_000019.jpg,d355bad47731977810d70801779b396f329129b269d0549baf61500e2f3cabda,10235,,,true
P01_BLUE_O_000020,P01,BLUE,O,image_000020.jpg,training/P01/BLUE/O/images/image_000020.jpg,4cd1a1702ae5de8ed17af6fe4a7260cfb39dfe9ed7a6642d6d68d484110bdd7c,10642,,,true
P01_BLUE_O_000021,P01,BLUE,O,image_000021.jpg,training/P01/BLUE/O/images/image_000021.jpg,a190fe1702dba2f52bdf0aad6a5923b85f64472c69b09f19c83deb3cb64a4852,10579,,,true
P01_BLUE_O_000022,P01,BLUE,O,image_000022.jpg,training/P01/BLUE/O/images/image_000022.jpg,39b8b80fc0394d0f38d60266d4268970c028199b81f4bfd6d801d63ce1e5b899,10534,,,true
P01_BLUE_O_000023,P01,BLUE,O,image_000023.jpg,training/P01/BLUE/O/images/image_000023.jpg,4e15ab97914b41da2e2ff2bbeb522612cbdc2b8f5378c5bdcc5a7907ecc66c80,10898,,,true
P01_BLUE_O_000024,P01,BLUE,O,image_000024.jpg,training/P01/BLUE/O/images/image_000024.jpg,50b113aefb5a40abb6b79976d415e7794b037721d159672540eac45b604e4eac,10926,,,true
P01_BLUE_O_000025,P01,BLUE,O,image_000025.jpg,training/P01/BLUE/O/images/image_000025.jpg,eccb377d367002639d345849364830124200ee5419b974e40463d9bf8e7f30c4,10898,,,true
P01_BLUE_P_000001,P01,BLUE,P,image_000001.jpg,training/P01/BLUE/P/images/image_000001.jpg,5f2404baa5eae8b2f025f4709be47ffccfdaf65defd3416dc5bcbe283558d502,10983,,,true
P01_BLUE_P_000002,P01,BLUE,P,image_000002.jpg,training/P01/BLUE/P/images/image_000002.jpg,394c3f62d967d246d44ef1d69ec2ef2f3acd45c3f3ee107a42e504c24121faac,10754,,,true
P01_BLUE_P_000003,P01,BLUE,P,image_000003.jpg,training/P01/BLUE/P/images/image_000003.jpg,df8866a70d7fd85862d35426c85a9cbd98380b990a3991a9df2001d8601fbd9d,10652,,,true
P01_BLUE_P_000004,P01,BLUE,P,image_000004.jpg,training/P01/BLUE/P/images/image_000004.jpg,8e19b324bc3dc9c812aaedd2482ef7559ac850c8b45f8c15b4c3ffa3f34f533c,10581,,,true
P01_BLUE_P_000005,P01,BLUE,P,image_000005.jpg,training/P01/BLUE/P/images/image_000005.jpg,d6b4276cf8e869825075258da18243b9307eade4d8c7237572a4ec92e22dba72,10546,,,true
P01_BLUE_P_000006,P01,BLUE,P,image_000006.jpg,training/P01/BLUE/P/images/image_000006.jpg,cae73fa68f55d7270f0eba3096b2baf365b5c6ee6589519deb5189e89f7554ac,10651,,,true
P01_BLUE_P_000007,P01,BLUE,P,image_000007.jpg,training/P01/BLUE/P/images/image_000007.jpg,83bd47788196376b8ac335ff9f0f11fce0efbcd349e7fe79b5c4e8084e152a42,10739,,,true
P01_BLUE_P_000008,P01,BLUE,P,image_000008.jpg,training/P01/BLUE/P/images/image_000008.jpg,4aeb878f5118b7c61f0c09c20803752af9cd3e7a1597b516279dac2ca195b609,10676,,,true
P01_BLUE_P_000009,P01,BLUE,P,image_000009.jpg,training/P01/BLUE/P/images/image_000009.jpg,85cf7712cf6d876ff659c7e230b20c4d2d7e9de41d1fc0a8d4bcba9e4c486864,10570,,,true
P01_BLUE_P_000010,P01,BLUE,P,image_000010.jpg,training/P01/BLUE/P/images/image_000010.jpg,d190e49c702ec867422e291587ccb2436a14651c8efdf6edd19b27d01af40e31,10504,,,true
P01_BLUE_P_000011,P01,BLUE,P,image_000011.jpg,training/P01/BLUE/P/images/image_000011.jpg,a7c21c0b3cb868393a684ac6f8b5817722665943a8ef9155d6a6cdd58cd5c5e6,10643,,,true
P01_BLUE_P_000012,P01,BLUE,P,image_000012.jpg,training/P01/BLUE/P/images/image_000012.jpg,7be0ddf62e8df09eeda91fe423e1e656158c90b0aa60530f31a953d811eab947,10576,,,true
P01_BLUE_P_000013,P01,BLUE,P,image_000013.jpg,training/P01/BLUE/P/images/image_000013.jpg,6e3d3a43def21b5b00e6165e10b89611511fa3e0c197bbf24c60177393f008df,10648,,,true
P01_BLUE_P_000014,P01,BLUE,P,image_000014.jpg,training/P01/BLUE/P/images/image_000014.jpg,cc71040fb837b59623db878609221f837a32ff9a0d67d61cdc8e7f3494dee94d,10623,,,true
P01_BLUE_P_000015,P01,BLUE,P,image_000015.jpg,training/P01/BLUE/P/images/image_000015.jpg,4eee6dde014d419f2fedecafb0a71e76cf5f3e0bf0d5f2af90a01538cd173660,10895,,,true
P01_BLUE_P_000016,P01,BLUE,P,image_000016.jpg,training/P01/BLUE/P/images/image_000016.jpg,200b9c9331769c25de067021a4bd074b97891d88a1dad991744118f301c069c9,10696,,,true
P01_BLUE_P_000017,P01,BLUE,P,image_000017.jpg,training/P01/BLUE/P/images/image_000017.jpg,3f7f8b7851ca2269687b3d8cbe918b08662b4986320172b56fd0156dbe83b7ae,10649,,,true
P01_BLUE_P_000018,P01,BLUE,P,image_000018.jpg,training/P01/BLUE/P/images/image_000018.jpg,d8f22b4ec85a7099ce520acf13ca65513877d5a050ee9e9d49783b27d1ac8840,10646,,,true
P01_BLUE_P_000019,P01,BLUE,P,image_000019.jpg,training/P01/BLUE/P/images/image_000019.jpg,9b61397a2a03082ecd93dad6882e6632a1be9f66a4981f05cd5236e881c4c079,10802,,,true
P01_BLUE_P_000020,P01,BLUE,P,image_000020.jpg,training/P01/BLUE/P/images/image_000020.jpg,f38d3770fb941754133f1b4c0ef0c03db786842b88cadf3117e790c7360bed78,10595,,,true
P01_BLUE_P_000021,P01,BLUE,P,image_000021.jpg,training/P01/BLUE/P/images/image_000021.jpg,a5b858fe746e664ac0d8f380ff11b842525a5d7427a9ce8569f1c3eabe8da811,10664,,,true
P01_BLUE_P_000022,P01,BLUE,P,image_000022.jpg,training/P01/BLUE/P/images/image_000022.jpg,7b8302b48b349ac03e29a2e4839cf3fbe01b6e89d0e7a25d0de1ee52766a72fd,10633,,,true
P01_BLUE_P_000023,P01,BLUE,P,image_000023.jpg,training/P01/BLUE/P/images/image_000023.jpg,156458040a0cc3df9e5f007774007963f606b2ac5c867795ceb4f7efd6993f23,10859,,,true
P01_BLUE_P_000024,P01,BLUE,P,image_000024.jpg,training/P01/BLUE/P/images/image_000024.jpg,a7f3961c87d37159ce01fe246e028abdc795a7e84ea00790d45d6ad7013da38d,10674,,,true
P01_BLUE_P_000025,P01,BLUE,P,image_000025.jpg,training/P01/BLUE/P/images/image_000025.jpg,493ccfa46b790d490dab60c3f30855982b01edd45c0aac540d4d9479060fa854,10797,,,true
P01_BLUE_R_000001,P01,BLUE,R,image_000001.jpg,training/P01/BLUE/R/images/image_000001.jpg,4e0e0b52222a66485d17363bb7b90069808845fd91334f6210360da199cc7144,10335,,,true
P01_BLUE_R_000002,P01,BLUE,R,image_000002.jpg,training/P01/BLUE/R/images/image_000002.jpg,49979561d5bdac399670d1ea66ea9cd4613981c85f0874e949230e6d9a1923e4,10148,,,true
P01_BLUE_R_000003,P01,BLUE,R,image_000003.jpg,training/P01/BLUE/R/images/image_000003.jpg,1815dab11e7d5841731e5eede574b50a19e4740ef29c77e52ea3a4ec25786b4a,10016,,,true
P01_BLUE_R_000004,P01,BLUE,R,image_000004.jpg,training/P01/BLUE/R/images/image_000004.jpg,9c67b0b8a763e720053316d495f98c6875ce90954be79dfceb0c660790c4636c,10180,,,true
P01_BLUE_R_000005,P01,BLUE,R,image_000005.jpg,training/P01/BLUE/R/images/image_000005.jpg,2651f2157295ed9207447a119d7273840ea3919e91d60d354f850545c8d3d6ca,10215,,,true
P01_BLUE_R_000006,P01,BLUE,R,image_000006.jpg,training/P01/BLUE/R/images/image_000006.jpg,3cfcfc4f08304a995228a4cc9a4fd9a00a1446dcb277009af2991b2d2fa4ea3d,9976,,,true
P01_BLUE_R_000007,P01,BLUE,R,image_000007.jpg,training/P01/BLUE/R/images/image_000007.jpg,0cc826c6c3cc7cfa1cee4a7f57cac45b29ab51e6b14f911122dcb97a8e1562ef,10095,,,true
P01_BLUE_R_000008,P01,BLUE,R,image_000008.jpg,training/P01/BLUE/R/images/image_000008.jpg,3d8c2700d9dca77c2fd181c669034249b2f9e3638e9c57566b671f3409e01b04,10236,,,true
P01_BLUE_R_000009,P01,BLUE,R,image_000009.jpg,training/P01/BLUE/R/images/image_000009.jpg,44c1b9c2a4b89a7ea49c8767a5abd6daa64776cfb5dd7df24c482ee51bd2bf2d,9670,,,true
P01_BLUE_R_000010,P01,BLUE,R,image_000010.jpg,training/P01/BLUE/R/images/image_000010.jpg,ad1cd33083b462fcea6c4e2b579f7f5f693b9b2cd092ae0d2f08c7d734bc384f,10068,,,true
P01_BLUE_R_000011,P01,BLUE,R,image_000011.jpg,training/P01/BLUE/R/images/image_000011.jpg,b36db5a35994d2f2ef4ab27fa8b3769be848a44fb5ed5db627daf4fde3ebcf9b,9991,,,true
P01_BLUE_R_000012,P01,BLUE,R,image_000012.jpg,training/P01/BLUE/R/images/image_000012.jpg,278d108cb4951e25e19fe6d06579c8b4cd6c8d00e356e224114b2ef68694523a,10133,,,true
P01_BLUE_R_000013,P01,BLUE,R,image_000013.jpg,training/P01/BLUE/R/images/image_000013.jpg,39406f5e4d6c44994883c1fc6b87277a505f0a6557481979cad157238194c6cf,10062,,,true
P01_BLUE_R_000014,P01,BLUE,R,image_000014.jpg,training/P01/BLUE/R/images/image_000014.jpg,e4c04eab5b46fa932bd05da381b27ee939c0ac3a0adb14901963e49d5924f1f7,9931,,,true
P01_BLUE_R_000015,P01,BLUE,R,image_000015.jpg,training/P01/BLUE/R/images/image_000015.jpg,5fcfda3f666ece775280986229231531f3b65ad7c3d1ed4aeac3198518ee5405,10052,,,true
P01_BLUE_R_000016,P01,BLUE,R,image_000016.jpg,training/P01/BLUE/R/images/image_000016.jpg,d174331bc227306e199a32bde3b1b7e1a9bc2767ab40fb84f771a8914dfac57d,9786,,,true
P01_BLUE_R_000017,P01,BLUE,R,image_000017.jpg,training/P01/BLUE/R/images/image_000017.jpg,58f45528b5919fd946eda74f2f86608b4a221da3f69865808a90844a80db1aa3,9841,,,true
P01_BLUE_R_000018,P01,BLUE,R,image_000018.jpg,training/P01/BLUE/R/images/image_000018.jpg,2438347d2d432a13449f9c9170593567a3d93c2b7f7f1a5561ade1a5739b5745,10021,,,true
P01_BLUE_R_000019,P01,BLUE,R,image_000019.jpg,training/P01/BLUE/R/images/image_000019.jpg,dba93f6c4e2ba7f0bc3c392be7523092df941f4b7dc0852f690c529faf69b9a3,9989,,,true
P01_BLUE_R_000020,P01,BLUE,R,image_000020.jpg,training/P01/BLUE/R/images/image_000020.jpg,8c5d7a6b9d0be234bfe4e6d6866665557ee9aba88c19c601cb07d39bbdd7d892,9682,,,true
P01_BLUE_R_000021,P01,BLUE,R,image_000021.jpg,training/P01/BLUE/R/images/image_000021.jpg,b57a51eb1cd9de6dd376cb322c2b5b536487c8e8dee21ee581de64df38d26727,10146,,,true
P01_BLUE_R_000022,P01,BLUE,R,image_000022.jpg,training/P01/BLUE/R/images/image_000022.jpg,f4f95f6158ae3c1d3a2abc739dc6886c6e684f567f9ece31afc8f898f2253756,10043,,,true
P01_BLUE_R_000023,P01,BLUE,R,image_000023.jpg,training/P01/BLUE/R/images/image_000023.jpg,2713373f7f6949203c87a0f26c6bcafea7f6b7e6a8fd281fec41b90403f77c43,10045,,,true
P01_BLUE_R_000024,P01,BLUE,R,image_000024.jpg,training/P01/BLUE/R/images/image_000024.jpg,9bab56e8a301843bcf49d8fb2425c6798d623af8597cbeedc671211b83c57e8e,10065,,,true
P01_BLUE_R_000025,P01,BLUE,R,image_000025.jpg,training/P01/BLUE/R/images/image_000025.jpg,33339037c1a66c4b879fe88f0b40d368a6203eeca6da3d581d9773a051f01682,9781,,,true
P01_BLUE_S_000001,P01,BLUE,S,image_000001.jpg,training/P01/BLUE/S/images/image_000001.jpg,3c2b5fb2fc0f0878864ee9c8be1e77c6a3039553a253212e4990e8eaf88fe7d4,10560,,,true
P01_BLUE_S_000002,P01,BLUE,S,image_000002.jpg,training/P01/BLUE/S/images/image_000002.jpg,c07590fc969f4a0edf56ba887274ea9e0ca042675aaec0d329bfa0c2f705903c,10341,,,true
P01_BLUE_S_000003,P01,BLUE,S,image_000003.jpg,training/P01/BLUE/S/images/image_000003.jpg,4ccd8160ef1817ec35cf0d7d3690d993fb104326e484a497634987215c107d90,10447,,,true
P01_BLUE_S_000004,P01,BLUE,S,image_000004.jpg,training/P01/BLUE/S/images/image_000004.jpg,84d2e9e652e30b364c08a76d16300d56cd0dbe00b8b5cf6b4f951890b11e8762,10260,,,true
P01_BLUE_S_000005,P01,BLUE,S,image_000005.jpg,training/P01/BLUE/S/images/image_000005.jpg,09eb54299fc6e3643b7638806cdc08038dad6f4cd8b7d43150e4427dc6fedfdd,11057,,,true
P01_BLUE_S_000006,P01,BLUE,S,image_000006.jpg,training/P01/BLUE/S/images/image_000006.jpg,19497e876eefbe8ab4df429827ff457f828a396935b8431e004f65bf0b667632,10510,,,true
P01_BLUE_S_000007,P01,BLUE,S,image_000007.jpg,training/P01/BLUE/S/images/image_000007.jpg,20f7a74da3e6741bd1b3a47defcedd7dda3c686a37d80ef345fb15258e07d2c7,10378,,,true
P01_BLUE_S_000008,P01,BLUE,S,image_000008.jpg,training/P01/BLUE/S/images/image_000008.jpg,ef2c744d1b3e00ed6cf506b81e7965e7b2f3b5a2210a5353f75b921adb6b3adb,10705,,,true
P01_BLUE_S_000009,P01,BLUE,S,image_000009.jpg,training/P01/BLUE/S/images/image_000009.jpg,6afabbcdb52536883ba0f3d933fdbf8536dda166e402465ffe83f113d42e914c,10385,,,true
P01_BLUE_S_000010,P01,BLUE,S,image_000010.jpg,training/P01/BLUE/S/images/image_000010.jpg,b0cbcbabe16662c157bdd473686e957995ae92ff2b7447c7b6de21f254c3001c,10430,,,true
P01_BLUE_S_000011,P01,BLUE,S,image_000011.jpg,training/P01/BLUE/S/images/image_000011.jpg,a188482e8413f384f4d845737e516b753e35c04042b2dcfecd632e131510f897,10529,,,true
P01_BLUE_S_000012,P01,BLUE,S,image_000012.jpg,training/P01/BLUE/S/images/image_000012.jpg,86dfcaa1bb90371b0cca6e49f1b00974492add151f73005211d7de1199234814,10543,,,true
P01_BLUE_S_000013,P01,BLUE,S,image_000013.jpg,training/P01/BLUE/S/images/image_000013.jpg,982ac552043d9ba379ba6825cb203033893201f16eb19b4f26ca84a89f5e32bc,10297,,,true
P01_BLUE_S_000014,P01,BLUE,S,image_000014.jpg,training/P01/BLUE/S/images/image_000014.jpg,a78c6af6081a5f85ce45076f14f0bde5fde24bc7db96878dac61bbda66efcadb,10640,,,true
P01_BLUE_S_000015,P01,BLUE,S,image_000015.jpg,training/P01/BLUE/S/images/image_000015.jpg,b9aa2788fa6502f1971f349496b59cdeabda793dd9662e00a16e8f0ae9028726,10727,,,true
P01_BLUE_S_000016,P01,BLUE,S,image_000016.jpg,training/P01/BLUE/S/images/image_000016.jpg,1d1609f481d48df07f024d7d54068f5b163a42d523ae652f740c40b49d6f9e1a,10719,,,true
P01_BLUE_S_000017,P01,BLUE,S,image_000017.jpg,training/P01/BLUE/S/images/image_000017.jpg,ce9be87a092843412463abbb4adaee48c81b02004daa2f7eb7868611cf7902a3,10727,,,true
P01_BLUE_S_000018,P01,BLUE,S,image_000018.jpg,training/P01/BLUE/S/images/image_000018.jpg,1b42f92d40db48d3a416372683264bd3fd48b9889909d1eb3f68210bbe9deea4,10673,,,true
P01_BLUE_S_000019,P01,BLUE,S,image_000019.jpg,training/P01/BLUE/S/images/image_000019.jpg,35b9de7bfcd8df14df0bea33c1f369cac4344818857d077d6ca027f0d75ec3e8,10624,,,true
P01_BLUE_S_000020,P01,BLUE,S,image_000020.jpg,training/P01/BLUE/S/images/image_000020.jpg,8fd1c9d17b853c6ae7c735ccd26f898ea8106147bd21f665af010cd28f88af57,10792,,,true
P01_BLUE_S_000021,P01,BLUE,S,image_000021.jpg,training/P01/BLUE/S/images/image_000021.jpg,f672fe62bb27073cba24253287a757c89acbb97ee89e1608f6d13d211efe0610,10497,,,true
P01_BLUE_S_000022,P01,BLUE,S,image_000022.jpg,training/P01/BLUE/S/images/image_000022.jpg,c59fb6036fa8007cfaf557496506d08421b649c60e33c423f0528abb7fbdc109,10404,,,true
P01_BLUE_S_000023,P01,BLUE,S,image_000023.jpg,training/P01/BLUE/S/images/image_000023.jpg,2363a065235d511545dc63dd3c134fa3dafb1f5c3842728f383c0471d3067e47,10581,,,true
P01_BLUE_S_000024,P01,BLUE,S,image_000024.jpg,training/P01/BLUE/S/images/image_000024.jpg,916f7784bd7839a08cdce38b1527fb8800a614ab7659afef4ea56e60a1ea5363,10623,,,true
P01_BLUE_S_000025,P01,BLUE,S,image_000025.jpg,training/P01/BLUE/S/images/image_000025.jpg,45f56ed0b4e9f1feb5048d492668255928b47f93d97a8152add5f7581352be7d,10544,,,true
P01_BLUE_T_000001,P01,BLUE,T,image_000001.jpg,training/P01/BLUE/T/images/image_000001.jpg,803ecd3a39e857af5dbebe41177ed95efaab94b803665256da6503adfa256e5d,10655,,,true
P01_BLUE_T_000002,P01,BLUE,T,image_000002.jpg,training/P01/BLUE/T/images/image_000002.jpg,2e4fa1385c9329243a2e72392dae0149974b5b2a1532fb09c1b74b3d86fc067d,10505,,,true
P01_BLUE_T_000003,P01,BLUE,T,image_000003.jpg,training/P01/BLUE/T/images/image_000003.jpg,c77b33f2416f55cf0d2c0e4bd60b15da5a63eea52a1c818ddab48ac1d4594fd7,10450,,,true
P01_BLUE_T_000004,P01,BLUE,T,image_000004.jpg,training/P01/BLUE/T/images/image_000004.jpg,72a1c6217e9ce739abe6fe1ee7fed661c4c84e676993729eb25326a299924d68,10595,,,true
P01_BLUE_T_000005,P01,BLUE,T,image_000005.jpg,training/P01/BLUE/T/images/image_000005.jpg,960bbea3c110deb1e1f3966ea292ec200b3f44e753bc0ca4a5c2546269142d7c,10288,,,true
P01_BLUE_T_000006,P01,BLUE,T,image_000006.jpg,training/P01/BLUE/T/images/image_000006.jpg,8f313831f19d94ec48cab87ee4b1a312c19a352113e745b9b0ed66b53e3abed6,10391,,,true
P01_BLUE_T_000007,P01,BLUE,T,image_000007.jpg,training/P01/BLUE/T/images/image_000007.jpg,49e38edf85a8af9ca1cbcaf2d6123601a2a109444da397315f5b6a9d482721e8,10420,,,true
P01_BLUE_T_000008,P01,BLUE,T,image_000008.jpg,training/P01/BLUE/T/images/image_000008.jpg,b860143426a0dca31a85423cc2e2344d8bf92431b12ef2c67cd0619a053be152,10631,,,true
P01_BLUE_T_000009,P01,BLUE,T,image_000009.jpg,training/P01/BLUE/T/images/image_000009.jpg,fe0e393616752a31734c54ec13202f3a2c9561783fec047e4512f91e63193d97,10045,,,true
P01_BLUE_T_000010,P01,BLUE,T,image_000010.jpg,training/P01/BLUE/T/images/image_000010.jpg,51324d6915290de34fc28154653751f8aee2967e3875e82870f053c5007d1952,10477,,,true
P01_BLUE_T_000011,P01,BLUE,T,image_000011.jpg,training/P01/BLUE/T/images/image_000011.jpg,daaad510459783810cfb2ef43be5adfe87d78f8ddfd9558b7fe950258b89af1b,10498,,,true
P01_BLUE_T_000012,P01,BLUE,T,image_000012.jpg,training/P01/BLUE/T/images/image_000012.jpg,1f71131747b1c91aeee8cbed009a1512f7ef5566ed9cf049a2fb1dcadd8fc0e4,10490,,,true
P01_BLUE_T_000013,P01,BLUE,T,image_000013.jpg,training/P01/BLUE/T/images/image_000013.jpg,a0939d819eeaed6c094701dd053b8f24ef53a48bdb22f016ff7175acf1ca2c61,10497,,,true
P01_BLUE_T_000014,P01,BLUE,T,image_000014.jpg,training/P01/BLUE/T/images/image_000014.jpg,cfc1d99ad069304e61a739006581c676dafff2c6dce303ce37e95bfdb79e675a,10534,,,true
P01_BLUE_T_000015,P01,BLUE,T,image_000015.jpg,training/P01/BLUE/T/images/image_000015.jpg,d3abbe2fa37e88aec65ba286c6e3ec8f05c37d296f28f63a22071ed1598466e7,10495,,,true
P01_BLUE_T_000016,P01,BLUE,T,image_000016.jpg,training/P01/BLUE/T/images/image_000016.jpg,31bc1ade0be59670527caa023e42c8e3b79487a6b2a739eede635cf5f2d22b47,10438,,,true
P01_BLUE_T_000017,P01,BLUE,T,image_000017.jpg,training/P01/BLUE/T/images/image_000017.jpg,661a874dd6439e76f76256417ba5798a5e0327d874f3ca1e5352a6851e4ab825,10183,,,true
P01_BLUE_T_000018,P01,BLUE,T,image_000018.jpg,training/P01/BLUE/T/images/image_000018.jpg,f884a7896b92ea925df04180824a4859fd4da0de36a92fced7c609d5f4f0dc84,10258,,,true
P01_BLUE_T_000019,P01,BLUE,T,image_000019.jpg,training/P01/BLUE/T/images/image_000019.jpg,a8f5911ce214f30509bebb606e34274454bbb417c58023d20d3ee03503c8b649,10724,,,true
P01_BLUE_T_000020,P01,BLUE,T,image_000020.jpg,training/P01/BLUE/T/images/image_000020.jpg,d43447c087934d780057d8bcf292da07818f683799ab48699d20e5f092e0ec91,10478,,,true
P01_BLUE_T_000021,P01,BLUE,T,image_000021.jpg,training/P01/BLUE/T/images/image_000021.jpg,01585d7123c16b6b6fd2af79507926bac64fa25e4b3d8ca35a32d0af86234df8,10461,,,true
P01_BLUE_T_000022,P01,BLUE,T,image_000022.jpg,training/P01/BLUE/T/images/image_000022.jpg,409296728be72ae78dc4f202aa57814d0b91f8ec649a5c88e66baccd6c2c931d,10226,,,true
P01_BLUE_T_000023,P01,BLUE,T,image_000023.jpg,training/P01/BLUE/T/images/image_000023.jpg,acf73d38e7184745c842be9ed0929378c5ec8bd82017a229177363fcb197e180,10535,,,true
P01_BLUE_T_000024,P01,BLUE,T,image_000024.jpg,training/P01/BLUE/T/images/image_000024.jpg,4c0f8c4e30019b6528aa5ac865745b82097104dc5f17087bed93b45608c04ece,10481,,,true
P01_BLUE_T_000025,P01,BLUE,T,image_000025.jpg,training/P01/BLUE/T/images/image_000025.jpg,7b7a676995ab93f1c887ee76f843e16095358261812920222a0442af36be1837,10465,,,true
P01_BLUE_U_000001,P01,BLUE,U,image_000001.jpg,training/P01/BLUE/U/images/image_000001.jpg,519e823d269b549e231b6a756ab626a64df8e973d988bb2694c9c87c970c0145,10358,,,true
P01_BLUE_U_000002,P01,BLUE,U,image_000002.jpg,training/P01/BLUE/U/images/image_000002.jpg,bdb828b7b22c78e2046f2ef1e7c9116e8c944ea53b52ed7ac466311f37dc023b,10452,,,true
P01_BLUE_U_000003,P01,BLUE,U,image_000003.jpg,training/P01/BLUE/U/images/image_000003.jpg,6a9e50d62f6645ec648b5a06c1a09bc01fcc9a787b232cb4ab99412c30ca66e8,10217,,,true
P01_BLUE_U_000004,P01,BLUE,U,image_000004.jpg,training/P01/BLUE/U/images/image_000004.jpg,aa10a1c485d7af24b72192faab093dc21f14c0901aadd5198ca3594572ff1ddf,10283,,,true
P01_BLUE_U_000005,P01,BLUE,U,image_000005.jpg,training/P01/BLUE/U/images/image_000005.jpg,983e4cf3ecc943f32c63a8dd7bd69433cd4f360ca8c05c64beb7e49999c94abe,10265,,,true
P01_BLUE_U_000006,P01,BLUE,U,image_000006.jpg,training/P01/BLUE/U/images/image_000006.jpg,2849878a186d5892c9c23014121787fb3618c1e7d595fcbf1e317154b5e4f1d2,10135,,,true
P01_BLUE_U_000007,P01,BLUE,U,image_000007.jpg,training/P01/BLUE/U/images/image_000007.jpg,86c89f9b2db9b0f9004e2016a99db08c202a9111c2f75ebd7f8dd2aa9fc6a4a6,10425,,,true
P01_BLUE_U_000008,P01,BLUE,U,image_000008.jpg,training/P01/BLUE/U/images/image_000008.jpg,7c31891b99983d6b8f2a949e5b5d4333a6e360bff9aacee45d8a33c29e03b0e4,9869,,,true
P01_BLUE_U_000009,P01,BLUE,U,image_000009.jpg,training/P01/BLUE/U/images/image_000009.jpg,3bcf02da406c387af8f965264751a8a82016b0772598f4a47de363399e6c1483,10255,,,true
P01_BLUE_U_000010,P01,BLUE,U,image_000010.jpg,training/P01/BLUE/U/images/image_000010.jpg,e75adb5e4fe9ed18fe4ba0c27b6cf374463317438080f7f18f15c3e37438e42a,10226,,,true
P01_BLUE_U_000011,P01,BLUE,U,image_000011.jpg,training/P01/BLUE/U/images/image_000011.jpg,02091199ac506f1c5705ec180eaa75b87904430151df03794f4b58303a21d498,10408,,,true
P01_BLUE_U_000012,P01,BLUE,U,image_000012.jpg,training/P01/BLUE/U/images/image_000012.jpg,c29e78dc3e59d0c017ca4b9e28b2e99dac70a621a0d49d9fa448c3dad58d634f,10158,,,true
P01_BLUE_U_000013,P01,BLUE,U,image_000013.jpg,training/P01/BLUE/U/images/image_000013.jpg,25ae5f02e1138e030b2094d0bd93214fc9268d2a264b60f585200ba423e35d12,10045,,,true
P01_BLUE_U_000014,P01,BLUE,U,image_000014.jpg,training/P01/BLUE/U/images/image_000014.jpg,7aaeab268267000d92bade29958b14f076604a51a8488c84aaf9bb7268d6b53d,9894,,,true
P01_BLUE_U_000015,P01,BLUE,U,image_000015.jpg,training/P01/BLUE/U/images/image_000015.jpg,ce4a97b8768aad10223c2fdcafa26fdf3d988c6836d4cdd258bd764026ec85d1,10336,,,true
P01_BLUE_U_000016,P01,BLUE,U,image_000016.jpg,training/P01/BLUE/U/images/image_000016.jpg,ff26e4ec48aa870ecf18ef2c46ce63af46e9e6bc62b6da89ed6fd38f74c954cc,10351,,,true
P01_BLUE_U_000017,P01,BLUE,U,image_000017.jpg,training/P01/BLUE/U/images/image_000017.jpg,a5efb8f7d0b9eb2697abc22c7c870db99b8ab4bf5ea75783bf66cfe27342b9d2,10689,,,true
P01_BLUE_U_000018,P01,BLUE,U,image_000018.jpg,training/P01/BLUE/U/images/image_000018.jpg,a0d67f3d1183e5858e936d730de8919fe8af22ab2ba30a0d054bb32db402304c,10973,,,true
P01_BLUE_U_000019,P01,BLUE,U,image_000019.jpg,training/P01/BLUE/U/images/image_000019.jpg,dd5eee18dc63828cb1b88b7f6feb3d822f155fbb89ac08724a935eeef6d06717,10718,,,true
P01_BLUE_U_000020,P01,BLUE,U,image_000020.jpg,training/P01/BLUE/U/images/image_000020.jpg,8e370e9aa7802fb3049c6031e85a5255ba34f4e94484af39bdacefbd077e5c22,10736,,,true
P01_BLUE_U_000021,P01,BLUE,U,image_000021.jpg,training/P01/BLUE/U/images/image_000021.jpg,e9ab77b7754172cf089305590b6b7ca115cd140f892b87be4faffe2b0bee080a,10465,,,true
P01_BLUE_U_000022,P01,BLUE,U,image_000022.jpg,training/P01/BLUE/U/images/image_000022.jpg,608aab158f3032030c7a3093bb24c1926738960ac3a4bcff0982508ac9b384e8,10466,,,true
P01_BLUE_U_000023,P01,BLUE,U,image_000023.jpg,training/P01/BLUE/U/images/image_000023.jpg,8a55ec6580987f97f24ddedb9d69d927bac6b84968edd445a97eefca5a9ec9e5,10648,,,true
P01_BLUE_U_000024,P01,BLUE,U,image_000024.jpg,training/P01/BLUE/U/images/image_000024.jpg,b609416234163eb193d097b4aeb1e2cdf65f9dcc9e3aee35a883e2148f1a984f,10731,,,true
P01_BLUE_U_000025,P01,BLUE,U,image_000025.jpg,training/P01/BLUE/U/images/image_000025.jpg,e19f0ecbd3b8b3acda84a951f257d223ba9b0de9ff88b8b0c8ef2ba28723b831,10693,,,true
P01_BLUE_V_000001,P01,BLUE,V,image_000001.jpg,training/P01/BLUE/V/images/image_000001.jpg,7272ef4fba11f43d17949fa5c3005b685e6defa5ca53efa07604a5fed47181c8,10078,,,true
P01_BLUE_V_000002,P01,BLUE,V,image_000002.jpg,training/P01/BLUE/V/images/image_000002.jpg,fee2c140e55a2ab4b030f082da41e23f92248eb7554d805d35ec61ac19598700,10231,,,true
P01_BLUE_V_000003,P01,BLUE,V,image_000003.jpg,training/P01/BLUE/V/images/image_000003.jpg,4e579d947c444764a3c8c369071fcb5e108647588c732139df363a68675278fd,10103,,,true
P01_BLUE_V_000004,P01,BLUE,V,image_000004.jpg,training/P01/BLUE/V/images/image_000004.jpg,c0554d418c812d27fd8d9d162d491079251d6d91617f729fd09c7baf65698ceb,10019,,,true
P01_BLUE_V_000005,P01,BLUE,V,image_000005.jpg,training/P01/BLUE/V/images/image_000005.jpg,32a0b15e1ba61925906d75c368c617d7b2db5fadca2da70606b06a9bce243dcc,10131,,,true
P01_BLUE_V_000006,P01,BLUE,V,image_000006.jpg,training/P01/BLUE/V/images/image_000006.jpg,6f30fa8ffc487e9da53904af72040d78a0037cf9e09efe5462664a41c0e75612,10232,,,true
P01_BLUE_V_000007,P01,BLUE,V,image_000007.jpg,training/P01/BLUE/V/images/image_000007.jpg,33ded56b918811b5c086b853c19a652efe83c4d1162d7d8f5693d360e9577922,10209,,,true
P01_BLUE_V_000008,P01,BLUE,V,image_000008.jpg,training/P01/BLUE/V/images/image_000008.jpg,82833e46f16d334b9a1e41a0042ddffc730560f515acc12fc2fc33b5210da63a,10320,,,true
P01_BLUE_V_000009,P01,BLUE,V,image_000009.jpg,training/P01/BLUE/V/images/image_000009.jpg,ad26f552bdf6fec6df6b09b1477b7ee89f2732e73c06df33e0b930ca28266389,10279,,,true
P01_BLUE_V_000010,P01,BLUE,V,image_000010.jpg,training/P01/BLUE/V/images/image_000010.jpg,be87bbc9d9952cdb70f5b95a3e468d485d0945043ee8f103aea62bcf3e58a4ab,10202,,,true
P01_BLUE_V_000011,P01,BLUE,V,image_000011.jpg,training/P01/BLUE/V/images/image_000011.jpg,e9389378803e359e096c72529362226140d866f82b426612418763b4b1d89243,10164,,,true
P01_BLUE_V_000012,P01,BLUE,V,image_000012.jpg,training/P01/BLUE/V/images/image_000012.jpg,bc7154c72e67795e90a93b1c305adbe263b575341579f902f84cdc8da7746b1b,10115,,,true
P01_BLUE_V_000013,P01,BLUE,V,image_000013.jpg,training/P01/BLUE/V/images/image_000013.jpg,0403bffc8dc56e50a91d6c7db769602bf0930fae3234f6c0c77593c47d9ac4be,9908,,,true
P01_BLUE_V_000014,P01,BLUE,V,image_000014.jpg,training/P01/BLUE/V/images/image_000014.jpg,f55c635d6b8168963b3c21074030471c9be60ddecbdf60df80e607095ccf451a,10163,,,true
P01_BLUE_V_000015,P01,BLUE,V,image_000015.jpg,training/P01/BLUE/V/images/image_000015.jpg,afb0299b23d69339b5396f9c3c3fce664fd246aa19b52b757afbac6eb3adc0ad,10146,,,true
P01_BLUE_V_000016,P01,BLUE,V,image_000016.jpg,training/P01/BLUE/V/images/image_000016.jpg,f6701ea8c5fed94d0ba9edaa2d2dc71c5b4b4bea7f86c29b365f2586e601a4b7,10150,,,true
P01_BLUE_V_000017,P01,BLUE,V,image_000017.jpg,training/P01/BLUE/V/images/image_000017.jpg,f943a88441e264942c8233bea59fd2d77420f253a0ee336dc58044c878b5d686,10006,,,true
P01_BLUE_V_000018,P01,BLUE,V,image_000018.jpg,training/P01/BLUE/V/images/image_000018.jpg,c59f5d74bfb1c84fb5950cb5d5f0e42222228d7f8b847d320e7dca62a46f4b38,10057,,,true
P01_BLUE_V_000019,P01,BLUE,V,image_000019.jpg,training/P01/BLUE/V/images/image_000019.jpg,6d3d86052ac1a1b500d8bde91b3d1b0b1e4b7b86fd11e0a265f94371ce0ff054,9818,,,true
P01_BLUE_V_000020,P01,BLUE,V,image_000020.jpg,training/P01/BLUE/V/images/image_000020.jpg,3281c581d55c0432af2e124169aa3ce6e6145f2763ae261d8d1d97576b16b337,9907,,,true
P01_BLUE_V_000021,P01,BLUE,V,image_000021.jpg,training/P01/BLUE/V/images/image_000021.jpg,ea810d91b6325592703bd8c143dc0a1100fab90de80a16ccb3b01b28d970f54d,10140,,,true
P01_BLUE_V_000022,P01,BLUE,V,image_000022.jpg,training/P01/BLUE/V/images/image_000022.jpg,a3d3e32aad525e8d3ae735ef278db9cb20318ff74b70258fe0ec0242ea4382b6,10122,,,true
P01_BLUE_V_000023,P01,BLUE,V,image_000023.jpg,training/P01/BLUE/V/images/image_000023.jpg,26fc253bdfa271ad0b7c9ea26f54b1d6922c47c0181f085d64cd3ecc67bf228e,10170,,,true
P01_BLUE_V_000024,P01,BLUE,V,image_000024.jpg,training/P01/BLUE/V/images/image_000024.jpg,c957fbeaaea98f11830b6d2ac286c34a244582f7aaf8f4a1aa3a06a02b9f56e4,10039,,,true
P01_BLUE_V_000025,P01,BLUE,V,image_000025.jpg,training/P01/BLUE/V/images/image_000025.jpg,8c5a1014554ae62c0598056709c07e8eda76fd9e82280104a82723b8e648f146,9796,,,true
P01_BLUE_W_000001,P01,BLUE,W,image_000001.jpg,training/P01/BLUE/W/images/image_000001.jpg,8aac7d58f478b4541bfaed1c6a098173a5a17b926acd0cd97f2e8ae4e8123da5,9323,,,true
P01_BLUE_W_000002,P01,BLUE,W,image_000002.jpg,training/P01/BLUE/W/images/image_000002.jpg,2da7f63fa9c4055e7ef7b92e31ff535a051581dcd9bac9637fa5d5d098ec2382,9333,,,true
P01_BLUE_W_000003,P01,BLUE,W,image_000003.jpg,training/P01/BLUE/W/images/image_000003.jpg,88954f2ca064d84b1043bc773f407dc5d60dda9513a9825a7b6a9abff6de54bb,10182,,,true
P01_BLUE_W_000004,P01,BLUE,W,image_000004.jpg,training/P01/BLUE/W/images/image_000004.jpg,da614b90f5bd51ea15b50c35c1a32d2f85e8231c7ff14811e77b8b9068f4c466,9757,,,true
P01_BLUE_W_000005,P01,BLUE,W,image_000005.jpg,training/P01/BLUE/W/images/image_000005.jpg,1d4b4120ce9a821fc0094ee633d429ce011dda67f2b79398f3dcd77175d1f26b,9967,,,true
P01_BLUE_W_000006,P01,BLUE,W,image_000006.jpg,training/P01/BLUE/W/images/image_000006.jpg,52599c7174307b0d29763ec196c5446888124a904f1aa87f0b832e13a2dbfc65,10067,,,true
P01_BLUE_W_000007,P01,BLUE,W,image_000007.jpg,training/P01/BLUE/W/images/image_000007.jpg,a73f15d2847c1de77e844b722312e46d9073616463c9a80cc6e3eb85d7794282,9946,,,true
P01_BLUE_W_000008,P01,BLUE,W,image_000008.jpg,training/P01/BLUE/W/images/image_000008.jpg,c4ef8679f6cd4f36d9a4abdfbad5e29516cc9bf187b42a0a8f63a93c0c2bdec8,10202,,,true
P01_BLUE_W_000009,P01,BLUE,W,image_000009.jpg,training/P01/BLUE/W/images/image_000009.jpg,ba24898d266d29a812b84667ddf333622ccbebfd06b9ab3cc157dafae12f92e2,10126,,,true
P01_BLUE_W_000010,P01,BLUE,W,image_000010.jpg,training/P01/BLUE/W/images/image_000010.jpg,8fef8e4df03e38a8c34ac73358e74b9639e99dbb7daefb89e312ad49d707eba7,10010,,,true
P01_BLUE_W_000011,P01,BLUE,W,image_000011.jpg,training/P01/BLUE/W/images/image_000011.jpg,13b6609652563f4b59d66c657d4c2fc7a61af5fba9483626424d8ff9306dc14e,10117,,,true
P01_BLUE_W_000012,P01,BLUE,W,image_000012.jpg,training/P01/BLUE/W/images/image_000012.jpg,08352469f4f7a16d7c79fef5aaba5d22ac8adb49778ba28d5253775e6f784b95,10124,,,true
P01_BLUE_W_000013,P01,BLUE,W,image_000013.jpg,training/P01/BLUE/W/images/image_000013.jpg,a8d2459ee1f8d0587b3f95cbc07ea731cf08838f046a4535cbc5e3e61e555ae0,10039,,,true
P01_BLUE_W_000014,P01,BLUE,W,image_000014.jpg,training/P01/BLUE/W/images/image_000014.jpg,e376d783150b21942a09501a36f8109188517843a61db6344c7f7dfe075a9b85,10271,,,true
P01_BLUE_W_000015,P01,BLUE,W,image_000015.jpg,training/P01/BLUE/W/images/image_000015.jpg,e2be014ed8da628a627d833a9eaa303e99135a3eab2e78ed4dfe057a5329f196,10471,,,true
P01_BLUE_W_000016,P01,BLUE,W,image_000016.jpg,training/P01/BLUE/W/images/image_000016.jpg,b02ae02c4f90b810dc7eff25113b54b7e924ae43fd9b9b1e87c50e20b07e0187,10561,,,true
P01_BLUE_W_000017,P01,BLUE,W,image_000017.jpg,training/P01/BLUE/W/images/image_000017.jpg,01d79f6e9332d6b39f1e3137bd1c0338d88bd88bd7b8f7ca1684d7903086c56c,10260,,,true
P01_BLUE_W_000018,P01,BLUE,W,image_000018.jpg,training/P01/BLUE/W/images/image_000018.jpg,b1a37cc6610d0c7ca40e5cbe36b0265645e1e9c8b35fa51095f9661be73bf331,10318,,,true
P01_BLUE_W_000019,P01,BLUE,W,image_000019.jpg,training/P01/BLUE/W/images/image_000019.jpg,2aca735f0af848a04890e6740206ce70ab015ebc4bdc0d1ac23cbf04b5d54c4f,10224,,,true
P01_BLUE_W_000020,P01,BLUE,W,image_000020.jpg,training/P01/BLUE/W/images/image_000020.jpg,86be8238129d063bc0a11b8319f648ba103966a68880c12e17e712443a120824,10418,,,true
P01_BLUE_W_000021,P01,BLUE,W,image_000021.jpg,training/P01/BLUE/W/images/image_000021.jpg,87c49b86a2b87d4ca373c0225798294009f334281092442132dbf1b397dfb774,10100,,,true
P01_BLUE_W_000022,P01,BLUE,W,image_000022.jpg,training/P01/BLUE/W/images/image_000022.jpg,e0ec7baaef21bc12c81e54b19637b1a3d531edc4f9fa596bbdc8125d252ae055,10268,,,true
P01_BLUE_W_000023,P01,BLUE,W,image_000023.jpg,training/P01/BLUE/W/images/image_000023.jpg,f8d58cbac4ad914023441c1408927dcb80b1b9081f22a94f2cccfd72e3c05f39,10260,,,true
P01_BLUE_W_000024,P01,BLUE,W,image_000024.jpg,training/P01/BLUE/W/images/image_000024.jpg,4bbb58ceda4b9bf0a65f197934541774a3c8d64e0e8acc6a9eb8eb0ebb282562,10390,,,true
P01_BLUE_W_000025,P01,BLUE,W,image_000025.jpg,training/P01/BLUE/W/images/image_000025.jpg,465e349b8d4e2b49f76fb90fe4775d6253973f4efe7ab2a703033e1531e78d20,10263,,,true
P01_BLUE_Y_000001,P01,BLUE,Y,image_000001.jpg,training/P01/BLUE/Y/images/image_000001.jpg,890553264905f69c70fae4c567fe5faf2ce51eab2ec8f7c9ec576039947b93b4,9252,,,true
P01_BLUE_Y_000002,P01,BLUE,Y,image_000002.jpg,training/P01/BLUE/Y/images/image_000002.jpg,ca8ee8e0c4e7089ef661272ed4e98cfeda6e998d433a0a93124287b695492fc6,9544,,,true
P01_BLUE_Y_000003,P01,BLUE,Y,image_000003.jpg,training/P01/BLUE/Y/images/image_000003.jpg,8b7a91c2c0909ece346c3e4900e30812a44ef66fab47c23aea2ee1adc5dc606f,10058,,,true
P01_BLUE_Y_000004,P01,BLUE,Y,image_000004.jpg,training/P01/BLUE/Y/images/image_000004.jpg,adcb4ba946cb3145b8a0bfd56aa91e7c9ad05469e53c8e6ad98b4a2a2ecc71a4,10481,,,true
P01_BLUE_Y_000005,P01,BLUE,Y,image_000005.jpg,training/P01/BLUE/Y/images/image_000005.jpg,31d86f72497bc0cfe0b1460ef322cc30171e1b2ce6976073469b8ffa8b4c9e63,10355,,,true
P01_BLUE_Y_000006,P01,BLUE,Y,image_000006.jpg,training/P01/BLUE/Y/images/image_000006.jpg,9f983d1bc718029306110d9bd40f2149b13035533f88a8a232497b22e52e6e23,10356,,,true
P01_BLUE_Y_000007,P01,BLUE,Y,image_000007.jpg,training/P01/BLUE/Y/images/image_000007.jpg,3d7fd79ff51622268688346b13d7e6d034f6ce0ba6732fad5de7c21eea773c07,10123,,,true
P01_BLUE_Y_000008,P01,BLUE,Y,image_000008.jpg,training/P01/BLUE/Y/images/image_000008.jpg,c4e3df5e91bcf340802a8193308dba7380be070b4a8649ee3222e0abe991abdc,10249,,,true
P01_BLUE_Y_000009,P01,BLUE,Y,image_000009.jpg,training/P01/BLUE/Y/images/image_000009.jpg,bda601d19c8e68f304ecebdaf51c532d183f437ae9e42e201c49195ba9f2e38e,10368,,,true
P01_BLUE_Y_000010,P01,BLUE,Y,image_000010.jpg,training/P01/BLUE/Y/images/image_000010.jpg,278e5f3785e0185ecb261b3d8d826fa6897868193aef31799f214dc46615ca31,10253,,,true
P01_BLUE_Y_000011,P01,BLUE,Y,image_000011.jpg,training/P01/BLUE/Y/images/image_000011.jpg,3bac1da84624703f20d235ef95199ede9eaa7266d45f36230de752472f55db21,10511,,,true
P01_BLUE_Y_000012,P01,BLUE,Y,image_000012.jpg,training/P01/BLUE/Y/images/image_000012.jpg,943f9e1da05da28e24e1f0a280c4882c590b0afa8cc2c5e7f337ce710a94e7cd,10428,,,true
P01_BLUE_Y_000013,P01,BLUE,Y,image_000013.jpg,training/P01/BLUE/Y/images/image_000013.jpg,37a54d4fc4980133dde2b9d4987995ed80bdf74cebeb3f22a5bb75afcf5d6e70,10265,,,true
P01_BLUE_Y_000014,P01,BLUE,Y,image_000014.jpg,training/P01/BLUE/Y/images/image_000014.jpg,7a7ec45d8151cee4d8ba0cfda8ebb58f8a042232a0194918b7a351174fa932c9,10347,,,true
P01_BLUE_Y_000015,P01,BLUE,Y,image_000015.jpg,training/P01/BLUE/Y/images/image_000015.jpg,2d28ffe1908bd681f70f1d201f300edfd029f16b3298ffa8f66f346faaaf617a,10228,,,true
P01_BLUE_Y_000016,P01,BLUE,Y,image_000016.jpg,training/P01/BLUE/Y/images/image_000016.jpg,332c18b3d69b011efe38decd120dfce0dd38a3f1f22b820fab69d56c3f35b0a2,10330,,,true
P01_BLUE_Y_000017,P01,BLUE,Y,image_000017.jpg,training/P01/BLUE/Y/images/image_000017.jpg,031f37416156491453113de3a9ebbb93a0ad8ffd99e028dbca4fee306dbdf76b,10278,,,true
P01_BLUE_Y_000018,P01,BLUE,Y,image_000018.jpg,training/P01/BLUE/Y/images/image_000018.jpg,3701356ad00d303b6c824b1f9420a39ca9b31d73a0bc4b50a6d50da3ef9cfb4b,10510,,,true
P01_BLUE_Y_000019,P01,BLUE,Y,image_000019.jpg,training/P01/BLUE/Y/images/image_000019.jpg,b10255056b401514674f465784d4d5dbafbe4614c784639e4be24ed4d046487d,10143,,,true
P01_BLUE_Y_000020,P01,BLUE,Y,image_000020.jpg,training/P01/BLUE/Y/images/image_000020.jpg,a55394d1dd58ab35455a7e49bb661a357fe3cd09a0c28e2499e17aa1241267bd,10569,,,true
P01_BLUE_Y_000021,P01,BLUE,Y,image_000021.jpg,training/P01/BLUE/Y/images/image_000021.jpg,f57da8afd004ea8408b9481b3827f9d740371f9875782188147a4b77043642ce,10303,,,true
P01_BLUE_Y_000022,P01,BLUE,Y,image_000022.jpg,training/P01/BLUE/Y/images/image_000022.jpg,871f0a4dedf87bf62e11ebc84b2e2de2dea12a6466ef01cc12223020b6e19ef4,10417,,,true
P01_BLUE_Y_000023,P01,BLUE,Y,image_000023.jpg,training/P01/BLUE/Y/images/image_000023.jpg,d6d40ef4d40fac8de2cab20ebdd5c938ada17d92dce58596eb4bd04496390973,10508,,,true
P01_BLUE_Y_000024,P01,BLUE,Y,image_000024.jpg,training/P01/BLUE/Y/images/image_000024.jpg,2584ff080fa6dc0b3d27d8b95898b5cc16a56a4ad31a192ac851252d1cf3ca28,10231,,,true
P01_BLUE_Y_000025,P01,BLUE,Y,image_000025.jpg,training/P01/BLUE/Y/images/image_000025.jpg,a4043129bad5b9a2d810626246cfb568f1383b0b120bf397c70a37f5aca281c3,10352,,,true
P01_WHITE_A_000001,P01,WHITE,A,image_000001.jpg,training/P01/WHITE/A/images/image_000001.jpg,2c216dc25579481b69eb729d20dfaaf06d29091de369949e20caddfc838d561e,7665,,,true
P01_WHITE_A_000002,P01,WHITE,A,image_000002.jpg,training/P01/WHITE/A/images/image_000002.jpg,4b431fc616dffc873086feb75a032d54ff97c86e47f8ba38e4ea0fa83fbc2488,7817,,,true
P01_WHITE_A_000003,P01,WHITE,A,image_000003.jpg,training/P01/WHITE/A/images/image_000003.jpg,0b015c268cb02b9bca91e0003502bbc097177fe526e5b784eedc6c663e2d60e5,7662,,,true
P01_WHITE_A_000004,P01,WHITE,A,image_000004.jpg,training/P01/WHITE/A/images/image_000004.jpg,2e371c93b5ef3b5793a91cb387d55f4ece7faa6d3d9d988f757bbb88ed1bea40,7435,,,true
P01_WHITE_A_000005,P01,WHITE,A,image_000005.jpg,training/P01/WHITE/A/images/image_000005.jpg,8ed77e642ab4ab0874e600b26604742044328446fcb9dbc326003b5faf0d4979,7744,,,true
P01_WHITE_A_000006,P01,WHITE,A,image_000006.jpg,training/P01/WHITE/A/images/image_000006.jpg,1583a449405d04dcd539230573620cb4655f4ba222966b981b2306486b3d938f,7469,,,true
P01_WHITE_A_000007,P01,WHITE,A,image_000007.jpg,training/P01/WHITE/A/images/image_000007.jpg,9ea1fa0da3aadc24fe49f043572d6d4d8d0c38dc4bffaff60e0f0782f2c60266,7680,,,true
P01_WHITE_A_000008,P01,WHITE,A,image_000008.jpg,training/P01/WHITE/A/images/image_000008.jpg,cd8e7ae3f75e1aee8f23a39e1fb06eb373d32148c7a21abe013e21dd20720229,7264,,,true
P01_WHITE_A_000009,P01,WHITE,A,image_000009.jpg,training/P01/WHITE/A/images/image_000009.jpg,58cbe95000876bda4fcbe4ad6f492b7b0b7b0f9fae02fee56c928151ce53eb0d,7814,,,true
P01_WHITE_A_000010,P01,WHITE,A,image_000010.jpg,training/P01/WHITE/A/images/image_000010.jpg,5249bd80f74ef7e4090be72e2d30e16eea24f611b6e70ffdc6c5fd500850b55b,7904,,,true
P01_WHITE_A_000011,P01,WHITE,A,image_000011.jpg,training/P01/WHITE/A/images/image_000011.jpg,34d44906cf533b56a57e29ad14c49cd004338e7ffc4c89c056fca4fc2e898336,7604,,,true
P01_WHITE_A_000012,P01,WHITE,A,image_000012.jpg,training/P01/WHITE/A/images/image_000012.jpg,d3cf80e301c189805161aaafab74a41c7211931af37c5e0bd0a4d54759675821,7241,,,true
P01_WHITE_A_000013,P01,WHITE,A,image_000013.jpg,training/P01/WHITE/A/images/image_000013.jpg,03df8b6bcf5232084d6ef3afbddc52158d0be54d13a8e7f450870daf15d07d54,7689,,,true
P01_WHITE_A_000014,P01,WHITE,A,image_000014.jpg,training/P01/WHITE/A/images/image_000014.jpg,f8392ab08e0404f88c5bba248668e43a700a8cd175f5623ef6186384efdc2d22,7494,,,true
P01_WHITE_A_000015,P01,WHITE,A,image_000015.jpg,training/P01/WHITE/A/images/image_000015.jpg,a30832842bc4f7de0b380d349992900dd8dd921a35781d00672cdbf96f090912,7503,,,true
P01_WHITE_A_000016,P01,WHITE,A,image_000016.jpg,training/P01/WHITE/A/images/image_000016.jpg,994b291bc9c126b7c1b2b697e89ed8dd48b632b9c9510100994acdb2d5c95ea5,7682,,,true
P01_WHITE_A_000017,P01,WHITE,A,image_000017.jpg,training/P01/WHITE/A/images/image_000017.jpg,5d0ca7b66ad34c202f6e3ccac2ee02e2770e790bff1e66cfe70bb07a903d1c53,7357,,,true
P01_WHITE_A_000018,P01,WHITE,A,image_000018.jpg,training/P01/WHITE/A/images/image_000018.jpg,059944be402e3ee14bd6bdb796aeb6f745f2804cef65555737be7c0ff1aa39aa,7854,,,true
P01_WHITE_A_000019,P01,WHITE,A,image_000019.jpg,training/P01/WHITE/A/images/image_000019.jpg,465dbd76383835498a08ac886ca8ddba092b6a26f9ececcb07ed3cc973599129,7910,,,true
P01_WHITE_A_000020,P01,WHITE,A,image_000020.jpg,training/P01/WHITE/A/images/image_000020.jpg,68fb0b6b67700f2984718b797f3da503f257bf3a32c4a523cbbdd2e7bcd77790,8397,,,true
P01_WHITE_A_000021,P01,WHITE,A,image_000021.jpg,training/P01/WHITE/A/images/image_000021.jpg,ecad16ca7344534d60b05b093f096d54b4f68b204a60716dd05fae0cc9a97857,7643,,,true
P01_WHITE_A_000022,P01,WHITE,A,image_000022.jpg,training/P01/WHITE/A/images/image_000022.jpg,4db81d1ffd8f0acb7cd4ac863354664cc95112ca01cad43342005f82c24d93f1,7509,,,true
P01_WHITE_A_000023,P01,WHITE,A,image_000023.jpg,training/P01/WHITE/A/images/image_000023.jpg,e86f05efbaf6affef890989a827b370cc38b253c97d96ce8a688029f2334d6f4,7539,,,true
P01_WHITE_A_000024,P01,WHITE,A,image_000024.jpg,training/P01/WHITE/A/images/image_000024.jpg,398e6141a2b6f93c979605783c32f197c6e6afc3415406ba51292db822bee884,7781,,,true
P01_WHITE_A_000025,P01,WHITE,A,image_000025.jpg,training/P01/WHITE/A/images/image_000025.jpg,f7bb0b594265787c9c7653f57e5202cf00ee9fd8b676e275d68f90b4f3e1c8f2,7870,,,true
P01_WHITE_B_000001,P01,WHITE,B,image_000001.jpg,training/P01/WHITE/B/images/image_000001.jpg,d5c678647dd65b82631bf51dca44f145e5381aa5c4d4753a32f07506f43547cf,8046,,,true
P01_WHITE_B_000002,P01,WHITE,B,image_000002.jpg,training/P01/WHITE/B/images/image_000002.jpg,f610aad4cb61efe8d41b3d8b160e08b61cbed85d35ce9ffdb2de4b71d3185335,7845,,,true
P01_WHITE_B_000003,P01,WHITE,B,image_000003.jpg,training/P01/WHITE/B/images/image_000003.jpg,61b99e2c1e2040bf3ae795d580f32f0a2654191865bcc21749e8ac3941df2605,8329,,,true
P01_WHITE_B_000004,P01,WHITE,B,image_000004.jpg,training/P01/WHITE/B/images/image_000004.jpg,4967d1f76a11e8145f2dc63b7e08ee760b480dbf69f56897bb1d020c4416b399,8103,,,true
P01_WHITE_B_000005,P01,WHITE,B,image_000005.jpg,training/P01/WHITE/B/images/image_000005.jpg,0f54d62fe36ba53a8d57f61cd1b4218ad439ec819cbce096bddd643bfa9ac688,8303,,,true
P01_WHITE_B_000006,P01,WHITE,B,image_000006.jpg,training/P01/WHITE/B/images/image_000006.jpg,7d9c26233b8e1eaa660ffa3bff291bcf86c10eca8e520c9773a3b08557220ffd,8021,,,true
P01_WHITE_B_000007,P01,WHITE,B,image_000007.jpg,training/P01/WHITE/B/images/image_000007.jpg,f993eaef33ab5b36adc7a6bed95474a2683193274a341a188be75f89f4a16793,7847,,,true
P01_WHITE_B_000008,P01,WHITE,B,image_000008.jpg,training/P01/WHITE/B/images/image_000008.jpg,97ccaa5123b26ddd5d0d8f1cd86aa884bb5aa292a9395f5b00dd1367defac7e1,7818,,,true
P01_WHITE_B_000009,P01,WHITE,B,image_000009.jpg,training/P01/WHITE/B/images/image_000009.jpg,0983fda6ba772d5819690e66b7e03868764b925d4ed5f520252a82c2d76e7118,7765,,,true
P01_WHITE_B_000010,P01,WHITE,B,image_000010.jpg,training/P01/WHITE/B/images/image_000010.jpg,e8df093c76a3c76bae573043424fcc2770c6e02026223ac7605f8d111263e1ad,7801,,,true
P01_WHITE_B_000011,P01,WHITE,B,image_000011.jpg,training/P01/WHITE/B/images/image_000011.jpg,15fb7a35d3f8a7bc85a4e98e2d2ea34bfa2814f7da4fafd0989c6ceb5c1e8c2c,7697,,,true
P01_WHITE_B_000012,P01,WHITE,B,image_000012.jpg,training/P01/WHITE/B/images/image_000012.jpg,9ee2fe59e5054378806d4b6670d5453183d08c51a338f6f1382f03d06adcf14e,7886,,,true
P01_WHITE_B_000013,P01,WHITE,B,image_000013.jpg,training/P01/WHITE/B/images/image_000013.jpg,30fbedc4968634fbf34dd8eda9dbe323933e2097d9915ed3b1707d5b5e051067,8049,,,true
P01_WHITE_B_000014,P01,WHITE,B,image_000014.jpg,training/P01/WHITE/B/images/image_000014.jpg,50e68d90e69ee81dd7f7a50de38021b21b489445bbdbe9f2f44407d47d0b2222,7911,,,true
P01_WHITE_B_000015,P01,WHITE,B,image_000015.jpg,training/P01/WHITE/B/images/image_000015.jpg,4a75db4f41f0855ab87e98e1ade41e2d764d660375f60e84ddd4289d7bb1c470,7816,,,true
P01_WHITE_B_000016,P01,WHITE,B,image_000016.jpg,training/P01/WHITE/B/images/image_000016.jpg,9b357206bda4cb627e3a22dc870d96abc1dda843bfd1d4cdca905ae9c5887346,7948,,,true
P01_WHITE_B_000017,P01,WHITE,B,image_000017.jpg,training/P01/WHITE/B/images/image_000017.jpg,63988843987c4d8e4a86422e97de445acdd2979013b6f09d43923a0d9e20953c,8039,,,true
P01_WHITE_B_000018,P01,WHITE,B,image_000018.jpg,training/P01/WHITE/B/images/image_000018.jpg,a8893fab93aa0d868313a5664b659500a36ed689ba25f066842b4f7f1fd9e558,8208,,,true
P01_WHITE_B_000019,P01,WHITE,B,image_000019.jpg,training/P01/WHITE/B/images/image_000019.jpg,15a04aef829fe8ab14534bc5623e3052ac0f0dad008c8f43b231cacf85bc773e,7870,,,true
P01_WHITE_B_000020,P01,WHITE,B,image_000020.jpg,training/P01/WHITE/B/images/image_000020.jpg,dace28dcaca7ca50177b990aa829ab227d7721a6173ffa84998259be7ba3fd72,7680,,,true
P01_WHITE_B_000021,P01,WHITE,B,image_000021.jpg,training/P01/WHITE/B/images/image_000021.jpg,231961d5711a073a37364406d4f9202e941fe9f31da250bdcda435d925eb8465,7740,,,true
P01_WHITE_B_000022,P01,WHITE,B,image_000022.jpg,training/P01/WHITE/B/images/image_000022.jpg,68ec1dc3c04487ee5bc7a27c371ff9019a766219e8f00af1bbcdfe16d232a66e,7800,,,true
P01_WHITE_B_000023,P01,WHITE,B,image_000023.jpg,training/P01/WHITE/B/images/image_000023.jpg,096994603b5616e9e7b852d0a7ae3808d492b705f638fd7650ceb3d3cc9e666e,8306,,,true
P01_WHITE_B_000024,P01,WHITE,B,image_000024.jpg,training/P01/WHITE/B/images/image_000024.jpg,c4863fd2b4c0d05815081f359b719231d59eef26e7d07fb1801174630fd20f7a,8287,,,true
P01_WHITE_B_000025,P01,WHITE,B,image_000025.jpg,training/P01/WHITE/B/images/image_000025.jpg,f55b312613b3f9abb24489815e65ab9c56bd2e7aa10f0db6445779f3bdcb588d,8130,,,true
P01_WHITE_C_000001,P01,WHITE,C,image_000001.jpg,training/P01/WHITE/C/images/image_000001.jpg,5dc18efa4c29b255d3d3cfa04c88b80dd4fb2f2c67caedc41234a951ff2c9c14,8294,,,true
P01_WHITE_C_000002,P01,WHITE,C,image_000002.jpg,training/P01/WHITE/C/images/image_000002.jpg,210d8e208736801731bdf6dbba14b9dde97137ea50c3e59e1660517999a951f1,8160,,,true
P01_WHITE_C_000003,P01,WHITE,C,image_000003.jpg,training/P01/WHITE/C/images/image_000003.jpg,c8956b8c66f238bf84040c1fc1e9bb0f7d0ef0c1264a64ed57cef28b5ff952e6,8257,,,true
P01_WHITE_C_000004,P01,WHITE,C,image_000004.jpg,training/P01/WHITE/C/images/image_000004.jpg,4c71ce818b91901076b4c3cb7083dd9b4d1cfdf6b85839322e00d6efe7867136,8263,,,true
P01_WHITE_C_000005,P01,WHITE,C,image_000005.jpg,training/P01/WHITE/C/images/image_000005.jpg,f0013c27df6f9ccd7c4ffc3bd38924fe7b6df27cb5127da808ecad38eab330f1,8165,,,true
P01_WHITE_C_000006,P01,WHITE,C,image_000006.jpg,training/P01/WHITE/C/images/image_000006.jpg,2876eb9712949bfe100cb9859413fd3d930252e403197425b48f959b72c2507b,7965,,,true
P01_WHITE_C_000007,P01,WHITE,C,image_000007.jpg,training/P01/WHITE/C/images/image_000007.jpg,7bf6032177acfb72e5a6353e924f01c8930ba2482261f48b0efb654e94eb9078,8468,,,true
P01_WHITE_C_000008,P01,WHITE,C,image_000008.jpg,training/P01/WHITE/C/images/image_000008.jpg,5342fdfc50a7c96450c4fef2a9994be531692cfdf9fce7d423060b138e7fe46c,8650,,,true
P01_WHITE_C_000009,P01,WHITE,C,image_000009.jpg,training/P01/WHITE/C/images/image_000009.jpg,c92804d9a9b0d4d2e3e3f4b2fd9cac2ac56b0ec4ad04dc4110cc7932b2e90c56,8633,,,true
P01_WHITE_C_000010,P01,WHITE,C,image_000010.jpg,training/P01/WHITE/C/images/image_000010.jpg,ead6c3051f9428024d7c35ab0a629db80d3358cc6402979f62cc1f15ab74ca56,8291,,,true
P01_WHITE_C_000011,P01,WHITE,C,image_000011.jpg,training/P01/WHITE/C/images/image_000011.jpg,b8b6dfbf1ed1f838da57ebae9744f7cd954c38d3e48517edcf0d46908a122a11,8249,,,true
P01_WHITE_C_000012,P01,WHITE,C,image_000012.jpg,training/P01/WHITE/C/images/image_000012.jpg,2492723f29a2cfb7a8315b33dba7fee887c3cb0fc4d58526881842603f153e17,8196,,,true
P01_WHITE_C_000013,P01,WHITE,C,image_000013.jpg,training/P01/WHITE/C/images/image_000013.jpg,536f2f252bff1dc78154a247ad5a9fdd545f42beb8fc24abe818d6473da137e3,8183,,,true
P01_WHITE_C_000014,P01,WHITE,C,image_000014.jpg,training/P01/WHITE/C/images/image_000014.jpg,a89a49f63f3778c323d756c070f50a03374bed2830b1d6d7218fbac6635a4aa1,8183,,,true
P01_WHITE_C_000015,P01,WHITE,C,image_000015.jpg,training/P01/WHITE/C/images/image_000015.jpg,6e2caf368dbe0342f1ce2bd1cfed56bc796e9eb3948eb0aa3f72dc379320592d,8288,,,true
P01_WHITE_C_000016,P01,WHITE,C,image_000016.jpg,training/P01/WHITE/C/images/image_000016.jpg,b0e3b5bf557db34adb5bd2c50b08d63b2803ce27c92f074bfe5d3991f48fe9f3,7999,,,true
P01_WHITE_C_000017,P01,WHITE,C,image_000017.jpg,training/P01/WHITE/C/images/image_000017.jpg,9598520e864dba2f12e6a13f80e2ea75d73f31f950fe0a3f33e7d2269d1b4f4e,8197,,,true
P01_WHITE_C_000018,P01,WHITE,C,image_000018.jpg,training/P01/WHITE/C/images/image_000018.jpg,b740ea817343a2f0cb39a144f490099bf8ff7ec8de6bc2a909efd55e3ffa3fae,8487,,,true
P01_WHITE_C_000019,P01,WHITE,C,image_000019.jpg,training/P01/WHITE/C/images/image_000019.jpg,6300d6eba7c6fa7b144cda23f4f9269cae158717b54112872f6c72f3e920a7ed,8479,,,true
P01_WHITE_C_000020,P01,WHITE,C,image_000020.jpg,training/P01/WHITE/C/images/image_000020.jpg,00357a9d7056d74fc2618aeee55b98f885a570b0141aac4de9326c84405575f6,8032,,,true
P01_WHITE_C_000021,P01,WHITE,C,image_000021.jpg,training/P01/WHITE/C/images/image_000021.jpg,aa250a33dac51211f2ce3e10fe7d6b96c5e6934e4a6851f7ba8084a0035e789b,8734,,,true
P01_WHITE_C_000022,P01,WHITE,C,image_000022.jpg,training/P01/WHITE/C/images/image_000022.jpg,d1c9d00ed42f394663bd0b527e4e7eb9716881a5e80c7b8585e37006d49f6df6,8191,,,true
P01_WHITE_C_000023,P01,WHITE,C,image_000023.jpg,training/P01/WHITE/C/images/image_000023.jpg,d992f7f47cf2b1692e9e231f05b6e65854d1cf029ae857ab753c903fc33d119c,8376,,,true
P01_WHITE_C_000024,P01,WHITE,C,image_000024.jpg,training/P01/WHITE/C/images/image_000024.jpg,d73b5a8fea980612d3a3aa2abd1aa243b058239916cdd854b55bfe7e0ab25e0a,8639,,,true
P01_WHITE_C_000025,P01,WHITE,C,image_000025.jpg,training/P01/WHITE/C/images/image_000025.jpg,a0445c599bf31fbe02c038dd4767d52ae9a04ebaca816b06ec4dcec5d5d408b5,8376,,,true
P01_WHITE_E_000001,P01,WHITE,E,image_000001.jpg,training/P01/WHITE/E/images/image_000001.jpg,22e37e2cb6dc8a3018a5a1aec9791d9360862ec1a3cf64c0e58514a8af32f342,7475,,,true
P01_WHITE_E_000002,P01,WHITE,E,image_000002.jpg,training/P01/WHITE/E/images/image_000002.jpg,b2e5af7ca2e17d822c6f3bc874a4a0b9548fb40f345fb32014b6502fdfd4e359,7320,,,true
P01_WHITE_E_000003,P01,WHITE,E,image_000003.jpg,training/P01/WHITE/E/images/image_000003.jpg,7929e0f7c51b35427093cae48bfbb539f0017c2e20e6d80cd014d0ab2c9b7c43,7470,,,true
P01_WHITE_E_000004,P01,WHITE,E,image_000004.jpg,training/P01/WHITE/E/images/image_000004.jpg,c87a3bb92a5c3818496cadfec6d849cc084a3150bbbd52ca5649ded30588629c,7679,,,true
P01_WHITE_E_000005,P01,WHITE,E,image_000005.jpg,training/P01/WHITE/E/images/image_000005.jpg,5d9e0a55a7066b1ae10b1886f3fb28baebc81ff490e20939f0d90345c4f9fdd1,7442,,,true
P01_WHITE_E_000006,P01,WHITE,E,image_000006.jpg,training/P01/WHITE/E/images/image_000006.jpg,fa507535680ff400814fdda32de8b30958080b32ea7a8b887fbdf8d058af738e,7214,,,true
P01_WHITE_E_000007,P01,WHITE,E,image_000007.jpg,training/P01/WHITE/E/images/image_000007.jpg,aeb6e8c34ee4d681686550748a7b97918d8e8cf6d32db97fcf7d9da238e1ceeb,7476,,,true
P01_WHITE_E_000008,P01,WHITE,E,image_000008.jpg,training/P01/WHITE/E/images/image_000008.jpg,3917a498ec2b89daa5efd861134339423eaa14d5f0e0789b6bd6e0ea9665647d,7381,,,true
P01_WHITE_E_000009,P01,WHITE,E,image_000009.jpg,training/P01/WHITE/E/images/image_000009.jpg,25731dfd6d147125015829fe1b74309f4ebcce86a9ffd322349c0e1dbb317cb9,7569,,,true
P01_WHITE_E_000010,P01,WHITE,E,image_000010.jpg,training/P01/WHITE/E/images/image_000010.jpg,421e89a7e6913138c296fb60ec9078cc6192af32eb449a97da9b232d2eae1948,8075,,,true
P01_WHITE_E_000011,P01,WHITE,E,image_000011.jpg,training/P01/WHITE/E/images/image_000011.jpg,fb5a1284af36517cc232995e5ec4ac7fa37aa4cabaf25ce1356dc21579eb509a,7693,,,true
P01_WHITE_E_000012,P01,WHITE,E,image_000012.jpg,training/P01/WHITE/E/images/image_000012.jpg,37239aa47f864bcaa8c802745a998ce67d805b9a478dd8e7c5454efb628972d0,7533,,,true
P01_WHITE_E_000013,P01,WHITE,E,image_000013.jpg,training/P01/WHITE/E/images/image_000013.jpg,1ae073bf7523f90bd4baa88a58b6eedbf1d888cf79239e953f5692dcd234fcb4,7385,,,true
P01_WHITE_E_000014,P01,WHITE,E,image_000014.jpg,training/P01/WHITE/E/images/image_000014.jpg,a8e6d2a6bc8064236efeab073a56ff2a06a571efdec8342c241b9adcfde3383d,7426,,,true
P01_WHITE_E_000015,P01,WHITE,E,image_000015.jpg,training/P01/WHITE/E/images/image_000015.jpg,08c0c017a5434aecacda7dec4f1fa744347d3e1d2010aac698ce2ff5acac6831,7653,,,true
P01_WHITE_E_000016,P01,WHITE,E,image_000016.jpg,training/P01/WHITE/E/images/image_000016.jpg,5aaa8072d34aacacddfaa7a4493bb71692ac5010874d0e501229506c792771b6,7592,,,true
P01_WHITE_E_000017,P01,WHITE,E,image_000017.jpg,training/P01/WHITE/E/images/image_000017.jpg,7303a1cf828de47b5e5e57b164ea518e4be7ae8c3be21044bfff1973f0eec9e9,7677,,,true
P01_WHITE_E_000018,P01,WHITE,E,image_000018.jpg,training/P01/WHITE/E/images/image_000018.jpg,99936e90ca433094d06238b5ed9f10cd1b666788913e3a26cea6feebc1cc7926,7838,,,true
P01_WHITE_E_000019,P01,WHITE,E,image_000019.jpg,training/P01/WHITE/E/images/image_000019.jpg,5fe6ffd556e78bf4d2079706784d279fbfda0d8be22dc6d63b34e3ff98555f2a,7874,,,true
P01_WHITE_E_000020,P01,WHITE,E,image_000020.jpg,training/P01/WHITE/E/images/image_000020.jpg,992d630fbf0c639b077a00dfadd06c865b4d3ebebdfcab09cb5210df680e8aa8,7698,,,true
P01_WHITE_E_000021,P01,WHITE,E,image_000021.jpg,training/P01/WHITE/E/images/image_000021.jpg,6f2ec905c2ed4c84e1d2d824f59efbbf9024118648856cc18b366084ca36092a,7502,,,true
P01_WHITE_E_000022,P01,WHITE,E,image_000022.jpg,training/P01/WHITE/E/images/image_000022.jpg,f4e9b006196df6b8acbb1c5be7e86d6d4519460b557d91df1bf2f56c426bf69b,7633,,,true
P01_WHITE_E_000023,P01,WHITE,E,image_000023.jpg,training/P01/WHITE/E/images/image_000023.jpg,dfffc473fa00c1e71bdbe7310f55bc094c50002bd4ef7bb7b253aa2b4708bb82,7839,,,true
P01_WHITE_E_000024,P01,WHITE,E,image_000024.jpg,training/P01/WHITE/E/images/image_000024.jpg,3084e0b7f3a4a83df9fdb05473204252d8e1ae4ed22bd79abc8b8669ecacdb8b,7781,,,true
P01_WHITE_E_000025,P01,WHITE,E,image_000025.jpg,training/P01/WHITE/E/images/image_000025.jpg,9f6dafcb930bd1552165cb6069509751eca79a922ed338a6bee79bde5bb2e0bf,7682,,,true
P01_WHITE_I_000001,P01,WHITE,I,image_000001.jpg,training/P01/WHITE/I/images/image_000001.jpg,9526ec5cd453356cf0a14ee2e5f41c4a4112fa4c248f55cd18c469c2f6dd675b,7509,,,true
P01_WHITE_I_000002,P01,WHITE,I,image_000002.jpg,training/P01/WHITE/I/images/image_000002.jpg,6a799350dbb8cdb21a468884ed761d9d448484c936e107bdf337314f19caf5bc,7526,,,true
P01_WHITE_I_000003,P01,WHITE,I,image_000003.jpg,training/P01/WHITE/I/images/image_000003.jpg,e1e1b44654d1223bedfd111fbd4ba5bc267fa7a4b9736c440e1e86850e262856,7633,,,true
P01_WHITE_I_000004,P01,WHITE,I,image_000004.jpg,training/P01/WHITE/I/images/image_000004.jpg,24deedd716343d14928b8171f6dc4d0291d49beb3a99cfd305436e614e746c38,7377,,,true
P01_WHITE_I_000005,P01,WHITE,I,image_000005.jpg,training/P01/WHITE/I/images/image_000005.jpg,3d3ee42397824ec95cfd92bd68f978995fa8d78cc8a76ce2465a271abf8eac8a,7641,,,true
P01_WHITE_I_000006,P01,WHITE,I,image_000006.jpg,training/P01/WHITE/I/images/image_000006.jpg,5d2db698f515a1e02638b9122d270f92b9ab46a97888dd65a596bc4724253d9f,7616,,,true
P01_WHITE_I_000007,P01,WHITE,I,image_000007.jpg,training/P01/WHITE/I/images/image_000007.jpg,7b32c2b46b403f410b1deff075a8093c5a1ff57523c084b698355f1b03343f21,7700,,,true
P01_WHITE_I_000008,P01,WHITE,I,image_000008.jpg,training/P01/WHITE/I/images/image_000008.jpg,7d650f8d764696b94b8b28c082a1012c081afea322466b0de486c2e4c275ec9e,7759,,,true
P01_WHITE_I_000009,P01,WHITE,I,image_000009.jpg,training/P01/WHITE/I/images/image_000009.jpg,3b42834749b01de5d96dddcb684bb90f13d527189f7e71e032932390a864ebb2,7820,,,true
P01_WHITE_I_000010,P01,WHITE,I,image_000010.jpg,training/P01/WHITE/I/images/image_000010.jpg,9274c4bb16e2797f1779de6859653eca5d4be03736f6ba02e2f7d4402ba50e96,7840,,,true
P01_WHITE_I_000011,P01,WHITE,I,image_000011.jpg,training/P01/WHITE/I/images/image_000011.jpg,d74a78ba98e241e6cacd419a3e1430de461ec0e10d128eebd47376b6773ce980,7779,,,true
P01_WHITE_I_000012,P01,WHITE,I,image_000012.jpg,training/P01/WHITE/I/images/image_000012.jpg,de2847769b8fc0eb9919012dc58aa8857834050c35ea443487421e7258a47cd1,7490,,,true
P01_WHITE_I_000013,P01,WHITE,I,image_000013.jpg,training/P01/WHITE/I/images/image_000013.jpg,90d1d17951bcb812b3ebd1c1b1ba55b2f78a0b11aae080646b1f2f4524c58ac1,7553,,,true
P01_WHITE_I_000014,P01,WHITE,I,image_000014.jpg,training/P01/WHITE/I/images/image_000014.jpg,2ceb69ce8e152ae879040a05b5b7a67d8d0a5b921114fdfc1941e9707c62d2a5,7688,,,true
P01_WHITE_I_000015,P01,WHITE,I,image_000015.jpg,training/P01/WHITE/I/images/image_000015.jpg,80cbfe1719680be26bfd65d42c42c54caa6c474ebce1832c64c4ecaf20f008cf,7969,,,true
P01_WHITE_I_000016,P01,WHITE,I,image_000016.jpg,training/P01/WHITE/I/images/image_000016.jpg,76c3efa196cbf0def298ee3c380ac6ecbe07aac4c4cd3b23dec4731f31abad7e,7579,,,true
P01_WHITE_I_000017,P01,WHITE,I,image_000017.jpg,training/P01/WHITE/I/images/image_000017.jpg,3fce96dbf36a7acc4826708a20fabf0dd5b1d91248d2f5bd5d8de78d6a05668b,7639,,,true
P01_WHITE_I_000018,P01,WHITE,I,image_000018.jpg,training/P01/WHITE/I/images/image_000018.jpg,27924a97a27641623c946b29c7fac738ff0485a624d44c5fd34304d4d91f784d,7585,,,true
P01_WHITE_I_000019,P01,WHITE,I,image_000019.jpg,training/P01/WHITE/I/images/image_000019.jpg,221f60eb1aab48ae163fada68f7569ae7bdce0f4a609d5961366e75f0faf2c5c,7592,,,true
P01_WHITE_I_000020,P01,WHITE,I,image_000020.jpg,training/P01/WHITE/I/images/image_000020.jpg,030922284c0d347e0c891a258b2a92306238f0b1250dd0f048638e8e9a99dc17,7626,,,true
P01_WHITE_I_000021,P01,WHITE,I,image_000021.jpg,training/P01/WHITE/I/images/image_000021.jpg,4ed20ccb2f4c8cc13a97f780d0a0bcb04258f1f2db908d819b38a93473c7e6ea,7532,,,true
P01_WHITE_I_000022,P01,WHITE,I,image_000022.jpg,training/P01/WHITE/I/images/image_000022.jpg,4c1a253d96292dd85d7d840550991d02a85ef9c72a2f96cc8dadf4da477c0327,7477,,,true
P01_WHITE_I_000023,P01,WHITE,I,image_000023.jpg,training/P01/WHITE/I/images/image_000023.jpg,f5ee8c98f1355a332dac932e4901da6a2b5e79133fafa36ef0c92ee1f35a18c2,7394,,,true
P01_WHITE_I_000024,P01,WHITE,I,image_000024.jpg,training/P01/WHITE/I/images/image_000024.jpg,0c2bf13895eab47642da4abe4fc081afb8a984b6ebf3a3d841caccae3bdca349,7364,,,true
P01_WHITE_I_000025,P01,WHITE,I,image_000025.jpg,training/P01/WHITE/I/images/image_000025.jpg,6b48cc3b562a7af673617962b6cf9f0b212ba9938ee9441d7cb4a0575d00856c,7383,,,true
P01_WHITE_L_000001,P01,WHITE,L,image_000001.jpg,training/P01/WHITE/L/images/image_000001.jpg,d34fb09f355931da77e2311118f670f94880b7b32d963e9c4c37db9f6b6e2cfc,8251,,,true
P01_WHITE_L_000002,P01,WHITE,L,image_000002.jpg,training/P01/WHITE/L/images/image_000002.jpg,ad858425f0f997961920b2ff94405cb70b5cf021e01b03faa37d6626cbcbd632,8241,,,true
P01_WHITE_L_000003,P01,WHITE,L,image_000003.jpg,training/P01/WHITE/L/images/image_000003.jpg,e52440851ee9b550bf120c03d646f39d2b38253b5a3b35ab818bc2a2f6f5737b,8163,,,true
P01_WHITE_L_000004,P01,WHITE,L,image_000004.jpg,training/P01/WHITE/L/images/image_000004.jpg,9fcde39d509027a87577b6ff194644f21ff368cad12a813e7c890fbbe540580a,8028,,,true
P01_WHITE_L_000005,P01,WHITE,L,image_000005.jpg,training/P01/WHITE/L/images/image_000005.jpg,68ebcf83dec476c689eecb0dbd65505101a050dda1a61910b92fa70bd8566525,8108,,,true
P01_WHITE_L_000006,P01,WHITE,L,image_000006.jpg,training/P01/WHITE/L/images/image_000006.jpg,3036dd1abcf1e97a2cc553e294b9efe2aa1c3a4b261a096a57f5470246a51dd0,8040,,,true
P01_WHITE_L_000007,P01,WHITE,L,image_000007.jpg,training/P01/WHITE/L/images/image_000007.jpg,17f1266f67607f526d8b0240a513623fc49531471846a03ac482df6ff6385b2b,7956,,,true
P01_WHITE_L_000008,P01,WHITE,L,image_000008.jpg,training/P01/WHITE/L/images/image_000008.jpg,5e5ac99a15b75b9276d5ddc09efb7719e8b4363ed5deca7db3d5a17a79746f77,7845,,,true
P01_WHITE_L_000009,P01,WHITE,L,image_000009.jpg,training/P01/WHITE/L/images/image_000009.jpg,92a175bc30b60d55d38ff6b63c2d8cf266970e0e6001763e381d45465bc01347,7793,,,true
P01_WHITE_L_000010,P01,WHITE,L,image_000010.jpg,training/P01/WHITE/L/images/image_000010.jpg,1626d997a3c26d8063de8cdcfd3327a36c31c5ead2b9ca90d7c6656e48099ce1,7683,,,true
P01_WHITE_L_000011,P01,WHITE,L,image_000011.jpg,training/P01/WHITE/L/images/image_000011.jpg,84148e590bbdb8341d65f117fc34ffcb78830d7e190cd8d82d853b52d236aae2,7687,,,true
P01_WHITE_L_000012,P01,WHITE,L,image_000012.jpg,training/P01/WHITE/L/images/image_000012.jpg,c607322288672988e3b1706f6b91b48c2ca0b208276ae8d6b33e153c6caa6c3a,7814,,,true
P01_WHITE_L_000013,P01,WHITE,L,image_000013.jpg,training/P01/WHITE/L/images/image_000013.jpg,27f47936e43ac3baec4a6a4c3c625cef0cf4234874d4fa14d8fe913e5fa6db6d,7705,,,true
P01_WHITE_L_000014,P01,WHITE,L,image_000014.jpg,training/P01/WHITE/L/images/image_000014.jpg,5268d489ec42c29da6d370fbda7228802607f4e325f836657ad5689efb9f3200,7746,,,true
P01_WHITE_L_000015,P01,WHITE,L,image_000015.jpg,training/P01/WHITE/L/images/image_000015.jpg,ef6a5080ca180f008a16fa520da9b611c12235d5116d8cc18ad192c16c41cb23,7724,,,true
P01_WHITE_L_000016,P01,WHITE,L,image_000016.jpg,training/P01/WHITE/L/images/image_000016.jpg,a2dacf06ef962504ad9f3d99d6235d62740153200e0365410398a3edb1349ef9,7734,,,true
P01_WHITE_L_000017,P01,WHITE,L,image_000017.jpg,training/P01/WHITE/L/images/image_000017.jpg,ae1cc6677e19e83ba9e58693fe2737fc5e63f119781eb4a7598b52f92b2f0517,8521,,,true
P01_WHITE_L_000018,P01,WHITE,L,image_000018.jpg,training/P01/WHITE/L/images/image_000018.jpg,7a10fad58fd6c02aec91f6b9571ad989b0240a4fbd2e61416570a57ed404dc69,7984,,,true
P01_WHITE_L_000019,P01,WHITE,L,image_000019.jpg,training/P01/WHITE/L/images/image_000019.jpg,a4cbc886cda80cc3a0f6190cfb68851cd0e2ad7a1422a49bcadf0fc78e29f3e1,7993,,,true
P01_WHITE_L_000020,P01,WHITE,L,image_000020.jpg,training/P01/WHITE/L/images/image_000020.jpg,7081e80c4f71fd8a464e268bc365f373a38e585059c11e5fae448ab68863cefc,7596,,,true
P01_WHITE_L_000021,P01,WHITE,L,image_000021.jpg,training/P01/WHITE/L/images/image_000021.jpg,91dcc253c698cfdc8e3569847efec75b4b0c07d759c592fe37a2337c232fad81,7718,,,true
P01_WHITE_L_000022,P01,WHITE,L,image_000022.jpg,training/P01/WHITE/L/images/image_000022.jpg,f282d6a8aed757b188c4e506b9aa720e8d6408ae3b598d071af731c694cc8b62,7661,,,true
P01_WHITE_L_000023,P01,WHITE,L,image_000023.jpg,training/P01/WHITE/L/images/image_000023.jpg,a6e5e5d1ef301647de93fa5c78fe261a1765b963f2f6207c2476d5f9a4d00ef1,7795,,,true
P01_WHITE_L_000024,P01,WHITE,L,image_000024.jpg,training/P01/WHITE/L/images/image_000024.jpg,dce7f5076d889cb55723d7bd4b187f39dba090c0af82fe6c57de0055a47094c8,7550,,,true
P01_WHITE_L_000025,P01,WHITE,L,image_000025.jpg,training/P01/WHITE/L/images/image_000025.jpg,de2ba13075551240f9c0bd83692dcc68c96759e468d067a88a3343464ebfb52b,7403,,,true
P01_WHITE_M_000001,P01,WHITE,M,image_000001.jpg,training/P01/WHITE/M/images/image_000001.jpg,a143c92b7887f7a32e60017e7b9c712407b5521c433af22efef5c36c3530149f,8216,,,true
P01_WHITE_M_000002,P01,WHITE,M,image_000002.jpg,training/P01/WHITE/M/images/image_000002.jpg,2d4220efa080b12c7551bc8aff4eb72f8486c54ead0713e0ecfe9cd8e7e8a3c8,8491,,,true
P01_WHITE_M_000003,P01,WHITE,M,image_000003.jpg,training/P01/WHITE/M/images/image_000003.jpg,5487fcd50857a6635b71fdf42128aa3ec4ed1fa853d6bfd6402ce0d5f237924a,8421,,,true
P01_WHITE_M_000004,P01,WHITE,M,image_000004.jpg,training/P01/WHITE/M/images/image_000004.jpg,55fc3b19b05a1876ec291dd21a143ab1221a59d90439370cf0c669ae229ba6ce,8505,,,true
P01_WHITE_M_000005,P01,WHITE,M,image_000005.jpg,training/P01/WHITE/M/images/image_000005.jpg,31a2d967785b7866f6c98a97981b0a48de26835c1bb52e21e3b2bdc1894b22df,8534,,,true
P01_WHITE_M_000006,P01,WHITE,M,image_000006.jpg,training/P01/WHITE/M/images/image_000006.jpg,f8b621d63114c423a285f322c7c976c34f22098d353e1e3bf07966438c85ccc9,8817,,,true
P01_WHITE_M_000007,P01,WHITE,M,image_000007.jpg,training/P01/WHITE/M/images/image_000007.jpg,ef13c331e270a9f0597513cec7bc52a898b5812ef1e3370d87501d1eb9465dca,8573,,,true
P01_WHITE_M_000008,P01,WHITE,M,image_000008.jpg,training/P01/WHITE/M/images/image_000008.jpg,b3f792775b9370914d41946561bee7f745bd75ce6e03ffa7dbdc6e22de850787,8487,,,true
P01_WHITE_M_000009,P01,WHITE,M,image_000009.jpg,training/P01/WHITE/M/images/image_000009.jpg,75d46800be497c64619ea483a61e92e710de137d9b5c5721c31cf3014118c6b7,8508,,,true
P01_WHITE_M_000010,P01,WHITE,M,image_000010.jpg,training/P01/WHITE/M/images/image_000010.jpg,d9dbed2e434bcc769b8f3e7ce8b30da6dbe8ddfc63ea6c8f24b15c10a0b1049d,8430,,,true
P01_WHITE_M_000011,P01,WHITE,M,image_000011.jpg,training/P01/WHITE/M/images/image_000011.jpg,370ce5cdafdb0387ea311727c0f75a792913e926090309b472dfd0a70c56cc30,8569,,,true
P01_WHITE_M_000012,P01,WHITE,M,image_000012.jpg,training/P01/WHITE/M/images/image_000012.jpg,b9413517b6fce7a76a7dde420aa6c8c402f68eaf5f7fe4134ab9305bf94688c8,8792,,,true
P01_WHITE_M_000013,P01,WHITE,M,image_000013.jpg,training/P01/WHITE/M/images/image_000013.jpg,ba056238b3ab80f0439b82b601995fec7d34dde1d302b7156289e12987a4eae8,8681,,,true
P01_WHITE_M_000014,P01,WHITE,M,image_000014.jpg,training/P01/WHITE/M/images/image_000014.jpg,4c30d256e76f60f084a79c8761e43a648940c7f3ec64e0b19152c479a050e6e5,8508,,,true
P01_WHITE_M_000015,P01,WHITE,M,image_000015.jpg,training/P01/WHITE/M/images/image_000015.jpg,e2c66cbbe79f59fefb1829021dbed27edd1dae2f6cc1cbe08bdb59b920880b7d,8369,,,true
P01_WHITE_M_000016,P01,WHITE,M,image_000016.jpg,training/P01/WHITE/M/images/image_000016.jpg,88636921c9fd37898b3a03afa3321d506cd92024bbd2e4f9fc75fa64e41c3b98,8769,,,true
P01_WHITE_M_000017,P01,WHITE,M,image_000017.jpg,training/P01/WHITE/M/images/image_000017.jpg,1925206d5476dbf3d0c85d5b364319d3800b45197929088676fd47effc4660c4,8769,,,true
P01_WHITE_M_000018,P01,WHITE,M,image_000018.jpg,training/P01/WHITE/M/images/image_000018.jpg,e14e1728fb050ba4f94f5bea6a60aaa468666c5ad48e86aa1d7467e7dcda9067,8552,,,true
P01_WHITE_M_000019,P01,WHITE,M,image_000019.jpg,training/P01/WHITE/M/images/image_000019.jpg,9f5807961452ec04ca861b8b7e5aebce195553d90cd45efd4aa706d129be6a7b,8384,,,true
P01_WHITE_M_000020,P01,WHITE,M,image_000020.jpg,training/P01/WHITE/M/images/image_000020.jpg,08cd0b778d183fdc06af69d3f5646d9c8571449652a22fd93371365b5e4b8437,8768,,,true
P01_WHITE_M_000021,P01,WHITE,M,image_000021.jpg,training/P01/WHITE/M/images/image_000021.jpg,34a05ecf978d2c1d7f9c488e8ec73803f55ff632b8ec609a204f97c457a0b242,8317,,,true
P01_WHITE_M_000022,P01,WHITE,M,image_000022.jpg,training/P01/WHITE/M/images/image_000022.jpg,7ddfc3ce5f24a1d04fd52918ddab0fb9e1e40fdf8846e5d8180c7cdfefa8ff7d,8411,,,true
P01_WHITE_M_000023,P01,WHITE,M,image_000023.jpg,training/P01/WHITE/M/images/image_000023.jpg,17dc4929347b195aadf8bcd5b7dd270e31c09408914c7233338f52987495a9b7,8428,,,true
P01_WHITE_M_000024,P01,WHITE,M,image_000024.jpg,training/P01/WHITE/M/images/image_000024.jpg,77943264792a8f7ec4a85b19c8d8ea8143800af51fc8fcda0647c8309e045c05,8739,,,true
P01_WHITE_M_000025,P01,WHITE,M,image_000025.jpg,training/P01/WHITE/M/images/image_000025.jpg,34776e0e791fbbc26d2ef1057980c202e4c681e8c99ee403918473223b2257a0,8401,,,true
P01_WHITE_N_000001,P01,WHITE,N,image_000001.jpg,training/P01/WHITE/N/images/image_000001.jpg,cda3803fe28587a4cb95736f7a02c1928438a96c87fbe3c947c143bcf92275f2,8302,,,true
P01_WHITE_N_000002,P01,WHITE,N,image_000002.jpg,training/P01/WHITE/N/images/image_000002.jpg,767a2574520d3c844ebb5d73567bbac53427a8747dbb35e7bf7cdff17f941c47,8473,,,true
P01_WHITE_N_000003,P01,WHITE,N,image_000003.jpg,training/P01/WHITE/N/images/image_000003.jpg,72a36bbfda8fc93dbeb21d84c5222eb408cf849049f8775b3ea0e6b90ed1c511,8223,,,true
P01_WHITE_N_000004,P01,WHITE,N,image_000004.jpg,training/P01/WHITE/N/images/image_000004.jpg,247fbe9fcb18126adbcd87af1d3e5b6dab3d2a95f1f92917eb76ab267d1a7d0e,8588,,,true
P01_WHITE_N_000005,P01,WHITE,N,image_000005.jpg,training/P01/WHITE/N/images/image_000005.jpg,7b58a0fa99ef2153cb949eda5f23c26845539e6fb91bd97aa69fcd41f6297314,7987,,,true
P01_WHITE_N_000006,P01,WHITE,N,image_000006.jpg,training/P01/WHITE/N/images/image_000006.jpg,cd40cf14bb7c01c159725d3b302ea8f14587252daa267198486de85697fc77ac,8042,,,true
P01_WHITE_N_000007,P01,WHITE,N,image_000007.jpg,training/P01/WHITE/N/images/image_000007.jpg,8b89593d3e34c6b504365e61e830ebdec6a8fe50e5121377dcf0cb3073c551fa,8145,,,true
P01_WHITE_N_000008,P01,WHITE,N,image_000008.jpg,training/P01/WHITE/N/images/image_000008.jpg,1d4419edd9770953dde926ca3644d337bd960801f3c583ba34fe50b362fc45a8,8052,,,true
P01_WHITE_N_000009,P01,WHITE,N,image_000009.jpg,training/P01/WHITE/N/images/image_000009.jpg,eaf1bfcd954230011507d51a13a2273317d423541b43ef44eb778a2657d4ad2f,8378,,,true
P01_WHITE_N_000010,P01,WHITE,N,image_000010.jpg,training/P01/WHITE/N/images/image_000010.jpg,19bdb725491a1690616b990fe5e3b03738ad44d4924661298fe14ff160bd7424,8273,,,true
P01_WHITE_N_000011,P01,WHITE,N,image_000011.jpg,training/P01/WHITE/N/images/image_000011.jpg,7cfece5faf014cd6964376e5279f64943ac17921685a56936282a30ea99e9712,8062,,,true
P01_WHITE_N_000012,P01,WHITE,N,image_000012.jpg,training/P01/WHITE/N/images/image_000012.jpg,e24767a4618be55f907320a11a5782e0c9a2c50c2c89540fbd4cd651fe27745b,8192,,,true
P01_WHITE_N_000013,P01,WHITE,N,image_000013.jpg,training/P01/WHITE/N/images/image_000013.jpg,dd5c2ee0f496622e3d6aced722f6c8b1a564a732cf0c14057655ff2a954ffe39,8018,,,true
P01_WHITE_N_000014,P01,WHITE,N,image_000014.jpg,training/P01/WHITE/N/images/image_000014.jpg,532e239447ac3af2cdfc0b161e4edc1a9f93e67d96cc9cb71828110ac673d9c2,7867,,,true
P01_WHITE_N_000015,P01,WHITE,N,image_000015.jpg,training/P01/WHITE/N/images/image_000015.jpg,1177600136b9501735769c3ff334ff399b56a90c3dad48b83019bf075489789c,7834,,,true
P01_WHITE_N_000016,P01,WHITE,N,image_000016.jpg,training/P01/WHITE/N/images/image_000016.jpg,5da7b3df717833cf4e400d6d0a07c7287688d8bdd02e73568a80a48e714e5c72,8321,,,true
P01_WHITE_N_000017,P01,WHITE,N,image_000017.jpg,training/P01/WHITE/N/images/image_000017.jpg,e032ce60626fd897fe2bd9092fcabf8d8350df68e7ce41077e69f20fc401df1c,8034,,,true
P01_WHITE_N_000018,P01,WHITE,N,image_000018.jpg,training/P01/WHITE/N/images/image_000018.jpg,c991e8197045f8edb069748e3eb2db12fb698761ab62e94641224099c8c32d92,7983,,,true
P01_WHITE_N_000019,P01,WHITE,N,image_000019.jpg,training/P01/WHITE/N/images/image_000019.jpg,a735446d4b6b898a4a33ded5ece1a965c614a68cba384872353edda24d29a91a,7974,,,true
P01_WHITE_N_000020,P01,WHITE,N,image_000020.jpg,training/P01/WHITE/N/images/image_000020.jpg,f966dc6f287925ee853ba948240cea75ab488bd927e487f08abf6549b839edfb,7997,,,true
P01_WHITE_N_000021,P01,WHITE,N,image_000021.jpg,training/P01/WHITE/N/images/image_000021.jpg,44b6e9344ecf5006dcb5b9db2e9e2ec966a9033f31357a69060a2becf239e358,7955,,,true
P01_WHITE_N_000022,P01,WHITE,N,image_000022.jpg,training/P01/WHITE/N/images/image_000022.jpg,8823c2527c9ec693009622fe7acb31a376700c0f92ed0edc3d858a792f2ce77b,8222,,,true
P01_WHITE_N_000023,P01,WHITE,N,image_000023.jpg,training/P01/WHITE/N/images/image_000023.jpg,3ca13a6109a4d3e4299a0fbd025963277951c7b65fb306652c35d11f8a403e75,8203,,,true
P01_WHITE_N_000024,P01,WHITE,N,image_000024.jpg,training/P01/WHITE/N/images/image_000024.jpg,4f66c56a28da6ce5de834d6d260577c36f5d1645d47c404fcf7ae9b94000bca8,7846,,,true
P01_WHITE_N_000025,P01,WHITE,N,image_000025.jpg,training/P01/WHITE/N/images/image_000025.jpg,72449fb48d87778b75d9e0f46a76d9d282c0e80f4064dcb1e4bb41cefa0c3607,8115,,,true
P01_WHITE_O_000001,P01,WHITE,O,image_000001.jpg,training/P01/WHITE/O/images/image_000001.jpg,15d352e78b1556000a1188d4c6a0375194620820f5c1b30a021625ca0fa2c363,9012,,,true
P01_WHITE_O_000002,P01,WHITE,O,image_000002.jpg,training/P01/WHITE/O/images/image_000002.jpg,2769611186dcc2089a159a6159e7931ae9faaa37a6f62ae90591be368275a6b4,8748,,,true
P01_WHITE_O_000003,P01,WHITE,O,image_000003.jpg,training/P01/WHITE/O/images/image_000003.jpg,8737e2eec9b7310d4c608e5f127fed13741844bf748cdbc64ef47194706b4c6a,8981,,,true
P01_WHITE_O_000004,P01,WHITE,O,image_000004.jpg,training/P01/WHITE/O/images/image_000004.jpg,1a98ec6db04093f5b384f885db1aca51faa3cc25cde7cff75d2457665b9acb0d,8956,,,true
P01_WHITE_O_000005,P01,WHITE,O,image_000005.jpg,training/P01/WHITE/O/images/image_000005.jpg,1c6f770d6b2cd39e39aa9dfe0108e4313453f3b965ffefdb343b8ca3173388fa,8939,,,true
P01_WHITE_O_000006,P01,WHITE,O,image_000006.jpg,training/P01/WHITE/O/images/image_000006.jpg,d7d616d9df3f67579994081a217df1572a96be642740b1fb801ce5f6eeb189e1,9367,,,true
P01_WHITE_O_000007,P01,WHITE,O,image_000007.jpg,training/P01/WHITE/O/images/image_000007.jpg,352affbf3b15421b8d4526efb1221a88963c6b331c68e1827e137e01e05c1f7c,9016,,,true
P01_WHITE_O_000008,P01,WHITE,O,image_000008.jpg,training/P01/WHITE/O/images/image_000008.jpg,03369d7aedd6e00a4a45bbaada7ae872601ac7cdb4978d07ddcd3ea17cdcb6f8,9021,,,true
P01_WHITE_O_000009,P01,WHITE,O,image_000009.jpg,training/P01/WHITE/O/images/image_000009.jpg,a4350b743d714a0981b1448ab66df02dfe6a6cf981dd06f7d020ddfadc7453eb,8592,,,true
P01_WHITE_O_000010,P01,WHITE,O,image_000010.jpg,training/P01/WHITE/O/images/image_000010.jpg,5e77264bee88da944de22319171cc2e091d18f2e3c8090b4a62b62343642dac9,8946,,,true
P01_WHITE_O_000011,P01,WHITE,O,image_000011.jpg,training/P01/WHITE/O/images/image_000011.jpg,0760e8e4b45d8661f7b450702f55ebf5392cfc0bf60e185fd7ce91fc3b7264c1,9116,,,true
P01_WHITE_O_000012,P01,WHITE,O,image_000012.jpg,training/P01/WHITE/O/images/image_000012.jpg,5ed8df599a2f90605266e8da41081722108bf5fd57bbc21e699a95586c6cd26b,9595,,,true
P01_WHITE_O_000013,P01,WHITE,O,image_000013.jpg,training/P01/WHITE/O/images/image_000013.jpg,81f29e0c9ac120104650091a319bbd0212ac2c307a5e06e99b95af2e0b52ae4c,9109,,,true
P01_WHITE_O_000014,P01,WHITE,O,image_000014.jpg,training/P01/WHITE/O/images/image_000014.jpg,1021e35da01d8a7f33de1ed58b0e98d336302243fb5519ce22841b17f25fb434,9049,,,true
P01_WHITE_O_000015,P01,WHITE,O,image_000015.jpg,training/P01/WHITE/O/images/image_000015.jpg,73d04e4f57e84cd00a9c82be97170ed3b1d9d951ab086d83e47f65217ca2d79f,9409,,,true
P01_WHITE_O_000016,P01,WHITE,O,image_000016.jpg,training/P01/WHITE/O/images/image_000016.jpg,7f588a11fe373ab0d74f5703636675bbc334fe1780823b04e2da63728e9c68ab,9402,,,true
P01_WHITE_O_000017,P01,WHITE,O,image_000017.jpg,training/P01/WHITE/O/images/image_000017.jpg,a092865d2c87a7662eeaf5161d45c71804d9a3a513640727e6548930391244bd,9003,,,true
P01_WHITE_O_000018,P01,WHITE,O,image_000018.jpg,training/P01/WHITE/O/images/image_000018.jpg,a6f0f715625c4583d18831a362ea1c8f0fca13dcdcf8fbff1f2ee44119058f91,9631,,,true
P01_WHITE_O_000019,P01,WHITE,O,image_000019.jpg,training/P01/WHITE/O/images/image_000019.jpg,206ad6504048a9168fae7b5a1c9c7ee4979df068ca1b28d2e649cb5866b807d7,9657,,,true
P01_WHITE_O_000020,P01,WHITE,O,image_000020.jpg,training/P01/WHITE/O/images/image_000020.jpg,1f50567dc26ee2676c3316bcc4c97ac699058fbe35b9d9750a80754097bf3209,9544,,,true
P01_WHITE_O_000021,P01,WHITE,O,image_000021.jpg,training/P01/WHITE/O/images/image_000021.jpg,29951a4a08cfb51d1f38c24de6b68d0ab108c13584fec2fb298646b334470001,10033,,,true
P01_WHITE_O_000022,P01,WHITE,O,image_000022.jpg,training/P01/WHITE/O/images/image_000022.jpg,8d537c3bf82bf9be38047fc9c25300d8528d27916d04dbf45e9e70a04d0d8d11,9754,,,true
P01_WHITE_O_000023,P01,WHITE,O,image_000023.jpg,training/P01/WHITE/O/images/image_000023.jpg,5db8588afc29317430dd782c5e1d77aaebc4b655a913ee3ace4b1e7c451973e3,9591,,,true
P01_WHITE_O_000024,P01,WHITE,O,image_000024.jpg,training/P01/WHITE/O/images/image_000024.jpg,55706607904c08d217247e93c448761c6617c721ae1e940fc8406d1a3c530cf2,9553,,,true
P01_WHITE_O_000025,P01,WHITE,O,image_000025.jpg,training/P01/WHITE/O/images/image_000025.jpg,b8d53cf210a14451469f837327df722e4fcc6bef3a29f87935dea8ed6c392af4,9957,,,true
P01_WHITE_P_000001,P01,WHITE,P,image_000001.jpg,training/P01/WHITE/P/images/image_000001.jpg,651df9c7a5877794cb661367e1d15bff4704085e32a513af007d9f6a350733d4,7863,,,true
P01_WHITE_P_000002,P01,WHITE,P,image_000002.jpg,training/P01/WHITE/P/images/image_000002.jpg,6b57799b968654e973230e001eb30f9c3a2b651c216114675d08ea8a8507a63d,7875,,,true
P01_WHITE_P_000003,P01,WHITE,P,image_000003.jpg,training/P01/WHITE/P/images/image_000003.jpg,84162ac94f747fb01ceb5aafba104dc13a8153e529249b871fc103ba75902621,8098,,,true
P01_WHITE_P_000004,P01,WHITE,P,image_000004.jpg,training/P01/WHITE/P/images/image_000004.jpg,f5faf11254f2aa8f09f08e5f6ec84d22e1a6ce5b985732fdc25c4e161797ab0a,7722,,,true
P01_WHITE_P_000005,P01,WHITE,P,image_000005.jpg,training/P01/WHITE/P/images/image_000005.jpg,a609ad58f0e254dbbf477b25416a586ebd2750e7731404e5fe39ab82beec9ee0,7958,,,true
P01_WHITE_P_000006,P01,WHITE,P,image_000006.jpg,training/P01/WHITE/P/images/image_000006.jpg,15ac24dd79c475570964e181851139b177965041cdc2abaaf4ed14ea58e6213d,7688,,,true
P01_WHITE_P_000007,P01,WHITE,P,image_000007.jpg,training/P01/WHITE/P/images/image_000007.jpg,d750c1c7d9d06ad3841d649f6b7eb0a7aef2caa7da0d49cf0c2574f515c2e64f,7852,,,true
P01_WHITE_P_000008,P01,WHITE,P,image_000008.jpg,training/P01/WHITE/P/images/image_000008.jpg,e0af281280e6782b689be11eb23ff7d4dcce92096134d50a52af9053346ea582,7995,,,true
P01_WHITE_P_000009,P01,WHITE,P,image_000009.jpg,training/P01/WHITE/P/images/image_000009.jpg,7bd61796ca72245e34552898e1723ae5138b002785a0bd739326b0170fca76e7,7721,,,true
P01_WHITE_P_000010,P01,WHITE,P,image_000010.jpg,training/P01/WHITE/P/images/image_000010.jpg,985f457c60bac55aed8ba26bc240fa669127fa29111f9e8360d9850a58dcf473,7729,,,true
P01_WHITE_P_000011,P01,WHITE,P,image_000011.jpg,training/P01/WHITE/P/images/image_000011.jpg,9db0e59c9ebea6354bbec13d90408aeb8c0f5fd51a07e4bdbe3246e20876a712,7656,,,true
P01_WHITE_P_000012,P01,WHITE,P,image_000012.jpg,training/P01/WHITE/P/images/image_000012.jpg,a8edcb7d39ee4dc94cf432927cc6d92b429cef12f7b4b257db6c8b98fd917950,7649,,,true
P01_WHITE_P_000013,P01,WHITE,P,image_000013.jpg,training/P01/WHITE/P/images/image_000013.jpg,5844611c8d55baabe5db43e8eb375fc055cde189e1c1b2da9c60b9b3b7e20249,7893,,,true
P01_WHITE_P_000014,P01,WHITE,P,image_000014.jpg,training/P01/WHITE/P/images/image_000014.jpg,98e143d97d18f7c14ec6b28bc64ef08b7350e5615490d01cb9b8adf32415c79b,7990,,,true
P01_WHITE_P_000015,P01,WHITE,P,image_000015.jpg,training/P01/WHITE/P/images/image_000015.jpg,dabfbb53eec012157670cefe6b830a82f7aadcdfd7dceaa0d5027ac35aac9314,7801,,,true
P01_WHITE_P_000016,P01,WHITE,P,image_000016.jpg,training/P01/WHITE/P/images/image_000016.jpg,819f86fa56207e19cdb227090bcafacaf0542bd73d7124e1650791aa694d4cc9,7762,,,true
P01_WHITE_P_000017,P01,WHITE,P,image_000017.jpg,training/P01/WHITE/P/images/image_000017.jpg,4cb8717fc0f602033a7a4faad7c0ab58726e127ea9d210e468443c2990e20114,7729,,,true
P01_WHITE_P_000018,P01,WHITE,P,image_000018.jpg,training/P01/WHITE/P/images/image_000018.jpg,37fb3b896a0132797d231d333532aa03865e54080cb3299bcbc0c804588f7a22,7493,,,true
P01_WHITE_P_000019,P01,WHITE,P,image_000019.jpg,training/P01/WHITE/P/images/image_000019.jpg,76ce41a277e64c5fb0e8e8d6169ee29e6a3ce5daab9819410c8cee8b708105c6,7614,,,true
P01_WHITE_P_000020,P01,WHITE,P,image_000020.jpg,training/P01/WHITE/P/images/image_000020.jpg,e144d0c6b0f2d19b5b09d2f97666ab81cdce0920b412b59f6e8c298fb782d9ac,7494,,,true
P01_WHITE_P_000021,P01,WHITE,P,image_000021.jpg,training/P01/WHITE/P/images/image_000021.jpg,85b4d3d5e3e45c196486a213f2184109aa6247af24f5c77acb98dcffbc9530d3,7846,,,true
P01_WHITE_P_000022,P01,WHITE,P,image_000022.jpg,training/P01/WHITE/P/images/image_000022.jpg,16dc81fb922fddd80e4537d7f23681b199d60bb6e455f65bdd14201464ec5f53,7641,,,true
P01_WHITE_P_000023,P01,WHITE,P,image_000023.jpg,training/P01/WHITE/P/images/image_000023.jpg,c99eef59b7869d9ce196c08b03a91087759274e2ec93a5329d756cc218157e31,7626,,,true
P01_WHITE_P_000024,P01,WHITE,P,image_000024.jpg,training/P01/WHITE/P/images/image_000024.jpg,01e28121a932f4428e8191040f0eb5ee95a6109a1da7be94489b02f027dae1c2,7685,,,true
P01_WHITE_P_000025,P01,WHITE,P,image_000025.jpg,training/P01/WHITE/P/images/image_000025.jpg,cee4da88943f9e671ce6d5a9b9e52ee19f2a86572d75d7c877ffe401513eb1eb,8001,,,true
P01_WHITE_R_000001,P01,WHITE,R,image_000001.jpg,training/P01/WHITE/R/images/image_000001.jpg,f940089ac276964c9ff0d30eab126683103b242f98a0c75ba25de7025dc61a15,7896,,,true
P01_WHITE_R_000002,P01,WHITE,R,image_000002.jpg,training/P01/WHITE/R/images/image_000002.jpg,a0dad1ebf3e8107ae0f3ac88ebc1e6398b219907690bcf8463cb191e75457350,7722,,,true
P01_WHITE_R_000003,P01,WHITE,R,image_000003.jpg,training/P01/WHITE/R/images/image_000003.jpg,f5c96a902e3aa502b6df427d8d0c2e017966d27fb3a534e0e857f779c8dc6489,8096,,,true
P01_WHITE_R_000004,P01,WHITE,R,image_000004.jpg,training/P01/WHITE/R/images/image_000004.jpg,22c1f8063b2f86cce6d4d5d6bc547b5db7eb41a29ff4681bc29888e497f1dd47,8082,,,true
P01_WHITE_R_000005,P01,WHITE,R,image_000005.jpg,training/P01/WHITE/R/images/image_000005.jpg,54ae5b9e079424268f549365a734167157df77c32630fca73cc66358b009fa86,8093,,,true
P01_WHITE_R_000006,P01,WHITE,R,image_000006.jpg,training/P01/WHITE/R/images/image_000006.jpg,41b8d883e1fa46f708b39628c190c137b972710427a5a6522e58e18606be6947,8025,,,true
P01_WHITE_R_000007,P01,WHITE,R,image_000007.jpg,training/P01/WHITE/R/images/image_000007.jpg,1f930a652245784cdf459dbcdd93054aac93c91e010cc0af4174a76a069a6d5b,7735,,,true
P01_WHITE_R_000008,P01,WHITE,R,image_000008.jpg,training/P01/WHITE/R/images/image_000008.jpg,aefe1b1a5a485998b2390109a786744b08b3b55875159652a09b2fdb2c93680e,7892,,,true
P01_WHITE_R_000009,P01,WHITE,R,image_000009.jpg,training/P01/WHITE/R/images/image_000009.jpg,ac6b25481a784d1ab6277eb6f40af9f5ca207d514e696bf97e2ebd5b177d6a06,7838,,,true
P01_WHITE_R_000010,P01,WHITE,R,image_000010.jpg,training/P01/WHITE/R/images/image_000010.jpg,b1fd6fec40f2a0ab35a11abd39288610722a585ce157acbf23e76d2e8f0131c9,7645,,,true
P01_WHITE_R_000011,P01,WHITE,R,image_000011.jpg,training/P01/WHITE/R/images/image_000011.jpg,ea4cbc4db749e17da4982d33b769713c7a5584eae7f71cff80b7a95566357c96,7694,,,true
P01_WHITE_R_000012,P01,WHITE,R,image_000012.jpg,training/P01/WHITE/R/images/image_000012.jpg,3c834782a8d395bde4c0bcc00f56e49d84e268c3b48294b8fd2fa06d1092a29b,7982,,,true
P01_WHITE_R_000013,P01,WHITE,R,image_000013.jpg,training/P01/WHITE/R/images/image_000013.jpg,bf387e5cdf4186a71a17cb4fe46598aa027dfbdbdff1ae66134505507acd52eb,7680,,,true
P01_WHITE_R_000014,P01,WHITE,R,image_000014.jpg,training/P01/WHITE/R/images/image_000014.jpg,378cafe521a9feb855cb8df4078dc45057dfed18e5de632d030da110444f1c03,7692,,,true
P01_WHITE_R_000015,P01,WHITE,R,image_000015.jpg,training/P01/WHITE/R/images/image_000015.jpg,87c5e8741cb328b970f530935da986ae6042db13377bea73e523afe9e8f272af,7744,,,true
P01_WHITE_R_000016,P01,WHITE,R,image_000016.jpg,training/P01/WHITE/R/images/image_000016.jpg,10bb6639755043e2281451a35eb98cbfcf8aa5c9cf75f3ecb31050fcc3413c33,7647,,,true
P01_WHITE_R_000017,P01,WHITE,R,image_000017.jpg,training/P01/WHITE/R/images/image_000017.jpg,7af708508749e4ae618aefdac1f589e2d82e4e4521ece5399c01e19a5f06fc3e,7529,,,true
P01_WHITE_R_000018,P01,WHITE,R,image_000018.jpg,training/P01/WHITE/R/images/image_000018.jpg,5dab6114b1f070c906519ba278a048042e6ecd83f406e15593bce96a422739c6,7695,,,true
P01_WHITE_R_000019,P01,WHITE,R,image_000019.jpg,training/P01/WHITE/R/images/image_000019.jpg,c3d39083b98d52ce53083c31836b34e4408cac930da91979775cf4bfad534703,7667,,,true
P01_WHITE_R_000020,P01,WHITE,R,image_000020.jpg,training/P01/WHITE/R/images/image_000020.jpg,960c995a6546dc8dca71ea81eae13440b49593e73e66779982c559a96b2263b6,7709,,,true
P01_WHITE_R_000021,P01,WHITE,R,image_000021.jpg,training/P01/WHITE/R/images/image_000021.jpg,de7b45f0a8d38701791f1038ca9ff986c1ab6072dc52a0f449d01d2ec8f31ddc,7637,,,true
P01_WHITE_R_000022,P01,WHITE,R,image_000022.jpg,training/P01/WHITE/R/images/image_000022.jpg,ea522703cd1c310ec9cf1e24ae777ead7e58b87775ad4eed02b24b5e924d8270,7580,,,true
P01_WHITE_R_000023,P01,WHITE,R,image_000023.jpg,training/P01/WHITE/R/images/image_000023.jpg,2fb94c8bdd41a9760b3554aaf12b1bef023fced7462e9f05455e56ec367fc99b,7647,,,true
P01_WHITE_R_000024,P01,WHITE,R,image_000024.jpg,training/P01/WHITE/R/images/image_000024.jpg,15e00dac5f654d3136790ce762be77fe121a8a4b87c421937c2a55b7ab9a7518,8116,,,true
P01_WHITE_R_000025,P01,WHITE,R,image_000025.jpg,training/P01/WHITE/R/images/image_000025.jpg,3a9cfa305b6cf629a7320bf59c9fcd3473e9919e3ccbe68c795a06d1411ea234,7724,,,true
P01_WHITE_S_000001,P01,WHITE,S,image_000001.jpg,training/P01/WHITE/S/images/image_000001.jpg,d83282d058545010fe16406c4806eb14072e1daea6a0400dd2f18a23722131db,9418,,,true
P01_WHITE_S_000002,P01,WHITE,S,image_000002.jpg,training/P01/WHITE/S/images/image_000002.jpg,e8f1673170e1b3694760c58702d0aa715368555e952384b3e677f553e35aab4f,9381,,,true
P01_WHITE_S_000003,P01,WHITE,S,image_000003.jpg,training/P01/WHITE/S/images/image_000003.jpg,e409d6b63d4c89004c0151dddc683f7754a84b5b84d148484ece2721fda306a2,9144,,,true
P01_WHITE_S_000004,P01,WHITE,S,image_000004.jpg,training/P01/WHITE/S/images/image_000004.jpg,4f58a27d5f65c9cfac2a9437ed642c2179d9514cb6a9eb4216530df93f957c7d,9415,,,true
P01_WHITE_S_000005,P01,WHITE,S,image_000005.jpg,training/P01/WHITE/S/images/image_000005.jpg,e214f7be307fa2fc8971bd0f9ad2390415b75ab0decc9650c0d51a013c9a1080,9499,,,true
P01_WHITE_S_000006,P01,WHITE,S,image_000006.jpg,training/P01/WHITE/S/images/image_000006.jpg,347ea43062707ca7c27e4ef06e8149b063dfc4b43fe15f6b2a62fc8d332d988d,9341,,,true
P01_WHITE_S_000007,P01,WHITE,S,image_000007.jpg,training/P01/WHITE/S/images/image_000007.jpg,dd01c2fe373ce92e420cd4a4388afc37cbe83d8f046f1752c6132a16af961378,9164,,,true
P01_WHITE_S_000008,P01,WHITE,S,image_000008.jpg,training/P01/WHITE/S/images/image_000008.jpg,58e722ee237e8faa5f70e04ad0e997829b0a79fafd55e41e4e2131ec84684486,9374,,,true
P01_WHITE_S_000009,P01,WHITE,S,image_000009.jpg,training/P01/WHITE/S/images/image_000009.jpg,7375eeac7ddfcf1b6259c75e6cb7b7365f465ca2c08e8c5e210ca064897b4a7b,9382,,,true
P01_WHITE_S_000010,P01,WHITE,S,image_000010.jpg,training/P01/WHITE/S/images/image_000010.jpg,f0dd3b1a011ed1675a5a06e4a832477a6270a295ce829d53744ac4cb76b1bd3e,9282,,,true
P01_WHITE_S_000011,P01,WHITE,S,image_000011.jpg,training/P01/WHITE/S/images/image_000011.jpg,26762a04e93572b6f031c44fe50281fd0d0a0c2d0156a4f3b75fa0b4290857cf,9133,,,true
P01_WHITE_S_000012,P01,WHITE,S,image_000012.jpg,training/P01/WHITE/S/images/image_000012.jpg,d2df9ef2da36076b1c8aaf389bb735ddd755e7f68192b852223ed48c8f9343a4,9320,,,true
P01_WHITE_S_000013,P01,WHITE,S,image_000013.jpg,training/P01/WHITE/S/images/image_000013.jpg,6d0f6781a06e065a3e5c597784ce14a5bb1d8f5d7b18939924bd1a26b7172709,9300,,,true
P01_WHITE_S_000014,P01,WHITE,S,image_000014.jpg,training/P01/WHITE/S/images/image_000014.jpg,d5b63014b98edf8cd99a92ffc1b95c4354b8ce47e13c145e5030172ee18b6669,9620,,,true
P01_WHITE_S_000015,P01,WHITE,S,image_000015.jpg,training/P01/WHITE/S/images/image_000015.jpg,dbeeca73f33d3ef6d407eae659405472d132c9aad55992f307973bfd6505319e,9228,,,true
P01_WHITE_S_000016,P01,WHITE,S,image_000016.jpg,training/P01/WHITE/S/images/image_000016.jpg,26ca118a72d44178b517fc8f333d7c8a4d6e42061b10e26ccedf58411d5ea255,9207,,,true
P01_WHITE_S_000017,P01,WHITE,S,image_000017.jpg,training/P01/WHITE/S/images/image_000017.jpg,fdf7ace01535b93b19bfd82ef4310d939e30c1966ef1a3b5915a35e075fb3bc4,9356,,,true
P01_WHITE_S_000018,P01,WHITE,S,image_000018.jpg,training/P01/WHITE/S/images/image_000018.jpg,296099b4422d7303f767ec3439676aa575ae46493094ec8ed46e43c984e0d42b,9861,,,true
P01_WHITE_S_000019,P01,WHITE,S,image_000019.jpg,training/P01/WHITE/S/images/image_000019.jpg,0a4b9055b5635ceee07153e07ea40431a1683d2133757fd2751b985392e2cb3a,9135,,,true
P01_WHITE_S_000020,P01,WHITE,S,image_000020.jpg,training/P01/WHITE/S/images/image_000020.jpg,49738c1170fafbfd261e1524c55da9315a6bdbcddd406a14bc0e3c5e358a6893,8952,,,true
P01_WHITE_S_000021,P01,WHITE,S,image_000021.jpg,training/P01/WHITE/S/images/image_000021.jpg,e7f06f0b995976b8301347865c7140929a6cb2a423cdfa67fda557c77c141790,8946,,,true
P01_WHITE_S_000022,P01,WHITE,S,image_000022.jpg,training/P01/WHITE/S/images/image_000022.jpg,450f51903dabe9671e061bc29aaaac31a2e7e297dc7560701ca05f6fb634e961,9160,,,true
P01_WHITE_S_000023,P01,WHITE,S,image_000023.jpg,training/P01/WHITE/S/images/image_000023.jpg,ff7f33ec4f43d1924b0741694193f076256f3735225f8abd7dc6e00c4668ec54,9501,,,true
P01_WHITE_S_000024,P01,WHITE,S,image_000024.jpg,training/P01/WHITE/S/images/image_000024.jpg,0e7843317c81a5e0dd13eaad048f913b7d89910a5ab94633b6f81f68d293578d,9315,,,true
P01_WHITE_S_000025,P01,WHITE,S,image_000025.jpg,training/P01/WHITE/S/images/image_000025.jpg,0d6c4ebce83464362c659e79604db3dbf6b3bb356867751b395d15580636a160,9176,,,true
P01_WHITE_T_000001,P01,WHITE,T,image_000001.jpg,training/P01/WHITE/T/images/image_000001.jpg,44e3751376636d2684fd12777c5f0b4c3279c1d9de697d093b3757fbf92413a8,8939,,,true
P01_WHITE_T_000002,P01,WHITE,T,image_000002.jpg,training/P01/WHITE/T/images/image_000002.jpg,c4749bb573d73dae9c872a9f1ca0b0da55b206cc868ba8fb2a50ecebb97365f3,8832,,,true
P01_WHITE_T_000003,P01,WHITE,T,image_000003.jpg,training/P01/WHITE/T/images/image_000003.jpg,1175b2e7dba5fdcfc8874b1f6de7d0d0d27f14b7570761dae3d8113145660e95,8828,,,true
P01_WHITE_T_000004,P01,WHITE,T,image_000004.jpg,training/P01/WHITE/T/images/image_000004.jpg,23d2db59533895108d0b218bb87f75d5d6dc7f0dd5f72f1863832ab110d91e8e,8438,,,true
P01_WHITE_T_000005,P01,WHITE,T,image_000005.jpg,training/P01/WHITE/T/images/image_000005.jpg,41c22591ba721391ffb40af2e4209ad09f0626e006947c38cb8462a17f884582,8719,,,true
P01_WHITE_T_000006,P01,WHITE,T,image_000006.jpg,training/P01/WHITE/T/images/image_000006.jpg,9d8fdea90771f7517cf845970924bd64278e29e81de43faa193044ebe02f4c1a,8685,,,true
P01_WHITE_T_000007,P01,WHITE,T,image_000007.jpg,training/P01/WHITE/T/images/image_000007.jpg,5df51fcfe86ce3b6d24b45c271ebea00d09943b2c3b23ba7137f0967cd0a5a15,8629,,,true
P01_WHITE_T_000008,P01,WHITE,T,image_000008.jpg,training/P01/WHITE/T/images/image_000008.jpg,f1ab5d9985eab119b1168af61479cce82d30ce16fa5c77f735b4146b7fbf1120,8635,,,true
P01_WHITE_T_000009,P01,WHITE,T,image_000009.jpg,training/P01/WHITE/T/images/image_000009.jpg,3fe1bdd32593d42937d7884bb0480c3bf815519f8cdfc50e04ccd496f8540831,8637,,,true
P01_WHITE_T_000010,P01,WHITE,T,image_000010.jpg,training/P01/WHITE/T/images/image_000010.jpg,2020ed22a6c74938a497bc0e2fd4f983e1aecca3f598fb84c2d016ab654fd3af,8710,,,true
P01_WHITE_T_000011,P01,WHITE,T,image_000011.jpg,training/P01/WHITE/T/images/image_000011.jpg,edc4b7731b5a3dff8ace8e62d60f8f3ae57a3da5a37bf0353708f720cb74c18a,8538,,,true
P01_WHITE_T_000012,P01,WHITE,T,image_000012.jpg,training/P01/WHITE/T/images/image_000012.jpg,1fb01f20335625a6cdd38a5898eb144c409926a40f08495fceb4f307c6f727e3,8937,,,true
P01_WHITE_T_000013,P01,WHITE,T,image_000013.jpg,training/P01/WHITE/T/images/image_000013.jpg,8031672858b09f5cad206d063977ef80097542c4b23d539d7788091fc361445d,8665,,,true
P01_WHITE_T_000014,P01,WHITE,T,image_000014.jpg,training/P01/WHITE/T/images/image_000014.jpg,3fa8d6d73f977afabf1f3795f42ae2bf486ea3b17365ae65f7dfb7722dbc6d0d,9515,,,true
P01_WHITE_T_000015,P01,WHITE,T,image_000015.jpg,training/P01/WHITE/T/images/image_000015.jpg,5a79ed8357cb2e5303761fc131897a06a22e709e13d4a6c6754457243d7c3f4a,8488,,,true
P01_WHITE_T_000016,P01,WHITE,T,image_000016.jpg,training/P01/WHITE/T/images/image_000016.jpg,98040535e86a9b5b2ef9622dd2bb884b333f165545e9c3f2765f9a11e13a1851,8495,,,true
P01_WHITE_T_000017,P01,WHITE,T,image_000017.jpg,training/P01/WHITE/T/images/image_000017.jpg,523a32a1ce0e647180c6371b7edb9913909dc505350382fa51fffdf8d1b2a30a,8595,,,true
P01_WHITE_T_000018,P01,WHITE,T,image_000018.jpg,training/P01/WHITE/T/images/image_000018.jpg,9f74ece5a80fbe2e8e321701dbabbeaeb04c71819fd3a706641684ba2b2aafb5,8809,,,true
P01_WHITE_T_000019,P01,WHITE,T,image_000019.jpg,training/P01/WHITE/T/images/image_000019.jpg,ba9d1f4facd928d1c77072026d09c274e4e7b43982dd4627bfa1fa4fcacbe0c2,8763,,,true
P01_WHITE_T_000020,P01,WHITE,T,image_000020.jpg,training/P01/WHITE/T/images/image_000020.jpg,f21ab573c0554f06f5014f0b47b56eaaa7b033d5c18841f6a18c6f84522bc80e,8584,,,true
P01_WHITE_T_000021,P01,WHITE,T,image_000021.jpg,training/P01/WHITE/T/images/image_000021.jpg,13e623c54fc1475abf1d7c659e24d2b4aae6d02ed9b0a8b3de3add4df4e59afa,8944,,,true
P01_WHITE_T_000022,P01,WHITE,T,image_000022.jpg,training/P01/WHITE/T/images/image_000022.jpg,cde79f31b206a84d2e18f81cd158d73e63390a072d15b345c80e1a6258a4ef60,9213,,,true
P01_WHITE_T_000023,P01,WHITE,T,image_000023.jpg,training/P01/WHITE/T/images/image_000023.jpg,a28c6db409b2d5ad3577ee8c54a3b39e492bb3e2ed42f161101b26cd41a3f246,8686,,,true
P01_WHITE_T_000024,P01,WHITE,T,image_000024.jpg,training/P01/WHITE/T/images/image_000024.jpg,cc5b0ffef52a2fd59f37f95977f940dfbf92a33553bc45a29907153f18f93dcf,9090,,,true
P01_WHITE_T_000025,P01,WHITE,T,image_000025.jpg,training/P01/WHITE/T/images/image_000025.jpg,06aaa446bdad5ec3ccaaaed30d7d335d9c76dc7be42f5727004791285ab42df3,8992,,,true
P01_WHITE_U_000001,P01,WHITE,U,image_000001.jpg,training/P01/WHITE/U/images/image_000001.jpg,6a559496768b7ab164ca9d12c6291fda6e709d4433653fe42897b8eb394f1d65,7059,,,true
P01_WHITE_U_000002,P01,WHITE,U,image_000002.jpg,training/P01/WHITE/U/images/image_000002.jpg,a909b807ea710110477c9266a6052efa3cc20a6e6b1f2ea9d48096305092aa99,7643,,,true
P01_WHITE_U_000003,P01,WHITE,U,image_000003.jpg,training/P01/WHITE/U/images/image_000003.jpg,d3c9b8c058a5b8018d02f5eca7107295f443904d0d50f8a65a67ebc05cea0d73,6631,,,true
P01_WHITE_U_000004,P01,WHITE,U,image_000004.jpg,training/P01/WHITE/U/images/image_000004.jpg,0bf6c9420b76859a4c320db7767ca3900cbe67e1c109739f2c2ded40ab3cfe25,3643,,,true
P01_WHITE_U_000005,P01,WHITE,U,image_000005.jpg,training/P01/WHITE/U/images/image_000005.jpg,4fb207e1db042bfe3bb89c9e27a1493896a77d9e2091fab78d7f5e336679721f,6908,,,true
P01_WHITE_U_000006,P01,WHITE,U,image_000006.jpg,training/P01/WHITE/U/images/image_000006.jpg,69beeb6b62084e6b2034ec036f95063a157468a05d990f5ec580bf57f1ca97aa,6976,,,true
P01_WHITE_U_000007,P01,WHITE,U,image_000007.jpg,training/P01/WHITE/U/images/image_000007.jpg,b03cd43468f437de54f86b4370a3dcc9871542ae0759f6c43a855bae5e953bec,6639,,,true
P01_WHITE_U_000008,P01,WHITE,U,image_000008.jpg,training/P01/WHITE/U/images/image_000008.jpg,43639880090769dc11c6d02f7df600c4c2e67a9dba8738214a00daf681ea4b82,6619,,,true
P01_WHITE_U_000009,P01,WHITE,U,image_000009.jpg,training/P01/WHITE/U/images/image_000009.jpg,54363696813c65adb92b7b997db2629fb87f30ffee03d13b18a13fc786b0c985,6556,,,true
P01_WHITE_U_000010,P01,WHITE,U,image_000010.jpg,training/P01/WHITE/U/images/image_000010.jpg,815f2d24d310ca00313ca033b748065f8b7730dce9bf86a5737b29d4f1a7f42d,6946,,,true
P01_WHITE_U_000011,P01,WHITE,U,image_000011.jpg,training/P01/WHITE/U/images/image_000011.jpg,63a40543694709248552509031744b9748c91a70038f766ee638741b5f8dd55c,6879,,,true
P01_WHITE_U_000012,P01,WHITE,U,image_000012.jpg,training/P01/WHITE/U/images/image_000012.jpg,6ead9d24d8563201631228bf8e54cd3a320199a6959d5dbc6779bbeb2020340a,6887,,,true
P01_WHITE_U_000013,P01,WHITE,U,image_000013.jpg,training/P01/WHITE/U/images/image_000013.jpg,d30d8bef369b2a7af53ca2812623e4fcc3cb3971a2ac435116e620f0ad893e8e,7058,,,true
P01_WHITE_U_000014,P01,WHITE,U,image_000014.jpg,training/P01/WHITE/U/images/image_000014.jpg,1187cef2429540b3bfaf4bff17a9331c909840e4685bae7bfb3b321b937e64dd,6974,,,true
P01_WHITE_U_000015,P01,WHITE,U,image_000015.jpg,training/P01/WHITE/U/images/image_000015.jpg,fbaf3537f73ab0c0a101265f39a5ad459b891a7996ab01bacaacfa8dc6b3ff40,6939,,,true
P01_WHITE_U_000016,P01,WHITE,U,image_000016.jpg,training/P01/WHITE/U/images/image_000016.jpg,1ec3f7dea6362558f8acb98ddd30edf987e1d64ef9e27f1c2dc4c75041a1da80,7289,,,true
P01_WHITE_U_000017,P01,WHITE,U,image_000017.jpg,training/P01/WHITE/U/images/image_000017.jpg,4d8620ada1f44423317763beb96028fc946adec14dbf7e3ee87dd674fe177817,6978,,,true
P01_WHITE_U_000018,P01,WHITE,U,image_000018.jpg,training/P01/WHITE/U/images/image_000018.jpg,420c37d083a3e9f1fbde831c4135544f32255027015856ec615411779edce433,6738,,,true
P01_WHITE_U_000019,P01,WHITE,U,image_000019.jpg,training/P01/WHITE/U/images/image_000019.jpg,68c10ca6281454470d40b5eb0d75dd463ab2b3d374c17acfaecb9cb34c08f918,6858,,,true
P01_WHITE_U_000020,P01,WHITE,U,image_000020.jpg,training/P01/WHITE/U/images/image_000020.jpg,fd8d4b3f303ba8d4b0dff3821be5c8366b559c14498a12e067c6e3278ae96b83,7138,,,true
P01_WHITE_U_000021,P01,WHITE,U,image_000021.jpg,training/P01/WHITE/U/images/image_000021.jpg,17c63ad65c3b86d66a53195877e2881ad0f45496e5e6ac04eaf770fe2ada692c,7176,,,true
P01_WHITE_U_000022,P01,WHITE,U,image_000022.jpg,training/P01/WHITE/U/images/image_000022.jpg,dc9742474a5bebd32ae33896176a1791a5c1396d44499141c4471814575cae4e,6776,,,true
P01_WHITE_U_000023,P01,WHITE,U,image_000023.jpg,training/P01/WHITE/U/images/image_000023.jpg,7c8bb8e469d64e89c39ecb8df371ac3c8756b8396b489a761a915c29a5b3d75f,6544,,,true
P01_WHITE_U_000024,P01,WHITE,U,image_000024.jpg,training/P01/WHITE/U/images/image_000024.jpg,60ee425580c824d951821569f3811251ebc99739d1a695a112e73a3ee5dec35a,6513,,,true
P01_WHITE_U_000025,P01,WHITE,U,image_000025.jpg,training/P01/WHITE/U/images/image_000025.jpg,0b36bdc085915f9ed89e018bb423f1860e50920b73f766940b899f176c502d0b,7643,,,true
P01_WHITE_V_000001,P01,WHITE,V,image_000001.jpg,training/P01/WHITE/V/images/image_000001.jpg,8649f6652b66b9c6461eada41e8500f02eb27a167b4fd3322dc0f4ebc056488a,8145,,,true
P01_WHITE_V_000002,P01,WHITE,V,image_000002.jpg,training/P01/WHITE/V/images/image_000002.jpg,895bf19ab3a43c7180852f5ac4badf109b07fc6c3b5614d7880ccd87f0d3e677,8088,,,true
P01_WHITE_V_000003,P01,WHITE,V,image_000003.jpg,training/P01/WHITE/V/images/image_000003.jpg,7e2f1d6ee47ef9c89448528e69c1182e98de61dcae2d1ff587e01ab6ee8c8734,8550,,,true
P01_WHITE_V_000004,P01,WHITE,V,image_000004.jpg,training/P01/WHITE/V/images/image_000004.jpg,265aef7839c8f9e2315d7cfbdf8e045f4fb8c3eca031fd6dc2d84ff59c8106dd,8367,,,true
P01_WHITE_V_000005,P01,WHITE,V,image_000005.jpg,training/P01/WHITE/V/images/image_000005.jpg,b4dfdcc5b7b4bcc7091643ebc4bc5c5bfc1612ead88b3e1c1dd220ff23b7f37e,8129,,,true
P01_WHITE_V_000006,P01,WHITE,V,image_000006.jpg,training/P01/WHITE/V/images/image_000006.jpg,0a58fa05dc049e6db9c1fcafdf8351609a01ef12466e1556ea7c79bec123e660,8413,,,true
P01_WHITE_V_000007,P01,WHITE,V,image_000007.jpg,training/P01/WHITE/V/images/image_000007.jpg,6b1ad459df5e6572f6cbb4f8f087ce4163d799add7de73bde39c3e4e0ab9616f,7607,,,true
P01_WHITE_V_000008,P01,WHITE,V,image_000008.jpg,training/P01/WHITE/V/images/image_000008.jpg,0fbee17806bc9ec093ad08b5f89c84a695f05c4a008cda79a5f26fccc225563a,7519,,,true
P01_WHITE_V_000009,P01,WHITE,V,image_000009.jpg,training/P01/WHITE/V/images/image_000009.jpg,a43cd6e70ef78cc42c69ca546bfafacb39a0fec5b9bde5f31219bbd7ce144132,7489,,,true
P01_WHITE_V_000010,P01,WHITE,V,image_000010.jpg,training/P01/WHITE/V/images/image_000010.jpg,7039fdf71a4b9507deb325622b7fed70c97a7a29ea5f21ba40ea1c34a7693030,7686,,,true
P01_WHITE_V_000011,P01,WHITE,V,image_000011.jpg,training/P01/WHITE/V/images/image_000011.jpg,375695da5ff2034b815908f9497e41e4a71cdc46ef04ecc46d762be6de1133e7,7740,,,true
P01_WHITE_V_000012,P01,WHITE,V,image_000012.jpg,training/P01/WHITE/V/images/image_000012.jpg,bdc17457a869611ca7e0318a148cf309584efab03dd3e0ed6ba6d8c753582c18,7317,,,true
P01_WHITE_V_000013,P01,WHITE,V,image_000013.jpg,training/P01/WHITE/V/images/image_000013.jpg,861e71ca74dab2d8709e35bb15946d46ef1a5a1f52502fa5d94b23697b26ea82,7907,,,true
P01_WHITE_V_000014,P01,WHITE,V,image_000014.jpg,training/P01/WHITE/V/images/image_000014.jpg,0b0522d78ba6efa8bf1304a6a661f2606c1c76e9df494223a739e825a8136a43,7849,,,true
P01_WHITE_V_000015,P01,WHITE,V,image_000015.jpg,training/P01/WHITE/V/images/image_000015.jpg,36af2d4e1013a4ca09ee115ef83792003d3c6b04de4eb7024dec823c2ed3a06a,7265,,,true
P01_WHITE_V_000016,P01,WHITE,V,image_000016.jpg,training/P01/WHITE/V/images/image_000016.jpg,57615e4779a24ee633bbe2b67784c398c0dcd1c9a2dc571ed1843afc1265996b,7564,,,true
P01_WHITE_V_000017,P01,WHITE,V,image_000017.jpg,training/P01/WHITE/V/images/image_000017.jpg,6c22aa5130b61a1c33d5ea1b739db03de518ddc909d6c720f4b9b1a1d3d700a8,7825,,,true
P01_WHITE_V_000018,P01,WHITE,V,image_000018.jpg,training/P01/WHITE/V/images/image_000018.jpg,e22f19d8f797901f73d519d2870a29ea314a0baeabe8a6611f6639d650e6dbe6,7749,,,true
P01_WHITE_V_000019,P01,WHITE,V,image_000019.jpg,training/P01/WHITE/V/images/image_000019.jpg,aa7a71059b730d29dacb8e7f84edf58d85635cfccbd1046fab11debfeffef10a,7378,,,true
P01_WHITE_V_000020,P01,WHITE,V,image_000020.jpg,training/P01/WHITE/V/images/image_000020.jpg,96bd9a133f1cc996aa7d0b4cad7d08a96c686dedb78a6ec72241ec38798e4e2e,7283,,,true
P01_WHITE_V_000021,P01,WHITE,V,image_000021.jpg,training/P01/WHITE/V/images/image_000021.jpg,07955d2bc761a529195452119fa4b8c12c1ef6637dbe42b92cb785ec0af0f800,7724,,,true
P01_WHITE_V_000022,P01,WHITE,V,image_000022.jpg,training/P01/WHITE/V/images/image_000022.jpg,fabf9e033b50fc6004ea49b15acf436282b1df590cd4602b913aab42d4fe4318,7993,,,true
P01_WHITE_V_000023,P01,WHITE,V,image_000023.jpg,training/P01/WHITE/V/images/image_000023.jpg,21b5e548c6321d0d3287376a3dcc619ff0f7e19073d171b27f447cacbeeb11e0,7598,,,true
P01_WHITE_V_000024,P01,WHITE,V,image_000024.jpg,training/P01/WHITE/V/images/image_000024.jpg,3ee1b8cfd2f637807e281349aaf5bd926b1571e4d5694bd5c488351c47f2a658,7642,,,true
P01_WHITE_V_000025,P01,WHITE,V,image_000025.jpg,training/P01/WHITE/V/images/image_000025.jpg,584e1266aff3ad768633be6528c1f985c35fca30dbe74edb89176f0bab7e23f7,7512,,,true
P01_WHITE_W_000001,P01,WHITE,W,image_000001.jpg,training/P01/WHITE/W/images/image_000001.jpg,afb4e798e429cca81c4d9015925e63c6860b19062e3a51acccd4f9b59c8906ff,8680,,,true
P01_WHITE_W_000002,P01,WHITE,W,image_000002.jpg,training/P01/WHITE/W/images/image_000002.jpg,6ea562f7761cc6d20e77312093cc5975680aabec0317da5d3edbd30ded6b7818,8202,,,true
P01_WHITE_W_000003,P01,WHITE,W,image_000003.jpg,training/P01/WHITE/W/images/image_000003.jpg,7c7b33ec9926d9fe5ebaf14f21063f71e0135431fe1f7d752ba6fc10ba4c6e66,8209,,,true
P01_WHITE_W_000004,P01,WHITE,W,image_000004.jpg,training/P01/WHITE/W/images/image_000004.jpg,9d1cc4278d6ca9d5503e6d85dd75336eb9c0f667e58adfc234501fcdb35664bb,8319,,,true
P01_WHITE_W_000005,P01,WHITE,W,image_000005.jpg,training/P01/WHITE/W/images/image_000005.jpg,e3bd4932ed46293ab27f93489795e63d33db52bb398f85fa09855e8371393b34,8404,,,true
P01_WHITE_W_000006,P01,WHITE,W,image_000006.jpg,training/P01/WHITE/W/images/image_000006.jpg,e1e118b33697f723bb2360b82ac20fd603a9b5ac68a652cce193c166a16d6698,8331,,,true
P01_WHITE_W_000007,P01,WHITE,W,image_000007.jpg,training/P01/WHITE/W/images/image_000007.jpg,30db4dd0dcfcfc3622b7ede58223fbd9f0fe872700fc32d2314b28f63193c605,8142,,,true
P01_WHITE_W_000008,P01,WHITE,W,image_000008.jpg,training/P01/WHITE/W/images/image_000008.jpg,fc8a721ced112a700b012d8c7eb4d852c8838d56c0ce59ce7d578ea7943a782d,8248,,,true
P01_WHITE_W_000009,P01,WHITE,W,image_000009.jpg,training/P01/WHITE/W/images/image_000009.jpg,2d8d2fe4549c8353f65bf35e453ede05132a819a4cafee2d706b6c814ebf251f,8120,,,true
P01_WHITE_W_000010,P01,WHITE,W,image_000010.jpg,training/P01/WHITE/W/images/image_000010.jpg,ea037315c044e019cd378659cfc3eb337961447d0aa15b079d6f95b10b54e222,8360,,,true
P01_WHITE_W_000011,P01,WHITE,W,image_000011.jpg,training/P01/WHITE/W/images/image_000011.jpg,0dfd90080114b7d7205197524644be528caea8e019d541eb7cfeea021fe9dc7d,8332,,,true
P01_WHITE_W_000012,P01,WHITE,W,image_000012.jpg,training/P01/WHITE/W/images/image_000012.jpg,4a5d6fd819eb7554607b5cf496b38a46476be81c865530445b870c4255c1d389,8755,,,true
P01_WHITE_W_000013,P01,WHITE,W,image_000013.jpg,training/P01/WHITE/W/images/image_000013.jpg,fe179bfd046f5e77ea6335dc2fb1e7b9af689d658bc0ed36edb79a55758e8e05,8421,,,true
P01_WHITE_W_000014,P01,WHITE,W,image_000014.jpg,training/P01/WHITE/W/images/image_000014.jpg,36aa088eac95c8ccd62c7d5e2e77cb7a0322574c9bce7f263d6b4d4666044fb8,8387,,,true
P01_WHITE_W_000015,P01,WHITE,W,image_000015.jpg,training/P01/WHITE/W/images/image_000015.jpg,7ecf276465e9031c240e72177cf6641bbd819c21fc65cfb0c42187edb27937b0,8408,,,true
P01_WHITE_W_000016,P01,WHITE,W,image_000016.jpg,training/P01/WHITE/W/images/image_000016.jpg,b45ccb95f96ef1dc8fa8a5110faeefd0379bc196839bf392474fd17ced75ce30,8482,,,true
P01_WHITE_W_000017,P01,WHITE,W,image_000017.jpg,training/P01/WHITE/W/images/image_000017.jpg,eec0f900319e6fe2172f2b20dde0f13b089ee071ce97317abf69e45a9712d90f,8037,,,true
P01_WHITE_W_000018,P01,WHITE,W,image_000018.jpg,training/P01/WHITE/W/images/image_000018.jpg,02f3a1179009597a5d95890fd501604d5ebfbc2529e0995de53cc1d6d3b181b6,8060,,,true
P01_WHITE_W_000019,P01,WHITE,W,image_000019.jpg,training/P01/WHITE/W/images/image_000019.jpg,a5f918a0bcd0fcd5685d76657e598945fe2b3c4ab6e34d1380684a19d01bbb34,8159,,,true
P01_WHITE_W_000020,P01,WHITE,W,image_000020.jpg,training/P01/WHITE/W/images/image_000020.jpg,252151208590a2f3843583f28c22c3bd8ce9d13c3b36f38dd4388c78adadd719,8067,,,true
P01_WHITE_W_000021,P01,WHITE,W,image_000021.jpg,training/P01/WHITE/W/images/image_000021.jpg,e1a37dc48880bfe39efdb12aefa9b0f9c56c0a0a6383803912c8af774de5c09d,8036,,,true
P01_WHITE_W_000022,P01,WHITE,W,image_000022.jpg,training/P01/WHITE/W/images/image_000022.jpg,783fe281f4f9290daecb506b6c2417cab1c5af636b989d4e0456ee9baebcbdfd,7897,,,true
P01_WHITE_W_000023,P01,WHITE,W,image_000023.jpg,training/P01/WHITE/W/images/image_000023.jpg,fafda22176ca26f4ff184d9a3c4508a53d76be0181284b87c0024399e2485970,7763,,,true
P01_WHITE_W_000024,P01,WHITE,W,image_000024.jpg,training/P01/WHITE/W/images/image_000024.jpg,34b936fdd0d0aed055e1f209fc59c73883f11e385e32d7a182e92cdd3916fab7,8014,,,true
P01_WHITE_W_000025,P01,WHITE,W,image_000025.jpg,training/P01/WHITE/W/images/image_000025.jpg,01be2ef5b503820e50b188136104aba53584f58a173930e4257443640fc6bb30,7893,,,true
P01_WHITE_Y_000001,P01,WHITE,Y,image_000001.jpg,training/P01/WHITE/Y/images/image_000001.jpg,43335807491dfde0915d8e397b21e610808d16b7581e42aacc17bd2fe209351a,7658,,,true
P01_WHITE_Y_000002,P01,WHITE,Y,image_000002.jpg,training/P01/WHITE/Y/images/image_000002.jpg,b5344517a66b3541bb10c4e1c67f5fd2dec56a08efd16b52d8cda75312077899,7719,,,true
P01_WHITE_Y_000003,P01,WHITE,Y,image_000003.jpg,training/P01/WHITE/Y/images/image_000003.jpg,8b939ffd5b94467c07617b5df5565318c95d1c34b6218a362063d72f919eac95,7799,,,true
P01_WHITE_Y_000004,P01,WHITE,Y,image_000004.jpg,training/P01/WHITE/Y/images/image_000004.jpg,b80f8e02393631b9c59f8f2a056ff9ed988c9d2e90b32d51b77df12582b6ca7e,7832,,,true
P01_WHITE_Y_000005,P01,WHITE,Y,image_000005.jpg,training/P01/WHITE/Y/images/image_000005.jpg,81ba6af3103e07b385164ed07e1c245b51c189ba0e86128ad437b32aea91f48a,7837,,,true
P01_WHITE_Y_000006,P01,WHITE,Y,image_000006.jpg,training/P01/WHITE/Y/images/image_000006.jpg,281d8529dbfaab762cd6a406cb28620188cd503a9d3bd85bae3af4c037e52a63,7606,,,true
P01_WHITE_Y_000007,P01,WHITE,Y,image_000007.jpg,training/P01/WHITE/Y/images/image_000007.jpg,c3f4e4486ebc811e39f1f4f8ab4586e5da663c386f53230c6b7cb52c6113699d,7625,,,true
P01_WHITE_Y_000008,P01,WHITE,Y,image_000008.jpg,training/P01/WHITE/Y/images/image_000008.jpg,48d022953d611828f307d0eeb8cdf3ba5b006a8852c7f5643f4480b7193c01ef,7920,,,true
P01_WHITE_Y_000009,P01,WHITE,Y,image_000009.jpg,training/P01/WHITE/Y/images/image_000009.jpg,fe4b9916e5a39c30c5440e41faaf18b79f26850e1110c7a5095efe749f52ac38,7757,,,true
P01_WHITE_Y_000010,P01,WHITE,Y,image_000010.jpg,training/P01/WHITE/Y/images/image_000010.jpg,8627446168711d08143c6fd0af8d39cdb753eead276fc927d5fa40484552f92c,7710,,,true
P01_WHITE_Y_000011,P01,WHITE,Y,image_000011.jpg,training/P01/WHITE/Y/images/image_000011.jpg,ec3e5b734b1f2a7f25b80a271aa900792fa12a15d02a844c178b814e21e8326d,7658,,,true
P01_WHITE_Y_000012,P01,WHITE,Y,image_000012.jpg,training/P01/WHITE/Y/images/image_000012.jpg,db9b4441a53878538cbc0040f50b957ff013038022fd6f359faa9e74d1e2e899,7660,,,true
P01_WHITE_Y_000013,P01,WHITE,Y,image_000013.jpg,training/P01/WHITE/Y/images/image_000013.jpg,37463c6d273284580375fbc5ac6846294180e436703b3b13763ebcddc04ae179,7594,,,true
P01_WHITE_Y_000014,P01,WHITE,Y,image_000014.jpg,training/P01/WHITE/Y/images/image_000014.jpg,b8e25168747a4de6e912b580f5ed21743bfa830c7783187fe51e0b683ad6ca9a,7518,,,true
P01_WHITE_Y_000015,P01,WHITE,Y,image_000015.jpg,training/P01/WHITE/Y/images/image_000015.jpg,e8973b403c6e0a83ed66e0e2a1df62cb2020c91ad543cf0661303262a324e809,7509,,,true
P01_WHITE_Y_000016,P01,WHITE,Y,image_000016.jpg,training/P01/WHITE/Y/images/image_000016.jpg,be7f9d49991828d974a3cc283551c81ea2c4acd2d2ca4bb702ffa641b90e3cec,7669,,,true
P01_WHITE_Y_000017,P01,WHITE,Y,image_000017.jpg,training/P01/WHITE/Y/images/image_000017.jpg,cf8b5af50054d38eac3bf4d183a2879f9277cf7ff8f740adfe6bce46f22c611a,7621,,,true
P01_WHITE_Y_000018,P01,WHITE,Y,image_000018.jpg,training/P01/WHITE/Y/images/image_000018.jpg,ce9d3ab1da93f35f85daf0420c1b853eb7c6eb996da9a8dd41760893455fd234,7520,,,true
P01_WHITE_Y_000019,P01,WHITE,Y,image_000019.jpg,training/P01/WHITE/Y/images/image_000019.jpg,6a308eb3bd1b7293c4abe158cfd7e7e356dedefc3b204fc0e5ed27d43f5b8f48,8109,,,true
P01_WHITE_Y_000020,P01,WHITE,Y,image_000020.jpg,training/P01/WHITE/Y/images/image_000020.jpg,deee9e403e43ef71ab3c2299388feab5994d2ee6f19c746a9ae4c088d2240ce9,7642,,,true
P01_WHITE_Y_000021,P01,WHITE,Y,image_000021.jpg,training/P01/WHITE/Y/images/image_000021.jpg,fd26165dd052fa9e68930ce9c0f4a4a3263f4eaf71e280e9d3014dd05c8ba386,7526,,,true
P01_WHITE_Y_000022,P01,WHITE,Y,image_000022.jpg,training/P01/WHITE/Y/images/image_000022.jpg,2158496c1b6a3ca15bb779da80ef0a678e51678e84472e1c70ad58b14a4ba5e3,7590,,,true
P01_WHITE_Y_000023,P01,WHITE,Y,image_000023.jpg,training/P01/WHITE/Y/images/image_000023.jpg,c51655ad070ef7dc2b927a8fda4db21df426775bab960bbfb2994a3f7d1d05b2,7878,,,true
P01_WHITE_Y_000024,P01,WHITE,Y,image_000024.jpg,training/P01/WHITE/Y/images/image_000024.jpg,b48a3f760097441f3e2d8b3fc1c117484606c06e2a0d6b9374aed6817eec2ef4,8030,,,true
P01_WHITE_Y_000025,P01,WHITE,Y,image_000025.jpg,training/P01/WHITE/Y/images/image_000025.jpg,98d0d5fc5aea4252a8045a720fa89d7f0c05e45573bbbd2993d004565dfc7059,7611,,,true
P02_BLUE_A_000001,P02,BLUE,A,image_000001.jpg,training/P02/BLUE/A/images/image_000001.jpg,5af26b4405f396d990754d8cd06ae71a56fa5ea746ce710a7ea54c2189cf3ad9,6005,,,true
P02_BLUE_A_000002,P02,BLUE,A,image_000002.jpg,training/P02/BLUE/A/images/image_000002.jpg,2df3bea8c257785f6bee16bdda87bd780c541d8d6df978e267dc2544d4e95e94,5274,,,true
P02_BLUE_A_000003,P02,BLUE,A,image_000003.jpg,training/P02/BLUE/A/images/image_000003.jpg,3b71dfe572e4de5cc1bda10b922db265e678aa2b336e1a2ce73112b51ea1f540,6138,,,true
P02_BLUE_A_000004,P02,BLUE,A,image_000004.jpg,training/P02/BLUE/A/images/image_000004.jpg,49e02dfa3b1d5c8dc4f5281c1743d75657dafa2d74cb17884633a52d225f4699,6108,,,true
P02_BLUE_A_000005,P02,BLUE,A,image_000005.jpg,training/P02/BLUE/A/images/image_000005.jpg,36f4695a1c8516ad8b58b19f1d4dc221602289a31f3aaf41ed632884b5fe17ce,10566,,,true
P02_BLUE_A_000006,P02,BLUE,A,image_000006.jpg,training/P02/BLUE/A/images/image_000006.jpg,c7d00382dae5554e097ce42bf07ad75fda3cc877d476d9ecaf1d788864a33721,10792,,,true
P02_BLUE_A_000007,P02,BLUE,A,image_000007.jpg,training/P02/BLUE/A/images/image_000007.jpg,7b3135201894b0af49174a5bd3f7025a16a027a898129631e4e1907dfd8afe0e,10259,,,true
P02_BLUE_A_000008,P02,BLUE,A,image_000008.jpg,training/P02/BLUE/A/images/image_000008.jpg,20d782e0b996d5154195c43341cb161090e2d82858cfd9d4205641dac4ab29e9,10542,,,true
P02_BLUE_A_000009,P02,BLUE,A,image_000009.jpg,training/P02/BLUE/A/images/image_000009.jpg,66965eed54a37ad3450acacf2dc678fbea16aae68de450c51752a9e4e68b8c47,10623,,,true
P02_BLUE_A_000010,P02,BLUE,A,image_000010.jpg,training/P02/BLUE/A/images/image_000010.jpg,6579322258cc58297c927742e35410e88c08a108558ee771cb7c01cc481973f1,10410,,,true
P02_BLUE_A_000011,P02,BLUE,A,image_000011.jpg,training/P02/BLUE/A/images/image_000011.jpg,6c38cd4cf6b0c21ea6ab5cf88ab129bf0e006c133f011e6ccfd5f7c2d7d4416b,10515,,,true
P02_BLUE_A_000012,P02,BLUE,A,image_000012.jpg,training/P02/BLUE/A/images/image_000012.jpg,29c65dab0380dea0e44faa73169781133fd0386f65ddef2214be4a4dc2c7ea97,10652,,,true
P02_BLUE_A_000013,P02,BLUE,A,image_000013.jpg,training/P02/BLUE/A/images/image_000013.jpg,db795703afa6fd780ae1b05fb62bf8facfa9bd8e448dbdd14f38bec8d0763ccc,10268,,,true
P02_BLUE_A_000014,P02,BLUE,A,image_000014.jpg,training/P02/BLUE/A/images/image_000014.jpg,3dbe93d09aa9287f12014496891597af852b259b8bd899cbf04df2208f0c29b0,10263,,,true
P02_BLUE_A_000015,P02,BLUE,A,image_000015.jpg,training/P02/BLUE/A/images/image_000015.jpg,4eb90f91fe41eeb827a59d61a8be0e9186f101dae8a1d29aefacac7935f0d6ec,10507,,,true
P02_BLUE_A_000016,P02,BLUE,A,image_000016.jpg,training/P02/BLUE/A/images/image_000016.jpg,4e8874c9024ad7bc7f38feee1b01905df7532b2b2b0cb8d09760085a40d2c3e6,10597,,,true
P02_BLUE_A_000017,P02,BLUE,A,image_000017.jpg,training/P02/BLUE/A/images/image_000017.jpg,21964b3f89a464f7bc6c095f30d3437469e20fae4756d52df57eaf4238b1781c,10496,,,true
P02_BLUE_A_000018,P02,BLUE,A,image_000018.jpg,training/P02/BLUE/A/images/image_000018.jpg,9b9c961c682dc21f50cbb65bd578d129b9ddb4751d5e312a3e177cd6fa4b281e,10388,,,true
P02_BLUE_A_000019,P02,BLUE,A,image_000019.jpg,training/P02/BLUE/A/images/image_000019.jpg,940c7e329c02ce803a9a90eea0fc81072859e9e2d6233dea7b6ff3ec4b1984e5,10198,,,true
P02_BLUE_A_000020,P02,BLUE,A,image_000020.jpg,training/P02/BLUE/A/images/image_000020.jpg,186d9e18edb372d9fa1d163e9283e02c142a0507382445e16d0a2dd95da51b14,10220,,,true
P02_BLUE_A_000021,P02,BLUE,A,image_000021.jpg,training/P02/BLUE/A/images/image_000021.jpg,7a88a91fb40d395d9abd83c4fceeea038a643f3b4bb84d03660d4fc46c8d18dd,10219,,,true
P02_BLUE_A_000022,P02,BLUE,A,image_000022.jpg,training/P02/BLUE/A/images/image_000022.jpg,e3fb3b3ee3be0b788c177aaf08d19e411baf54cff3ee4db29e489ede489f6610,10202,,,true
P02_BLUE_A_000023,P02,BLUE,A,image_000023.jpg,training/P02/BLUE/A/images/image_000023.jpg,74dad8cb5b766b4defd0826a7635e2af392f2dd4025af4c530d1bc0f670705b1,10313,,,true
P02_BLUE_A_000024,P02,BLUE,A,image_000024.jpg,training/P02/BLUE/A/images/image_000024.jpg,62e02f000bc1261fa00a89043205aeebfdad49176af99e1411d1f83df06e3b1e,10033,,,true
P02_BLUE_A_000025,P02,BLUE,A,image_000025.jpg,training/P02/BLUE/A/images/image_000025.jpg,f6b4008050428eb59de768368ed523a4615992e9664b5d191df8602adb848d5a,10373,,,true
P02_BLUE_B_000001,P02,BLUE,B,image_000001.jpg,training/P02/BLUE/B/images/image_000001.jpg,dd6e56fcd691ee81cf50eb71060a037f7f0d7eec2514d9af35dcb32c530e07de,10928,,,true
P02_BLUE_B_000002,P02,BLUE,B,image_000002.jpg,training/P02/BLUE/B/images/image_000002.jpg,27c04a22114932f087395b48b15d40186a33e25bf567e4cc0de94b8745ef8eae,10887,,,true
P02_BLUE_B_000003,P02,BLUE,B,image_000003.jpg,training/P02/BLUE/B/images/image_000003.jpg,4c74d7ed844b75ee658f839c348f6d526f744aab3a9de4dffceb3cb4c995057d,10554,,,true
P02_BLUE_B_000004,P02,BLUE,B,image_000004.jpg,training/P02/BLUE/B/images/image_000004.jpg,ab4e9b8149c090e7a33a460fa2b42fbc8c5fbad58a1892b0fed9b39b25ac2045,10610,,,true
P02_BLUE_B_000005,P02,BLUE,B,image_000005.jpg,training/P02/BLUE/B/images/image_000005.jpg,8c52a808b0cbb9343bfd74ee0988178deeb3547bbb73bf0709c3ce59259fdb06,10386,,,true
P02_BLUE_B_000006,P02,BLUE,B,image_000006.jpg,training/P02/BLUE/B/images/image_000006.jpg,32b985b59df855671d9de5685996963e3b3581cbad85e1bd26a8b8553066bc9d,10437,,,true
P02_BLUE_B_000007,P02,BLUE,B,image_000007.jpg,training/P02/BLUE/B/images/image_000007.jpg,931eee8f297df7cf01cb258cad499335d4be675f1bb65d943733ee8b90e3ab62,10626,,,true
P02_BLUE_B_000008,P02,BLUE,B,image_000008.jpg,training/P02/BLUE/B/images/image_000008.jpg,f9e561c93ecec4d91331799dc93e91aa90b089ffa61bdb6fdb24ed406b8c6b0b,10498,,,true
P02_BLUE_B_000009,P02,BLUE,B,image_000009.jpg,training/P02/BLUE/B/images/image_000009.jpg,6c09602f3692a054149acb2d681a4c2786932d0f06c96ea329cc40ce5231c7cb,10393,,,true
P02_BLUE_B_000010,P02,BLUE,B,image_000010.jpg,training/P02/BLUE/B/images/image_000010.jpg,afdfe74d8be891bf457dc916a6d7579cab0d48497b30cb7ea274d3db8c81f7c9,10522,,,true
P02_BLUE_B_000011,P02,BLUE,B,image_000011.jpg,training/P02/BLUE/B/images/image_000011.jpg,6efa7c0b2fdd6485c2633e71592ea38798f45963b38cbd31d192292b71866d1a,10538,,,true
P02_BLUE_B_000012,P02,BLUE,B,image_000012.jpg,training/P02/BLUE/B/images/image_000012.jpg,5f7b6cf87ba1807f0c030a8f6b9f26017e548b42bec574ab605e4ae875fb4cb3,10460,,,true
P02_BLUE_B_000013,P02,BLUE,B,image_000013.jpg,training/P02/BLUE/B/images/image_000013.jpg,f196cc39f094faf3f503ae204d43b61137fd7f495db961e13236cbfe7629e1de,10500,,,true
P02_BLUE_B_000014,P02,BLUE,B,image_000014.jpg,training/P02/BLUE/B/images/image_000014.jpg,6fd65ff81b133f3d52075fa6680374c87f6001d469b80ad3bec715e313456478,10666,,,true
P02_BLUE_B_000015,P02,BLUE,B,image_000015.jpg,training/P02/BLUE/B/images/image_000015.jpg,c945306058b67b562b39e3e7f97b0de2a1898f8f066046e66f38db0688785756,10662,,,true
P02_BLUE_B_000016,P02,BLUE,B,image_000016.jpg,training/P02/BLUE/B/images/image_000016.jpg,5a30329742d38b49c30b48223e830daf0eeb8c6a470c64f33cc656378c94b366,10330,,,true
P02_BLUE_B_000017,P02,BLUE,B,image_000017.jpg,training/P02/BLUE/B/images/image_000017.jpg,8ec3b0c8c97a94aa7a9fb739c7f0b126d62148b399ef37f1f9cf4a61518a4c85,10010,,,true
P02_BLUE_B_000018,P02,BLUE,B,image_000018.jpg,training/P02/BLUE/B/images/image_000018.jpg,68820b7be4ae9358a1890b001fb41a1927bbf5e62f3ef34764e5416938118aa5,10503,,,true
P02_BLUE_B_000019,P02,BLUE,B,image_000019.jpg,training/P02/BLUE/B/images/image_000019.jpg,55fe524676db51d65aa974a43e997f47ffeed9b02f16abfc75d1b929b4d107b2,10657,,,true
P02_BLUE_B_000020,P02,BLUE,B,image_000020.jpg,training/P02/BLUE/B/images/image_000020.jpg,2ed524a5023b58861ae8360982da4d0f5809ebb81a02557e61fdc224f0820c84,10564,,,true
P02_BLUE_B_000021,P02,BLUE,B,image_000021.jpg,training/P02/BLUE/B/images/image_000021.jpg,329086365c5b3c26f0fa30698036e937f8bd7c1a7c5ee4da8ce367d323037c33,10549,,,true
P02_BLUE_B_000022,P02,BLUE,B,image_000022.jpg,training/P02/BLUE/B/images/image_000022.jpg,b512e21a3c7fd01ca1065d10fb5e8f7d309b1b83d1186efafc7ea455db1fde9b,10447,,,true
P02_BLUE_B_000023,P02,BLUE,B,image_000023.jpg,training/P02/BLUE/B/images/image_000023.jpg,f9023f8e11ce3dee8e08599d3438d3e16b4fc63a34ea92c2135d1393e455c465,10344,,,true
P02_BLUE_B_000024,P02,BLUE,B,image_000024.jpg,training/P02/BLUE/B/images/image_000024.jpg,b971d04f4fd1e875ca345bb3e47e86a55afaca0bec4fdf2d191d13cde1edfd7d,10357,,,true
P02_BLUE_B_000025,P02,BLUE,B,image_000025.jpg,training/P02/BLUE/B/images/image_000025.jpg,87c382a8d7ab4a652df055b49d466469f3ff5c4611545fe9f74ef98f4c455a64,10207,,,true
P02_BLUE_C_000001,P02,BLUE,C,image_000001.jpg,training/P02/BLUE/C/images/image_000001.jpg,2a4a5117c774ce1a8022415d87d75e87301aa1b916e97175e158862d7e1be766,6055,,,true
P02_BLUE_C_000002,P02,BLUE,C,image_000002.jpg,training/P02/BLUE/C/images/image_000002.jpg,e14165ffbbd6ff7b6c1e0a93b3f9090d080aec40682e2e7991448b35c55c7270,5565,,,true
P02_BLUE_C_000003,P02,BLUE,C,image_000003.jpg,training/P02/BLUE/C/images/image_000003.jpg,e298b480e78d66bd56be342547504b41864bc83dc9b93343acfda0f1d0141e71,5767,,,true
P02_BLUE_C_000004,P02,BLUE,C,image_000004.jpg,training/P02/BLUE/C/images/image_000004.jpg,a53cf1595daa8b3e554b74915873408879c8e2529fb8fc59dc856993d8fee721,4636,,,true
P02_BLUE_C_000005,P02,BLUE,C,image_000005.jpg,training/P02/BLUE/C/images/image_000005.jpg,67a445b481e3fce151e346e97c9aa985e3e0946d4da215959dfe39fcf9e933d7,6122,,,true
P02_BLUE_C_000006,P02,BLUE,C,image_000006.jpg,training/P02/BLUE/C/images/image_000006.jpg,002bbb651983be1f0bee95a55b36cbd48e64f4d95b8ec545ed02146b8d18d63a,11470,,,true
P02_BLUE_C_000007,P02,BLUE,C,image_000007.jpg,training/P02/BLUE/C/images/image_000007.jpg,3da272c05dcc8716c1a3ba0d2aa0cfaf53ebeff3391b36bb4c6e39b78a989e6a,10682,,,true
P02_BLUE_C_000008,P02,BLUE,C,image_000008.jpg,training/P02/BLUE/C/images/image_000008.jpg,6173fc25c20ff9c30db04fc10785d9e0eae2ddfa3bacaf0bf44979dcd3501376,10824,,,true
P02_BLUE_C_000009,P02,BLUE,C,image_000009.jpg,training/P02/BLUE/C/images/image_000009.jpg,88264c65b3fa76da191ab877bdb201f93c9b2f44ca49b3b25f25fce55cb7b4e3,10269,,,true
P02_BLUE_C_000010,P02,BLUE,C,image_000010.jpg,training/P02/BLUE/C/images/image_000010.jpg,3a8d37ae5c7e6d24be4d8cb5af954994fb72f79b51be9c5c7687d9f74fbb3ed2,10114,,,true
P02_BLUE_C_000011,P02,BLUE,C,image_000011.jpg,training/P02/BLUE/C/images/image_000011.jpg,07b8050365ec5d3ec26697c1adf0fa4b9be2a23c34c357433e2e7f97dfa760f9,10514,,,true
P02_BLUE_C_000012,P02,BLUE,C,image_000012.jpg,training/P02/BLUE/C/images/image_000012.jpg,1668532bd95df42652a307bba6f63a95f70759f5af1b17075fb5dce786436dda,10874,,,true
P02_BLUE_C_000013,P02,BLUE,C,image_000013.jpg,training/P02/BLUE/C/images/image_000013.jpg,d6fb3454cd992535a975aef42c6493f8112f5cb406dda868d31074e7f22e91c0,10697,,,true
P02_BLUE_C_000014,P02,BLUE,C,image_000014.jpg,training/P02/BLUE/C/images/image_000014.jpg,e6bbeeb081294fc3ea92278f06b51f6ca08729be5c6dc4adc68e743b7efaecbf,10235,,,true
P02_BLUE_C_000015,P02,BLUE,C,image_000015.jpg,training/P02/BLUE/C/images/image_000015.jpg,bc22dfcdaa1220784a4ac384129b9995f265909154f30b986cfc24d913f1c344,10546,,,true
P02_BLUE_C_000016,P02,BLUE,C,image_000016.jpg,training/P02/BLUE/C/images/image_000016.jpg,0dad84193e1d0a4a4508a08674d168ef9c77e1b95b89609e93e6ae95fdd8d8e7,10413,,,true
P02_BLUE_C_000017,P02,BLUE,C,image_000017.jpg,training/P02/BLUE/C/images/image_000017.jpg,ffabf2d2513428b166f6ba14e625f6af2bab43fd497fb849270b65981d19d443,10662,,,true
P02_BLUE_C_000018,P02,BLUE,C,image_000018.jpg,training/P02/BLUE/C/images/image_000018.jpg,9eaa021012a39394c730639f1901ba179874d71750bdfaaa32b0befd23f29aeb,10657,,,true
P02_BLUE_C_000019,P02,BLUE,C,image_000019.jpg,training/P02/BLUE/C/images/image_000019.jpg,5e244b1c9614cb8ba46ead6e0d23016481609645daa99998093bd6e6a0ca0936,10505,,,true
P02_BLUE_C_000020,P02,BLUE,C,image_000020.jpg,training/P02/BLUE/C/images/image_000020.jpg,de891de8d7ff71e7da242eba3fdd38f081b1ceaf6e550311f5bb1bb98d2a9d4e,10161,,,true
P02_BLUE_C_000021,P02,BLUE,C,image_000021.jpg,training/P02/BLUE/C/images/image_000021.jpg,5b675ec353d5d4aa38625e1de6475d64dfb12ff80e1da07827e6ca23741a5a00,10757,,,true
P02_BLUE_C_000022,P02,BLUE,C,image_000022.jpg,training/P02/BLUE/C/images/image_000022.jpg,e3722f4895aa53e1c35c41680125569b4083d9afb1879c515d9c1a72ac66198b,10853,,,true
P02_BLUE_C_000023,P02,BLUE,C,image_000023.jpg,training/P02/BLUE/C/images/image_000023.jpg,6fd7937f565e2e951bcda09378cb63d2973b8a4315125fc5adf8635cb3acdc3d,10145,,,true
P02_BLUE_C_000024,P02,BLUE,C,image_000024.jpg,training/P02/BLUE/C/images/image_000024.jpg,39867782d7edd80aab512a0c265e9917a92d583b2fea9a6214d964d9e16e0e88,10599,,,true
P02_BLUE_C_000025,P02,BLUE,C,image_000025.jpg,training/P02/BLUE/C/images/image_000025.jpg,e020e3a2c50d1f5a1f2db4cabb527917db7a64f67d20f13ce93f2c4e69f3a70f,10840,,,true
P02_BLUE_E_000001,P02,BLUE,E,image_000001.jpg,training/P02/BLUE/E/images/image_000001.jpg,8c78f51c36376ba6420e831294e762ca4ef565a4fd6b6e7f845e3a88f5d52947,10890,,,true
P02_BLUE_E_000002,P02,BLUE,E,image_000002.jpg,training/P02/BLUE/E/images/image_000002.jpg,eb07702b1fc2272f9b7574185904de9ef086119d42c5f19590622b9987d9ec6f,10657,,,true
P02_BLUE_E_000003,P02,BLUE,E,image_000003.jpg,training/P02/BLUE/E/images/image_000003.jpg,a3ab51c11a0c6736d1409dbf4d610ac13bc94b6bf8a94b9f20133856b67b8f89,10352,,,true
P02_BLUE_E_000004,P02,BLUE,E,image_000004.jpg,training/P02/BLUE/E/images/image_000004.jpg,6248c0b605c1326bc4e4a81c86f499e471364764f3242ad788f0c96724d07838,10325,,,true
P02_BLUE_E_000005,P02,BLUE,E,image_000005.jpg,training/P02/BLUE/E/images/image_000005.jpg,a75ede2f12f523e210bbbe9e83ef5809c9fc3725ebabe4c87d4de0258fc6e6a3,10650,,,true
P02_BLUE_E_000006,P02,BLUE,E,image_000006.jpg,training/P02/BLUE/E/images/image_000006.jpg,3928596133fac398ebebe66a5209be8e20435f8ab363ef3e8044ad644024ff27,10339,,,true
P02_BLUE_E_000007,P02,BLUE,E,image_000007.jpg,training/P02/BLUE/E/images/image_000007.jpg,3e4ee3592d0314a8eaf06706754042a119ff6f3f7b236a78ad17c73b37c3944a,10480,,,true
P02_BLUE_E_000008,P02,BLUE,E,image_000008.jpg,training/P02/BLUE/E/images/image_000008.jpg,ff7ec3c0a745065d5a11108a96e1d7093264aa35b8dd85feeb71a31dbaf9fb58,10060,,,true
P02_BLUE_E_000009,P02,BLUE,E,image_000009.jpg,training/P02/BLUE/E/images/image_000009.jpg,6308d25a6ec3e418df3faedeca4f0f28c63c9d1578f4032b9c0477d84d03fdad,9941,,,true
P02_BLUE_E_000010,P02,BLUE,E,image_000010.jpg,training/P02/BLUE/E/images/image_000010.jpg,561e93edf0b4f47591e6b46fb0bd3dbe39588ba507104710165aecde0a06a288,10504,,,true
P02_BLUE_E_000011,P02,BLUE,E,image_000011.jpg,training/P02/BLUE/E/images/image_000011.jpg,1887ce9ddb93391f7cdf476fca3d028a579613f5baf4bb74860322953365c480,10775,,,true
P02_BLUE_E_000012,P02,BLUE,E,image_000012.jpg,training/P02/BLUE/E/images/image_000012.jpg,874bfe29357d9dfdf7a220abd6c77322813873be6ae213ccc4587e94037014a8,10331,,,true
P02_BLUE_E_000013,P02,BLUE,E,image_000013.jpg,training/P02/BLUE/E/images/image_000013.jpg,b4957368ca9263cb06dc1ff431f13bbc51b18205b1852f8218c0fd214a4a9e2b,10340,,,true
P02_BLUE_E_000014,P02,BLUE,E,image_000014.jpg,training/P02/BLUE/E/images/image_000014.jpg,f7d7f0e7a8ddc7e6562443cfeef2753854c7f7c97e33f03c7d4603d89748a3d0,10506,,,true
P02_BLUE_E_000015,P02,BLUE,E,image_000015.jpg,training/P02/BLUE/E/images/image_000015.jpg,964ac1fb38cf7cb2b350be9a511e7febb4e16312a22b3a9919da1ecd67f99503,10579,,,true
P02_BLUE_E_000016,P02,BLUE,E,image_000016.jpg,training/P02/BLUE/E/images/image_000016.jpg,31d33089af8c5bf3f56a64c6255a9c46f48ff6e4089b56b123583bd6adf2acc3,10824,,,true
P02_BLUE_E_000017,P02,BLUE,E,image_000017.jpg,training/P02/BLUE/E/images/image_000017.jpg,a035592c3a6324c2d9c4e4a9e63e4f38f4b39a6788fbc86cafa5425c911d26aa,10395,,,true
P02_BLUE_E_000018,P02,BLUE,E,image_000018.jpg,training/P02/BLUE/E/images/image_000018.jpg,54d980bde4e70f089e8693119f95233649219e78b53313b5913f63931adb5660,10248,,,true
P02_BLUE_E_000019,P02,BLUE,E,image_000019.jpg,training/P02/BLUE/E/images/image_000019.jpg,bcbedd58cbc65128a48f3858b125c1b1d2ec902308bf676d28ba8d1890b24583,10436,,,true
P02_BLUE_E_000020,P02,BLUE,E,image_000020.jpg,training/P02/BLUE/E/images/image_000020.jpg,dddbbc39131e9fdac7c6cb22d63a0547c8624a17a4f8b9552c3cb31af20a3276,10575,,,true
P02_BLUE_E_000021,P02,BLUE,E,image_000021.jpg,training/P02/BLUE/E/images/image_000021.jpg,f40f844097a262d675541dfc3d7f85de8085def7e0532796032a70561308ee89,10737,,,true
P02_BLUE_E_000022,P02,BLUE,E,image_000022.jpg,training/P02/BLUE/E/images/image_000022.jpg,c5adc7b5ed6b4fda74c48c8505fd3992aa7cd996fe3a8c4f45d0d947332c8196,10405,,,true
P02_BLUE_E_000023,P02,BLUE,E,image_000023.jpg,training/P02/BLUE/E/images/image_000023.jpg,179d41963e98de2db5e3ee15d8ed17c91f0ebba9d7bbb486feb605df0fd7c9ef,10555,,,true
P02_BLUE_E_000024,P02,BLUE,E,image_000024.jpg,training/P02/BLUE/E/images/image_000024.jpg,92a83513921e1d04cbd946d9b527130f35620c429cc6eb36b6558b16c83d5af8,10624,,,true
P02_BLUE_E_000025,P02,BLUE,E,image_000025.jpg,training/P02/BLUE/E/images/image_000025.jpg,36b12b51beefd814daa37104e3581f4314345d9abb6923544af68dd2f7287920,10383,,,true
P02_BLUE_I_000001,P02,BLUE,I,image_000001.jpg,training/P02/BLUE/I/images/image_000001.jpg,8d3e70334830c4dd24cad2987fd13635d3b414ea4cd8d090a9b3d8bf9d2db9f4,6427,,,true
P02_BLUE_I_000002,P02,BLUE,I,image_000002.jpg,training/P02/BLUE/I/images/image_000002.jpg,f578d8e8b3a5871d89c55d36cec2abbfb624bcac5efc7eee0433f8b7dfae0f22,10677,,,true
P02_BLUE_I_000003,P02,BLUE,I,image_000003.jpg,training/P02/BLUE/I/images/image_000003.jpg,c21d23be4b1e00ccbf9dfdfb96eb9c44bea0e3f4450c7a30cc5881e9864013da,10236,,,true
P02_BLUE_I_000004,P02,BLUE,I,image_000004.jpg,training/P02/BLUE/I/images/image_000004.jpg,e8f60032d1ef1042336d504895d67711d8240dc5d4ab053b6aab7d75009d7748,10528,,,true
P02_BLUE_I_000005,P02,BLUE,I,image_000005.jpg,training/P02/BLUE/I/images/image_000005.jpg,9d46013089b55bc1301c4fb210a00218d2387f38c30c0c7a077b803d8f580892,9908,,,true
P02_BLUE_I_000006,P02,BLUE,I,image_000006.jpg,training/P02/BLUE/I/images/image_000006.jpg,745490bedf12c4d1dbb8b30f790ebae3a05875f0b004efa02984473c10c53f49,10279,,,true
P02_BLUE_I_000007,P02,BLUE,I,image_000007.jpg,training/P02/BLUE/I/images/image_000007.jpg,0d67b3aa7b86b02823ac5902f032283872c414cd5a5807148ed80e1d74b3a526,10594,,,true
P02_BLUE_I_000008,P02,BLUE,I,image_000008.jpg,training/P02/BLUE/I/images/image_000008.jpg,fae2bb554c35dec2a52be4af22e8939ffad4038518be232174eaf29b97891685,10898,,,true
P02_BLUE_I_000009,P02,BLUE,I,image_000009.jpg,training/P02/BLUE/I/images/image_000009.jpg,1328c53dd4f717b8572618acb27df1eb64e33936d9e8a1a9593712302a954046,10554,,,true
P02_BLUE_I_000010,P02,BLUE,I,image_000010.jpg,training/P02/BLUE/I/images/image_000010.jpg,f39c21c076112325c0412b0deecbf21838d8a5bcb0bb0942b042b781d0e061c3,10395,,,true
P02_BLUE_I_000011,P02,BLUE,I,image_000011.jpg,training/P02/BLUE/I/images/image_000011.jpg,580c55bfb67e95d4b35cf3d881a28b1d3fc7898812602bdca7190fa28cd93e40,10398,,,true
P02_BLUE_I_000012,P02,BLUE,I,image_000012.jpg,training/P02/BLUE/I/images/image_000012.jpg,5751deaf2e9e4fe30cd4efdd73c164625cd10907a9ad76bfa40fa046ecd94455,10796,,,true
P02_BLUE_I_000013,P02,BLUE,I,image_000013.jpg,training/P02/BLUE/I/images/image_000013.jpg,3258d50825ee51b2429fa4188afeaa52635e30f33df0d479ab89c3c3ea3c9c27,10717,,,true
P02_BLUE_I_000014,P02,BLUE,I,image_000014.jpg,training/P02/BLUE/I/images/image_000014.jpg,432011e9c472324a3d3585174e73febcea06f5fd5e2f1e8096cbee058dcbd41b,10788,,,true
P02_BLUE_I_000015,P02,BLUE,I,image_000015.jpg,training/P02/BLUE/I/images/image_000015.jpg,dbbd40a80727de36d40f2a9a9e54fdbe82d54f654b3a1a78e3f5ec43d17434d1,10694,,,true
P02_BLUE_I_000016,P02,BLUE,I,image_000016.jpg,training/P02/BLUE/I/images/image_000016.jpg,9c57786509bae24bda278877b38c9d53ddeb19f074808083e1a0dbe83dbf157c,10279,,,true
P02_BLUE_I_000017,P02,BLUE,I,image_000017.jpg,training/P02/BLUE/I/images/image_000017.jpg,4536f49aadcc1a3c6dba0d52a13d97324fe79328b571a936387d8cfe3a22f763,10316,,,true
P02_BLUE_I_000018,P02,BLUE,I,image_000018.jpg,training/P02/BLUE/I/images/image_000018.jpg,6be53e452d4b2316eaf14c7e3af9548333c0524f1b3aa7bc7ea09310004584d3,10224,,,true
P02_BLUE_I_000019,P02,BLUE,I,image_000019.jpg,training/P02/BLUE/I/images/image_000019.jpg,503ad4fc9b892d8f9c938dce1ea5c8f2c9d0c023ce50b5f3073c83992b0e8a70,10236,,,true
P02_BLUE_I_000020,P02,BLUE,I,image_000020.jpg,training/P02/BLUE/I/images/image_000020.jpg,a3efa4a464e1007f457b36a530803584c74eaa369e6b22dead652e437683e82e,10600,,,true
P02_BLUE_I_000021,P02,BLUE,I,image_000021.jpg,training/P02/BLUE/I/images/image_000021.jpg,457c18c21ffefb3c941875cddc4cf6757a2efa0ee82656303b69feec6d572e2e,10330,,,true
P02_BLUE_I_000022,P02,BLUE,I,image_000022.jpg,training/P02/BLUE/I/images/image_000022.jpg,35326f889f799c72b404c7d1b946ebae94e4adc35fd726280b8d6742852e32e1,6294,,,true
P02_BLUE_I_000023,P02,BLUE,I,image_000023.jpg,training/P02/BLUE/I/images/image_000023.jpg,3da7460c6f28a5a4a1c82c6a9a3ae587967136e4c861b6d907f14b302cb84ebc,6294,,,true
P02_BLUE_I_000024,P02,BLUE,I,image_000024.jpg,training/P02/BLUE/I/images/image_000024.jpg,3e799334f695095daef4040921f9237365dac8ff93d087efd5e6a58c4ed9a7e0,5670,,,true
P02_BLUE_I_000025,P02,BLUE,I,image_000025.jpg,training/P02/BLUE/I/images/image_000025.jpg,7e937de054aea2625e149023721321f32c32157b0087efe62b68d0ecd08e5d2e,6314,,,true
P02_BLUE_L_000001,P02,BLUE,L,image_000001.jpg,training/P02/BLUE/L/images/image_000001.jpg,ab0fa9f150a53c5ac547e2abd425d674fee195446f106c5b40d553b7984affbe,10530,,,true
P02_BLUE_L_000002,P02,BLUE,L,image_000002.jpg,training/P02/BLUE/L/images/image_000002.jpg,4bc565d36241e400f221117ca96abdd346004fb71abd990627c6942a1653e9c6,10729,,,true
P02_BLUE_L_000003,P02,BLUE,L,image_000003.jpg,training/P02/BLUE/L/images/image_000003.jpg,0e6dbb76e30257fcf0fcebdf3b6c9f77384bdbf06b6083805213b4f4345a76fd,10080,,,true
P02_BLUE_L_000004,P02,BLUE,L,image_000004.jpg,training/P02/BLUE/L/images/image_000004.jpg,daf950b434041af0d86424ccaa3bb29e44479d61bc84cedf013d29523fbdd091,9911,,,true
P02_BLUE_L_000005,P02,BLUE,L,image_000005.jpg,training/P02/BLUE/L/images/image_000005.jpg,429fd9fd308ad4b2a7a3ba72ef73239faf57e91fd7f978ed41c0d85e85ac9300,10475,,,true
P02_BLUE_L_000006,P02,BLUE,L,image_000006.jpg,training/P02/BLUE/L/images/image_000006.jpg,5c0e4d4d89a19432d72bc5aec2ec31dac7bb224edc8e118518fa11445a097ab6,9952,,,true
P02_BLUE_L_000007,P02,BLUE,L,image_000007.jpg,training/P02/BLUE/L/images/image_000007.jpg,8cf42ac5d5342608de0e6e80f3a591547820eebf88098599f8d5a02cecf08d3b,9810,,,true
P02_BLUE_L_000008,P02,BLUE,L,image_000008.jpg,training/P02/BLUE/L/images/image_000008.jpg,534c3cbea3cbe656a30398752a1c0445df4406113fa968b23e85d5dae474572d,10219,,,true
P02_BLUE_L_000009,P02,BLUE,L,image_000009.jpg,training/P02/BLUE/L/images/image_000009.jpg,8a8eea330989fa5c2b0426a084652c809c0cc0f8a739eb16a5a8f2077b2a8006,10557,,,true
P02_BLUE_L_000010,P02,BLUE,L,image_000010.jpg,training/P02/BLUE/L/images/image_000010.jpg,a5b5b726779af8a47ae53474c58bee6b27c66f00cfb14f0de498f14a295837fc,10347,,,true
P02_BLUE_L_000011,P02,BLUE,L,image_000011.jpg,training/P02/BLUE/L/images/image_000011.jpg,44e1427049e51085b412f6bba98d3f4b38b57a4545b2f74a22246fa145f664ec,9887,,,true
P02_BLUE_L_000012,P02,BLUE,L,image_000012.jpg,training/P02/BLUE/L/images/image_000012.jpg,91918038913cb8f68413b3f022a60fcfc14cc3fa25d97cfc4c7ec3bba63d8f3c,10825,,,true
P02_BLUE_L_000013,P02,BLUE,L,image_000013.jpg,training/P02/BLUE/L/images/image_000013.jpg,6898367e8074c068b2b702b8db5c1cc3d2118b2f6c7303494d698ddd85b72122,10280,,,true
P02_BLUE_L_000014,P02,BLUE,L,image_000014.jpg,training/P02/BLUE/L/images/image_000014.jpg,e62b9a8612f03f3fcb92ef43d806b6e1f4f6fa4096bcb8e44730408e6f00a8ba,10674,,,true
P02_BLUE_L_000015,P02,BLUE,L,image_000015.jpg,training/P02/BLUE/L/images/image_000015.jpg,14667f952a2f1a563baf2fbf50c1f8fc9b72a736faa2fcdc907341c74cfcfeca,10438,,,true
P02_BLUE_L_000016,P02,BLUE,L,image_000016.jpg,training/P02/BLUE/L/images/image_000016.jpg,b1c0f5f2c21351cdb0586987f244c6a74ff2e8429fcb49c23f527876e79d20c7,10717,,,true
P02_BLUE_L_000017,P02,BLUE,L,image_000017.jpg,training/P02/BLUE/L/images/image_000017.jpg,03fedd7f321a5ab857b99a9729fa42d869ecf9b8cbb661e9a2fc91b8c4db6b76,10601,,,true
P02_BLUE_L_000018,P02,BLUE,L,image_000018.jpg,training/P02/BLUE/L/images/image_000018.jpg,387dc11ea467ed325b8cc2a5bea6341a6c6fb9e95845ac9f760ca5d433cfa2c6,10224,,,true
P02_BLUE_L_000019,P02,BLUE,L,image_000019.jpg,training/P02/BLUE/L/images/image_000019.jpg,f36d94de7f92dfaea95cfb833fe2ac4c949c7ab8d23c4d2dabab44930f920dfe,10286,,,true
P02_BLUE_L_000020,P02,BLUE,L,image_000020.jpg,training/P02/BLUE/L/images/image_000020.jpg,ec6bcfd53083c4178c0e325dbabba257775085f067dbc7de930f088f4ab6d4cd,10768,,,true
P02_BLUE_L_000021,P02,BLUE,L,image_000021.jpg,training/P02/BLUE/L/images/image_000021.jpg,e02cdf322818655da607b5bcf1695252b6f045e719536ee02f8d870631bf874e,10798,,,true
P02_BLUE_L_000022,P02,BLUE,L,image_000022.jpg,training/P02/BLUE/L/images/image_000022.jpg,57bf76edbe5e3d59716077912c61b7ac05daf26ada9550aba7372cb280824d5c,10391,,,true
P02_BLUE_L_000023,P02,BLUE,L,image_000023.jpg,training/P02/BLUE/L/images/image_000023.jpg,5c524a1d1419cd510bea7378e1c4e1be1fe1584ea048ba9811ed69ea7e7ed7f5,10615,,,true
P02_BLUE_L_000024,P02,BLUE,L,image_000024.jpg,training/P02/BLUE/L/images/image_000024.jpg,f2867387b1526f25e83376897c340501291387285c137ff2c8c3478346794846,10822,,,true
P02_BLUE_L_000025,P02,BLUE,L,image_000025.jpg,training/P02/BLUE/L/images/image_000025.jpg,184cdd4d15b919b243c5a210219fe2203c9ca0fca5bc596025de37f251b654e0,10525,,,true
P02_BLUE_M_000001,P02,BLUE,M,image_000001.jpg,training/P02/BLUE/M/images/image_000001.jpg,8f169075e6a65801d5bb2e8ff036cfd8fa06d3713bcc1f4c2bb64f121f6944be,10561,,,true
P02_BLUE_M_000002,P02,BLUE,M,image_000002.jpg,training/P02/BLUE/M/images/image_000002.jpg,afc3c536b5ce336d03b1827f332df2e21a86cfd374b2ab0e805ef8f6c7064da4,10760,,,true
P02_BLUE_M_000003,P02,BLUE,M,image_000003.jpg,training/P02/BLUE/M/images/image_000003.jpg,5a4acc981b1bd756c5dc898de87bcb6090ce2ea7f1646ffb30527f5270986ce5,10643,,,true
P02_BLUE_M_000004,P02,BLUE,M,image_000004.jpg,training/P02/BLUE/M/images/image_000004.jpg,a149f0840243180d2e9a50f54ad784fce3d6324881229bdbd7cfb74fe9809854,10378,,,true
P02_BLUE_M_000005,P02,BLUE,M,image_000005.jpg,training/P02/BLUE/M/images/image_000005.jpg,24c79b015c36851d1ad38aec9968692cc7984ebb3fec9ecbdd481b4123dd4865,10561,,,true
P02_BLUE_M_000006,P02,BLUE,M,image_000006.jpg,training/P02/BLUE/M/images/image_000006.jpg,85a26ca669cab2b76c61e495cfe273935ceaa1c87c3de5261c9e2572015604fa,10691,,,true
P02_BLUE_M_000007,P02,BLUE,M,image_000007.jpg,training/P02/BLUE/M/images/image_000007.jpg,537ce66aea238cdafba84b6905b1ac4dc6a2dcf9f42f1293a8aff331e5bf9c5d,10779,,,true
P02_BLUE_M_000008,P02,BLUE,M,image_000008.jpg,training/P02/BLUE/M/images/image_000008.jpg,4668a1de4ae2ce0a6c94373cc3f43388fd445bdcb74d1ecbc110e267e82d0ec1,10578,,,true
P02_BLUE_M_000009,P02,BLUE,M,image_000009.jpg,training/P02/BLUE/M/images/image_000009.jpg,0a163df19cacaf0527276f95b2d93f471b3222b7b7aca395bafec0e50f60d961,10902,,,true
P02_BLUE_M_000010,P02,BLUE,M,image_000010.jpg,training/P02/BLUE/M/images/image_000010.jpg,4ab436dd3b2d036550e71476c39dcb3bef78c1929733b93dec6e9057ba5b3051,10789,,,true
P02_BLUE_M_000011,P02,BLUE,M,image_000011.jpg,training/P02/BLUE/M/images/image_000011.jpg,14f41684512e13638d0dfd262d3b8650bf0ba3c0da09fb5589c2da8d3e6b7b66,10619,,,true
P02_BLUE_M_000012,P02,BLUE,M,image_000012.jpg,training/P02/BLUE/M/images/image_000012.jpg,31ec22076c523c3d467f841174b91dcc0e9d0bd02ab286038a7ad48951d55b2e,10476,,,true
P02_BLUE_M_000013,P02,BLUE,M,image_000013.jpg,training/P02/BLUE/M/images/image_000013.jpg,98d65e8e94ad01c5be86f36722278e526705a3229be876ba47c62114a64152b8,10650,,,true
P02_BLUE_M_000014,P02,BLUE,M,image_000014.jpg,training/P02/BLUE/M/images/image_000014.jpg,b6fbd1eb1781f89ca1a8c2773e6d0c059193f34bc82495705ad178990ad5b509,10826,,,true
P02_BLUE_M_000015,P02,BLUE,M,image_000015.jpg,training/P02/BLUE/M/images/image_000015.jpg,c3937ffb97d920d581567017d4fc994d57a6806c08fb438861b2c65da2c23b1c,10866,,,true
P02_BLUE_M_000016,P02,BLUE,M,image_000016.jpg,training/P02/BLUE/M/images/image_000016.jpg,b616fca02febf07213404d439c72690c00e931409708f7b58493a1adf32f1b80,10755,,,true
P02_BLUE_M_000017,P02,BLUE,M,image_000017.jpg,training/P02/BLUE/M/images/image_000017.jpg,4f91b154378fc5d810aceb9fd8c00685dcaa301ddf3114c83612cbbbb085ed80,10586,,,true
P02_BLUE_M_000018,P02,BLUE,M,image_000018.jpg,training/P02/BLUE/M/images/image_000018.jpg,cd57ae7c8c6ededb80b706b1b08d77041ba65f9f5c7f473443dbf853e8667124,10610,,,true
P02_BLUE_M_000019,P02,BLUE,M,image_000019.jpg,training/P02/BLUE/M/images/image_000019.jpg,9ce6a5874af80e2e19e2f71e84b307da29820f6698925056e1d141f3fbff5041,10544,,,true
P02_BLUE_M_000020,P02,BLUE,M,image_000020.jpg,training/P02/BLUE/M/images/image_000020.jpg,ac89563aa01c113834fce6756ca89c11bb83d2f498c5fecaaeaf7174b6fad2cf,10750,,,true
P02_BLUE_M_000021,P02,BLUE,M,image_000021.jpg,training/P02/BLUE/M/images/image_000021.jpg,66459872ce3b47b600795d1ff281dba721b28f3b5237da08d6e529c5ff8d67eb,10592,,,true
P02_BLUE_M_000022,P02,BLUE,M,image_000022.jpg,training/P02/BLUE/M/images/image_000022.jpg,eb95e75988783109fd251490b7356af2cb025ebd9345632f8ecece1cf77d84e9,10664,,,true
P02_BLUE_M_000023,P02,BLUE,M,image_000023.jpg,training/P02/BLUE/M/images/image_000023.jpg,6e9ad5c00e13cc87390030f3e5e87fea327b0d4014fbce65dbb8e1cfb63b3746,10776,,,true
P02_BLUE_M_000024,P02,BLUE,M,image_000024.jpg,training/P02/BLUE/M/images/image_000024.jpg,2de7735b71b0adb3a675b2959c1327c280d6b91df6b1d4bf03429344c9ca5b82,10424,,,true
P02_BLUE_M_000025,P02,BLUE,M,image_000025.jpg,training/P02/BLUE/M/images/image_000025.jpg,6747628f8c105cb87934388376f76e5c97fb069d18e53d310cb57d79003bbb1b,10715,,,true
P02_BLUE_N_000001,P02,BLUE,N,image_000001.jpg,training/P02/BLUE/N/images/image_000001.jpg,b2ffeb0d654a8b77dfd8f5beba199e739c07884df4016a6a8d669092c4d230f3,9818,,,true
P02_BLUE_N_000002,P02,BLUE,N,image_000002.jpg,training/P02/BLUE/N/images/image_000002.jpg,d8fdcfdb12d04167692babf1257ccc448110166830fd04ea9d53d2fdc727bcf3,9830,,,true
P02_BLUE_N_000003,P02,BLUE,N,image_000003.jpg,training/P02/BLUE/N/images/image_000003.jpg,dbc9b6c0c1bcad3fe9cc88fa601518670f54ad6cf0778b6a7c57b5c9fb364a2f,9692,,,true
P02_BLUE_N_000004,P02,BLUE,N,image_000004.jpg,training/P02/BLUE/N/images/image_000004.jpg,8474ea5f3cd053141fe0162a84fedf3c2b5402931b0db45f3b28ffe92a09b69a,9830,,,true
P02_BLUE_N_000005,P02,BLUE,N,image_000005.jpg,training/P02/BLUE/N/images/image_000005.jpg,a8da176c28cdb21cb8cd6c8b38699f5e36947275d1aa5dba45fb6e15740b08ed,10069,,,true
P02_BLUE_N_000006,P02,BLUE,N,image_000006.jpg,training/P02/BLUE/N/images/image_000006.jpg,e9c930eaa76cc02008d357638872af7af25d1977c3378a43be18acb593020027,9786,,,true
P02_BLUE_N_000007,P02,BLUE,N,image_000007.jpg,training/P02/BLUE/N/images/image_000007.jpg,54f00fb655e71a963f2420928284deb6ca0228d1764a16685a9c0890556982c6,9824,,,true
P02_BLUE_N_000008,P02,BLUE,N,image_000008.jpg,training/P02/BLUE/N/images/image_000008.jpg,f96963ac0ba7657c8807a972ec4792c9b57c28a1f8e43a294500fbc233399abb,10137,,,true
P02_BLUE_N_000009,P02,BLUE,N,image_000009.jpg,training/P02/BLUE/N/images/image_000009.jpg,57ae65a7d57f903a23fce13e921b6ac5e6766a00ed8c3b6249719c1a6801a108,10004,,,true
P02_BLUE_N_000010,P02,BLUE,N,image_000010.jpg,training/P02/BLUE/N/images/image_000010.jpg,0c8a7ed4b614fb88cd529c23c74d8334814e855bf9a56218a529fc8a639680ae,9726,,,true
P02_BLUE_N_000011,P02,BLUE,N,image_000011.jpg,training/P02/BLUE/N/images/image_000011.jpg,5caa60d3ab604e5d0b0836e2230eac2beaac703eed900c15ad10279ac89327ed,9624,,,true
P02_BLUE_N_000012,P02,BLUE,N,image_000012.jpg,training/P02/BLUE/N/images/image_000012.jpg,e3a019b5b18345d0ec47bb216c6e6e6b99fc3ec8751b2d1f8a46729a2fa06f5f,9847,,,true
P02_BLUE_N_000013,P02,BLUE,N,image_000013.jpg,training/P02/BLUE/N/images/image_000013.jpg,47b7131d62fc23188bffcf7e8a67f7071665c7b9872c494504e1eba837e739f6,9771,,,true
P02_BLUE_N_000014,P02,BLUE,N,image_000014.jpg,training/P02/BLUE/N/images/image_000014.jpg,da87bfa621ccc9949c9b532dbf0d674b1c13585dce053c759c8ac983a86d2b50,9847,,,true
P02_BLUE_N_000015,P02,BLUE,N,image_000015.jpg,training/P02/BLUE/N/images/image_000015.jpg,6ed3ed6706c82cecc0a0bce50abc9d5ae7eda511cb78ddc58d448b80d62d6f0c,9650,,,true
P02_BLUE_N_000016,P02,BLUE,N,image_000016.jpg,training/P02/BLUE/N/images/image_000016.jpg,a60fbfab918f3026ba9af98586c2189bfcf303cf6836148bdd455a4d5d4cf9d6,9591,,,true
P02_BLUE_N_000017,P02,BLUE,N,image_000017.jpg,training/P02/BLUE/N/images/image_000017.jpg,07de782cde0825b870d3570d9c5b01a8eaa2f2105c7b021134aef2fb164b22d6,9489,,,true
P02_BLUE_N_000018,P02,BLUE,N,image_000018.jpg,training/P02/BLUE/N/images/image_000018.jpg,6cfbd2d6a7c9cd8f888b14dff178c3d8b613c7dd1dccfe3e8000f5d687d7f2c8,9522,,,true
P02_BLUE_N_000019,P02,BLUE,N,image_000019.jpg,training/P02/BLUE/N/images/image_000019.jpg,85b17046915df3fcd495f023248da845b517e4a8a17baddc9dc4d5b712c07728,9855,,,true
P02_BLUE_N_000020,P02,BLUE,N,image_000020.jpg,training/P02/BLUE/N/images/image_000020.jpg,578b9b00bdda374aab0bb79790ef9b7b29229782b8f38877163754673fe77430,9721,,,true
P02_BLUE_N_000021,P02,BLUE,N,image_000021.jpg,training/P02/BLUE/N/images/image_000021.jpg,5b8ab30e523905898fdced58b8d2cb07e0efbfa10319b3f15cf8e7ca27c682b1,9555,,,true
P02_BLUE_N_000022,P02,BLUE,N,image_000022.jpg,training/P02/BLUE/N/images/image_000022.jpg,10289020ce3f1c1e6074632403205d01fb21dd80f1828f073a17d77e89086f5f,9405,,,true
P02_BLUE_N_000023,P02,BLUE,N,image_000023.jpg,training/P02/BLUE/N/images/image_000023.jpg,336acdf13e32d9c7d2f2f6be9b2dd4b2609e50df52ca09b2a8f59f5dfc38b0f4,10020,,,true
P02_BLUE_N_000024,P02,BLUE,N,image_000024.jpg,training/P02/BLUE/N/images/image_000024.jpg,0b99502ad91d7356b2122b1bde495688e69bf443110a3d9628ab851b4704a20f,9628,,,true
P02_BLUE_N_000025,P02,BLUE,N,image_000025.jpg,training/P02/BLUE/N/images/image_000025.jpg,f0e3f28cd4a7a8b81702d6c9da68d5b8ec4dd432109de2b08518677483ecbf88,9874,,,true
P02_BLUE_O_000001,P02,BLUE,O,image_000001.jpg,training/P02/BLUE/O/images/image_000001.jpg,84043eb96f6b68cb6acb1230a712487913b070557cb75332190222f46a3489fa,5882,,,true
P02_BLUE_O_000002,P02,BLUE,O,image_000002.jpg,training/P02/BLUE/O/images/image_000002.jpg,da1646bdcaf6b10d30aba49a7a051b20d20c1a6689673290d1446b4d116e614a,11084,,,true
P02_BLUE_O_000003,P02,BLUE,O,image_000003.jpg,training/P02/BLUE/O/images/image_000003.jpg,e24a2f21f9fe43490c41b783d84f3fc1e97755bbf8e06fd9e71a33d1d913bd48,9737,,,true
P02_BLUE_O_000004,P02,BLUE,O,image_000004.jpg,training/P02/BLUE/O/images/image_000004.jpg,4b8590a97d21eb412772e384b3d4862cbf054d8117b9e2d471d9e8897cd56fbb,10329,,,true
P02_BLUE_O_000005,P02,BLUE,O,image_000005.jpg,training/P02/BLUE/O/images/image_000005.jpg,5371fa25a9ce969e60cb2747fbbb4f7dca1f0df1ccd9b960f24a2369236f79e5,9813,,,true
P02_BLUE_O_000006,P02,BLUE,O,image_000006.jpg,training/P02/BLUE/O/images/image_000006.jpg,f64ac82ad711d832ac8d17b2936b7759559b7a39c665514524ca4c80c939c15a,10003,,,true
P02_BLUE_O_000007,P02,BLUE,O,image_000007.jpg,training/P02/BLUE/O/images/image_000007.jpg,be8d29769bc7dfb189db9a13faf1ae15063c86b31ae5c071ceb7a6506e05f1fe,10106,,,true
P02_BLUE_O_000008,P02,BLUE,O,image_000008.jpg,training/P02/BLUE/O/images/image_000008.jpg,766e0206c5e1b30551b35733c7b28985fd652745b04b10a83ecbe2e99232ef52,10062,,,true
P02_BLUE_O_000009,P02,BLUE,O,image_000009.jpg,training/P02/BLUE/O/images/image_000009.jpg,e85df6691c18a3dc1146d0fbf5f53b855e9872c9bf994e5ae43aaa1acfb337f5,9708,,,true
P02_BLUE_O_000010,P02,BLUE,O,image_000010.jpg,training/P02/BLUE/O/images/image_000010.jpg,26cec0e71a4977a7574d81b1a6d6743a845ace46f14516a1fd90d91e41f948df,9673,,,true
P02_BLUE_O_000011,P02,BLUE,O,image_000011.jpg,training/P02/BLUE/O/images/image_000011.jpg,7c72265775abbaf4c7e98518c2cc63a30feb4c94141197c961133771421a354e,10148,,,true
P02_BLUE_O_000012,P02,BLUE,O,image_000012.jpg,training/P02/BLUE/O/images/image_000012.jpg,c12844e60c7aa9b5807c6c18e2f035c35c05f0f4525f0d641b9cb4e4bfa8d3bf,9711,,,true
P02_BLUE_O_000013,P02,BLUE,O,image_000013.jpg,training/P02/BLUE/O/images/image_000013.jpg,75c47c3866eb27210fd0f7e04f7d74f16360c1825fe055bf36b6ab116a1dd379,9815,,,true
P02_BLUE_O_000014,P02,BLUE,O,image_000014.jpg,training/P02/BLUE/O/images/image_000014.jpg,4082b958fb073e5ec8ef81fb6a67f33f44a3b487eebc6771195f55f96ede6aff,9924,,,true
P02_BLUE_O_000015,P02,BLUE,O,image_000015.jpg,training/P02/BLUE/O/images/image_000015.jpg,1e9f775b19d024909b018149431e05a8f23bc03e12d122ce6aa92efe2acf3811,9976,,,true
P02_BLUE_O_000016,P02,BLUE,O,image_000016.jpg,training/P02/BLUE/O/images/image_000016.jpg,6caefe063733012e3794aeb415f1976ecd856fc07b1375b5a575c3840da92338,9788,,,true
P02_BLUE_O_000017,P02,BLUE,O,image_000017.jpg,training/P02/BLUE/O/images/image_000017.jpg,f1825189919738b8c4d5af768e72105a6194a1d34008f600467386de94bf890d,9727,,,true
P02_BLUE_O_000018,P02,BLUE,O,image_000018.jpg,training/P02/BLUE/O/images/image_000018.jpg,35b70687c238f1cf41a7b531e2e67c9689e062025df37f63cde80ba330bb793d,9635,,,true
P02_BLUE_O_000019,P02,BLUE,O,image_000019.jpg,training/P02/BLUE/O/images/image_000019.jpg,f051ac5def16a9dd9cec0e54e3e638473f3a008462d3028849f7e6ba7a05ed16,11489,,,true
P02_BLUE_O_000020,P02,BLUE,O,image_000020.jpg,training/P02/BLUE/O/images/image_000020.jpg,a03aa292e458b269686f395937ddd6bed4de8481b4a858cff51f8a89f6e8a890,11305,,,true
P02_BLUE_O_000021,P02,BLUE,O,image_000021.jpg,training/P02/BLUE/O/images/image_000021.jpg,e3d73d981b3d09c9f2ea385a23f4cd4e1ae64d845a04255247e1565e182914be,10720,,,true
P02_BLUE_O_000022,P02,BLUE,O,image_000022.jpg,training/P02/BLUE/O/images/image_000022.jpg,1d21dbf3d1dafe698647b88c8e09bc8b850c2f032ea7b84b19960a1434a40505,10738,,,true
P02_BLUE_O_000023,P02,BLUE,O,image_000023.jpg,training/P02/BLUE/O/images/image_000023.jpg,347a5a2022842f8aee453037f0826bac22be8f602cde121c2b8c87b774c95bc7,10575,,,true
P02_BLUE_O_000024,P02,BLUE,O,image_000024.jpg,training/P02/BLUE/O/images/image_000024.jpg,e2906c355e8ec16d60c08f94f64bab018135aede84323f04ac64bfb273e2d7b2,11037,,,true
P02_BLUE_O_000025,P02,BLUE,O,image_000025.jpg,training/P02/BLUE/O/images/image_000025.jpg,eeb78db474e7ab539404e6ddc5732565f9c1b32a437dc809fc81c91bfcb3845d,11039,,,true
P02_BLUE_P_000001,P02,BLUE,P,image_000001.jpg,training/P02/BLUE/P/images/image_000001.jpg,66c0d61593838d99038f8c70a6ef77b19b6d04a1165e042cfc87c6d01b9b75f8,10611,,,true
P02_BLUE_P_000002,P02,BLUE,P,image_000002.jpg,training/P02/BLUE/P/images/image_000002.jpg,0ac1ecbfb3f5c469c0628974278c4731e56c7a7666a514712b2cc40201cdc24b,10708,,,true
P02_BLUE_P_000003,P02,BLUE,P,image_000003.jpg,training/P02/BLUE/P/images/image_000003.jpg,9184c3353beaa45ebec7e4fe6992dc830fedb78959cf9c47db3ccb4443527cb9,10986,,,true
P02_BLUE_P_000004,P02,BLUE,P,image_000004.jpg,training/P02/BLUE/P/images/image_000004.jpg,6424d0c73abb6def3fe5d7da48f4d01e869f6fc403f933c65cc7fe57f203500a,10595,,,true
P02_BLUE_P_000005,P02,BLUE,P,image_000005.jpg,training/P02/BLUE/P/images/image_000005.jpg,e43086862fe4ce13ad831bfa324cda485858910f202889b55ddf2276c933e3eb,10266,,,true
P02_BLUE_P_000006,P02,BLUE,P,image_000006.jpg,training/P02/BLUE/P/images/image_000006.jpg,14158ed6952c307c572c4a8d52c59ae43fa3c81a3d76aa5ba740bab273fbff41,10417,,,true
P02_BLUE_P_000007,P02,BLUE,P,image_000007.jpg,training/P02/BLUE/P/images/image_000007.jpg,9fff4d69c45165a44a6bd7f6e1fe08091e6867b0e3f3357a80ebf5d8beaa8ba6,10282,,,true
P02_BLUE_P_000008,P02,BLUE,P,image_000008.jpg,training/P02/BLUE/P/images/image_000008.jpg,95f3fccb763de2387e2fd2a7c93086af6857b8d95350b883c14e916c62bd3294,10207,,,true
P02_BLUE_P_000009,P02,BLUE,P,image_000009.jpg,training/P02/BLUE/P/images/image_000009.jpg,184ae2ce2ffe87fc94dfc57c86308c66a352ff61033ed4a2f09a029c28ddbbfe,10392,,,true
P02_BLUE_P_000010,P02,BLUE,P,image_000010.jpg,training/P02/BLUE/P/images/image_000010.jpg,7501b03c9905c93c7227b62cacc9e769efe8d6c12718c36785417995ad0bf437,10289,,,true
P02_BLUE_P_000011,P02,BLUE,P,image_000011.jpg,training/P02/BLUE/P/images/image_000011.jpg,b26ca88f77ad425a889a05b3c8d090115229474a4665b010fbb9e4ef219488bf,10627,,,true
P02_BLUE_P_000012,P02,BLUE,P,image_000012.jpg,training/P02/BLUE/P/images/image_000012.jpg,e39ebae2b9250fc4d7ad3eb19c81f0f76466e65be5b773193b9f1219a3181692,10549,,,true
P02_BLUE_P_000013,P02,BLUE,P,image_000013.jpg,training/P02/BLUE/P/images/image_000013.jpg,a196f4964b0f393e08bb97982e6b96a99c654b5ed399f92ef8395db2e8cb335e,10922,,,true
P02_BLUE_P_000014,P02,BLUE,P,image_000014.jpg,training/P02/BLUE/P/images/image_000014.jpg,5747e2713202014c19885f2545131c4fd64333d29072643e0fb8f7c372bf3d0d,10649,,,true
P02_BLUE_P_000015,P02,BLUE,P,image_000015.jpg,training/P02/BLUE/P/images/image_000015.jpg,5a706e539ad3e4465f0ff2b9e7a475f04bd6622e99e22d7f1e4f2d43eef0ae75,10765,,,true
P02_BLUE_P_000016,P02,BLUE,P,image_000016.jpg,training/P02/BLUE/P/images/image_000016.jpg,0050e5ddfcb880637902fc3442bb0212c0d4b582a70b666ff9fc633d890ebe4b,11011,,,true
P02_BLUE_P_000017,P02,BLUE,P,image_000017.jpg,training/P02/BLUE/P/images/image_000017.jpg,8a4d8d27fe6a56d358a2bde974cbe13b27c3c957d9a3b4b911baec44acacff22,10559,,,true
P02_BLUE_P_000018,P02,BLUE,P,image_000018.jpg,training/P02/BLUE/P/images/image_000018.jpg,34057f52a8f91b4b9df76bdc1bfa6cee5e4975893b4a788e8aa88969de6b749f,10277,,,true
P02_BLUE_P_000019,P02,BLUE,P,image_000019.jpg,training/P02/BLUE/P/images/image_000019.jpg,408ac1b1aa747f0e94b7f561fd88ac19e2a6a3d2a8c97f44799c1f631caa50a3,10591,,,true
P02_BLUE_P_000020,P02,BLUE,P,image_000020.jpg,training/P02/BLUE/P/images/image_000020.jpg,f8ebf038101c16ba87fcb2ae27547546ea43824a66a8f15405c986931f10a52c,10405,,,true
P02_BLUE_P_000021,P02,BLUE,P,image_000021.jpg,training/P02/BLUE/P/images/image_000021.jpg,1a81d65e95c40482df3b762ddf22ca61180d5f3af5a9189ace46aa6d6b598e1b,10767,,,true
P02_BLUE_P_000022,P02,BLUE,P,image_000022.jpg,training/P02/BLUE/P/images/image_000022.jpg,a249fa906e7748dc6497ec11b1f87572a94a10a84e289c46a64d2874752701f5,10667,,,true
P02_BLUE_P_000023,P02,BLUE,P,image_000023.jpg,training/P02/BLUE/P/images/image_000023.jpg,b0cf9b907c887c93ec49e3a5027f2b89e07ca152986b040800b6d7dc1dc7af59,10609,,,true
P02_BLUE_P_000024,P02,BLUE,P,image_000024.jpg,training/P02/BLUE/P/images/image_000024.jpg,3da6cf5f31f5525f2dea283542d2aeac3d56386b4834e3cb6ab0cf812e05a67a,10503,,,true
P02_BLUE_P_000025,P02,BLUE,P,image_000025.jpg,training/P02/BLUE/P/images/image_000025.jpg,6846383be128fb196d788a98d065f7bc14675ac33c0bef9d8436afe415761f1e,10322,,,true
P02_BLUE_R_000001,P02,BLUE,R,image_000001.jpg,training/P02/BLUE/R/images/image_000001.jpg,cf5c57075a690018e65f1fde5717162e2cfabd9e36545e0826dbed1e23fc9d8a,5286,,,true
P02_BLUE_R_000002,P02,BLUE,R,image_000002.jpg,training/P02/BLUE/R/images/image_000002.jpg,3966de6e89c4a3789edeece72e38a4f65d6c60c0b4481233794044bd92c08295,5780,,,true
P02_BLUE_R_000003,P02,BLUE,R,image_000003.jpg,training/P02/BLUE/R/images/image_000003.jpg,ce72908b74a8892e891a4136cc829281551da58d6bbc6e9acad4fac41a272618,9895,,,true
P02_BLUE_R_000004,P02,BLUE,R,image_000004.jpg,training/P02/BLUE/R/images/image_000004.jpg,59531f0751eb85189852c01c8aec638a62730c1b374e903564a455e606a59c9f,9578,,,true
P02_BLUE_R_000005,P02,BLUE,R,image_000005.jpg,training/P02/BLUE/R/images/image_000005.jpg,8d5d58a1e9d02546480a7e2f65465e4295dcccd8611b5a71c98767eef55db05e,9685,,,true
P02_BLUE_R_000006,P02,BLUE,R,image_000006.jpg,training/P02/BLUE/R/images/image_000006.jpg,5050771ef80b1c87b5a1e3be1922c912aa5b4b50b0e95b9962fc3ec0c8caf38d,9833,,,true
P02_BLUE_R_000007,P02,BLUE,R,image_000007.jpg,training/P02/BLUE/R/images/image_000007.jpg,dfcdab0d32cc66d0aab282ccc5348ecbde21cc88bada9a4f607edf3036841b97,9563,,,true
P02_BLUE_R_000008,P02,BLUE,R,image_000008.jpg,training/P02/BLUE/R/images/image_000008.jpg,16889e6bb4323e37bc9708f7573aa56af9ef47335e423971673e9137d1d12505,9460,,,true
P02_BLUE_R_000009,P02,BLUE,R,image_000009.jpg,training/P02/BLUE/R/images/image_000009.jpg,37dc192565aece3e744958802cd252bbf12fae00c2f619820a370c5c655f48ba,9425,,,true
P02_BLUE_R_000010,P02,BLUE,R,image_000010.jpg,training/P02/BLUE/R/images/image_000010.jpg,bd5113a52f8b9e04ab7690615c12d0dff842260ad416591c235b84835503beb6,10095,,,true
P02_BLUE_R_000011,P02,BLUE,R,image_000011.jpg,training/P02/BLUE/R/images/image_000011.jpg,75e795b331c4dcbafbff5b75a85093c8bf905bf599544fd6e739fba9bbf40f85,9507,,,true
P02_BLUE_R_000012,P02,BLUE,R,image_000012.jpg,training/P02/BLUE/R/images/image_000012.jpg,074aee530b8b98756fe07ed9a4732eb51a9691a3b46c915b69eb75a3c035212e,9162,,,true
P02_BLUE_R_000013,P02,BLUE,R,image_000013.jpg,training/P02/BLUE/R/images/image_000013.jpg,add10f7ae762d1435c3d2e9cc77c43f2bf344ae14e1860b0e123622b0c04720a,9381,,,true
P02_BLUE_R_000014,P02,BLUE,R,image_000014.jpg,training/P02/BLUE/R/images/image_000014.jpg,34ce4cdfac7cd455f7cc93c7abf4e903e19eff2d5866288ff90b2a1580e9eecc,9284,,,true
P02_BLUE_R_000015,P02,BLUE,R,image_000015.jpg,training/P02/BLUE/R/images/image_000015.jpg,7f7777579babe2ee722454bdc565e290ef844e3cc17c06f11faac15b39201564,9162,,,true
P02_BLUE_R_000016,P02,BLUE,R,image_000016.jpg,training/P02/BLUE/R/images/image_000016.jpg,7fb5567b3762993661f6ca85359133372bbe708f6d8987fe1b3f3966701f74de,9281,,,true
P02_BLUE_R_000017,P02,BLUE,R,image_000017.jpg,training/P02/BLUE/R/images/image_000017.jpg,b8471776c7085e6ef3cbb5bcbc7cc9dce939bd336c75eb77d02889fd7b70a5a0,9279,,,true
P02_BLUE_R_000018,P02,BLUE,R,image_000018.jpg,training/P02/BLUE/R/images/image_000018.jpg,0ef412814110ad6293885510c2af7e59741d967465f9eb1a85f1a73b64fc79fc,9453,,,true
P02_BLUE_R_000019,P02,BLUE,R,image_000019.jpg,training/P02/BLUE/R/images/image_000019.jpg,b17a2160c5ea7d8e3a1160c553887beef814940253c07c15564e9def0858823b,9299,,,true
P02_BLUE_R_000020,P02,BLUE,R,image_000020.jpg,training/P02/BLUE/R/images/image_000020.jpg,48f05faebfde4f4b28480921a8655550e59734fa405b3c397a46bf532dc7b405,9071,,,true
P02_BLUE_R_000021,P02,BLUE,R,image_000021.jpg,training/P02/BLUE/R/images/image_000021.jpg,1731cc1eedb671e4f5fd6870a6551e4d201d32b65db569ddaf1f7d1b5751e8eb,9480,,,true
P02_BLUE_R_000022,P02,BLUE,R,image_000022.jpg,training/P02/BLUE/R/images/image_000022.jpg,ec7bc9b7717ede9bef5b54f6f558508b97986df9d6a94c4e539584fdbbb08ac9,9558,,,true
P02_BLUE_R_000023,P02,BLUE,R,image_000023.jpg,training/P02/BLUE/R/images/image_000023.jpg,515e5c03ebc81b5fa1b2cf7e59ea5defdca34a9e6473dd842a6d956e71ade17e,9413,,,true
P02_BLUE_R_000024,P02,BLUE,R,image_000024.jpg,training/P02/BLUE/R/images/image_000024.jpg,8cf17ec0765a99ccffc701336607349c2c60c1e6b872ccaf63d7570cc2c253d8,9665,,,true
P02_BLUE_R_000025,P02,BLUE,R,image_000025.jpg,training/P02/BLUE/R/images/image_000025.jpg,8d2b196840d41125535804a53e2f1d8a211ac2f219d0072130973ec3f768a95e,9673,,,true
P02_BLUE_S_000001,P02,BLUE,S,image_000001.jpg,training/P02/BLUE/S/images/image_000001.jpg,c148c92ed447ce9b272e788b31fa90220e0147103cd4d98c445a2cef58bb9c05,10853,,,true
P02_BLUE_S_000002,P02,BLUE,S,image_000002.jpg,training/P02/BLUE/S/images/image_000002.jpg,2338e427adf2be4884e8f0fe37af7ab8628523397c122bcd7446282b5eb37302,10623,,,true
P02_BLUE_S_000003,P02,BLUE,S,image_000003.jpg,training/P02/BLUE/S/images/image_000003.jpg,dd2e567d5a9ccafdb39ef05484dc5d22bb9c32df9bc1ba5a6558795d3ce2407d,10150,,,true
P02_BLUE_S_000004,P02,BLUE,S,image_000004.jpg,training/P02/BLUE/S/images/image_000004.jpg,b7697ddbd9abf99a4c9bd30e361dedf13c03581d6e4058bceb8d14bfdf8c2258,10568,,,true
P02_BLUE_S_000005,P02,BLUE,S,image_000005.jpg,training/P02/BLUE/S/images/image_000005.jpg,b395e9174e32ec2587869233a9b159b4d7398fe84d4acdd16b81c0f7c6186780,10461,,,true
P02_BLUE_S_000006,P02,BLUE,S,image_000006.jpg,training/P02/BLUE/S/images/image_000006.jpg,1542b83cb1ed0db1a66c956a1febfa20a70a811def4914fb5df61392a1286da8,10623,,,true
P02_BLUE_S_000007,P02,BLUE,S,image_000007.jpg,training/P02/BLUE/S/images/image_000007.jpg,adea6e9cb607ea2a210a291dad5c0af1621a5dda1760a7b01c0dac3cf7901722,10338,,,true
P02_BLUE_S_000008,P02,BLUE,S,image_000008.jpg,training/P02/BLUE/S/images/image_000008.jpg,956dca9c9e0d95d44a82fa65c26147f68397631c9066dc32d58bd35084e11466,10527,,,true
P02_BLUE_S_000009,P02,BLUE,S,image_000009.jpg,training/P02/BLUE/S/images/image_000009.jpg,fa0016b66c7cb5996b0bc99d5b62e47bd73e65fa42c122329621ee635c1eb62f,10093,,,true
P02_BLUE_S_000010,P02,BLUE,S,image_000010.jpg,training/P02/BLUE/S/images/image_000010.jpg,f04850ad75811e1b3ed671b1b7e67fe8e4216f813e8b87542c8774c84df9ddbf,10306,,,true
P02_BLUE_S_000011,P02,BLUE,S,image_000011.jpg,training/P02/BLUE/S/images/image_000011.jpg,0454089437c7778c6d926b92e3018f1dee833e6f375ec18cf51dbab047033e0a,10432,,,true
P02_BLUE_S_000012,P02,BLUE,S,image_000012.jpg,training/P02/BLUE/S/images/image_000012.jpg,5e62c7fbec54c68efa76c7fc95ea83c9e9590e41927341a2784f63b4b932f589,10868,,,true
P02_BLUE_S_000013,P02,BLUE,S,image_000013.jpg,training/P02/BLUE/S/images/image_000013.jpg,0f993448f9b41065f210cb374824819af965428722fb9da6a42de1af06588188,11164,,,true
P02_BLUE_S_000014,P02,BLUE,S,image_000014.jpg,training/P02/BLUE/S/images/image_000014.jpg,cd01c880825a4bc336a41759b9ff680eef9354911e347691026a37209b25341f,10884,,,true
P02_BLUE_S_000015,P02,BLUE,S,image_000015.jpg,training/P02/BLUE/S/images/image_000015.jpg,b9574d605df4d4749b0489cefa7375004284551013bffa05e910f192ac425f7e,10784,,,true
P02_BLUE_S_000016,P02,BLUE,S,image_000016.jpg,training/P02/BLUE/S/images/image_000016.jpg,f466af0d25c98806c0961539c270f2620e548ec346f39cf32acd0bf63f3a2f03,10607,,,true
P02_BLUE_S_000017,P02,BLUE,S,image_000017.jpg,training/P02/BLUE/S/images/image_000017.jpg,204673dabd0bdfe350dbf8ead2da2b42431df4906b4c0584de17dff2f19d785a,10673,,,true
P02_BLUE_S_000018,P02,BLUE,S,image_000018.jpg,training/P02/BLUE/S/images/image_000018.jpg,880a0083b781562be9d17c57fd95e5c3579c98da5c5d53f6defb28297ccb020d,10532,,,true
P02_BLUE_S_000019,P02,BLUE,S,image_000019.jpg,training/P02/BLUE/S/images/image_000019.jpg,3627b0145edc45672e2db84db961d936fdcd940b6827bbfc7a74a18daec327ef,10487,,,true
P02_BLUE_S_000020,P02,BLUE,S,image_000020.jpg,training/P02/BLUE/S/images/image_000020.jpg,b82ebb50a7c01e8ebf7058be33662df379b0374ecb3f7f560ad2e99993f9b97a,10531,,,true
P02_BLUE_S_000021,P02,BLUE,S,image_000021.jpg,training/P02/BLUE/S/images/image_000021.jpg,457bbb9ef2295993935aab0abc36cf5c2a530796534f5d133f7c8e16d729e804,10903,,,true
P02_BLUE_S_000022,P02,BLUE,S,image_000022.jpg,training/P02/BLUE/S/images/image_000022.jpg,39a35ad1a30bf2fdfe9bc229a5ba173d930a4b911f1b54babe4afdfecc56926f,10594,,,true
P02_BLUE_S_000023,P02,BLUE,S,image_000023.jpg,training/P02/BLUE/S/images/image_000023.jpg,f5de981ecd15c5052d0cccb6f3a9c775b18c1ae26c03620b2d7da8bfd6e7f9a4,10836,,,true
P02_BLUE_S_000024,P02,BLUE,S,image_000024.jpg,training/P02/BLUE/S/images/image_000024.jpg,3e964b8c5ad2f5b4655ab1936d84830c71011a2ee1b8606eb76e91c770b69e3d,10867,,,true
P02_BLUE_S_000025,P02,BLUE,S,image_000025.jpg,training/P02/BLUE/S/images/image_000025.jpg,b73a8f8f057121c9b10b06c352bf6407577fd6480628332540e4c62ee0189f7b,10641,,,true
P02_BLUE_T_000001,P02,BLUE,T,image_000001.jpg,training/P02/BLUE/T/images/image_000001.jpg,a3ab30028c8a1d7b50ab84a48d6d2e5815b4edb6aa70a997065c7b20f7b23195,6273,,,true
P02_BLUE_T_000002,P02,BLUE,T,image_000002.jpg,training/P02/BLUE/T/images/image_000002.jpg,b434a19311e323d8a1fa510d3c2fbfe4f12445bd7249bcf251a9f4b5b179b8fe,11373,,,true
P02_BLUE_T_000003,P02,BLUE,T,image_000003.jpg,training/P02/BLUE/T/images/image_000003.jpg,42e7b9d8f0046943f4936ec3aa6e8acf171ff70ca26296a4c29a9d6a35ada9f3,10794,,,true
P02_BLUE_T_000004,P02,BLUE,T,image_000004.jpg,training/P02/BLUE/T/images/image_000004.jpg,f6d39ff5f80afd41eadf0c0cf23b0d0be7a910d33d6cedb9d25946f3bc7646fa,11236,,,true
P02_BLUE_T_000005,P02,BLUE,T,image_000005.jpg,training/P02/BLUE/T/images/image_000005.jpg,efd2b211f8f5b2b24ca66f6abc83c330460d169d3616e1ab50a9d581ac90fd66,11063,,,true
P02_BLUE_T_000006,P02,BLUE,T,image_000006.jpg,training/P02/BLUE/T/images/image_000006.jpg,00a9b023552763d5a7090c307a7931bc707700454f8bf0010f24d75c249b6afe,11014,,,true
P02_BLUE_T_000007,P02,BLUE,T,image_000007.jpg,training/P02/BLUE/T/images/image_000007.jpg,b75a2a194c7869d99e46adb6dc70c5b3d47942520caaafc4fdb8786d7304120c,10987,,,true
P02_BLUE_T_000008,P02,BLUE,T,image_000008.jpg,training/P02/BLUE/T/images/image_000008.jpg,05826bc5ae91907675230321c27cd792c9b899ab0e21d589d9151e28b02e4499,10667,,,true
P02_BLUE_T_000009,P02,BLUE,T,image_000009.jpg,training/P02/BLUE/T/images/image_000009.jpg,813002c69d73c88e9ce1879d7651bdfb1766c7dc687b87fbe39a9bdbf6cb03a9,10457,,,true
P02_BLUE_T_000010,P02,BLUE,T,image_000010.jpg,training/P02/BLUE/T/images/image_000010.jpg,2955a6673ee556794bc07638ef2a6d09fb8929eb9a35dc3357d971264200fddd,10590,,,true
P02_BLUE_T_000011,P02,BLUE,T,image_000011.jpg,training/P02/BLUE/T/images/image_000011.jpg,8e79bc6ba6bd5ed8b2424c9a186de5670b2000c0adbc675dc92f285a2a330271,10756,,,true
P02_BLUE_T_000012,P02,BLUE,T,image_000012.jpg,training/P02/BLUE/T/images/image_000012.jpg,0881d6506f43e5c96342fd2f0f585aa88a53a6da61ee6447efce9547912a576c,10896,,,true
P02_BLUE_T_000013,P02,BLUE,T,image_000013.jpg,training/P02/BLUE/T/images/image_000013.jpg,8794bce03a3f17cb0ad39b1431a81772578d2acfe932a943a8867b63f8d312f6,10838,,,true
P02_BLUE_T_000014,P02,BLUE,T,image_000014.jpg,training/P02/BLUE/T/images/image_000014.jpg,d756a93c566e34ed54e514582bc9d0e48de66e28b7c6d6c40d7a4027eaaffef6,10890,,,true
P02_BLUE_T_000015,P02,BLUE,T,image_000015.jpg,training/P02/BLUE/T/images/image_000015.jpg,daf8a5d666bb65eb50c7ece7a9972b0e3600447a2cd75015a971ef228c183414,10904,,,true
P02_BLUE_T_000016,P02,BLUE,T,image_000016.jpg,training/P02/BLUE/T/images/image_000016.jpg,a9e53646859dd6209aa6a1e73d5c96d71a4a892ac0c91602355d38d0e18a9ee3,10661,,,true
P02_BLUE_T_000017,P02,BLUE,T,image_000017.jpg,training/P02/BLUE/T/images/image_000017.jpg,c435d6f3463e24d9f416dba5b54da0fe1bfb120ce8ebe2b8e2c6303b72901943,10941,,,true
P02_BLUE_T_000018,P02,BLUE,T,image_000018.jpg,training/P02/BLUE/T/images/image_000018.jpg,1bbaf5d9c85272860642ed343314543a180eec3631ae3c35ffc2a8cb89085100,11181,,,true
P02_BLUE_T_000019,P02,BLUE,T,image_000019.jpg,training/P02/BLUE/T/images/image_000019.jpg,193a7ea860ba5669ae4aff777794d1b8c87e8b85c9a7d963018c84b4df4ff433,10758,,,true
P02_BLUE_T_000020,P02,BLUE,T,image_000020.jpg,training/P02/BLUE/T/images/image_000020.jpg,379559c8c145eebc1f7851f1bec823ae3492f201b9bcd630fe37c9277fe23069,10824,,,true
P02_BLUE_T_000021,P02,BLUE,T,image_000021.jpg,training/P02/BLUE/T/images/image_000021.jpg,bdf20eddf10c4a59e94495b76215e63d743ca5fa517a6b9234010c6285189a5d,10671,,,true
P02_BLUE_T_000022,P02,BLUE,T,image_000022.jpg,training/P02/BLUE/T/images/image_000022.jpg,1dd2d4f88c8a7ffb170cd34e0e0fa1d5b429fca5f8dba34223ef709cb7ce4249,10754,,,true
P02_BLUE_T_000023,P02,BLUE,T,image_000023.jpg,training/P02/BLUE/T/images/image_000023.jpg,e2f8a00f1cdc5ee406ca54245f87f97438687fb51c4a4c275f438ed8cad4c854,10445,,,true
P02_BLUE_T_000024,P02,BLUE,T,image_000024.jpg,training/P02/BLUE/T/images/image_000024.jpg,068996c3afdd879f3ca3265317ba549083870c8f66de18a98974a73d93f2c85a,10835,,,true
P02_BLUE_T_000025,P02,BLUE,T,image_000025.jpg,training/P02/BLUE/T/images/image_000025.jpg,cec8643cb5e4e068736982f82f3be7b4531ee6792a6783ba487c8792d1fa6728,11122,,,true
P02_BLUE_U_000001,P02,BLUE,U,image_000001.jpg,training/P02/BLUE/U/images/image_000001.jpg,a8b1a94a9e2f3df01b4546d937bedc4a70d7ef53afa87851e6aae903e81eec8b,10984,,,true
P02_BLUE_U_000002,P02,BLUE,U,image_000002.jpg,training/P02/BLUE/U/images/image_000002.jpg,54e22a6d03eb5809d4271e0b0f9bf968fc337cf4a19fe778b4121fa52e441ac9,10508,,,true
P02_BLUE_U_000003,P02,BLUE,U,image_000003.jpg,training/P02/BLUE/U/images/image_000003.jpg,5e32e6554b398177a5cc8abb6b72f96f79e3736e2d3405b6ef60a5cf757b9b62,10288,,,true
P02_BLUE_U_000004,P02,BLUE,U,image_000004.jpg,training/P02/BLUE/U/images/image_000004.jpg,a1b8548413f668e7e7f36cc3858d6dbb93102d43b8f611afc963a099c120b2f0,10202,,,true
P02_BLUE_U_000005,P02,BLUE,U,image_000005.jpg,training/P02/BLUE/U/images/image_000005.jpg,c2e143b8c774a5ee50598f1730252b961e6ad97472bdbb51a03143c3bfebcf42,10391,,,true
P02_BLUE_U_000006,P02,BLUE,U,image_000006.jpg,training/P02/BLUE/U/images/image_000006.jpg,0b2fe61a2655604c6fcba7df9ceb5dec8854f6f9bfdf6b06106ba6cf77448078,10428,,,true
P02_BLUE_U_000007,P02,BLUE,U,image_000007.jpg,training/P02/BLUE/U/images/image_000007.jpg,c6d053505cde94d01904f4c507ed1f2615f74ab296fc1f8c772ab4a508443678,10304,,,true
P02_BLUE_U_000008,P02,BLUE,U,image_000008.jpg,training/P02/BLUE/U/images/image_000008.jpg,f1a411d71ef06a5743dd2eb49cd23fcee192c8847db9dd997920b21315230d71,10275,,,true
P02_BLUE_U_000009,P02,BLUE,U,image_000009.jpg,training/P02/BLUE/U/images/image_000009.jpg,e51f7f949e1931bb53b1a29be31d547f2b12ed9afedcae0ed43f746d4e71dc44,10601,,,true
P02_BLUE_U_000010,P02,BLUE,U,image_000010.jpg,training/P02/BLUE/U/images/image_000010.jpg,b455450fb0d00c59523a1de9cf3bd58de8d3a960dcab6ee5446bc1278f483a26,10328,,,true
P02_BLUE_U_000011,P02,BLUE,U,image_000011.jpg,training/P02/BLUE/U/images/image_000011.jpg,cb8ec1a890a3645f6735049116c7123f94d8c840bbbbecc1f82cc56ab9369cf2,10519,,,true
P02_BLUE_U_000012,P02,BLUE,U,image_000012.jpg,training/P02/BLUE/U/images/image_000012.jpg,deeca05598899962fd083ea480e34d2138baa1155b4af7c8f6ecaa85ffb28c60,10199,,,true
P02_BLUE_U_000013,P02,BLUE,U,image_000013.jpg,training/P02/BLUE/U/images/image_000013.jpg,188424f6fe6d4f98b06d8db2db6ff206ab41f4344ab83a42c600b34ca4b8cd55,10052,,,true
P02_BLUE_U_000014,P02,BLUE,U,image_000014.jpg,training/P02/BLUE/U/images/image_000014.jpg,448bb23b142acaf9c2209fbb4aa316e051da6119e6af321f06f504c0420dfcc4,10586,,,true
P02_BLUE_U_000015,P02,BLUE,U,image_000015.jpg,training/P02/BLUE/U/images/image_000015.jpg,028354faaedc23b5d3aef357ae18620a8fee48e8768cb83d5af461e287ea0284,10221,,,true
P02_BLUE_U_000016,P02,BLUE,U,image_000016.jpg,training/P02/BLUE/U/images/image_000016.jpg,2ffb6ea954edd3ebfe82d08c65e47648b6e494ca6144e4f2428f4828325673ce,9970,,,true
P02_BLUE_U_000017,P02,BLUE,U,image_000017.jpg,training/P02/BLUE/U/images/image_000017.jpg,26ca4dc41b6944e2cff970f8bb2c4faa06715fe5f572da48f12732ad59ceb0d6,10134,,,true
P02_BLUE_U_000018,P02,BLUE,U,image_000018.jpg,training/P02/BLUE/U/images/image_000018.jpg,55ab220afa4a77d152e211a6747058ce3e739e87fe4788917b87721a9270969e,10102,,,true
P02_BLUE_U_000019,P02,BLUE,U,image_000019.jpg,training/P02/BLUE/U/images/image_000019.jpg,7f4601b6960c1437d45d2b8695528d82a8320efc5ebe7791ff9a0dc091186c77,10371,,,true
P02_BLUE_U_000020,P02,BLUE,U,image_000020.jpg,training/P02/BLUE/U/images/image_000020.jpg,bd24a7560bf0b448e858839e8feaea0b3aef2096e1f457a98f2c55542f634c04,10313,,,true
P02_BLUE_U_000021,P02,BLUE,U,image_000021.jpg,training/P02/BLUE/U/images/image_000021.jpg,21060ef7e60317da5e86fac47b5220503efa12b3019b6b47c1838435403231b3,10624,,,true
P02_BLUE_U_000022,P02,BLUE,U,image_000022.jpg,training/P02/BLUE/U/images/image_000022.jpg,ef8db95bf8681a26dbf633f4d87126f33589ecdc7b4e5a8014369854023a09d9,10494,,,true
P02_BLUE_U_000023,P02,BLUE,U,image_000023.jpg,training/P02/BLUE/U/images/image_000023.jpg,89029aa22e5b20dc43d2653c296304875f4d337b728f7d79f3a93ac674e34d3c,10664,,,true
P02_BLUE_U_000024,P02,BLUE,U,image_000024.jpg,training/P02/BLUE/U/images/image_000024.jpg,90fd23dacd7a9d75841da225966364722763eb1a68d0ff974524c46c414ea294,10120,,,true
P02_BLUE_U_000025,P02,BLUE,U,image_000025.jpg,training/P02/BLUE/U/images/image_000025.jpg,c5f0f7464c670761a2ab1dc78b8607cea042eda4ee838a26f6d33c3586d7594c,10493,,,true
P02_BLUE_V_000001,P02,BLUE,V,image_000001.jpg,training/P02/BLUE/V/images/image_000001.jpg,32ffb4a0a9746bd4632911b7b66dd97d9c25fa1cacdd00c4c9d6d4b68529cc9a,10398,,,true
P02_BLUE_V_000002,P02,BLUE,V,image_000002.jpg,training/P02/BLUE/V/images/image_000002.jpg,8e0a096cf0b541d43d1ea5b57c6e28fd485efb4a5b5c89200211e522dd51e1e5,10501,,,true
P02_BLUE_V_000003,P02,BLUE,V,image_000003.jpg,training/P02/BLUE/V/images/image_000003.jpg,bd4a37d0fc070aabf321bc7c90f536713f36a7e1219c16a9a816b274c97880f9,10878,,,true
P02_BLUE_V_000004,P02,BLUE,V,image_000004.jpg,training/P02/BLUE/V/images/image_000004.jpg,6d19986910bcd2e35995fd7d2d341031dd5eabc36faeb209da9c77ed0ff3f578,10846,,,true
P02_BLUE_V_000005,P02,BLUE,V,image_000005.jpg,training/P02/BLUE/V/images/image_000005.jpg,5e85305f3a02ab11ff6b3f6bfdc9c397411b7ef1d606da3ef122f70f07be5a7d,10858,,,true
P02_BLUE_V_000006,P02,BLUE,V,image_000006.jpg,training/P02/BLUE/V/images/image_000006.jpg,22c412fb79402b551e4a3251f76e1dbbf0f3db1d278c04342d6c02657c03112d,10636,,,true
P02_BLUE_V_000007,P02,BLUE,V,image_000007.jpg,training/P02/BLUE/V/images/image_000007.jpg,dfb624645c74462c55172cf494bbc1d65f653eb68b2140672d96d0858cc7bab8,10546,,,true
P02_BLUE_V_000008,P02,BLUE,V,image_000008.jpg,training/P02/BLUE/V/images/image_000008.jpg,816b4cf55e2989b81d262b6571c116cf54a3d4c296ecaa54cf4280d820841a4b,10425,,,true
P02_BLUE_V_000009,P02,BLUE,V,image_000009.jpg,training/P02/BLUE/V/images/image_000009.jpg,8359009a3b4059cd1018e31b1fa5e020d76bf6d90c0e18e9c56bcf31f5a1b84b,10550,,,true
P02_BLUE_V_000010,P02,BLUE,V,image_000010.jpg,training/P02/BLUE/V/images/image_000010.jpg,8ec2522b3ae1179fe4c7a990bb812d1d524147d12cc6a9368dfb52b0be814af0,10476,,,true
P02_BLUE_V_000011,P02,BLUE,V,image_000011.jpg,training/P02/BLUE/V/images/image_000011.jpg,162b62a1ffa2e7aed643414f735644898055a787337600962099f89fb616c2ac,10249,,,true
P02_BLUE_V_000012,P02,BLUE,V,image_000012.jpg,training/P02/BLUE/V/images/image_000012.jpg,32b6d288c04b2b9c8d1b036f84341fb358ee5121df834b97fa97cb4cd8268b77,10367,,,true
P02_BLUE_V_000013,P02,BLUE,V,image_000013.jpg,training/P02/BLUE/V/images/image_000013.jpg,157d3053c3fcfe7ac0d921cba3f4e0ffed75548c80c8c7eda3eb652d1d2e4f56,10419,,,true
P02_BLUE_V_000014,P02,BLUE,V,image_000014.jpg,training/P02/BLUE/V/images/image_000014.jpg,8c16bff19120f36a13cacecac082883152e289441340b6abcf8f30025f6c1658,10186,,,true
P02_BLUE_V_000015,P02,BLUE,V,image_000015.jpg,training/P02/BLUE/V/images/image_000015.jpg,9e5982d75e9621b1cfb0c593ec8f261a24e88ca69562a34e9a931e9dd8e3f8c5,10532,,,true
P02_BLUE_V_000016,P02,BLUE,V,image_000016.jpg,training/P02/BLUE/V/images/image_000016.jpg,eac0e7b76cb06ed78e7bf61aaee65e440b5ae4ddcdcdbfd116fb6ec3366ef301,10425,,,true
P02_BLUE_V_000017,P02,BLUE,V,image_000017.jpg,training/P02/BLUE/V/images/image_000017.jpg,a5c869851d7bcf46d6cc96a43f82f3b88c25ebc1ef36cfaacd59669231c8d3da,10503,,,true
P02_BLUE_V_000018,P02,BLUE,V,image_000018.jpg,training/P02/BLUE/V/images/image_000018.jpg,d692d5e9239ae847e85b370dc127b7daf6f9cc5399f0a52875da2c7cc15f02f9,10537,,,true
P02_BLUE_V_000019,P02,BLUE,V,image_000019.jpg,training/P02/BLUE/V/images/image_000019.jpg,fe6e733397817fb90718b9a4a821cf8f4042529620937cecd1a43aebf3d0ae38,9728,,,true
P02_BLUE_V_000020,P02,BLUE,V,image_000020.jpg,training/P02/BLUE/V/images/image_000020.jpg,ab711ce71f7464a90b083f445ab1e1effaf286d18c85c96c1e47f7904468b1f0,9989,,,true
P02_BLUE_V_000021,P02,BLUE,V,image_000021.jpg,training/P02/BLUE/V/images/image_000021.jpg,fee2572dc813344cab125f5793731bfb4a84be702d5b815168e1bc4f6cae64f9,10750,,,true
P02_BLUE_V_000022,P02,BLUE,V,image_000022.jpg,training/P02/BLUE/V/images/image_000022.jpg,3ecfdf87a79fd27f4a37fb80ac38fc56e0a738b11fef89b3f9eefb1595de19cf,10478,,,true
P02_BLUE_V_000023,P02,BLUE,V,image_000023.jpg,training/P02/BLUE/V/images/image_000023.jpg,8b6ab6e42e0e899f16090ee410581c94bdad771390323426b85ad882829a4081,10381,,,true
P02_BLUE_V_000024,P02,BLUE,V,image_000024.jpg,training/P02/BLUE/V/images/image_000024.jpg,b53710d6b16c3346416743ca3dd91f2535016e62a37537ec4ebcbc6cb2f2b434,10497,,,true
P02_BLUE_V_000025,P02,BLUE,V,image_000025.jpg,training/P02/BLUE/V/images/image_000025.jpg,f6489e3d1814b5e6a02ed1df911a1691f2895315a6e0494506b1a412e5288675,10737,,,true
P02_BLUE_W_000001,P02,BLUE,W,image_000001.jpg,training/P02/BLUE/W/images/image_000001.jpg,6e78f7605006e60e93fab645a89c1c6a1618dd39c1c3992fbfbeeddc8a3d0d51,10720,,,true
P02_BLUE_W_000002,P02,BLUE,W,image_000002.jpg,training/P02/BLUE/W/images/image_000002.jpg,d0caac74e103ae51ca00d18bcdaa3e0c1322ecbd4893519116c7f4c0641c6da3,10484,,,true
P02_BLUE_W_000003,P02,BLUE,W,image_000003.jpg,training/P02/BLUE/W/images/image_000003.jpg,fb4ba5bc50e59f266108cb137fc3bd3cbc53b957a94c8adefd2548d75a7b9118,10664,,,true
P02_BLUE_W_000004,P02,BLUE,W,image_000004.jpg,training/P02/BLUE/W/images/image_000004.jpg,dd96a6f4235e17d2a0c6733761a0d09f9dbad1e7349a344853766d46ccd9aa98,10622,,,true
P02_BLUE_W_000005,P02,BLUE,W,image_000005.jpg,training/P02/BLUE/W/images/image_000005.jpg,e40f0e2de4f62cce0c49fd21ee074c627c9c18f5d3284ae252d7d5089b210037,9934,,,true
P02_BLUE_W_000006,P02,BLUE,W,image_000006.jpg,training/P02/BLUE/W/images/image_000006.jpg,fbc10a8c0840bec39ee0d912bcb20d99e98982d884478e45f05fbd1a2d6d7c11,10223,,,true
P02_BLUE_W_000007,P02,BLUE,W,image_000007.jpg,training/P02/BLUE/W/images/image_000007.jpg,26291668b51ec1c6f07282b006065fa6ec4ebf6a1c937ebcea713c0a3d38ddaa,10461,,,true
P02_BLUE_W_000008,P02,BLUE,W,image_000008.jpg,training/P02/BLUE/W/images/image_000008.jpg,2e43e6693b2b9558b53287935349fe33a9775bc60a2f0b0a812a22071843ca19,10504,,,true
P02_BLUE_W_000009,P02,BLUE,W,image_000009.jpg,training/P02/BLUE/W/images/image_000009.jpg,8c74b38b0d5a79cbf1f0f54f5a3459161c0e29b7a5ec818e5260c854eaa61a24,10808,,,true
P02_BLUE_W_000010,P02,BLUE,W,image_000010.jpg,training/P02/BLUE/W/images/image_000010.jpg,2c231ba3c1f951b51148e76e1422ab68dc90288bcd057cfed1bf72cb88c9475f,10639,,,true
P02_BLUE_W_000011,P02,BLUE,W,image_000011.jpg,training/P02/BLUE/W/images/image_000011.jpg,bf5b6d09fe166329509bbbc91ccd242ab002fe0aed1cf7acdef8044301a35de5,10438,,,true
P02_BLUE_W_000012,P02,BLUE,W,image_000012.jpg,training/P02/BLUE/W/images/image_000012.jpg,cb2aa6b00709a41ee5a391c581787745ae7dfaadf42230d8bf9d4974102cc071,10184,,,true
P02_BLUE_W_000013,P02,BLUE,W,image_000013.jpg,training/P02/BLUE/W/images/image_000013.jpg,57564f6ece3f89d342e5646231e5cb563c63102cff6ab5a6198a1dd050e2c00a,10414,,,true
P02_BLUE_W_000014,P02,BLUE,W,image_000014.jpg,training/P02/BLUE/W/images/image_000014.jpg,beab20e453a5a13260c49bd39601c599ace9efdc785595f6dc0d4efff8f6163d,9541,,,true
P02_BLUE_W_000015,P02,BLUE,W,image_000015.jpg,training/P02/BLUE/W/images/image_000015.jpg,8a83106c1bbe9a88e4d7f294a1eea0fe56e95a72ff3cda82dc4112dbc43e8643,9245,,,true
P02_BLUE_W_000016,P02,BLUE,W,image_000016.jpg,training/P02/BLUE/W/images/image_000016.jpg,af690c8c5cb07e99fbd7114e1f1d65f5b376d54c1ef7d696c47ff5623fb85c17,9245,,,true
P02_BLUE_W_000017,P02,BLUE,W,image_000017.jpg,training/P02/BLUE/W/images/image_000017.jpg,04b173ec9f98a9d57b2a0b3f9498bdbaff76cae29b2a1563fd29d4ed16285430,9211,,,true
P02_BLUE_W_000018,P02,BLUE,W,image_000018.jpg,training/P02/BLUE/W/images/image_000018.jpg,2568ee6b5a1eb173c33f6a66237cde087baaba29f6589050a9e3cf6845d4024b,9191,,,true
P02_BLUE_W_000019,P02,BLUE,W,image_000019.jpg,training/P02/BLUE/W/images/image_000019.jpg,987bf23efbb6aef17772dc0475b072447ced21af2c074172f0ae2446dc3afa42,9270,,,true
P02_BLUE_W_000020,P02,BLUE,W,image_000020.jpg,training/P02/BLUE/W/images/image_000020.jpg,44446fea3ae895c343d40cb623d48498efd5ae3bf0d081810bc7b78d021d1d62,9252,,,true
P02_BLUE_W_000021,P02,BLUE,W,image_000021.jpg,training/P02/BLUE/W/images/image_000021.jpg,36529a915833a0359ea747e522a9da6961fe13e64f3efa05f8a97a7903918eb9,9558,,,true
P02_BLUE_W_000022,P02,BLUE,W,image_000022.jpg,training/P02/BLUE/W/images/image_000022.jpg,27c0ffe0b0f7235ae0234db7b60790e38a38e12fda898902b26f11a180a57f00,9085,,,true
P02_BLUE_W_000023,P02,BLUE,W,image_000023.jpg,training/P02/BLUE/W/images/image_000023.jpg,15f16e81091077ed074d8bbb3499d744938adec3e48aa284600892d04ec7fa62,9079,,,true
P02_BLUE_W_000024,P02,BLUE,W,image_000024.jpg,training/P02/BLUE/W/images/image_000024.jpg,6dc093fba9d1b12895ce8fd4595cc376223bf886518a8467d61586f1114cd795,9460,,,true
P02_BLUE_W_000025,P02,BLUE,W,image_000025.jpg,training/P02/BLUE/W/images/image_000025.jpg,bc4d1963c7baae15a70ab92b6e4619b4578ffb026f5324a414882a59686c1b71,9476,,,true
P02_BLUE_Y_000001,P02,BLUE,Y,image_000001.jpg,training/P02/BLUE/Y/images/image_000001.jpg,802f3df2a7f4df63e77ebbffc51e92f7a87927602c4610f9952e81827dcb1c00,10666,,,true
P02_BLUE_Y_000002,P02,BLUE,Y,image_000002.jpg,training/P02/BLUE/Y/images/image_000002.jpg,78281529c001b8a87038ee11f06e11bc1c09e216ebd30049a150b9dc00cb2f2c,10616,,,true
P02_BLUE_Y_000003,P02,BLUE,Y,image_000003.jpg,training/P02/BLUE/Y/images/image_000003.jpg,87aa699d342ba13f71bf4e7f5106caa2686f75e0126a806f30f599cded5a0096,10005,,,true
P02_BLUE_Y_000004,P02,BLUE,Y,image_000004.jpg,training/P02/BLUE/Y/images/image_000004.jpg,a49242c2560dfe5cca28442c9c5d52f7db2383f4f72420a258debe19e4d73798,10199,,,true
P02_BLUE_Y_000005,P02,BLUE,Y,image_000005.jpg,training/P02/BLUE/Y/images/image_000005.jpg,c38a5b9d864d4b9c5de26d3429d546039e48bc17762b3643c1dc2cc1083cf8ec,9746,,,true
P02_BLUE_Y_000006,P02,BLUE,Y,image_000006.jpg,training/P02/BLUE/Y/images/image_000006.jpg,62c3506954f81dd75a44a9f497be0a54068ce32bb17b13094e58e98369957301,9985,,,true
P02_BLUE_Y_000007,P02,BLUE,Y,image_000007.jpg,training/P02/BLUE/Y/images/image_000007.jpg,4cfd6478aada8ee9f19cffb5938db810b1a9f5346d221cadb3b1531382ced986,10220,,,true
P02_BLUE_Y_000008,P02,BLUE,Y,image_000008.jpg,training/P02/BLUE/Y/images/image_000008.jpg,19536d9598613589364c27a150a398b0b074b1bef5e940456dd140da75d0de7d,9836,,,true
P02_BLUE_Y_000009,P02,BLUE,Y,image_000009.jpg,training/P02/BLUE/Y/images/image_000009.jpg,1d7736c16929148e7b954fe1b21d1ebd0bcea2eccceb090a30a5bbfa014708e8,10362,,,true
P02_BLUE_Y_000010,P02,BLUE,Y,image_000010.jpg,training/P02/BLUE/Y/images/image_000010.jpg,c216b79b274661c0cc98a26bf120c408605e6f782a08090bc9ae2e055293cd83,10446,,,true
P02_BLUE_Y_000011,P02,BLUE,Y,image_000011.jpg,training/P02/BLUE/Y/images/image_000011.jpg,997922bca43e242f0005c004bfacc604853b34ecf1e6e969c59e3cf70edc4a97,10473,,,true
P02_BLUE_Y_000012,P02,BLUE,Y,image_000012.jpg,training/P02/BLUE/Y/images/image_000012.jpg,50262c4f0a9d6a6342d8c7ac3e3e912af5049dc95a022fe3cb0396495d882c12,10400,,,true
P02_BLUE_Y_000013,P02,BLUE,Y,image_000013.jpg,training/P02/BLUE/Y/images/image_000013.jpg,860ea54539aa1b52a5a3e00bdbeda47edc20df931035b0f1dceecd2b044c8b61,10374,,,true
P02_BLUE_Y_000014,P02,BLUE,Y,image_000014.jpg,training/P02/BLUE/Y/images/image_000014.jpg,219c3370894accbb5a8f2130bef4bf84d0d2926f7cdb55ae2ec5da499df4fb04,10140,,,true
P02_BLUE_Y_000015,P02,BLUE,Y,image_000015.jpg,training/P02/BLUE/Y/images/image_000015.jpg,04955270916bf0ea24f477eff5417dc12b6f5c49efcdb48348f55fe3f0183f86,10576,,,true
P02_BLUE_Y_000016,P02,BLUE,Y,image_000016.jpg,training/P02/BLUE/Y/images/image_000016.jpg,22b88bba1dfed0c349c540aed33ac61b82bc368e08726274056c354e76813ed4,10042,,,true
P02_BLUE_Y_000017,P02,BLUE,Y,image_000017.jpg,training/P02/BLUE/Y/images/image_000017.jpg,f0e170cb9816ec81d2afe8f21f0cc5e1d2b47ff273009f114ab64fed1b338c15,10276,,,true
P02_BLUE_Y_000018,P02,BLUE,Y,image_000018.jpg,training/P02/BLUE/Y/images/image_000018.jpg,51c0c3da1211fe7a1e45b80f8d07a3482f14326e522484b710e162b0e7551789,10526,,,true
P02_BLUE_Y_000019,P02,BLUE,Y,image_000019.jpg,training/P02/BLUE/Y/images/image_000019.jpg,abb63ab0e1ef71d8330d52aaf654e3f97e44d96bf743675479407cbabf7e226a,9961,,,true
P02_BLUE_Y_000020,P02,BLUE,Y,image_000020.jpg,training/P02/BLUE/Y/images/image_000020.jpg,40d72d7206a5c1cef209a16d4186e3dfd6055150694a3d328be1fbce7310af5c,9762,,,true
P02_BLUE_Y_000021,P02,BLUE,Y,image_000021.jpg,training/P02/BLUE/Y/images/image_000021.jpg,3ebf7b7fdbd3233e7cbf7ee1d6d1d15374969bc0953eb52af87c81ce1a61f308,10112,,,true
P02_BLUE_Y_000022,P02,BLUE,Y,image_000022.jpg,training/P02/BLUE/Y/images/image_000022.jpg,473f42b6fb44e192c1b3d91c83da66226f24454bba63ec0e4e5ca03719bb892d,10292,,,true
P02_BLUE_Y_000023,P02,BLUE,Y,image_000023.jpg,training/P02/BLUE/Y/images/image_000023.jpg,79eff35e6346af4cd01959d8eec7081d20f411368a3003826fb41618c0edb9d0,10325,,,true
P02_BLUE_Y_000024,P02,BLUE,Y,image_000024.jpg,training/P02/BLUE/Y/images/image_000024.jpg,0924ff69715478130a4b9e56fcd32f103068be325e660baff9c36fcc719e684f,10197,,,true
P02_BLUE_Y_000025,P02,BLUE,Y,image_000025.jpg,training/P02/BLUE/Y/images/image_000025.jpg,507773beac9c414a81a125d20f11c1e7f7ba0d6d6c37d4d77c2eb2da161d34d2,9903,,,true
P02_WHITE_A_000001,P02,WHITE,A,image_000001.jpg,training/P02/WHITE/A/images/image_000001.jpg,3576976f1335e6078fee8f12dd98ac4d292d4ecb0ea56d3c07b6f90ae8a626a2,6345,,,true
P02_WHITE_A_000002,P02,WHITE,A,image_000002.jpg,training/P02/WHITE/A/images/image_000002.jpg,a090bd534e4099c8b60f78fed528affde751d2aaae5596c4c8003558ecb40c22,6508,,,true
P02_WHITE_A_000003,P02,WHITE,A,image_000003.jpg,training/P02/WHITE/A/images/image_000003.jpg,df5ff4718b17b8e0f7cbdb5bc1aa843541cbe6d599c6b142f7d36c1e05eda574,6637,,,true
P02_WHITE_A_000004,P02,WHITE,A,image_000004.jpg,training/P02/WHITE/A/images/image_000004.jpg,cbda9d3ce391926d3293b798a2953ed64547017eecb3e00e942c24ee55f58b9d,7217,,,true
P02_WHITE_A_000005,P02,WHITE,A,image_000005.jpg,training/P02/WHITE/A/images/image_000005.jpg,818a751ed2e20a5103021d1ac67b45093f9e0b911ce8727a9f6551bc0d1138a7,6554,,,true
P02_WHITE_A_000006,P02,WHITE,A,image_000006.jpg,training/P02/WHITE/A/images/image_000006.jpg,91dccf469b791dd0a0edbe07c8d6b848362d757a22bdeffbd359dc50036dccea,6531,,,true
P02_WHITE_A_000007,P02,WHITE,A,image_000007.jpg,training/P02/WHITE/A/images/image_000007.jpg,ab650c689400023e13c377cb050f6ec61f515ea25abc5fcba1e8e238aea0e0f6,6298,,,true
P02_WHITE_A_000008,P02,WHITE,A,image_000008.jpg,training/P02/WHITE/A/images/image_000008.jpg,e4749eb100cb546346ba0138da69ffd4a6dab076d46549367d29354da961b07e,6877,,,true
P02_WHITE_A_000009,P02,WHITE,A,image_000009.jpg,training/P02/WHITE/A/images/image_000009.jpg,3e9efe97557abe76c90bf7989a4222f42752feff26fc8f8a3609c97092d0b9b6,7101,,,true
P02_WHITE_A_000010,P02,WHITE,A,image_000010.jpg,training/P02/WHITE/A/images/image_000010.jpg,50b1e4573c24f9fd48dedffccf8f53013419bbd4cbc7661a2c71660628eea03e,6594,,,true
P02_WHITE_A_000011,P02,WHITE,A,image_000011.jpg,training/P02/WHITE/A/images/image_000011.jpg,85dc0a0bcb3aac0dec51cc16a0c94b17cf3ded39a401839427900d0bf4739178,6795,,,true
P02_WHITE_A_000012,P02,WHITE,A,image_000012.jpg,training/P02/WHITE/A/images/image_000012.jpg,cfde69565ee5f2e8395750765650c7ced64239ea5e6673e9b5431de21f934eea,7047,,,true
P02_WHITE_A_000013,P02,WHITE,A,image_000013.jpg,training/P02/WHITE/A/images/image_000013.jpg,a1ed5d72170b35659f7d08f86669478163fcc02f179c526629ecd5c9008160ea,6738,,,true
P02_WHITE_A_000014,P02,WHITE,A,image_000014.jpg,training/P02/WHITE/A/images/image_000014.jpg,65550ffcd4d2b753cfe3284f3f3279b47bbf92a40293726bd6b2607075e7012d,7703,,,true
P02_WHITE_A_000015,P02,WHITE,A,image_000015.jpg,training/P02/WHITE/A/images/image_000015.jpg,099e34a2b762a358f1673f45091bed2d2f714093dc8d477186e45dc453c12fd4,7560,,,true
P02_WHITE_A_000016,P02,WHITE,A,image_000016.jpg,training/P02/WHITE/A/images/image_000016.jpg,6e1f4a1d764f60e5e01fb0016d14e3326768e655c77ba86acc69192ea7785749,6308,,,true
P02_WHITE_A_000017,P02,WHITE,A,image_000017.jpg,training/P02/WHITE/A/images/image_000017.jpg,fd3d742d4af04deaa207e7ae729751c8052af6f0c7f95a598592744221b702ca,6692,,,true
P02_WHITE_A_000018,P02,WHITE,A,image_000018.jpg,training/P02/WHITE/A/images/image_000018.jpg,3d59ed0417d3eb2b228e4a4c399e4f87f3ee7308e5eef815d57dbb8e48c41a90,6797,,,true
P02_WHITE_A_000019,P02,WHITE,A,image_000019.jpg,training/P02/WHITE/A/images/image_000019.jpg,175e15b8a7dbb79ced3870e4782cd76be404bcb20663ae29bcfbf8ec938e44e3,7030,,,true
P02_WHITE_A_000020,P02,WHITE,A,image_000020.jpg,training/P02/WHITE/A/images/image_000020.jpg,1c86e397ed63a8170ea91fd999991ef3b6b2c7200400ebd03b8e5dbddc7560b8,6317,,,true
P02_WHITE_A_000021,P02,WHITE,A,image_000021.jpg,training/P02/WHITE/A/images/image_000021.jpg,cc4ba5f20076314ef4227cfad2f860a598a3413c8c4ffc56e0353adfd45d8353,6426,,,true
P02_WHITE_A_000022,P02,WHITE,A,image_000022.jpg,training/P02/WHITE/A/images/image_000022.jpg,e1f9081879af9d6a61d3d3c58f2f73a65787b8947000dd465720a8aa6a930bb7,6495,,,true
P02_WHITE_A_000023,P02,WHITE,A,image_000023.jpg,training/P02/WHITE/A/images/image_000023.jpg,c13522a50480297e8d47bfa9deb973ff2cfd3a0d35dbfe00b990fcaf4a910f4c,6422,,,true
P02_WHITE_A_000024,P02,WHITE,A,image_000024.jpg,training/P02/WHITE/A/images/image_000024.jpg,536334f32ec1bf4d2cf4d7fc90fee75a7b098dc09e0ec9eb3692f147459a74bb,6450,,,true
P02_WHITE_A_000025,P02,WHITE,A,image_000025.jpg,training/P02/WHITE/A/images/image_000025.jpg,5a7b64468babebab0fd9901d3f3f1c6774b6abeeef7488e9413e386eaf125e56,6973,,,true
P02_WHITE_B_000001,P02,WHITE,B,image_000001.jpg,training/P02/WHITE/B/images/image_000001.jpg,94257ea9846d995d6aa12e5b0d231cdd55e6ab1dcbea770fe13315da3f84aa1c,8354,,,true
P02_WHITE_B_000002,P02,WHITE,B,image_000002.jpg,training/P02/WHITE/B/images/image_000002.jpg,1a3da6699444bcbf6c64256d3b8f9ee0e33d1c992d86795f78845cee0f2ad6de,8745,,,true
P02_WHITE_B_000003,P02,WHITE,B,image_000003.jpg,training/P02/WHITE/B/images/image_000003.jpg,d2f462f52c3428868e68927ae89ba051c3541f5f16895b4566948d1f17d1c2c4,7243,,,true
P02_WHITE_B_000004,P02,WHITE,B,image_000004.jpg,training/P02/WHITE/B/images/image_000004.jpg,b57fe9538bcb632f83cdbf2d42c51eba540117cc5aae2613f5a5c20f63090f93,6811,,,true
P02_WHITE_B_000005,P02,WHITE,B,image_000005.jpg,training/P02/WHITE/B/images/image_000005.jpg,f1330e35d1e80a07074b3fb0750795721637d5f58e98e2389a46f93b983771af,7245,,,true
P02_WHITE_B_000006,P02,WHITE,B,image_000006.jpg,training/P02/WHITE/B/images/image_000006.jpg,4485cf799db074c822757b41a6939f78be2be9f7bbd117d4d402ae62bcc7058c,7215,,,true
P02_WHITE_B_000007,P02,WHITE,B,image_000007.jpg,training/P02/WHITE/B/images/image_000007.jpg,d87d81cd15a597d1dcfbe41a5a7b8941bbbcce61d884ffca741585f6afb9a4aa,6994,,,true
P02_WHITE_B_000008,P02,WHITE,B,image_000008.jpg,training/P02/WHITE/B/images/image_000008.jpg,84d0081907a641056a01d87e90f8f729d134d8432a32662133c5a286614b7d07,7086,,,true
P02_WHITE_B_000009,P02,WHITE,B,image_000009.jpg,training/P02/WHITE/B/images/image_000009.jpg,54657fcd51c85814553b02cd042a0e670296044374c801445d3648ec1a68b671,6968,,,true
P02_WHITE_B_000010,P02,WHITE,B,image_000010.jpg,training/P02/WHITE/B/images/image_000010.jpg,13454db39907b03aefb60a3fe97c46c37b27b458a8f3acf7ac874f29236e63f0,6996,,,true
P02_WHITE_B_000011,P02,WHITE,B,image_000011.jpg,training/P02/WHITE/B/images/image_000011.jpg,ff2db631a3f8fc2542c85e2e49f62e972fd8643cdeb8a8deb7988c281bfcbdc0,6498,,,true
P02_WHITE_B_000012,P02,WHITE,B,image_000012.jpg,training/P02/WHITE/B/images/image_000012.jpg,77bec02540a24d5ab3b428c17b240a874f6fd9d004920bdb594f884d9d45cb5a,6971,,,true
P02_WHITE_B_000013,P02,WHITE,B,image_000013.jpg,training/P02/WHITE/B/images/image_000013.jpg,01f4addc9a8d9fd813231b0baaa1908162928b637cb2e26e6b7a270bf76a5933,6929,,,true
P02_WHITE_B_000014,P02,WHITE,B,image_000014.jpg,training/P02/WHITE/B/images/image_000014.jpg,9f0aa69693d158914489d8a9929356ea8fa1f6919738faee28f9387392fe2cc7,7047,,,true
P02_WHITE_B_000015,P02,WHITE,B,image_000015.jpg,training/P02/WHITE/B/images/image_000015.jpg,f6c5b305f0e6d11ef97e9a849d8f9b1e01e2e08d20f13bbc074f704a6308e04c,7198,,,true
P02_WHITE_B_000016,P02,WHITE,B,image_000016.jpg,training/P02/WHITE/B/images/image_000016.jpg,eaf1ab82df62c673e853cc1ed3a6e97f0712089c94d5291b59c72d057da83737,6952,,,true
P02_WHITE_B_000017,P02,WHITE,B,image_000017.jpg,training/P02/WHITE/B/images/image_000017.jpg,cbb0ccd86e7330f0e33a066502c3e45ed75694c6fade4536132610fbbd469411,8018,,,true
P02_WHITE_B_000018,P02,WHITE,B,image_000018.jpg,training/P02/WHITE/B/images/image_000018.jpg,13e6c4d079ab780d6b5b49e34f7f4068eb904be2b0a59d673d8052a0c1abea9f,6586,,,true
P02_WHITE_B_000019,P02,WHITE,B,image_000019.jpg,training/P02/WHITE/B/images/image_000019.jpg,746d39df271842f3379d8391ee05a59c2b48b20b63dcb5d7bc79a8ff0f94c4c6,6626,,,true
P02_WHITE_B_000020,P02,WHITE,B,image_000020.jpg,training/P02/WHITE/B/images/image_000020.jpg,7386786c17b3f14953d0fae6947db62c19dd94b24e1489193d0e150427decdcd,7123,,,true
P02_WHITE_B_000021,P02,WHITE,B,image_000021.jpg,training/P02/WHITE/B/images/image_000021.jpg,455fe274a45e8c0b6d1322ed176034b0db8af69820529cec7f4c30d2476a056c,6685,,,true
P02_WHITE_B_000022,P02,WHITE,B,image_000022.jpg,training/P02/WHITE/B/images/image_000022.jpg,91e9e3a656b5aff6d9fcc42f6a9d6f705f680c4ebb22a9eb35637f172c31021c,6732,,,true
P02_WHITE_B_000023,P02,WHITE,B,image_000023.jpg,training/P02/WHITE/B/images/image_000023.jpg,0a87d746bf66e103d0e17a853d05d8430768471e5316d56f598ed52a8b1857c9,6542,,,true
P02_WHITE_B_000024,P02,WHITE,B,image_000024.jpg,training/P02/WHITE/B/images/image_000024.jpg,9de6b3c348a41ae4569457e4b7dbaf36c18d5117a971efa49ef1d90a02f488a0,6849,,,true
P02_WHITE_B_000025,P02,WHITE,B,image_000025.jpg,training/P02/WHITE/B/images/image_000025.jpg,bab8ee3ba2effdf45e0535f98676b3881d0d714dea50dc98d1d7c648f7ca4a88,6432,,,true
P02_WHITE_C_000001,P02,WHITE,C,image_000001.jpg,training/P02/WHITE/C/images/image_000001.jpg,7b571d1954adbe79dbe0ba97c526693baf7977045da185187c8e15dff06acd3d,6993,,,true
P02_WHITE_C_000002,P02,WHITE,C,image_000002.jpg,training/P02/WHITE/C/images/image_000002.jpg,e35b9597730030f51a17c38c9b00e889109d31724f106c9ae894c87439e6f4fb,6534,,,true
P02_WHITE_C_000003,P02,WHITE,C,image_000003.jpg,training/P02/WHITE/C/images/image_000003.jpg,cee26d5f44b45f1daad45d348e326bf7a1805848fb371cd2ac4c64f86b4e3c76,6971,,,true
P02_WHITE_C_000004,P02,WHITE,C,image_000004.jpg,training/P02/WHITE/C/images/image_000004.jpg,8aef6ae12fb4cb36d1d0884527c3c4d37c46d4c5924339b1b3145d8eec9edbee,6436,,,true
P02_WHITE_C_000005,P02,WHITE,C,image_000005.jpg,training/P02/WHITE/C/images/image_000005.jpg,b4d752825b501d58df685acf1a8c59581a6cd1247834c65717911be66e7b5ae3,6344,,,true
P02_WHITE_C_000006,P02,WHITE,C,image_000006.jpg,training/P02/WHITE/C/images/image_000006.jpg,a63f8a5add03f508af81b9607f21ceed1727c009f2def0c7880423d650d143b0,6911,,,true
P02_WHITE_C_000007,P02,WHITE,C,image_000007.jpg,training/P02/WHITE/C/images/image_000007.jpg,774e04abecaae1e812ac63b9efd1c75d7623c5d259da99cb4d9e0837aac29bee,7454,,,true
P02_WHITE_C_000008,P02,WHITE,C,image_000008.jpg,training/P02/WHITE/C/images/image_000008.jpg,c81c175e5b46d740fd8bb9726260382df84d6ee040301c176b2e0c0cae53f459,6777,,,true
P02_WHITE_C_000009,P02,WHITE,C,image_000009.jpg,training/P02/WHITE/C/images/image_000009.jpg,446a312da1d8712509fc49dd9e250ddb1bbad58b903b836630151dd4b4e0ea04,6747,,,true
P02_WHITE_C_000010,P02,WHITE,C,image_000010.jpg,training/P02/WHITE/C/images/image_000010.jpg,d9f3e95572938bfed2933cccc6191676d5b51ea87354014a8f6418374c378e5c,7198,,,true
P02_WHITE_C_000011,P02,WHITE,C,image_000011.jpg,training/P02/WHITE/C/images/image_000011.jpg,73d36fa00d14eb3ee71e9b12e94ec5fea5af018563d62e758c1a688813d1f05e,7254,,,true
P02_WHITE_C_000012,P02,WHITE,C,image_000012.jpg,training/P02/WHITE/C/images/image_000012.jpg,46cda0c21d7203418bb7ac5783345b0f36ed4a4c3d9462b837113ebc1f89ecf8,6942,,,true
P02_WHITE_C_000013,P02,WHITE,C,image_000013.jpg,training/P02/WHITE/C/images/image_000013.jpg,1aa4554bd250a930e7f6dfb84efb4505394e8ae957acde55cfe6dbc4e2c3ce4b,6811,,,true
P02_WHITE_C_000014,P02,WHITE,C,image_000014.jpg,training/P02/WHITE/C/images/image_000014.jpg,06c7ed8b9cb7ea87795da89be6ccdb29eb837e0f2c9c5dd9fcc25197bdd99ed4,7129,,,true
P02_WHITE_C_000015,P02,WHITE,C,image_000015.jpg,training/P02/WHITE/C/images/image_000015.jpg,fe367d4443229cf1129a057a62cfe5ea1cc66b3f4f97fead54fcd7d012ba9f15,6920,,,true
P02_WHITE_C_000016,P02,WHITE,C,image_000016.jpg,training/P02/WHITE/C/images/image_000016.jpg,e0bf5a337bc05668052c990396f604fecff9eb46e214655fc9270ba6c9e4290b,6691,,,true
P02_WHITE_C_000017,P02,WHITE,C,image_000017.jpg,training/P02/WHITE/C/images/image_000017.jpg,f4993a7051b698805d04b9d023cb992c85fe2e94188be9d6a3f7abdb376e850f,6749,,,true
P02_WHITE_C_000018,P02,WHITE,C,image_000018.jpg,training/P02/WHITE/C/images/image_000018.jpg,b78b5d958132f690b973549456cf1608b11a2df79ce9c8645e48368abc46c92e,7398,,,true
P02_WHITE_C_000019,P02,WHITE,C,image_000019.jpg,training/P02/WHITE/C/images/image_000019.jpg,71a120512dc900b62400392de7983e3cfd64c8a28831be01dbfa66470e044230,6816,,,true
P02_WHITE_C_000020,P02,WHITE,C,image_000020.jpg,training/P02/WHITE/C/images/image_000020.jpg,d91d7b80b6e87bbc259a9ac4e1cd37f5953bb427e5d5f7ce076e401f829b6770,6807,,,true
P02_WHITE_C_000021,P02,WHITE,C,image_000021.jpg,training/P02/WHITE/C/images/image_000021.jpg,1f6e324a0f2b6389a403071046221d2c859294b69a80b986ea0eef31bd9d993b,8065,,,true
P02_WHITE_C_000022,P02,WHITE,C,image_000022.jpg,training/P02/WHITE/C/images/image_000022.jpg,a7b5d633e19a217b0070cf9617e08fb3037f0810d8799254d5d74ba2651e1024,7408,,,true
P02_WHITE_C_000023,P02,WHITE,C,image_000023.jpg,training/P02/WHITE/C/images/image_000023.jpg,33c0da89b127702cb3996ea169cbe8f0c65dd7943678f528dbfd98b5e5749597,7092,,,true
P02_WHITE_C_000024,P02,WHITE,C,image_000024.jpg,training/P02/WHITE/C/images/image_000024.jpg,300e37ba767fa1820036d86b276378be73c3226d1ef3039da803c1ad7e642559,6836,,,true
P02_WHITE_C_000025,P02,WHITE,C,image_000025.jpg,training/P02/WHITE/C/images/image_000025.jpg,624a9b827889b9176dcb1f7faa74af80314aceedffa549e6ddedde0de1feade9,6651,,,true
P02_WHITE_E_000001,P02,WHITE,E,image_000001.jpg,training/P02/WHITE/E/images/image_000001.jpg,8f677b0e1472c233fa09308c7d7d4db56773f5d0dd1340e409767687556a676f,7448,,,true
P02_WHITE_E_000002,P02,WHITE,E,image_000002.jpg,training/P02/WHITE/E/images/image_000002.jpg,1794285398d15fd99fe9dc2307f4fae83bb6db198ac95d336e4dcfa4d7e3833b,7254,,,true
P02_WHITE_E_000003,P02,WHITE,E,image_000003.jpg,training/P02/WHITE/E/images/image_000003.jpg,ede196d3a07eb0d25b3cbf78007e121c47096222c707d97a45b01c3a3b1df7ac,7111,,,true
P02_WHITE_E_000004,P02,WHITE,E,image_000004.jpg,training/P02/WHITE/E/images/image_000004.jpg,ca78384387626a2bf6e56e7b5f4f55a495d40a215efb7c760e9cf361b6f5df61,6784,,,true
P02_WHITE_E_000005,P02,WHITE,E,image_000005.jpg,training/P02/WHITE/E/images/image_000005.jpg,cbbc6b2ba0323d1f7b28c11617c9a6f61a35d78b2d86ccbe42e37b678b77f32c,7366,,,true
P02_WHITE_E_000006,P02,WHITE,E,image_000006.jpg,training/P02/WHITE/E/images/image_000006.jpg,5e1c22e14a96805e26029a7278063607ec3616f11815e6dc63422f2fb357c662,7340,,,true
P02_WHITE_E_000007,P02,WHITE,E,image_000007.jpg,training/P02/WHITE/E/images/image_000007.jpg,512c99ba50451b17a0a0c00a09d2dc81ad7ebd744b880b49da850970088c2f6c,6807,,,true
P02_WHITE_E_000008,P02,WHITE,E,image_000008.jpg,training/P02/WHITE/E/images/image_000008.jpg,be970a50e2e5e21d588b7167753f02ba2f80be24bd81a76bcd92d58aea265b1e,7108,,,true
P02_WHITE_E_000009,P02,WHITE,E,image_000009.jpg,training/P02/WHITE/E/images/image_000009.jpg,647a37016a63e80c3aa109b50b7d7240259709d41996b727648eb94613963f0d,6678,,,true
P02_WHITE_E_000010,P02,WHITE,E,image_000010.jpg,training/P02/WHITE/E/images/image_000010.jpg,832f29aa3f595bdd1e2a137241403faec9d6413299aa5c8d67d3981b3dc53dda,6955,,,true
P02_WHITE_E_000011,P02,WHITE,E,image_000011.jpg,training/P02/WHITE/E/images/image_000011.jpg,4076f39eec5a94e1b0f772592031254f03ee4f4d1b3344bf9a2c7b2622edd2b0,6797,,,true
P02_WHITE_E_000012,P02,WHITE,E,image_000012.jpg,training/P02/WHITE/E/images/image_000012.jpg,b6ac61822f42ae5971cf6c92e93b922b862f7e618231b57ac0380ad8974b69c5,7099,,,true
P02_WHITE_E_000013,P02,WHITE,E,image_000013.jpg,training/P02/WHITE/E/images/image_000013.jpg,0d07c99523a5d4234ee4bf6babe372070fbb750a397a9540096e049db5e875cf,6690,,,true
P02_WHITE_E_000014,P02,WHITE,E,image_000014.jpg,training/P02/WHITE/E/images/image_000014.jpg,461b16c18a48718073335b2744bc8b6493a8a89f75ca9cc241d0d2f242eb9e75,6736,,,true
P02_WHITE_E_000015,P02,WHITE,E,image_000015.jpg,training/P02/WHITE/E/images/image_000015.jpg,c358f8f825a8fab2d4c6b8cb94239a2e2726ebced20762371ca3fac9f00e520c,7000,,,true
P02_WHITE_E_000016,P02,WHITE,E,image_000016.jpg,training/P02/WHITE/E/images/image_000016.jpg,ad9f79d355a6d1aa116b555feb4f351ac5932d135d0ca6fc2bbddd86a5039556,6541,,,true
P02_WHITE_E_000017,P02,WHITE,E,image_000017.jpg,training/P02/WHITE/E/images/image_000017.jpg,f5d9644d8d53cd8dd8f08307ecffd02e8cff2e234b284c5832173bc0a494c32c,7038,,,true
P02_WHITE_E_000018,P02,WHITE,E,image_000018.jpg,training/P02/WHITE/E/images/image_000018.jpg,80a6872ebc41c300488edc5ab9154ad95ec294779a9088867239cb314442c78f,6778,,,true
P02_WHITE_E_000019,P02,WHITE,E,image_000019.jpg,training/P02/WHITE/E/images/image_000019.jpg,fb7ae3a310c621815b7b3872cb7248669520d547c111ed04df73784903e28e65,6708,,,true
P02_WHITE_E_000020,P02,WHITE,E,image_000020.jpg,training/P02/WHITE/E/images/image_000020.jpg,6d8f45de33594bb24090cdc94981913b928980fd724d373e60ac790ce7eb6c44,7074,,,true
P02_WHITE_E_000021,P02,WHITE,E,image_000021.jpg,training/P02/WHITE/E/images/image_000021.jpg,bea828fa65665eb9eeaf6d18bdac9befcb5b86f78786a9911a99f783fb520454,7139,,,true
P02_WHITE_E_000022,P02,WHITE,E,image_000022.jpg,training/P02/WHITE/E/images/image_000022.jpg,35771da5fa8cbb96f1648332c36c55621ec51e0ca3618de4d24332cf83d4875d,6797,,,true
P02_WHITE_E_000023,P02,WHITE,E,image_000023.jpg,training/P02/WHITE/E/images/image_000023.jpg,7f60040487b211244593fcb4276e433d7cd479970cd7dcd6dbcfc894d2e763c0,7127,,,true
P02_WHITE_E_000024,P02,WHITE,E,image_000024.jpg,training/P02/WHITE/E/images/image_000024.jpg,cb509a682eb8ebbeff0b64c9f4e791872064e14eae81221e367f43ea9e1b8310,6644,,,true
P02_WHITE_E_000025,P02,WHITE,E,image_000025.jpg,training/P02/WHITE/E/images/image_000025.jpg,661fb825cd6c341fc1cf5a11e4f10969e6eb4af77c316d89f6a65a7137ca9175,7160,,,true
P02_WHITE_I_000001,P02,WHITE,I,image_000001.jpg,training/P02/WHITE/I/images/image_000001.jpg,0f44a83edf23fe82debd96de4905486971de9439be21781ade9997e8776abb05,8052,,,true
P02_WHITE_I_000002,P02,WHITE,I,image_000002.jpg,training/P02/WHITE/I/images/image_000002.jpg,8bb81db4328c4096f454bfb71cae4ffecb6fb00ad1a7dbd7a5dc31d2c983948d,7070,,,true
P02_WHITE_I_000003,P02,WHITE,I,image_000003.jpg,training/P02/WHITE/I/images/image_000003.jpg,19f17c890a2cd3f4c4242cbdd703f1b97648bccca4211d73eff7d0ad1942b1f7,6718,,,true
P02_WHITE_I_000004,P02,WHITE,I,image_000004.jpg,training/P02/WHITE/I/images/image_000004.jpg,a6b87c31d91568d02c434ac14625c2b9b464913ccc63327132244ab12de2e120,6627,,,true
P02_WHITE_I_000005,P02,WHITE,I,image_000005.jpg,training/P02/WHITE/I/images/image_000005.jpg,19aa2e49aa8d9f066b3e734bb851ad042bd62d0a42f9eda946655588705aa2bd,7104,,,true
P02_WHITE_I_000006,P02,WHITE,I,image_000006.jpg,training/P02/WHITE/I/images/image_000006.jpg,bc0422052fb6e022c86a92834700a3b8eb3a5021d1c8934bc913d82d29bb9082,6991,,,true
P02_WHITE_I_000007,P02,WHITE,I,image_000007.jpg,training/P02/WHITE/I/images/image_000007.jpg,e86993ac542eb8da050af779efea4cd071e1ca79c25d1a6a4f2315cebbc45ab5,6829,,,true
P02_WHITE_I_000008,P02,WHITE,I,image_000008.jpg,training/P02/WHITE/I/images/image_000008.jpg,4faf990cf49e4cb6e62674a5431d2431fea987929aabf92f22f126951964a28e,7062,,,true
P02_WHITE_I_000009,P02,WHITE,I,image_000009.jpg,training/P02/WHITE/I/images/image_000009.jpg,39a5a704ed67a5e0849afa535d21671f5c2c9d828678986a6132a8fd2a9cb0b1,7131,,,true
P02_WHITE_I_000010,P02,WHITE,I,image_000010.jpg,training/P02/WHITE/I/images/image_000010.jpg,6839d48ce82f71010400d162139ec31bcabd38a874cf6db1614c6d99edbb4fda,6645,,,true
P02_WHITE_I_000011,P02,WHITE,I,image_000011.jpg,training/P02/WHITE/I/images/image_000011.jpg,5a6ba3a0a75fb33b760ba86366c883abd6815760be1e1a5267155636f6125cff,6894,,,true
P02_WHITE_I_000012,P02,WHITE,I,image_000012.jpg,training/P02/WHITE/I/images/image_000012.jpg,2567b1ef14e88d58a2e912f28bcdb2e3e586a46823e02596a92bf352f1797f08,6872,,,true
P02_WHITE_I_000013,P02,WHITE,I,image_000013.jpg,training/P02/WHITE/I/images/image_000013.jpg,14e3fa7b249daca23c4aaf279530d5535d3d0c0d445a11cdeb6e5fcaec42dd79,6888,,,true
P02_WHITE_I_000014,P02,WHITE,I,image_000014.jpg,training/P02/WHITE/I/images/image_000014.jpg,d1b9e8244c40e9d186593d5541baa74d37a6500eff3ca5061ee9d1cdd2de564e,6640,,,true
P02_WHITE_I_000015,P02,WHITE,I,image_000015.jpg,training/P02/WHITE/I/images/image_000015.jpg,5d732badfbeb7f8bb364dfaf5951b0f935166e4a66fdca172ef314ec997159fe,6421,,,true
P02_WHITE_I_000016,P02,WHITE,I,image_000016.jpg,training/P02/WHITE/I/images/image_000016.jpg,3ad669e206cf1ebbb5615e6db77092ea5bb2674664645249e08b0803670f6181,6821,,,true
P02_WHITE_I_000017,P02,WHITE,I,image_000017.jpg,training/P02/WHITE/I/images/image_000017.jpg,699d75189c853bf5f84238df0449a3fd9ebb1b2f8ef2f7c49770309b16bd42f6,6712,,,true
P02_WHITE_I_000018,P02,WHITE,I,image_000018.jpg,training/P02/WHITE/I/images/image_000018.jpg,b0f9282695a6764b180b6fdae0b71255f45930c924bfa6ace527c44a5534b203,6601,,,true
P02_WHITE_I_000019,P02,WHITE,I,image_000019.jpg,training/P02/WHITE/I/images/image_000019.jpg,84857f6596874664d886f944b5bd739c00305b8ff483852793c38b50801bd02e,7119,,,true
P02_WHITE_I_000020,P02,WHITE,I,image_000020.jpg,training/P02/WHITE/I/images/image_000020.jpg,b2ddc545351440b75a045b4a8d893f2197f3f532dda017e004949185e4e70c20,7189,,,true
P02_WHITE_I_000021,P02,WHITE,I,image_000021.jpg,training/P02/WHITE/I/images/image_000021.jpg,6b5b8eeae867091eb10d26e971b2195ec82e7b5dcaa0defa172416e925735971,6798,,,true
P02_WHITE_I_000022,P02,WHITE,I,image_000022.jpg,training/P02/WHITE/I/images/image_000022.jpg,63fb73af7aa8ddc24751ceda29aa17b406028313a8332dc1bea0cc7c2a5f7ffd,6589,,,true
P02_WHITE_I_000023,P02,WHITE,I,image_000023.jpg,training/P02/WHITE/I/images/image_000023.jpg,f4c7562b29f63eeaa44969e4cd39b540f4e00ee91f43ff861185d5761acbdce0,6677,,,true
P02_WHITE_I_000024,P02,WHITE,I,image_000024.jpg,training/P02/WHITE/I/images/image_000024.jpg,a2e3323c50d391b4ea5fb37aaa761b5d2166af3e012a8346b4287802cfc16a9a,7148,,,true
P02_WHITE_I_000025,P02,WHITE,I,image_000025.jpg,training/P02/WHITE/I/images/image_000025.jpg,65ea2dd2fe20d4481b45bcd57c02f0d08c3c50ffc632f7bbfc2c1db7a1530843,6700,,,true
P02_WHITE_L_000001,P02,WHITE,L,image_000001.jpg,training/P02/WHITE/L/images/image_000001.jpg,3c3ff741d3405aec424c4ddc7c9eaafd402506245305bde5fa7b3e53448c3420,8238,,,true
P02_WHITE_L_000002,P02,WHITE,L,image_000002.jpg,training/P02/WHITE/L/images/image_000002.jpg,f13401056459b47f56a780b3250306d6ae8a325c302f21b7df750d0812a7a2c5,7517,,,true
P02_WHITE_L_000003,P02,WHITE,L,image_000003.jpg,training/P02/WHITE/L/images/image_000003.jpg,6edb5ccfcc1964b7d5b05209ea3b732e6ca8e4a66d73cce0842d01749a2315dd,7124,,,true
P02_WHITE_L_000004,P02,WHITE,L,image_000004.jpg,training/P02/WHITE/L/images/image_000004.jpg,f8ae7b240eb3609dca5672d509dce77b676cf9bc57e850793b86772e1d16bb5d,7066,,,true
P02_WHITE_L_000005,P02,WHITE,L,image_000005.jpg,training/P02/WHITE/L/images/image_000005.jpg,0d6afbadcda250e04223268b5756a96fddf79706d800a87900a942787c4ff74f,7536,,,true
P02_WHITE_L_000006,P02,WHITE,L,image_000006.jpg,training/P02/WHITE/L/images/image_000006.jpg,db460c7dd1bce22bdd50db6e6e49e50d8224ba408fa3011a7613531818fffec6,6899,,,true
P02_WHITE_L_000007,P02,WHITE,L,image_000007.jpg,training/P02/WHITE/L/images/image_000007.jpg,a936172a0e15ec12acc56fde0cfb55f88872cd568ce2b115a5c07e9cbbfad8f0,6594,,,true
P02_WHITE_L_000008,P02,WHITE,L,image_000008.jpg,training/P02/WHITE/L/images/image_000008.jpg,5a75c45cbca639895e335b298ef8f04d14d127863165e3a96376f6a52c850a32,6546,,,true
P02_WHITE_L_000009,P02,WHITE,L,image_000009.jpg,training/P02/WHITE/L/images/image_000009.jpg,f1b07abcbc5af9ae589b35b5ce25a3a90d78df133acee03bf6c351322c0eadc9,6462,,,true
P02_WHITE_L_000010,P02,WHITE,L,image_000010.jpg,training/P02/WHITE/L/images/image_000010.jpg,278c2b7ab01de7e926635d026dea6f789992c8c94a721db77598dbaa24164087,6668,,,true
P02_WHITE_L_000011,P02,WHITE,L,image_000011.jpg,training/P02/WHITE/L/images/image_000011.jpg,462e986293f5da925823d3672566eced6be3deab7fc983d097c813668e144746,6909,,,true
P02_WHITE_L_000012,P02,WHITE,L,image_000012.jpg,training/P02/WHITE/L/images/image_000012.jpg,d30da967214bc1a4b59ba5c6a45db0b1f34a19c45e852e56176b5932c4009c9c,6730,,,true
P02_WHITE_L_000013,P02,WHITE,L,image_000013.jpg,training/P02/WHITE/L/images/image_000013.jpg,8a054c31085b01bea4d5267d570bd1fa24117f5437918db45887094b144bb3ce,6442,,,true
P02_WHITE_L_000014,P02,WHITE,L,image_000014.jpg,training/P02/WHITE/L/images/image_000014.jpg,c5a0155694591df0babc96a9e589d34f45a08753150e5456de21a3b2ec5acf29,6930,,,true
P02_WHITE_L_000015,P02,WHITE,L,image_000015.jpg,training/P02/WHITE/L/images/image_000015.jpg,f92bf23e36cc443517cec0ebedf1c4e24fc67c165a1fda4a2e66b44b907cd79f,7217,,,true
P02_WHITE_L_000016,P02,WHITE,L,image_000016.jpg,training/P02/WHITE/L/images/image_000016.jpg,19e331cba8a85e78c3d7a971dd8913968f940e1a2336e552418d08205aa3a7c7,7228,,,true
P02_WHITE_L_000017,P02,WHITE,L,image_000017.jpg,training/P02/WHITE/L/images/image_000017.jpg,f002e7857cb02a5014382c38125e0ba6a908260794f2bbd3652b73f58b061a21,7134,,,true
P02_WHITE_L_000018,P02,WHITE,L,image_000018.jpg,training/P02/WHITE/L/images/image_000018.jpg,9be3cbfdc12fc109112df554fac010ee36c4989eebc68a2d184026832a5a75b5,6826,,,true
P02_WHITE_L_000019,P02,WHITE,L,image_000019.jpg,training/P02/WHITE/L/images/image_000019.jpg,61b4956beaf54a7453e15ebf57699df0fefd4634b6e14bfddc9e8a7b6afca702,6486,,,true
P02_WHITE_L_000020,P02,WHITE,L,image_000020.jpg,training/P02/WHITE/L/images/image_000020.jpg,a47cd5190b23502b89b05b70d41659a367a95206b7de6abf9d90b74b9ba9a048,6533,,,true
P02_WHITE_L_000021,P02,WHITE,L,image_000021.jpg,training/P02/WHITE/L/images/image_000021.jpg,85efe7d031e62c4c1cfc48448b543324e00904d16afebfab9434835039b08d7d,6775,,,true
P02_WHITE_L_000022,P02,WHITE,L,image_000022.jpg,training/P02/WHITE/L/images/image_000022.jpg,86bf91d285e6bd37e2d4532fdc1e25f77dfc7fc43bd7298f67d052412d2f76da,6898,,,true
P02_WHITE_L_000023,P02,WHITE,L,image_000023.jpg,training/P02/WHITE/L/images/image_000023.jpg,ce3338444f0d3dfdd85f77135eb80a88a188c1e646c3b8f84603974f33c850b9,6588,,,true
P02_WHITE_L_000024,P02,WHITE,L,image_000024.jpg,training/P02/WHITE/L/images/image_000024.jpg,aad6719e4140ba419e9cf40c54dd60b9df1f053a1b3d37c61ae76f9ff5d58e09,6799,,,true
P02_WHITE_L_000025,P02,WHITE,L,image_000025.jpg,training/P02/WHITE/L/images/image_000025.jpg,407274f9b189c255698c2e7b8631c45425c6f8b200557be96d0c40be207ce84d,7052,,,true
P02_WHITE_M_000001,P02,WHITE,M,image_000001.jpg,training/P02/WHITE/M/images/image_000001.jpg,c63b5e99df39e22cbc4e3ba09fa0ffb435d1cd5dc4dce8ec85c1c32419d0bc21,7678,,,true
P02_WHITE_M_000002,P02,WHITE,M,image_000002.jpg,training/P02/WHITE/M/images/image_000002.jpg,6a830bb4e58b904b06cb3bd1cc2d231fe300f4a444ec8c0130df08670b1fecf4,7894,,,true
P02_WHITE_M_000003,P02,WHITE,M,image_000003.jpg,training/P02/WHITE/M/images/image_000003.jpg,d2074afb52d4fa54040c9607c0150c336bc9130e7c4161df40521a487385cb0c,7260,,,true
P02_WHITE_M_000004,P02,WHITE,M,image_000004.jpg,training/P02/WHITE/M/images/image_000004.jpg,e5d626aa989af8634f616ac8dec3b63f38526059a97035d09cf3b8d649e3399b,7973,,,true
P02_WHITE_M_000005,P02,WHITE,M,image_000005.jpg,training/P02/WHITE/M/images/image_000005.jpg,e7edc89cb45dd7e84a99e0eb5a395d4ee83517cb0704d663616db853607a8592,7490,,,true
P02_WHITE_M_000006,P02,WHITE,M,image_000006.jpg,training/P02/WHITE/M/images/image_000006.jpg,d3d71c0c90f4526f60d5c2b574ac854f979e085c25e05a034a6ce7fe286886b2,7286,,,true
P02_WHITE_M_000007,P02,WHITE,M,image_000007.jpg,training/P02/WHITE/M/images/image_000007.jpg,12dc93365b8de136001e636df0c9e3bc1b6a0791499662dacef452936cdfc573,7652,,,true
P02_WHITE_M_000008,P02,WHITE,M,image_000008.jpg,training/P02/WHITE/M/images/image_000008.jpg,b003e8a667213f4248d53f29b3e18518b22422a6ef1f8f6f86d76caae1a169a2,7013,,,true
P02_WHITE_M_000009,P02,WHITE,M,image_000009.jpg,training/P02/WHITE/M/images/image_000009.jpg,f5ac4e0cfb26154418199584e5c10cb62f88b2cd2baba8073b664dd82a7c1c82,7503,,,true
P02_WHITE_M_000010,P02,WHITE,M,image_000010.jpg,training/P02/WHITE/M/images/image_000010.jpg,62bfae32e0addedb537ba8ef0b8b24e02a905241992392b25305873216a5d3fd,7354,,,true
P02_WHITE_M_000011,P02,WHITE,M,image_000011.jpg,training/P02/WHITE/M/images/image_000011.jpg,931f68e7a909004a17be237f9ddd95de4ac6a926e67dfa168685ea8ef930543f,7205,,,true
P02_WHITE_M_000012,P02,WHITE,M,image_000012.jpg,training/P02/WHITE/M/images/image_000012.jpg,8d82ba6bee785be6e7b077e516ff22239fd3996a1cf913e60099263f60dbf114,7619,,,true
P02_WHITE_M_000013,P02,WHITE,M,image_000013.jpg,training/P02/WHITE/M/images/image_000013.jpg,0e587080a33126091414d48b5d8b1008ac02de514013c48138d1e028b185be41,6836,,,true
P02_WHITE_M_000014,P02,WHITE,M,image_000014.jpg,training/P02/WHITE/M/images/image_000014.jpg,fc19032d3f9c92b2f8f54e7993f33eab70f5a9a2a4cc3051f1705bf2a136f167,6821,,,true
P02_WHITE_M_000015,P02,WHITE,M,image_000015.jpg,training/P02/WHITE/M/images/image_000015.jpg,944297615bd8720ada67da28ce24a7745b8ff1bcbddd59b319f2bbde7c869ec2,7095,,,true
P02_WHITE_M_000016,P02,WHITE,M,image_000016.jpg,training/P02/WHITE/M/images/image_000016.jpg,fdf93e2e1d406ed2635af06e89b060c558416cb268f71fd13020077b88726358,7000,,,true
P02_WHITE_M_000017,P02,WHITE,M,image_000017.jpg,training/P02/WHITE/M/images/image_000017.jpg,8d5845d973525d5a4409e6befea2be97b795b2ed96115de2982c35ea891cc914,7807,,,true
P02_WHITE_M_000018,P02,WHITE,M,image_000018.jpg,training/P02/WHITE/M/images/image_000018.jpg,89f91cefdeb8bb8f0519c70b891f668b983d8ee3624864001f3a23993ff0f0f6,7087,,,true
P02_WHITE_M_000019,P02,WHITE,M,image_000019.jpg,training/P02/WHITE/M/images/image_000019.jpg,eb472919662d06ea3958c09206576cc8d381f8fc1820f18dc04139796d2cb399,8308,,,true
P02_WHITE_M_000020,P02,WHITE,M,image_000020.jpg,training/P02/WHITE/M/images/image_000020.jpg,fc22124c3be47bfae02b0224d58a105164eb6e125e012e7aa2f4948ecfc62e55,7922,,,true
P02_WHITE_M_000021,P02,WHITE,M,image_000021.jpg,training/P02/WHITE/M/images/image_000021.jpg,c929918be32498780872ae723aa42c5771aa19b20d0aea6486635431f617951a,7261,,,true
P02_WHITE_M_000022,P02,WHITE,M,image_000022.jpg,training/P02/WHITE/M/images/image_000022.jpg,e0ab60594bca8fe649065d8b48da10736ff30b52b8824828d96f624395b88265,6989,,,true
P02_WHITE_M_000023,P02,WHITE,M,image_000023.jpg,training/P02/WHITE/M/images/image_000023.jpg,a175f65ea0981e65502828fdae1871cdab92cfff26d776cb1d4736cdb9ab3336,7574,,,true
P02_WHITE_M_000024,P02,WHITE,M,image_000024.jpg,training/P02/WHITE/M/images/image_000024.jpg,b7e7ebaee7741c04e60afc81abea3d9b11a10242f70b5f8286571c8e9c3abfe8,7410,,,true
P02_WHITE_M_000025,P02,WHITE,M,image_000025.jpg,training/P02/WHITE/M/images/image_000025.jpg,dd7396905c521c57f55fec5faa52f2236c6f155ee2ea9154800214170ca92f41,7288,,,true
P02_WHITE_N_000001,P02,WHITE,N,image_000001.jpg,training/P02/WHITE/N/images/image_000001.jpg,ba95ee1754c75fea7b7f3e3b6e8d9a1a5d596f38c79e8f3c5fbde9f3d3ffb72a,7950,,,true
P02_WHITE_N_000002,P02,WHITE,N,image_000002.jpg,training/P02/WHITE/N/images/image_000002.jpg,e303c5401907a66a4b3a83ebca4a930dc6476ee41cf81c737723e2cb287eaf46,7065,,,true
P02_WHITE_N_000003,P02,WHITE,N,image_000003.jpg,training/P02/WHITE/N/images/image_000003.jpg,c27c1637a2224468196809e66d561dc68e7dd4455b2e1c170f142147f9d34965,6939,,,true
P02_WHITE_N_000004,P02,WHITE,N,image_000004.jpg,training/P02/WHITE/N/images/image_000004.jpg,bbd52666339fbec70e9cede8597eaa47da7031f9a92b4e2cdbde01bedfe1f4c6,7361,,,true
P02_WHITE_N_000005,P02,WHITE,N,image_000005.jpg,training/P02/WHITE/N/images/image_000005.jpg,91dd177a2a28a0bc04a62351a302329348a29c573fb30e89b3e80ca38560cbf5,6712,,,true
P02_WHITE_N_000006,P02,WHITE,N,image_000006.jpg,training/P02/WHITE/N/images/image_000006.jpg,633ef85f8e0c0fff2ec52ff37a97b629d382f24dea63b15e13a79dc8c315a109,7422,,,true
P02_WHITE_N_000007,P02,WHITE,N,image_000007.jpg,training/P02/WHITE/N/images/image_000007.jpg,0a4d62d389b9b41841d089fb4348d0e475655923aca14d93c405f3e059f58661,7049,,,true
P02_WHITE_N_000008,P02,WHITE,N,image_000008.jpg,training/P02/WHITE/N/images/image_000008.jpg,ec3a2dead4887ecfff3576d323ae0dd29bdbc66fd7ded901d67c5aeac24c5930,7148,,,true
P02_WHITE_N_000009,P02,WHITE,N,image_000009.jpg,training/P02/WHITE/N/images/image_000009.jpg,c9af9c6e0661ddb30129be1873abc354ba1fd2828be3cdd1b77e3afda66aa5c3,7684,,,true
P02_WHITE_N_000010,P02,WHITE,N,image_000010.jpg,training/P02/WHITE/N/images/image_000010.jpg,9338b4aae846fe2ec02c456a4c9a1fec81c23916d943f6aa2b2a4070df665883,7211,,,true
P02_WHITE_N_000011,P02,WHITE,N,image_000011.jpg,training/P02/WHITE/N/images/image_000011.jpg,553f94a85976e5bf4fabc0e931a6b20f0b4a3fc18fb544508ee5ecd5feb7733d,7432,,,true
P02_WHITE_N_000012,P02,WHITE,N,image_000012.jpg,training/P02/WHITE/N/images/image_000012.jpg,525dfa0a1f5ca4ff993ab6a27e85557e039e7ea36135e7867e2bc7cbd1858f95,6519,,,true
P02_WHITE_N_000013,P02,WHITE,N,image_000013.jpg,training/P02/WHITE/N/images/image_000013.jpg,363062170b00b3fdf846bdf147dd2e1decede2b031bf67a4e29423955ae3189e,6881,,,true
P02_WHITE_N_000014,P02,WHITE,N,image_000014.jpg,training/P02/WHITE/N/images/image_000014.jpg,9cee15b34c7900da76f41b5b84ee762eff11faf99b6d9fef92a20221e4b6f8d4,7091,,,true
P02_WHITE_N_000015,P02,WHITE,N,image_000015.jpg,training/P02/WHITE/N/images/image_000015.jpg,c94b111f3714d319293e637841d38899ff3aa42db5ca0d3bc1f0c7e4ff119e80,6699,,,true
P02_WHITE_N_000016,P02,WHITE,N,image_000016.jpg,training/P02/WHITE/N/images/image_000016.jpg,9c6137564d8011c71b5a1eaf4117aee143e6802d17cafd6fb662587966e0bc17,6924,,,true
P02_WHITE_N_000017,P02,WHITE,N,image_000017.jpg,training/P02/WHITE/N/images/image_000017.jpg,64cfcc33d13152d9bfb590801bbd7236145546754e7b7f94765520f9453d266c,7473,,,true
P02_WHITE_N_000018,P02,WHITE,N,image_000018.jpg,training/P02/WHITE/N/images/image_000018.jpg,c599f553e91089263802d4f57a53b2c7d8e5cec2fe9e37f94207f7886357c666,7321,,,true
P02_WHITE_N_000019,P02,WHITE,N,image_000019.jpg,training/P02/WHITE/N/images/image_000019.jpg,f3721bb6f02a5bcbfbefccc1888615538172ec5cf7203dcb32904851be45ef16,7237,,,true
P02_WHITE_N_000020,P02,WHITE,N,image_000020.jpg,training/P02/WHITE/N/images/image_000020.jpg,40f1ba45b883aec85d3609022157c73714adea96a881275ac198f26808ad199a,7494,,,true
P02_WHITE_N_000021,P02,WHITE,N,image_000021.jpg,training/P02/WHITE/N/images/image_000021.jpg,853c0df4a994981b264d8f72a32072b09bf3a2d92cf689e04a41e6e14e64275b,7604,,,true
P02_WHITE_N_000022,P02,WHITE,N,image_000022.jpg,training/P02/WHITE/N/images/image_000022.jpg,e4167c620c78e631ac280c52b43ba93437cae4920c7dcd8bf66688214f4e3459,7651,,,true
P02_WHITE_N_000023,P02,WHITE,N,image_000023.jpg,training/P02/WHITE/N/images/image_000023.jpg,8b143601d1aecbd849255e95430cedf8b5eebae99ad8054370d0d26d77b4f0c3,7414,,,true
P02_WHITE_N_000024,P02,WHITE,N,image_000024.jpg,training/P02/WHITE/N/images/image_000024.jpg,82c8b2971baf8c687defb7a3254a4996ebd684e99318df7133c94ae365076882,7242,,,true
P02_WHITE_N_000025,P02,WHITE,N,image_000025.jpg,training/P02/WHITE/N/images/image_000025.jpg,2861f1d059a99d6dc2f127cf4af329d3cfcd9a7901daae4356611c5c7204b340,7471,,,true
P02_WHITE_O_000001,P02,WHITE,O,image_000001.jpg,training/P02/WHITE/O/images/image_000001.jpg,fd2f18504308aec5f3fdc99a5b8686f93ab74494f6c9c4669a6d539639af9b25,7429,,,true
P02_WHITE_O_000002,P02,WHITE,O,image_000002.jpg,training/P02/WHITE/O/images/image_000002.jpg,94d39073ef47a94a2bfd48a2a020f40c86f3820305e7adcefdf8763c9cae6a09,7653,,,true
P02_WHITE_O_000003,P02,WHITE,O,image_000003.jpg,training/P02/WHITE/O/images/image_000003.jpg,b87b4bd8aee38e35bc3b978a7f82e6f52dbb366092cc62fccd1f50aa54182e36,7846,,,true
P02_WHITE_O_000004,P02,WHITE,O,image_000004.jpg,training/P02/WHITE/O/images/image_000004.jpg,99b6b64b252a8a6f7068299f5d79724a7bd57174e4ac6e168007a4cb5981d598,8151,,,true
P02_WHITE_O_000005,P02,WHITE,O,image_000005.jpg,training/P02/WHITE/O/images/image_000005.jpg,df6578101de6b740e7bb7773162d2cccf90cbb044dcbd724cad56efeecffde0b,7874,,,true
P02_WHITE_O_000006,P02,WHITE,O,image_000006.jpg,training/P02/WHITE/O/images/image_000006.jpg,141cc47db2d803f6ed173bd758a3f987430127b31f8ceaf9d41d19a01cb350b6,8192,,,true
P02_WHITE_O_000007,P02,WHITE,O,image_000007.jpg,training/P02/WHITE/O/images/image_000007.jpg,9915acc778ee40032e2d37b29c1f2b16e6f35c59d28a43ec7cff4e90bfa5ea17,8321,,,true
P02_WHITE_O_000008,P02,WHITE,O,image_000008.jpg,training/P02/WHITE/O/images/image_000008.jpg,bd4e2f53bd6042f0eeb42d4512b1f88f2a9fbccff13bfbb13111ce447b8662fc,8282,,,true
P02_WHITE_O_000009,P02,WHITE,O,image_000009.jpg,training/P02/WHITE/O/images/image_000009.jpg,dfb1c4e0e4f085553e6c9aee4287bccb0363bb8750c6bfda12db9063cc4e60c5,7926,,,true
P02_WHITE_O_000010,P02,WHITE,O,image_000010.jpg,training/P02/WHITE/O/images/image_000010.jpg,53f85225e0c35a73ec5ce44531fc73b6fb908ef65d1818c103cba0f5de07240a,8000,,,true
P02_WHITE_O_000011,P02,WHITE,O,image_000011.jpg,training/P02/WHITE/O/images/image_000011.jpg,9f9f7bb2d5eeed87eaacfdbaeaef2c47054c2154d72a8011fa5ad0d18d28a8d3,8599,,,true
P02_WHITE_O_000012,P02,WHITE,O,image_000012.jpg,training/P02/WHITE/O/images/image_000012.jpg,db674a203ea7c1b10a3befd947d3d69d8fa8ab8c123933762e16f15c28994e72,7752,,,true
P02_WHITE_O_000013,P02,WHITE,O,image_000013.jpg,training/P02/WHITE/O/images/image_000013.jpg,ae79d5553226935f9d83f4ffb0996ea7723aeb9347825d7096d9bb3ac15beeeb,7529,,,true
P02_WHITE_O_000014,P02,WHITE,O,image_000014.jpg,training/P02/WHITE/O/images/image_000014.jpg,68df786b6e4fa2c375b50d2c439e531e02d8a1a8b7e24e614555496c46fa674b,7109,,,true
P02_WHITE_O_000015,P02,WHITE,O,image_000015.jpg,training/P02/WHITE/O/images/image_000015.jpg,bee57e44a18290c1f0cc111e865566972537497d2d039cffeb952ad9f51d782e,7718,,,true
P02_WHITE_O_000016,P02,WHITE,O,image_000016.jpg,training/P02/WHITE/O/images/image_000016.jpg,114708777ae05ec3221e056a20462351955343a64b7061d0cab5b18e83b2c817,7934,,,true
P02_WHITE_O_000017,P02,WHITE,O,image_000017.jpg,training/P02/WHITE/O/images/image_000017.jpg,7d90117b4199fab14c1b0b5d61ccbaabd50deda81dbb529712d70a0a6dcd9827,7545,,,true
P02_WHITE_O_000018,P02,WHITE,O,image_000018.jpg,training/P02/WHITE/O/images/image_000018.jpg,90151d20e8502a304f966d4907ea982690ef74d9d56f2f90726789a2542a6674,8319,,,true
P02_WHITE_O_000019,P02,WHITE,O,image_000019.jpg,training/P02/WHITE/O/images/image_000019.jpg,da748c5250a35680d5fe366f638a1a65ad4042a26ad3a94ec330f493aad1228e,7869,,,true
P02_WHITE_O_000020,P02,WHITE,O,image_000020.jpg,training/P02/WHITE/O/images/image_000020.jpg,43be0ced39c072433e63324a2e4dd6cc5f41724446ac1433f7f25372dd089efc,7583,,,true
P02_WHITE_O_000021,P02,WHITE,O,image_000021.jpg,training/P02/WHITE/O/images/image_000021.jpg,f0aa4e57609ae17cd53c82e8c514b9af3d0585a09865b50b0720465040b86aad,7817,,,true
P02_WHITE_O_000022,P02,WHITE,O,image_000022.jpg,training/P02/WHITE/O/images/image_000022.jpg,4dc434ee4f7fc2c750c296c49515a10e0ba177df0a27dc2b0627b7eada2d51ca,7625,,,true
P02_WHITE_O_000023,P02,WHITE,O,image_000023.jpg,training/P02/WHITE/O/images/image_000023.jpg,7dd0fb122a0efea8d5c77666bfeb8c15d630a71f399a77ba6323265183fe1313,7724,,,true
P02_WHITE_O_000024,P02,WHITE,O,image_000024.jpg,training/P02/WHITE/O/images/image_000024.jpg,7efca11d49a118d63354443b4a00a0471346853a4fa00cd857ea674ddd652f2f,8217,,,true
P02_WHITE_O_000025,P02,WHITE,O,image_000025.jpg,training/P02/WHITE/O/images/image_000025.jpg,b6ef7e42b0cb1a8c577c321dd2f146897dfe6d3887a6e445ab702d915340d87b,7557,,,true
P02_WHITE_P_000001,P02,WHITE,P,image_000001.jpg,training/P02/WHITE/P/images/image_000001.jpg,80e7b362fc3c435a5afb2580fd57eddd14774df87031337a0845c9c3d94a0d1e,7188,,,true
P02_WHITE_P_000002,P02,WHITE,P,image_000002.jpg,training/P02/WHITE/P/images/image_000002.jpg,5d8adbc69b57aefcd48bdd3bf82ec66178f74d1a510f198735632272f0ffcb5a,7127,,,true
P02_WHITE_P_000003,P02,WHITE,P,image_000003.jpg,training/P02/WHITE/P/images/image_000003.jpg,ce52b6e83375be3c09bb0f3843cddef05fa9f58764f103c9823ae98212ac3c46,6315,,,true
P02_WHITE_P_000004,P02,WHITE,P,image_000004.jpg,training/P02/WHITE/P/images/image_000004.jpg,6528d12e5bff713474dd7e5a11b2fa639b0e952119b0e79ad765b389f8a7cd5c,6688,,,true
P02_WHITE_P_000005,P02,WHITE,P,image_000005.jpg,training/P02/WHITE/P/images/image_000005.jpg,f670160cb33f0f78ae50bed85d787ac89597fcc30c5668b6b065d648b345f879,7204,,,true
P02_WHITE_P_000006,P02,WHITE,P,image_000006.jpg,training/P02/WHITE/P/images/image_000006.jpg,2c16533b336b02635dd5e3665c860236b9904c17bf6ab4a24d73ec4701fd210d,7309,,,true
P02_WHITE_P_000007,P02,WHITE,P,image_000007.jpg,training/P02/WHITE/P/images/image_000007.jpg,652a76a73f64366284428c07f8336ddb175d50830f3feec36ae8098bd4cce5c1,6275,,,true
P02_WHITE_P_000008,P02,WHITE,P,image_000008.jpg,training/P02/WHITE/P/images/image_000008.jpg,fc054f7b3ba633f294281fc5bbcf3b584263d0afea345bf0ab5ae8ca78859b81,6662,,,true
P02_WHITE_P_000009,P02,WHITE,P,image_000009.jpg,training/P02/WHITE/P/images/image_000009.jpg,b819e2e4e1b6e87db431ed41ef255a0e83e0b6ed9cbd269a48f9d4899302082b,7377,,,true
P02_WHITE_P_000010,P02,WHITE,P,image_000010.jpg,training/P02/WHITE/P/images/image_000010.jpg,26e90ffce04fb28a64b089fcd431bc6107b429c91ac6a430bed1e40329fc4d3c,7336,,,true
P02_WHITE_P_000011,P02,WHITE,P,image_000011.jpg,training/P02/WHITE/P/images/image_000011.jpg,83246978661fa7a45f73d4413ffc04a18cf54e3abc13d4502edaa24084b95bbd,7552,,,true
P02_WHITE_P_000012,P02,WHITE,P,image_000012.jpg,training/P02/WHITE/P/images/image_000012.jpg,0039ee564bb7c308b6cd69bc324a79a6e98afb0b867cf632b00404b59d1fa1a8,7354,,,true
P02_WHITE_P_000013,P02,WHITE,P,image_000013.jpg,training/P02/WHITE/P/images/image_000013.jpg,5ce482cb3e441bb65dfd5bd95fbb5e5b856b015a3fc3bd275c0b2ebfd50a44a8,7038,,,true
P02_WHITE_P_000014,P02,WHITE,P,image_000014.jpg,training/P02/WHITE/P/images/image_000014.jpg,810feddbb606f49391d4e6b3837cc5b526cdb4c817f63545ebe3f13c34cc8d8c,7393,,,true
P02_WHITE_P_000015,P02,WHITE,P,image_000015.jpg,training/P02/WHITE/P/images/image_000015.jpg,38d268cdc8dc495f7a42857408996eef9b85200ba8332a825aca5c2b9e3656ee,6813,,,true
P02_WHITE_P_000016,P02,WHITE,P,image_000016.jpg,training/P02/WHITE/P/images/image_000016.jpg,8024f25dbbbd3e9029f09634dd0c0b6c464082270a7c496ba89c37a088391f71,7239,,,true
P02_WHITE_P_000017,P02,WHITE,P,image_000017.jpg,training/P02/WHITE/P/images/image_000017.jpg,4ca392fc096d722d7cb9ec24567f368455d13852674eb8b8fed95fb18a1011ac,6828,,,true
P02_WHITE_P_000018,P02,WHITE,P,image_000018.jpg,training/P02/WHITE/P/images/image_000018.jpg,9a6d47e78a0a72b8848f48cfa4b0930dcf22863106640127edb0dcae43c60fc2,6905,,,true
P02_WHITE_P_000019,P02,WHITE,P,image_000019.jpg,training/P02/WHITE/P/images/image_000019.jpg,f4f0ad6a4baef1e418f1b6aa7bc12d222a3cca86e85423e4ad2c95c913b3624c,6859,,,true
P02_WHITE_P_000020,P02,WHITE,P,image_000020.jpg,training/P02/WHITE/P/images/image_000020.jpg,2b0ee779b1c743fca55a7f116142e0f8110b2d90b80195b0472de1a26242b903,6863,,,true
P02_WHITE_P_000021,P02,WHITE,P,image_000021.jpg,training/P02/WHITE/P/images/image_000021.jpg,69924a5608649a7f1f97ee5b86285f9ed3307acce2634c1f87837ac7caffc9c4,7169,,,true
P02_WHITE_P_000022,P02,WHITE,P,image_000022.jpg,training/P02/WHITE/P/images/image_000022.jpg,133dca820e8d2e5461feb75800c997c8336207d46fe3ea9619d866f5a9516225,6755,,,true
P02_WHITE_P_000023,P02,WHITE,P,image_000023.jpg,training/P02/WHITE/P/images/image_000023.jpg,332d25948399d8b59d80e7842b199c832bcb63b5f477661adb89a8f05faa146d,7381,,,true
P02_WHITE_P_000024,P02,WHITE,P,image_000024.jpg,training/P02/WHITE/P/images/image_000024.jpg,cd039eacf2a224f7d11e8bd877434ff42edf88420070fa768772a4dccdf47d9b,7477,,,true
P02_WHITE_P_000025,P02,WHITE,P,image_000025.jpg,training/P02/WHITE/P/images/image_000025.jpg,79e770083109ba196df1f7f4a8b1b45d949f2bc89a43b2957479b32bc2035d96,6729,,,true
P02_WHITE_R_000001,P02,WHITE,R,image_000001.jpg,training/P02/WHITE/R/images/image_000001.jpg,96341759026b87be75512e790e131d56a347fc6de7d66bc6881ec3ea05699138,7832,,,true
P02_WHITE_R_000002,P02,WHITE,R,image_000002.jpg,training/P02/WHITE/R/images/image_000002.jpg,126d518687cbb728d34d54d7472a8ef0449d1ed2a8c16b22e08a928b77a8d6f8,6740,,,true
P02_WHITE_R_000003,P02,WHITE,R,image_000003.jpg,training/P02/WHITE/R/images/image_000003.jpg,90e4a66a6fb162f5931c939ec7d0773c5acd01d97a28571d1887b09cce900e37,7015,,,true
P02_WHITE_R_000004,P02,WHITE,R,image_000004.jpg,training/P02/WHITE/R/images/image_000004.jpg,6cf7f85843c34d769c82d549cee6aa2305468b4c2b0a8750a41693f9ed9ee4c5,6572,,,true
P02_WHITE_R_000005,P02,WHITE,R,image_000005.jpg,training/P02/WHITE/R/images/image_000005.jpg,b203d0e5ebe7e77bb3cbe8bca467d16bdf81c28e71dcf5bb4264e37f77e3d34d,6942,,,true
P02_WHITE_R_000006,P02,WHITE,R,image_000006.jpg,training/P02/WHITE/R/images/image_000006.jpg,0f2257ba7f5463782896d0c8d063183f0e6a7597812a87a6c5ffa893f2ddfb9a,6687,,,true
P02_WHITE_R_000007,P02,WHITE,R,image_000007.jpg,training/P02/WHITE/R/images/image_000007.jpg,56c062fa9ba251123991ffa3d5011d99fc5b0b4e5cb8f1eabbe2f27d8e7b092d,7088,,,true
P02_WHITE_R_000008,P02,WHITE,R,image_000008.jpg,training/P02/WHITE/R/images/image_000008.jpg,058d1dfaef170e4f19de875ed2b59c29f9b064981e880fa2eed5e786395ad89e,6632,,,true
P02_WHITE_R_000009,P02,WHITE,R,image_000009.jpg,training/P02/WHITE/R/images/image_000009.jpg,daed878bdc310a37b848b4a967fab1ae904b9e34f345c853161bc0d95c7627e4,6539,,,true
P02_WHITE_R_000010,P02,WHITE,R,image_000010.jpg,training/P02/WHITE/R/images/image_000010.jpg,377b6e6bd11743d6ed106057145ea65386778f083bdf9f30a1b55737410f6666,6313,,,true
P02_WHITE_R_000011,P02,WHITE,R,image_000011.jpg,training/P02/WHITE/R/images/image_000011.jpg,7480013e201bf71c02df428753eac33bd31341b46321ff3d598007e056e71da6,6417,,,true
P02_WHITE_R_000012,P02,WHITE,R,image_000012.jpg,training/P02/WHITE/R/images/image_000012.jpg,f8a84ebe997f7ce1aa01587eedfdbc8735aeb38dd3921980c998b6978feb22cc,6591,,,true
P02_WHITE_R_000013,P02,WHITE,R,image_000013.jpg,training/P02/WHITE/R/images/image_000013.jpg,80b4c1aa4d3d9ef2987f0911aa13240ceb16ba03bb3e09344d4558c36c23235a,6377,,,true
P02_WHITE_R_000014,P02,WHITE,R,image_000014.jpg,training/P02/WHITE/R/images/image_000014.jpg,b911c2b9e4ae725c89f8971b01c336466482e30a3343f8f6cc056d87e425acbd,6491,,,true
P02_WHITE_R_000015,P02,WHITE,R,image_000015.jpg,training/P02/WHITE/R/images/image_000015.jpg,d1029580fe689f7c5ef67e47ab853f07b5d388e3a2807535a2916724d24a9837,7225,,,true
P02_WHITE_R_000016,P02,WHITE,R,image_000016.jpg,training/P02/WHITE/R/images/image_000016.jpg,7deec3a33a733e2382ad8aecc39ad90654f80c4a0c595738333f7a386198043b,6599,,,true
P02_WHITE_R_000017,P02,WHITE,R,image_000017.jpg,training/P02/WHITE/R/images/image_000017.jpg,ff72c49c8bf8e0efe70612f2762259a3a77016cecc1995b78cbfadea5125e9e1,6122,,,true
P02_WHITE_R_000018,P02,WHITE,R,image_000018.jpg,training/P02/WHITE/R/images/image_000018.jpg,7c1a61356bc10583c7e56f91ec4e729e44820151f43c0b83e9e4443b727e3035,6313,,,true
P02_WHITE_R_000019,P02,WHITE,R,image_000019.jpg,training/P02/WHITE/R/images/image_000019.jpg,2a55a6d2ebfe7bd1d3bff35ef22183abe3c48417e3c429c5d3802396d0d95d87,6364,,,true
P02_WHITE_R_000020,P02,WHITE,R,image_000020.jpg,training/P02/WHITE/R/images/image_000020.jpg,526dca4c9a25ba2ae4480bbff3a795e0a563e847bdb4124fe267b3d82adc2489,6640,,,true
P02_WHITE_R_000021,P02,WHITE,R,image_000021.jpg,training/P02/WHITE/R/images/image_000021.jpg,fa33ff9dc3f44b951f433a05f06d3b174b032a2e78c5bb35ee9c59836bac837d,6877,,,true
P02_WHITE_R_000022,P02,WHITE,R,image_000022.jpg,training/P02/WHITE/R/images/image_000022.jpg,00554be56cd2b3caf20843e4116d056a7cead6fdaa0556ff65289c9019008d3b,6548,,,true
P02_WHITE_R_000023,P02,WHITE,R,image_000023.jpg,training/P02/WHITE/R/images/image_000023.jpg,bd6006ca5b31af673916a2dfaf2fff19a854d961d5849229048982b36d15794d,6721,,,true
P02_WHITE_R_000024,P02,WHITE,R,image_000024.jpg,training/P02/WHITE/R/images/image_000024.jpg,0e2795af288b9b32d1af606c344e973489122335bc3700fdce49bfeb22ac6b56,6896,,,true
P02_WHITE_R_000025,P02,WHITE,R,image_000025.jpg,training/P02/WHITE/R/images/image_000025.jpg,a22e68810f6dc262f8097bf2cb5bb1010ebc7bb6bcb58c2a621bc29ba14a4e0f,6445,,,true
P02_WHITE_S_000001,P02,WHITE,S,image_000001.jpg,training/P02/WHITE/S/images/image_000001.jpg,6aa8d35e62c24f702e9b160732a66b4096bba20aa0c04de982adab8e3cfca617,8376,,,true
P02_WHITE_S_000002,P02,WHITE,S,image_000002.jpg,training/P02/WHITE/S/images/image_000002.jpg,7b644c7076b6bf6c89834c342b8faedd21ed37946394a1fcc7e80bfe732cf2d0,8050,,,true
P02_WHITE_S_000003,P02,WHITE,S,image_000003.jpg,training/P02/WHITE/S/images/image_000003.jpg,da8d35950e248a109f8bd956e71a6dddc1d5b18b966891ab7a1432536b8937cb,7599,,,true
P02_WHITE_S_000004,P02,WHITE,S,image_000004.jpg,training/P02/WHITE/S/images/image_000004.jpg,4ea1832949e2fec6c21516f7009e6422759de686537265dd9d4dd754d9f85e66,8163,,,true
P02_WHITE_S_000005,P02,WHITE,S,image_000005.jpg,training/P02/WHITE/S/images/image_000005.jpg,b9b3abc58d5ca0172cb48ca5163cc448dbcada2a6e32ccbba940a49ab34a69ad,8562,,,true
P02_WHITE_S_000006,P02,WHITE,S,image_000006.jpg,training/P02/WHITE/S/images/image_000006.jpg,acd7032ac67aa1c7029d67d2597d9d6bb229c257cd943517c07e5cb2cc8f0744,7367,,,true
P02_WHITE_S_000007,P02,WHITE,S,image_000007.jpg,training/P02/WHITE/S/images/image_000007.jpg,0baa356688817f127020f9b582aa8b29654799f0d522f849eacee721213b8321,7986,,,true
P02_WHITE_S_000008,P02,WHITE,S,image_000008.jpg,training/P02/WHITE/S/images/image_000008.jpg,987800dc806d1757d8d705b464806e5cbb5585b802f1cda8853238df2de974b1,7617,,,true
P02_WHITE_S_000009,P02,WHITE,S,image_000009.jpg,training/P02/WHITE/S/images/image_000009.jpg,f8ee06490c5fddf04f007f46a5ad681eec919f7789dab31b0c6bce19d08664a5,7680,,,true
P02_WHITE_S_000010,P02,WHITE,S,image_000010.jpg,training/P02/WHITE/S/images/image_000010.jpg,0eb7d3043c50436a460382fe79c9e2481ea9e509fed96646205c7529cac879b7,7618,,,true
P02_WHITE_S_000011,P02,WHITE,S,image_000011.jpg,training/P02/WHITE/S/images/image_000011.jpg,b8316aae19d59911097f02c00df38ddc040b1995e9f583afe23bbe540441089f,7557,,,true
P02_WHITE_S_000012,P02,WHITE,S,image_000012.jpg,training/P02/WHITE/S/images/image_000012.jpg,8f94575866b007c1b64660a36deea2f2ad843a6145ea21afdc426e5efe561c2b,7879,,,true
P02_WHITE_S_000013,P02,WHITE,S,image_000013.jpg,training/P02/WHITE/S/images/image_000013.jpg,7bcbb48efd65a1d785f4b816d4738cfe38f410bfe00a7b9850d7406a98669625,7988,,,true
P02_WHITE_S_000014,P02,WHITE,S,image_000014.jpg,training/P02/WHITE/S/images/image_000014.jpg,9531be4f684a63025021af2d1a38409570ab813ccf9f5c597ef872f6d2b2e98c,8095,,,true
P02_WHITE_S_000015,P02,WHITE,S,image_000015.jpg,training/P02/WHITE/S/images/image_000015.jpg,0a32dab80a211267996c55b190a73e7f7aa19fd4d1bd57f13d1d1159ece1c95b,7526,,,true
P02_WHITE_S_000016,P02,WHITE,S,image_000016.jpg,training/P02/WHITE/S/images/image_000016.jpg,bdef17105792eaa0d5aa76af830a9058ced4044403b7905502c06a6a92383eb5,8139,,,true
P02_WHITE_S_000017,P02,WHITE,S,image_000017.jpg,training/P02/WHITE/S/images/image_000017.jpg,674429a9bd0488f43894b9c6df9444f1f1ee1d05e85511ba4ea3179002cb4f3d,7201,,,true
P02_WHITE_S_000018,P02,WHITE,S,image_000018.jpg,training/P02/WHITE/S/images/image_000018.jpg,230b3cb1157409381a2f76b4d52d1e12a177b217a2fce795c0e679fa5dcdfae8,7412,,,true
P02_WHITE_S_000019,P02,WHITE,S,image_000019.jpg,training/P02/WHITE/S/images/image_000019.jpg,24fe7bcc2bb6f12e30c8278c0bef7ad05a841a384adc16bd7f0c69fce19509fb,7778,,,true
P02_WHITE_S_000020,P02,WHITE,S,image_000020.jpg,training/P02/WHITE/S/images/image_000020.jpg,3aa8e3c23a743141d693a5f9595cf56dc9b1a700a8fc2ed86903067568c64c84,8004,,,true
P02_WHITE_S_000021,P02,WHITE,S,image_000021.jpg,training/P02/WHITE/S/images/image_000021.jpg,86ea91f2bbb190b1e981fca68852892f3826f4e85a351a40aef15998311ca6e2,7101,,,true
P02_WHITE_S_000022,P02,WHITE,S,image_000022.jpg,training/P02/WHITE/S/images/image_000022.jpg,2656c24766d6dd13501b9a3cabd5fdb18d336201a94483c8f83bd1096833be9a,6907,,,true
P02_WHITE_S_000023,P02,WHITE,S,image_000023.jpg,training/P02/WHITE/S/images/image_000023.jpg,b232921b619cf2aac0b1ba5f91e40725e974ce9dc9f92dee8cb770fdcad10a1c,7571,,,true
P02_WHITE_S_000024,P02,WHITE,S,image_000024.jpg,training/P02/WHITE/S/images/image_000024.jpg,3743cce525556444c5d16f91ffc418067dcb52990eac3ee578f69b3f76e61ae6,7246,,,true
P02_WHITE_S_000025,P02,WHITE,S,image_000025.jpg,training/P02/WHITE/S/images/image_000025.jpg,c48c7fd06338aae505d977beb80e474f950e0194b207980eebec9f9916eef1cc,7975,,,true
P02_WHITE_T_000001,P02,WHITE,T,image_000001.jpg,training/P02/WHITE/T/images/image_000001.jpg,3d041901190381cc9a01992fc74689c2cedc8240473cc33720b1ca8f613dad5c,7518,,,true
P02_WHITE_T_000002,P02,WHITE,T,image_000002.jpg,training/P02/WHITE/T/images/image_000002.jpg,56e8f7c9d13ebab3774d266d4680d5099885742623968f7857452d88b7195162,7910,,,true
P02_WHITE_T_000003,P02,WHITE,T,image_000003.jpg,training/P02/WHITE/T/images/image_000003.jpg,b00e9b06d39dd723e122ac7bd7366209f0f24d185568d6bea4e0fe9234aaeadf,7686,,,true
P02_WHITE_T_000004,P02,WHITE,T,image_000004.jpg,training/P02/WHITE/T/images/image_000004.jpg,00f503d5073dad74a3b4585a17e21dc6901092f43bafd1e863d106a60526f11e,7526,,,true
P02_WHITE_T_000005,P02,WHITE,T,image_000005.jpg,training/P02/WHITE/T/images/image_000005.jpg,9b29a6d948e6f3a06737ad27bcadcfd30b584e8cb4ef4d65b7226a05152dca33,8117,,,true
P02_WHITE_T_000006,P02,WHITE,T,image_000006.jpg,training/P02/WHITE/T/images/image_000006.jpg,912822dc29efbe52899c1b315a43da62de7274bfc575749baf0852929ec3f719,7692,,,true
P02_WHITE_T_000007,P02,WHITE,T,image_000007.jpg,training/P02/WHITE/T/images/image_000007.jpg,c3b7f266457e09dfbaaae4beed01d5b79da69891292a6021e0d0b85074ab1ba1,7855,,,true
P02_WHITE_T_000008,P02,WHITE,T,image_000008.jpg,training/P02/WHITE/T/images/image_000008.jpg,2696b277c138ef437aa246a4e3e2ac07b9e371b574b81888059faf55f3558a35,7651,,,true
P02_WHITE_T_000009,P02,WHITE,T,image_000009.jpg,training/P02/WHITE/T/images/image_000009.jpg,b1ffe9eb28021581ddf3b449d8b1b77951ef338ec0bb605d20be81880d16363f,7427,,,true
P02_WHITE_T_000010,P02,WHITE,T,image_000010.jpg,training/P02/WHITE/T/images/image_000010.jpg,021d5659a71b735a23aa61727e75383bf9c0627a76bce01705c9cb0d37f6e5e4,7738,,,true
P02_WHITE_T_000011,P02,WHITE,T,image_000011.jpg,training/P02/WHITE/T/images/image_000011.jpg,46e47c3cbfdf21411c6b2aa98cca572cb0a46d7b99474d6bdd625847d8e16b56,6723,,,true
P02_WHITE_T_000012,P02,WHITE,T,image_000012.jpg,training/P02/WHITE/T/images/image_000012.jpg,4626172c151ab0d0a526df9aeee7e8f19144b294b170860c543ed75e36260e2f,6948,,,true
P02_WHITE_T_000013,P02,WHITE,T,image_000013.jpg,training/P02/WHITE/T/images/image_000013.jpg,ae42c7fe8d7766330d2564b58c081e32c79b50a725948b5ed310bd8e4ecda835,7332,,,true
P02_WHITE_T_000014,P02,WHITE,T,image_000014.jpg,training/P02/WHITE/T/images/image_000014.jpg,ec9f95dad32b5148ea83c2fb3128acf16826b92055ca0b937162f64782769720,7980,,,true
P02_WHITE_T_000015,P02,WHITE,T,image_000015.jpg,training/P02/WHITE/T/images/image_000015.jpg,f99ad846bc00f5825fc4da99fbcbed8db4de956ec0b2b54bcf5146226237b67f,7506,,,true
P02_WHITE_T_000016,P02,WHITE,T,image_000016.jpg,training/P02/WHITE/T/images/image_000016.jpg,1467bac021aaae06efa7779d2cf79729c29b88bcd102623603a1d1a456d9b20d,7242,,,true
P02_WHITE_T_000017,P02,WHITE,T,image_000017.jpg,training/P02/WHITE/T/images/image_000017.jpg,d5abaecf07042031781de53b6b2d3997f0b96b2522c0a348340e7eb49efd456a,7719,,,true
P02_WHITE_T_000018,P02,WHITE,T,image_000018.jpg,training/P02/WHITE/T/images/image_000018.jpg,f717b1957367c1fdbccf255383c2ddee107aba6e4c55e46393e308e7615fabed,7302,,,true
P02_WHITE_T_000019,P02,WHITE,T,image_000019.jpg,training/P02/WHITE/T/images/image_000019.jpg,8fa7ee4ebfd077ff54a34e49f806c35b913bd452a91d9af94d7e2adb90b2e925,7632,,,true
P02_WHITE_T_000020,P02,WHITE,T,image_000020.jpg,training/P02/WHITE/T/images/image_000020.jpg,4890d5bb3e1599d060687d8f8cc0b175815931ea5d04e404d423f54abda31bb0,7693,,,true
P02_WHITE_T_000021,P02,WHITE,T,image_000021.jpg,training/P02/WHITE/T/images/image_000021.jpg,a1a4a9a9c37cc2d1fb50d59b7fefc04ef9bd759432879a4c83e104d93ebad575,7913,,,true
P02_WHITE_T_000022,P02,WHITE,T,image_000022.jpg,training/P02/WHITE/T/images/image_000022.jpg,8fc03da0e6d2f11efe4ef17dc82b65c80a7a1931e7f6a54d6ee685d9343ca040,7943,,,true
P02_WHITE_T_000023,P02,WHITE,T,image_000023.jpg,training/P02/WHITE/T/images/image_000023.jpg,510fc65ffa00981bd3affc1019b373832592e4e740cb1a089d201094adbb19fa,8015,,,true
P02_WHITE_T_000024,P02,WHITE,T,image_000024.jpg,training/P02/WHITE/T/images/image_000024.jpg,b1e933e66d9ef9867663b21ed628717e3b6f311b90defea73aee3931d253da33,7740,,,true
P02_WHITE_T_000025,P02,WHITE,T,image_000025.jpg,training/P02/WHITE/T/images/image_000025.jpg,a5c0a440fc55895543f308e31543ad6ab6cc4ac591df5c3a2484f3cd4085e83e,8227,,,true
P02_WHITE_U_000001,P02,WHITE,U,image_000001.jpg,training/P02/WHITE/U/images/image_000001.jpg,2e6100d1068bcd916d8d6a7737c390fccd25322c0608e8e2807a0a1d3ae57f7f,6679,,,true
P02_WHITE_U_000002,P02,WHITE,U,image_000002.jpg,training/P02/WHITE/U/images/image_000002.jpg,b57793d4d0a71eec6ec5d0dda611cfd72250f99185c6061b801b4c21040387a6,6810,,,true
P02_WHITE_U_000003,P02,WHITE,U,image_000003.jpg,training/P02/WHITE/U/images/image_000003.jpg,5e076c0fa0db0dca3c187390af3cf950c471aa7d81d425bf71df386fb9e54b0a,7469,,,true
P02_WHITE_U_000004,P02,WHITE,U,image_000004.jpg,training/P02/WHITE/U/images/image_000004.jpg,9b5afd303314283e0a0a17b58d34bb19d416bcbaebbc773222e736194a4879b9,7232,,,true
P02_WHITE_U_000005,P02,WHITE,U,image_000005.jpg,training/P02/WHITE/U/images/image_000005.jpg,813f10d1e2214c31c2924c7d8dfe78c1f852872419eff8612b74c7dba5d36136,6664,,,true
P02_WHITE_U_000006,P02,WHITE,U,image_000006.jpg,training/P02/WHITE/U/images/image_000006.jpg,07127ab285803990eac9f56b02cc1ae2fecde204fa09131b6218547e2a70f0cb,5718,,,true
P02_WHITE_U_000007,P02,WHITE,U,image_000007.jpg,training/P02/WHITE/U/images/image_000007.jpg,5bebb6eb6a31b365f1e8fe9eb1152385cf9bb41dc922daa6a8aff379231fc626,6006,,,true
P02_WHITE_U_000008,P02,WHITE,U,image_000008.jpg,training/P02/WHITE/U/images/image_000008.jpg,d598189e094854652639e1f987c206561c79e28656a8f6954379aa629d37aa58,6431,,,true
P02_WHITE_U_000009,P02,WHITE,U,image_000009.jpg,training/P02/WHITE/U/images/image_000009.jpg,7b8e487f2a3325b604df4c131a21b64d666fc8bc670dd3ffc8f272f45b30965c,6012,,,true
P02_WHITE_U_000010,P02,WHITE,U,image_000010.jpg,training/P02/WHITE/U/images/image_000010.jpg,e6c6fefd810c6520fb1917a90a14902e4469eec6e6165af5da0827ee633fe52d,6525,,,true
P02_WHITE_U_000011,P02,WHITE,U,image_000011.jpg,training/P02/WHITE/U/images/image_000011.jpg,04617872dfed128446db5dbda81cd30590adcad0b3606d6f7e35ebd8269a3cdc,6317,,,true
P02_WHITE_U_000012,P02,WHITE,U,image_000012.jpg,training/P02/WHITE/U/images/image_000012.jpg,9f0d80eda3853f3b46bad1bf63363ecff3ed2c19ec3032e7f060703a4ece96f0,6466,,,true
P02_WHITE_U_000013,P02,WHITE,U,image_000013.jpg,training/P02/WHITE/U/images/image_000013.jpg,d132cea725139f258cd9ea1885bfe63d210c664257bad21c539dd0ef2e548ff0,6564,,,true
P02_WHITE_U_000014,P02,WHITE,U,image_000014.jpg,training/P02/WHITE/U/images/image_000014.jpg,c9014f1b3df07737a9f60a07ea14dac69a082f55b2163b2c87d52919cf9839a9,6036,,,true
P02_WHITE_U_000015,P02,WHITE,U,image_000015.jpg,training/P02/WHITE/U/images/image_000015.jpg,672f6ab66155347d3e67cc462c46b892a65124fedefa60bf874df559633dcd36,6510,,,true
P02_WHITE_U_000016,P02,WHITE,U,image_000016.jpg,training/P02/WHITE/U/images/image_000016.jpg,d3b67ba4368220ccd3dcbf93b6794439e2d18134415b57f6288706c969309e5b,6503,,,true
P02_WHITE_U_000017,P02,WHITE,U,image_000017.jpg,training/P02/WHITE/U/images/image_000017.jpg,c2212ebcf01e0d9525af8817d561a66f0744980b1fd5c4aca2155b2d7ea2bf45,6098,,,true
P02_WHITE_U_000018,P02,WHITE,U,image_000018.jpg,training/P02/WHITE/U/images/image_000018.jpg,82143a1f32332d4ea0f5a8749690a236bd155b94dfd2dacaa069a364a6eb3f34,6072,,,true
P02_WHITE_U_000019,P02,WHITE,U,image_000019.jpg,training/P02/WHITE/U/images/image_000019.jpg,7b3dac591b2aefbe08110a0037c6bd4c9e0cf9464bf76cb152a463516f42b7d7,6849,,,true
P02_WHITE_U_000020,P02,WHITE,U,image_000020.jpg,training/P02/WHITE/U/images/image_000020.jpg,211cbb6303633a4220f9faa9f2e7a30912bcf9b53cc00a8cf8d70b5389df6a22,5983,,,true
P02_WHITE_U_000021,P02,WHITE,U,image_000021.jpg,training/P02/WHITE/U/images/image_000021.jpg,0e3d006e836dc0c273ae261ec439805df4acaecb77e3b942dc5ee43fcb79c307,6409,,,true
P02_WHITE_U_000022,P02,WHITE,U,image_000022.jpg,training/P02/WHITE/U/images/image_000022.jpg,92c12f35f68679961033b3394e9d5d19d141a6cea3fa59e94210088f0a7ca853,7484,,,true
P02_WHITE_U_000023,P02,WHITE,U,image_000023.jpg,training/P02/WHITE/U/images/image_000023.jpg,89c9adc7e91a6a63adb71c43103088f92ac01ef05f255f320519c5fb544598b4,6617,,,true
P02_WHITE_U_000024,P02,WHITE,U,image_000024.jpg,training/P02/WHITE/U/images/image_000024.jpg,771bc5803ec5078707b40454de74a485a602f2041f67fff92425790684d709ba,6165,,,true
P02_WHITE_U_000025,P02,WHITE,U,image_000025.jpg,training/P02/WHITE/U/images/image_000025.jpg,e2123659c73560b5c37bf7d7e5df6738c8d0d503fa6f812a7e911b8cd74763a5,6568,,,true
P02_WHITE_V_000001,P02,WHITE,V,image_000001.jpg,training/P02/WHITE/V/images/image_000001.jpg,142ce9dce00d7cb0ed3196fb4d82d783d52a1667dbcce07c688db3b67dc7ba5b,6872,,,true
P02_WHITE_V_000002,P02,WHITE,V,image_000002.jpg,training/P02/WHITE/V/images/image_000002.jpg,cfea78eacc170be580a66d63b65e6d47d6c24c8e1e6da7203f55ad6198e7043e,7043,,,true
P02_WHITE_V_000003,P02,WHITE,V,image_000003.jpg,training/P02/WHITE/V/images/image_000003.jpg,d45659357254a4e122ee9730e3e5db5264d3ae8e339b7568fa5000773ad19956,7174,,,true
P02_WHITE_V_000004,P02,WHITE,V,image_000004.jpg,training/P02/WHITE/V/images/image_000004.jpg,22124affa2e54f30834228ee1c5859c11754801e26e700cae4bc9eea3857e5a1,7142,,,true
P02_WHITE_V_000005,P02,WHITE,V,image_000005.jpg,training/P02/WHITE/V/images/image_000005.jpg,498867cac04a1350c46d713b2512ef1565981a710888fbfaee48addf0ed569df,6404,,,true
P02_WHITE_V_000006,P02,WHITE,V,image_000006.jpg,training/P02/WHITE/V/images/image_000006.jpg,1b135521d8471447cdcd3c1cdee7f400685d4f48d8cc589db0a43d5f5f7a0efb,6357,,,true
P02_WHITE_V_000007,P02,WHITE,V,image_000007.jpg,training/P02/WHITE/V/images/image_000007.jpg,b4af6d1625c6458311487ca6693a0fe15a44e24dac7d4347468bb472c7299cfc,7277,,,true
P02_WHITE_V_000008,P02,WHITE,V,image_000008.jpg,training/P02/WHITE/V/images/image_000008.jpg,f5d00916e443087da5b6368fa98b8b0138ca59835933e8e197c5a1b46e23d648,7185,,,true
P02_WHITE_V_000009,P02,WHITE,V,image_000009.jpg,training/P02/WHITE/V/images/image_000009.jpg,cbd3bc5ef831789b6e6e932784bde63ccab48723d83467b545124c80e055607b,6696,,,true
P02_WHITE_V_000010,P02,WHITE,V,image_000010.jpg,training/P02/WHITE/V/images/image_000010.jpg,722591e098720aa1180037030e9c8d3afac9ec4800d5fc7675640923193c3c1e,6821,,,true
P02_WHITE_V_000011,P02,WHITE,V,image_000011.jpg,training/P02/WHITE/V/images/image_000011.jpg,654aae7f6e9b9c7265cca6746a6b9fcf83ad092deed653d8944759f62bfac5fe,7085,,,true
P02_WHITE_V_000012,P02,WHITE,V,image_000012.jpg,training/P02/WHITE/V/images/image_000012.jpg,900b399622ec7389e1cde4d49899008127b862683c8319c89c595bba816bec5f,6587,,,true
P02_WHITE_V_000013,P02,WHITE,V,image_000013.jpg,training/P02/WHITE/V/images/image_000013.jpg,9c62c867868c2b692ba3f3e5b734d69797d4e6c1b263ec812ae77b2c1c47f585,7222,,,true
P02_WHITE_V_000014,P02,WHITE,V,image_000014.jpg,training/P02/WHITE/V/images/image_000014.jpg,c22f151a90ae4152ce9efa6b45096cde8b477504da1efd91dc54821ad695ce9a,6736,,,true
P02_WHITE_V_000015,P02,WHITE,V,image_000015.jpg,training/P02/WHITE/V/images/image_000015.jpg,422a047a55b2a46de1d57dc852a21094ed7eb7cda02870bda9455cebad9d02c8,6985,,,true
P02_WHITE_V_000016,P02,WHITE,V,image_000016.jpg,training/P02/WHITE/V/images/image_000016.jpg,3e2dee53fe79889154a19ab5bfc03a50e9d1ab8a0ca7b0fd6f00e4b672b7b2c6,6918,,,true
P02_WHITE_V_000017,P02,WHITE,V,image_000017.jpg,training/P02/WHITE/V/images/image_000017.jpg,79726524a7701c5f06296753a65e1ef1e69ad2a97572ce1d2ad4490bf667e1b9,7064,,,true
P02_WHITE_V_000018,P02,WHITE,V,image_000018.jpg,training/P02/WHITE/V/images/image_000018.jpg,1515031d4fc229443a277015e623f8cf1703357567a2280265cb422354dcc0e4,6924,,,true
P02_WHITE_V_000019,P02,WHITE,V,image_000019.jpg,training/P02/WHITE/V/images/image_000019.jpg,a5492891180e1892a1e08bed3deab60a0b1351cc95736d650df82275de0c197c,7211,,,true
P02_WHITE_V_000020,P02,WHITE,V,image_000020.jpg,training/P02/WHITE/V/images/image_000020.jpg,69bd6ae2b2e26278d5566943a785510b1d309af3c13614f56906626a5f255284,6631,,,true
P02_WHITE_V_000021,P02,WHITE,V,image_000021.jpg,training/P02/WHITE/V/images/image_000021.jpg,5dab3e0ebbe0f66dbd7dc7c44248746cd1942085144377af537d1f3c330eb9ac,6779,,,true
P02_WHITE_V_000022,P02,WHITE,V,image_000022.jpg,training/P02/WHITE/V/images/image_000022.jpg,92a426d63dce01f1a58a0b8429edb0a8cd6fd14b1be6fa9b5b25c8c9941d3c2a,6997,,,true
P02_WHITE_V_000023,P02,WHITE,V,image_000023.jpg,training/P02/WHITE/V/images/image_000023.jpg,9ad32c4c5aca368b3004e400f2fe8f709fba0becc35a6ba404ec32619e889ce6,6381,,,true
P02_WHITE_V_000024,P02,WHITE,V,image_000024.jpg,training/P02/WHITE/V/images/image_000024.jpg,d4348efabfb2fb17ab910bc864d8dc04ef9bd3556bcd4c431679cce96be6c099,6743,,,true
P02_WHITE_V_000025,P02,WHITE,V,image_000025.jpg,training/P02/WHITE/V/images/image_000025.jpg,4d93d98d0a0f728341516243b1b07710378a90397041e590a6800a2cca7e140b,6117,,,true
P02_WHITE_W_000001,P02,WHITE,W,image_000001.jpg,training/P02/WHITE/W/images/image_000001.jpg,02ec6e8df5d90e2b4e6b7cfdfc8c4df13a7793382114a6402466e730d52b08fa,7454,,,true
P02_WHITE_W_000002,P02,WHITE,W,image_000002.jpg,training/P02/WHITE/W/images/image_000002.jpg,253b947074b98c3a47cf3c0c680ffcfce041c5c66ebc86a8c0228e99cc75e4ec,7600,,,true
P02_WHITE_W_000003,P02,WHITE,W,image_000003.jpg,training/P02/WHITE/W/images/image_000003.jpg,007da33dc3c5cc7c3869209b8ef1a993358470515bb1e39da07cf1bb9c7a6c1b,7030,,,true
P02_WHITE_W_000004,P02,WHITE,W,image_000004.jpg,training/P02/WHITE/W/images/image_000004.jpg,1deccaf37ec7c98658893e2bcc42f08ba04fcf4402f8764defab8a5667d227ec,7223,,,true
P02_WHITE_W_000005,P02,WHITE,W,image_000005.jpg,training/P02/WHITE/W/images/image_000005.jpg,5f3c85f5371f961f16c0c181945aaefeac9218e71760d3c661874494d0eacc3f,7132,,,true
P02_WHITE_W_000006,P02,WHITE,W,image_000006.jpg,training/P02/WHITE/W/images/image_000006.jpg,1378ecf5b274c4670e321abcd7d4d9a646c84a1ee862bc886f3675d164b48070,7135,,,true
P02_WHITE_W_000007,P02,WHITE,W,image_000007.jpg,training/P02/WHITE/W/images/image_000007.jpg,38b6a49a14f07e096d36ccde37bc554d114614b59e76bf8c66a751b49e9710a7,7410,,,true
P02_WHITE_W_000008,P02,WHITE,W,image_000008.jpg,training/P02/WHITE/W/images/image_000008.jpg,c2402c1af91e036a80e29266d7195f78b7d34de7fda1c4c8e37c9e0b3503cb9c,6686,,,true
P02_WHITE_W_000009,P02,WHITE,W,image_000009.jpg,training/P02/WHITE/W/images/image_000009.jpg,ab36685c58bdb0ffe673afe777c505ff73f50f6a6dc123d2932a1939fa5b8802,6941,,,true
P02_WHITE_W_000010,P02,WHITE,W,image_000010.jpg,training/P02/WHITE/W/images/image_000010.jpg,35b4169b67f36defa33380abacf4e34286f8bc32d2c4f186e366d5078d511281,7237,,,true
P02_WHITE_W_000011,P02,WHITE,W,image_000011.jpg,training/P02/WHITE/W/images/image_000011.jpg,682f0fd4e34aaaf89dd31a7a7592948953a06edced90ba87620ff17ee16244f0,6927,,,true
P02_WHITE_W_000012,P02,WHITE,W,image_000012.jpg,training/P02/WHITE/W/images/image_000012.jpg,2566b7146491aefa22e3f69e65fab6e79dee5ec349943b70277f80c8f9fe1ba4,7266,,,true
P02_WHITE_W_000013,P02,WHITE,W,image_000013.jpg,training/P02/WHITE/W/images/image_000013.jpg,1a6be07760d91205b968ffb57d28967a1abf87f9c71d37a6dbda94a639ebd430,7264,,,true
P02_WHITE_W_000014,P02,WHITE,W,image_000014.jpg,training/P02/WHITE/W/images/image_000014.jpg,1089deb649691a4e700c153600ce42e39757d6f3ff4f5c8fef25241f0f6d76af,7191,,,true
P02_WHITE_W_000015,P02,WHITE,W,image_000015.jpg,training/P02/WHITE/W/images/image_000015.jpg,cf12245200e8998235614fed38c5687c6b13a20735722fe5984ae44b2816e6d5,7573,,,true
P02_WHITE_W_000016,P02,WHITE,W,image_000016.jpg,training/P02/WHITE/W/images/image_000016.jpg,cbcf07ea8823e75f8dab2e2a8bf799714b4107564ec753d5fe7ad854e3d16645,7303,,,true
P02_WHITE_W_000017,P02,WHITE,W,image_000017.jpg,training/P02/WHITE/W/images/image_000017.jpg,5942489a4ebf626774e9a40b8cfcfa560845c4c50dee2c7e21f3555778ad33a9,6878,,,true
P02_WHITE_W_000018,P02,WHITE,W,image_000018.jpg,training/P02/WHITE/W/images/image_000018.jpg,b6fc9a3ce21ebacff66d33e139245eb3066fc2c1f63ad0721d1c87bfaae5c6da,7308,,,true
P02_WHITE_W_000019,P02,WHITE,W,image_000019.jpg,training/P02/WHITE/W/images/image_000019.jpg,57cc819a3bf28edfe01fcc80acacbe04d24a4363f02eaeaefa4daa38943a43d7,7016,,,true
P02_WHITE_W_000020,P02,WHITE,W,image_000020.jpg,training/P02/WHITE/W/images/image_000020.jpg,dedd0b86dc0f45297f960bfb0e53bd151f43a9731bb1f8492f1e5625114830d3,7366,,,true
P02_WHITE_W_000021,P02,WHITE,W,image_000021.jpg,training/P02/WHITE/W/images/image_000021.jpg,411706ffc9595aef9486d6f8c8ccff85e84e2ce062c2562e6a3bc6dd610d590e,7526,,,true
P02_WHITE_W_000022,P02,WHITE,W,image_000022.jpg,training/P02/WHITE/W/images/image_000022.jpg,21ce75b5e9c8a6035a452d4fad5a4daad4cf340eae1e7ed69234f63e7e4c058f,6766,,,true
P02_WHITE_W_000023,P02,WHITE,W,image_000023.jpg,training/P02/WHITE/W/images/image_000023.jpg,383c4530708dbfcb617c54c20e974e83cb81ed795797dad3ded43efcc685b981,6803,,,true
P02_WHITE_W_000024,P02,WHITE,W,image_000024.jpg,training/P02/WHITE/W/images/image_000024.jpg,bdbc2e5c1b3525485a2a044d04d84d9b63e929d0573a4875239a4f724f22f56a,7135,,,true
P02_WHITE_W_000025,P02,WHITE,W,image_000025.jpg,training/P02/WHITE/W/images/image_000025.jpg,7d2e5a3858e033aab0551ba3f0ae6c494a92b0944d8417b684bc62aee07bf405,7177,,,true
P02_WHITE_Y_000001,P02,WHITE,Y,image_000001.jpg,training/P02/WHITE/Y/images/image_000001.jpg,3f0e06389d770f1b0ae5eeac3f81b616e53ccc4f597c09322aac1e5f478f40df,6672,,,true
P02_WHITE_Y_000002,P02,WHITE,Y,image_000002.jpg,training/P02/WHITE/Y/images/image_000002.jpg,38866146857776004b98ab42ccf15b12527f083e2910cf02d627d23d356dbe99,6649,,,true
P02_WHITE_Y_000003,P02,WHITE,Y,image_000003.jpg,training/P02/WHITE/Y/images/image_000003.jpg,8c016e6c287de0ea3c8b6c89c6c1c97be6ab3bc899fdcd484cce3078ffdd3764,7093,,,true
P02_WHITE_Y_000004,P02,WHITE,Y,image_000004.jpg,training/P02/WHITE/Y/images/image_000004.jpg,dd7e85e17254574982324a80cd23188c00697c50ba9462c2f41fde9c30bf1ef1,6631,,,true
P02_WHITE_Y_000005,P02,WHITE,Y,image_000005.jpg,training/P02/WHITE/Y/images/image_000005.jpg,5754a94c1516a7781836a0e29f9645f2294eb7728f037dcb3ae48ee8106e2e7a,6929,,,true
P02_WHITE_Y_000006,P02,WHITE,Y,image_000006.jpg,training/P02/WHITE/Y/images/image_000006.jpg,669d80fd94719c6829dd726d43bbe0856e99274565fb4cc8c6d97638fc3ed07d,6873,,,true
P02_WHITE_Y_000007,P02,WHITE,Y,image_000007.jpg,training/P02/WHITE/Y/images/image_000007.jpg,86bc57fff2e1911259c37a578d0b367b874a7de02453bf7361479f16d64f1667,6618,,,true
P02_WHITE_Y_000008,P02,WHITE,Y,image_000008.jpg,training/P02/WHITE/Y/images/image_000008.jpg,25fd2f125ba6b6476748b203d18046f93b3db66e03864662e86fef86643e0968,6673,,,true
P02_WHITE_Y_000009,P02,WHITE,Y,image_000009.jpg,training/P02/WHITE/Y/images/image_000009.jpg,87fad3957841858e6803cc468b5b059a6d8c397787877c7f7deffb120dd7f1ae,7137,,,true
P02_WHITE_Y_000010,P02,WHITE,Y,image_000010.jpg,training/P02/WHITE/Y/images/image_000010.jpg,a66c127aaf4f9d95a045cb08d304030c426d3b7bbab11a02bc726607da18ffe0,6444,,,true
P02_WHITE_Y_000011,P02,WHITE,Y,image_000011.jpg,training/P02/WHITE/Y/images/image_000011.jpg,be829ab2c28ae4d70e1ecae5ac6cb3eb4b83cbc9758c0637530ce1d76498c92d,6837,,,true
P02_WHITE_Y_000012,P02,WHITE,Y,image_000012.jpg,training/P02/WHITE/Y/images/image_000012.jpg,a258175b2880d62e4a136579893b90153b4947f27ee762ecc9cb37f4b3d55c45,6745,,,true
P02_WHITE_Y_000013,P02,WHITE,Y,image_000013.jpg,training/P02/WHITE/Y/images/image_000013.jpg,963edcdaa1ef9b4d1d69299fa42c2c0710d69b503690c06f17b47429ed5fac2f,6747,,,true
P02_WHITE_Y_000014,P02,WHITE,Y,image_000014.jpg,training/P02/WHITE/Y/images/image_000014.jpg,031e770f888da6e993ad7ba35bd2c42a59b870bd3a73a4e3fc539a6e8e7723ef,6382,,,true
P02_WHITE_Y_000015,P02,WHITE,Y,image_000015.jpg,training/P02/WHITE/Y/images/image_000015.jpg,3973caf809f99006358f30c83a2f1287fc5578b7308c9f7956eccc966247833f,6693,,,true
P02_WHITE_Y_000016,P02,WHITE,Y,image_000016.jpg,training/P02/WHITE/Y/images/image_000016.jpg,202b9cb80722ac0be48ade0a908d3cb789c84573108a226cada1b8fb5746bc8d,6833,,,true
P02_WHITE_Y_000017,P02,WHITE,Y,image_000017.jpg,training/P02/WHITE/Y/images/image_000017.jpg,8cf10e5d5a87ac88d9c9454fbcafe7646ec2dafde4f65a2050f8e139c3a0c3a6,7104,,,true
P02_WHITE_Y_000018,P02,WHITE,Y,image_000018.jpg,training/P02/WHITE/Y/images/image_000018.jpg,97c69375bbf8952e8d71bed39c040ddce7cb82b0b78dd3471ca029750a893502,6370,,,true
P02_WHITE_Y_000019,P02,WHITE,Y,image_000019.jpg,training/P02/WHITE/Y/images/image_000019.jpg,45d6151c23ecca87c67fc34199efb2fa098d47bd4ca29a43af23191fe8a7fb00,6768,,,true
P02_WHITE_Y_000020,P02,WHITE,Y,image_000020.jpg,training/P02/WHITE/Y/images/image_000020.jpg,c84a6d5c6c684d9d1dbd76f17b983fbeb5202380a707efc77f361eeb2d918d24,6864,,,true
P02_WHITE_Y_000021,P02,WHITE,Y,image_000021.jpg,training/P02/WHITE/Y/images/image_000021.jpg,7294596084a2fcc0499e18828bf665cd35114164304aab5b1a16a2924e0335ae,7148,,,true
P02_WHITE_Y_000022,P02,WHITE,Y,image_000022.jpg,training/P02/WHITE/Y/images/image_000022.jpg,f2904876d2dc9f61b09355d62cdb2bd1a17f404fb071b2b8d488e7ec9bc77249,6747,,,true
P02_WHITE_Y_000023,P02,WHITE,Y,image_000023.jpg,training/P02/WHITE/Y/images/image_000023.jpg,30643bc095e68aad1ed7473a3c284b98bd2adc943975946fc1b8e8ac426005a8,6704,,,true
P02_WHITE_Y_000024,P02,WHITE,Y,image_000024.jpg,training/P02/WHITE/Y/images/image_000024.jpg,aa2e5be40263f013e479f8b17fefd6e0e61eec558b693c501163bbae61d2e4f1,6554,,,true
P02_WHITE_Y_000025,P02,WHITE,Y,image_000025.jpg,training/P02/WHITE/Y/images/image_000025.jpg,795cb540d8b95fc36439d6d3fa98b6d22b62141536f0ae765f56c4c516bd069d,6833,,,true
P04_BLUE_A_000001,P04,BLUE,A,image_000001.jpg,training/P04/BLUE/A/images/image_000001.jpg,a5621156ade8d9e8b3f23883c658aa897e4fdae22a35107474a474e2b159340d,8770,,,true
P04_BLUE_A_000002,P04,BLUE,A,image_000002.jpg,training/P04/BLUE/A/images/image_000002.jpg,eaa7dad2990a80e750c0838e6d0e6b8ae9577d1eca38deb5797ec3f453879bed,7836,,,true
P04_BLUE_A_000003,P04,BLUE,A,image_000003.jpg,training/P04/BLUE/A/images/image_000003.jpg,3059f8ad3cee7e2c1e1adaf18662bdea33fea191ce4590cdecf1b12cf7545397,8273,,,true
P04_BLUE_A_000004,P04,BLUE,A,image_000004.jpg,training/P04/BLUE/A/images/image_000004.jpg,32c451367d1c05c53f8b96c980bf003506c6698152e55869cd859f14849a18af,7718,,,true
P04_BLUE_A_000005,P04,BLUE,A,image_000005.jpg,training/P04/BLUE/A/images/image_000005.jpg,ba959eceafa245d09fb6efaa75273ae776eed52ed9f6c878a3d0fe862443f7e8,7737,,,true
P04_BLUE_A_000006,P04,BLUE,A,image_000006.jpg,training/P04/BLUE/A/images/image_000006.jpg,356a7034cec6ce81d062a4f90321dc6adf4ee7b782e3b6c862e7fe1e283b5ea2,7736,,,true
P04_BLUE_A_000007,P04,BLUE,A,image_000007.jpg,training/P04/BLUE/A/images/image_000007.jpg,d4ca11d5d1427fdb74ed7696dbb27379d09741ad61b3b5f1cf7260e892462600,7723,,,true
P04_BLUE_A_000008,P04,BLUE,A,image_000008.jpg,training/P04/BLUE/A/images/image_000008.jpg,eaa7dad2990a80e750c0838e6d0e6b8ae9577d1eca38deb5797ec3f453879bed,7836,,,true
P04_BLUE_A_000009,P04,BLUE,A,image_000009.jpg,training/P04/BLUE/A/images/image_000009.jpg,7f9e6a4727adae78b2585ae9f17e5413d7a5b01023b3ee687ff8f05b629e2516,7725,,,true
P04_BLUE_A_000010,P04,BLUE,A,image_000010.jpg,training/P04/BLUE/A/images/image_000010.jpg,10e879f6dd736ed6b5a3c299a71f08d871b322a7e7f1a2b24f1d7cf1080299c1,8183,,,true
P04_BLUE_A_000011,P04,BLUE,A,image_000011.jpg,training/P04/BLUE/A/images/image_000011.jpg,a1cd04aa0511ddf484cacc79d171d0934850246a963480fede31dd4da34ff481,8077,,,true
P04_BLUE_A_000012,P04,BLUE,A,image_000012.jpg,training/P04/BLUE/A/images/image_000012.jpg,de6da0ec95bad7dbbc1b6eaad11fab284cfff2872cb366c8128e4fbf4311b21d,7755,,,true
P04_BLUE_A_000013,P04,BLUE,A,image_000013.jpg,training/P04/BLUE/A/images/image_000013.jpg,a715677784e321c8301a35d58d3ccc92a8a5abce3ea6702431eda774c7baa60c,7850,,,true
P04_BLUE_A_000014,P04,BLUE,A,image_000014.jpg,training/P04/BLUE/A/images/image_000014.jpg,7aeed5f19c6a6b7c7919844f3ea56774110d06e5afaa536e8adf3dc24ab7b4f8,7842,,,true
P04_BLUE_A_000015,P04,BLUE,A,image_000015.jpg,training/P04/BLUE/A/images/image_000015.jpg,6dcc1a77cd5a645d375932d605639a77a2854e88d48836994848e00f514deaca,7852,,,true
P04_BLUE_A_000016,P04,BLUE,A,image_000016.jpg,training/P04/BLUE/A/images/image_000016.jpg,996487abef03f3bc28957f899ad515a27218b83876d059b7f4203bff4691da8c,7917,,,true
P04_BLUE_A_000017,P04,BLUE,A,image_000017.jpg,training/P04/BLUE/A/images/image_000017.jpg,1f965c0d80e3050346e1a9322f521d11ba53a4d6fa3cac60617285d914b37160,8032,,,true
P04_BLUE_A_000018,P04,BLUE,A,image_000018.jpg,training/P04/BLUE/A/images/image_000018.jpg,df34f4c500a413566f8d74527950aeb86144ee72d272d27656c6d19e8c08629d,9061,,,true
P04_BLUE_A_000019,P04,BLUE,A,image_000019.jpg,training/P04/BLUE/A/images/image_000019.jpg,b4630ec31d24bf1fd21b9c945de0b0f8e957a0faae0d377fab4b7fe08a4177bf,9303,,,true
P04_BLUE_A_000020,P04,BLUE,A,image_000020.jpg,training/P04/BLUE/A/images/image_000020.jpg,5a62827b25754aa7936e49ad56ec04212820fa51b0578096c280dd8ff59d3237,8903,,,true
P04_BLUE_A_000021,P04,BLUE,A,image_000021.jpg,training/P04/BLUE/A/images/image_000021.jpg,ceda7948da6672fced7ee708bb2e75dada3fd5ed23b28a466d79e85415232393,9049,,,true
P04_BLUE_A_000022,P04,BLUE,A,image_000022.jpg,training/P04/BLUE/A/images/image_000022.jpg,4a48a02e38f7b688bef4f7382360b0a0a253b1aea3186962027c3760738e09fc,8965,,,true
P04_BLUE_A_000023,P04,BLUE,A,image_000023.jpg,training/P04/BLUE/A/images/image_000023.jpg,a5621156ade8d9e8b3f23883c658aa897e4fdae22a35107474a474e2b159340d,8770,,,true
P04_BLUE_A_000024,P04,BLUE,A,image_000024.jpg,training/P04/BLUE/A/images/image_000024.jpg,5ace673cdb35f1b4b2d5b49cbbe684b2e5798a3a42e077b13a73e9879373ee57,8873,,,true
P04_BLUE_A_000025,P04,BLUE,A,image_000025.jpg,training/P04/BLUE/A/images/image_000025.jpg,2c5cd4c6870f4f3f682f725839cdce02497abc04630649b34ded53308770e52b,8912,,,true
P04_BLUE_B_000001,P04,BLUE,B,image_000001.jpg,training/P04/BLUE/B/images/image_000001.jpg,edec20e5d384b5f18a41c7e191b2c6535c3b61c2ee99fdeb5453d9d64884b409,4441,,,true
P04_BLUE_B_000002,P04,BLUE,B,image_000002.jpg,training/P04/BLUE/B/images/image_000002.jpg,7f88cf2a9ed317cfec6f5ed0bbe97c691aeae2f126f8cb84e333d187a4ce3211,8723,,,true
P04_BLUE_B_000003,P04,BLUE,B,image_000003.jpg,training/P04/BLUE/B/images/image_000003.jpg,d261e78e270487c59c52e6af105d8898c62a11edd02680831d57de5ab9f62b12,8650,,,true
P04_BLUE_B_000004,P04,BLUE,B,image_000004.jpg,training/P04/BLUE/B/images/image_000004.jpg,21f0814955bd96eafa0ed247ef67b4a6f3f9bbc152b6ddc9adfbac2778e8f959,8470,,,true
P04_BLUE_B_000005,P04,BLUE,B,image_000005.jpg,training/P04/BLUE/B/images/image_000005.jpg,c53ac54eb66693034c892cf3c64370580178e7f1f3474f19eb8f17b199bce35d,8550,,,true
P04_BLUE_B_000006,P04,BLUE,B,image_000006.jpg,training/P04/BLUE/B/images/image_000006.jpg,09b3156ad6fd1f9f24c0936d18c50087250d88a0f9c000e8cfed19b636bad412,8615,,,true
P04_BLUE_B_000007,P04,BLUE,B,image_000007.jpg,training/P04/BLUE/B/images/image_000007.jpg,01d54ce871f51f24d64c0996a99b3dc16c810d5bfa3ed5a1cfe66719766d77a8,9289,,,true
P04_BLUE_B_000008,P04,BLUE,B,image_000008.jpg,training/P04/BLUE/B/images/image_000008.jpg,715e764bc5c8c107a27ffbd1632e9cdc018747e6bc0ce29f7506637c465b9aba,9135,,,true
P04_BLUE_B_000009,P04,BLUE,B,image_000009.jpg,training/P04/BLUE/B/images/image_000009.jpg,ba4d8bbc94c20afbac37f268a201662f3da4174071bf2f7df98f5f64367626e2,8658,,,true
P04_BLUE_B_000010,P04,BLUE,B,image_000010.jpg,training/P04/BLUE/B/images/image_000010.jpg,51945c1b8668e041f1a4d561a3a465a10637a432fd120c3233cfb102addce667,8949,,,true
P04_BLUE_B_000011,P04,BLUE,B,image_000011.jpg,training/P04/BLUE/B/images/image_000011.jpg,c8a0ac35e231e4adf480f00f3e670f0608f90359e9a40f7b5ff6bc29b4b75ead,8842,,,true
P04_BLUE_B_000012,P04,BLUE,B,image_000012.jpg,training/P04/BLUE/B/images/image_000012.jpg,e9362e393f2e2bcde38516401b01363082e83d6d721dcb0ffb5077242f558748,9043,,,true
P04_BLUE_B_000013,P04,BLUE,B,image_000013.jpg,training/P04/BLUE/B/images/image_000013.jpg,5d0db37d8ab4d6883a05926677943418d7fb3438b44d137b6b508c12a69fdfca,9133,,,true
P04_BLUE_B_000014,P04,BLUE,B,image_000014.jpg,training/P04/BLUE/B/images/image_000014.jpg,970c7102b63c7a737b6c3fbf1a66f70eed2fa9c3def26c37319f1a9d0b3ac726,9211,,,true
P04_BLUE_B_000015,P04,BLUE,B,image_000015.jpg,training/P04/BLUE/B/images/image_000015.jpg,0706328b318d28096b2af7004c53d84d0a70227c2c5ca609fa80401aa175cc6f,9178,,,true
P04_BLUE_B_000016,P04,BLUE,B,image_000016.jpg,training/P04/BLUE/B/images/image_000016.jpg,12ea76a66f936d90c07b3d4cb6957b27032043b839f8c766e9088c86e5fdb865,9014,,,true
P04_BLUE_B_000017,P04,BLUE,B,image_000017.jpg,training/P04/BLUE/B/images/image_000017.jpg,4fbeab712681d564127688175ea2407a3b4601d42d3d15944218b294a9744274,7820,,,true
P04_BLUE_B_000018,P04,BLUE,B,image_000018.jpg,training/P04/BLUE/B/images/image_000018.jpg,ae3ce6e0441f2438b6443a4f77d96042ddb2f325c23acf02abe90623e0a4f2d1,7880,,,true
P04_BLUE_B_000019,P04,BLUE,B,image_000019.jpg,training/P04/BLUE/B/images/image_000019.jpg,c70a22bd0b04a280552bdadcccba5ff270833fcd87d65adcf0799298b9cb9ea9,7928,,,true
P04_BLUE_B_000020,P04,BLUE,B,image_000020.jpg,training/P04/BLUE/B/images/image_000020.jpg,9e5f645828e0710aeaaa455cbe94671ff7bcea3d93ff81d6a292fd06e4bd6fa7,7863,,,true
P04_BLUE_B_000021,P04,BLUE,B,image_000021.jpg,training/P04/BLUE/B/images/image_000021.jpg,1287f0a2cf30f1d245f8d7f830a908d6e4e3d108446e75e6ba3d2fb56d4c6d40,7882,,,true
P04_BLUE_B_000022,P04,BLUE,B,image_000022.jpg,training/P04/BLUE/B/images/image_000022.jpg,1e57dce8f400dc62f2a26c45f681d15fd6047137bdcb3cd800db1afdb228943f,8092,,,true
P04_BLUE_B_000023,P04,BLUE,B,image_000023.jpg,training/P04/BLUE/B/images/image_000023.jpg,1115f4e6d6c9cb9dcd35cca3fcc5bff95133bbf50f53c34a8ec3a2c29121e87b,8082,,,true
P04_BLUE_B_000024,P04,BLUE,B,image_000024.jpg,training/P04/BLUE/B/images/image_000024.jpg,0eda36a4bd4fd834f91d29a42af623761ce1b9e512325d14370311c385504abc,8328,,,true
P04_BLUE_B_000025,P04,BLUE,B,image_000025.jpg,training/P04/BLUE/B/images/image_000025.jpg,6f56b169ecc16e61488a5721966fdc4980b9f3dd66caf3c11c75b69d4b8d319d,7915,,,true
P04_BLUE_C_000001,P04,BLUE,C,image_000001.jpg,training/P04/BLUE/C/images/image_000001.jpg,887b92828f7a81213c66994a9edf16fd78c587b1f2b96323cdcdd7b02d7f4e39,8379,,,true
P04_BLUE_C_000002,P04,BLUE,C,image_000002.jpg,training/P04/BLUE/C/images/image_000002.jpg,99f942937a75f95b500a4689d506168d4aec20f2688d80e02084a32cefd13f38,8857,,,true
P04_BLUE_C_000003,P04,BLUE,C,image_000003.jpg,training/P04/BLUE/C/images/image_000003.jpg,f1124cb03bc5468e21f4960d8a77ddeb140e4100833149dfed06192fea1dcf7a,8649,,,true
P04_BLUE_C_000004,P04,BLUE,C,image_000004.jpg,training/P04/BLUE/C/images/image_000004.jpg,4e48b07955a0a3b74712adf1440dde013635b1c31e77529a99b17624b5171030,8252,,,true
P04_BLUE_C_000005,P04,BLUE,C,image_000005.jpg,training/P04/BLUE/C/images/image_000005.jpg,d9bada1ae789de74941413a0ddeca98b155051fef955c83b01cc8222a6758da5,9345,,,true
P04_BLUE_C_000006,P04,BLUE,C,image_000006.jpg,training/P04/BLUE/C/images/image_000006.jpg,a3ae1e8621ee54166867e1c95f9272ea23dac487079bad988cdf87525c51fc63,8969,,,true
P04_BLUE_C_000007,P04,BLUE,C,image_000007.jpg,training/P04/BLUE/C/images/image_000007.jpg,e44e81e20000f95790c3dcda1c078d724a9e6905b02ded592a501153070c60c1,8692,,,true
P04_BLUE_C_000008,P04,BLUE,C,image_000008.jpg,training/P04/BLUE/C/images/image_000008.jpg,fceda31d362f6dfa50ff7d77f12c35cb21802b54bb7bc959a08f2a9e12c1d298,9027,,,true
P04_BLUE_C_000009,P04,BLUE,C,image_000009.jpg,training/P04/BLUE/C/images/image_000009.jpg,dc790cb82e353dca27b9c1bbe07693aa3c596d92135f3fd31923add0f889cd7e,9287,,,true
P04_BLUE_C_000010,P04,BLUE,C,image_000010.jpg,training/P04/BLUE/C/images/image_000010.jpg,356005ff567a470cd085413d97181ded75d8573bac715b51db5dcf05c6bbf783,8756,,,true
P04_BLUE_C_000011,P04,BLUE,C,image_000011.jpg,training/P04/BLUE/C/images/image_000011.jpg,9cf8ad0eaf2aa647bb7a981aaf1c28cb222fb2e89546168ec0b007b9a0b9ef0e,8585,,,true
P04_BLUE_C_000012,P04,BLUE,C,image_000012.jpg,training/P04/BLUE/C/images/image_000012.jpg,126dd06dd5409f783f6711326453eda6897e423775e1c05f449c7aa0fcf4af0a,8600,,,true
P04_BLUE_C_000013,P04,BLUE,C,image_000013.jpg,training/P04/BLUE/C/images/image_000013.jpg,f5142e848f39e61d7c8547bec31fa3cae03ff875ed9a8efd9bb7aab6568fcc94,8736,,,true
P04_BLUE_C_000014,P04,BLUE,C,image_000014.jpg,training/P04/BLUE/C/images/image_000014.jpg,2809a7bf72df8e87effacf5f2adada828b193f1a16b462784dab4251087417a0,8960,,,true
P04_BLUE_C_000015,P04,BLUE,C,image_000015.jpg,training/P04/BLUE/C/images/image_000015.jpg,4f933f3eaf145e0a188b67a31e0b6394c63d8ed8c8590ad042ead22c6adc50fe,8783,,,true
P04_BLUE_C_000016,P04,BLUE,C,image_000016.jpg,training/P04/BLUE/C/images/image_000016.jpg,e79c576a739cb7281389dfd0189a51308f2d25b6a80a009ed09aab80c1f9fb92,8980,,,true
P04_BLUE_C_000017,P04,BLUE,C,image_000017.jpg,training/P04/BLUE/C/images/image_000017.jpg,de673f868d99f419ab19abcbf65969fe2afbb358e3fda7fa196b972b854f5eb5,8936,,,true
P04_BLUE_C_000018,P04,BLUE,C,image_000018.jpg,training/P04/BLUE/C/images/image_000018.jpg,ec96582ab2b0a79156f01a639a982edd0addaea7ed86c9047c2ead51f7d1afb5,8950,,,true
P04_BLUE_C_000019,P04,BLUE,C,image_000019.jpg,training/P04/BLUE/C/images/image_000019.jpg,f271c4a7dd2975c992fcdff194d7f451cfe18269b76a869215b5fc5086cf9c8a,8940,,,true
P04_BLUE_C_000020,P04,BLUE,C,image_000020.jpg,training/P04/BLUE/C/images/image_000020.jpg,c77344113f992980a99d627ed773f313618f26c9fdcf648a009dd8a3f02ce7f7,8749,,,true
P04_BLUE_C_000021,P04,BLUE,C,image_000021.jpg,training/P04/BLUE/C/images/image_000021.jpg,d2ab2d5016ca2196fd6ffc723343b52a8cc6976633cf6fc43a22a2b98c4bc2b4,9029,,,true
P04_BLUE_C_000022,P04,BLUE,C,image_000022.jpg,training/P04/BLUE/C/images/image_000022.jpg,25b784f832de58833e04d786f236666f613d205ac8586f560be2e134cdec6765,8949,,,true
P04_BLUE_C_000023,P04,BLUE,C,image_000023.jpg,training/P04/BLUE/C/images/image_000023.jpg,b8a98ea32dd8e469592e76f571202886ae2a07677732ae5959c3126359f434e0,9000,,,true
P04_BLUE_C_000024,P04,BLUE,C,image_000024.jpg,training/P04/BLUE/C/images/image_000024.jpg,fd9bc9d55702604fa6c01cd2ed3170c5347bf758007af90abdcb751f513d8b8b,9055,,,true
P04_BLUE_C_000025,P04,BLUE,C,image_000025.jpg,training/P04/BLUE/C/images/image_000025.jpg,8e1eeb69252a592d01f75f8ec5ae39901c15af290ac257bf97fd67926acd8e55,8941,,,true
P04_BLUE_E_000001,P04,BLUE,E,image_000001.jpg,training/P04/BLUE/E/images/image_000001.jpg,0a4d05ad4126f2551850d11b491344bf3e6c586be6b58c7812f19afcb246603a,6246,,,true
P04_BLUE_E_000002,P04,BLUE,E,image_000002.jpg,training/P04/BLUE/E/images/image_000002.jpg,5016713c63e396bf96527c8ae0a6b79f78a0753e10bba5196b5a900161f27f5b,6693,,,true
P04_BLUE_E_000003,P04,BLUE,E,image_000003.jpg,training/P04/BLUE/E/images/image_000003.jpg,920724e33bc64abf75a05f65737d8c02f340764f0549b05eae3ccdd9addd9bfd,10319,,,true
P04_BLUE_E_000004,P04,BLUE,E,image_000004.jpg,training/P04/BLUE/E/images/image_000004.jpg,1a22fde8cc1ad1133731086e00b4fc8e66cac6739740e9bc97d578d4dc102cd0,10630,,,true
P04_BLUE_E_000005,P04,BLUE,E,image_000005.jpg,training/P04/BLUE/E/images/image_000005.jpg,88d7c34255a5069535a333663b8d52c0ecb16fa8ccca5fffe468f3560a6f88e6,10705,,,true
P04_BLUE_E_000006,P04,BLUE,E,image_000006.jpg,training/P04/BLUE/E/images/image_000006.jpg,06e3077794e9eb8db164db48b91db9c5f363fd4b333533b5990d128f86e21b43,10208,,,true
P04_BLUE_E_000007,P04,BLUE,E,image_000007.jpg,training/P04/BLUE/E/images/image_000007.jpg,f2c48b6d6a9f6fa2b6964d748984ff4a962f6a1cc1ccd7a67b8fa06991a73d5a,10778,,,true
P04_BLUE_E_000008,P04,BLUE,E,image_000008.jpg,training/P04/BLUE/E/images/image_000008.jpg,ef4bfdb8f2ab3e9146ddb66124c86ef9e2ecb1fcb212b2c2d3be6fd12d5002cd,11034,,,true
P04_BLUE_E_000009,P04,BLUE,E,image_000009.jpg,training/P04/BLUE/E/images/image_000009.jpg,0a881a08b19cc300a8dbd4feaef15d518ce42ebbe25b88953fbbf541b644122f,10813,,,true
P04_BLUE_E_000010,P04,BLUE,E,image_000010.jpg,training/P04/BLUE/E/images/image_000010.jpg,4c167984cf1ee51fc03b103c1e0f617da0615521c5a693bb54e449ccf523a52f,10925,,,true
P04_BLUE_E_000011,P04,BLUE,E,image_000011.jpg,training/P04/BLUE/E/images/image_000011.jpg,9ccdf8076f4f9843abb50cf0b5d5efc2d7554f820949a9df5d999bacff8ce592,10752,,,true
P04_BLUE_E_000012,P04,BLUE,E,image_000012.jpg,training/P04/BLUE/E/images/image_000012.jpg,a426437e77d280753ab28d715736aa0bb625a7001c60781375dea8171ffc64d0,10782,,,true
P04_BLUE_E_000013,P04,BLUE,E,image_000013.jpg,training/P04/BLUE/E/images/image_000013.jpg,c81ce66d4d3ba2d030d1c4273020c55cd62c6a17d1d5e697a60068036ff387b6,9058,,,true
P04_BLUE_E_000014,P04,BLUE,E,image_000014.jpg,training/P04/BLUE/E/images/image_000014.jpg,3facb2ce2f6d44788c264f326dbeedde96138dff7e2334842ac10aff24c287d1,8925,,,true
P04_BLUE_E_000015,P04,BLUE,E,image_000015.jpg,training/P04/BLUE/E/images/image_000015.jpg,8f78f8caaa5ec48c41845f5bb9e12d1c439ba117f86b603582d68c20617ed08a,8813,,,true
P04_BLUE_E_000016,P04,BLUE,E,image_000016.jpg,training/P04/BLUE/E/images/image_000016.jpg,a69661af34d8002890e3340f81b6dee1e499eac5a20ad8cdd5c710f29d0a45b0,9107,,,true
P04_BLUE_E_000017,P04,BLUE,E,image_000017.jpg,training/P04/BLUE/E/images/image_000017.jpg,8f50bc75dd28d0d640d2a9a2304f335d8926e280e8cf3119717802532f66d1a9,9535,,,true
P04_BLUE_E_000018,P04,BLUE,E,image_000018.jpg,training/P04/BLUE/E/images/image_000018.jpg,69a3c53eea1404c599604c84eca51e3757d93c751a75cfd6177a765816d80cec,9379,,,true
P04_BLUE_E_000019,P04,BLUE,E,image_000019.jpg,training/P04/BLUE/E/images/image_000019.jpg,f6793793ee4c65a8b6bdfa756b081e7f6a58958d58aed92be320ea55673a0e48,9470,,,true
P04_BLUE_E_000020,P04,BLUE,E,image_000020.jpg,training/P04/BLUE/E/images/image_000020.jpg,6099e61ffaede0b007331eaa8e1583c57d5ca5eb0634aad31a533044a35fb3fe,5559,,,true
P04_BLUE_E_000021,P04,BLUE,E,image_000021.jpg,training/P04/BLUE/E/images/image_000021.jpg,59a72ea45b9cac4f4f1e5a29ae81ee2e7ddd792de1b6a392d5d4ba0958432a31,8886,,,true
P04_BLUE_E_000022,P04,BLUE,E,image_000022.jpg,training/P04/BLUE/E/images/image_000022.jpg,b0cb1e083487589ee7b0b1a0d5f20407f983232a81cf6e64e1d6bdd2bbe1251d,10274,,,true
P04_BLUE_E_000023,P04,BLUE,E,image_000023.jpg,training/P04/BLUE/E/images/image_000023.jpg,2b87f99541bd9a27cd13f5972f488c90dbe540609645d7ba650a335fb78bcf25,10026,,,true
P04_BLUE_E_000024,P04,BLUE,E,image_000024.jpg,training/P04/BLUE/E/images/image_000024.jpg,1fcff4f67cd777b2621a85ae89aff6806473789d512e8a5432636907ee18f865,10099,,,true
P04_BLUE_E_000025,P04,BLUE,E,image_000025.jpg,training/P04/BLUE/E/images/image_000025.jpg,487467044cbbde1bc5a53d68922e8990c0aebb717816eb002257a1edd6c45da5,10317,,,true
P04_BLUE_I_000001,P04,BLUE,I,image_000001.jpg,training/P04/BLUE/I/images/image_000001.jpg,bf09f6a7c46c1fa14826a6cef3cdb000561b6a525ff56a54696ccff16b972eac,10525,,,true
P04_BLUE_I_000002,P04,BLUE,I,image_000002.jpg,training/P04/BLUE/I/images/image_000002.jpg,585865e5cc8c031c1cdfb8c57bc8cd91d10b41fbe56340de65a5707bafa873b0,10973,,,true
P04_BLUE_I_000003,P04,BLUE,I,image_000003.jpg,training/P04/BLUE/I/images/image_000003.jpg,d190f8535e9bd50f07dde2aa2d7d6ec4ec9c35626b3dc3068ef50a4c9fb0a2e0,11048,,,true
P04_BLUE_I_000004,P04,BLUE,I,image_000004.jpg,training/P04/BLUE/I/images/image_000004.jpg,e756d7d22e05058252bd1f19dc225100d19a3b2fdd8ef994e5bc9ed2ea3263ce,10755,,,true
P04_BLUE_I_000005,P04,BLUE,I,image_000005.jpg,training/P04/BLUE/I/images/image_000005.jpg,8125e8c0b438e2a283d3c0eddb286942774507eea5a37adb13a5ae648213f7bc,10679,,,true
P04_BLUE_I_000006,P04,BLUE,I,image_000006.jpg,training/P04/BLUE/I/images/image_000006.jpg,68b61b2bfc4d8f7a736be33c6d27e1da36d0356215b5968bd36e92b46865c03c,10819,,,true
P04_BLUE_I_000007,P04,BLUE,I,image_000007.jpg,training/P04/BLUE/I/images/image_000007.jpg,cef1ae47af4163a6562f2d1ee6932a43d79a3150ac6f744a27c1ba9b89b89010,10722,,,true
P04_BLUE_I_000008,P04,BLUE,I,image_000008.jpg,training/P04/BLUE/I/images/image_000008.jpg,d3d6ee7ba352d719e2426cb14a9e20ab7dda48539c96d74ed75b094b8b39c678,10816,,,true
P04_BLUE_I_000009,P04,BLUE,I,image_000009.jpg,training/P04/BLUE/I/images/image_000009.jpg,6cb2bf584d89fad21873a4c64f46d0595e8b4d56d374ecfaea9e6666afbe24e1,10769,,,true
P04_BLUE_I_000010,P04,BLUE,I,image_000010.jpg,training/P04/BLUE/I/images/image_000010.jpg,089e9f45907c16d0ee7d3b6479b77ad7ab8f9a09d5c688fe8d66bdf90bbb6664,10803,,,true
P04_BLUE_I_000011,P04,BLUE,I,image_000011.jpg,training/P04/BLUE/I/images/image_000011.jpg,e86a87766d45feac6c8e7f733da5a6583c0a0132c19ec667e30cd4df076e9d61,10742,,,true
P04_BLUE_I_000012,P04,BLUE,I,image_000012.jpg,training/P04/BLUE/I/images/image_000012.jpg,f3959820cfd5eab903a608335158faa77fc1d83d47fd66d15c2ae0296252c081,10829,,,true
P04_BLUE_I_000013,P04,BLUE,I,image_000013.jpg,training/P04/BLUE/I/images/image_000013.jpg,965718b8b291cf451a46164645421c39a10fccf16a3bff2ae9a4ee52e17f45c0,10745,,,true
P04_BLUE_I_000014,P04,BLUE,I,image_000014.jpg,training/P04/BLUE/I/images/image_000014.jpg,320e5730182bfabb100c005f421921fe50eecb2c5d53bb1c3625e99e3a6b8f27,10831,,,true
P04_BLUE_I_000015,P04,BLUE,I,image_000015.jpg,training/P04/BLUE/I/images/image_000015.jpg,56e137d18a5c14a6756c65b0141da5125e668933f484e5877ab886446ba269fe,10150,,,true
P04_BLUE_I_000016,P04,BLUE,I,image_000016.jpg,training/P04/BLUE/I/images/image_000016.jpg,b728e4a4e0e692ccd800b7f603bfc26464d3b62ed6fcbda8cd9b7d9ed4ae0659,10240,,,true
P04_BLUE_I_000017,P04,BLUE,I,image_000017.jpg,training/P04/BLUE/I/images/image_000017.jpg,003a3c06a44725f470f3a7f09dd9f94de0e3cc61d6390414a267267da0fecebd,10006,,,true
P04_BLUE_I_000018,P04,BLUE,I,image_000018.jpg,training/P04/BLUE/I/images/image_000018.jpg,57b8799df6bed7ebcc9af14f670cdba0ab4fc060ac1c3eda324407b747e2a2d3,11242,,,true
P04_BLUE_I_000019,P04,BLUE,I,image_000019.jpg,training/P04/BLUE/I/images/image_000019.jpg,47924ee640e9696b2892e3a736dd8a74db1e7ab19afef27d97f327beae4d41e2,11113,,,true
P04_BLUE_I_000020,P04,BLUE,I,image_000020.jpg,training/P04/BLUE/I/images/image_000020.jpg,cf164c978c3290c276d4aefa64bcf880dddfe5db6afde90b5aaf1ad41557ab57,10342,,,true
P04_BLUE_I_000021,P04,BLUE,I,image_000021.jpg,training/P04/BLUE/I/images/image_000021.jpg,0c02cdffb287a0fa96efdb878437032d3b77dbce066ea475546b134a3d40d709,10495,,,true
P04_BLUE_I_000022,P04,BLUE,I,image_000022.jpg,training/P04/BLUE/I/images/image_000022.jpg,aad457e9e69faf4b49147d94d96f0e10638adeedf54bd1400574662124e42977,10694,,,true
P04_BLUE_I_000023,P04,BLUE,I,image_000023.jpg,training/P04/BLUE/I/images/image_000023.jpg,88b9abbd9d4c5dcda681de3b1584ad64a6d03d72ba1b606fbd763bd67a6082c6,11415,,,true
P04_BLUE_I_000024,P04,BLUE,I,image_000024.jpg,training/P04/BLUE/I/images/image_000024.jpg,a37d32bba557675ac2b766dff754f12fdc8847973aeff2ef6885c477a413bc2e,10956,,,true
P04_BLUE_I_000025,P04,BLUE,I,image_000025.jpg,training/P04/BLUE/I/images/image_000025.jpg,fae2909e54280c6fc5b8e14d11fbdbffc28cc331aa837cc8de886d4c104d6758,11031,,,true
P04_BLUE_L_000001,P04,BLUE,L,image_000001.jpg,training/P04/BLUE/L/images/image_000001.jpg,cff99ec65b9ebcfeb58d221034829f3ecbd6ac714498f8e2aa12d0f2d025b826,6969,,,true
P04_BLUE_L_000002,P04,BLUE,L,image_000002.jpg,training/P04/BLUE/L/images/image_000002.jpg,668ac508248c75e30268bcd986fd63df231be49932eb0b02d404c4b8afb09017,10059,,,true
P04_BLUE_L_000003,P04,BLUE,L,image_000003.jpg,training/P04/BLUE/L/images/image_000003.jpg,39f4ac5d377bd95a96f716d222daa7c48d0accd3395c79e2fd92764d6c5b7efd,10394,,,true
P04_BLUE_L_000004,P04,BLUE,L,image_000004.jpg,training/P04/BLUE/L/images/image_000004.jpg,ab515fb903f1f850f0815a0d80d01a666c25cb6382a660bab3c25d66a96c6af4,10750,,,true
P04_BLUE_L_000005,P04,BLUE,L,image_000005.jpg,training/P04/BLUE/L/images/image_000005.jpg,02c30e3e9fe12a932bb1d7317e80aa9541159356a349909577dfb9a9caaefc8e,10296,,,true
P04_BLUE_L_000006,P04,BLUE,L,image_000006.jpg,training/P04/BLUE/L/images/image_000006.jpg,6ab05075021450431b67ccd80977fd0de385b69487c26a3fa9e31a008b374e7c,11403,,,true
P04_BLUE_L_000007,P04,BLUE,L,image_000007.jpg,training/P04/BLUE/L/images/image_000007.jpg,5033e38e0c06da9a80ad62ac655db59d0692a9aec137f4004f104c95bc0adc75,11171,,,true
P04_BLUE_L_000008,P04,BLUE,L,image_000008.jpg,training/P04/BLUE/L/images/image_000008.jpg,7e51d11d615802ee7428ea45ac5e8c20a9882d19c8bfc62e3527400896344436,10895,,,true
P04_BLUE_L_000009,P04,BLUE,L,image_000009.jpg,training/P04/BLUE/L/images/image_000009.jpg,d166147e6c5dbf3b66d73f612b9de141da71811b4741ff7e8412026a39ffe167,11265,,,true
P04_BLUE_L_000010,P04,BLUE,L,image_000010.jpg,training/P04/BLUE/L/images/image_000010.jpg,94d07a0a1344354baa5b808c6ffa95ebf44a0f55f42aa210aadb618e721d89bd,11099,,,true
P04_BLUE_L_000011,P04,BLUE,L,image_000011.jpg,training/P04/BLUE/L/images/image_000011.jpg,8555a43692021252319512a05f122ace587f70aebc62b9ff30810d289628130d,11074,,,true
P04_BLUE_L_000012,P04,BLUE,L,image_000012.jpg,training/P04/BLUE/L/images/image_000012.jpg,d9354f3a827c5774c94a683414079421ef7e575c20336aa060a23f26f84973d1,11144,,,true
P04_BLUE_L_000013,P04,BLUE,L,image_000013.jpg,training/P04/BLUE/L/images/image_000013.jpg,810a6f2dc8e6ac657fb6e13bfe59f1aabb92272058384e2c6180506f2bef85dc,11170,,,true
P04_BLUE_L_000014,P04,BLUE,L,image_000014.jpg,training/P04/BLUE/L/images/image_000014.jpg,125415bd975b9c17e611714f503261effdfef9dfe52978d968bca0d27fdc312a,11193,,,true
P04_BLUE_L_000015,P04,BLUE,L,image_000015.jpg,training/P04/BLUE/L/images/image_000015.jpg,6492c1683c9e9345373d29afc313def5ec1d113a488dc489459fc672206ae98d,9400,,,true
P04_BLUE_L_000016,P04,BLUE,L,image_000016.jpg,training/P04/BLUE/L/images/image_000016.jpg,93c0ef9805e8ff505252e954f5365a67190c9fd151cc8af290595bf072ccc1b2,10665,,,true
P04_BLUE_L_000017,P04,BLUE,L,image_000017.jpg,training/P04/BLUE/L/images/image_000017.jpg,903113a7da6caa16f981947a7ad45077e8e5e9cdc3124c7bfd90770bf457d127,10360,,,true
P04_BLUE_L_000018,P04,BLUE,L,image_000018.jpg,training/P04/BLUE/L/images/image_000018.jpg,f62a1552f16381dba214e1a54130c0afd9f68eedeb1d5dda37396cd81032f028,10447,,,true
P04_BLUE_L_000019,P04,BLUE,L,image_000019.jpg,training/P04/BLUE/L/images/image_000019.jpg,7f3b4b876ef69f66485e3ce561bf7396c0c06288a24cd76bdcb12ed55fe13714,10497,,,true
P04_BLUE_L_000020,P04,BLUE,L,image_000020.jpg,training/P04/BLUE/L/images/image_000020.jpg,47f56ddf8c8e185b7ea38e59e121c4031ed196484ecf2564aa40cdf8fb1a2ecd,10536,,,true
P04_BLUE_L_000021,P04,BLUE,L,image_000021.jpg,training/P04/BLUE/L/images/image_000021.jpg,28e8cab42a36c53ac8263dd1e211c18b959b87a95fbe776ce58e4313b5430f40,10763,,,true
P04_BLUE_L_000022,P04,BLUE,L,image_000022.jpg,training/P04/BLUE/L/images/image_000022.jpg,b7304f64cc174d4840a924dcd9cf92f9f50620ba947296412f75a6f79dc9a038,10790,,,true
P04_BLUE_L_000023,P04,BLUE,L,image_000023.jpg,training/P04/BLUE/L/images/image_000023.jpg,6464d1d05998527db00a0d9f49124cde60503701fc5c5fa7237a72535a04d8dc,10781,,,true
P04_BLUE_L_000024,P04,BLUE,L,image_000024.jpg,training/P04/BLUE/L/images/image_000024.jpg,4934ba7b024576166ea802716262d01ae02612cf92bca0dbe63d7e3fae3f8eb8,10613,,,true
P04_BLUE_L_000025,P04,BLUE,L,image_000025.jpg,training/P04/BLUE/L/images/image_000025.jpg,0a3851090679b590a9bd46f5f16564eee1359a0fd7a829e50d18827225ffa712,10528,,,true
P04_BLUE_M_000001,P04,BLUE,M,image_000001.jpg,training/P04/BLUE/M/images/image_000001.jpg,56fb79836bf54e248019cfeaf8652adda7747ff3f35dfd8d955c945700fc74bd,9815,,,true
P04_BLUE_M_000002,P04,BLUE,M,image_000002.jpg,training/P04/BLUE/M/images/image_000002.jpg,0252862d0392550a632952f9956cc307b0c755b5201f02da143daa7957379f0a,9779,,,true
P04_BLUE_M_000003,P04,BLUE,M,image_000003.jpg,training/P04/BLUE/M/images/image_000003.jpg,65f445d467e40f7fc77209a4033833857d8068da03411a5a423e7b8c1627de08,10010,,,true
P04_BLUE_M_000004,P04,BLUE,M,image_000004.jpg,training/P04/BLUE/M/images/image_000004.jpg,cb6104a5a433c6798a8a54cfbd53f4e6b9678d76dac8e0b55f6ab3a64c5697be,10031,,,true
P04_BLUE_M_000005,P04,BLUE,M,image_000005.jpg,training/P04/BLUE/M/images/image_000005.jpg,8e07170b99a852a6eea473fd909c9f32b3a4e650805a22466c2f35aab1c49d17,9389,,,true
P04_BLUE_M_000006,P04,BLUE,M,image_000006.jpg,training/P04/BLUE/M/images/image_000006.jpg,2d15e30fc9ee955f942b09549def3045a566f6bc84901d9d24605929e8d8f00e,9372,,,true
P04_BLUE_M_000007,P04,BLUE,M,image_000007.jpg,training/P04/BLUE/M/images/image_000007.jpg,8728ebd98254f2b029ff986c2e8c737278dbf5792e43aa7c4176697e34951e89,9298,,,true
P04_BLUE_M_000008,P04,BLUE,M,image_000008.jpg,training/P04/BLUE/M/images/image_000008.jpg,8da3a67b944e906cdb0a373e69adf14640ca6786402f83cb56e3b512fad9c3b8,8579,,,true
P04_BLUE_M_000009,P04,BLUE,M,image_000009.jpg,training/P04/BLUE/M/images/image_000009.jpg,b3509007e01eca620b9a2d873f7d8b4b42798d8f7b4a67f66459c891d6a68f61,8293,,,true
P04_BLUE_M_000010,P04,BLUE,M,image_000010.jpg,training/P04/BLUE/M/images/image_000010.jpg,1f43ef029964e6f798726fd53e5d1929f5b8e55c69e21a4b72968b048a1e30f3,8056,,,true
P04_BLUE_M_000011,P04,BLUE,M,image_000011.jpg,training/P04/BLUE/M/images/image_000011.jpg,163966826141f3d9a8b59b3c62eebb0b3fd07296dc69c243199aa7fb65e46a4c,9128,,,true
P04_BLUE_M_000012,P04,BLUE,M,image_000012.jpg,training/P04/BLUE/M/images/image_000012.jpg,ff06a70c4365f227a7a7495bd552c7a03c4bcae25ee312a07767462e6e8f5d50,8748,,,true
P04_BLUE_M_000013,P04,BLUE,M,image_000013.jpg,training/P04/BLUE/M/images/image_000013.jpg,73d7c1f638bc7339e9e23eb86dda8ae8e3c5907c498a194fdcefad8db1b33dde,8774,,,true
P04_BLUE_M_000014,P04,BLUE,M,image_000014.jpg,training/P04/BLUE/M/images/image_000014.jpg,6223003711605a36efcbb56be3208ce96968f8aafdc7673e089a1e8815095d91,8726,,,true
P04_BLUE_M_000015,P04,BLUE,M,image_000015.jpg,training/P04/BLUE/M/images/image_000015.jpg,5bb734419c60d4e22866fa6d291f80017ecdfcf20b0a6362b8251990b57ecdd0,8813,,,true
P04_BLUE_M_000016,P04,BLUE,M,image_000016.jpg,training/P04/BLUE/M/images/image_000016.jpg,d9862c27d80a5cec3f9cb6861d7fa484c4cfe434ce0b6bdaa146d82a912066f3,8824,,,true
P04_BLUE_M_000017,P04,BLUE,M,image_000017.jpg,training/P04/BLUE/M/images/image_000017.jpg,cf97bad4b77205ff8e7dea275aacfa420feb00ff591de1f0562ad80c7a52c3bd,9409,,,true
P04_BLUE_M_000018,P04,BLUE,M,image_000018.jpg,training/P04/BLUE/M/images/image_000018.jpg,a7d614370ce0969f0969bec372dbc837912b87ff7e8e6ae05e44e8f57e0ee0bc,9121,,,true
P04_BLUE_M_000019,P04,BLUE,M,image_000019.jpg,training/P04/BLUE/M/images/image_000019.jpg,b6fca217919772e968e133b08766a420e27793c8f3b1ba10801b2b473947a0d3,9175,,,true
P04_BLUE_M_000020,P04,BLUE,M,image_000020.jpg,training/P04/BLUE/M/images/image_000020.jpg,6c48e46969f024f5ece3a5f684949ccf6c9760d3c2b43df99b813443b34dc602,9150,,,true
P04_BLUE_M_000021,P04,BLUE,M,image_000021.jpg,training/P04/BLUE/M/images/image_000021.jpg,6c75a38ff42e83fc0bf27f82d6ef4ce39322778fc0f07b2e3eaca6ba9c36bc8f,9285,,,true
P04_BLUE_M_000022,P04,BLUE,M,image_000022.jpg,training/P04/BLUE/M/images/image_000022.jpg,0ba4fa47122282c372d8d1b0852e39bbb9fe6727e9a9229de71a14c52faa0f88,9333,,,true
P04_BLUE_M_000023,P04,BLUE,M,image_000023.jpg,training/P04/BLUE/M/images/image_000023.jpg,0ac507aea6ab66c9ccc5c7cc10b5e5f674e7b77bf45cb0db264075a7dccac87f,8889,,,true
P04_BLUE_M_000024,P04,BLUE,M,image_000024.jpg,training/P04/BLUE/M/images/image_000024.jpg,0fedd5f09fc0ed3b3b02dcab8d66311c478e49d805b811d200645ccbddb5846b,8888,,,true
P04_BLUE_M_000025,P04,BLUE,M,image_000025.jpg,training/P04/BLUE/M/images/image_000025.jpg,1f7c518d133468a5e3ad679c7fea433e21a1714596472b9cd899f76cb66b538b,8571,,,true
P04_BLUE_N_000001,P04,BLUE,N,image_000001.jpg,training/P04/BLUE/N/images/image_000001.jpg,ff19a209c985d6db5db46802328d63c02a9d6865171ab530110662a2390a30b5,5597,,,true
P04_BLUE_N_000002,P04,BLUE,N,image_000002.jpg,training/P04/BLUE/N/images/image_000002.jpg,077209b2c8ade6615681b2ee181248748025161c2c1c378b1c8f808bc3edb348,4997,,,true
P04_BLUE_N_000003,P04,BLUE,N,image_000003.jpg,training/P04/BLUE/N/images/image_000003.jpg,8af5e6a2f74009dd64965592f642d1fdb626b36451a52b9183af26f0d4c021a6,9694,,,true
P04_BLUE_N_000004,P04,BLUE,N,image_000004.jpg,training/P04/BLUE/N/images/image_000004.jpg,abed516c35c58cf526a9fa84e345a1c30095020a2eb983c5fac8d4e539dbfe1b,9853,,,true
P04_BLUE_N_000005,P04,BLUE,N,image_000005.jpg,training/P04/BLUE/N/images/image_000005.jpg,f20d37939e2f8fa91deb22c6a591f09f00cdb3a8dcf4ae41f79825a351f35e2d,9638,,,true
P04_BLUE_N_000006,P04,BLUE,N,image_000006.jpg,training/P04/BLUE/N/images/image_000006.jpg,094397b46626e80fa51aabb857d2b540609be5621f427952b4666f566cf47d88,9761,,,true
P04_BLUE_N_000007,P04,BLUE,N,image_000007.jpg,training/P04/BLUE/N/images/image_000007.jpg,e00a1d5874d442335d83b8261dc29c6c33b95cd461c1d1c8cc0851c3e3a21569,8660,,,true
P04_BLUE_N_000008,P04,BLUE,N,image_000008.jpg,training/P04/BLUE/N/images/image_000008.jpg,5abcddfd9ae645f483d2ebba1cde49fe7bc71e4a76325565949a331f28117bb4,8188,,,true
P04_BLUE_N_000009,P04,BLUE,N,image_000009.jpg,training/P04/BLUE/N/images/image_000009.jpg,a0fcdfab34e6f216ba5edfc5edaafc7cb9c967f7afb907a649e049b87bfe8727,9085,,,true
P04_BLUE_N_000010,P04,BLUE,N,image_000010.jpg,training/P04/BLUE/N/images/image_000010.jpg,713c493c4085f726e0d3c8ff845089207785fc770fbc8ece804cc8586d6fb44f,8494,,,true
P04_BLUE_N_000011,P04,BLUE,N,image_000011.jpg,training/P04/BLUE/N/images/image_000011.jpg,beb4f77ab787e71d299f3b8e380990179e29e4063859d208d65f329536b2a60c,8512,,,true
P04_BLUE_N_000012,P04,BLUE,N,image_000012.jpg,training/P04/BLUE/N/images/image_000012.jpg,fe04b555ed09d0d5433175c45f5f97fcd2e0e0bd9046d8e8e1e15182493b4174,8702,,,true
P04_BLUE_N_000013,P04,BLUE,N,image_000013.jpg,training/P04/BLUE/N/images/image_000013.jpg,899bddf7698be96ddab60282366f7dec5f37f821d1b6123127fbf7bfd2279139,8718,,,true
P04_BLUE_N_000014,P04,BLUE,N,image_000014.jpg,training/P04/BLUE/N/images/image_000014.jpg,1931e08ada8b263a6e7bcbe0ab87b3a9ee4db789d626d700c50ff7150472486a,8573,,,true
P04_BLUE_N_000015,P04,BLUE,N,image_000015.jpg,training/P04/BLUE/N/images/image_000015.jpg,fc71057d831bc8b70bb6f05ecd61b528331006f09906ca1f42faf9f3d568ac4e,9062,,,true
P04_BLUE_N_000016,P04,BLUE,N,image_000016.jpg,training/P04/BLUE/N/images/image_000016.jpg,a74d2fc0942f40b944fae4c6475f4db88c51345b1d5595ad2d923c6b77644d40,8978,,,true
P04_BLUE_N_000017,P04,BLUE,N,image_000017.jpg,training/P04/BLUE/N/images/image_000017.jpg,ceccd1e56d3a812db07d052ff69119e3fc8863702c60ae576dceffc0e7179326,9533,,,true
P04_BLUE_N_000018,P04,BLUE,N,image_000018.jpg,training/P04/BLUE/N/images/image_000018.jpg,aed79edbcb9893c6a5ba8461f70ad216081b0ea64a7b92d87be2255d32572774,8586,,,true
P04_BLUE_N_000019,P04,BLUE,N,image_000019.jpg,training/P04/BLUE/N/images/image_000019.jpg,4323d850ab5e2015b5c1f1d60f1e2c95ce07c62cfe38f87efeb98d396fe0fcef,8542,,,true
P04_BLUE_N_000020,P04,BLUE,N,image_000020.jpg,training/P04/BLUE/N/images/image_000020.jpg,610012b0d30c79af450d7fe26cf8b87d3090b880f6721e6bf21a1c20774953b3,8959,,,true
P04_BLUE_N_000021,P04,BLUE,N,image_000021.jpg,training/P04/BLUE/N/images/image_000021.jpg,293640fb18fda9e3d03f76646c7b1929d4aa2f516f0bfb37ed2a36feebc15f1d,9034,,,true
P04_BLUE_N_000022,P04,BLUE,N,image_000022.jpg,training/P04/BLUE/N/images/image_000022.jpg,7da193b6b7cc602b58ac9c6bf0258b0f1c0fbf327cd38cf670609caf2a9c93ea,9267,,,true
P04_BLUE_N_000023,P04,BLUE,N,image_000023.jpg,training/P04/BLUE/N/images/image_000023.jpg,af3e9df173ca0aab6ae6fe22e127647f2488d8f68001938deb24c3b636ca2d68,9184,,,true
P04_BLUE_N_000024,P04,BLUE,N,image_000024.jpg,training/P04/BLUE/N/images/image_000024.jpg,406833921dfa3494fd20696f41d04fe6f7c3056ee45cdd69504018b3624c15ac,8931,,,true
P04_BLUE_N_000025,P04,BLUE,N,image_000025.jpg,training/P04/BLUE/N/images/image_000025.jpg,8b763bcd75f82f704d4f8308fcb24ace2e18c81a007a27387662011a33f4ddb9,9281,,,true
P04_BLUE_O_000001,P04,BLUE,O,image_000001.jpg,training/P04/BLUE/O/images/image_000001.jpg,1431a388ce2408c29c04c9d90102adb1907b09cd7dd91708537de50855295b79,5364,,,true
P04_BLUE_O_000002,P04,BLUE,O,image_000002.jpg,training/P04/BLUE/O/images/image_000002.jpg,31199fd03afb5aa01a09fb0aad85e831075e85a7c525d12de9a00978777c2b4b,9271,,,true
P04_BLUE_O_000003,P04,BLUE,O,image_000003.jpg,training/P04/BLUE/O/images/image_000003.jpg,1f192dce1457ecc64541b76b54688c95d426e08fe0e3188924bf7689e852f084,9765,,,true
P04_BLUE_O_000004,P04,BLUE,O,image_000004.jpg,training/P04/BLUE/O/images/image_000004.jpg,94ee97c5bef273b585866fe12a0051005b33a30f6b5160c0535f96c28415fc74,9360,,,true
P04_BLUE_O_000005,P04,BLUE,O,image_000005.jpg,training/P04/BLUE/O/images/image_000005.jpg,d3167f46fa65704d05776900cc64996d7fc30dc04926e68c234e5c21de4ed9aa,9457,,,true
P04_BLUE_O_000006,P04,BLUE,O,image_000006.jpg,training/P04/BLUE/O/images/image_000006.jpg,2c0dff3e9297ea8068bab3b5a56ebf9d71585681b7cc4933a42f66f9b50d29e9,9215,,,true
P04_BLUE_O_000007,P04,BLUE,O,image_000007.jpg,training/P04/BLUE/O/images/image_000007.jpg,266e8f16b591127c3f61e905e17f2486dab351ba673c31d10f17b7d6fd48d0dc,9484,,,true
P04_BLUE_O_000008,P04,BLUE,O,image_000008.jpg,training/P04/BLUE/O/images/image_000008.jpg,a343ab8ca9cdcb7c4b0373224a3fa7023e3219f2ebf11de0064204af77bb7049,9492,,,true
P04_BLUE_O_000009,P04,BLUE,O,image_000009.jpg,training/P04/BLUE/O/images/image_000009.jpg,b0a2575dc7345ede34130b92a9aaeb1656dc2b186300496a8f42341d05807b6a,9515,,,true
P04_BLUE_O_000010,P04,BLUE,O,image_000010.jpg,training/P04/BLUE/O/images/image_000010.jpg,b12f247fc6e525a2afdf7ad7018b899afaf2d483f8760c457c816a1655962f5f,9574,,,true
P04_BLUE_O_000011,P04,BLUE,O,image_000011.jpg,training/P04/BLUE/O/images/image_000011.jpg,2504e7b7dfcb05c6992fb7c60a6781744e52ea7e5e852fa1f5d183ad5c7debdc,9155,,,true
P04_BLUE_O_000012,P04,BLUE,O,image_000012.jpg,training/P04/BLUE/O/images/image_000012.jpg,1a2c9a07bdf1390fa5fb2ee22c219b2b75b255fb4b7ceb989f73f96861571f3f,9291,,,true
P04_BLUE_O_000013,P04,BLUE,O,image_000013.jpg,training/P04/BLUE/O/images/image_000013.jpg,08e282e5f0dd64032b798275bd9a42e5a8d50ca3c3976901cc6ed20eb0888d3b,8978,,,true
P04_BLUE_O_000014,P04,BLUE,O,image_000014.jpg,training/P04/BLUE/O/images/image_000014.jpg,c9b83f7db661bf5a1d6cecfb3d745204cbbc072beeb529a743e447fb676e3a09,9492,,,true
P04_BLUE_O_000015,P04,BLUE,O,image_000015.jpg,training/P04/BLUE/O/images/image_000015.jpg,56ba2bf99bf5d4c2cb11c5f02339bf1e0a8b16d5515b3c3de87db76e85e8cd7c,9527,,,true
P04_BLUE_O_000016,P04,BLUE,O,image_000016.jpg,training/P04/BLUE/O/images/image_000016.jpg,93d03fb97c6d2108ca6b54fb7d2c2db7b2b478c66ca32b2cf434aa914bfc8f03,8926,,,true
P04_BLUE_O_000017,P04,BLUE,O,image_000017.jpg,training/P04/BLUE/O/images/image_000017.jpg,da62c107a415be16c4dab65e2c2ea82b1e7deb4d0909990c0d119285333ae74c,9246,,,true
P04_BLUE_O_000018,P04,BLUE,O,image_000018.jpg,training/P04/BLUE/O/images/image_000018.jpg,fe7c7b408b07838c74472b02b1f8f61794c705e2cd727a08476ab6b3b1be3946,9791,,,true
P04_BLUE_O_000019,P04,BLUE,O,image_000019.jpg,training/P04/BLUE/O/images/image_000019.jpg,06470d0d1d45bf8610d0ca68c4cf0ccee44c9944b6337f692b2b6745ffb6226e,10100,,,true
P04_BLUE_O_000020,P04,BLUE,O,image_000020.jpg,training/P04/BLUE/O/images/image_000020.jpg,cd7ff1cf52e3b470c103aeda5082775812141ee97cc9699ae7569264ac1ca595,10281,,,true
P04_BLUE_O_000021,P04,BLUE,O,image_000021.jpg,training/P04/BLUE/O/images/image_000021.jpg,3314dfe24ca71808c3aabbdb82b3f356737ea9714710ac8e8531c5c1c9b9d2dc,8612,,,true
P04_BLUE_O_000022,P04,BLUE,O,image_000022.jpg,training/P04/BLUE/O/images/image_000022.jpg,3875e1a791062bf0be1a760d88e1f6ec041ff8d4f7cad9730e66547914bbec72,9058,,,true
P04_BLUE_O_000023,P04,BLUE,O,image_000023.jpg,training/P04/BLUE/O/images/image_000023.jpg,35f1192b1186b7cb9608b5a356ad2ebb11fcfa45045f8181edbae3305edcb8a3,9635,,,true
P04_BLUE_O_000024,P04,BLUE,O,image_000024.jpg,training/P04/BLUE/O/images/image_000024.jpg,4360e6e1ab0906eef445a75fdadde4fc9dc4fe41f2a9b5ce8ed11d59f7111530,9896,,,true
P04_BLUE_O_000025,P04,BLUE,O,image_000025.jpg,training/P04/BLUE/O/images/image_000025.jpg,b0e5a0695bbecbed030edd0f86f1f0677d95baaafa7bf145de9d5cf8a9e268d7,9690,,,true
P04_BLUE_P_000001,P04,BLUE,P,image_000001.jpg,training/P04/BLUE/P/images/image_000001.jpg,1c0043c0896e5580ff9cc58dc877bdcaa4f5a56f7b751a981f89b5404c994e3e,5362,,,true
P04_BLUE_P_000002,P04,BLUE,P,image_000002.jpg,training/P04/BLUE/P/images/image_000002.jpg,4e3f4319ffe02cfc1550e943358d02f783dbab9eba7c666bff75a1e4dc7163b6,6335,,,true
P04_BLUE_P_000003,P04,BLUE,P,image_000003.jpg,training/P04/BLUE/P/images/image_000003.jpg,d0e8a0202748eaf3832e226742aa9f91e617f39ff6383431de87e715dc8227de,8474,,,true
P04_BLUE_P_000004,P04,BLUE,P,image_000004.jpg,training/P04/BLUE/P/images/image_000004.jpg,5eadd7374fb438589963c4f55dae8da7af312e23539aa3d6df7c0e8d32791333,9281,,,true
P04_BLUE_P_000005,P04,BLUE,P,image_000005.jpg,training/P04/BLUE/P/images/image_000005.jpg,8a305ac1c7a581aa8d0c09669a9115dda0d063fb2dfdbb154b8a887713924544,9093,,,true
P04_BLUE_P_000006,P04,BLUE,P,image_000006.jpg,training/P04/BLUE/P/images/image_000006.jpg,aba5917ea9dabd4714c90114f7ea9eead85955b0a99f0d2373b8beacd0fc22f2,8751,,,true
P04_BLUE_P_000007,P04,BLUE,P,image_000007.jpg,training/P04/BLUE/P/images/image_000007.jpg,6b1ad1a8cade498d32c2722b8d5758d8607b39a200c144c4f431c354f7543f12,8743,,,true
P04_BLUE_P_000008,P04,BLUE,P,image_000008.jpg,training/P04/BLUE/P/images/image_000008.jpg,f5876aa4f9eba14021849620318e58b2a50836c59efb5a9ea9b61862fe5253b5,9791,,,true
P04_BLUE_P_000009,P04,BLUE,P,image_000009.jpg,training/P04/BLUE/P/images/image_000009.jpg,b12808e44d2d6057f7f202ab1193eb0d8a986d1e9f45cdfab94bfd46f6b6b650,9441,,,true
P04_BLUE_P_000010,P04,BLUE,P,image_000010.jpg,training/P04/BLUE/P/images/image_000010.jpg,423e2871b5bb0bd4edf070abfd133cd372516dda62b36087a7837a4b3c8fa10e,9742,,,true
P04_BLUE_P_000011,P04,BLUE,P,image_000011.jpg,training/P04/BLUE/P/images/image_000011.jpg,a7f7b0c35188bedc35daf5e3f8359d8cd4a020434a9f1f0dc9eaea01e6fdd552,9426,,,true
P04_BLUE_P_000012,P04,BLUE,P,image_000012.jpg,training/P04/BLUE/P/images/image_000012.jpg,42b8f14c407ceee0af6c955e50ccde487230832a70acd519beb8b57531c106ec,9615,,,true
P04_BLUE_P_000013,P04,BLUE,P,image_000013.jpg,training/P04/BLUE/P/images/image_000013.jpg,bcf1c3f5c7225e930b19430ceb026290c5e06080ab71bc81021a37404a391fe4,9644,,,true
P04_BLUE_P_000014,P04,BLUE,P,image_000014.jpg,training/P04/BLUE/P/images/image_000014.jpg,dc838e6a020b165b17b004a6332f5c4b61a37e4c1af678e10e8332bd9cbeda75,9558,,,true
P04_BLUE_P_000015,P04,BLUE,P,image_000015.jpg,training/P04/BLUE/P/images/image_000015.jpg,6e8263794b60400f257dbe5764b9c68d8d08893e4067cd3fa63a2b0c6dcddb00,9539,,,true
P04_BLUE_P_000016,P04,BLUE,P,image_000016.jpg,training/P04/BLUE/P/images/image_000016.jpg,a6f81f98596783aa74008c7df62f007519a74aa1bec55e3298215c33f6f074eb,9610,,,true
P04_BLUE_P_000017,P04,BLUE,P,image_000017.jpg,training/P04/BLUE/P/images/image_000017.jpg,a4d1dc5892b77854660c16f142236dcf172a00a76332de2fc7c3f2314fb6e452,9062,,,true
P04_BLUE_P_000018,P04,BLUE,P,image_000018.jpg,training/P04/BLUE/P/images/image_000018.jpg,fde6441c3c78459155397b68b737dadba609fd99a23797f09728bc59af479a65,9453,,,true
P04_BLUE_P_000019,P04,BLUE,P,image_000019.jpg,training/P04/BLUE/P/images/image_000019.jpg,fb980683900f1bcf30a929b5de867b8cd604ca6f823378190405f6f0809f779a,10256,,,true
P04_BLUE_P_000020,P04,BLUE,P,image_000020.jpg,training/P04/BLUE/P/images/image_000020.jpg,182de8305d31a79f69d380632a5b9b3b43f21bb7072b558a347eb720c44fd693,10728,,,true
P04_BLUE_P_000021,P04,BLUE,P,image_000021.jpg,training/P04/BLUE/P/images/image_000021.jpg,177ce9443cda0d390be41237f4c62de172573130fe44290a2159802be5cd7f60,10743,,,true
P04_BLUE_P_000022,P04,BLUE,P,image_000022.jpg,training/P04/BLUE/P/images/image_000022.jpg,da7e091532c14ae2429c6099acc65bb5e2a7caf295892d6a1ce8e9cdb79777f4,10565,,,true
P04_BLUE_P_000023,P04,BLUE,P,image_000023.jpg,training/P04/BLUE/P/images/image_000023.jpg,30dfd30cbf8a675357a27ef482e29f7abc28e3980a75596f08f43e7bb48cfb7c,11082,,,true
P04_BLUE_P_000024,P04,BLUE,P,image_000024.jpg,training/P04/BLUE/P/images/image_000024.jpg,6a56f0718228f0be2172c92d1aba41958fa8c77ccdf31d198bc66a0b36c88de2,10557,,,true
P04_BLUE_P_000025,P04,BLUE,P,image_000025.jpg,training/P04/BLUE/P/images/image_000025.jpg,f40eb83410f351e9e3592e411fb566a9da6bb3f34ad00880baf0c69e7bcd446d,10719,,,true
P04_BLUE_R_000001,P04,BLUE,R,image_000001.jpg,training/P04/BLUE/R/images/image_000001.jpg,a71b302db1a3ae7014d298bbd2da12f4a456b677b4667e22e2831b15f0cfe065,5528,,,true
P04_BLUE_R_000002,P04,BLUE,R,image_000002.jpg,training/P04/BLUE/R/images/image_000002.jpg,72eb14bba7cbf8643abc74ce972e16863fb80104ff4baa41e23706429655f938,6049,,,true
P04_BLUE_R_000003,P04,BLUE,R,image_000003.jpg,training/P04/BLUE/R/images/image_000003.jpg,6ecd3129c579e427f1b1797d73a035cbbce0a3254573f25f0a3d22c72d571971,4887,,,true
P04_BLUE_R_000004,P04,BLUE,R,image_000004.jpg,training/P04/BLUE/R/images/image_000004.jpg,c79181526e8b5256ef157b546de8c20060f32459b332654243765495fba80e5d,8721,,,true
P04_BLUE_R_000005,P04,BLUE,R,image_000005.jpg,training/P04/BLUE/R/images/image_000005.jpg,2ad70504f53436e5b3e5003fa305a875790045dd5735b6fa4cb925eb4b6f32dd,9403,,,true
P04_BLUE_R_000006,P04,BLUE,R,image_000006.jpg,training/P04/BLUE/R/images/image_000006.jpg,267a1a28674386c0c2852b1b4c621d579df3a1f370915fd186bd0b76c73eadd3,8893,,,true
P04_BLUE_R_000007,P04,BLUE,R,image_000007.jpg,training/P04/BLUE/R/images/image_000007.jpg,2bca8b4ece2e66cc1ab66c83296e5a88e1cd85a62beadbc7126f8918b942a127,9147,,,true
P04_BLUE_R_000008,P04,BLUE,R,image_000008.jpg,training/P04/BLUE/R/images/image_000008.jpg,dd5954893ce3b74dbd607a0353bec2d7495a5384d40523a7367af1bcb2aa5a5c,8944,,,true
P04_BLUE_R_000009,P04,BLUE,R,image_000009.jpg,training/P04/BLUE/R/images/image_000009.jpg,b81e45cd1c8ba7f77fcdb83192293c852ff439b8d98717a25e044d721ad94c0f,8897,,,true
P04_BLUE_R_000010,P04,BLUE,R,image_000010.jpg,training/P04/BLUE/R/images/image_000010.jpg,8223f5bef6a2932056175fd15efe7a3fd672b062e5673d70671406e4ea2cf029,9046,,,true
P04_BLUE_R_000011,P04,BLUE,R,image_000011.jpg,training/P04/BLUE/R/images/image_000011.jpg,085a040bd62d4041d85957d567131b560c5c0638c3c1b76df686c47ad2d52fae,9601,,,true
P04_BLUE_R_000012,P04,BLUE,R,image_000012.jpg,training/P04/BLUE/R/images/image_000012.jpg,d1ab1ff3567cf0427d76dd019b8c54b6b6ac0482f1855c302cbcd2d867831d07,8878,,,true
P04_BLUE_R_000013,P04,BLUE,R,image_000013.jpg,training/P04/BLUE/R/images/image_000013.jpg,8f9ca931d5285c6212fc4d697f1a7051edbddbf13f6ddc60dd8996d52db3f72d,9302,,,true
P04_BLUE_R_000014,P04,BLUE,R,image_000014.jpg,training/P04/BLUE/R/images/image_000014.jpg,8029de568358394b11211659b5355ef06fdefcca08cd380024f580949e1bb3a6,9534,,,true
P04_BLUE_R_000015,P04,BLUE,R,image_000015.jpg,training/P04/BLUE/R/images/image_000015.jpg,24fc5ac79a540470ec835d3525bbdd073591025c7c05b940d0e34801ca260e0c,9521,,,true
P04_BLUE_R_000016,P04,BLUE,R,image_000016.jpg,training/P04/BLUE/R/images/image_000016.jpg,93b84b90f5ee3b87140ce51e66f914f63cd9af006ef1b9e1b6c36ba529103495,9381,,,true
P04_BLUE_R_000017,P04,BLUE,R,image_000017.jpg,training/P04/BLUE/R/images/image_000017.jpg,6b70c07aa965863722d4e56d2b03bb139dbf12dc02ac3dc552160861bd1fa71f,9434,,,true
P04_BLUE_R_000018,P04,BLUE,R,image_000018.jpg,training/P04/BLUE/R/images/image_000018.jpg,61ad2372e8f3991102d299ceeb3fba3b2c448d80f49e81022f719969f7ed0b6a,9356,,,true
P04_BLUE_R_000019,P04,BLUE,R,image_000019.jpg,training/P04/BLUE/R/images/image_000019.jpg,93c0bfbc08d797139e82a9660a6383f4400b92ba63f56da15c6966819dc39650,9218,,,true
P04_BLUE_R_000020,P04,BLUE,R,image_000020.jpg,training/P04/BLUE/R/images/image_000020.jpg,35460fcfa4dde274f70b7910ab9e3a5595ea2b3c07e449d59f0184a0d5bad70e,9266,,,true
P04_BLUE_R_000021,P04,BLUE,R,image_000021.jpg,training/P04/BLUE/R/images/image_000021.jpg,718dd27855465de4ff3cb3d64e39ad824a4083994db0059b7b28887e5ff63d9b,9765,,,true
P04_BLUE_R_000022,P04,BLUE,R,image_000022.jpg,training/P04/BLUE/R/images/image_000022.jpg,b57dea74d373c1626da4cc001b0f2d8dbe30e3d63beff1003fafdb072dcb116a,9763,,,true
P04_BLUE_R_000023,P04,BLUE,R,image_000023.jpg,training/P04/BLUE/R/images/image_000023.jpg,20b902a9aead6694acf94cd7c5bec268d337ea56fec925a42a5869e88c23842e,9678,,,true
P04_BLUE_R_000024,P04,BLUE,R,image_000024.jpg,training/P04/BLUE/R/images/image_000024.jpg,5834f30dfc65d21d0f45dd2cf2a19f53d38f2bd6339e9eb934fc7877a31695c4,5703,,,true
P04_BLUE_R_000025,P04,BLUE,R,image_000025.jpg,training/P04/BLUE/R/images/image_000025.jpg,92b02c56447c969a55659827307f6985d705fcd24d73cbcd1fc0679581dc2069,5602,,,true
P04_BLUE_S_000001,P04,BLUE,S,image_000001.jpg,training/P04/BLUE/S/images/image_000001.jpg,48a4986a31d15b918dc2b56bdeb9830c62ad0457f1293179d00d0ef8105e02e8,6325,,,true
P04_BLUE_S_000002,P04,BLUE,S,image_000002.jpg,training/P04/BLUE/S/images/image_000002.jpg,d1d20e12f209e36fdb1396f06e63d1e142e950f8e4d2612fa99c6f1dfb5e6bda,6478,,,true
P04_BLUE_S_000003,P04,BLUE,S,image_000003.jpg,training/P04/BLUE/S/images/image_000003.jpg,73d3f411288a4e28f189faa5560bf45dbe923173220dd8d8d83e445afb3314b9,10613,,,true
P04_BLUE_S_000004,P04,BLUE,S,image_000004.jpg,training/P04/BLUE/S/images/image_000004.jpg,42b342b0debb1c2ec76d78cddd0055e92dde624bacd161a4c59844e4b6604d6c,11115,,,true
P04_BLUE_S_000005,P04,BLUE,S,image_000005.jpg,training/P04/BLUE/S/images/image_000005.jpg,68bf87a054aebdacd2f1029e87521d6b3b27422af71244083c2771d3119e868f,10917,,,true
P04_BLUE_S_000006,P04,BLUE,S,image_000006.jpg,training/P04/BLUE/S/images/image_000006.jpg,60b46308eec70bb3c3557f08bc73045c6ec06f8961e8b5294c37f5a0e9b8e29b,10793,,,true
P04_BLUE_S_000007,P04,BLUE,S,image_000007.jpg,training/P04/BLUE/S/images/image_000007.jpg,0f941e6613ca9c5dd69130012cf1c46a870be5812c1a356e4c100fb7c5dc1e2b,10424,,,true
P04_BLUE_S_000008,P04,BLUE,S,image_000008.jpg,training/P04/BLUE/S/images/image_000008.jpg,36a241ef126283f094960e4bbc1ccb871b3d44ad1cacac8fbd12820870b30130,11426,,,true
P04_BLUE_S_000009,P04,BLUE,S,image_000009.jpg,training/P04/BLUE/S/images/image_000009.jpg,ce1b6a965a2dcb449cd81e3721166fe96a55784453ae5b915c2ee475eb05a06f,11381,,,true
P04_BLUE_S_000010,P04,BLUE,S,image_000010.jpg,training/P04/BLUE/S/images/image_000010.jpg,93dc69cb0597f7f3e7914e4dc21f375bc7ed7fee8cb8a3e4d44d2e96a1d67a44,11468,,,true
P04_BLUE_S_000011,P04,BLUE,S,image_000011.jpg,training/P04/BLUE/S/images/image_000011.jpg,60183eca9a8f822b4bd05408a9909c2db725e6038d3f2c29d1ed1f98dadacce0,11235,,,true
P04_BLUE_S_000012,P04,BLUE,S,image_000012.jpg,training/P04/BLUE/S/images/image_000012.jpg,9c40d5aa50238367e98e5375c1e7f6e43eba71442ea47c7ff20173747f44e3f3,11361,,,true
P04_BLUE_S_000013,P04,BLUE,S,image_000013.jpg,training/P04/BLUE/S/images/image_000013.jpg,ee081129d82f705a873347228f8ccaf798508cec5155533201dc4b6fef06fae7,10641,,,true
P04_BLUE_S_000014,P04,BLUE,S,image_000014.jpg,training/P04/BLUE/S/images/image_000014.jpg,9f219e55c684ac84b0725cf6104842e8f8a8dedcb7d25838b4ceff15702ab710,11133,,,true
P04_BLUE_S_000015,P04,BLUE,S,image_000015.jpg,training/P04/BLUE/S/images/image_000015.jpg,d4648ce79004babcf579c0f2fc7707213a75ec25da435310ccd8dfc9bd1d6201,11046,,,true
P04_BLUE_S_000016,P04,BLUE,S,image_000016.jpg,training/P04/BLUE/S/images/image_000016.jpg,1e9b9d704805117cc40bd0ff81d7a34185a9a3c1357b7645b6f9691bdb2be1b4,11041,,,true
P04_BLUE_S_000017,P04,BLUE,S,image_000017.jpg,training/P04/BLUE/S/images/image_000017.jpg,7a75cafe399e11751a846a25bde017872c78dbaed0b2708590f880e203b4f6dd,11542,,,true
P04_BLUE_S_000018,P04,BLUE,S,image_000018.jpg,training/P04/BLUE/S/images/image_000018.jpg,fb9655fee0d76cb6e7e8abb1375f5ded261caee81a9a02e9d2fd947d0c9c52ee,11172,,,true
P04_BLUE_S_000019,P04,BLUE,S,image_000019.jpg,training/P04/BLUE/S/images/image_000019.jpg,33aa6522c9c1faa5e2e81eb084be674a764e26427fb945bc171c8501218ce9e7,11355,,,true
P04_BLUE_S_000020,P04,BLUE,S,image_000020.jpg,training/P04/BLUE/S/images/image_000020.jpg,3c965c7c1b29a7b5407775c035b79fbc330322fcf5ecaf81965e785ce1f87b1a,11361,,,true
P04_BLUE_S_000021,P04,BLUE,S,image_000021.jpg,training/P04/BLUE/S/images/image_000021.jpg,a90fa507fecdd0a8190827db0114c84eb4133860a4c98c1910ab6053320ab189,11417,,,true
P04_BLUE_S_000022,P04,BLUE,S,image_000022.jpg,training/P04/BLUE/S/images/image_000022.jpg,bb54ad76fbe455cdf28c174994489b4523412e1a2030e33e85e450dba83e4b82,11352,,,true
P04_BLUE_S_000023,P04,BLUE,S,image_000023.jpg,training/P04/BLUE/S/images/image_000023.jpg,2ad80fab776c7d6df7f75119201e5da080aaaa1da4371a4fbcfe1e795eab140e,11347,,,true
P04_BLUE_S_000024,P04,BLUE,S,image_000024.jpg,training/P04/BLUE/S/images/image_000024.jpg,b394942ddd6efc271d4594abbf7c34d84234d04e465fc23b9b2974d753b334a6,6664,,,true
P04_BLUE_S_000025,P04,BLUE,S,image_000025.jpg,training/P04/BLUE/S/images/image_000025.jpg,2b25ebefbdf3f10404b6716b3a1e68d4ef31a0d9a525aed58e270b12df61bfae,6389,,,true
P04_BLUE_T_000001,P04,BLUE,T,image_000001.jpg,training/P04/BLUE/T/images/image_000001.jpg,a6ec797d75cfe03d0e45cb99440764fbf9e1eead5aa880f79cba8fc9ccd1d158,6055,,,true
P04_BLUE_T_000002,P04,BLUE,T,image_000002.jpg,training/P04/BLUE/T/images/image_000002.jpg,bf0cc3a964ba8f2201b372129002ba511a3e6d6443a369c69319f3bde16950a5,6649,,,true
P04_BLUE_T_000003,P04,BLUE,T,image_000003.jpg,training/P04/BLUE/T/images/image_000003.jpg,f399b241d817167d8e5e1a04fa9bff974e9059cdcf6bc1bfd6392e53c36e90bf,10140,,,true
P04_BLUE_T_000004,P04,BLUE,T,image_000004.jpg,training/P04/BLUE/T/images/image_000004.jpg,86ac44758bee84fc448a44d63f3c95d03ad58cc3688fb16fb4cab022ceb44672,10839,,,true
P04_BLUE_T_000005,P04,BLUE,T,image_000005.jpg,training/P04/BLUE/T/images/image_000005.jpg,51a6317beff92bbe99d02bd948a5463e31ce3462742da1203404fab0be180bf6,10465,,,true
P04_BLUE_T_000006,P04,BLUE,T,image_000006.jpg,training/P04/BLUE/T/images/image_000006.jpg,894910a18d7469c047b84b0bd8128d9c4303051a5353216f20ab73d3930c8fd9,10316,,,true
P04_BLUE_T_000007,P04,BLUE,T,image_000007.jpg,training/P04/BLUE/T/images/image_000007.jpg,e1b159fad828545ab1545da1aac0d433df778ae03dea6aaec1e4e3b5d24ce071,11076,,,true
P04_BLUE_T_000008,P04,BLUE,T,image_000008.jpg,training/P04/BLUE/T/images/image_000008.jpg,2e5cc3cc641d314eedd812d20a6f9b24a79d5dfdf6b0ce5224442aa7afc8fc9d,10455,,,true
P04_BLUE_T_000009,P04,BLUE,T,image_000009.jpg,training/P04/BLUE/T/images/image_000009.jpg,1b058eb8b472f174c8170af55e3c6eadd37cf274a0a31b798039c08f494e82a7,10688,,,true
P04_BLUE_T_000010,P04,BLUE,T,image_000010.jpg,training/P04/BLUE/T/images/image_000010.jpg,007bc2c58f4e2c87f9dfc3bbe284a0ff0a82ff7d67c311e1f6e531106030dc11,10989,,,true
P04_BLUE_T_000011,P04,BLUE,T,image_000011.jpg,training/P04/BLUE/T/images/image_000011.jpg,b3521e6294c6e108176626fc0dde032bdfe5a073ebe3b28fbbbf71597949acb3,10616,,,true
P04_BLUE_T_000012,P04,BLUE,T,image_000012.jpg,training/P04/BLUE/T/images/image_000012.jpg,9b629c57a48e350717c493ab85953aee45529cdda16a49a9ac7013677756b6f5,10771,,,true
P04_BLUE_T_000013,P04,BLUE,T,image_000013.jpg,training/P04/BLUE/T/images/image_000013.jpg,7f323004d7ec1cec2bce1870d5571e28c0aeb3ea3734c3e8d20cf1ff2b76a0c7,11027,,,true
P04_BLUE_T_000014,P04,BLUE,T,image_000014.jpg,training/P04/BLUE/T/images/image_000014.jpg,f4e175042513865206a02d215d8a61d7037ee5b7755ec2c5424fe8ea4f37641e,10598,,,true
P04_BLUE_T_000015,P04,BLUE,T,image_000015.jpg,training/P04/BLUE/T/images/image_000015.jpg,2f49841c8a55e4ca544fe214f1ddfc2deaf9728e3243ff396881f8aa21e30d1f,10525,,,true
P04_BLUE_T_000016,P04,BLUE,T,image_000016.jpg,training/P04/BLUE/T/images/image_000016.jpg,0bfa07b40966b7306953d42c7f399be5f586827d86f29c1e3dd583157f5f5161,10583,,,true
P04_BLUE_T_000017,P04,BLUE,T,image_000017.jpg,training/P04/BLUE/T/images/image_000017.jpg,98c0ddccb43f286297dab0a8ef798cab9575ae834b5423392992fd92f618d44b,11328,,,true
P04_BLUE_T_000018,P04,BLUE,T,image_000018.jpg,training/P04/BLUE/T/images/image_000018.jpg,ad8e7f2d85155d1792d56c8104bc007b90f0dcfdc93b1c516418859448007d96,11000,,,true
P04_BLUE_T_000019,P04,BLUE,T,image_000019.jpg,training/P04/BLUE/T/images/image_000019.jpg,95f72ded53e71804efbc8f287183cb525a4ed6567652f43c336fa744724a6c9d,11029,,,true
P04_BLUE_T_000020,P04,BLUE,T,image_000020.jpg,training/P04/BLUE/T/images/image_000020.jpg,beb8f08bb379afe23541ded7d83bcb841e4481c3127092ed1f1244ef2b5dcbee,11157,,,true
P04_BLUE_T_000021,P04,BLUE,T,image_000021.jpg,training/P04/BLUE/T/images/image_000021.jpg,fcd38c3ee8ec14424e3d72eab68303a6ced1ad232bf61a2c4cb1de6a84a22aa4,11339,,,true
P04_BLUE_T_000022,P04,BLUE,T,image_000022.jpg,training/P04/BLUE/T/images/image_000022.jpg,7ef29b527fb857893fcc47cf55256be33989270f619105cabddcbebc7b70965c,11263,,,true
P04_BLUE_T_000023,P04,BLUE,T,image_000023.jpg,training/P04/BLUE/T/images/image_000023.jpg,3897659c8b1b644f9a45e969abbbb7b40ca53a3940f31ba84adc5744bb397cdc,11038,,,true
P04_BLUE_T_000024,P04,BLUE,T,image_000024.jpg,training/P04/BLUE/T/images/image_000024.jpg,f78278343490935d799472be24c1dc4dc5e325d2bf3530b30d0732d83073acf8,11199,,,true
P04_BLUE_T_000025,P04,BLUE,T,image_000025.jpg,training/P04/BLUE/T/images/image_000025.jpg,f24e0b9f91c22584c34e4452a725bacb743196407bf538d05326ce5bb9e80fa9,6528,,,true
P04_BLUE_U_000001,P04,BLUE,U,image_000001.jpg,training/P04/BLUE/U/images/image_000001.jpg,6ea6c014f1d73ad04dbc2e406d4c96b3f1a6c74f42f3b8b6d3a9f9967ceff350,10369,,,true
P04_BLUE_U_000002,P04,BLUE,U,image_000002.jpg,training/P04/BLUE/U/images/image_000002.jpg,15d766421cb5878cb7c82f532bcd995d3bc47e1118ff6e5b369e7c2a43410253,10238,,,true
P04_BLUE_U_000003,P04,BLUE,U,image_000003.jpg,training/P04/BLUE/U/images/image_000003.jpg,27e262668a1750986b7d0557589a884103334affa346f1c48b90702607d2f4bf,9930,,,true
P04_BLUE_U_000004,P04,BLUE,U,image_000004.jpg,training/P04/BLUE/U/images/image_000004.jpg,a0fa16f250db5b05bb0535417c30301071f3b57f3200e13f1333171142f9eee9,10288,,,true
P04_BLUE_U_000005,P04,BLUE,U,image_000005.jpg,training/P04/BLUE/U/images/image_000005.jpg,941c69a6c47a0e2c43dac3726fff787a946b17000214ee38241f8b2fb488131f,10657,,,true
P04_BLUE_U_000006,P04,BLUE,U,image_000006.jpg,training/P04/BLUE/U/images/image_000006.jpg,584ce4a64bedaf782ea881fe0bb2eef3c96ffe75b45f174bed243bb9ba50a92d,10805,,,true
P04_BLUE_U_000007,P04,BLUE,U,image_000007.jpg,training/P04/BLUE/U/images/image_000007.jpg,ecde4b57f98f55588a018d6a1bb19f4ffa7769280ce9de95a1e77ec995508bc6,10766,,,true
P04_BLUE_U_000008,P04,BLUE,U,image_000008.jpg,training/P04/BLUE/U/images/image_000008.jpg,d3f7c40461f6031ed9a75901c0e075479085f26b857d3c99b1aeb2b72e8dad76,10702,,,true
P04_BLUE_U_000009,P04,BLUE,U,image_000009.jpg,training/P04/BLUE/U/images/image_000009.jpg,95fc91ceac4fc83d6c84509ab6d48e38e41361486c5da597f5db03ac37ad3ccb,10603,,,true
P04_BLUE_U_000010,P04,BLUE,U,image_000010.jpg,training/P04/BLUE/U/images/image_000010.jpg,a9c5fc85cda63e18e5432d364678f714f02857c277f8c808db510bb67796934b,10003,,,true
P04_BLUE_U_000011,P04,BLUE,U,image_000011.jpg,training/P04/BLUE/U/images/image_000011.jpg,2fc091cc0058c1f1fd678ebca2954a97d7ecf5dea7910454283ae0c87184483c,9748,,,true
P04_BLUE_U_000012,P04,BLUE,U,image_000012.jpg,training/P04/BLUE/U/images/image_000012.jpg,440c1ad9b83c111b0604f3e4d991efecd045834f6aff62ff25370d190f05fc26,10127,,,true
P04_BLUE_U_000013,P04,BLUE,U,image_000013.jpg,training/P04/BLUE/U/images/image_000013.jpg,9e2d10c32503e37a2e98fe5ac4c01e214080a164ce8db9475a36d7e4cc72a9ef,9817,,,true
P04_BLUE_U_000014,P04,BLUE,U,image_000014.jpg,training/P04/BLUE/U/images/image_000014.jpg,3517133f7c963242fd58e2418d27bddc215b8d3b50678ec397f5cff71297bc79,10445,,,true
P04_BLUE_U_000015,P04,BLUE,U,image_000015.jpg,training/P04/BLUE/U/images/image_000015.jpg,222f3d5e11cce12a28141f0f42a4b3dba0960517db2343d8e5b43fd04a0a368e,10406,,,true
P04_BLUE_U_000016,P04,BLUE,U,image_000016.jpg,training/P04/BLUE/U/images/image_000016.jpg,654373d883f53d761b32cc3ab02b86428f812593c40773d550d59b59ecc5a81b,10625,,,true
P04_BLUE_U_000017,P04,BLUE,U,image_000017.jpg,training/P04/BLUE/U/images/image_000017.jpg,67f2a82fb1c263693dd41539cb5f7fffc2a009eea61540a3075a06bdb94c559a,10640,,,true
P04_BLUE_U_000018,P04,BLUE,U,image_000018.jpg,training/P04/BLUE/U/images/image_000018.jpg,924360b555264055720299b789cd2d9af04437daaec06e43e51b0182b7dc1c1e,10371,,,true
P04_BLUE_U_000019,P04,BLUE,U,image_000019.jpg,training/P04/BLUE/U/images/image_000019.jpg,fc9ccf5453d1f26ea75af33e35fd6f331066bc6ae4bd3577402bffd409ae889c,10019,,,true
P04_BLUE_U_000020,P04,BLUE,U,image_000020.jpg,training/P04/BLUE/U/images/image_000020.jpg,8df95415934d792687874a8de0cc94e1d9ad089c120182ae4514ff39c68b9c3c,10127,,,true
P04_BLUE_U_000021,P04,BLUE,U,image_000021.jpg,training/P04/BLUE/U/images/image_000021.jpg,920ae8a3d51f57114d6157328a063482e3fd4d044aba6987e7ceb4c385e8a12e,10085,,,true
P04_BLUE_U_000022,P04,BLUE,U,image_000022.jpg,training/P04/BLUE/U/images/image_000022.jpg,a3ee5ff2f7aeae920a73fa4375e5db628d59d0febdded19ca4557a6d22ebe0e8,10207,,,true
P04_BLUE_U_000023,P04,BLUE,U,image_000023.jpg,training/P04/BLUE/U/images/image_000023.jpg,07a43787a9536f87adfec039c17da75d1c16206cab5724e7c50a17519bfc82fb,10602,,,true
P04_BLUE_U_000024,P04,BLUE,U,image_000024.jpg,training/P04/BLUE/U/images/image_000024.jpg,d45b1088642fd19fec97233c775fb074e238375421c1d35a7ef52c7dd9093015,9908,,,true
P04_BLUE_U_000025,P04,BLUE,U,image_000025.jpg,training/P04/BLUE/U/images/image_000025.jpg,3842385318a80e7415ecf53f428a940fd6c8369f3932b5550a7df9b35bccb41b,10824,,,true
P04_BLUE_V_000001,P04,BLUE,V,image_000001.jpg,training/P04/BLUE/V/images/image_000001.jpg,267bd9f7e19f1f3e68d842ca3c8c9aca9d4b61e3775ea07c298131aa73611b3d,10544,,,true
P04_BLUE_V_000002,P04,BLUE,V,image_000002.jpg,training/P04/BLUE/V/images/image_000002.jpg,826e08f57e20b1ab4da11c561d9d3d29f41fac09a9b8321bf76287fd3b9ed14f,10215,,,true
P04_BLUE_V_000003,P04,BLUE,V,image_000003.jpg,training/P04/BLUE/V/images/image_000003.jpg,64aeb41ef22edd5fc128e1f65ed031d8d64d9178b26d33255398fd5125fa5d51,9914,,,true
P04_BLUE_V_000004,P04,BLUE,V,image_000004.jpg,training/P04/BLUE/V/images/image_000004.jpg,eb5eb4b08e6bb4785bdae4dd4806670153180044a0dfbfedb7fcd4a2a33fee9c,10343,,,true
P04_BLUE_V_000005,P04,BLUE,V,image_000005.jpg,training/P04/BLUE/V/images/image_000005.jpg,4748ce1c2d4152323ae154a0e40383fe1555ec494e3ca4ab262448f01d1dde21,10455,,,true
P04_BLUE_V_000006,P04,BLUE,V,image_000006.jpg,training/P04/BLUE/V/images/image_000006.jpg,de97cd8cecd7cc949d0eb71e6f155d8cc3a33bb8f4e77d5a5e2031ff7b5a7667,10838,,,true
P04_BLUE_V_000007,P04,BLUE,V,image_000007.jpg,training/P04/BLUE/V/images/image_000007.jpg,b5ef545baf724f4ad779dfa24e5e7dc1ea8ec4820719aa52f9bd4309fd1f5b73,10519,,,true
P04_BLUE_V_000008,P04,BLUE,V,image_000008.jpg,training/P04/BLUE/V/images/image_000008.jpg,1afedd0f4ce56efc324efc3eb2f02fa2dafdd0f7ab12bfa200edd6ba29345e28,10522,,,true
P04_BLUE_V_000009,P04,BLUE,V,image_000009.jpg,training/P04/BLUE/V/images/image_000009.jpg,c2da5f01e267f2b34e0673ada45a1f968504e422e7d62becc29b8fb3055a97c4,10661,,,true
P04_BLUE_V_000010,P04,BLUE,V,image_000010.jpg,training/P04/BLUE/V/images/image_000010.jpg,394902f0ed9dc0023ed5ff3293819ad8fffc7c78dfeae2cbb2ee921925b0b531,10825,,,true
P04_BLUE_V_000011,P04,BLUE,V,image_000011.jpg,training/P04/BLUE/V/images/image_000011.jpg,119caa9c96ca78e75442f0ca9284f6f8c7ddf69b3ac536e72a3568e12de3df77,10616,,,true
P04_BLUE_V_000012,P04,BLUE,V,image_000012.jpg,training/P04/BLUE/V/images/image_000012.jpg,9ab0853d9f7165cf382c028c553d77a60ad2b593e6185a1dee6b130c7d519b25,10982,,,true
P04_BLUE_V_000013,P04,BLUE,V,image_000013.jpg,training/P04/BLUE/V/images/image_000013.jpg,e8726d38f7b206fed640c151c498498f2ec8b3180bc987e876d1738ea54f9409,10875,,,true
P04_BLUE_V_000014,P04,BLUE,V,image_000014.jpg,training/P04/BLUE/V/images/image_000014.jpg,b078ac02d5d243ca1f0c8257cd6321a4988d03afab5aec0d4fa3c26f8b50f8d3,10378,,,true
P04_BLUE_V_000015,P04,BLUE,V,image_000015.jpg,training/P04/BLUE/V/images/image_000015.jpg,700bbce39c4a3b8b539ad1c5120b70b9740f91b986d1d9c86048750a45478270,10300,,,true
P04_BLUE_V_000016,P04,BLUE,V,image_000016.jpg,training/P04/BLUE/V/images/image_000016.jpg,8e55afeebeba0192aa462dbb37bc65a05a7b609789caee2213214685359c419c,10108,,,true
P04_BLUE_V_000017,P04,BLUE,V,image_000017.jpg,training/P04/BLUE/V/images/image_000017.jpg,073dcf546a738119d309105f08f76a707e78df4125d697f7f9a766216292db93,10197,,,true
P04_BLUE_V_000018,P04,BLUE,V,image_000018.jpg,training/P04/BLUE/V/images/image_000018.jpg,e5d63d9d9690dd8383c8ddcc989f3a6e2cd761eb731be7fff4f7be44e950ea46,10386,,,true
P04_BLUE_V_000019,P04,BLUE,V,image_000019.jpg,training/P04/BLUE/V/images/image_000019.jpg,a3f20676c52d40dad11ea24593e916ad8d2c5986510087e7304281b030ef8cbc,10475,,,true
P04_BLUE_V_000020,P04,BLUE,V,image_000020.jpg,training/P04/BLUE/V/images/image_000020.jpg,22a8a5d4464ed5e875e60179d62c4a0e096e39ca2b4e2093a89edb1e251b24ab,10528,,,true
P04_BLUE_V_000021,P04,BLUE,V,image_000021.jpg,training/P04/BLUE/V/images/image_000021.jpg,9c9f6d146e2305e7c2384e4c2506230b77d562bed5fc56252937a4da2be2c139,10434,,,true
P04_BLUE_V_000022,P04,BLUE,V,image_000022.jpg,training/P04/BLUE/V/images/image_000022.jpg,5668f91906404418ef3499182335092e11c5978c62ae8d759cdccccc81d4bd99,10440,,,true
P04_BLUE_V_000023,P04,BLUE,V,image_000023.jpg,training/P04/BLUE/V/images/image_000023.jpg,b111795a5c211e80add2d9934558edbe3d65f469d313788293bcd77ed2a304a8,10384,,,true
P04_BLUE_V_000024,P04,BLUE,V,image_000024.jpg,training/P04/BLUE/V/images/image_000024.jpg,44b68bf6f348938d58a6d6a596b4277981286fc1be2ac947896439152251abc1,10423,,,true
P04_BLUE_V_000025,P04,BLUE,V,image_000025.jpg,training/P04/BLUE/V/images/image_000025.jpg,3734596e00d214baee7595d3fae8708c6e378000fba63683fdf4b4235b9c682c,10321,,,true
P04_BLUE_W_000001,P04,BLUE,W,image_000001.jpg,training/P04/BLUE/W/images/image_000001.jpg,3c38f17c7ee180ddd1fd4993f157db37b9990f6f28cde61d7e91ce0c03ed90cb,6242,,,true
P04_BLUE_W_000002,P04,BLUE,W,image_000002.jpg,training/P04/BLUE/W/images/image_000002.jpg,e818478aeebbef98150234ad79f7fa7ca1ee1cece06089f8fc6807d3fdfe864a,6786,,,true
P04_BLUE_W_000003,P04,BLUE,W,image_000003.jpg,training/P04/BLUE/W/images/image_000003.jpg,5ccfa0bf0e2b850d5f010ec159c7dedba9cd436457ff58aa15f83e11d195cb2f,10788,,,true
P04_BLUE_W_000004,P04,BLUE,W,image_000004.jpg,training/P04/BLUE/W/images/image_000004.jpg,6adacbdfdc106d8dad199c665937f338f485714376f0da33664fd5523daa90d5,11286,,,true
P04_BLUE_W_000005,P04,BLUE,W,image_000005.jpg,training/P04/BLUE/W/images/image_000005.jpg,407631ce9ab4e0b901288faaf3da71eb0306ec64e7087af64be7048a38e5a760,10833,,,true
P04_BLUE_W_000006,P04,BLUE,W,image_000006.jpg,training/P04/BLUE/W/images/image_000006.jpg,99cd635f69390723542a817a63953ad9c0b643885b6c98e379da7de361ca5a38,10750,,,true
P04_BLUE_W_000007,P04,BLUE,W,image_000007.jpg,training/P04/BLUE/W/images/image_000007.jpg,c21afd2335804d329402994e6734d9d07d0d42d340341c42964ce6e3ccd86766,11099,,,true
P04_BLUE_W_000008,P04,BLUE,W,image_000008.jpg,training/P04/BLUE/W/images/image_000008.jpg,b332aeac5f0252be492a64a89aa679453ddf58c55446e502b05867a4042ef2ba,11367,,,true
P04_BLUE_W_000009,P04,BLUE,W,image_000009.jpg,training/P04/BLUE/W/images/image_000009.jpg,f6314dc6cc85e4c6a8ede8aae99af5bb39d29fe9c3b0049ba997e958924706d0,10963,,,true
P04_BLUE_W_000010,P04,BLUE,W,image_000010.jpg,training/P04/BLUE/W/images/image_000010.jpg,bbd345752a5c248241ef1e772f8c2d26fc48faf19855475e671dd66af6be66e7,11100,,,true
P04_BLUE_W_000011,P04,BLUE,W,image_000011.jpg,training/P04/BLUE/W/images/image_000011.jpg,df559651bc16cf1278c4cf5c7a3690aaeee9a4cc740d50ec35867e3810c7bbfc,11196,,,true
P04_BLUE_W_000012,P04,BLUE,W,image_000012.jpg,training/P04/BLUE/W/images/image_000012.jpg,2d72f6e87a4c676ed7f38f4b37325515357ff483759b9be24f153c190e30cd4c,11272,,,true
P04_BLUE_W_000013,P04,BLUE,W,image_000013.jpg,training/P04/BLUE/W/images/image_000013.jpg,563ba75dd8574c8dcb745b7fcc7b35f6fd56106fcac33531c38e2c55da56213c,11331,,,true
P04_BLUE_W_000014,P04,BLUE,W,image_000014.jpg,training/P04/BLUE/W/images/image_000014.jpg,0b5c8e79b51c46f14ed8ff539e549d4abc948c4149860751631e9aee465a6054,10359,,,true
P04_BLUE_W_000015,P04,BLUE,W,image_000015.jpg,training/P04/BLUE/W/images/image_000015.jpg,23420560fa23fbfa03945b60849e669c34252571666ff43c888426c8efd64ea0,10258,,,true
P04_BLUE_W_000016,P04,BLUE,W,image_000016.jpg,training/P04/BLUE/W/images/image_000016.jpg,360ca852f150c783c249b5da520b8baf14523133c309c7aa935825805eeb0d1a,9211,,,true
P04_BLUE_W_000017,P04,BLUE,W,image_000017.jpg,training/P04/BLUE/W/images/image_000017.jpg,69aa4ed45ec65be72ee4a55e75d484fb646773973d55af7b3580acff8de9d557,9236,,,true
P04_BLUE_W_000018,P04,BLUE,W,image_000018.jpg,training/P04/BLUE/W/images/image_000018.jpg,1f565a35d9a1e3659abbb27d907be999f76af6f8710bc32ddb48a603689deecd,9680,,,true
P04_BLUE_W_000019,P04,BLUE,W,image_000019.jpg,training/P04/BLUE/W/images/image_000019.jpg,0b4dc842e0fe2fe3eb5605cf9b88d16aeabc6d0fd8af74becbea72a82db2fcc1,10240,,,true
P04_BLUE_W_000020,P04,BLUE,W,image_000020.jpg,training/P04/BLUE/W/images/image_000020.jpg,668274c81d752e96475101e52e6968f607a65ffaf9a6711464df0bd9f19d6433,10365,,,true
P04_BLUE_W_000021,P04,BLUE,W,image_000021.jpg,training/P04/BLUE/W/images/image_000021.jpg,504ae004f7f099479b06392d5f6d94af32daef7698f6250323b46f9e2f50a536,10421,,,true
P04_BLUE_W_000022,P04,BLUE,W,image_000022.jpg,training/P04/BLUE/W/images/image_000022.jpg,0e7f260c71da770901f2b3d94b26f702863d6c2951b1580ddf5caac2f2f400ee,10383,,,true
P04_BLUE_W_000023,P04,BLUE,W,image_000023.jpg,training/P04/BLUE/W/images/image_000023.jpg,b71dd1c379fd0f5812e4f0beef954c6ac4c00e691450bd7444331007d6d90936,10016,,,true
P04_BLUE_W_000024,P04,BLUE,W,image_000024.jpg,training/P04/BLUE/W/images/image_000024.jpg,b838662a7ab0071d399d8b9c2a565cff63a6f1d4300f2571fcdf97685087074d,10226,,,true
P04_BLUE_W_000025,P04,BLUE,W,image_000025.jpg,training/P04/BLUE/W/images/image_000025.jpg,aa1c0c5ad386cacc0b72b7592a289d8cb9daeaefe40d4b01bdcc38eac469bca1,10209,,,true
P04_BLUE_Y_000001,P04,BLUE,Y,image_000001.jpg,training/P04/BLUE/Y/images/image_000001.jpg,897b72a2a8bf41906652c0f25b12729ca2137549035382906910a974a123a1a9,6565,,,true
P04_BLUE_Y_000002,P04,BLUE,Y,image_000002.jpg,training/P04/BLUE/Y/images/image_000002.jpg,01e45248107c9d1cccccad38f40a2e26af3fa1006b55ba8f26c19fc6e5fdabd8,5939,,,true
P04_BLUE_Y_000003,P04,BLUE,Y,image_000003.jpg,training/P04/BLUE/Y/images/image_000003.jpg,a162ee4aaee3953be50a63f6455807e61ad4e280893ba5f08635aea6acd9df38,10238,,,true
P04_BLUE_Y_000004,P04,BLUE,Y,image_000004.jpg,training/P04/BLUE/Y/images/image_000004.jpg,b2752d49c64eeebe4844bd6425e96fcdf2a2b331d219e7ac41c94aef8edc4d5d,10106,,,true
P04_BLUE_Y_000005,P04,BLUE,Y,image_000005.jpg,training/P04/BLUE/Y/images/image_000005.jpg,ca6241a05a34ab3d0f5aa0bf350d70c8bcec5325f400dae76628be7770c93216,10380,,,true
P04_BLUE_Y_000006,P04,BLUE,Y,image_000006.jpg,training/P04/BLUE/Y/images/image_000006.jpg,d9b6231f10ae123e6fc60b632f6f060289366394ffe05e2ce7c7f688a0087fbd,9925,,,true
P04_BLUE_Y_000007,P04,BLUE,Y,image_000007.jpg,training/P04/BLUE/Y/images/image_000007.jpg,ab42ab512dcac31a6c258fef1422d90d105f67849975b75407f84348059ad9fc,8836,,,true
P04_BLUE_Y_000008,P04,BLUE,Y,image_000008.jpg,training/P04/BLUE/Y/images/image_000008.jpg,2956cd2de0cffd668dfe75e844108a261fe05f15dbf2aaae728b79831a17c8c8,10743,,,true
P04_BLUE_Y_000009,P04,BLUE,Y,image_000009.jpg,training/P04/BLUE/Y/images/image_000009.jpg,b98bedefe92f782e41040d6cb3ad23f4b04f15bf9311e88f1f9e2e4491c66353,10666,,,true
P04_BLUE_Y_000010,P04,BLUE,Y,image_000010.jpg,training/P04/BLUE/Y/images/image_000010.jpg,f419df4ae093f86b010fad8a4cd68c935df70e3c22be875e735ff33f4bd64cc2,10650,,,true
P04_BLUE_Y_000011,P04,BLUE,Y,image_000011.jpg,training/P04/BLUE/Y/images/image_000011.jpg,e133dc094170cf25dafce5d285e9cdc7f03958ee2c05edcad8089b00b1409272,10465,,,true
P04_BLUE_Y_000012,P04,BLUE,Y,image_000012.jpg,training/P04/BLUE/Y/images/image_000012.jpg,f7c5c92fbd8abb159be24f36078b78c33595a329377e72ed2ee9c648870456df,10663,,,true
P04_BLUE_Y_000013,P04,BLUE,Y,image_000013.jpg,training/P04/BLUE/Y/images/image_000013.jpg,581da1abf81ea00177c650ee7816354d37a0544a1b5d8295af7da39e542f4a68,10433,,,true
P04_BLUE_Y_000014,P04,BLUE,Y,image_000014.jpg,training/P04/BLUE/Y/images/image_000014.jpg,06022e5d3261bf6be0a8c624f442b6cbc8e2d50495b314559bbb35b6a165d74c,10581,,,true
P04_BLUE_Y_000015,P04,BLUE,Y,image_000015.jpg,training/P04/BLUE/Y/images/image_000015.jpg,ef8ee491ed4a498fd9b84d2592814c26cba7b25b4cb64923ea7505041461cc53,10631,,,true
P04_BLUE_Y_000016,P04,BLUE,Y,image_000016.jpg,training/P04/BLUE/Y/images/image_000016.jpg,83a74e9c73f738f3eacef085d76835b5a0bfd4fe94d29759275a3c4723c6d045,11123,,,true
P04_BLUE_Y_000017,P04,BLUE,Y,image_000017.jpg,training/P04/BLUE/Y/images/image_000017.jpg,af0e945b30440f50747608d2d804d83e293ed4a17e93192b950a4a69aad03e58,10681,,,true
P04_BLUE_Y_000018,P04,BLUE,Y,image_000018.jpg,training/P04/BLUE/Y/images/image_000018.jpg,d3b244f11a3186b726ec5ad9e0c7530f159cce63d6c71083c2595b9365f9dce2,10356,,,true
P04_BLUE_Y_000019,P04,BLUE,Y,image_000019.jpg,training/P04/BLUE/Y/images/image_000019.jpg,2e57b09cc01ff7fa3ac231320f010bfdfed561627b275d2ffc20b925ee419df9,9972,,,true
P04_BLUE_Y_000020,P04,BLUE,Y,image_000020.jpg,training/P04/BLUE/Y/images/image_000020.jpg,bf1e2efca390db62d1cd200637e43aeb95848c3f04d1f975cc811d05f80848eb,9881,,,true
P04_BLUE_Y_000021,P04,BLUE,Y,image_000021.jpg,training/P04/BLUE/Y/images/image_000021.jpg,e56a42edc8827e1600e317742bcf56ff40384e7517626c382f4ca99053c94702,10106,,,true
P04_BLUE_Y_000022,P04,BLUE,Y,image_000022.jpg,training/P04/BLUE/Y/images/image_000022.jpg,1be09bd8efe15e4a59bf5feb6cc0a16aa392a43880af4e28eb4e041b81aa441d,10099,,,true
P04_BLUE_Y_000023,P04,BLUE,Y,image_000023.jpg,training/P04/BLUE/Y/images/image_000023.jpg,e5a1fcc0a16e7bc721c6c1992b7cf8c0b9ba039b46ea67b61002371f9036ddfe,10232,,,true
P04_BLUE_Y_000024,P04,BLUE,Y,image_000024.jpg,training/P04/BLUE/Y/images/image_000024.jpg,c91295aca1302337780ce5980f7083139e76ee35cedb37129e7ddbb4da6ca012,10185,,,true
P04_BLUE_Y_000025,P04,BLUE,Y,image_000025.jpg,training/P04/BLUE/Y/images/image_000025.jpg,c34231b4c0dbbbf22944b905b91526dd17a96fc068e0e6e5801635bae4941d98,6227,,,true
P04_WHITE_A_000001,P04,WHITE,A,image_000001.jpg,training/P04/WHITE/A/images/image_000001.jpg,7be07db42b5ecfcb69bfc3cb34a45e14b309bf9a61feb2197c79e88120487b4f,6362,,,true
P04_WHITE_A_000002,P04,WHITE,A,image_000002.jpg,training/P04/WHITE/A/images/image_000002.jpg,04c77acac52b337c55f7177a356260087a0d6bc4741b6da2ee9f7313ff211df0,6344,,,true
P04_WHITE_A_000003,P04,WHITE,A,image_000003.jpg,training/P04/WHITE/A/images/image_000003.jpg,35d0b464a3294f9e7c12f98566d65d01e961e6bc7e522530d47c7417d885b65b,6612,,,true
P04_WHITE_A_000004,P04,WHITE,A,image_000004.jpg,training/P04/WHITE/A/images/image_000004.jpg,cc8d7c8c2dc2800c6af3194ba554478d1e45a5ce86afab69c51cf5d02acf6f5d,7172,,,true
P04_WHITE_A_000005,P04,WHITE,A,image_000005.jpg,training/P04/WHITE/A/images/image_000005.jpg,fbd6246e534f88c0836e13b73549ee38dd85754971231e336b62dd301dd6f5c2,6773,,,true
P04_WHITE_A_000006,P04,WHITE,A,image_000006.jpg,training/P04/WHITE/A/images/image_000006.jpg,72dd5086bcd9992abf5a7e50bdea25024d59bfd9fd173db696a3e329d5643547,7811,,,true
P04_WHITE_A_000007,P04,WHITE,A,image_000007.jpg,training/P04/WHITE/A/images/image_000007.jpg,24dae5e2286c74d3e98c1596ce18bd5555bccfe2d9df565472bff126fca0e1da,7759,,,true
P04_WHITE_A_000008,P04,WHITE,A,image_000008.jpg,training/P04/WHITE/A/images/image_000008.jpg,11d0d38479282f3f596c3ec5fb9539d8f392f0fb1d77353e34b27028d924c82f,7642,,,true
P04_WHITE_A_000009,P04,WHITE,A,image_000009.jpg,training/P04/WHITE/A/images/image_000009.jpg,f9f3233adefef021cb76c6815a27a1400b60755d30a54610d8f2c5b6ac13b88f,7775,,,true
P04_WHITE_A_000010,P04,WHITE,A,image_000010.jpg,training/P04/WHITE/A/images/image_000010.jpg,1b8629ac462d71a3db06ce5fc7beee7d89eef207e870b68c81a3bf2a7cc61e2a,7589,,,true
P04_WHITE_A_000011,P04,WHITE,A,image_000011.jpg,training/P04/WHITE/A/images/image_000011.jpg,1aec0b0018e2d3aa03904c2b6000949fd303259c2335967a2cce55b2d7ad0ba0,7912,,,true
P04_WHITE_A_000012,P04,WHITE,A,image_000012.jpg,training/P04/WHITE/A/images/image_000012.jpg,ab9b82cab69bec10aaf17b138a4881e44215fa2df166b98134e2a89eeceb50f5,7648,,,true
P04_WHITE_A_000013,P04,WHITE,A,image_000013.jpg,training/P04/WHITE/A/images/image_000013.jpg,e2082e2cdd50143b9cf5cb695b7981174eac9f9b81c87d83cb865a3f2fab478b,6691,,,true
P04_WHITE_A_000014,P04,WHITE,A,image_000014.jpg,training/P04/WHITE/A/images/image_000014.jpg,0a35678288532beadd59b30b9bc8c77fb4f79bc81fb157da2ca5845236ed932c,6639,,,true
P04_WHITE_A_000015,P04,WHITE,A,image_000015.jpg,training/P04/WHITE/A/images/image_000015.jpg,4166baab0095e58526c93057f911135858abc95cfda71392f09ab70cc737eb62,6789,,,true
P04_WHITE_A_000016,P04,WHITE,A,image_000016.jpg,training/P04/WHITE/A/images/image_000016.jpg,e850396f2a68d313986dc6794dfa062bdba85604a2408ffa952ad22bad4c7213,7010,,,true
P04_WHITE_A_000017,P04,WHITE,A,image_000017.jpg,training/P04/WHITE/A/images/image_000017.jpg,a0c5482c341fccda522e5fd9b1d84a376083d26eb187fc65a566043a6c6d6015,7465,,,true
P04_WHITE_A_000018,P04,WHITE,A,image_000018.jpg,training/P04/WHITE/A/images/image_000018.jpg,596395dcbb1b763faf3b347735f6e416b059cc753c6168b70d441aa324970e90,7128,,,true
P04_WHITE_A_000019,P04,WHITE,A,image_000019.jpg,training/P04/WHITE/A/images/image_000019.jpg,37cfe30d509a5a174647dfcdb2ec8ff8ef368cf8390896770d08b95707402477,6940,,,true
P04_WHITE_A_000020,P04,WHITE,A,image_000020.jpg,training/P04/WHITE/A/images/image_000020.jpg,00f8cc1861ad524ee5a0aff959ae291b349541e272ba5702f8a9643dfa2cec13,7258,,,true
P04_WHITE_A_000021,P04,WHITE,A,image_000021.jpg,training/P04/WHITE/A/images/image_000021.jpg,b4848f216b24a0871c982f64ad46fc481c64dc1dfa87024bb14e47fa58b15367,7070,,,true
P04_WHITE_A_000022,P04,WHITE,A,image_000022.jpg,training/P04/WHITE/A/images/image_000022.jpg,6652a4fa3778eaad7d9b132dabd3f4746a2aeffef9857ab23c74cfe1d39ffd40,7067,,,true
P04_WHITE_A_000023,P04,WHITE,A,image_000023.jpg,training/P04/WHITE/A/images/image_000023.jpg,a1d369e7d811ea5ca97047e439e87a14d53951e8ccd4edaa65b30d62c1462414,7419,,,true
P04_WHITE_A_000024,P04,WHITE,A,image_000024.jpg,training/P04/WHITE/A/images/image_000024.jpg,8d434db5f286840e718dfaf4010ab0a20bcff785c600e2152afbbf58f450cdfe,7670,,,true
P04_WHITE_A_000025,P04,WHITE,A,image_000025.jpg,training/P04/WHITE/A/images/image_000025.jpg,8adca26a1e7b308c7af5c644ae00304bbf2ca9589c4240aa0edf414a4bf2ce34,7905,,,true
P04_WHITE_B_000001,P04,WHITE,B,image_000001.jpg,training/P04/WHITE/B/images/image_000001.jpg,59a8e75d2ae0f15688e6d335e599ffa63b288fa2e03697b9f6464049df4c1d13,7353,,,true
P04_WHITE_B_000002,P04,WHITE,B,image_000002.jpg,training/P04/WHITE/B/images/image_000002.jpg,ff2e82e4d1d2bdf79f90664f8379d99df246a83277bb34fc6d8cb527135f0ba6,7286,,,true
P04_WHITE_B_000003,P04,WHITE,B,image_000003.jpg,training/P04/WHITE/B/images/image_000003.jpg,d01f0db71ceb93a8a7b020f08e90c435b8100f572d44fe1578fe59a2b74dc16c,7376,,,true
P04_WHITE_B_000004,P04,WHITE,B,image_000004.jpg,training/P04/WHITE/B/images/image_000004.jpg,d909d3a6641bcbf6e3529e00eaf4bce933e5a41336f3c136324f73ed0e67ac83,7316,,,true
P04_WHITE_B_000005,P04,WHITE,B,image_000005.jpg,training/P04/WHITE/B/images/image_000005.jpg,b84462aa92ad0811ffb719b3223577003a2cb626c1bdc35d04508e6bf5b992e8,7243,,,true
P04_WHITE_B_000006,P04,WHITE,B,image_000006.jpg,training/P04/WHITE/B/images/image_000006.jpg,81a5a1a42b14d4c0ec069e0ef7916bcf8430bb8b656228687f75b658b984c100,7354,,,true
P04_WHITE_B_000007,P04,WHITE,B,image_000007.jpg,training/P04/WHITE/B/images/image_000007.jpg,49fc3fd4c22e6acd291051f3712c2b48a2e5eebf9355c743a9537c2d102898f6,7025,,,true
P04_WHITE_B_000008,P04,WHITE,B,image_000008.jpg,training/P04/WHITE/B/images/image_000008.jpg,1d815ddbc3b8ce214e4d1ecffde36073990a68b4f33db85e0813ae4b51dece00,6958,,,true
P04_WHITE_B_000009,P04,WHITE,B,image_000009.jpg,training/P04/WHITE/B/images/image_000009.jpg,eb4ca35535f7785e6a2edb425e5bd4af04e3e6963a7676a545165bb1bb04f188,7536,,,true
P04_WHITE_B_000010,P04,WHITE,B,image_000010.jpg,training/P04/WHITE/B/images/image_000010.jpg,f8e88ece51eeee2986bfdd162fea28398bcb38c02a89c7a69cd69b41cc795cc4,7096,,,true
P04_WHITE_B_000011,P04,WHITE,B,image_000011.jpg,training/P04/WHITE/B/images/image_000011.jpg,24fe0a238dbd08d810ead1f1bc5480f2b613beaed2ba3b10aa061ff53681e227,7275,,,true
P04_WHITE_B_000012,P04,WHITE,B,image_000012.jpg,training/P04/WHITE/B/images/image_000012.jpg,814f6fd9207eba0b040d8a67887c08a3c6030ced5b0e57e9a21f3f11966a1098,7233,,,true
P04_WHITE_B_000013,P04,WHITE,B,image_000013.jpg,training/P04/WHITE/B/images/image_000013.jpg,5bfcad6e935ea952331a6204e86a4fb9f8929d0a7bbfbb7afdbfbc2f60a3696e,7163,,,true
P04_WHITE_B_000014,P04,WHITE,B,image_000014.jpg,training/P04/WHITE/B/images/image_000014.jpg,226706d2b496f9cbdb0c49a6993f2dbf7d821890f0ec84cbbf0fc3aa635b8aa6,6957,,,true
P04_WHITE_B_000015,P04,WHITE,B,image_000015.jpg,training/P04/WHITE/B/images/image_000015.jpg,1434c130bb2d3e86d24ed6e8250784a192165244210863544c91e208d57935e2,7102,,,true
P04_WHITE_B_000016,P04,WHITE,B,image_000016.jpg,training/P04/WHITE/B/images/image_000016.jpg,5053b57e1afca2030e7134e7af0ea5cbbaf0803de842ddbe9a0736fcff2bc0f3,7288,,,true
P04_WHITE_B_000017,P04,WHITE,B,image_000017.jpg,training/P04/WHITE/B/images/image_000017.jpg,b5a34101ad5bf8b752014f869b676442884f8afe6980c22d5b847714cc318a63,7018,,,true
P04_WHITE_B_000018,P04,WHITE,B,image_000018.jpg,training/P04/WHITE/B/images/image_000018.jpg,fa44d1eb17d4cd82ab3a91501b3dcc84472fc14e035c8f1c3aa7a06bcaddf47e,7120,,,true
P04_WHITE_B_000019,P04,WHITE,B,image_000019.jpg,training/P04/WHITE/B/images/image_000019.jpg,2cb17486bec37227e2d69b89fabc1fb3cf756893dbfe8cdc1e4ca3cf7f9465c2,7168,,,true
P04_WHITE_B_000020,P04,WHITE,B,image_000020.jpg,training/P04/WHITE/B/images/image_000020.jpg,3fd23c2e536f73042d56f6b2208fdf691e06f849720437ea2bffdad99328ad4c,7011,,,true
P04_WHITE_B_000021,P04,WHITE,B,image_000021.jpg,training/P04/WHITE/B/images/image_000021.jpg,4271156e24bbbae9e1bf593d27503cd9649b01ed37713e6eb7a848384f8ec5fb,7123,,,true
P04_WHITE_B_000022,P04,WHITE,B,image_000022.jpg,training/P04/WHITE/B/images/image_000022.jpg,932740ae6853ee64def88fc174af374ba68962b4a3c0232e345f95c2f2e24421,7070,,,true
P04_WHITE_B_000023,P04,WHITE,B,image_000023.jpg,training/P04/WHITE/B/images/image_000023.jpg,82796709a0cd0382261038d73d63e72f0d598b5d976f3280deadf14c300f5e76,7217,,,true
P04_WHITE_B_000024,P04,WHITE,B,image_000024.jpg,training/P04/WHITE/B/images/image_000024.jpg,ec405294c20d69a84db64a6f3e730c76f25395475ae3871fe0e77f1c4075307c,6778,,,true
P04_WHITE_B_000025,P04,WHITE,B,image_000025.jpg,training/P04/WHITE/B/images/image_000025.jpg,0ec82f58939512dca6c7d935c748a60e9b209208a48f46623d5cea4417c9c905,6988,,,true
P04_WHITE_C_000001,P04,WHITE,C,image_000001.jpg,training/P04/WHITE/C/images/image_000001.jpg,bcbb00760c23bc94eeac384acd13b0fc9e62c5ae90f5846e754ffc4d4ab84467,7582,,,true
P04_WHITE_C_000002,P04,WHITE,C,image_000002.jpg,training/P04/WHITE/C/images/image_000002.jpg,2d4e7d6d445d8ed9121991908861c1ae2ddcd4f58de5583eb495fe3ee28a8c2c,7370,,,true
P04_WHITE_C_000003,P04,WHITE,C,image_000003.jpg,training/P04/WHITE/C/images/image_000003.jpg,51e5bf08e95b6047b5235e4142cb8883343f4ba26c97731900c842e4fe4477ff,7660,,,true
P04_WHITE_C_000004,P04,WHITE,C,image_000004.jpg,training/P04/WHITE/C/images/image_000004.jpg,2622981edd15d4e18df1164999cc9ea596884e22a44d442d840f1d29f9fc551a,7594,,,true
P04_WHITE_C_000005,P04,WHITE,C,image_000005.jpg,training/P04/WHITE/C/images/image_000005.jpg,8633dd2bf449701ff5bd029ab72e24107b1d244986aea42095fc8bce9c8eb157,7689,,,true
P04_WHITE_C_000006,P04,WHITE,C,image_000006.jpg,training/P04/WHITE/C/images/image_000006.jpg,a10b6f19d8d2d87d0fe7351c5c0c16a0c9095e095166f7c9dca44177a6f9cbe0,7311,,,true
P04_WHITE_C_000007,P04,WHITE,C,image_000007.jpg,training/P04/WHITE/C/images/image_000007.jpg,ffbe9abaadd06d8f30c0eec2d897346d1dd19b5e6bb707d4b0f418748a195452,7070,,,true
P04_WHITE_C_000008,P04,WHITE,C,image_000008.jpg,training/P04/WHITE/C/images/image_000008.jpg,24d5a3d80ce2fc1fa01f8510a4e47d3c096907c64a31d18a287028d6fc2b4fac,7063,,,true
P04_WHITE_C_000009,P04,WHITE,C,image_000009.jpg,training/P04/WHITE/C/images/image_000009.jpg,3ba204c84f06edf0c11053fd0b5cd125f31d9b10d0b60b64ff32692fcdec24c5,7266,,,true
P04_WHITE_C_000010,P04,WHITE,C,image_000010.jpg,training/P04/WHITE/C/images/image_000010.jpg,fd046b66c8bd868a1c3dbf7bfb22b32fca8157c65f0ba503889930967d4185eb,7157,,,true
P04_WHITE_C_000011,P04,WHITE,C,image_000011.jpg,training/P04/WHITE/C/images/image_000011.jpg,e09c5c6e02473c1757739bfb4f5bcb6f1f375ff036b22c117b42816227016fd4,7065,,,true
P04_WHITE_C_000012,P04,WHITE,C,image_000012.jpg,training/P04/WHITE/C/images/image_000012.jpg,9e1104b3840eb99ae228e7c140d752109bd667d126a442c2d4279eba8702da92,7455,,,true
P04_WHITE_C_000013,P04,WHITE,C,image_000013.jpg,training/P04/WHITE/C/images/image_000013.jpg,de81f1e12af4d025ed0595d90c1d069870edd99e4e30a35b9b7e18cc4f99e0ef,7581,,,true
P04_WHITE_C_000014,P04,WHITE,C,image_000014.jpg,training/P04/WHITE/C/images/image_000014.jpg,c71f2b77d88889aaa62a619c05f6eac91746d9cebff20daebff5173c04719344,7591,,,true
P04_WHITE_C_000015,P04,WHITE,C,image_000015.jpg,training/P04/WHITE/C/images/image_000015.jpg,71df3e0390bbf15b70cacd8740c7358ef6227440273b7a2aed660584026adc40,7788,,,true
P04_WHITE_C_000016,P04,WHITE,C,image_000016.jpg,training/P04/WHITE/C/images/image_000016.jpg,c97774d5f9ac677612ca02dbe049b51421f97f5a0565bb0b82eb92cb56badaa5,7310,,,true
P04_WHITE_C_000017,P04,WHITE,C,image_000017.jpg,training/P04/WHITE/C/images/image_000017.jpg,474741e45aeb239796fb72a229e139ac6284b3bb2aad2d350e17330a06939cab,7725,,,true
P04_WHITE_C_000018,P04,WHITE,C,image_000018.jpg,training/P04/WHITE/C/images/image_000018.jpg,560be08ba011cd977223125cbefe6d281fadb3831dd43706facc80bf888a7f2a,7843,,,true
P04_WHITE_C_000019,P04,WHITE,C,image_000019.jpg,training/P04/WHITE/C/images/image_000019.jpg,8a6f4b43462fe68aa66dd2e5832b58bf35e86d257740091004c3a11366cbe479,7438,,,true
P04_WHITE_C_000020,P04,WHITE,C,image_000020.jpg,training/P04/WHITE/C/images/image_000020.jpg,ecc78e31159900b5d056ca012a33a4c8de974ff17be36f4d23e4efc0b9eb841c,7627,,,true
P04_WHITE_C_000021,P04,WHITE,C,image_000021.jpg,training/P04/WHITE/C/images/image_000021.jpg,bd96989919c67bd67524a8b43ba3289d65c095d8f0f232455f11174b23a26e38,7627,,,true
P04_WHITE_C_000022,P04,WHITE,C,image_000022.jpg,training/P04/WHITE/C/images/image_000022.jpg,099ef3aa087174f580d308745379eb8f75c7fd646392d4b3fe794e1cf3cdf263,7488,,,true
P04_WHITE_C_000023,P04,WHITE,C,image_000023.jpg,training/P04/WHITE/C/images/image_000023.jpg,4daa4296b514f947891e38d764b488221b7637467433dfa4bc01b6b44e7bd70b,7228,,,true
P04_WHITE_C_000024,P04,WHITE,C,image_000024.jpg,training/P04/WHITE/C/images/image_000024.jpg,fb5c155eadbfbb7b12a13b1020ac76068ce8bfbeb598b631994da3ee46daf45a,7199,,,true
P04_WHITE_C_000025,P04,WHITE,C,image_000025.jpg,training/P04/WHITE/C/images/image_000025.jpg,db0a29084540115b409fd5ace5836f8bafc9f83c6b74a19c17ea8e13a0c6b7a4,7362,,,true
P04_WHITE_E_000001,P04,WHITE,E,image_000001.jpg,training/P04/WHITE/E/images/image_000001.jpg,9db349525e440ceb7dd1ecfb4e6225fe613cebebfe306900c8fa34a26c41ba90,6536,,,true
P04_WHITE_E_000002,P04,WHITE,E,image_000002.jpg,training/P04/WHITE/E/images/image_000002.jpg,9081f6eb1561820068310a8b21c1a68a93c00f26b97a53dde722a0457f1f0901,6575,,,true
P04_WHITE_E_000003,P04,WHITE,E,image_000003.jpg,training/P04/WHITE/E/images/image_000003.jpg,0f5b91ee13deedc45382174f61d08f51bfe63079cf0e25e2b5101792c26b1cb1,6797,,,true
P04_WHITE_E_000004,P04,WHITE,E,image_000004.jpg,training/P04/WHITE/E/images/image_000004.jpg,436637a4db542b9589377f92f7379be32799dfe55c231e521925884a04ec656e,6517,,,true
P04_WHITE_E_000005,P04,WHITE,E,image_000005.jpg,training/P04/WHITE/E/images/image_000005.jpg,9b52b2bee4b95117c054175265e4e3c299f8e0a90d42a39dd7a2209503f06928,6644,,,true
P04_WHITE_E_000006,P04,WHITE,E,image_000006.jpg,training/P04/WHITE/E/images/image_000006.jpg,59e06ea97ebd4bf48f2e2ca1ba9c333d3b617876ac399c4b48bcbf6731988312,6420,,,true
P04_WHITE_E_000007,P04,WHITE,E,image_000007.jpg,training/P04/WHITE/E/images/image_000007.jpg,951964022a22dfe75081a86e28c0e9dc6eec60840515bdd27cbdaf1480cc06b4,6619,,,true
P04_WHITE_E_000008,P04,WHITE,E,image_000008.jpg,training/P04/WHITE/E/images/image_000008.jpg,0c512248720df2ac87dd507a7438fbbf05bfa83d48ba3ec3d975d8b98274d9f6,6928,,,true
P04_WHITE_E_000009,P04,WHITE,E,image_000009.jpg,training/P04/WHITE/E/images/image_000009.jpg,e07a799495c44566d7fe4c8c77ca808202a29d0a45995a5cfce10975119e1e88,6567,,,true
P04_WHITE_E_000010,P04,WHITE,E,image_000010.jpg,training/P04/WHITE/E/images/image_000010.jpg,970c56f188f47fe0d2aa099e206633f9f9aa87cc8bcefc276862b6fdfcac0bfb,6511,,,true
P04_WHITE_E_000011,P04,WHITE,E,image_000011.jpg,training/P04/WHITE/E/images/image_000011.jpg,828ce6cb3148d767dc6fb01e4556e283edfadb9b9d6af66d3d686fc3fccbe335,6585,,,true
P04_WHITE_E_000012,P04,WHITE,E,image_000012.jpg,training/P04/WHITE/E/images/image_000012.jpg,d9752b3f4f3e1caa873b3ac60fa03012ba4c7097c1e9b104f2180da71cfb1835,6712,,,true
P04_WHITE_E_000013,P04,WHITE,E,image_000013.jpg,training/P04/WHITE/E/images/image_000013.jpg,1a5e56fabbc31e87245a02f51a1a42da04a0074537d0a40f9dc201cdf164a70b,7133,,,true
P04_WHITE_E_000014,P04,WHITE,E,image_000014.jpg,training/P04/WHITE/E/images/image_000014.jpg,682fa0b650a45bc241f0a26ad872ca7aa9dd8ab8f43712550c4fb451149b720e,7191,,,true
P04_WHITE_E_000015,P04,WHITE,E,image_000015.jpg,training/P04/WHITE/E/images/image_000015.jpg,dfebc72976274671431efcc5886531e1dc73243df56736aa75f1ff35e8c1e6ec,7010,,,true
P04_WHITE_E_000016,P04,WHITE,E,image_000016.jpg,training/P04/WHITE/E/images/image_000016.jpg,1f9fdd1a0249dd722580dd0477e6751974d1c53213ff382a00f7e892e7b45267,7239,,,true
P04_WHITE_E_000017,P04,WHITE,E,image_000017.jpg,training/P04/WHITE/E/images/image_000017.jpg,4d0aeaa4e3cfcd0b70bd1ba5566666f35f320f703652272211b178373f4e128a,7407,,,true
P04_WHITE_E_000018,P04,WHITE,E,image_000018.jpg,training/P04/WHITE/E/images/image_000018.jpg,403b1e011084a429f9acf2e584959cc21787b3557e280b060000e138c3b0911f,7238,,,true
P04_WHITE_E_000019,P04,WHITE,E,image_000019.jpg,training/P04/WHITE/E/images/image_000019.jpg,6168d03df156ee286fe83f98f87046f185730401148f8bb0f561e2aefb86aa1f,7215,,,true
P04_WHITE_E_000020,P04,WHITE,E,image_000020.jpg,training/P04/WHITE/E/images/image_000020.jpg,56a442faf72b179ae221dc9df55eaea5f7cfd21f8adeee64cad8b38fd991d67f,7132,,,true
P04_WHITE_E_000021,P04,WHITE,E,image_000021.jpg,training/P04/WHITE/E/images/image_000021.jpg,66a85fabdf5467d00c351d98ccb5aa765b23d3b456780829e75a5ebf295d8061,7409,,,true
P04_WHITE_E_000022,P04,WHITE,E,image_000022.jpg,training/P04/WHITE/E/images/image_000022.jpg,7f48bb67aed7867cdf97eb6970067ab6e5fa128bdf54b2c45bc43c2c397f6c5f,7260,,,true
P04_WHITE_E_000023,P04,WHITE,E,image_000023.jpg,training/P04/WHITE/E/images/image_000023.jpg,9331f359b1348e2cbcd3962b86209a3d3be084374eed1bcc67ac205950e7bf46,7303,,,true
P04_WHITE_E_000024,P04,WHITE,E,image_000024.jpg,training/P04/WHITE/E/images/image_000024.jpg,51a97cd1a0a4bbd58af994acd4bbd8dd40faf31590e3e2d547504a941507582a,7186,,,true
P04_WHITE_E_000025,P04,WHITE,E,image_000025.jpg,training/P04/WHITE/E/images/image_000025.jpg,bce496180e0c2963a63d29458f4f47b52172e36b0a2700b941bc18c0dade7d75,6619,,,true
P04_WHITE_I_000001,P04,WHITE,I,image_000001.jpg,training/P04/WHITE/I/images/image_000001.jpg,e8da8db1f59b92708eebf8dbb5244df9ebaf05c2309ea44fc103cd736ffaaf05,6901,,,true
P04_WHITE_I_000002,P04,WHITE,I,image_000002.jpg,training/P04/WHITE/I/images/image_000002.jpg,85f5f9e9b5c1ec24972eca69fe31cbd72ee0bdb0d3325462fab9c2c25a72d833,6885,,,true
P04_WHITE_I_000003,P04,WHITE,I,image_000003.jpg,training/P04/WHITE/I/images/image_000003.jpg,d17eccba877aa74af6628e7eae3ce090a83aee71cfaa0c7763c3447707becf69,7388,,,true
P04_WHITE_I_000004,P04,WHITE,I,image_000004.jpg,training/P04/WHITE/I/images/image_000004.jpg,968aa24f168e7e3488185abca6c319c8201434c40f4bc377b953b7f84ed92d0c,7070,,,true
P04_WHITE_I_000005,P04,WHITE,I,image_000005.jpg,training/P04/WHITE/I/images/image_000005.jpg,3a5600f5b80e8100e4f960fb5ac5f5390895aa00362e9dadd00727959fe51a22,7081,,,true
P04_WHITE_I_000006,P04,WHITE,I,image_000006.jpg,training/P04/WHITE/I/images/image_000006.jpg,a75b62f67bd5ffaa6f84f525a3c651d1d39b0a4b9b1dc3ad8a8aeda36d16d220,6766,,,true
P04_WHITE_I_000007,P04,WHITE,I,image_000007.jpg,training/P04/WHITE/I/images/image_000007.jpg,2ba0b33fc816c0928c1ad2e2b28d343df1a1eb487b1e348607760942a8e03aaf,6766,,,true
P04_WHITE_I_000008,P04,WHITE,I,image_000008.jpg,training/P04/WHITE/I/images/image_000008.jpg,96e087921c1d0ff5ff5b5941a8f8ced5e1e083a1fc5355444777ac1ab98ba766,6628,,,true
P04_WHITE_I_000009,P04,WHITE,I,image_000009.jpg,training/P04/WHITE/I/images/image_000009.jpg,89171589692177a8b4fd6ae5d2101e0670dcb6450152486b23dcd7cedd687d24,7125,,,true
P04_WHITE_I_000010,P04,WHITE,I,image_000010.jpg,training/P04/WHITE/I/images/image_000010.jpg,aee2cda15600a6a3037bf3018e6eab5ab05d74a257d94f3230b9e9a987f0dfaf,7281,,,true
P04_WHITE_I_000011,P04,WHITE,I,image_000011.jpg,training/P04/WHITE/I/images/image_000011.jpg,66b92e6dc5a9f1f63966813a92bfb652adcd0420b0aa122c36bd3af3de20d580,6593,,,true
P04_WHITE_I_000012,P04,WHITE,I,image_000012.jpg,training/P04/WHITE/I/images/image_000012.jpg,b2f61da03467770309dfb277ef3f914b36fa69e3c66c26f8d95032a203d7d537,6307,,,true
P04_WHITE_I_000013,P04,WHITE,I,image_000013.jpg,training/P04/WHITE/I/images/image_000013.jpg,6224ce21054886c1570ddea3934999ce547d6497d9627a238d3b1db112bec71d,6569,,,true
P04_WHITE_I_000014,P04,WHITE,I,image_000014.jpg,training/P04/WHITE/I/images/image_000014.jpg,f8c221df8ff7895ea4b20904a0f38c87b3196e9e38b44d425527817590bb9bd0,7289,,,true
P04_WHITE_I_000015,P04,WHITE,I,image_000015.jpg,training/P04/WHITE/I/images/image_000015.jpg,88568a039448632014510166504c38fb4fec9f0e1918867cbb2aa91bbefdde46,6653,,,true
P04_WHITE_I_000016,P04,WHITE,I,image_000016.jpg,training/P04/WHITE/I/images/image_000016.jpg,772ba1f1e6962f4276cf770ccd1b01556526e3dabce638ce2f2cda797a8abd40,6612,,,true
P04_WHITE_I_000017,P04,WHITE,I,image_000017.jpg,training/P04/WHITE/I/images/image_000017.jpg,8dbf6d171265d46dab98ed5d0421c5621147f69d020d25b7c230d265acc28f7b,6621,,,true
P04_WHITE_I_000018,P04,WHITE,I,image_000018.jpg,training/P04/WHITE/I/images/image_000018.jpg,9c6b2678cbd88f39cb0b698c4dbb8a48158fde44860e3a634823195c1a2fa8d3,6571,,,true
P04_WHITE_I_000019,P04,WHITE,I,image_000019.jpg,training/P04/WHITE/I/images/image_000019.jpg,1ae363aa644489ff051265261ad5d28f04b16a75e6fd3516e989c43dcc019a54,7470,,,true
P04_WHITE_I_000020,P04,WHITE,I,image_000020.jpg,training/P04/WHITE/I/images/image_000020.jpg,35683e44254bc14bb2a9ece5b59c997d29fa1e794122d39ce7bfbb69f8a6f259,7144,,,true
P04_WHITE_I_000021,P04,WHITE,I,image_000021.jpg,training/P04/WHITE/I/images/image_000021.jpg,5ab158b53a95c246019e7088872b73afc548c11cb110d317454a6d0d699bcfb8,7324,,,true
P04_WHITE_I_000022,P04,WHITE,I,image_000022.jpg,training/P04/WHITE/I/images/image_000022.jpg,a101223efdf800eaa04977b205f7f16459e0e0b9f60bf968a53af7f49f7bfa0f,7538,,,true
P04_WHITE_I_000023,P04,WHITE,I,image_000023.jpg,training/P04/WHITE/I/images/image_000023.jpg,00f36208f2b492e4b2c04d4c3e7962ccbfbdb41463396df31966a104ef753f73,7166,,,true
P04_WHITE_I_000024,P04,WHITE,I,image_000024.jpg,training/P04/WHITE/I/images/image_000024.jpg,9948569acd904b6ff7eb5f5248c512a7ca5b10661f2d19de19467492e597606c,6946,,,true
P04_WHITE_I_000025,P04,WHITE,I,image_000025.jpg,training/P04/WHITE/I/images/image_000025.jpg,7b0e08a1f6103b53b1405cebc1a4990b94686329f0f929c78b55e07be335ac61,6996,,,true
P04_WHITE_L_000001,P04,WHITE,L,image_000001.jpg,training/P04/WHITE/L/images/image_000001.jpg,0c1a7d1679522beec1c01a9abe8eedd6dde9bdbfb9a0d7b78d3556cdf50237c0,6814,,,true
P04_WHITE_L_000002,P04,WHITE,L,image_000002.jpg,training/P04/WHITE/L/images/image_000002.jpg,0e18a5ec0e4c3621e7a2bc2caafe527170b63367c8e055053edee558618e3af1,6753,,,true
P04_WHITE_L_000003,P04,WHITE,L,image_000003.jpg,training/P04/WHITE/L/images/image_000003.jpg,558d7812d658510f23686e53f7ba7fac798b51104f67568af7d23e7e0262bc95,6637,,,true
P04_WHITE_L_000004,P04,WHITE,L,image_000004.jpg,training/P04/WHITE/L/images/image_000004.jpg,31a6522485a2b0f1d08383443fb7eb157dc9d94f36683d7344de2439f965c4d9,6935,,,true
P04_WHITE_L_000005,P04,WHITE,L,image_000005.jpg,training/P04/WHITE/L/images/image_000005.jpg,8a32771ae921799a437f068c6fab62a60b51acbbcc2b3df10c4bed899232fad5,7187,,,true
P04_WHITE_L_000006,P04,WHITE,L,image_000006.jpg,training/P04/WHITE/L/images/image_000006.jpg,e2f6cf0b14529f254dbc3e612737ff07b6cfaa645477c74b0656ca23804ff043,7029,,,true
P04_WHITE_L_000007,P04,WHITE,L,image_000007.jpg,training/P04/WHITE/L/images/image_000007.jpg,20f0d5306ece6ddb693355a8dc44d4a12e6748ed023973725874b2e27f1fe0c9,7042,,,true
P04_WHITE_L_000008,P04,WHITE,L,image_000008.jpg,training/P04/WHITE/L/images/image_000008.jpg,8ec490da7c738a382e995a0edb2866d1d4cbdd147e45fd6862a90fe370cf4c3e,6966,,,true
P04_WHITE_L_000009,P04,WHITE,L,image_000009.jpg,training/P04/WHITE/L/images/image_000009.jpg,f289d8274ae7e06fc4a70e7aa55a8dd61f0375cd438205c1ce21387cc22ef873,7037,,,true
P04_WHITE_L_000010,P04,WHITE,L,image_000010.jpg,training/P04/WHITE/L/images/image_000010.jpg,17aef51e5df4342ffa24a583eac9529df82f0da816ad13d23a717e1f63319f8c,7074,,,true
P04_WHITE_L_000011,P04,WHITE,L,image_000011.jpg,training/P04/WHITE/L/images/image_000011.jpg,1063eb4fadf6fbedc6faaba5880b99b13cb0cfdac90b75223573fadcad1dd3ce,7023,,,true
P04_WHITE_L_000012,P04,WHITE,L,image_000012.jpg,training/P04/WHITE/L/images/image_000012.jpg,5e56dea1bd3977611354ae2baec7b049ead22e46378d052d99d926c4ccac666c,6891,,,true
P04_WHITE_L_000013,P04,WHITE,L,image_000013.jpg,training/P04/WHITE/L/images/image_000013.jpg,8ea6a63bd896b0ecb7ce927fae767e4913826b4ec49694bca5ad3a5d7b200771,7352,,,true
P04_WHITE_L_000014,P04,WHITE,L,image_000014.jpg,training/P04/WHITE/L/images/image_000014.jpg,9d1e5810e7d66d9ba5e2c03d6ac49debd2da727eda2cc28e9ec8be86ec577f22,7334,,,true
P04_WHITE_L_000015,P04,WHITE,L,image_000015.jpg,training/P04/WHITE/L/images/image_000015.jpg,d76c892e99e7fe9e46af6f1daac885cbee5751bddc25059709aa1e345547ecc4,7237,,,true
P04_WHITE_L_000016,P04,WHITE,L,image_000016.jpg,training/P04/WHITE/L/images/image_000016.jpg,8a237ae4db8abe80ddfac1b7ac2a804f427b5aa9b7e3919f4a7c21c747c508eb,7411,,,true
P04_WHITE_L_000017,P04,WHITE,L,image_000017.jpg,training/P04/WHITE/L/images/image_000017.jpg,615ed5fa1671016363d33008939b2a91fd1de6cba13dadc098f1add7385296a0,7241,,,true
P04_WHITE_L_000018,P04,WHITE,L,image_000018.jpg,training/P04/WHITE/L/images/image_000018.jpg,bf9778e28c89b7664ee68ac2fa27f95c06610711516a6ad6a8c0d467c6c765e3,7225,,,true
P04_WHITE_L_000019,P04,WHITE,L,image_000019.jpg,training/P04/WHITE/L/images/image_000019.jpg,8aa39b2a17f1edd02fe0f8ad2179438feb6c7160f4fa98d5134dd54ed8f5fbb0,7359,,,true
P04_WHITE_L_000020,P04,WHITE,L,image_000020.jpg,training/P04/WHITE/L/images/image_000020.jpg,c744aedcb753098e57c343078ce0bad689895c818c4f1959b8a14d83716e97ea,7255,,,true
P04_WHITE_L_000021,P04,WHITE,L,image_000021.jpg,training/P04/WHITE/L/images/image_000021.jpg,796eb9d467e4890f531a300b077f5979c788d9ee780e6962ea692625a29b7efa,7306,,,true
P04_WHITE_L_000022,P04,WHITE,L,image_000022.jpg,training/P04/WHITE/L/images/image_000022.jpg,77b43c9e559047a2f55a36da09658d9db7cbdc53e7453a6cbfa190ece0c0923f,7315,,,true
P04_WHITE_L_000023,P04,WHITE,L,image_000023.jpg,training/P04/WHITE/L/images/image_000023.jpg,5ab229b8692cec1ba8adf80e30a14a26e9ddf768b10fb89af9ec5399a2a52ff2,7279,,,true
P04_WHITE_L_000024,P04,WHITE,L,image_000024.jpg,training/P04/WHITE/L/images/image_000024.jpg,1933270c54e716c052b87e5cb7f2cba010b90a5601b98d56289abd571c91d75d,7154,,,true
P04_WHITE_L_000025,P04,WHITE,L,image_000025.jpg,training/P04/WHITE/L/images/image_000025.jpg,c8825951d1764711fa9d17f9f3f7bf95bae1074c707ff8c03d4eb4c8d2951ae3,7465,,,true
P04_WHITE_M_000001,P04,WHITE,M,image_000001.jpg,training/P04/WHITE/M/images/image_000001.jpg,270a7c7287bc94155553ecd9a45f31b0b78b4d616b3bce2311a486389f091346,4377,,,true
P04_WHITE_M_000002,P04,WHITE,M,image_000002.jpg,training/P04/WHITE/M/images/image_000002.jpg,02334cdd2b349c9a43d531649b0c493cf506f88b22c9b74b033ae204dd876ca6,4791,,,true
P04_WHITE_M_000003,P04,WHITE,M,image_000003.jpg,training/P04/WHITE/M/images/image_000003.jpg,4821de843ec61adcbc249e75df13dba48c58a982512f396f8d4efdfa9c941d23,4157,,,true
P04_WHITE_M_000004,P04,WHITE,M,image_000004.jpg,training/P04/WHITE/M/images/image_000004.jpg,e3fbf7d0750822d4c7fa6d5bb77a74d0cf3174053dfd7bc4aea2230097a1310e,7683,,,true
P04_WHITE_M_000005,P04,WHITE,M,image_000005.jpg,training/P04/WHITE/M/images/image_000005.jpg,1b3b4aaa5057dffc89daa2723263f488d1da8c6044084be4d0ac75f99553c1da,7533,,,true
P04_WHITE_M_000006,P04,WHITE,M,image_000006.jpg,training/P04/WHITE/M/images/image_000006.jpg,cccc1dc3cb79936aba7331496d6f1cf4654a29f9bfa85fb8de00f826dc6a61c9,7743,,,true
P04_WHITE_M_000007,P04,WHITE,M,image_000007.jpg,training/P04/WHITE/M/images/image_000007.jpg,cc8b7bd9ab0d5d0f887dce1fd2510d7ced70c9ff0ee630e8d9388fa8add6b676,8080,,,true
P04_WHITE_M_000008,P04,WHITE,M,image_000008.jpg,training/P04/WHITE/M/images/image_000008.jpg,4abce68b398172f8ea51c6ad687f1f83c9634e5822eff8bf518154b9b97d7335,7237,,,true
P04_WHITE_M_000009,P04,WHITE,M,image_000009.jpg,training/P04/WHITE/M/images/image_000009.jpg,0da8af7edbfa6b7b5b9fad05e275570c36a7f16c8e1f0efd2a3ed5f8bbb08274,6860,,,true
P04_WHITE_M_000010,P04,WHITE,M,image_000010.jpg,training/P04/WHITE/M/images/image_000010.jpg,4d0eb1084a58684f15af9b027c057cac1f5932315e724d8dc8a67429d0e2ae69,6544,,,true
P04_WHITE_M_000011,P04,WHITE,M,image_000011.jpg,training/P04/WHITE/M/images/image_000011.jpg,f2391591c859b1b78a4be24d6ed653c41078dd806a0b4ccefb4f9bf6f6a45c67,7010,,,true
P04_WHITE_M_000012,P04,WHITE,M,image_000012.jpg,training/P04/WHITE/M/images/image_000012.jpg,caec30e3923f1f5c265d7c10327cc1ce3d602f78acc3410d2b50094f044d0ecf,7215,,,true
P04_WHITE_M_000013,P04,WHITE,M,image_000013.jpg,training/P04/WHITE/M/images/image_000013.jpg,5c0ea8c38cd04c299157105913bf4620201710efe54e348a5414efc7f34d2eff,6931,,,true
P04_WHITE_M_000014,P04,WHITE,M,image_000014.jpg,training/P04/WHITE/M/images/image_000014.jpg,0d758bfb5885f2fbddd1509cbcac1e4e321af75fe28f3392a2c575f9cc223812,6791,,,true
P04_WHITE_M_000015,P04,WHITE,M,image_000015.jpg,training/P04/WHITE/M/images/image_000015.jpg,c43dc2ec1719e9fff768ca2e5d40a780afae770aa1af80ad30f9b1678dec6939,6620,,,true
P04_WHITE_M_000016,P04,WHITE,M,image_000016.jpg,training/P04/WHITE/M/images/image_000016.jpg,5a435cf3f4367690c052a873017b9af036d320990bf47162b47bb8ad95babf13,6761,,,true
P04_WHITE_M_000017,P04,WHITE,M,image_000017.jpg,training/P04/WHITE/M/images/image_000017.jpg,6f3d70f186c7c7f45034a3fe2c571da1272e227edcbfa23dfd1b70349a37f161,6848,,,true
P04_WHITE_M_000018,P04,WHITE,M,image_000018.jpg,training/P04/WHITE/M/images/image_000018.jpg,d389be62d89a5e230279b23ceb2b92fe0f4a2032e517f1d02dfc290c376a9d92,6763,,,true
P04_WHITE_M_000019,P04,WHITE,M,image_000019.jpg,training/P04/WHITE/M/images/image_000019.jpg,b177280a2ad805e28d46719b14cd5e1311f31cedfa250d50b97e31bcc7ad4e76,6993,,,true
P04_WHITE_M_000020,P04,WHITE,M,image_000020.jpg,training/P04/WHITE/M/images/image_000020.jpg,246b5e7cdc6d6bae2228a45130901aa439d9b9761f672403d180a5be6bd2843e,7231,,,true
P04_WHITE_M_000021,P04,WHITE,M,image_000021.jpg,training/P04/WHITE/M/images/image_000021.jpg,1c97d81c6f43e469e7cdfdea5a57d03c7714352c6b173bd2556b3ac876ffec9e,7439,,,true
P04_WHITE_M_000022,P04,WHITE,M,image_000022.jpg,training/P04/WHITE/M/images/image_000022.jpg,71a88b413a266ebe570423aba91c303b088f8024bb9d8516733f73e90ef4a3b0,7115,,,true
P04_WHITE_M_000023,P04,WHITE,M,image_000023.jpg,training/P04/WHITE/M/images/image_000023.jpg,738e68db52e84ddbb2e048473cfc8e015b07b91b57fcfe2d24d6aa32b41256c7,7310,,,true
P04_WHITE_M_000024,P04,WHITE,M,image_000024.jpg,training/P04/WHITE/M/images/image_000024.jpg,26aa7bb638abf876474a8a287d0dcfa8cbafe4b612b76173f9a16fb58ba4e1e3,7340,,,true
P04_WHITE_M_000025,P04,WHITE,M,image_000025.jpg,training/P04/WHITE/M/images/image_000025.jpg,ab2fde7416e56f189c9c19d60dfc26f7e2e7ab63c1d5b2d92a725dd29b462126,7686,,,true
P04_WHITE_N_000001,P04,WHITE,N,image_000001.jpg,training/P04/WHITE/N/images/image_000001.jpg,f3c51e592c764ef1e5e7f1ba83be7bf64e111c23e6c6a61ae1d97bdbb2d46989,7990,,,true
P04_WHITE_N_000002,P04,WHITE,N,image_000002.jpg,training/P04/WHITE/N/images/image_000002.jpg,3939e7514c85d526e4dee1fbb4d6259eb8d1e7f5b6822d838e67a29c05d78880,8241,,,true
P04_WHITE_N_000003,P04,WHITE,N,image_000003.jpg,training/P04/WHITE/N/images/image_000003.jpg,814021407798186d0aa320d2ad983a2bd92072f754c9fb87b2324e5a9b8a1ddf,7994,,,true
P04_WHITE_N_000004,P04,WHITE,N,image_000004.jpg,training/P04/WHITE/N/images/image_000004.jpg,bdbd386a2605cfc4b0e8e7c87c7b5c25bf4e4333a363d6dec9c2801a0c330e25,7320,,,true
P04_WHITE_N_000005,P04,WHITE,N,image_000005.jpg,training/P04/WHITE/N/images/image_000005.jpg,bd9e931809f631d4a359dc0d6f944900480806cfa470a814e63fa099b3af8d8a,8020,,,true
P04_WHITE_N_000006,P04,WHITE,N,image_000006.jpg,training/P04/WHITE/N/images/image_000006.jpg,ce5bd43bfdf02f172e16e76b3c46ebd031c21b71cb5c451d7f4d41ea6085d520,7956,,,true
P04_WHITE_N_000007,P04,WHITE,N,image_000007.jpg,training/P04/WHITE/N/images/image_000007.jpg,4a8152691386049a4d4dab1a37dfe80ba205cc605f745b12e807b7c730c6080c,8147,,,true
P04_WHITE_N_000008,P04,WHITE,N,image_000008.jpg,training/P04/WHITE/N/images/image_000008.jpg,f52b655adb088be4ca4c64174f558fa973c67aa7421697b25ff0ae1fc6aa91f0,8096,,,true
P04_WHITE_N_000009,P04,WHITE,N,image_000009.jpg,training/P04/WHITE/N/images/image_000009.jpg,7c73c7a6259dc23ea3fd489da1468033e55fdb9c00804025c08fe55a9048ae12,7478,,,true
P04_WHITE_N_000010,P04,WHITE,N,image_000010.jpg,training/P04/WHITE/N/images/image_000010.jpg,c04e58f352cbef3cee702fbee20228ab931aa8a844b6972a710260eb37cf3bc2,8349,,,true
P04_WHITE_N_000011,P04,WHITE,N,image_000011.jpg,training/P04/WHITE/N/images/image_000011.jpg,0223ca474581a318f77c70f9c0df32f740d1c049e7839409738da26f855e03a5,8539,,,true
P04_WHITE_N_000012,P04,WHITE,N,image_000012.jpg,training/P04/WHITE/N/images/image_000012.jpg,422c8f279f56e556bfe17da7b471e65def0642b79a6630a2278ef46e47aa41c0,8625,,,true
P04_WHITE_N_000013,P04,WHITE,N,image_000013.jpg,training/P04/WHITE/N/images/image_000013.jpg,59ec0ef032e3561253d1eed1c25d8d6639d4ef366d2cc20d0a7550b9fe97a072,8495,,,true
P04_WHITE_N_000014,P04,WHITE,N,image_000014.jpg,training/P04/WHITE/N/images/image_000014.jpg,86611d060c2d7a577bc8a5855d6e4b2f1d30c240e271a5b3ee1c62469abd5251,8210,,,true
P04_WHITE_N_000015,P04,WHITE,N,image_000015.jpg,training/P04/WHITE/N/images/image_000015.jpg,e2e86b31d2e9eedc75919e9d33a3ca100b347a56d9d2ddcdaf5bc94e0f512fb5,7113,,,true
P04_WHITE_N_000016,P04,WHITE,N,image_000016.jpg,training/P04/WHITE/N/images/image_000016.jpg,40d953483060e781c16b87ac0188e84bfdef4eafcc6f6064fb1bb50e4e94778f,7000,,,true
P04_WHITE_N_000017,P04,WHITE,N,image_000017.jpg,training/P04/WHITE/N/images/image_000017.jpg,0ca27233c460025c8df0de9fc4e4f2d400234bfc261764a93105bfc8251c4235,7295,,,true
P04_WHITE_N_000018,P04,WHITE,N,image_000018.jpg,training/P04/WHITE/N/images/image_000018.jpg,a80702ebea1db8a376aa48ac4e5509ea2c5d3c3e4529ba308a03a926c19e897c,7549,,,true
P04_WHITE_N_000019,P04,WHITE,N,image_000019.jpg,training/P04/WHITE/N/images/image_000019.jpg,6f8e88c06a8181ffab0a1eea38f068e0a5b6256126d33d1d86755ccce74ce6d6,7383,,,true
P04_WHITE_N_000020,P04,WHITE,N,image_000020.jpg,training/P04/WHITE/N/images/image_000020.jpg,a14551df50bcc22b2867bee4840e3b460ea3302185e4c28b684d3baf213349aa,7494,,,true
P04_WHITE_N_000021,P04,WHITE,N,image_000021.jpg,training/P04/WHITE/N/images/image_000021.jpg,70d84b3e3b2e78f1d86ab744d226e057815c5eac217ff4b87b5bc3644ae002c6,7409,,,true
P04_WHITE_N_000022,P04,WHITE,N,image_000022.jpg,training/P04/WHITE/N/images/image_000022.jpg,a4ee6f93a29c6ce10c45c90d7e1380e9a36eae888cbf359d15eb4fb5630a148d,7540,,,true
P04_WHITE_N_000023,P04,WHITE,N,image_000023.jpg,training/P04/WHITE/N/images/image_000023.jpg,480a9928db843b1f49caba514832ee9136ed26f66fa716f37fee96ce1047100c,7741,,,true
P04_WHITE_N_000024,P04,WHITE,N,image_000024.jpg,training/P04/WHITE/N/images/image_000024.jpg,014fb622bd42af8be4c1066167865d4141557706dd0cc10ef31d7f680c0d6aae,7535,,,true
P04_WHITE_N_000025,P04,WHITE,N,image_000025.jpg,training/P04/WHITE/N/images/image_000025.jpg,30f6b0511cc0d77b4ad8313c3cedee434c39f3f799045d90d319e2d354bcabc1,7500,,,true
P04_WHITE_O_000001,P04,WHITE,O,image_000001.jpg,training/P04/WHITE/O/images/image_000001.jpg,62e4d51d31ff129b9a8f59ee472f78f297b1fab19887e0ebc42c4d3c7f57797b,8214,,,true
P04_WHITE_O_000002,P04,WHITE,O,image_000002.jpg,training/P04/WHITE/O/images/image_000002.jpg,be9d195cceee880b017cc45510ccd278f1cc0fb23842bbdad8d8e5b952d087c8,7823,,,true
P04_WHITE_O_000003,P04,WHITE,O,image_000003.jpg,training/P04/WHITE/O/images/image_000003.jpg,9a50e017c22790669404d7a0f9229f389e72c537deb26406d29571fd05b8bd7d,7711,,,true
P04_WHITE_O_000004,P04,WHITE,O,image_000004.jpg,training/P04/WHITE/O/images/image_000004.jpg,a845ede0d0e80e030ba71cf93eb9002fd8ff5fd90a1209beea5ee422a2b4925a,7555,,,true
P04_WHITE_O_000005,P04,WHITE,O,image_000005.jpg,training/P04/WHITE/O/images/image_000005.jpg,8a8027e082e5f1cc244a4197d9be78906f1b0ab992e6bcfe866ba29cc841dbdf,7522,,,true
P04_WHITE_O_000006,P04,WHITE,O,image_000006.jpg,training/P04/WHITE/O/images/image_000006.jpg,65e81ecac27a4fd8d460c40b11a51d68758388411e6655e4fbce41d55483c343,8201,,,true
P04_WHITE_O_000007,P04,WHITE,O,image_000007.jpg,training/P04/WHITE/O/images/image_000007.jpg,168d12909bdfc31eedd0bbe8897e45c73e4950064b9de63814a2369032d7e98a,8154,,,true
P04_WHITE_O_000008,P04,WHITE,O,image_000008.jpg,training/P04/WHITE/O/images/image_000008.jpg,24717e0ef9345be1de2ef876957366543448f72637ea55d396bde39810725a40,8157,,,true
P04_WHITE_O_000009,P04,WHITE,O,image_000009.jpg,training/P04/WHITE/O/images/image_000009.jpg,649cd1f0b014d4573f67a7f974473c66fc298ab2164f8b45530c8834dd0fc241,8033,,,true
P04_WHITE_O_000010,P04,WHITE,O,image_000010.jpg,training/P04/WHITE/O/images/image_000010.jpg,6f8e2c1d8c2231c9e1a04f35404c6236fb35945a76f7a9a68840b81254871f93,7881,,,true
P04_WHITE_O_000011,P04,WHITE,O,image_000011.jpg,training/P04/WHITE/O/images/image_000011.jpg,a3cb9892ffab1c481c68cd779eebd5ad168e69cf5cac784adbe4c955fa42a1bd,8268,,,true
P04_WHITE_O_000012,P04,WHITE,O,image_000012.jpg,training/P04/WHITE/O/images/image_000012.jpg,c4267560a74b621ee863e300af4373aa98356b5b99dad903e6adfbe99c325fc0,8113,,,true
P04_WHITE_O_000013,P04,WHITE,O,image_000013.jpg,training/P04/WHITE/O/images/image_000013.jpg,027f48b4addeb2283247a6d220d03c76789f31ac6650e2df59b34d0b7105a795,8073,,,true
P04_WHITE_O_000014,P04,WHITE,O,image_000014.jpg,training/P04/WHITE/O/images/image_000014.jpg,fafebda48d68d534ae13e3f8e333f25ed479654271256e583155f9dca66b31c7,7553,,,true
P04_WHITE_O_000015,P04,WHITE,O,image_000015.jpg,training/P04/WHITE/O/images/image_000015.jpg,54384134bed48f443ac64bee42cf2389e6be032ac3cd15dfc0dbbe87b04f08e8,7626,,,true
P04_WHITE_O_000016,P04,WHITE,O,image_000016.jpg,training/P04/WHITE/O/images/image_000016.jpg,61dbd38f776dc43fc882824ff790669df55aa8ee5a0f502500bee2ca8e325641,7303,,,true
P04_WHITE_O_000017,P04,WHITE,O,image_000017.jpg,training/P04/WHITE/O/images/image_000017.jpg,dff1c56551195d2559eea4f56903f2db462f8601d3fb82db800975a58f6addb3,7380,,,true
P04_WHITE_O_000018,P04,WHITE,O,image_000018.jpg,training/P04/WHITE/O/images/image_000018.jpg,85921458d10d2056242a5a7489facab571ea0c766acb34469b173425f16fdd41,7651,,,true
P04_WHITE_O_000019,P04,WHITE,O,image_000019.jpg,training/P04/WHITE/O/images/image_000019.jpg,eef4ed587e5a30a9561d4def2ecfbb9db3ab5f6db8a1c5d2c936037f5969e22c,8172,,,true
P04_WHITE_O_000020,P04,WHITE,O,image_000020.jpg,training/P04/WHITE/O/images/image_000020.jpg,35fc86a47ab8531d154b55e7e7cd39cc92508f9824cb4eb0670cebbe6f465c63,7865,,,true
P04_WHITE_O_000021,P04,WHITE,O,image_000021.jpg,training/P04/WHITE/O/images/image_000021.jpg,c6722cd031df813a0694338c12045dcf99e8b5f9970254ba2f47fb0bec5ef6d8,7540,,,true
P04_WHITE_O_000022,P04,WHITE,O,image_000022.jpg,training/P04/WHITE/O/images/image_000022.jpg,4a220dfd745a36bc18f771f315eae54af58ec526925ff31ff6599f9b7c7a64ea,8001,,,true
P04_WHITE_O_000023,P04,WHITE,O,image_000023.jpg,training/P04/WHITE/O/images/image_000023.jpg,f944fa265d6e49d1620a1562a9a524f730437ebe16010bf6af3fb9bc0d79c29a,7947,,,true
P04_WHITE_O_000024,P04,WHITE,O,image_000024.jpg,training/P04/WHITE/O/images/image_000024.jpg,de7a57da9f475a6baa7c70b52c91c8ffca974ff1599d5a50cbbc9af347a53ec0,7692,,,true
P04_WHITE_O_000025,P04,WHITE,O,image_000025.jpg,training/P04/WHITE/O/images/image_000025.jpg,b731ce6327830f3d270a28bf23ad04883c45e42c2678f8a89f7eaf6f06022873,7427,,,true
P04_WHITE_P_000001,P04,WHITE,P,image_000001.jpg,training/P04/WHITE/P/images/image_000001.jpg,4b18c65b17d2a657f27b9082c8f8993df968743b1054f966abc30fc7a378e327,6774,,,true
P04_WHITE_P_000002,P04,WHITE,P,image_000002.jpg,training/P04/WHITE/P/images/image_000002.jpg,cb45f41dbdc6b26d3d85c3bfba6470785278305c488d3a9d89c30b9968bb24c0,6568,,,true
P04_WHITE_P_000003,P04,WHITE,P,image_000003.jpg,training/P04/WHITE/P/images/image_000003.jpg,f6b538ca51ba6b263a6657d1689e28c2358a17f5117bf24c0e347a08cafabd6d,6502,,,true
P04_WHITE_P_000004,P04,WHITE,P,image_000004.jpg,training/P04/WHITE/P/images/image_000004.jpg,477124e328197ff313bbc7108a890585708953d541b5f2efae8aa4d3646bae92,6393,,,true
P04_WHITE_P_000005,P04,WHITE,P,image_000005.jpg,training/P04/WHITE/P/images/image_000005.jpg,c0bcbe5cb2dc029fc0de402387bc239b685e1d9091abfa05932933df07c471ba,6608,,,true
P04_WHITE_P_000006,P04,WHITE,P,image_000006.jpg,training/P04/WHITE/P/images/image_000006.jpg,72988776863a5b74027ea6a0fe515add6dd75376fe3b77b26ac209ce747f3d1d,6373,,,true
P04_WHITE_P_000007,P04,WHITE,P,image_000007.jpg,training/P04/WHITE/P/images/image_000007.jpg,f00fc54502c00e24f39eb620f4083fca3aa9d6f77284e96f42b0619d9e791442,6224,,,true
P04_WHITE_P_000008,P04,WHITE,P,image_000008.jpg,training/P04/WHITE/P/images/image_000008.jpg,c5336b62e2af0a10068ca5e6e64d261dcd9bb9b972d72b86d831bebd80e3912b,6227,,,true
P04_WHITE_P_000009,P04,WHITE,P,image_000009.jpg,training/P04/WHITE/P/images/image_000009.jpg,ab90e735ee3cc41cbce03b9eee0c6f976b78030a094673a348b4afc664c9bddc,6839,,,true
P04_WHITE_P_000010,P04,WHITE,P,image_000010.jpg,training/P04/WHITE/P/images/image_000010.jpg,6f7d060f22390022ca2ff8cd49a7f77475949eaac851cf1ba7038856b96a77a1,7406,,,true
P04_WHITE_P_000011,P04,WHITE,P,image_000011.jpg,training/P04/WHITE/P/images/image_000011.jpg,0095c4685541d9ad8b553e0ddd9cd285f2cd6d28f19dae5708b70486689ccd94,6631,,,true
P04_WHITE_P_000012,P04,WHITE,P,image_000012.jpg,training/P04/WHITE/P/images/image_000012.jpg,01c6a79930a381a87a054c1c24e1c1dec8976862ae43a86f63491e22ef90f195,6549,,,true
P04_WHITE_P_000013,P04,WHITE,P,image_000013.jpg,training/P04/WHITE/P/images/image_000013.jpg,867804af3d6f5b5c7bc82f71e3396cf84b747651e56d131b666d1ddb1216f84b,6516,,,true
P04_WHITE_P_000014,P04,WHITE,P,image_000014.jpg,training/P04/WHITE/P/images/image_000014.jpg,781fa2149c2a8638d1be555e34ff42fcfc52510884f46e740b6a41b170d7cee5,7104,,,true
P04_WHITE_P_000015,P04,WHITE,P,image_000015.jpg,training/P04/WHITE/P/images/image_000015.jpg,601c95a2c34ceecd5516a3ed2eb6ee887e1b6d3bbe04047ad63e4c3883398516,6795,,,true
P04_WHITE_P_000016,P04,WHITE,P,image_000016.jpg,training/P04/WHITE/P/images/image_000016.jpg,b8043cd3e7549b5ed8082f61ecde9e609459847dd1416482c602567c8f34874e,6737,,,true
P04_WHITE_P_000017,P04,WHITE,P,image_000017.jpg,training/P04/WHITE/P/images/image_000017.jpg,853579922780e0249d75ceb5a079898aaf44373f5715154d8b47f33b594c9f9d,6926,,,true
P04_WHITE_P_000018,P04,WHITE,P,image_000018.jpg,training/P04/WHITE/P/images/image_000018.jpg,848cb1d519a8f09213dedf0100db28bbf48f044c8c415732bf2c83a94274228e,7040,,,true
P04_WHITE_P_000019,P04,WHITE,P,image_000019.jpg,training/P04/WHITE/P/images/image_000019.jpg,04fe04cc6cd2799634248419a3bd8a3c86c357fbf3d7df8b30b1e17e80414892,6966,,,true
P04_WHITE_P_000020,P04,WHITE,P,image_000020.jpg,training/P04/WHITE/P/images/image_000020.jpg,df81d12fdaab30e05c24dd6d00d1ccc936141eb079a65ea93ccd732a96b82b56,6643,,,true
P04_WHITE_P_000021,P04,WHITE,P,image_000021.jpg,training/P04/WHITE/P/images/image_000021.jpg,b4e47e901308a248299e5b7f9bc3f3595593f9e46ba562fb28797d053913b52f,6923,,,true
P04_WHITE_P_000022,P04,WHITE,P,image_000022.jpg,training/P04/WHITE/P/images/image_000022.jpg,b5f89a3f117e00b0f131345404ce9be727335c713c95a39e6cbf54aa314ce984,6990,,,true
P04_WHITE_P_000023,P04,WHITE,P,image_000023.jpg,training/P04/WHITE/P/images/image_000023.jpg,96870e6bc2f4cbcb7d6a5792a89f5f35fb9e9f0b940fa088366283a65229fcb5,6518,,,true
P04_WHITE_P_000024,P04,WHITE,P,image_000024.jpg,training/P04/WHITE/P/images/image_000024.jpg,a61d58735d9b5c79c45cdce7c0f4f027aa001416e6e12b023d7b725d8bc1dfa2,6677,,,true
P04_WHITE_P_000025,P04,WHITE,P,image_000025.jpg,training/P04/WHITE/P/images/image_000025.jpg,e20531820223ddac1aceaf2b6bc6ecabda866349cbf3bc1cc7bc02e0cf4ff9db,6725,,,true
P04_WHITE_R_000001,P04,WHITE,R,image_000001.jpg,training/P04/WHITE/R/images/image_000001.jpg,1fa4ddd93c486c48588659050735a298953663b11f8c167e5728fc68a510c6c8,6792,,,true
P04_WHITE_R_000002,P04,WHITE,R,image_000002.jpg,training/P04/WHITE/R/images/image_000002.jpg,8c9da89df0a7e2686ae4f6d603f7b88b45d0654163754f5d84e177d4c9747c5e,6610,,,true
P04_WHITE_R_000003,P04,WHITE,R,image_000003.jpg,training/P04/WHITE/R/images/image_000003.jpg,b5a5b5a0485d9bca11a1afb2e0fb79b0995a505ff909beefdd5e0e054ff6b22a,6504,,,true
P04_WHITE_R_000004,P04,WHITE,R,image_000004.jpg,training/P04/WHITE/R/images/image_000004.jpg,7c0a40a6a0af7eac1fae85ce5ab26beecd83449bc456722f954c2a2d6e231350,7107,,,true
P04_WHITE_R_000005,P04,WHITE,R,image_000005.jpg,training/P04/WHITE/R/images/image_000005.jpg,0e8c4447126b425cd20acf642f276e601f5e41d6918c7b9207dabeccc0a2f993,6819,,,true
P04_WHITE_R_000006,P04,WHITE,R,image_000006.jpg,training/P04/WHITE/R/images/image_000006.jpg,f230c601bfea00edcee2a5ecb66717a9f49e03cd13562a6e8b65915b9430cbdf,6649,,,true
P04_WHITE_R_000007,P04,WHITE,R,image_000007.jpg,training/P04/WHITE/R/images/image_000007.jpg,6cf89f488bf6aecc76546c15fc0e86eff6716aa06ba4a629774d9c7fbad4c66f,6538,,,true
P04_WHITE_R_000008,P04,WHITE,R,image_000008.jpg,training/P04/WHITE/R/images/image_000008.jpg,41b1ff7283fbdffe1e424ac46c03d9d5378d100661ec3ce5afd61a426b52cd71,6550,,,true
P04_WHITE_R_000009,P04,WHITE,R,image_000009.jpg,training/P04/WHITE/R/images/image_000009.jpg,fafd2c8da067d27cea85be9ab831e0270fd7e3696f37338e81a68c38c64caf80,6582,,,true
P04_WHITE_R_000010,P04,WHITE,R,image_000010.jpg,training/P04/WHITE/R/images/image_000010.jpg,778ed37498b2e7cfcd03cf939a1514dfe54c2d0a05ca1e337eb69690e275cafe,6492,,,true
P04_WHITE_R_000011,P04,WHITE,R,image_000011.jpg,training/P04/WHITE/R/images/image_000011.jpg,8f8f78b88bf996b0d376ff1ccd1280c9e1a7c6fcee52243964f75c7e7fc4fa9c,6409,,,true
P04_WHITE_R_000012,P04,WHITE,R,image_000012.jpg,training/P04/WHITE/R/images/image_000012.jpg,87aa7e67d1cd5c0a20a39bcc2d86bd3d1b9e69e5a911d2764e2dc76290430d02,6879,,,true
P04_WHITE_R_000013,P04,WHITE,R,image_000013.jpg,training/P04/WHITE/R/images/image_000013.jpg,7ac3887bb4041c0ac16a8b9d147049ad10629c8cfde2ae70f932067be737f274,6833,,,true
P04_WHITE_R_000014,P04,WHITE,R,image_000014.jpg,training/P04/WHITE/R/images/image_000014.jpg,856457dd3a77568ead50e233737d93c32a8978a360c0081bf959f24fe6b59cb1,6698,,,true
P04_WHITE_R_000015,P04,WHITE,R,image_000015.jpg,training/P04/WHITE/R/images/image_000015.jpg,6e292213771585ad8dc5097757e2a629b2308ae664a8928eb9bd98560395696d,6608,,,true
P04_WHITE_R_000016,P04,WHITE,R,image_000016.jpg,training/P04/WHITE/R/images/image_000016.jpg,5eccf4a83cf114fdbb87456f10cd4a286e4ce65370ecba33bdf373aa849a45a1,7357,,,true
P04_WHITE_R_000017,P04,WHITE,R,image_000017.jpg,training/P04/WHITE/R/images/image_000017.jpg,abd45bbddc9d5e7897a170ae8e81ca56fd24b1f13e4d85e6613670cfe52a2de9,7058,,,true
P04_WHITE_R_000018,P04,WHITE,R,image_000018.jpg,training/P04/WHITE/R/images/image_000018.jpg,985ac3342593c72f8caa11f50fc47f812ba6dec0933b4cd1d5d4ec5f1457d0fd,6947,,,true
P04_WHITE_R_000019,P04,WHITE,R,image_000019.jpg,training/P04/WHITE/R/images/image_000019.jpg,3b09486f94ba3764fb012ff1ae329bf76333c37f58ac4a067735aed86a67b9f0,7013,,,true
P04_WHITE_R_000020,P04,WHITE,R,image_000020.jpg,training/P04/WHITE/R/images/image_000020.jpg,d1534532040dba9ea99b8f353e4cbdd7c4caec6585a61eca1caee079e6341bd7,7058,,,true
P04_WHITE_R_000021,P04,WHITE,R,image_000021.jpg,training/P04/WHITE/R/images/image_000021.jpg,3735e3e7b3c5fcfef521f8930ae3b3e375eee9948f660d25d508a873c50e5086,6854,,,true
P04_WHITE_R_000022,P04,WHITE,R,image_000022.jpg,training/P04/WHITE/R/images/image_000022.jpg,f831b86841338bc767a1f5fa771ce932b48849e0243da5b4e83942dec9c430b9,6863,,,true
P04_WHITE_R_000023,P04,WHITE,R,image_000023.jpg,training/P04/WHITE/R/images/image_000023.jpg,d72d7212b2c62ae985060ca86518b52f470341258707049a1dc79be6936634d3,6858,,,true
P04_WHITE_R_000024,P04,WHITE,R,image_000024.jpg,training/P04/WHITE/R/images/image_000024.jpg,2f6e646155365bdcc324766937b286f63ae12fd859c4637d171cbab303671bb2,6840,,,true
P04_WHITE_R_000025,P04,WHITE,R,image_000025.jpg,training/P04/WHITE/R/images/image_000025.jpg,a97a9e8e0fd81a67d58670cb9cb7fb6366031dca0d4751a623b0cdcde266bbf0,6684,,,true
P04_WHITE_S_000001,P04,WHITE,S,image_000001.jpg,training/P04/WHITE/S/images/image_000001.jpg,ad4643e2c2abb7884f98017c999a55f7b8d90810a079492e9f15d68ce0c34c9a,6742,,,true
P04_WHITE_S_000002,P04,WHITE,S,image_000002.jpg,training/P04/WHITE/S/images/image_000002.jpg,bf0edd29002bb1165287d0739970653f3e92add36a117e71df50a08769afa056,6649,,,true
P04_WHITE_S_000003,P04,WHITE,S,image_000003.jpg,training/P04/WHITE/S/images/image_000003.jpg,900f14ca1ab86ddafb51faf16f1d24561dead482b3c780fa4b0d1ab1223140aa,7526,,,true
P04_WHITE_S_000004,P04,WHITE,S,image_000004.jpg,training/P04/WHITE/S/images/image_000004.jpg,8030c6db83c8c992390064f817a7a399ad479f981365bffe2775c16de7d4a8f9,7256,,,true
P04_WHITE_S_000005,P04,WHITE,S,image_000005.jpg,training/P04/WHITE/S/images/image_000005.jpg,cbccd55d65bd9fe9d293ec749e35317007e4518d12ea836c1b50c7397a70d7e7,6963,,,true
P04_WHITE_S_000006,P04,WHITE,S,image_000006.jpg,training/P04/WHITE/S/images/image_000006.jpg,0d8bd4eb0177d57b28e023a5f209d6910a439fb7607fae50c5a27c449289231a,7315,,,true
P04_WHITE_S_000007,P04,WHITE,S,image_000007.jpg,training/P04/WHITE/S/images/image_000007.jpg,427719fb97bc388883840333839c815a47cb4f2a4bc3f8b2806bb0481ccd6b4a,7730,,,true
P04_WHITE_S_000008,P04,WHITE,S,image_000008.jpg,training/P04/WHITE/S/images/image_000008.jpg,ecd8e4e716512b5a77aa0ac35f857531f042250493db52ccacb6cd5e19c72c43,7905,,,true
P04_WHITE_S_000009,P04,WHITE,S,image_000009.jpg,training/P04/WHITE/S/images/image_000009.jpg,8595907606e1747643d792fa9f8459e7c480e36b5ed2af10c8714611ceb5ccda,7634,,,true
P04_WHITE_S_000010,P04,WHITE,S,image_000010.jpg,training/P04/WHITE/S/images/image_000010.jpg,c5fe2fd23e7944cf07cba53201da72d71cd67279ee668397be0b64a3bb82472b,7548,,,true
P04_WHITE_S_000011,P04,WHITE,S,image_000011.jpg,training/P04/WHITE/S/images/image_000011.jpg,f22bb50093c2f1a2e74a6d818519ff87257e99decc2233fbe63eb23a7e41eedd,7430,,,true
P04_WHITE_S_000012,P04,WHITE,S,image_000012.jpg,training/P04/WHITE/S/images/image_000012.jpg,0a55e76e4d88a054cba323ae30163d0e74380d7f5cac28d2351495736f67f536,7516,,,true
P04_WHITE_S_000013,P04,WHITE,S,image_000013.jpg,training/P04/WHITE/S/images/image_000013.jpg,ab4f416505d6861a3629bffcf34fd85b23c73884c532c3ade1b6418865cd5217,7455,,,true
P04_WHITE_S_000014,P04,WHITE,S,image_000014.jpg,training/P04/WHITE/S/images/image_000014.jpg,17b08f756a0123cf6d009025c7568292030ebe6f3c4c26fcb392740702d1c47d,7446,,,true
P04_WHITE_S_000015,P04,WHITE,S,image_000015.jpg,training/P04/WHITE/S/images/image_000015.jpg,127f4014c06e1efd767691f81fa9538fb92a93148574c5f538123d952cea7127,7325,,,true
P04_WHITE_S_000016,P04,WHITE,S,image_000016.jpg,training/P04/WHITE/S/images/image_000016.jpg,90637c053560f9b42cdef78fd983b9717788a8a88911e90bee8acafd20f3a40f,6842,,,true
P04_WHITE_S_000017,P04,WHITE,S,image_000017.jpg,training/P04/WHITE/S/images/image_000017.jpg,02cd3ac0248059c67cf584ef1d6dee7515e90d62a361ea494e94f15063006004,7254,,,true
P04_WHITE_S_000018,P04,WHITE,S,image_000018.jpg,training/P04/WHITE/S/images/image_000018.jpg,db20af3ebd53ad734c37508f9e8ec8e4b6bfc9ba4ae97e4ce86d6637539e3ece,6869,,,true
P04_WHITE_S_000019,P04,WHITE,S,image_000019.jpg,training/P04/WHITE/S/images/image_000019.jpg,08b72f2feccd9d14d6d06a184e8416962cb00f4a7c26a7d899a2fa4f24911e79,6807,,,true
P04_WHITE_S_000020,P04,WHITE,S,image_000020.jpg,training/P04/WHITE/S/images/image_000020.jpg,109ff4d9603c0d9bebd94f71412177b3b4c5d72aa418d8b0e972d758e4ae2dc5,7260,,,true
P04_WHITE_S_000021,P04,WHITE,S,image_000021.jpg,training/P04/WHITE/S/images/image_000021.jpg,432c9e10deed183cb8dec8aaf3f09c692c457d7d6713002fc56aaa84f349911c,7143,,,true
P04_WHITE_S_000022,P04,WHITE,S,image_000022.jpg,training/P04/WHITE/S/images/image_000022.jpg,d1aa3bc1f97f84c0b726ede76df93f4cef41d3ad25c42732ead2ce79e419a165,7889,,,true
P04_WHITE_S_000023,P04,WHITE,S,image_000023.jpg,training/P04/WHITE/S/images/image_000023.jpg,204ae2cb83d779e9eb9f7dcd2064f71ca7764cf3abe4c7d1f8df2325b9a773da,7524,,,true
P04_WHITE_S_000024,P04,WHITE,S,image_000024.jpg,training/P04/WHITE/S/images/image_000024.jpg,66f7b33b5937b43a7943c72dfc206665b442179ec60dbae32ba616a0ce00e2c0,6987,,,true
P04_WHITE_S_000025,P04,WHITE,S,image_000025.jpg,training/P04/WHITE/S/images/image_000025.jpg,66c408fc0f14a8696ad6675e7ef1edde14f27061d0d52644cd0f6b3631c07e9e,7925,,,true
P04_WHITE_T_000001,P04,WHITE,T,image_000001.jpg,training/P04/WHITE/T/images/image_000001.jpg,ea7c65cf9f93e4b28a4e445e2d8d42892f8c2cc149efefdbcfe543b27ebe2aa2,6986,,,true
P04_WHITE_T_000002,P04,WHITE,T,image_000002.jpg,training/P04/WHITE/T/images/image_000002.jpg,47bc7657234adfd28de75d8576a4b232f3cb33dc7e67a812eb9408be90048e84,6819,,,true
P04_WHITE_T_000003,P04,WHITE,T,image_000003.jpg,training/P04/WHITE/T/images/image_000003.jpg,4b1bd5947c5c35f782705681fad6ff131094eff9c3e6bdc8c3c6ff60d4513015,6715,,,true
P04_WHITE_T_000004,P04,WHITE,T,image_000004.jpg,training/P04/WHITE/T/images/image_000004.jpg,059d72c8b37050ff59c685f5e428c43b1376d2b26ecad1d982bb13ed6cb5cdb6,7087,,,true
P04_WHITE_T_000005,P04,WHITE,T,image_000005.jpg,training/P04/WHITE/T/images/image_000005.jpg,8c6a7ad0501445e416228bab4ff0385bd2a1110442cd38fd0ae111e290894da7,6840,,,true
P04_WHITE_T_000006,P04,WHITE,T,image_000006.jpg,training/P04/WHITE/T/images/image_000006.jpg,7e838c4d9f5ddb6a41b4e23bd7fcdb0cd4a2ffc926898a4e38e9e1363c0a302b,6611,,,true
P04_WHITE_T_000007,P04,WHITE,T,image_000007.jpg,training/P04/WHITE/T/images/image_000007.jpg,f8df0e27e4ac686c6a359f381649a61c339fd22331cc0b6f8f12c07894846399,7020,,,true
P04_WHITE_T_000008,P04,WHITE,T,image_000008.jpg,training/P04/WHITE/T/images/image_000008.jpg,825b82e0f318b6fbcc987efbff512da10c4f3302f48de627960eaa6d9e5fa6ff,7315,,,true
P04_WHITE_T_000009,P04,WHITE,T,image_000009.jpg,training/P04/WHITE/T/images/image_000009.jpg,efede08a4012ef77ebd4f72330173cecf897b9ea162ca8ad0277f1edab977b0b,7574,,,true
P04_WHITE_T_000010,P04,WHITE,T,image_000010.jpg,training/P04/WHITE/T/images/image_000010.jpg,3232b24716cd8a22a17afa131df1273fb37486b039a69e1e0a7e5022c38d7b04,6996,,,true
P04_WHITE_T_000011,P04,WHITE,T,image_000011.jpg,training/P04/WHITE/T/images/image_000011.jpg,24fd188db2385266573e1a593cd836b29ce128db09da21db0978d091d58b95ec,6888,,,true
P04_WHITE_T_000012,P04,WHITE,T,image_000012.jpg,training/P04/WHITE/T/images/image_000012.jpg,7a2df2e334ad3158b6a6ffcb6129e1d9bf26d6519aef8b68e6d71a8014a7fe8a,6937,,,true
P04_WHITE_T_000013,P04,WHITE,T,image_000013.jpg,training/P04/WHITE/T/images/image_000013.jpg,0c4fbe847a14ff82056592dd889a9c582716a3ec9a3ca06882ec023fa1acec5a,7170,,,true
P04_WHITE_T_000014,P04,WHITE,T,image_000014.jpg,training/P04/WHITE/T/images/image_000014.jpg,7eeac8e9f495c93dc2caf8de0f9087b52c50c661807c113ebe3bfa77ab416f5f,6694,,,true
P04_WHITE_T_000015,P04,WHITE,T,image_000015.jpg,training/P04/WHITE/T/images/image_000015.jpg,3447f10c967df32c7579cd2855cc4c79ce0d49d69ff034f1980752ef309ced9a,6855,,,true
P04_WHITE_T_000016,P04,WHITE,T,image_000016.jpg,training/P04/WHITE/T/images/image_000016.jpg,5145483d66dcbef565e8836d761b025eeadd942139621f8419f5c1da555528d9,6936,,,true
P04_WHITE_T_000017,P04,WHITE,T,image_000017.jpg,training/P04/WHITE/T/images/image_000017.jpg,85406876dd9980429793c67100ca2197bf44124a99caab62f24f39c3a7a58f66,6790,,,true
P04_WHITE_T_000018,P04,WHITE,T,image_000018.jpg,training/P04/WHITE/T/images/image_000018.jpg,9af6fa49cff3590a34a6aa4c826153a5bb7fd7383486a050afca10f059bea352,6830,,,true
P04_WHITE_T_000019,P04,WHITE,T,image_000019.jpg,training/P04/WHITE/T/images/image_000019.jpg,cc0748f34887aada2af10df7b0214c14fc22fda8bfb16f83960ef37f555eb5aa,6763,,,true
P04_WHITE_T_000020,P04,WHITE,T,image_000020.jpg,training/P04/WHITE/T/images/image_000020.jpg,7f0f2db1c5da2f284559ada0d9921c6f641cd1fbfac9dc0efc9fdb35eb716790,6617,,,true
P04_WHITE_T_000021,P04,WHITE,T,image_000021.jpg,training/P04/WHITE/T/images/image_000021.jpg,8712f043d6737efe40310927ba1d89ea94c8e687dd37ba93ae4f9b3aef4a24f1,6265,,,true
P04_WHITE_T_000022,P04,WHITE,T,image_000022.jpg,training/P04/WHITE/T/images/image_000022.jpg,22de0a4cde7aa164e7ea0c72a47e2ed11ff595c424c67ce85a8a6e6ccc93b3b2,6955,,,true
P04_WHITE_T_000023,P04,WHITE,T,image_000023.jpg,training/P04/WHITE/T/images/image_000023.jpg,752621ae99b58f76296d50c7bdbb9686fa2017f0efd6c04c63650b25c48499df,6415,,,true
P04_WHITE_T_000024,P04,WHITE,T,image_000024.jpg,training/P04/WHITE/T/images/image_000024.jpg,a2be26e404098c00d54b184c88dfce51fdb89aaec0761c91f62eb75aad46f92e,6615,,,true
P04_WHITE_T_000025,P04,WHITE,T,image_000025.jpg,training/P04/WHITE/T/images/image_000025.jpg,73e58b21b1848aa2be46419421c3416bdcf85b4b64e2cb5f10f8f3155548a283,6702,,,true
P04_WHITE_U_000001,P04,WHITE,U,image_000001.jpg,training/P04/WHITE/U/images/image_000001.jpg,53770477afcd393ebd487fabba1411125bae283b2a2f11af4300da1395c771d7,6765,,,true
P04_WHITE_U_000002,P04,WHITE,U,image_000002.jpg,training/P04/WHITE/U/images/image_000002.jpg,07af6c62aa5e5ec52f089f7d76c407bb83cfacdcedc3f2e8dcbe86ab3efb4bad,6696,,,true
P04_WHITE_U_000003,P04,WHITE,U,image_000003.jpg,training/P04/WHITE/U/images/image_000003.jpg,85436cb0a28d13b4549302a3ea9a1d8e35a71df87340290779860b519bb2ecfb,6803,,,true
P04_WHITE_U_000004,P04,WHITE,U,image_000004.jpg,training/P04/WHITE/U/images/image_000004.jpg,5638f54e74cdcd676f67c3862289effa3d4f288258d16752332e33fdf704448f,7230,,,true
P04_WHITE_U_000005,P04,WHITE,U,image_000005.jpg,training/P04/WHITE/U/images/image_000005.jpg,d38e588bbe96e362bdf645b3ec38fefb440ca2519534b39aee5335ab268173a8,6853,,,true
P04_WHITE_U_000006,P04,WHITE,U,image_000006.jpg,training/P04/WHITE/U/images/image_000006.jpg,2b07aa7f3d6e3ff484b33f46f0c106297e7e2e8bc8225d4e6d3211203cb43ebb,6594,,,true
P04_WHITE_U_000007,P04,WHITE,U,image_000007.jpg,training/P04/WHITE/U/images/image_000007.jpg,bbee0709f68f8499ed785b33a06bccbde0a9d9db6f5f32a4f177857dc7dd1f07,6472,,,true
P04_WHITE_U_000008,P04,WHITE,U,image_000008.jpg,training/P04/WHITE/U/images/image_000008.jpg,24a80acb24e5275856765314f6e8161df0632f5e61fb9447729f87150774dde3,6586,,,true
P04_WHITE_U_000009,P04,WHITE,U,image_000009.jpg,training/P04/WHITE/U/images/image_000009.jpg,f92ece9c17fd7a8e12fa68265c1499f71184da97c9ae7dd7996c35874a84ad2b,6853,,,true
P04_WHITE_U_000010,P04,WHITE,U,image_000010.jpg,training/P04/WHITE/U/images/image_000010.jpg,07264339cd056b51b29ba55b52db7ffa5beb3abed2c9af5440cdb59e3d051d2b,6821,,,true
P04_WHITE_U_000011,P04,WHITE,U,image_000011.jpg,training/P04/WHITE/U/images/image_000011.jpg,2e9ec96a6b567c953c8d943a3c31bb33d1f4e55985801d511e1eaa6b0dc2ba0b,7201,,,true
P04_WHITE_U_000012,P04,WHITE,U,image_000012.jpg,training/P04/WHITE/U/images/image_000012.jpg,923aaa382bccd1a23436250d1a9df4476ab8e564f633999113adb62b3cb09462,7325,,,true
P04_WHITE_U_000013,P04,WHITE,U,image_000013.jpg,training/P04/WHITE/U/images/image_000013.jpg,b6d35c4728205cb78aab14efddf476080c0aa3fe5b0fbd66b01d9f6964a94c80,7919,,,true
P04_WHITE_U_000014,P04,WHITE,U,image_000014.jpg,training/P04/WHITE/U/images/image_000014.jpg,4f059bf53de2f525e9aae5f79f7c6e67b733177b895caeda9282042f4f7388fa,7736,,,true
P04_WHITE_U_000015,P04,WHITE,U,image_000015.jpg,training/P04/WHITE/U/images/image_000015.jpg,560c7807e7ca8854e1127ebb9903c21835ace65a6dcc786ce13f4e69556bdda1,3313,,,true
P04_WHITE_U_000016,P04,WHITE,U,image_000016.jpg,training/P04/WHITE/U/images/image_000016.jpg,8c48be11a335e917af09bcf9905ce79610b8b62b56615ae83e7d613bf42a92a0,4186,,,true
P04_WHITE_U_000017,P04,WHITE,U,image_000017.jpg,training/P04/WHITE/U/images/image_000017.jpg,bd95e1b516aadb7c8bd5aeaea62445e0682d0892326f2855b6b58fd592919d77,7063,,,true
P04_WHITE_U_000018,P04,WHITE,U,image_000018.jpg,training/P04/WHITE/U/images/image_000018.jpg,4c0e746065cda43b82b97b8cbc55708f483cf38f9c6c52b85dee0973e73b856f,6752,,,true
P04_WHITE_U_000019,P04,WHITE,U,image_000019.jpg,training/P04/WHITE/U/images/image_000019.jpg,f2e4e9819967a797ec645989e4786a11361d05775f1e6a54c434d8c0f1b0790d,6978,,,true
P04_WHITE_U_000020,P04,WHITE,U,image_000020.jpg,training/P04/WHITE/U/images/image_000020.jpg,3569b1522907c15a0369efb1ccf4e19e39cf54bd1920e4f836c34a28303f6204,6990,,,true
P04_WHITE_U_000021,P04,WHITE,U,image_000021.jpg,training/P04/WHITE/U/images/image_000021.jpg,38f8fd71ce609a8d827659146d0f7af4a55ddd0fe8084caff1ea2a353ecf1bc5,7309,,,true
P04_WHITE_U_000022,P04,WHITE,U,image_000022.jpg,training/P04/WHITE/U/images/image_000022.jpg,c4d9d481188f64a113e1bf2fc248b19f27110412554cd5490057058dea565bb7,7681,,,true
P04_WHITE_U_000023,P04,WHITE,U,image_000023.jpg,training/P04/WHITE/U/images/image_000023.jpg,3693808a144aa0db91904738e2a79279d11945d339a0aad2e9b5f9fe86e84c9b,7446,,,true
P04_WHITE_U_000024,P04,WHITE,U,image_000024.jpg,training/P04/WHITE/U/images/image_000024.jpg,db5fc76b5adee31361b40f02e1111e61d2c8298940cad0fa946e066288993091,7614,,,true
P04_WHITE_U_000025,P04,WHITE,U,image_000025.jpg,training/P04/WHITE/U/images/image_000025.jpg,7d98c70d755c90cf94fdc89c3670c846af50b6fb300e06dae1dc49a81c2dcfa0,7414,,,true
P04_WHITE_V_000001,P04,WHITE,V,image_000001.jpg,training/P04/WHITE/V/images/image_000001.jpg,4700615f9936d01eb9db8397f09e51a76e6d5b5a87f6069c36bc5ca8bd1bf768,6962,,,true
P04_WHITE_V_000002,P04,WHITE,V,image_000002.jpg,training/P04/WHITE/V/images/image_000002.jpg,0b13b33c482442a129ddb5dda87efe37998a38180138d1e8531692526e8732e1,6828,,,true
P04_WHITE_V_000003,P04,WHITE,V,image_000003.jpg,training/P04/WHITE/V/images/image_000003.jpg,d27c95c58318850efa7dd67d248b48f0ce56a77d11168d8ffcfa7e6ea9517db9,6661,,,true
P04_WHITE_V_000004,P04,WHITE,V,image_000004.jpg,training/P04/WHITE/V/images/image_000004.jpg,2e1e6db23816c55a151c041e782aaa41eafa11a72c7dce864fad47c5d5e7f60c,6654,,,true
P04_WHITE_V_000005,P04,WHITE,V,image_000005.jpg,training/P04/WHITE/V/images/image_000005.jpg,56fe22ecff59884b4f91369996501f60dd998bbd154c4d9f4b6270aee1ccf3e7,6793,,,true
P04_WHITE_V_000006,P04,WHITE,V,image_000006.jpg,training/P04/WHITE/V/images/image_000006.jpg,53e634b4764304aeae6ad02f1368516b41301a531bf18ac9ea82e557f8ec5760,6709,,,true
P04_WHITE_V_000007,P04,WHITE,V,image_000007.jpg,training/P04/WHITE/V/images/image_000007.jpg,5d6ac9e1f18d83ad3cd5872975f636eaddc7fb0eaa3fd9c4c73ce276795f43c3,7173,,,true
P04_WHITE_V_000008,P04,WHITE,V,image_000008.jpg,training/P04/WHITE/V/images/image_000008.jpg,7cb323fc884e125deb27fff4d79d35bb481037ac8205b44c676555df4c82a4b0,7040,,,true
P04_WHITE_V_000009,P04,WHITE,V,image_000009.jpg,training/P04/WHITE/V/images/image_000009.jpg,f5b260d8747a7c14be103a9dbc4c41e7efeb46f4fb1cff4ed04c243396926c2d,6937,,,true
P04_WHITE_V_000010,P04,WHITE,V,image_000010.jpg,training/P04/WHITE/V/images/image_000010.jpg,f71cbd5a35994ec7317bcede3f6ead9df712566dcee0cd12ee3ce3992d050170,6831,,,true
P04_WHITE_V_000011,P04,WHITE,V,image_000011.jpg,training/P04/WHITE/V/images/image_000011.jpg,3481f99b053e7066506a9c916c1a4a2bd5060b2c5248c89acf0c5bb48e89d40d,7061,,,true
P04_WHITE_V_000012,P04,WHITE,V,image_000012.jpg,training/P04/WHITE/V/images/image_000012.jpg,ef94aa52ce49edf13cd19509a32a949fa086cab3aa299df43b3780f19a805835,7002,,,true
P04_WHITE_V_000013,P04,WHITE,V,image_000013.jpg,training/P04/WHITE/V/images/image_000013.jpg,7b85e894c315386d731d801f92a4015939db0b3d6a17eaba6c9fb5be870cd1e1,6976,,,true
P04_WHITE_V_000014,P04,WHITE,V,image_000014.jpg,training/P04/WHITE/V/images/image_000014.jpg,3a78c6de1b413ab29effd157750db2d0b4e08dc592213cbe9eca51d13fde1acb,6867,,,true
P04_WHITE_V_000015,P04,WHITE,V,image_000015.jpg,training/P04/WHITE/V/images/image_000015.jpg,9635678e45fbf2e67aff93fe00a081d9ce0724bf42f20a8d043bfe5ca9f4ec4c,6993,,,true
P04_WHITE_V_000016,P04,WHITE,V,image_000016.jpg,training/P04/WHITE/V/images/image_000016.jpg,0c689af738a60228d41002af484ea223a2851a422387aaf37a880de34f45a332,7102,,,true
P04_WHITE_V_000017,P04,WHITE,V,image_000017.jpg,training/P04/WHITE/V/images/image_000017.jpg,0a4e4cdd3ae611d567674ceae234bd1ae25b4a0ab387ceba518b67a09c5f1a99,7241,,,true
P04_WHITE_V_000018,P04,WHITE,V,image_000018.jpg,training/P04/WHITE/V/images/image_000018.jpg,4ecdebc0614cac4c0a40bfc8424f9bed80eb2d1358b01ba98f5e737bd335c742,6977,,,true
P04_WHITE_V_000019,P04,WHITE,V,image_000019.jpg,training/P04/WHITE/V/images/image_000019.jpg,c18a037868a491a3822ca15fcc249e304241cf3f7371586b7d39d318572c27bd,7138,,,true
P04_WHITE_V_000020,P04,WHITE,V,image_000020.jpg,training/P04/WHITE/V/images/image_000020.jpg,8c6af78b30926e3c3536fd8394e44a1456edcba9767ad55eb8fe349776b315db,6709,,,true
P04_WHITE_V_000021,P04,WHITE,V,image_000021.jpg,training/P04/WHITE/V/images/image_000021.jpg,1f5b3e19c0c405391f6996e225785d93f6c0f07231e6b4eba0a5293f33fe1200,7068,,,true
P04_WHITE_V_000022,P04,WHITE,V,image_000022.jpg,training/P04/WHITE/V/images/image_000022.jpg,6d517613b5f54e34aeddc123858850c6cfe96e99e72583e4dd5ebae958eadacc,7079,,,true
P04_WHITE_V_000023,P04,WHITE,V,image_000023.jpg,training/P04/WHITE/V/images/image_000023.jpg,6e3512d87459cec81430c6c37880978330d83efe9c929b1e2e6c72c9ff3b23a8,6700,,,true
P04_WHITE_V_000024,P04,WHITE,V,image_000024.jpg,training/P04/WHITE/V/images/image_000024.jpg,53f0dc7bf4d0a4c35e22e6968e2a75709f84a16eefa56cfb5c3fbf3ac9a35c71,6980,,,true
P04_WHITE_V_000025,P04,WHITE,V,image_000025.jpg,training/P04/WHITE/V/images/image_000025.jpg,16b5caa7d61de22727121bd61d7dbd067f513ca68d596658bdff5040799bb151,6834,,,true
P04_WHITE_W_000001,P04,WHITE,W,image_000001.jpg,training/P04/WHITE/W/images/image_000001.jpg,0cd5373227a52283b2cebc3223db11407e3e055c04179bdc32cf001160dd226f,7116,,,true
P04_WHITE_W_000002,P04,WHITE,W,image_000002.jpg,training/P04/WHITE/W/images/image_000002.jpg,a383d5caca15052ecc88214d735bd3d1fca48ecee24ebdb39e2957f1595f218e,6933,,,true
P04_WHITE_W_000003,P04,WHITE,W,image_000003.jpg,training/P04/WHITE/W/images/image_000003.jpg,9cada4fe73f47200b8d45b31e311a7764579b03e8803e1bf84104cfb806f581a,6812,,,true
P04_WHITE_W_000004,P04,WHITE,W,image_000004.jpg,training/P04/WHITE/W/images/image_000004.jpg,09bba1cae71cb9375df0d9efd1188aa87bac3b81201ca763b29c2b1eea051404,6816,,,true
P04_WHITE_W_000005,P04,WHITE,W,image_000005.jpg,training/P04/WHITE/W/images/image_000005.jpg,e8d4206fba26d0cec584423a31a1c067a1a54ce83a81ee3592ad9a97367f8e4f,7380,,,true
P04_WHITE_W_000006,P04,WHITE,W,image_000006.jpg,training/P04/WHITE/W/images/image_000006.jpg,414b5e4a5e44ed6765f098d3d65ef31a40b06bdd75e3f2840abd06f5facdbb06,7431,,,true
P04_WHITE_W_000007,P04,WHITE,W,image_000007.jpg,training/P04/WHITE/W/images/image_000007.jpg,0eb2c0107fb63e260c1b4199852f92445a5eb9fef553b8dcacbd18ff1a89c9bc,7264,,,true
P04_WHITE_W_000008,P04,WHITE,W,image_000008.jpg,training/P04/WHITE/W/images/image_000008.jpg,18c711c8514f228e7a36f3f0f7c42883eecf517205bc6cf85537cec0aa43692a,7241,,,true
P04_WHITE_W_000009,P04,WHITE,W,image_000009.jpg,training/P04/WHITE/W/images/image_000009.jpg,88861f548ca25b2e73e516c78c2ae00f429bcb3b8ce2ebe52a037f992afc1bdd,6727,,,true
P04_WHITE_W_000010,P04,WHITE,W,image_000010.jpg,training/P04/WHITE/W/images/image_000010.jpg,cce64e0c74974b4673d738f649ffbf87931666414b605bfe93a3024e92091da2,6577,,,true
P04_WHITE_W_000011,P04,WHITE,W,image_000011.jpg,training/P04/WHITE/W/images/image_000011.jpg,a4051d62e51a64414f0acddafe91fd26c14da1b3b01181029515dec952d03675,6789,,,true
P04_WHITE_W_000012,P04,WHITE,W,image_000012.jpg,training/P04/WHITE/W/images/image_000012.jpg,13d3fd2cc3655437697462dd60696c1bc960eb90cc4194652e8a581e8bdc4042,6798,,,true
P04_WHITE_W_000013,P04,WHITE,W,image_000013.jpg,training/P04/WHITE/W/images/image_000013.jpg,9c4d95d8b6e9a3ce45ad8960ddcb0a83ad3dbcb41947152a4fbcf1be378fd992,6834,,,true
P04_WHITE_W_000014,P04,WHITE,W,image_000014.jpg,training/P04/WHITE/W/images/image_000014.jpg,796fc7dec19e5a268a351eb0938b27cea643698c67753224995675d8c355b14c,6808,,,true
P04_WHITE_W_000015,P04,WHITE,W,image_000015.jpg,training/P04/WHITE/W/images/image_000015.jpg,21f208d8c9f69716715f1ee179d017b6095830f5a0da6841ef5e59b4d2e17684,7231,,,true
P04_WHITE_W_000016,P04,WHITE,W,image_000016.jpg,training/P04/WHITE/W/images/image_000016.jpg,3681aac5aaec3e152d0b20de1143882ccf12dcbfc28b8e8c16f91bf9047ed417,6674,,,true
P04_WHITE_W_000017,P04,WHITE,W,image_000017.jpg,training/P04/WHITE/W/images/image_000017.jpg,3579630a0af772eabec860c2ad2afbd59c86d404ec05a60d84a88b49f6356101,7266,,,true
P04_WHITE_W_000018,P04,WHITE,W,image_000018.jpg,training/P04/WHITE/W/images/image_000018.jpg,f93bfeff1db97d556d171077df7cf8a7bec9fe804d4dc195738cb06da97578c8,7323,,,true
P04_WHITE_W_000019,P04,WHITE,W,image_000019.jpg,training/P04/WHITE/W/images/image_000019.jpg,059d0c45e44007a13677f1dc19f25dc105aa27b8da821510b85a01190b092502,7238,,,true
P04_WHITE_W_000020,P04,WHITE,W,image_000020.jpg,training/P04/WHITE/W/images/image_000020.jpg,7b539600546568647bbfd4f6bf73b1bf4d2a311bc606d45ec625bead93909a15,7018,,,true
P04_WHITE_W_000021,P04,WHITE,W,image_000021.jpg,training/P04/WHITE/W/images/image_000021.jpg,fac0ff826839901124df732fb1a030753b72d16937f830a77ea660bb2a4411a5,6975,,,true
P04_WHITE_W_000022,P04,WHITE,W,image_000022.jpg,training/P04/WHITE/W/images/image_000022.jpg,eea0900d5db84ca26dc090db17dfab4a46441afb29457d495a5f37b0540434bc,7178,,,true
P04_WHITE_W_000023,P04,WHITE,W,image_000023.jpg,training/P04/WHITE/W/images/image_000023.jpg,c397fa393b909180c9724da7ad7cbcbab205b0a5d84a37d1a52e287467e5cc17,6911,,,true
P04_WHITE_W_000024,P04,WHITE,W,image_000024.jpg,training/P04/WHITE/W/images/image_000024.jpg,3980a42a4927ec9604fd841c7ae2b4400b3d90c6dc5ea126dc3c39dacaad8e9a,7206,,,true
P04_WHITE_W_000025,P04,WHITE,W,image_000025.jpg,training/P04/WHITE/W/images/image_000025.jpg,dcb748c93dfe8d55ffa98bdd8b47f3098d7c01c7e04021df71c4f54b24c24e33,7245,,,true
P04_WHITE_Y_000001,P04,WHITE,Y,image_000001.jpg,training/P04/WHITE/Y/images/image_000001.jpg,2ee2c0e497400a7dc7b391ebc9a82728a723b285165e1fdd6ada60fda524eaac,6741,,,true
P04_WHITE_Y_000002,P04,WHITE,Y,image_000002.jpg,training/P04/WHITE/Y/images/image_000002.jpg,656723c222832fd3f1e2e95529ad72091660f82afdbe0693549c19295181aa18,6886,,,true
P04_WHITE_Y_000003,P04,WHITE,Y,image_000003.jpg,training/P04/WHITE/Y/images/image_000003.jpg,85a6d1c012e44e9c7a23c7001b8da4f6baf2d0494c9efb02f16488ef81588624,6779,,,true
P04_WHITE_Y_000004,P04,WHITE,Y,image_000004.jpg,training/P04/WHITE/Y/images/image_000004.jpg,37a2eb51b2d925ffaa0e42005c83cfbef4d942d1106dda6e1b1f0002460536e4,6617,,,true
P04_WHITE_Y_000005,P04,WHITE,Y,image_000005.jpg,training/P04/WHITE/Y/images/image_000005.jpg,3024acfd820a8a94a2ccdd018ea50ba1d1bd93c2988658d6779283854fdffc33,6420,,,true
P04_WHITE_Y_000006,P04,WHITE,Y,image_000006.jpg,training/P04/WHITE/Y/images/image_000006.jpg,2a36346f2873633b350033bd903ee3bb3fa465edb612b928e276e103e1305824,6617,,,true
P04_WHITE_Y_000007,P04,WHITE,Y,image_000007.jpg,training/P04/WHITE/Y/images/image_000007.jpg,fc86a8d0ec5c97df0040a5bda938eef21dfc0368f2364ed8cfa19cf3ceca045a,6894,,,true
P04_WHITE_Y_000008,P04,WHITE,Y,image_000008.jpg,training/P04/WHITE/Y/images/image_000008.jpg,cdb2927ab9bb3f7bc1df882a56584dc7b2f4d0cf1ab9b9d118717466b36c8902,6630,,,true
P04_WHITE_Y_000009,P04,WHITE,Y,image_000009.jpg,training/P04/WHITE/Y/images/image_000009.jpg,5f15b7604210a14c012192035b2dc7ee606e81f107fa241f58568743c27768ec,6538,,,true
P04_WHITE_Y_000010,P04,WHITE,Y,image_000010.jpg,training/P04/WHITE/Y/images/image_000010.jpg,1d0f1ad7348b8a75fc7cff109ef2da15c2ab0cdd74428720fe3fdb0e6a6ec317,6320,,,true
P04_WHITE_Y_000011,P04,WHITE,Y,image_000011.jpg,training/P04/WHITE/Y/images/image_000011.jpg,bd849855f3dbc78c96401b17a21823715b359a174c59b9eca3cfb3711c9407c2,6416,,,true
P04_WHITE_Y_000012,P04,WHITE,Y,image_000012.jpg,training/P04/WHITE/Y/images/image_000012.jpg,71c0153d437fa0922d95d60bac6d51a4e86536b54e4f3f7780b0b27a39f1effb,6889,,,true
P04_WHITE_Y_000013,P04,WHITE,Y,image_000013.jpg,training/P04/WHITE/Y/images/image_000013.jpg,08c47bec8acbbaa6884d858491b0699989f16e82025c302bd92f5ac1bf5a2fdf,6972,,,true
P04_WHITE_Y_000014,P04,WHITE,Y,image_000014.jpg,training/P04/WHITE/Y/images/image_000014.jpg,b504cefc9dbb8ef7484c95f9ed05952babe735831391f3447613647cc507f8fa,6894,,,true
P04_WHITE_Y_000015,P04,WHITE,Y,image_000015.jpg,training/P04/WHITE/Y/images/image_000015.jpg,9762b520c8af4d87aeb2ad56e7fd85abded7ef684a20c9a45f167d0232749f38,6772,,,true
P04_WHITE_Y_000016,P04,WHITE,Y,image_000016.jpg,training/P04/WHITE/Y/images/image_000016.jpg,1266efc3a719ffeca61b7282203ad9fe4df6afed739ce47116a7b99caaaab384,6799,,,true
P04_WHITE_Y_000017,P04,WHITE,Y,image_000017.jpg,training/P04/WHITE/Y/images/image_000017.jpg,c15e983af232e90a7c9bd3729df41847694095793d4fcae0c69222ea120448ad,6898,,,true
P04_WHITE_Y_000018,P04,WHITE,Y,image_000018.jpg,training/P04/WHITE/Y/images/image_000018.jpg,57417b1f3b78ce34fe52a7417d06904db1fd5b726513d8739afdec7c8c3406de,6796,,,true
P04_WHITE_Y_000019,P04,WHITE,Y,image_000019.jpg,training/P04/WHITE/Y/images/image_000019.jpg,dc0f55e9c8b331206ae1a77c9b1f19ea1a6501a405021b606ae2d24cab7618ce,6872,,,true
P04_WHITE_Y_000020,P04,WHITE,Y,image_000020.jpg,training/P04/WHITE/Y/images/image_000020.jpg,144ebf207765380fc2f15fa26c18902baf565eeee6f8c5850e0d9717797152de,6694,,,true
P04_WHITE_Y_000021,P04,WHITE,Y,image_000021.jpg,training/P04/WHITE/Y/images/image_000021.jpg,7ebed761c337ffb7a303f82f6837475d88005b5d488e803754f89f68cc200305,7074,,,true
P04_WHITE_Y_000022,P04,WHITE,Y,image_000022.jpg,training/P04/WHITE/Y/images/image_000022.jpg,9aa899aa57c637543bf1673de515e0115755eb9cdfd84023814668de41320ddf,6981,,,true
P04_WHITE_Y_000023,P04,WHITE,Y,image_000023.jpg,training/P04/WHITE/Y/images/image_000023.jpg,f288f43be62a19179cb795d110f1d3675147d25c9c4cf4da6bb8247cb3167d55,6872,,,true
P04_WHITE_Y_000024,P04,WHITE,Y,image_000024.jpg,training/P04/WHITE/Y/images/image_000024.jpg,cd76a807c6a5ce29b1e568889d372e3ce4690792e8473097965d2b6d5b3bb17e,7106,,,true
P04_WHITE_Y_000025,P04,WHITE,Y,image_000025.jpg,training/P04/WHITE/Y/images/image_000025.jpg,791ae7b812c02f926c6900f5a83ad0d10660415078bbc39656673041aa443aa2,7028,,,true
P05_BLUE_A_000001,P05,BLUE,A,image_000001.jpg,training/P05/BLUE/A/images/image_000001.jpg,0db421f0d1e32092e1fab062dd66b5df36124005ee197859fa7b1a9c02a8ad9b,10579,,,true
P05_BLUE_A_000002,P05,BLUE,A,image_000002.jpg,training/P05/BLUE/A/images/image_000002.jpg,60ffa235fb405a716175251169b91d4325519081a8b78c994eb40c66d61a22d7,10392,,,true
P05_BLUE_A_000003,P05,BLUE,A,image_000003.jpg,training/P05/BLUE/A/images/image_000003.jpg,3a88b8f9dac33de22e860041c278bdceb57801d3e37abc17b557c9b23f191651,11062,,,true
P05_BLUE_A_000004,P05,BLUE,A,image_000004.jpg,training/P05/BLUE/A/images/image_000004.jpg,356aba060bfbd9540b4e7ee6c972f76b730e04dd56d123b4efb268ea0f74eed2,10587,,,true
P05_BLUE_A_000005,P05,BLUE,A,image_000005.jpg,training/P05/BLUE/A/images/image_000005.jpg,3aa16ef49cc5f6c6833e4e967cb13723fb018802ea698c4e7173e903b3746876,10714,,,true
P05_BLUE_A_000006,P05,BLUE,A,image_000006.jpg,training/P05/BLUE/A/images/image_000006.jpg,57579047601d44bbf735dffd5223f0ea7d30eab73a7a21a438498701dd4282b4,10855,,,true
P05_BLUE_A_000007,P05,BLUE,A,image_000007.jpg,training/P05/BLUE/A/images/image_000007.jpg,f3611125d8e369c14112301b1fdd7e3d0a65a9531178ad20782ea89dda5bf986,10601,,,true
P05_BLUE_A_000008,P05,BLUE,A,image_000008.jpg,training/P05/BLUE/A/images/image_000008.jpg,62f31d5dc2237914eb88e26c55374b289c2d605397e554c13883a7303acf4481,9413,,,true
P05_BLUE_A_000009,P05,BLUE,A,image_000009.jpg,training/P05/BLUE/A/images/image_000009.jpg,78b95829846441ec3b040fd80462df27404e017c1d6bc277cc2147fa5c6a5b2b,9649,,,true
P05_BLUE_A_000010,P05,BLUE,A,image_000010.jpg,training/P05/BLUE/A/images/image_000010.jpg,74c7ef85572476817dfa333f5881aeac40ea8bdd75a0a508ebcb8fa82eb19135,10236,,,true
P05_BLUE_A_000011,P05,BLUE,A,image_000011.jpg,training/P05/BLUE/A/images/image_000011.jpg,3eb8f691e0759de3961ff9e270ee9d0241a899cc78ba7830131ad1f233892aaa,8792,,,true
P05_BLUE_A_000012,P05,BLUE,A,image_000012.jpg,training/P05/BLUE/A/images/image_000012.jpg,ba758498b5524a65796b47b9217abd5f5fd0dc9a087b18b2221eb8eb98552bc0,9973,,,true
P05_BLUE_A_000013,P05,BLUE,A,image_000013.jpg,training/P05/BLUE/A/images/image_000013.jpg,37bd6ebd87d2f39c44b8fa0ba58348e7e0d3a509e999bd78f23616cc252c95c5,9280,,,true
P05_BLUE_A_000014,P05,BLUE,A,image_000014.jpg,training/P05/BLUE/A/images/image_000014.jpg,ecce52731feb90d00e87bae52ce898fd52f4140527051a5cd56026262c249221,9882,,,true
P05_BLUE_A_000015,P05,BLUE,A,image_000015.jpg,training/P05/BLUE/A/images/image_000015.jpg,3f0ca15d836b119e2093225decf0726c1c1a7f6d254f83d474ede3319defefc1,9954,,,true
P05_BLUE_A_000016,P05,BLUE,A,image_000016.jpg,training/P05/BLUE/A/images/image_000016.jpg,b8dfd75794a6c444f597726bd86dede18b93534eb88ab2dfdc01bc730a8dcb2e,8943,,,true
P05_BLUE_A_000017,P05,BLUE,A,image_000017.jpg,training/P05/BLUE/A/images/image_000017.jpg,b2e1fd29e6649305c3011cb4fb7ffb44f1f3b568d7cf3854211c3336f3b458c1,8974,,,true
P05_BLUE_A_000018,P05,BLUE,A,image_000018.jpg,training/P05/BLUE/A/images/image_000018.jpg,d51b09cf3fd748de1d0f72f5576f20b4aa2dbc460e75006afb336c1642211872,9319,,,true
P05_BLUE_A_000019,P05,BLUE,A,image_000019.jpg,training/P05/BLUE/A/images/image_000019.jpg,df3124eec8a6e488fc7dfe7eed20442fd251ef4651f01ffabb4f2ac46b66b3cf,9061,,,true
P05_BLUE_A_000020,P05,BLUE,A,image_000020.jpg,training/P05/BLUE/A/images/image_000020.jpg,0bfde780c8fff70d5a1d6b5d2c32802aadd7eb0c5e4956fd3187afaeea57d4b2,9475,,,true
P05_BLUE_A_000021,P05,BLUE,A,image_000021.jpg,training/P05/BLUE/A/images/image_000021.jpg,bc577389b4599dfc95152acc796453c1ea7f727b6756cb705e56ff1f8b20ae8c,9979,,,true
P05_BLUE_A_000022,P05,BLUE,A,image_000022.jpg,training/P05/BLUE/A/images/image_000022.jpg,41f3db2b785fecc5dce0ba30ea47d42ff766baeb1bf170b7fc3af5243cf52c89,10367,,,true
P05_BLUE_A_000023,P05,BLUE,A,image_000023.jpg,training/P05/BLUE/A/images/image_000023.jpg,a3be3b55a4c2be1647037b07aabcb9be6edc4cc939c7651e7e81c8149f518dca,10549,,,true
P05_BLUE_A_000024,P05,BLUE,A,image_000024.jpg,training/P05/BLUE/A/images/image_000024.jpg,e32b9ca097157cfad7f261c187dd08ad780e647ef991b3dfbab6d1b3c94ceebb,10720,,,true
P05_BLUE_A_000025,P05,BLUE,A,image_000025.jpg,training/P05/BLUE/A/images/image_000025.jpg,3a09f45f971d4813ec869da46849260d28c02aa218acd916433b68f41bf3b1d6,10430,,,true
P05_BLUE_B_000001,P05,BLUE,B,image_000001.jpg,training/P05/BLUE/B/images/image_000001.jpg,f6e1c439d9b714c8c2b6c7d169bf77c2f93f9b6134b11f758f00fdf8286f614c,9802,,,true
P05_BLUE_B_000002,P05,BLUE,B,image_000002.jpg,training/P05/BLUE/B/images/image_000002.jpg,4eb93e715ea1c42c871824a8e17ce30750899f23e73742e062b6b0ab8033a611,9912,,,true
P05_BLUE_B_000003,P05,BLUE,B,image_000003.jpg,training/P05/BLUE/B/images/image_000003.jpg,8052eccd0e3169f07f41a8542745494f1bb5f04fb41165437343f21b39e93ef2,10284,,,true
P05_BLUE_B_000004,P05,BLUE,B,image_000004.jpg,training/P05/BLUE/B/images/image_000004.jpg,5606fe70b377753a4d5de00c05b41263fc5931a30b6a9c64409e5c460d16af42,9652,,,true
P05_BLUE_B_000005,P05,BLUE,B,image_000005.jpg,training/P05/BLUE/B/images/image_000005.jpg,27c76794e8dc391907a339d130bd7494c8c4954a600974fc7dd44ed31c7e8c13,9543,,,true
P05_BLUE_B_000006,P05,BLUE,B,image_000006.jpg,training/P05/BLUE/B/images/image_000006.jpg,6212cc8630efdccbd327e348eaa4e5cbcf224ac03f749aa4962a31380e84b1e1,9244,,,true
P05_BLUE_B_000007,P05,BLUE,B,image_000007.jpg,training/P05/BLUE/B/images/image_000007.jpg,b34899531dd34974b4d2855430505898ee1d04509ecfa8ad3ff5d341b0597408,9488,,,true
P05_BLUE_B_000008,P05,BLUE,B,image_000008.jpg,training/P05/BLUE/B/images/image_000008.jpg,df34967ede1ec8a3cd536549285fdf73fc6cffe10d303fc9564a04ba71c2976e,8973,,,true
P05_BLUE_B_000009,P05,BLUE,B,image_000009.jpg,training/P05/BLUE/B/images/image_000009.jpg,b8cd371ae54f43c9393265324f66529c76a88b2feee3e7908184af01ab06fe62,9185,,,true
P05_BLUE_B_000010,P05,BLUE,B,image_000010.jpg,training/P05/BLUE/B/images/image_000010.jpg,49b1c3f7e6328defa1ddd17caaa4e74e05cf2ae2cd88dd9530c01be7590b3984,10325,,,true
P05_BLUE_B_000011,P05,BLUE,B,image_000011.jpg,training/P05/BLUE/B/images/image_000011.jpg,fa6cc019dcf92650901496f4398591f367e5d3f2de1211e8bbb5bf4e8d59c0be,10684,,,true
P05_BLUE_B_000012,P05,BLUE,B,image_000012.jpg,training/P05/BLUE/B/images/image_000012.jpg,fa4e282169c7f5100582dfa106e3c5443f9e00fc124d59348fcbfa257222f70a,9738,,,true
P05_BLUE_B_000013,P05,BLUE,B,image_000013.jpg,training/P05/BLUE/B/images/image_000013.jpg,397814243a0c4f0b7458d747e09731cdee46282d14634c3e632528ced835516a,9936,,,true
P05_BLUE_B_000014,P05,BLUE,B,image_000014.jpg,training/P05/BLUE/B/images/image_000014.jpg,e7a868ace1390c501a4fd93c3bbfdf796e98e8109a777377ae446cd0bf56b52b,9831,,,true
P05_BLUE_B_000015,P05,BLUE,B,image_000015.jpg,training/P05/BLUE/B/images/image_000015.jpg,ec88e9fdc65f4c98afbdec8e7a32c4781ca5d5c12ffdfa5623fcd1c966c7fd2d,9957,,,true
P05_BLUE_B_000016,P05,BLUE,B,image_000016.jpg,training/P05/BLUE/B/images/image_000016.jpg,64df198459919e6c190155507068d1f7ed6ae007f990207ebe4884f723732fbf,9683,,,true
P05_BLUE_B_000017,P05,BLUE,B,image_000017.jpg,training/P05/BLUE/B/images/image_000017.jpg,6b10f17532e811b1b8ed9e84973d8bfdb82598615e8794f8325f2bbb3f8d0507,9350,,,true
P05_BLUE_B_000018,P05,BLUE,B,image_000018.jpg,training/P05/BLUE/B/images/image_000018.jpg,11ddd41b50bab78f484f3a29f4707f4be3eee102c9086ed59bc34731587debe6,9969,,,true
P05_BLUE_B_000019,P05,BLUE,B,image_000019.jpg,training/P05/BLUE/B/images/image_000019.jpg,60adbfd0177b566ba4d7848ae77bef36c6d75b7ea86a1f798985f517231c8990,9772,,,true
P05_BLUE_B_000020,P05,BLUE,B,image_000020.jpg,training/P05/BLUE/B/images/image_000020.jpg,01e6f30162e0669631e2a874ce142c018bcbd203b979657476b36cf187787580,9501,,,true
P05_BLUE_B_000021,P05,BLUE,B,image_000021.jpg,training/P05/BLUE/B/images/image_000021.jpg,fc2414c63c5d8b7784677bd0b2721a7fb259553b7f5f3fcd025760c0fd2a6f06,8990,,,true
P05_BLUE_B_000022,P05,BLUE,B,image_000022.jpg,training/P05/BLUE/B/images/image_000022.jpg,856e62f390237ac55fe51b9d3a3d42e2434b5484fdca999f29deb91101a26ee1,9937,,,true
P05_BLUE_B_000023,P05,BLUE,B,image_000023.jpg,training/P05/BLUE/B/images/image_000023.jpg,9a396bb9864470b5efbdce8ee5d0a0ae93b5a3918c10669583029a5a8d7389ba,10096,,,true
P05_BLUE_B_000024,P05,BLUE,B,image_000024.jpg,training/P05/BLUE/B/images/image_000024.jpg,9b3739c4505523c16bcd252e1040f8ee0778b9eb0505d5be29c47d7124776e10,9823,,,true
P05_BLUE_B_000025,P05,BLUE,B,image_000025.jpg,training/P05/BLUE/B/images/image_000025.jpg,64142029f7bca0bc4520f96ae064fd362eb8ea1c7e264f4f45bb8db4034fb1ec,9712,,,true
P05_BLUE_C_000001,P05,BLUE,C,image_000001.jpg,training/P05/BLUE/C/images/image_000001.jpg,6e303b90beb82577652f00b14da394068f38515e4df0f47458308c2f2a767ba7,10407,,,true
P05_BLUE_C_000002,P05,BLUE,C,image_000002.jpg,training/P05/BLUE/C/images/image_000002.jpg,c8ac5cbb9b0807bc6f645ba77a0b6aa0eee62d814f9b1dceae1847eaad00117f,10625,,,true
P05_BLUE_C_000003,P05,BLUE,C,image_000003.jpg,training/P05/BLUE/C/images/image_000003.jpg,f88acd542250eb90fbcf0669bbf95cb45065836cb20a43556d80d0881f24d9ed,10256,,,true
P05_BLUE_C_000004,P05,BLUE,C,image_000004.jpg,training/P05/BLUE/C/images/image_000004.jpg,308cc15c546148df154b4ebc6baa55fbaca29008c72457e1ebf5ef55d1a1ea84,10438,,,true
P05_BLUE_C_000005,P05,BLUE,C,image_000005.jpg,training/P05/BLUE/C/images/image_000005.jpg,01e78ab0a1ded23c523006f886e59566878afc6c9e94c09f4a85c8d3330a9de3,10735,,,true
P05_BLUE_C_000006,P05,BLUE,C,image_000006.jpg,training/P05/BLUE/C/images/image_000006.jpg,530430e8702c22869a110e10cb3680fc2c337b1fe1a484e4940eddfb4bab72bf,10654,,,true
P05_BLUE_C_000007,P05,BLUE,C,image_000007.jpg,training/P05/BLUE/C/images/image_000007.jpg,ab7e6dffc8f1c96f0e11b0516b54380a0f916e9eb96241f1973e9ce47a759237,9969,,,true
P05_BLUE_C_000008,P05,BLUE,C,image_000008.jpg,training/P05/BLUE/C/images/image_000008.jpg,ab4f795840b660ded970823989a39d30ef9843d38237395e8b0c1946dd94d461,10114,,,true
P05_BLUE_C_000009,P05,BLUE,C,image_000009.jpg,training/P05/BLUE/C/images/image_000009.jpg,36b092a5da9c7e4bcf8f89b3752a9f8313f955238e15f09a0964f28364b209fa,10085,,,true
P05_BLUE_C_000010,P05,BLUE,C,image_000010.jpg,training/P05/BLUE/C/images/image_000010.jpg,8c647046aa7057d87cb467406c27d950ed41531bd001dc3b44c4ba2731335433,10173,,,true
P05_BLUE_C_000011,P05,BLUE,C,image_000011.jpg,training/P05/BLUE/C/images/image_000011.jpg,b5bb393b7e467f5660e50a188af04ef2e94d28a9803a9449579ba8412520ac24,10032,,,true
P05_BLUE_C_000012,P05,BLUE,C,image_000012.jpg,training/P05/BLUE/C/images/image_000012.jpg,55f56925f35681b2e2b50153d1fbef5be860e18c119085ff2ba53e4fc34c6ffb,10678,,,true
P05_BLUE_C_000013,P05,BLUE,C,image_000013.jpg,training/P05/BLUE/C/images/image_000013.jpg,ed78d1ba1a2a8ca6d3e2373ce94dc5fef79cb1b3ba755fc0e39fdf15ffaa11dd,10608,,,true
P05_BLUE_C_000014,P05,BLUE,C,image_000014.jpg,training/P05/BLUE/C/images/image_000014.jpg,9eb8b5ae5693d9a9909b8a599d3b872e40ac01a59cb173f42243463d6ba31c68,10696,,,true
P05_BLUE_C_000015,P05,BLUE,C,image_000015.jpg,training/P05/BLUE/C/images/image_000015.jpg,358697db9971eb32b8310a49992f5b82a0ec6bc213961306b5c700a74e486a7a,10381,,,true
P05_BLUE_C_000016,P05,BLUE,C,image_000016.jpg,training/P05/BLUE/C/images/image_000016.jpg,ccef9eb170b4817fc49c443b3516dee3aa427b516a76dba5c1c1f346e1fb39e1,10140,,,true
P05_BLUE_C_000017,P05,BLUE,C,image_000017.jpg,training/P05/BLUE/C/images/image_000017.jpg,365810dc34fe4e55374a5dce96be94d79e0a093be1624bad7b46c57403d41b23,10125,,,true
P05_BLUE_C_000018,P05,BLUE,C,image_000018.jpg,training/P05/BLUE/C/images/image_000018.jpg,cb17926f84f0bd3819128280713f1cfede5c17918ac055ef111bbb510a419d49,10319,,,true
P05_BLUE_C_000019,P05,BLUE,C,image_000019.jpg,training/P05/BLUE/C/images/image_000019.jpg,a5083f1d962bfab7cfc7d69b0fd5327ad0ade318b883abae519616dc7fa4328d,10243,,,true
P05_BLUE_C_000020,P05,BLUE,C,image_000020.jpg,training/P05/BLUE/C/images/image_000020.jpg,eb65b39760182009dff2ce065623c5eadc1970fcce9d31272cbeaa00d3084f5e,10325,,,true
P05_BLUE_C_000021,P05,BLUE,C,image_000021.jpg,training/P05/BLUE/C/images/image_000021.jpg,290dbd7f5847cd7bf32ba043202b43d5b53b9742b819a846b7735fc902a21a4c,10407,,,true
P05_BLUE_C_000022,P05,BLUE,C,image_000022.jpg,training/P05/BLUE/C/images/image_000022.jpg,1557d9561d1746bdd5fd0fa6574b65d918094c6f0ae0090aac90fa612a8435c0,10411,,,true
P05_BLUE_C_000023,P05,BLUE,C,image_000023.jpg,training/P05/BLUE/C/images/image_000023.jpg,8887da7714caa9baf689d006e1237b8d3fad15f9a841103d9e9e8371b70d47f9,10729,,,true
P05_BLUE_C_000024,P05,BLUE,C,image_000024.jpg,training/P05/BLUE/C/images/image_000024.jpg,3253c49871ee27068b981dc049e2639d1ed6338cd19738ea7630c3c9b500894d,10460,,,true
P05_BLUE_C_000025,P05,BLUE,C,image_000025.jpg,training/P05/BLUE/C/images/image_000025.jpg,beac6fcf78555bac6d53337670101dcb3cabcb3211a10cb2027381029985e9e3,10183,,,true
P05_BLUE_E_000001,P05,BLUE,E,image_000001.jpg,training/P05/BLUE/E/images/image_000001.jpg,68ee9e58e2ada6ef1189e75384bedcc8dffc08e4ca3655d1b7d50e8003759b85,10082,,,true
P05_BLUE_E_000002,P05,BLUE,E,image_000002.jpg,training/P05/BLUE/E/images/image_000002.jpg,c785ea629a82dff6f9c3f467486e643110b7698a6503de4c7cf2623973c0cd56,9592,,,true
P05_BLUE_E_000003,P05,BLUE,E,image_000003.jpg,training/P05/BLUE/E/images/image_000003.jpg,4a4c521853dc796a1014c85b954660c3f26bdc876a746d4ce33af64d3646c61f,9576,,,true
P05_BLUE_E_000004,P05,BLUE,E,image_000004.jpg,training/P05/BLUE/E/images/image_000004.jpg,d6cfc827fbe9f1d989b39eedc91c604700dc0c6464f874d1ec38f4812b2d50be,9630,,,true
P05_BLUE_E_000005,P05,BLUE,E,image_000005.jpg,training/P05/BLUE/E/images/image_000005.jpg,2929bb320c1f780e5af01b311c4a5aee3900975a0d91d134ce884518bc11309f,9381,,,true
P05_BLUE_E_000006,P05,BLUE,E,image_000006.jpg,training/P05/BLUE/E/images/image_000006.jpg,09c5307eb03912e2dd5be2dc5bdaf3340c02e9a3fcf77d107ee1f070c27cc68b,10430,,,true
P05_BLUE_E_000007,P05,BLUE,E,image_000007.jpg,training/P05/BLUE/E/images/image_000007.jpg,5fe2b152b9ea8ecd9a0484d640ede319df9b48476ec1ad1a82688226aedebfaa,9374,,,true
P05_BLUE_E_000008,P05,BLUE,E,image_000008.jpg,training/P05/BLUE/E/images/image_000008.jpg,863906229cba7d06f52f00bc07f4f323ee5b61d6628d375b6139f43ded9c8413,9990,,,true
P05_BLUE_E_000009,P05,BLUE,E,image_000009.jpg,training/P05/BLUE/E/images/image_000009.jpg,2f812e6aff7f91241e7df1842d9c6101c3e1007234a06d19eff85b63c11b2695,10121,,,true
P05_BLUE_E_000010,P05,BLUE,E,image_000010.jpg,training/P05/BLUE/E/images/image_000010.jpg,b9de11e8f0240848736df2dbb656d9e1d207b5d64f01b076e8c9cda542f628e9,11254,,,true
P05_BLUE_E_000011,P05,BLUE,E,image_000011.jpg,training/P05/BLUE/E/images/image_000011.jpg,8168626422997f2dd6dbbf5a490bf067efc3ce9683f4cb232f438e91f289a508,10096,,,true
P05_BLUE_E_000012,P05,BLUE,E,image_000012.jpg,training/P05/BLUE/E/images/image_000012.jpg,bb358bb9d58aa2e2787b858045fb8b03b2c653a78f03fdfc4aa03ddbeb2833bd,10106,,,true
P05_BLUE_E_000013,P05,BLUE,E,image_000013.jpg,training/P05/BLUE/E/images/image_000013.jpg,70abe575ee5fea91d6cc5d076214246787be8092390ef377baa560bdc4194da5,10578,,,true
P05_BLUE_E_000014,P05,BLUE,E,image_000014.jpg,training/P05/BLUE/E/images/image_000014.jpg,1758e39fe0d3e2f80495aec65a9bf624a386cfeefa41d6d7fda5d9f3eb358b10,10234,,,true
P05_BLUE_E_000015,P05,BLUE,E,image_000015.jpg,training/P05/BLUE/E/images/image_000015.jpg,2e7c8bdae8ee353ca2513367819b9ccc79f8eb06339e0f5fe5027a7d888a29ea,10246,,,true
P05_BLUE_E_000016,P05,BLUE,E,image_000016.jpg,training/P05/BLUE/E/images/image_000016.jpg,bc7e1667e94945fbaffc7e0c44e5b1f3e0a16f2d698f7fae89bc1623de38bcfa,10682,,,true
P05_BLUE_E_000017,P05,BLUE,E,image_000017.jpg,training/P05/BLUE/E/images/image_000017.jpg,7d6c9118641c3433f905aa6e7980213e40133f7db5fe638e628be3474e7c31ed,9935,,,true
P05_BLUE_E_000018,P05,BLUE,E,image_000018.jpg,training/P05/BLUE/E/images/image_000018.jpg,67d420a02e4c9f93e5520ae738ececddc43904aff5bd9e4bf554a6e651474dda,10438,,,true
P05_BLUE_E_000019,P05,BLUE,E,image_000019.jpg,training/P05/BLUE/E/images/image_000019.jpg,0c81b3f2e9863ed82eaa5705e9f1dcc2d7a88b258761892371f17fcdd64847de,10384,,,true
P05_BLUE_E_000020,P05,BLUE,E,image_000020.jpg,training/P05/BLUE/E/images/image_000020.jpg,620c18e27f54286fd30aa676c311c5c9697d4fd7b3c8180c7ea14751d410e4af,10420,,,true
P05_BLUE_E_000021,P05,BLUE,E,image_000021.jpg,training/P05/BLUE/E/images/image_000021.jpg,df206eed7e1f34e78da05058d21c5d9625f6f14cb2758885e63695c7ff732a86,9178,,,true
P05_BLUE_E_000022,P05,BLUE,E,image_000022.jpg,training/P05/BLUE/E/images/image_000022.jpg,9a67fe45415fdaa5520107b21b4d179da110a6a0adaff2487f955f2a8b97355f,11090,,,true
P05_BLUE_E_000023,P05,BLUE,E,image_000023.jpg,training/P05/BLUE/E/images/image_000023.jpg,8ebf9d9bbdeb87232ad2358231c996e06dba522c1b09e832c185780b3a68e4f5,11213,,,true
P05_BLUE_E_000024,P05,BLUE,E,image_000024.jpg,training/P05/BLUE/E/images/image_000024.jpg,dc0d42c53f16e4da490795f04d73c51ef967949352959d68fea031afd6f604df,10834,,,true
P05_BLUE_E_000025,P05,BLUE,E,image_000025.jpg,training/P05/BLUE/E/images/image_000025.jpg,51cfb00b129c6cfd58a73f7550a613af674fafca0d2e4317db6f0bb53ff76808,11049,,,true
P05_BLUE_I_000001,P05,BLUE,I,image_000001.jpg,training/P05/BLUE/I/images/image_000001.jpg,f520479959c939d7556055b894b774b90e9d7a1beca8827806a08859bca1a784,10385,,,true
P05_BLUE_I_000002,P05,BLUE,I,image_000002.jpg,training/P05/BLUE/I/images/image_000002.jpg,1c1cee75df4277238e3b9495485035a05713b3477bfbc0089cede89a02d427ec,10426,,,true
P05_BLUE_I_000003,P05,BLUE,I,image_000003.jpg,training/P05/BLUE/I/images/image_000003.jpg,1c12d5fcbebd21b391ba1526969c73344e5c6edf40a18bf1b931553150918d40,9922,,,true
P05_BLUE_I_000004,P05,BLUE,I,image_000004.jpg,training/P05/BLUE/I/images/image_000004.jpg,68eb2773f90928f95774450b2861ab60bef0292780ee750b579bd8f981104dc9,10301,,,true
P05_BLUE_I_000005,P05,BLUE,I,image_000005.jpg,training/P05/BLUE/I/images/image_000005.jpg,5a8dd65c02066a9b0f0388f7b75e3e87720fd0f9f2a97129c6e057b6bf7969c8,9654,,,true
P05_BLUE_I_000006,P05,BLUE,I,image_000006.jpg,training/P05/BLUE/I/images/image_000006.jpg,66213bff332353ba6ce5bac309a0f188445863bed4928895099d8d77c4263b32,10264,,,true
P05_BLUE_I_000007,P05,BLUE,I,image_000007.jpg,training/P05/BLUE/I/images/image_000007.jpg,1fb94b4054b318056f3135b40c86ccaf0a81dd96c055742c5b33477ad6fd4fc6,10567,,,true
P05_BLUE_I_000008,P05,BLUE,I,image_000008.jpg,training/P05/BLUE/I/images/image_000008.jpg,ff56100f53ec7f4c2d88e8832ed58612c5d5a2f7d8a2974950f9690caa6bd54c,10175,,,true
P05_BLUE_I_000009,P05,BLUE,I,image_000009.jpg,training/P05/BLUE/I/images/image_000009.jpg,0c34102a141640847accf118d92179f589eb7222428db4a3193f6616b5875a3c,9878,,,true
P05_BLUE_I_000010,P05,BLUE,I,image_000010.jpg,training/P05/BLUE/I/images/image_000010.jpg,797f11f908acab6fc7aa9f11fe949afd914d9a2a614f649710ea7f880177b064,9679,,,true
P05_BLUE_I_000011,P05,BLUE,I,image_000011.jpg,training/P05/BLUE/I/images/image_000011.jpg,c61d29be74d15dc44b0a879fdb890a1697ce854702a791b64364515f4419e30c,10093,,,true
P05_BLUE_I_000012,P05,BLUE,I,image_000012.jpg,training/P05/BLUE/I/images/image_000012.jpg,c144f5b250802de8fe9fae6fae9a64dad87b792bcd4e384a7287f9a44208f161,9543,,,true
P05_BLUE_I_000013,P05,BLUE,I,image_000013.jpg,training/P05/BLUE/I/images/image_000013.jpg,ce5a24fd5cf7a30eb908df717f78cb3ed566c137e60e5426ca57064e80921089,9887,,,true
P05_BLUE_I_000014,P05,BLUE,I,image_000014.jpg,training/P05/BLUE/I/images/image_000014.jpg,c19b0befc9b85d76e7715f5bb090b32087dd9c12ab601244cde50d32a9d5b309,8864,,,true
P05_BLUE_I_000015,P05,BLUE,I,image_000015.jpg,training/P05/BLUE/I/images/image_000015.jpg,c1d7e493d8e4943245776aa0117dca42194ac4c2cae3b272dd047127139b1242,9165,,,true
P05_BLUE_I_000016,P05,BLUE,I,image_000016.jpg,training/P05/BLUE/I/images/image_000016.jpg,6cd14b93f51773e23ff146c9c587a4b3009f32a5b5cd887f8ef175dc846555f9,8657,,,true
P05_BLUE_I_000017,P05,BLUE,I,image_000017.jpg,training/P05/BLUE/I/images/image_000017.jpg,76246d0601bc52977fe4c21c80348e29f4675b12b74d36dc21cc8c6d37e9cc50,9568,,,true
P05_BLUE_I_000018,P05,BLUE,I,image_000018.jpg,training/P05/BLUE/I/images/image_000018.jpg,8fda66bf13bcb941ddfa187e359d388fafe60127738d7a60a11467a2a1101af8,9027,,,true
P05_BLUE_I_000019,P05,BLUE,I,image_000019.jpg,training/P05/BLUE/I/images/image_000019.jpg,b29bd6ccfc795fd814394b533de4e03564f269cd76f286a9a7e182af1395c3ab,9693,,,true
P05_BLUE_I_000020,P05,BLUE,I,image_000020.jpg,training/P05/BLUE/I/images/image_000020.jpg,636287bf42a60a6e52c1e5ee7d65eed761f6337d7a8b3cf597ef53f14d9d06ed,9958,,,true
P05_BLUE_I_000021,P05,BLUE,I,image_000021.jpg,training/P05/BLUE/I/images/image_000021.jpg,9a680f0a373e8e05496505a797b25c77163f899b5949868634b51c5b77e39445,9966,,,true
P05_BLUE_I_000022,P05,BLUE,I,image_000022.jpg,training/P05/BLUE/I/images/image_000022.jpg,a53b10d968d8f75122b5c11f6b7ee3740e7cfcda2c9c6b42445175908cf309c8,10278,,,true
P05_BLUE_I_000023,P05,BLUE,I,image_000023.jpg,training/P05/BLUE/I/images/image_000023.jpg,1ce56c64b5f8f71f82b14675d64ec76b1161cbb7e21b9cb6cf8168acae575249,10391,,,true
P05_BLUE_I_000024,P05,BLUE,I,image_000024.jpg,training/P05/BLUE/I/images/image_000024.jpg,e8e323abb9c3649ffc6f17175f6860ed8e070ca63d5e890c53778c54abcf6637,9349,,,true
P05_BLUE_I_000025,P05,BLUE,I,image_000025.jpg,training/P05/BLUE/I/images/image_000025.jpg,b0dee6cae1c346fd6a5a266e3f9c8f15a0f1c3187f0e82e01b558cde66a3cf7b,9225,,,true
P05_BLUE_L_000001,P05,BLUE,L,image_000001.jpg,training/P05/BLUE/L/images/image_000001.jpg,ba93a094b5f8e35d50e3df890f3bbf32722a2c7ab35cbcb1ffc4285a2dadec9f,9590,,,true
P05_BLUE_L_000002,P05,BLUE,L,image_000002.jpg,training/P05/BLUE/L/images/image_000002.jpg,cc84f63b8cb7e89c92aaa2540ded9f7cb23641f69b8c361003ae9eb7df92885e,9618,,,true
P05_BLUE_L_000003,P05,BLUE,L,image_000003.jpg,training/P05/BLUE/L/images/image_000003.jpg,295baec5361e2600ca98ca36f34be1c31e4f264039991ec6070ae14506ded407,10146,,,true
P05_BLUE_L_000004,P05,BLUE,L,image_000004.jpg,training/P05/BLUE/L/images/image_000004.jpg,2ad0066361db75bae011917348377f6327ced5939b98a4e9e1b9d04551a61850,10226,,,true
P05_BLUE_L_000005,P05,BLUE,L,image_000005.jpg,training/P05/BLUE/L/images/image_000005.jpg,b003256364df5ed76e195003bf3287761a92914c041195a6e871f6b7c485643a,9236,,,true
P05_BLUE_L_000006,P05,BLUE,L,image_000006.jpg,training/P05/BLUE/L/images/image_000006.jpg,7768d7cc0fa29f9939e0c2f1cb75c350c46f78804d5d27ba103d1088a5adf05f,9411,,,true
P05_BLUE_L_000007,P05,BLUE,L,image_000007.jpg,training/P05/BLUE/L/images/image_000007.jpg,b74bb95488cd016bb891bd223961f83748cd4935aae67a370a8c8fc955854650,9938,,,true
P05_BLUE_L_000008,P05,BLUE,L,image_000008.jpg,training/P05/BLUE/L/images/image_000008.jpg,c3391c72807153c4596697545d753e3c78f988a1ba7af4f79c2256cb8f58c276,9896,,,true
P05_BLUE_L_000009,P05,BLUE,L,image_000009.jpg,training/P05/BLUE/L/images/image_000009.jpg,6c545e090bb2ab3bf136cb5f7a03f8a86611767d36294efc7304642567c2649b,8932,,,true
P05_BLUE_L_000010,P05,BLUE,L,image_000010.jpg,training/P05/BLUE/L/images/image_000010.jpg,5f669db84884d80ba6b5e2bc675b4929975cab03afbb5ff600d3c5a77f85d6a2,10000,,,true
P05_BLUE_L_000011,P05,BLUE,L,image_000011.jpg,training/P05/BLUE/L/images/image_000011.jpg,14a4da3cb61777f35edbe186c7c2e90e2a6dbf0ee6b7bb3d031c5b414020c594,9182,,,true
P05_BLUE_L_000012,P05,BLUE,L,image_000012.jpg,training/P05/BLUE/L/images/image_000012.jpg,b460c121a97827b0b658964cebb325871161ccee1698b28c9c16a8c3c7359f5f,9583,,,true
P05_BLUE_L_000013,P05,BLUE,L,image_000013.jpg,training/P05/BLUE/L/images/image_000013.jpg,784514043f85c2caa4b0a43850956271d48ebbd827e4302049950231c162ece0,10485,,,true
P05_BLUE_L_000014,P05,BLUE,L,image_000014.jpg,training/P05/BLUE/L/images/image_000014.jpg,3bbb2ff1845089bd8f36191f50b98e85254a6076ae486d6f9c98aa8a65f373a8,10623,,,true
P05_BLUE_L_000015,P05,BLUE,L,image_000015.jpg,training/P05/BLUE/L/images/image_000015.jpg,bbc56e556be356b9486870d6bfc9c07f0dddd79a3e4cfc610a39ec8f5e59f80f,10726,,,true
P05_BLUE_L_000016,P05,BLUE,L,image_000016.jpg,training/P05/BLUE/L/images/image_000016.jpg,b22296a82b8f285bd8314348fa1f753b3c7a4c67299e1cabb2e78ceeead0f80a,10660,,,true
P05_BLUE_L_000017,P05,BLUE,L,image_000017.jpg,training/P05/BLUE/L/images/image_000017.jpg,19e83636f188fb78fb001736a1c8d7966566e8e3e297b34f46ccf98dd23ae117,10907,,,true
P05_BLUE_L_000018,P05,BLUE,L,image_000018.jpg,training/P05/BLUE/L/images/image_000018.jpg,eaa0a4f2a6a2cb6cf8684cde9033344b6265f587e3c8369b2bfa1be1f698f009,10819,,,true
P05_BLUE_L_000019,P05,BLUE,L,image_000019.jpg,training/P05/BLUE/L/images/image_000019.jpg,d298897ba8120bc2d174d1373fdb50556b055af1fc8dd853aad0c62734ad54f1,10149,,,true
P05_BLUE_L_000020,P05,BLUE,L,image_000020.jpg,training/P05/BLUE/L/images/image_000020.jpg,d441f53744536730aae62f78875ce33013ec61dbd3b46bd773080a10eb86ee98,10240,,,true
P05_BLUE_L_000021,P05,BLUE,L,image_000021.jpg,training/P05/BLUE/L/images/image_000021.jpg,617a5b4afa47b37665e6194df4cb8f87ceb0aa935b28f2c435834359a2dccad6,10464,,,true
P05_BLUE_L_000022,P05,BLUE,L,image_000022.jpg,training/P05/BLUE/L/images/image_000022.jpg,33f855ff51a50aa14df927a6ba57629bbf2c346bc7f9711db68fc6b287e23a9e,10509,,,true
P05_BLUE_L_000023,P05,BLUE,L,image_000023.jpg,training/P05/BLUE/L/images/image_000023.jpg,1fa4b3603123ad867a17a5097446e1144bcd1ada5075d3dea5ff68ab332d65e4,10614,,,true
P05_BLUE_L_000024,P05,BLUE,L,image_000024.jpg,training/P05/BLUE/L/images/image_000024.jpg,4c4b40a5df868e7c1cc80ffb7408b8851f9e32a575df654d2c84e23d358c7d2a,11053,,,true
P05_BLUE_L_000025,P05,BLUE,L,image_000025.jpg,training/P05/BLUE/L/images/image_000025.jpg,3b599ed61762ff6900abe3329423b3edc639a2070bcd739b9b67b2b1a49c32f7,10995,,,true
P05_BLUE_M_000001,P05,BLUE,M,image_000001.jpg,training/P05/BLUE/M/images/image_000001.jpg,cdb8877410acc742d722991265920dfebba655a4926f4a6b8571044d06475daf,10691,,,true
P05_BLUE_M_000002,P05,BLUE,M,image_000002.jpg,training/P05/BLUE/M/images/image_000002.jpg,e54e99f1f0b7d179b738f75b76eb6b158026fe42e3df1287551c13b7f21bf3e6,10951,,,true
P05_BLUE_M_000003,P05,BLUE,M,image_000003.jpg,training/P05/BLUE/M/images/image_000003.jpg,4c7198867487f3677488149eaef73b0c55076afaeeb00084460a95e48f7a7805,11090,,,true
P05_BLUE_M_000004,P05,BLUE,M,image_000004.jpg,training/P05/BLUE/M/images/image_000004.jpg,cef124a04a1902e515a0c197ed7694a5cd652204efcf22349faf86ad001afd6b,10910,,,true
P05_BLUE_M_000005,P05,BLUE,M,image_000005.jpg,training/P05/BLUE/M/images/image_000005.jpg,cb0cdaec7c31ba4f9b293479b6c2bc90f94f2cfbcf376dc41f74a9acd27203fa,10325,,,true
P05_BLUE_M_000006,P05,BLUE,M,image_000006.jpg,training/P05/BLUE/M/images/image_000006.jpg,e581d3c9231a309f3f48ce480fcb1b38e5299303d7f90891fa8ee7c3a3c35c7a,10545,,,true
P05_BLUE_M_000007,P05,BLUE,M,image_000007.jpg,training/P05/BLUE/M/images/image_000007.jpg,95788ab014e7f1fda9430354bc9fcd7a4a2c2fa65146752c3cdf42702fa59336,10333,,,true
P05_BLUE_M_000008,P05,BLUE,M,image_000008.jpg,training/P05/BLUE/M/images/image_000008.jpg,bdd9599fc0a726830bc8f56453805e9172a67e235a38257ed0c952ece00604bd,9170,,,true
P05_BLUE_M_000009,P05,BLUE,M,image_000009.jpg,training/P05/BLUE/M/images/image_000009.jpg,9b7a64c24afed43f4212d901f57a40d89ed7a1cf35a94a02131a1aa26ef28172,9605,,,true
P05_BLUE_M_000010,P05,BLUE,M,image_000010.jpg,training/P05/BLUE/M/images/image_000010.jpg,af5d9472fa6954a9aacbefde197f2ab31ce6e520c4c95586678edcffc8355088,9449,,,true
P05_BLUE_M_000011,P05,BLUE,M,image_000011.jpg,training/P05/BLUE/M/images/image_000011.jpg,ce1d97e19819b7c55cd7cdc13a71584b5a35853f860f5781ebaab0cf2db78730,9728,,,true
P05_BLUE_M_000012,P05,BLUE,M,image_000012.jpg,training/P05/BLUE/M/images/image_000012.jpg,d2aaffa930fdd481b11570fab477a238f36697ace5c070c8c420ca6c620a885f,9444,,,true
P05_BLUE_M_000013,P05,BLUE,M,image_000013.jpg,training/P05/BLUE/M/images/image_000013.jpg,d9dba7536da4c7d34109eb5ad7cfd63f0580502d14be5eb5e9775425aa18e402,9539,,,true
P05_BLUE_M_000014,P05,BLUE,M,image_000014.jpg,training/P05/BLUE/M/images/image_000014.jpg,1b172bdba0841483dd4f01218e2131d66d6f78d3d5ae952e607ea553b5b705c3,9843,,,true
P05_BLUE_M_000015,P05,BLUE,M,image_000015.jpg,training/P05/BLUE/M/images/image_000015.jpg,39f8461d2daa5668fa504792c8c936f45200cca96c46d55ce6c9c49888716885,9377,,,true
P05_BLUE_M_000016,P05,BLUE,M,image_000016.jpg,training/P05/BLUE/M/images/image_000016.jpg,f7aa3fba9a31d52ecaedae3f1b3afa32b1f2b4e1993cba5c9426c252263915a7,9615,,,true
P05_BLUE_M_000017,P05,BLUE,M,image_000017.jpg,training/P05/BLUE/M/images/image_000017.jpg,6eb7732f7ede2b24a3b2e7f9df61f02392859b08fce53ec9fa2da8cc60b6ae99,10416,,,true
P05_BLUE_M_000018,P05,BLUE,M,image_000018.jpg,training/P05/BLUE/M/images/image_000018.jpg,3c5a2e724b2bc8b264ba1837ce34930db542e0ec22157d6957042fdf67b66277,9518,,,true
P05_BLUE_M_000019,P05,BLUE,M,image_000019.jpg,training/P05/BLUE/M/images/image_000019.jpg,d6a86b8294e3c672f0388eac640c0f5fe9692e123303ee5315acb4415ed75c5e,9644,,,true
P05_BLUE_M_000020,P05,BLUE,M,image_000020.jpg,training/P05/BLUE/M/images/image_000020.jpg,41b3f4e0891187984323573bd483f31c0bdf6e2a66098766affef73892eddd60,9578,,,true
P05_BLUE_M_000021,P05,BLUE,M,image_000021.jpg,training/P05/BLUE/M/images/image_000021.jpg,e32ea901a3448ba7e0ce6e2e8f2eca7db6560fc0f4bc5c1b98c67c6926170a02,9863,,,true
P05_BLUE_M_000022,P05,BLUE,M,image_000022.jpg,training/P05/BLUE/M/images/image_000022.jpg,5ca47dc0fcdc4ae64940503f7e9e273a8fc038b35ca24bf602c622a697f3e647,9683,,,true
P05_BLUE_M_000023,P05,BLUE,M,image_000023.jpg,training/P05/BLUE/M/images/image_000023.jpg,15b8bb91bd666ebf30192bdebef8d4374ebffd6387386977562866d18eab7654,9302,,,true
P05_BLUE_M_000024,P05,BLUE,M,image_000024.jpg,training/P05/BLUE/M/images/image_000024.jpg,75efc38bb449967ca83239d53be9039b8b299dd142002c699c5db9edb5b2dd20,8904,,,true
P05_BLUE_M_000025,P05,BLUE,M,image_000025.jpg,training/P05/BLUE/M/images/image_000025.jpg,4676fafe8056bbd1db6cdd8fbb3d4206ce2d4adac50d0120f00622f11dae8f1a,9403,,,true
P05_BLUE_N_000001,P05,BLUE,N,image_000001.jpg,training/P05/BLUE/N/images/image_000001.jpg,b825c7eb34adcfd974886eb604bbda2bba27c2d92af9ebddb4202c126e9a4892,9980,,,true
P05_BLUE_N_000002,P05,BLUE,N,image_000002.jpg,training/P05/BLUE/N/images/image_000002.jpg,c0afe00aafc5d1d1fdfbc4880b1eb166d94f724740d5d24edc79ee30e36068eb,9997,,,true
P05_BLUE_N_000003,P05,BLUE,N,image_000003.jpg,training/P05/BLUE/N/images/image_000003.jpg,a343b02c48a03200d53fc8a8a7575a9c2fa3c26059ad61044feacd5180b69212,10073,,,true
P05_BLUE_N_000004,P05,BLUE,N,image_000004.jpg,training/P05/BLUE/N/images/image_000004.jpg,bdababf65d3130d49382f7a09b4dafff5dfb257a0afe717e4b57e3a944429dcd,10067,,,true
P05_BLUE_N_000005,P05,BLUE,N,image_000005.jpg,training/P05/BLUE/N/images/image_000005.jpg,d79de363332df11e67ef1e4b91afa8e40a8de5e6020015d1ca0753ea7cd654a2,9963,,,true
P05_BLUE_N_000006,P05,BLUE,N,image_000006.jpg,training/P05/BLUE/N/images/image_000006.jpg,efc60ba8a1773bfc76c8cfc412ab5d6b2be4c19e1dc394ec78ec8f1b00e1da62,10108,,,true
P05_BLUE_N_000007,P05,BLUE,N,image_000007.jpg,training/P05/BLUE/N/images/image_000007.jpg,4ccbca55dd191c21927d9a34447f064b49a9ea43dffbccfe917a3c514ee4b68a,9958,,,true
P05_BLUE_N_000008,P05,BLUE,N,image_000008.jpg,training/P05/BLUE/N/images/image_000008.jpg,c77d0932305144dd63311f9f866c198da28a4dc0a0d9f89acbbc444a3022dd2d,10259,,,true
P05_BLUE_N_000009,P05,BLUE,N,image_000009.jpg,training/P05/BLUE/N/images/image_000009.jpg,7ad9145d1e87f7e31b28d84b99bbac958450a4953b493a6d7d61ed49dba2c19a,9591,,,true
P05_BLUE_N_000010,P05,BLUE,N,image_000010.jpg,training/P05/BLUE/N/images/image_000010.jpg,eeaf351105d19dd21ea7174009e1db5f96f7c2c93cbd89d449f8edb53299ed3d,9721,,,true
P05_BLUE_N_000011,P05,BLUE,N,image_000011.jpg,training/P05/BLUE/N/images/image_000011.jpg,53ca3e8938bec230d662421e7011b58cbc4c05b99b1a342f6ebaac17467cdace,9604,,,true
P05_BLUE_N_000012,P05,BLUE,N,image_000012.jpg,training/P05/BLUE/N/images/image_000012.jpg,8ba3ffc577c066612b70bd03f00334c08d0f0f4d9b0bb0f100fe12463910d420,9728,,,true
P05_BLUE_N_000013,P05,BLUE,N,image_000013.jpg,training/P05/BLUE/N/images/image_000013.jpg,badc4c413a53708ffcaf53f9d485d46341e4d190eb8f9db8284da99a03f112b6,9628,,,true
P05_BLUE_N_000014,P05,BLUE,N,image_000014.jpg,training/P05/BLUE/N/images/image_000014.jpg,03cf0b263559bdc515d76f226ae6607130d066273a5f9950d974128e2ebfcf9c,9975,,,true
P05_BLUE_N_000015,P05,BLUE,N,image_000015.jpg,training/P05/BLUE/N/images/image_000015.jpg,d25ac1bb418a257a2f728c545eef4b5927d9f0f17e88699665f20cb446081456,9987,,,true
P05_BLUE_N_000016,P05,BLUE,N,image_000016.jpg,training/P05/BLUE/N/images/image_000016.jpg,33e38dfa1868e17282cc1ef13dcbd55b640da453a628ccda9bfae7b6838d9b30,10197,,,true
P05_BLUE_N_000017,P05,BLUE,N,image_000017.jpg,training/P05/BLUE/N/images/image_000017.jpg,839b6459947a4877117bc8c6c4945239cfb53ba0ab131b06a748c20aa3216c89,9424,,,true
P05_BLUE_N_000018,P05,BLUE,N,image_000018.jpg,training/P05/BLUE/N/images/image_000018.jpg,d716ec5559ba7bd8cba69fc689fbd617ee84ee3c7084ddb3cc32348557748e82,9908,,,true
P05_BLUE_N_000019,P05,BLUE,N,image_000019.jpg,training/P05/BLUE/N/images/image_000019.jpg,d6844d00e2202d7c4c0f23688db5bf992a0b9c1520ce8ec3b0112c00ac226925,9433,,,true
P05_BLUE_N_000020,P05,BLUE,N,image_000020.jpg,training/P05/BLUE/N/images/image_000020.jpg,e815a251f7f8b743bb7e944a7701514eb922023e632fac43dc08b1d784ad1809,10178,,,true
P05_BLUE_N_000021,P05,BLUE,N,image_000021.jpg,training/P05/BLUE/N/images/image_000021.jpg,4740f0b0c886a16c1c0b010e42dc3319bb5986b5f5f01c95ec3c7be5f333db99,9269,,,true
P05_BLUE_N_000022,P05,BLUE,N,image_000022.jpg,training/P05/BLUE/N/images/image_000022.jpg,9e4589eabf3da936a75c9990b522828e1709a70bb95d190be5f3cc0cc194552e,9643,,,true
P05_BLUE_N_000023,P05,BLUE,N,image_000023.jpg,training/P05/BLUE/N/images/image_000023.jpg,f9089c08bd61bac40900c14de54c0ff3a01d9623d1cdcb99850defd91407e999,9879,,,true
P05_BLUE_N_000024,P05,BLUE,N,image_000024.jpg,training/P05/BLUE/N/images/image_000024.jpg,664379275b52e96a41e14b255bb4710910500334cb551e53d6e66cbe8397a796,9780,,,true
P05_BLUE_N_000025,P05,BLUE,N,image_000025.jpg,training/P05/BLUE/N/images/image_000025.jpg,10dc5932455dacf46d24c1000841cf9c6c1a8de2fdc43bb55a0f1e89477007db,9532,,,true
P05_BLUE_O_000001,P05,BLUE,O,image_000001.jpg,training/P05/BLUE/O/images/image_000001.jpg,965b723a95866af43d92a1c3101dafe0372e7b457334763cc7fa4b260e616bb8,10775,,,true
P05_BLUE_O_000002,P05,BLUE,O,image_000002.jpg,training/P05/BLUE/O/images/image_000002.jpg,b740eff62a65f51ab10a5d3fd20093ea5bdefcb068131aed9f412179e3ecf44b,11065,,,true
P05_BLUE_O_000003,P05,BLUE,O,image_000003.jpg,training/P05/BLUE/O/images/image_000003.jpg,119ce31de3db70f322f800b4a465a0fc29fbf2561d84994bf7118b9867ea5a3c,9722,,,true
P05_BLUE_O_000004,P05,BLUE,O,image_000004.jpg,training/P05/BLUE/O/images/image_000004.jpg,3408f6813aef9dd5ad602a3f89bac4ea68e07c438de9472f1440e55855ca902c,10190,,,true
P05_BLUE_O_000005,P05,BLUE,O,image_000005.jpg,training/P05/BLUE/O/images/image_000005.jpg,5b70b00dcfb2b6cb839b8bf30fe9283f9e93ae7eb7cc3172ce0fddde74ec38ad,9385,,,true
P05_BLUE_O_000006,P05,BLUE,O,image_000006.jpg,training/P05/BLUE/O/images/image_000006.jpg,80c4b55eeb6fdde23ce2e19a67cb2e85ebffad736bb5a563ffa7f508022ad3ce,9992,,,true
P05_BLUE_O_000007,P05,BLUE,O,image_000007.jpg,training/P05/BLUE/O/images/image_000007.jpg,e973b2e53d9ffd0d9358e2e2c2ccd425ae1c33867a3cf79a82fea0f9c1bedd28,10140,,,true
P05_BLUE_O_000008,P05,BLUE,O,image_000008.jpg,training/P05/BLUE/O/images/image_000008.jpg,d6c98383e9ac2cd61e5bba85e72d601c628e76f9b8dd50c0810c9ec4e413e5c0,10511,,,true
P05_BLUE_O_000009,P05,BLUE,O,image_000009.jpg,training/P05/BLUE/O/images/image_000009.jpg,53e961c9d68e64c50b0ca36bfd0db4fef1c17b7cf87c9c1ad06efb87a6657e3a,10471,,,true
P05_BLUE_O_000010,P05,BLUE,O,image_000010.jpg,training/P05/BLUE/O/images/image_000010.jpg,1653a20a53a92e1dcc03dc9ba13e495ce6d37806afa477bf932e7c29063e413c,9324,,,true
P05_BLUE_O_000011,P05,BLUE,O,image_000011.jpg,training/P05/BLUE/O/images/image_000011.jpg,12d059732e5e00998305c08a910c3a5fbeb22f0360bb18e3aa85beb483f98f16,9223,,,true
P05_BLUE_O_000012,P05,BLUE,O,image_000012.jpg,training/P05/BLUE/O/images/image_000012.jpg,e1065792f84ec3893e869f1fa51283fa1a6073653b4ca318666f25b3f81bdb75,10053,,,true
P05_BLUE_O_000013,P05,BLUE,O,image_000013.jpg,training/P05/BLUE/O/images/image_000013.jpg,f70f1e0f990b2195bc17648e1d225bdd93f008c9714486eca896a69f0f6beed6,10150,,,true
P05_BLUE_O_000014,P05,BLUE,O,image_000014.jpg,training/P05/BLUE/O/images/image_000014.jpg,728a07396a406f980c88eac6a303c6b5986808b3ab8e4faa2cb6fd383ab97a53,9320,,,true
P05_BLUE_O_000015,P05,BLUE,O,image_000015.jpg,training/P05/BLUE/O/images/image_000015.jpg,bad49ef20af5ccc2195d113971b2c33d3809cbdab28a9cd0c764f2713d0ae273,9815,,,true
P05_BLUE_O_000016,P05,BLUE,O,image_000016.jpg,training/P05/BLUE/O/images/image_000016.jpg,35f4ebc41b2af984398d54dcee847af3bd4cbb9cfcc030b8005e2468dcc08106,9837,,,true
P05_BLUE_O_000017,P05,BLUE,O,image_000017.jpg,training/P05/BLUE/O/images/image_000017.jpg,587aa40ac8c56682dc84c0f152a264462777ce5dfdf7f5fcd08132b672c38f04,8838,,,true
P05_BLUE_O_000018,P05,BLUE,O,image_000018.jpg,training/P05/BLUE/O/images/image_000018.jpg,856998a18277a3539104d90f02be089d32a8db9dddf26ed671240ae1780632a5,10578,,,true
P05_BLUE_O_000019,P05,BLUE,O,image_000019.jpg,training/P05/BLUE/O/images/image_000019.jpg,d3e3b785821479c0ca4d672a33dcf5b9027d1aa6b1dba4028f601f8114911ec2,9408,,,true
P05_BLUE_O_000020,P05,BLUE,O,image_000020.jpg,training/P05/BLUE/O/images/image_000020.jpg,ad929dc2506dbd73444a7a6942898e36d4ae5d6b61c5d872ab49ec6c2e3faace,9885,,,true
P05_BLUE_O_000021,P05,BLUE,O,image_000021.jpg,training/P05/BLUE/O/images/image_000021.jpg,aefcb3d27784cb52cf281ae5a8fcf97891b16564efbe340a05538a40788791f5,9667,,,true
P05_BLUE_O_000022,P05,BLUE,O,image_000022.jpg,training/P05/BLUE/O/images/image_000022.jpg,9354004da5e45fbe586cdaee9fcba16c00ac605cc0c202b1a0aa2c7e81466fdc,10110,,,true
P05_BLUE_O_000023,P05,BLUE,O,image_000023.jpg,training/P05/BLUE/O/images/image_000023.jpg,4d2478b7603797e1f33c32e903cc167a97755c9d647a4bd7dd9843e327dc7e32,10340,,,true
P05_BLUE_O_000024,P05,BLUE,O,image_000024.jpg,training/P05/BLUE/O/images/image_000024.jpg,0d552a8838cb5e9fefc5e99e8097146f160ee1e679aa9bfbb8a2afe999e6a3b4,10296,,,true
P05_BLUE_O_000025,P05,BLUE,O,image_000025.jpg,training/P05/BLUE/O/images/image_000025.jpg,bf9c8a6ae0019568615dc2e27fdf9fcda8bba3b7e994dd13bbc5b288a8d14a4d,10097,,,true
P05_BLUE_P_000001,P05,BLUE,P,image_000001.jpg,training/P05/BLUE/P/images/image_000001.jpg,452a65d191283ef0150caa2b3bdd80976b88e938de89f2b7a2c41d62cf749788,11201,,,true
P05_BLUE_P_000002,P05,BLUE,P,image_000002.jpg,training/P05/BLUE/P/images/image_000002.jpg,3a5e62658715554c77cdc83ab68e53cc560d549bb9355862bff3a0549da59395,11495,,,true
P05_BLUE_P_000003,P05,BLUE,P,image_000003.jpg,training/P05/BLUE/P/images/image_000003.jpg,3923751a32d5c1dac88a7601da3ce0d2b2dc905768bd249106f70fde23433f63,10649,,,true
P05_BLUE_P_000004,P05,BLUE,P,image_000004.jpg,training/P05/BLUE/P/images/image_000004.jpg,b6738b6e8bd1f279edaff3dcf6967fc223a8d196bb0e1a2bfb202b59bd2879f4,10680,,,true
P05_BLUE_P_000005,P05,BLUE,P,image_000005.jpg,training/P05/BLUE/P/images/image_000005.jpg,a167de61d393c4fb085bdd0a54885a542141df529ae0a7dd7adb5746cf22a47d,10883,,,true
P05_BLUE_P_000006,P05,BLUE,P,image_000006.jpg,training/P05/BLUE/P/images/image_000006.jpg,024f9430a9132f40e1d01f22df24f3e470a954eb15e730ccb2e214e983373ca8,10884,,,true
P05_BLUE_P_000007,P05,BLUE,P,image_000007.jpg,training/P05/BLUE/P/images/image_000007.jpg,61e6fb558918c7c8ce36f9768b529dd0cfd94354a63934274e61ffbd7f1a8a60,11248,,,true
P05_BLUE_P_000008,P05,BLUE,P,image_000008.jpg,training/P05/BLUE/P/images/image_000008.jpg,3a7d985aba7de58f4a88d85dd95a436724d36161f794540d9e33cb462b587751,11264,,,true
P05_BLUE_P_000009,P05,BLUE,P,image_000009.jpg,training/P05/BLUE/P/images/image_000009.jpg,f449e0b92e3585d46a3f4dacaf07262efb591129f822aa29cca37527cbb6981d,10764,,,true
P05_BLUE_P_000010,P05,BLUE,P,image_000010.jpg,training/P05/BLUE/P/images/image_000010.jpg,e8a02c34ee756155647008f00f4b0a5e0d4bf829ca17f6200a9053eb3af78edb,10845,,,true
P05_BLUE_P_000011,P05,BLUE,P,image_000011.jpg,training/P05/BLUE/P/images/image_000011.jpg,0fb2abe110130fdabd43f64568fd25afcb588fe3ab528a52186b3fcf52dd5733,11036,,,true
P05_BLUE_P_000012,P05,BLUE,P,image_000012.jpg,training/P05/BLUE/P/images/image_000012.jpg,ae69628006cb9a7ed7770f48bb8d64f92334a25b5033807d189831bb634b1f79,10769,,,true
P05_BLUE_P_000013,P05,BLUE,P,image_000013.jpg,training/P05/BLUE/P/images/image_000013.jpg,7bfd6426d6efe694e2d43bb7f480ea1ed0ff09f7fa632d9f1d9f2fd500a5dec8,10765,,,true
P05_BLUE_P_000014,P05,BLUE,P,image_000014.jpg,training/P05/BLUE/P/images/image_000014.jpg,01b22b32c638dbcd8b96a0f30f23cbc3ed469214cec511598a24b1a54ed52502,11267,,,true
P05_BLUE_P_000015,P05,BLUE,P,image_000015.jpg,training/P05/BLUE/P/images/image_000015.jpg,12e04225fad1ab42157960d8d451f294b6ee280d3295dedbb20b2952db2082fd,11551,,,true
P05_BLUE_P_000016,P05,BLUE,P,image_000016.jpg,training/P05/BLUE/P/images/image_000016.jpg,05588113d64e8d685176f73f0cedc586cbdc374c83644bb2aa025b9cc262a915,11150,,,true
P05_BLUE_P_000017,P05,BLUE,P,image_000017.jpg,training/P05/BLUE/P/images/image_000017.jpg,097a1bb4d6a8dcff6a10915712466a659b32584d9ca1c8af04ea2524b1629b70,10931,,,true
P05_BLUE_P_000018,P05,BLUE,P,image_000018.jpg,training/P05/BLUE/P/images/image_000018.jpg,949c3595e8636920884c7f9346aff3140fdd9657891569f9c1fc72e171e21ca5,11495,,,true
P05_BLUE_P_000019,P05,BLUE,P,image_000019.jpg,training/P05/BLUE/P/images/image_000019.jpg,0aa8a9e18d912117ec219ed46d735182eb2c3f96928cf0e4686dca4176488cf8,10811,,,true
P05_BLUE_P_000020,P05,BLUE,P,image_000020.jpg,training/P05/BLUE/P/images/image_000020.jpg,2762f121db5fed11a55a8e3a62d36e726fa422f8b88b87dad98ebe13e6c6d7d6,10979,,,true
P05_BLUE_P_000021,P05,BLUE,P,image_000021.jpg,training/P05/BLUE/P/images/image_000021.jpg,02e7e55c7d1511777f0d00210fceb41bfd8fb23227cfb6e9dd6b144c46a829a5,11054,,,true
P05_BLUE_P_000022,P05,BLUE,P,image_000022.jpg,training/P05/BLUE/P/images/image_000022.jpg,1a8e8d19995fe6713af8037cd1d2ea4f2a5fb80e485b39bb7140ef3808f0ced3,10777,,,true
P05_BLUE_P_000023,P05,BLUE,P,image_000023.jpg,training/P05/BLUE/P/images/image_000023.jpg,fab08be448435af1a1ddd71b43235bf65e19e6176a6a836f4ccd67ce3773e74c,11337,,,true
P05_BLUE_P_000024,P05,BLUE,P,image_000024.jpg,training/P05/BLUE/P/images/image_000024.jpg,045da067c8944585808c46094a2ed325ad460febbb44bba8042d7fb31a90c2bc,10909,,,true
P05_BLUE_P_000025,P05,BLUE,P,image_000025.jpg,training/P05/BLUE/P/images/image_000025.jpg,0945f2693ab3f18a14098f4a8170ae7adba9dd2d906c7c9973b81181ff5442ea,10797,,,true
P05_BLUE_R_000001,P05,BLUE,R,image_000001.jpg,training/P05/BLUE/R/images/image_000001.jpg,10ecbca8cbbbbd8d0a8c76b820c96f53a25b66a0103fee3a6c02627d9158116c,10360,,,true
P05_BLUE_R_000002,P05,BLUE,R,image_000002.jpg,training/P05/BLUE/R/images/image_000002.jpg,a1085e19c60e5955f6576e084eacac0f6e43896d5d8434a453721127a543f856,10416,,,true
P05_BLUE_R_000003,P05,BLUE,R,image_000003.jpg,training/P05/BLUE/R/images/image_000003.jpg,c02241486d9d61b6523e8123d9b7fa5e8615d6990cb26b793c0dcaf4a2c51e16,10767,,,true
P05_BLUE_R_000004,P05,BLUE,R,image_000004.jpg,training/P05/BLUE/R/images/image_000004.jpg,a79f6eade311d48717deb208a9f95fc9cadea8a7ab2c5d3e9bf20b98fab902ca,10223,,,true
P05_BLUE_R_000005,P05,BLUE,R,image_000005.jpg,training/P05/BLUE/R/images/image_000005.jpg,d619ad6e59f2357a593e51fae12269c9bd04f0c469d21946d9ebd649867680ee,10660,,,true
P05_BLUE_R_000006,P05,BLUE,R,image_000006.jpg,training/P05/BLUE/R/images/image_000006.jpg,38df235c0cdbc5dc52b6c1933fc3de9e0223f257caf2b2cc74d6fbb7e0108dcb,9282,,,true
P05_BLUE_R_000007,P05,BLUE,R,image_000007.jpg,training/P05/BLUE/R/images/image_000007.jpg,c0da04674216ccdcd593bc6a484bc9e93ed5dfef5e89817af6f84948b8d23b6a,11068,,,true
P05_BLUE_R_000008,P05,BLUE,R,image_000008.jpg,training/P05/BLUE/R/images/image_000008.jpg,a8e7099bf0827ca7152992db4e0d87fea2f7773b6be11e507332f0fdee45fb61,10670,,,true
P05_BLUE_R_000009,P05,BLUE,R,image_000009.jpg,training/P05/BLUE/R/images/image_000009.jpg,490e348046e33656182587242a0f9340bcdc9ca3153a456631968c514662a0e6,11021,,,true
P05_BLUE_R_000010,P05,BLUE,R,image_000010.jpg,training/P05/BLUE/R/images/image_000010.jpg,853d72790e58bb17877fcd5fe7d29dec71fa955820c90f4b240d38a2b4406051,10984,,,true
P05_BLUE_R_000011,P05,BLUE,R,image_000011.jpg,training/P05/BLUE/R/images/image_000011.jpg,3547f249662638a71651058c405be7dbbfe111a5298d522c9583eb4ca8d1d9a2,10909,,,true
P05_BLUE_R_000012,P05,BLUE,R,image_000012.jpg,training/P05/BLUE/R/images/image_000012.jpg,c178fa8b0947b3647b81fc686c5b5c4f3afae65fc589573f33be0a90fa9e1ffc,10808,,,true
P05_BLUE_R_000013,P05,BLUE,R,image_000013.jpg,training/P05/BLUE/R/images/image_000013.jpg,43dccefc51b40ee70b16d52dc7308d26baa50eeeaa66b02010186ec77448cf1b,10974,,,true
P05_BLUE_R_000014,P05,BLUE,R,image_000014.jpg,training/P05/BLUE/R/images/image_000014.jpg,9abfb1f3cd08c9371ad9a431fb3aecce1ca656a50f0d4b2dc4beef8ae67274a7,10610,,,true
P05_BLUE_R_000015,P05,BLUE,R,image_000015.jpg,training/P05/BLUE/R/images/image_000015.jpg,e4e654624a4540a0dd6aa68e0cdf25c0f5a6687a93764b5f33d63a21784e401f,10620,,,true
P05_BLUE_R_000016,P05,BLUE,R,image_000016.jpg,training/P05/BLUE/R/images/image_000016.jpg,fd35ee1f4966fb0406f1dffaa40b07289d571447893006006922fb600869e57e,11122,,,true
P05_BLUE_R_000017,P05,BLUE,R,image_000017.jpg,training/P05/BLUE/R/images/image_000017.jpg,040a661a5adc612bc89e83184803b2fdac356616b3a8f8dadbddd41f7ffc7166,10582,,,true
P05_BLUE_R_000018,P05,BLUE,R,image_000018.jpg,training/P05/BLUE/R/images/image_000018.jpg,c6180ec91f46068e633864e8a79ab7e472f4a43ab5cda472157f4d6195a9d9d8,10715,,,true
P05_BLUE_R_000019,P05,BLUE,R,image_000019.jpg,training/P05/BLUE/R/images/image_000019.jpg,e1199d0f1b16b0d40d909b5c2b78d50e0907f88690d6084127c55a82b5ca32e8,10535,,,true
P05_BLUE_R_000020,P05,BLUE,R,image_000020.jpg,training/P05/BLUE/R/images/image_000020.jpg,5cfc7bedecfdd62ba66f8b2dad52f271fe54f6cadd141ecfbaecdd5cc83b088f,10554,,,true
P05_BLUE_R_000021,P05,BLUE,R,image_000021.jpg,training/P05/BLUE/R/images/image_000021.jpg,72ab6b538581d99de0a657c58253ead93e4a40261701a5e7df49168c9bd709b1,11184,,,true
P05_BLUE_R_000022,P05,BLUE,R,image_000022.jpg,training/P05/BLUE/R/images/image_000022.jpg,9a9e717c1e84d33f5603fcfc5e20b2c2ab32b07bddfe897eff1e7d525552b772,11056,,,true
P05_BLUE_R_000023,P05,BLUE,R,image_000023.jpg,training/P05/BLUE/R/images/image_000023.jpg,6b80a5bf8984c9f181bc4df1210f67539fdeb4e1ec36baf5b46f90611694babd,11271,,,true
P05_BLUE_R_000024,P05,BLUE,R,image_000024.jpg,training/P05/BLUE/R/images/image_000024.jpg,098cf225d0ea681fca92eae2622908c0385a4885699f6a808e966410b6c18709,10863,,,true
P05_BLUE_R_000025,P05,BLUE,R,image_000025.jpg,training/P05/BLUE/R/images/image_000025.jpg,ea9810eff6c559c4984ad730951985835892eaefe3b0b2a368222e3037099ef6,10587,,,true
P05_BLUE_S_000001,P05,BLUE,S,image_000001.jpg,training/P05/BLUE/S/images/image_000001.jpg,93921267d73607d86a0ae066ce159bd5eb642d6f89ef0e395b22c49e492bb445,10373,,,true
P05_BLUE_S_000002,P05,BLUE,S,image_000002.jpg,training/P05/BLUE/S/images/image_000002.jpg,da9a0f02b3d0b8e85ec9aaa720e18b6fe516454878004debe5e4d38d6f8f49fd,10304,,,true
P05_BLUE_S_000003,P05,BLUE,S,image_000003.jpg,training/P05/BLUE/S/images/image_000003.jpg,a89ef32da5273eda689fb71cb3c908c3a73d9db21445eb6c5b15f51ffefd6e26,10149,,,true
P05_BLUE_S_000004,P05,BLUE,S,image_000004.jpg,training/P05/BLUE/S/images/image_000004.jpg,02ae730393d1c74c5022b7ec12b59f64b968c8c9e47a9db943709358dd484993,10436,,,true
P05_BLUE_S_000005,P05,BLUE,S,image_000005.jpg,training/P05/BLUE/S/images/image_000005.jpg,e98829f80deae9e88cf5659d2559142e08f3d9eb5402a3ade387868003aebe3a,10508,,,true
P05_BLUE_S_000006,P05,BLUE,S,image_000006.jpg,training/P05/BLUE/S/images/image_000006.jpg,3f3a66290d7796d5954a2964bfd925ee83be193ae5b9af2962290d97e45dfc57,10547,,,true
P05_BLUE_S_000007,P05,BLUE,S,image_000007.jpg,training/P05/BLUE/S/images/image_000007.jpg,30804f9d4e6883f07333d79b56902bb1b047adc15aad72a97146f41be9ca502b,9797,,,true
P05_BLUE_S_000008,P05,BLUE,S,image_000008.jpg,training/P05/BLUE/S/images/image_000008.jpg,55e41761c34a998879e4a2eb37ae56830d5bb4592f07357e041c6d9f4302f900,10062,,,true
P05_BLUE_S_000009,P05,BLUE,S,image_000009.jpg,training/P05/BLUE/S/images/image_000009.jpg,536e0204f71153384a4a558fe763a4e627a23fd875aa306c5b0c38afec027d4d,10428,,,true
P05_BLUE_S_000010,P05,BLUE,S,image_000010.jpg,training/P05/BLUE/S/images/image_000010.jpg,910ddf241a72ee29b8f85fbed79ed84b4b11b348b77fc3ec5ff4483d68dcc6fd,10329,,,true
P05_BLUE_S_000011,P05,BLUE,S,image_000011.jpg,training/P05/BLUE/S/images/image_000011.jpg,c608a4cc3d98b928b1700a943c890cc63938b46d82f72b8c360dfe360ecd68cd,10472,,,true
P05_BLUE_S_000012,P05,BLUE,S,image_000012.jpg,training/P05/BLUE/S/images/image_000012.jpg,2ac78dad97e7b5446d39398fbd8bd0a29895d4abf9cae93ef8a75187b835f512,10350,,,true
P05_BLUE_S_000013,P05,BLUE,S,image_000013.jpg,training/P05/BLUE/S/images/image_000013.jpg,59a71b0b2ff34b418b7b70310cd161a07c5908ffa4fadaeee6b13b2f1de0c9be,10821,,,true
P05_BLUE_S_000014,P05,BLUE,S,image_000014.jpg,training/P05/BLUE/S/images/image_000014.jpg,b1c23f84397dfa73046f526e3f58c975ef11c34a3addad6acacc68c0ae21e74b,9796,,,true
P05_BLUE_S_000015,P05,BLUE,S,image_000015.jpg,training/P05/BLUE/S/images/image_000015.jpg,980e9f36c9fbda4d08c7301097cc5ed44f39ba813eba534a4454100aa34985c0,9183,,,true
P05_BLUE_S_000016,P05,BLUE,S,image_000016.jpg,training/P05/BLUE/S/images/image_000016.jpg,dd60b0f2b2728a32eec31263967dd3df146ea96a15bc23ee85a3ab6b84147a82,9702,,,true
P05_BLUE_S_000017,P05,BLUE,S,image_000017.jpg,training/P05/BLUE/S/images/image_000017.jpg,545eacae63a50da9ed41348ced3e038a915b8ed2d890473f72c4f53b763f08a6,10080,,,true
P05_BLUE_S_000018,P05,BLUE,S,image_000018.jpg,training/P05/BLUE/S/images/image_000018.jpg,3dcf6eca6f0b907577167a40cbb56f900ef0bd46b4088e6b1245e142fdf602df,9954,,,true
P05_BLUE_S_000019,P05,BLUE,S,image_000019.jpg,training/P05/BLUE/S/images/image_000019.jpg,e036d61f81e484a8bf93d02aa10bad8cac1ffd6c606e5ff50bb45560f4e38863,10409,,,true
P05_BLUE_S_000020,P05,BLUE,S,image_000020.jpg,training/P05/BLUE/S/images/image_000020.jpg,1a5c038a7c197b47793eea5ede2cef34833239ff2af2aec1d0c2a0deb6d744bc,10081,,,true
P05_BLUE_S_000021,P05,BLUE,S,image_000021.jpg,training/P05/BLUE/S/images/image_000021.jpg,0d033a43a8cd2b3ac82f5cb37726e7bdc63750cb0b4af8fad323190aea0035c3,10523,,,true
P05_BLUE_S_000022,P05,BLUE,S,image_000022.jpg,training/P05/BLUE/S/images/image_000022.jpg,d31d9ee89bcf0af40609fa262188ac6ada3ec51c28710a5472684588ad7c3c56,10498,,,true
P05_BLUE_S_000023,P05,BLUE,S,image_000023.jpg,training/P05/BLUE/S/images/image_000023.jpg,55926f614d7b55813cdcc3145dd71bfdeee2058b6353adb2aa954ae7564fce5f,10919,,,true
P05_BLUE_S_000024,P05,BLUE,S,image_000024.jpg,training/P05/BLUE/S/images/image_000024.jpg,0e9377bbda4b3a24e505ae9a6299a9282ca29ad9f343cf22afd1451af483b37f,10926,,,true
P05_BLUE_S_000025,P05,BLUE,S,image_000025.jpg,training/P05/BLUE/S/images/image_000025.jpg,6556e66be6f6d4ecb209a58b053bc18f1622041b56e1267b249a391417188e93,11611,,,true
P05_BLUE_T_000001,P05,BLUE,T,image_000001.jpg,training/P05/BLUE/T/images/image_000001.jpg,fd4d288f56c1bcf24e799ee19ea1871662a8209e49bec83f8ee22a119c3239cf,10193,,,true
P05_BLUE_T_000002,P05,BLUE,T,image_000002.jpg,training/P05/BLUE/T/images/image_000002.jpg,4356a6709b56ab58f876388555e9ce132e654968bc4b2fd6bed7514ce9973af6,10334,,,true
P05_BLUE_T_000003,P05,BLUE,T,image_000003.jpg,training/P05/BLUE/T/images/image_000003.jpg,bf786a7634418fd67737297e70a2f78aeb554fe4f453f7d0c9d4c03bd67ecaa5,10482,,,true
P05_BLUE_T_000004,P05,BLUE,T,image_000004.jpg,training/P05/BLUE/T/images/image_000004.jpg,c0810e2930d2cea66a83d1329db2c7f9d11da4fc642cd8251af4989d26cabce1,10593,,,true
P05_BLUE_T_000005,P05,BLUE,T,image_000005.jpg,training/P05/BLUE/T/images/image_000005.jpg,69fca26fd3397ee620e301f3d69df904982107e91a8eb5cddb0d58267bd83cbc,9747,,,true
P05_BLUE_T_000006,P05,BLUE,T,image_000006.jpg,training/P05/BLUE/T/images/image_000006.jpg,2e100a7574ac1b4b00a79a7a20d731c12894187195542859caad2d3a3a266a59,9969,,,true
P05_BLUE_T_000007,P05,BLUE,T,image_000007.jpg,training/P05/BLUE/T/images/image_000007.jpg,93395b206791c71a4788d1d05cb414ca57dd1e8e2b9c881c70848334cc93ac88,10098,,,true
P05_BLUE_T_000008,P05,BLUE,T,image_000008.jpg,training/P05/BLUE/T/images/image_000008.jpg,a75283e8459b01f966ce574edb6d4ad6a6164822505753f232f42fc779df16cd,9759,,,true
P05_BLUE_T_000009,P05,BLUE,T,image_000009.jpg,training/P05/BLUE/T/images/image_000009.jpg,0611b2100b2bc56489dbb23205d29d42bf4998d4a923ce4a433ebe8d75eceeb5,9748,,,true
P05_BLUE_T_000010,P05,BLUE,T,image_000010.jpg,training/P05/BLUE/T/images/image_000010.jpg,d553f89a4f09f5b7ade79cd15122bbe388ffe938366c297ced833c35c7407b95,10164,,,true
P05_BLUE_T_000011,P05,BLUE,T,image_000011.jpg,training/P05/BLUE/T/images/image_000011.jpg,ab264988bc453da05ef788643d386009dc1fd9fabcd8f02f0960005a9ea06f26,10216,,,true
P05_BLUE_T_000012,P05,BLUE,T,image_000012.jpg,training/P05/BLUE/T/images/image_000012.jpg,8d669be61ac770dc7b054b5f8cef19b4e34c870c6812c2d247b74c6c84738ef1,10089,,,true
P05_BLUE_T_000013,P05,BLUE,T,image_000013.jpg,training/P05/BLUE/T/images/image_000013.jpg,25cc60c18f3b522674f7fb98959ec0dca19041bc6312c1187ab5644bc5037863,10019,,,true
P05_BLUE_T_000014,P05,BLUE,T,image_000014.jpg,training/P05/BLUE/T/images/image_000014.jpg,c9377824e1ae192323651ac854a91e700f2bee77a19a485cd61ede480b0b2c17,9602,,,true
P05_BLUE_T_000015,P05,BLUE,T,image_000015.jpg,training/P05/BLUE/T/images/image_000015.jpg,eeae044cf2cfcae98c574f7d02682faadc66cee4a09176d8037624924d0661c1,10230,,,true
P05_BLUE_T_000016,P05,BLUE,T,image_000016.jpg,training/P05/BLUE/T/images/image_000016.jpg,be309dc39e39ed9273c534358da2cd30de85d8918061259985d5a3cf5294d60f,9916,,,true
P05_BLUE_T_000017,P05,BLUE,T,image_000017.jpg,training/P05/BLUE/T/images/image_000017.jpg,e43c5119338e00661251e2278e8d822d672bc10573b901370baaa7b14d8bc60f,10205,,,true
P05_BLUE_T_000018,P05,BLUE,T,image_000018.jpg,training/P05/BLUE/T/images/image_000018.jpg,81e7b0744e1014a39e1901793c151946d6db21c0e5def25aebcdf729c79a668f,10646,,,true
P05_BLUE_T_000019,P05,BLUE,T,image_000019.jpg,training/P05/BLUE/T/images/image_000019.jpg,c889066b434d07568cfa5a426d499324828694e6907bc9af41040c389384c30e,9374,,,true
P05_BLUE_T_000020,P05,BLUE,T,image_000020.jpg,training/P05/BLUE/T/images/image_000020.jpg,be7c3adab7d8ae280756add9ebe04b3ef138c633f23d4194630fa7d65edbb9ea,10051,,,true
P05_BLUE_T_000021,P05,BLUE,T,image_000021.jpg,training/P05/BLUE/T/images/image_000021.jpg,168d50e7e0782dc1fa35038221c4664002298cd282fdd96f07999a32fbf1d383,10458,,,true
P05_BLUE_T_000022,P05,BLUE,T,image_000022.jpg,training/P05/BLUE/T/images/image_000022.jpg,a323a1a2018c9d13a6850f9b18496252624806312259181e914263861f9e14ee,10514,,,true
P05_BLUE_T_000023,P05,BLUE,T,image_000023.jpg,training/P05/BLUE/T/images/image_000023.jpg,2eeb31ac9fa803a6f79912d8d9c303430c3e91e91cef1cbe42ca0896dbc79c8f,10566,,,true
P05_BLUE_T_000024,P05,BLUE,T,image_000024.jpg,training/P05/BLUE/T/images/image_000024.jpg,a25367fd8f48b28d08e1d3cee4dba73585a4ca753a9f38ce9533c5269dea6f88,10300,,,true
P05_BLUE_T_000025,P05,BLUE,T,image_000025.jpg,training/P05/BLUE/T/images/image_000025.jpg,cf140730553bbd44a8cdaec2df7a96a2b602ab102c7cd7bde06a0b570893e358,10616,,,true
P05_BLUE_U_000001,P05,BLUE,U,image_000001.jpg,training/P05/BLUE/U/images/image_000001.jpg,07f77223776a3357e037249157f1eefa49f2aba3d5628429418f9ab9b645ed15,8950,,,true
P05_BLUE_U_000002,P05,BLUE,U,image_000002.jpg,training/P05/BLUE/U/images/image_000002.jpg,1c8d0f0930ef8577646669a48cd04be4fb57824551e08261eebe642743f4159e,11218,,,true
P05_BLUE_U_000003,P05,BLUE,U,image_000003.jpg,training/P05/BLUE/U/images/image_000003.jpg,5b11d4b3f59a418651697baea377ec46c667fc7029007981d7678a74a6672006,10674,,,true
P05_BLUE_U_000004,P05,BLUE,U,image_000004.jpg,training/P05/BLUE/U/images/image_000004.jpg,da45507149d13a1294386fe26cdbcf138f0f883aab0b1181b70a748f59f7e63b,10938,,,true
P05_BLUE_U_000005,P05,BLUE,U,image_000005.jpg,training/P05/BLUE/U/images/image_000005.jpg,5dca8c8864560b462a9aee7e70c7b232555524c0d142521b31d1e78fb211ebc2,10830,,,true
P05_BLUE_U_000006,P05,BLUE,U,image_000006.jpg,training/P05/BLUE/U/images/image_000006.jpg,9c15acc9deb18d2b9b3ede00c632d4dc109cdeb0c981008ba3cde824c4e8bcee,10575,,,true
P05_BLUE_U_000007,P05,BLUE,U,image_000007.jpg,training/P05/BLUE/U/images/image_000007.jpg,bb04f4c0a1550d7154fda2587814af791a45fa0271618f71f91ad6563634e5d0,10267,,,true
P05_BLUE_U_000008,P05,BLUE,U,image_000008.jpg,training/P05/BLUE/U/images/image_000008.jpg,40c9004b42b0d0eec18a788c18db33899908dadbeb6307a3e024d652d202be01,11274,,,true
P05_BLUE_U_000009,P05,BLUE,U,image_000009.jpg,training/P05/BLUE/U/images/image_000009.jpg,fd44078346e8ce4676a9ca12f9ae9e1bc4500e316f55a10759f4d368e7ac763a,11047,,,true
P05_BLUE_U_000010,P05,BLUE,U,image_000010.jpg,training/P05/BLUE/U/images/image_000010.jpg,4f41534acb58223d6774f548c853464f4f10c18f5bdf63eb7ad21b3ad8e1154e,10696,,,true
P05_BLUE_U_000011,P05,BLUE,U,image_000011.jpg,training/P05/BLUE/U/images/image_000011.jpg,eff2e97ca1e810b1daed14da78942b5eaee3b704569ecb5dece9e66d3200bf65,9819,,,true
P05_BLUE_U_000012,P05,BLUE,U,image_000012.jpg,training/P05/BLUE/U/images/image_000012.jpg,ecbdc67ac16a12a072fad7032509206910bb72452840f9ee6d329ad28af1fa8a,9624,,,true
P05_BLUE_U_000013,P05,BLUE,U,image_000013.jpg,training/P05/BLUE/U/images/image_000013.jpg,730c524766cc04d46943244f97cfc57b39818e1f45012f7f5c10eda781561d6d,9672,,,true
P05_BLUE_U_000014,P05,BLUE,U,image_000014.jpg,training/P05/BLUE/U/images/image_000014.jpg,2e982bc7f5a76b79e6cd1365dcc6db4d47b25af8618fdabee627aefa5749c555,9702,,,true
P05_BLUE_U_000015,P05,BLUE,U,image_000015.jpg,training/P05/BLUE/U/images/image_000015.jpg,e0c4f8823d5aa0fca1b51d9a8258d10758628d0079a9a8d25f7e7ad3a3727a07,9388,,,true
P05_BLUE_U_000016,P05,BLUE,U,image_000016.jpg,training/P05/BLUE/U/images/image_000016.jpg,2e4456867cfe7ba4ce5b201a9ee4254a92dda89305ef0effd036a7c353f7c417,10733,,,true
P05_BLUE_U_000017,P05,BLUE,U,image_000017.jpg,training/P05/BLUE/U/images/image_000017.jpg,355ba4f2834b0878a352ae8de9242fa93b63e575e81f3e8817da665568ef602a,10370,,,true
P05_BLUE_U_000018,P05,BLUE,U,image_000018.jpg,training/P05/BLUE/U/images/image_000018.jpg,2c7efcd7cba88d56fc68b3fa4e3096b6d7d452171d9fb4022d79d22623708339,10013,,,true
P05_BLUE_U_000019,P05,BLUE,U,image_000019.jpg,training/P05/BLUE/U/images/image_000019.jpg,0cffb022d417bd4a0eab837914b96da6c21fcc567198c088d7c7878b5c2d39cb,10010,,,true
P05_BLUE_U_000020,P05,BLUE,U,image_000020.jpg,training/P05/BLUE/U/images/image_000020.jpg,6b02ab45a9c321fbf29ea2cc97db65badf25d89006f335556e415a677c5029ff,9120,,,true
P05_BLUE_U_000021,P05,BLUE,U,image_000021.jpg,training/P05/BLUE/U/images/image_000021.jpg,ef26a547a197ff66739fb6b37a25e8d41ad0a5b0505f692602a6412198857314,9723,,,true
P05_BLUE_U_000022,P05,BLUE,U,image_000022.jpg,training/P05/BLUE/U/images/image_000022.jpg,a0b0ca558915d4f1c3e33ac8971a75101019efd8b288ffc7e2dbb4c2d3c14552,10353,,,true
P05_BLUE_U_000023,P05,BLUE,U,image_000023.jpg,training/P05/BLUE/U/images/image_000023.jpg,9b91391b993b68613741c910e16d9c3ed85ad3d750a36dec3c0340c345ef0341,10652,,,true
P05_BLUE_U_000024,P05,BLUE,U,image_000024.jpg,training/P05/BLUE/U/images/image_000024.jpg,88c59a97303c142c63401db61d286ba105bb867582e5d206fad809750481ede8,9084,,,true
P05_BLUE_U_000025,P05,BLUE,U,image_000025.jpg,training/P05/BLUE/U/images/image_000025.jpg,91cfec57598cf9adf163f8318cac5306d0a59b602023b4838d386138df79d4a7,9339,,,true
P05_BLUE_V_000001,P05,BLUE,V,image_000001.jpg,training/P05/BLUE/V/images/image_000001.jpg,4574e8e06b602f625c39521be1d3269fbe12bd660dfa25ed5cd7d9ce904b2d0b,10093,,,true
P05_BLUE_V_000002,P05,BLUE,V,image_000002.jpg,training/P05/BLUE/V/images/image_000002.jpg,dc7660be561aee5299e7aa86b97130617ccc5917b41052d6ffd4e070899165ef,10405,,,true
P05_BLUE_V_000003,P05,BLUE,V,image_000003.jpg,training/P05/BLUE/V/images/image_000003.jpg,64cfa34f5e96bae06be3079fcf6aa4fcd3da2f325a3c23eb4a85140cb86b0e35,9539,,,true
P05_BLUE_V_000004,P05,BLUE,V,image_000004.jpg,training/P05/BLUE/V/images/image_000004.jpg,d78a1ede500f54acfec5d4aecb7246b45919e9a40009d6a4af365729c4150423,9709,,,true
P05_BLUE_V_000005,P05,BLUE,V,image_000005.jpg,training/P05/BLUE/V/images/image_000005.jpg,42af498abdece38b543685abaf162df77c3b5e0bf71450a6deff129205ec5090,9544,,,true
P05_BLUE_V_000006,P05,BLUE,V,image_000006.jpg,training/P05/BLUE/V/images/image_000006.jpg,7ee2904d0a04ea2b089394ea588d71036caa4ed3b8f278c44d735717af7cd1ab,9582,,,true
P05_BLUE_V_000007,P05,BLUE,V,image_000007.jpg,training/P05/BLUE/V/images/image_000007.jpg,f18e32fa62735c95f831fff33a7253f6561455bebeafc4eb86669465ab4d1660,9700,,,true
P05_BLUE_V_000008,P05,BLUE,V,image_000008.jpg,training/P05/BLUE/V/images/image_000008.jpg,a70d19ee799c3c92b9e9944df1313918b42e25855905c99e893b43f07eab17f1,10145,,,true
P05_BLUE_V_000009,P05,BLUE,V,image_000009.jpg,training/P05/BLUE/V/images/image_000009.jpg,776bdee939250db3dfba47ebd68d8ab14fa127517dea4e489ec5ae4149649ac3,9236,,,true
P05_BLUE_V_000010,P05,BLUE,V,image_000010.jpg,training/P05/BLUE/V/images/image_000010.jpg,8d68a6a9558f0f95ab420d78b15c076ed26698b13bc1f5567f034ff0798353ba,9863,,,true
P05_BLUE_V_000011,P05,BLUE,V,image_000011.jpg,training/P05/BLUE/V/images/image_000011.jpg,76dd11f0e134cd83407b870181929061314deed4b66cd98a2d86754e29dad1bd,9950,,,true
P05_BLUE_V_000012,P05,BLUE,V,image_000012.jpg,training/P05/BLUE/V/images/image_000012.jpg,7e0e37f3b436caa8f58750cdf6271af7d4a803f4011a4d9d1f6ce21a7737b993,9316,,,true
P05_BLUE_V_000013,P05,BLUE,V,image_000013.jpg,training/P05/BLUE/V/images/image_000013.jpg,64b15d7a812bbf50a62b6983d7ae7e9ac727b481643046888501cce42a84f2eb,9795,,,true
P05_BLUE_V_000014,P05,BLUE,V,image_000014.jpg,training/P05/BLUE/V/images/image_000014.jpg,5b32a369882dad191a57203b0558008a02a2a3a69a6a46a0ef35d651b62cad3c,9542,,,true
P05_BLUE_V_000015,P05,BLUE,V,image_000015.jpg,training/P05/BLUE/V/images/image_000015.jpg,faa251b49eb58b0de2efa00dee23224401a0a5db29418f4c6c780697446116e4,9972,,,true
P05_BLUE_V_000016,P05,BLUE,V,image_000016.jpg,training/P05/BLUE/V/images/image_000016.jpg,c1ecc5a603a8173d8b56ff217fcd3ae0d0d80780d8fceacefd1b1a90a0493cb8,10345,,,true
P05_BLUE_V_000017,P05,BLUE,V,image_000017.jpg,training/P05/BLUE/V/images/image_000017.jpg,15ae71ed7630dec10c72199767e9adb2b3522612e3762f2a915497ec52260109,10192,,,true
P05_BLUE_V_000018,P05,BLUE,V,image_000018.jpg,training/P05/BLUE/V/images/image_000018.jpg,d082df801cc1bc1e7debf6f3aa599473ef33af2aee235fd2b2eb700c1ff821eb,10092,,,true
P05_BLUE_V_000019,P05,BLUE,V,image_000019.jpg,training/P05/BLUE/V/images/image_000019.jpg,86d51643b675956715910387572d9fb121429c90371793ca6602d8037c8a0310,9346,,,true
P05_BLUE_V_000020,P05,BLUE,V,image_000020.jpg,training/P05/BLUE/V/images/image_000020.jpg,1ced47586496429c3ff61372d590c45a8721d99b07724dde2cf129ac558fa511,9964,,,true
P05_BLUE_V_000021,P05,BLUE,V,image_000021.jpg,training/P05/BLUE/V/images/image_000021.jpg,6aca744866162f7d350336d4d61d4a63587637629a6752405da32e8aa08f8a15,10085,,,true
P05_BLUE_V_000022,P05,BLUE,V,image_000022.jpg,training/P05/BLUE/V/images/image_000022.jpg,f9e3d8c85f8ba8ae6da178926e49457c08e616cb3a90fbeb4a2bf73cd397d8ee,9378,,,true
P05_BLUE_V_000023,P05,BLUE,V,image_000023.jpg,training/P05/BLUE/V/images/image_000023.jpg,c8cb4d0b44c8029a807bc9ee79116bee25f07ac102d7d1b78c4b82413bb067fa,10166,,,true
P05_BLUE_V_000024,P05,BLUE,V,image_000024.jpg,training/P05/BLUE/V/images/image_000024.jpg,109d2448f3d33f8719b452b78ca31db24ef3129f5316602db3657b1ed2a9d5f6,10087,,,true
P05_BLUE_V_000025,P05,BLUE,V,image_000025.jpg,training/P05/BLUE/V/images/image_000025.jpg,94626c7962b51a07b3c6b9ad690668774fa5c2bfb35fcd0bbfce91ed8622818d,9408,,,true
P05_BLUE_W_000001,P05,BLUE,W,image_000001.jpg,training/P05/BLUE/W/images/image_000001.jpg,a8179a85c38032fd17b0d172836bcb1f85cf3a02a6ef9b9f887b011a4fd0ac4e,11404,,,true
P05_BLUE_W_000002,P05,BLUE,W,image_000002.jpg,training/P05/BLUE/W/images/image_000002.jpg,09f08818a51943f2691cd503cfe23acc7714b471f37d699be0e7424ad1212154,10692,,,true
P05_BLUE_W_000003,P05,BLUE,W,image_000003.jpg,training/P05/BLUE/W/images/image_000003.jpg,0050123c50640116a29b9b9f1c30e62097c692499e61174a8004988448285952,10719,,,true
P05_BLUE_W_000004,P05,BLUE,W,image_000004.jpg,training/P05/BLUE/W/images/image_000004.jpg,92fe7f830c30c7ec412f787b9b3e2266b97b28340e09373dc9017fdbfb87b670,10672,,,true
P05_BLUE_W_000005,P05,BLUE,W,image_000005.jpg,training/P05/BLUE/W/images/image_000005.jpg,49ec6b9399dddd7044a8e25343631550fab9e5421bf045c11a5f3098652e5f7c,10919,,,true
P05_BLUE_W_000006,P05,BLUE,W,image_000006.jpg,training/P05/BLUE/W/images/image_000006.jpg,32b9e4c70d14aff291753d09bbb0dd301dc089ff42d25c716f9e62b749ebccb2,10431,,,true
P05_BLUE_W_000007,P05,BLUE,W,image_000007.jpg,training/P05/BLUE/W/images/image_000007.jpg,86253907c2657d82203175d47b4fca620e708f2004fab59a3361591ce4207d53,11126,,,true
P05_BLUE_W_000008,P05,BLUE,W,image_000008.jpg,training/P05/BLUE/W/images/image_000008.jpg,8ddaa971c150db8097dbe925bfaef06e2c85e3e526806f1c499eebb6bc94bf0e,10275,,,true
P05_BLUE_W_000009,P05,BLUE,W,image_000009.jpg,training/P05/BLUE/W/images/image_000009.jpg,b968c4587070bef002cdee87d03e1148c9d32f0d879e11e1b6f3ae0a142cec9b,10198,,,true
P05_BLUE_W_000010,P05,BLUE,W,image_000010.jpg,training/P05/BLUE/W/images/image_000010.jpg,c77be34fd052aa9d8d9ca3c0b055927969e70b275d8f58263a59503df3fa181c,10524,,,true
P05_BLUE_W_000011,P05,BLUE,W,image_000011.jpg,training/P05/BLUE/W/images/image_000011.jpg,22c7c434831bff635c081cc0ed280cd4d27db50580eff7741e8ac2260341aa43,10399,,,true
P05_BLUE_W_000012,P05,BLUE,W,image_000012.jpg,training/P05/BLUE/W/images/image_000012.jpg,1d54f3cd4b3e142b78205584a148e99978a0ff2c40549bd7e01df19979dcff13,11082,,,true
P05_BLUE_W_000013,P05,BLUE,W,image_000013.jpg,training/P05/BLUE/W/images/image_000013.jpg,846e67e2ed7ece21ad9ac3e002d4ae3c99af7b8a6a85fe5235b75ce1ab2aaece,11157,,,true
P05_BLUE_W_000014,P05,BLUE,W,image_000014.jpg,training/P05/BLUE/W/images/image_000014.jpg,1370fdbae73b5bacdccc8473785247c8e9c9a19796abd186ee4464dc0c53e2be,10676,,,true
P05_BLUE_W_000015,P05,BLUE,W,image_000015.jpg,training/P05/BLUE/W/images/image_000015.jpg,c62d3f60375d59db910f53209caa75d3084ee2df46e681795a4f9bea05d021b8,9204,,,true
P05_BLUE_W_000016,P05,BLUE,W,image_000016.jpg,training/P05/BLUE/W/images/image_000016.jpg,5eec4c0989122b1df254985a74b0dfedc994a2ec301fd82c74a3a73df0653566,9356,,,true
P05_BLUE_W_000017,P05,BLUE,W,image_000017.jpg,training/P05/BLUE/W/images/image_000017.jpg,6007b25c1d3e19a24becf6bf462c2b86b9154d7841fa31bc84ffc20a843960a8,10301,,,true
P05_BLUE_W_000018,P05,BLUE,W,image_000018.jpg,training/P05/BLUE/W/images/image_000018.jpg,c47cc975673356136fcd2357558e8fc1131d779b1c93c3e2e01d3b278ccbeea0,10766,,,true
P05_BLUE_W_000019,P05,BLUE,W,image_000019.jpg,training/P05/BLUE/W/images/image_000019.jpg,ae8a7ec1d5a498436178906c7740640108595da125ada60c503e8950aba656d0,10558,,,true
P05_BLUE_W_000020,P05,BLUE,W,image_000020.jpg,training/P05/BLUE/W/images/image_000020.jpg,1dcf27a6feaf9a8284e7a2825bccd4320bf3edcd6bc9ac7bfea5a4eb022547bd,11009,,,true
P05_BLUE_W_000021,P05,BLUE,W,image_000021.jpg,training/P05/BLUE/W/images/image_000021.jpg,837e9d76c0243e0f5b91a95a6de0bce594520e499981aeb6b63a0a60fba8e277,10219,,,true
P05_BLUE_W_000022,P05,BLUE,W,image_000022.jpg,training/P05/BLUE/W/images/image_000022.jpg,7580e773fed1ab78800b403b114154159e38c1e048f06bc24d1ee3ebf3f1d55e,11023,,,true
P05_BLUE_W_000023,P05,BLUE,W,image_000023.jpg,training/P05/BLUE/W/images/image_000023.jpg,1a89d0925e8874b2bbabf0f5a726b8b6b15e342e070783a07078fd6ddeeae86a,10635,,,true
P05_BLUE_W_000024,P05,BLUE,W,image_000024.jpg,training/P05/BLUE/W/images/image_000024.jpg,5bdd85387205a5ed4eef2456c3c32aadc48a94ae58e91de58d942f0cb947b4d4,10646,,,true
P05_BLUE_W_000025,P05,BLUE,W,image_000025.jpg,training/P05/BLUE/W/images/image_000025.jpg,683b85a18b03aa0f38175af9abde91f58e9365b57edbb65f7d3b19794d21fc09,10658,,,true
P05_BLUE_Y_000001,P05,BLUE,Y,image_000001.jpg,training/P05/BLUE/Y/images/image_000001.jpg,0aa6d1e1309ffeb196e3dd1ec480ea5186d1e9f13e3168e698b90c91ed985060,10260,,,true
P05_BLUE_Y_000002,P05,BLUE,Y,image_000002.jpg,training/P05/BLUE/Y/images/image_000002.jpg,05a1a5a75475e4de7f6bd830255d875408e0ddfb6dd0e554033ccc7eab374060,10060,,,true
P05_BLUE_Y_000003,P05,BLUE,Y,image_000003.jpg,training/P05/BLUE/Y/images/image_000003.jpg,f338a86b173bfa3fbad8a82a87ec393493878e6fd8bf37984071d67725ae3581,9066,,,true
P05_BLUE_Y_000004,P05,BLUE,Y,image_000004.jpg,training/P05/BLUE/Y/images/image_000004.jpg,2f087244ad335d945f406f7200bfe13a8343f98d96419c57307078c68ceefce8,8868,,,true
P05_BLUE_Y_000005,P05,BLUE,Y,image_000005.jpg,training/P05/BLUE/Y/images/image_000005.jpg,67df694af3ce1d1aaa9a22e9f9183b54320740d44769ac05df6cb814b6f8be6c,9095,,,true
P05_BLUE_Y_000006,P05,BLUE,Y,image_000006.jpg,training/P05/BLUE/Y/images/image_000006.jpg,70860039626d363a45ec1495db4e3ab909c21d84f892a4bcca23706ae2e25e10,9347,,,true
P05_BLUE_Y_000007,P05,BLUE,Y,image_000007.jpg,training/P05/BLUE/Y/images/image_000007.jpg,e4f737f29611397869687f6cd06bcd3835118b6f1a0656cb95a5592695013a8e,9469,,,true
P05_BLUE_Y_000008,P05,BLUE,Y,image_000008.jpg,training/P05/BLUE/Y/images/image_000008.jpg,e414eb0a13a08c466b0109587b9e9fcc83471891ee769fb02d4db4a8bfbb4a77,9996,,,true
P05_BLUE_Y_000009,P05,BLUE,Y,image_000009.jpg,training/P05/BLUE/Y/images/image_000009.jpg,a4cc16f6d9d1c6b43aa44471092e7728f20a0a717a8750728941e6cfc92a0d19,9059,,,true
P05_BLUE_Y_000010,P05,BLUE,Y,image_000010.jpg,training/P05/BLUE/Y/images/image_000010.jpg,500abe1f8ce0daf8d2a11000736d7b999f0f13456d1bc1b1245b0d5b1ad3a888,9829,,,true
P05_BLUE_Y_000011,P05,BLUE,Y,image_000011.jpg,training/P05/BLUE/Y/images/image_000011.jpg,2ec469e97ddc658b874a0a0f231234549ce408dad7a32ad86ee4a2ab704ffa0e,9546,,,true
P05_BLUE_Y_000012,P05,BLUE,Y,image_000012.jpg,training/P05/BLUE/Y/images/image_000012.jpg,39aa6e347759b0464741d28b883f264f92b5e0ead556ad69323a3bc9710cabad,9360,,,true
P05_BLUE_Y_000013,P05,BLUE,Y,image_000013.jpg,training/P05/BLUE/Y/images/image_000013.jpg,d0929551a66cb493790b379902250cc2954c003cb21f2c97c18452cd3a532139,9860,,,true
P05_BLUE_Y_000014,P05,BLUE,Y,image_000014.jpg,training/P05/BLUE/Y/images/image_000014.jpg,204d242cbc90adf517658ef2f29cf0eabe92c29becffd6544790c561559c592d,9534,,,true
P05_BLUE_Y_000015,P05,BLUE,Y,image_000015.jpg,training/P05/BLUE/Y/images/image_000015.jpg,0c5fabe571e8d98dd93efe994bc9e58ad46b5a9bd8eb2a98a3f2f14c52d1c817,8866,,,true
P05_BLUE_Y_000016,P05,BLUE,Y,image_000016.jpg,training/P05/BLUE/Y/images/image_000016.jpg,72fbb914c4608fe8685f91ec62efba12e5f0b28aa8d06d823985eb13217b1d5e,9365,,,true
P05_BLUE_Y_000017,P05,BLUE,Y,image_000017.jpg,training/P05/BLUE/Y/images/image_000017.jpg,f66315b8639642a26dfe3c9ffc9befc45dbca81e8986b0b673e159450490eed1,9642,,,true
P05_BLUE_Y_000018,P05,BLUE,Y,image_000018.jpg,training/P05/BLUE/Y/images/image_000018.jpg,a0965a8a3fcf122d2d43867bc1acc0cb9da0bff66a1add30922edf376caaf20c,9606,,,true
P05_BLUE_Y_000019,P05,BLUE,Y,image_000019.jpg,training/P05/BLUE/Y/images/image_000019.jpg,6ca3eda46d4ab34bfc675065b85ff9f9da0bae998dc1035ca4e869cccb2ebded,9118,,,true
P05_BLUE_Y_000020,P05,BLUE,Y,image_000020.jpg,training/P05/BLUE/Y/images/image_000020.jpg,24e146b7c9761d9c1b8c0cc6e53e35624d38debebffe2f7d12aa7a8dec638fe7,9317,,,true
P05_BLUE_Y_000021,P05,BLUE,Y,image_000021.jpg,training/P05/BLUE/Y/images/image_000021.jpg,952e6c91ca2cce62bc87fbf61a365bdfb9928a4c72cf0f0c80413abd1d6886ac,10314,,,true
P05_BLUE_Y_000022,P05,BLUE,Y,image_000022.jpg,training/P05/BLUE/Y/images/image_000022.jpg,599562af4faa6bcb869ec3c4f2cf6be2a42482e789981faa9998ad05ac8ff15d,9883,,,true
P05_BLUE_Y_000023,P05,BLUE,Y,image_000023.jpg,training/P05/BLUE/Y/images/image_000023.jpg,28bc6af334dda31f75707bc8fe03d5f0fd104ce59987ddccf5e9da628c293c35,9229,,,true
P05_BLUE_Y_000024,P05,BLUE,Y,image_000024.jpg,training/P05/BLUE/Y/images/image_000024.jpg,0e7b53c68784809067f6a529cbccfc7ed62e1d675b5b69f5d5b1857209897072,8991,,,true
P05_BLUE_Y_000025,P05,BLUE,Y,image_000025.jpg,training/P05/BLUE/Y/images/image_000025.jpg,4a09a94a425f48ad705a7821d14095c2d7cf80c129c7d678949c26095a8c34b7,9810,,,true
P05_WHITE_A_000001,P05,WHITE,A,image_000001.jpg,training/P05/WHITE/A/images/image_000001.jpg,777bc25ee767b897ebff1e5fc32016c9e1e3cbd218618bddd70a487212b46a6c,8566,,,true
P05_WHITE_A_000002,P05,WHITE,A,image_000002.jpg,training/P05/WHITE/A/images/image_000002.jpg,b89ca6fdceeed9e212c023ff2ba27a31f02fe4b9431820d1892d1f711f27f876,9022,,,true
P05_WHITE_A_000003,P05,WHITE,A,image_000003.jpg,training/P05/WHITE/A/images/image_000003.jpg,c48e924918898a513bae450ab9adc479fb9be1187e43bd12e5154ab5db702ebe,8929,,,true
P05_WHITE_A_000004,P05,WHITE,A,image_000004.jpg,training/P05/WHITE/A/images/image_000004.jpg,89c390fa80595624bdeeb4ca3219ca17427c666addaace41ce68c2db3a0037fc,8145,,,true
P05_WHITE_A_000005,P05,WHITE,A,image_000005.jpg,training/P05/WHITE/A/images/image_000005.jpg,05a529fa92f98d26ac63b9df82e092ea83a67f9825c2ee552ff5515a8486e59c,8163,,,true
P05_WHITE_A_000006,P05,WHITE,A,image_000006.jpg,training/P05/WHITE/A/images/image_000006.jpg,dfb56180115a0a888c044477c6b0734c431439a3853152b1f9045481d8be719e,8138,,,true
P05_WHITE_A_000007,P05,WHITE,A,image_000007.jpg,training/P05/WHITE/A/images/image_000007.jpg,e108fd5a3501d87194832b12e68f2aa4db59f18c446c7dd5a3a12b9e44df8732,8683,,,true
P05_WHITE_A_000008,P05,WHITE,A,image_000008.jpg,training/P05/WHITE/A/images/image_000008.jpg,55bd139fde4a7389fe206f9b6bc153286ee528a46b8049b4b98c2ca862cd827e,8628,,,true
P05_WHITE_A_000009,P05,WHITE,A,image_000009.jpg,training/P05/WHITE/A/images/image_000009.jpg,3a43cc6813848d28994d628aeb516654faef705fa1b9dd5360e97f214b4b4786,7184,,,true
P05_WHITE_A_000010,P05,WHITE,A,image_000010.jpg,training/P05/WHITE/A/images/image_000010.jpg,976cc53b259e9eb66ef03ed58aebabcf67e04b72bb1aa72d1f85ebf06287b40d,7304,,,true
P05_WHITE_A_000011,P05,WHITE,A,image_000011.jpg,training/P05/WHITE/A/images/image_000011.jpg,4a28ff9f76e6aebb54eff0f13f05676a3179783f3f0adf2df2d9db421ff4d68d,8112,,,true
P05_WHITE_A_000012,P05,WHITE,A,image_000012.jpg,training/P05/WHITE/A/images/image_000012.jpg,d13df053f3fe845d7ab18c4b5d7a1e53930f14c31c4e95c3f770c9bc7b8fe47e,6988,,,true
P05_WHITE_A_000013,P05,WHITE,A,image_000013.jpg,training/P05/WHITE/A/images/image_000013.jpg,fb80f9e5a93301cf6cb1b56aa05e9d1611d062ba9a0b39b936f1c7ad4b1c664d,7156,,,true
P05_WHITE_A_000014,P05,WHITE,A,image_000014.jpg,training/P05/WHITE/A/images/image_000014.jpg,3b9d7203197ee28dba7e806398e9ba91b59a6e9edb1eabb972b6de61f24b30fc,6609,,,true
P05_WHITE_A_000015,P05,WHITE,A,image_000015.jpg,training/P05/WHITE/A/images/image_000015.jpg,d65dee422f2b24158e38b274fe726e8b5a5cfc3caceb41a61f49d21be464691a,7772,,,true
P05_WHITE_A_000016,P05,WHITE,A,image_000016.jpg,training/P05/WHITE/A/images/image_000016.jpg,e535a8bea34b5e667eb6bef032e267059595cafcce9d0d1f1baa0d98799f4c0f,7969,,,true
P05_WHITE_A_000017,P05,WHITE,A,image_000017.jpg,training/P05/WHITE/A/images/image_000017.jpg,9d5e37915355c972fe36276d62da287cd7300997012db3fc791772447490a24d,6112,,,true
P05_WHITE_A_000018,P05,WHITE,A,image_000018.jpg,training/P05/WHITE/A/images/image_000018.jpg,c5f93644f967989fcf50a9cd0086ef371c065784f048ae0fb532a9da3c04694c,6293,,,true
P05_WHITE_A_000019,P05,WHITE,A,image_000019.jpg,training/P05/WHITE/A/images/image_000019.jpg,b609abbaa7f17da12dd80207d92629d99edc3c45cf6e1e3f37abd155beb660c4,7348,,,true
P05_WHITE_A_000020,P05,WHITE,A,image_000020.jpg,training/P05/WHITE/A/images/image_000020.jpg,0135a1451e46ab1660b6fb22cff6dc80628cf26115f18b4f53c631420b70c8a6,6688,,,true
P05_WHITE_A_000021,P05,WHITE,A,image_000021.jpg,training/P05/WHITE/A/images/image_000021.jpg,c12dbb3090d5519d338a81808d3cbfdd52a549cadfd22f3cbde88026fcd2704f,6596,,,true
P05_WHITE_A_000022,P05,WHITE,A,image_000022.jpg,training/P05/WHITE/A/images/image_000022.jpg,0c54b46186f8521265219eba6c69b9529a64f7b6be27beb35d59cdbe714017e8,7579,,,true
P05_WHITE_A_000023,P05,WHITE,A,image_000023.jpg,training/P05/WHITE/A/images/image_000023.jpg,e021be17a6a5260ccc2ed05e20828165473dc0e7f4046e83fed83a5565d1fcbc,8075,,,true
P05_WHITE_A_000024,P05,WHITE,A,image_000024.jpg,training/P05/WHITE/A/images/image_000024.jpg,ab5da39855653f277b97d6b4b3bdd94ac25079da9a1e06074741a56325b6b81c,7380,,,true
P05_WHITE_A_000025,P05,WHITE,A,image_000025.jpg,training/P05/WHITE/A/images/image_000025.jpg,57508d1e8aa6126127da6d83ea0a2d56ff04288e4207497521262e2cf6320d6f,7250,,,true
P05_WHITE_B_000001,P05,WHITE,B,image_000001.jpg,training/P05/WHITE/B/images/image_000001.jpg,15984ae2f3d8533dac7e13be256c357531e19ff80ec4712488e470dd4e001bdd,8822,,,true
P05_WHITE_B_000002,P05,WHITE,B,image_000002.jpg,training/P05/WHITE/B/images/image_000002.jpg,3c9cc159e47edc9721d05a81a07ee02a48dfafe1081ecaa905cd9212c6d62a67,7656,,,true
P05_WHITE_B_000003,P05,WHITE,B,image_000003.jpg,training/P05/WHITE/B/images/image_000003.jpg,5c9a7fae325f644a2eb454e238b123de582823ba7939063543c2e524036c064a,7883,,,true
P05_WHITE_B_000004,P05,WHITE,B,image_000004.jpg,training/P05/WHITE/B/images/image_000004.jpg,e9c9511cc33e565b8616ddbaae6f5926f4c428dbb06b0ed23f2afd26cca6e986,7518,,,true
P05_WHITE_B_000005,P05,WHITE,B,image_000005.jpg,training/P05/WHITE/B/images/image_000005.jpg,3f2beb66521c0d9943611c6c112690e7784aabb83c07e330942574a4db9d9f97,8005,,,true
P05_WHITE_B_000006,P05,WHITE,B,image_000006.jpg,training/P05/WHITE/B/images/image_000006.jpg,d65c4bb373e55dba004160d58b7d611b706da202cfb2fade01ee83a37efebd57,7857,,,true
P05_WHITE_B_000007,P05,WHITE,B,image_000007.jpg,training/P05/WHITE/B/images/image_000007.jpg,c737a8bc37ac3c4146e504ec903502a8284162886c57f63ac59d57271dc4e616,7527,,,true
P05_WHITE_B_000008,P05,WHITE,B,image_000008.jpg,training/P05/WHITE/B/images/image_000008.jpg,1768bc188e9d2f12177df1c1729a3aa3ef33ce6d204464adb6e1b20f3d79553d,7260,,,true
P05_WHITE_B_000009,P05,WHITE,B,image_000009.jpg,training/P05/WHITE/B/images/image_000009.jpg,351652789ce3e6ec0e38953cbda6c9338051f05ba2cb4a120280485e4042736b,7779,,,true
P05_WHITE_B_000010,P05,WHITE,B,image_000010.jpg,training/P05/WHITE/B/images/image_000010.jpg,63e60baf66c4dffa63d4b712ff3b97e27a96c2516ceaaa9cde54b558370d071b,7828,,,true
P05_WHITE_B_000011,P05,WHITE,B,image_000011.jpg,training/P05/WHITE/B/images/image_000011.jpg,ce76155a86f930c75fd29f47ca4ae8b2639a05db50c97fffedf2e7f002298276,8231,,,true
P05_WHITE_B_000012,P05,WHITE,B,image_000012.jpg,training/P05/WHITE/B/images/image_000012.jpg,61de987191719759dc5edb9e2ec0138875c10d033e0216c51d76833e1e3137f1,8095,,,true
P05_WHITE_B_000013,P05,WHITE,B,image_000013.jpg,training/P05/WHITE/B/images/image_000013.jpg,cdb5e1c90b62967f3d95f565c73825a6843158b1c45b9bcabc8bde24b58abf01,7918,,,true
P05_WHITE_B_000014,P05,WHITE,B,image_000014.jpg,training/P05/WHITE/B/images/image_000014.jpg,3d82272a4ead24ea8f726139b4ecae1cf2613e68a9dafaecc0b08eafa2d0aac0,7333,,,true
P05_WHITE_B_000015,P05,WHITE,B,image_000015.jpg,training/P05/WHITE/B/images/image_000015.jpg,0808ea32a764e41934c0ee09d58d1ff791931860b0ced2dbc5b16b32ee31f0a0,6926,,,true
P05_WHITE_B_000016,P05,WHITE,B,image_000016.jpg,training/P05/WHITE/B/images/image_000016.jpg,11b2f18ab3e2a2a891f21416fe5087bc57bd55126d9d7c28d73d5850b335ce91,7752,,,true
P05_WHITE_B_000017,P05,WHITE,B,image_000017.jpg,training/P05/WHITE/B/images/image_000017.jpg,6c518fd1b07962d57cc93bf235317aac97c392efa0fc50576fdd3445845c48b2,7810,,,true
P05_WHITE_B_000018,P05,WHITE,B,image_000018.jpg,training/P05/WHITE/B/images/image_000018.jpg,f3fc49a9e706191426f4080d07f5f6c9302c84318c3da485f9d5f18cc9e4b130,7348,,,true
P05_WHITE_B_000019,P05,WHITE,B,image_000019.jpg,training/P05/WHITE/B/images/image_000019.jpg,a4f80424f08510b2cf3e85b72a24b8fa027f3cf97107b76dd768ec9bd5e01458,7332,,,true
P05_WHITE_B_000020,P05,WHITE,B,image_000020.jpg,training/P05/WHITE/B/images/image_000020.jpg,b88fd6c3449e6324fbc44efcdd15ee9c8f748b39448db9222a79f06566d2ca8f,7100,,,true
P05_WHITE_B_000021,P05,WHITE,B,image_000021.jpg,training/P05/WHITE/B/images/image_000021.jpg,582911a8fad2607c281d0abdeb13aec6c59051138c59683d1e7b4124dda0e981,7294,,,true
P05_WHITE_B_000022,P05,WHITE,B,image_000022.jpg,training/P05/WHITE/B/images/image_000022.jpg,f7e4c9f95bdbd6aa9bdffa9a342b167de1055ccfd3cfb22451ec8104deb7b7ff,7641,,,true
P05_WHITE_B_000023,P05,WHITE,B,image_000023.jpg,training/P05/WHITE/B/images/image_000023.jpg,955f0e078f33419264adb7e85b6bc5d02c4622baf963152ffe2f9fe39fd17fbb,7960,,,true
P05_WHITE_B_000024,P05,WHITE,B,image_000024.jpg,training/P05/WHITE/B/images/image_000024.jpg,1f7a7c2fe1ef904fba529c8f7717335bcb2da10ad9572e81bd8381aefea69890,7043,,,true
P05_WHITE_B_000025,P05,WHITE,B,image_000025.jpg,training/P05/WHITE/B/images/image_000025.jpg,7e08701453b101401443f60c45cbca32fd594eae50e76c10749c2e39c3b6405e,7058,,,true
P05_WHITE_C_000001,P05,WHITE,C,image_000001.jpg,training/P05/WHITE/C/images/image_000001.jpg,dcc3d619c747d0ab477df7452b3f021cfd82e441508fdf2c287f24f0e3c527fa,7522,,,true
P05_WHITE_C_000002,P05,WHITE,C,image_000002.jpg,training/P05/WHITE/C/images/image_000002.jpg,9332727c50f414d341633200e5597ecfc915b283cbedbad0cd1de465071d98ed,7429,,,true
P05_WHITE_C_000003,P05,WHITE,C,image_000003.jpg,training/P05/WHITE/C/images/image_000003.jpg,ffb7ab98dfe215780a7313e6f4491b76020ea7e7b222de4b89c8c2df9d169a28,7905,,,true
P05_WHITE_C_000004,P05,WHITE,C,image_000004.jpg,training/P05/WHITE/C/images/image_000004.jpg,b9bf3ff35d289647961b2c71d58e301b7a3b2b995459167c24876e13170f86f4,8366,,,true
P05_WHITE_C_000005,P05,WHITE,C,image_000005.jpg,training/P05/WHITE/C/images/image_000005.jpg,cf9aeaa0f207a2e90d4ebd60a583c29fd8c2d4147096573855416715d45690c9,8177,,,true
P05_WHITE_C_000006,P05,WHITE,C,image_000006.jpg,training/P05/WHITE/C/images/image_000006.jpg,853ea99b0ed1e59ba358131e697c67469526d4c130655b7946d5d39511d16bce,8590,,,true
P05_WHITE_C_000007,P05,WHITE,C,image_000007.jpg,training/P05/WHITE/C/images/image_000007.jpg,b920fa301628037a9cf1214023af5a5b70c798d06df543c23ff637ff87496cf4,7275,,,true
P05_WHITE_C_000008,P05,WHITE,C,image_000008.jpg,training/P05/WHITE/C/images/image_000008.jpg,2249872a23395eed63847e1225573389fbd60e58419859bf6bbda28bc2fcdf45,7598,,,true
P05_WHITE_C_000009,P05,WHITE,C,image_000009.jpg,training/P05/WHITE/C/images/image_000009.jpg,12752c41a0c423fbbdcc79a633a69970c49f648560afcdcd7b7afbbec8267ab1,8564,,,true
P05_WHITE_C_000010,P05,WHITE,C,image_000010.jpg,training/P05/WHITE/C/images/image_000010.jpg,72b52b0c14115808e1a8dd3cf613540103ef878722dc204f09d51f7bb7133acc,7863,,,true
P05_WHITE_C_000011,P05,WHITE,C,image_000011.jpg,training/P05/WHITE/C/images/image_000011.jpg,4a26de78be03f423f9b7a54e54f6f732f63587351283d3bd93339aefcd33d36e,8365,,,true
P05_WHITE_C_000012,P05,WHITE,C,image_000012.jpg,training/P05/WHITE/C/images/image_000012.jpg,5043b60338bd4db856f25a1c571bfbf224ac9aab4493ebcee2c3296567b20ab2,8428,,,true
P05_WHITE_C_000013,P05,WHITE,C,image_000013.jpg,training/P05/WHITE/C/images/image_000013.jpg,1676d34ed4be1a50f8ef519ba3b8b99e62936e9261ad239793ff08096a2db788,7855,,,true
P05_WHITE_C_000014,P05,WHITE,C,image_000014.jpg,training/P05/WHITE/C/images/image_000014.jpg,83c641fe59eb2d95e5a71700ba633c6b003e9727cb38fd2370373c00fb2aad12,8314,,,true
P05_WHITE_C_000015,P05,WHITE,C,image_000015.jpg,training/P05/WHITE/C/images/image_000015.jpg,1e51df464634a20dd2805477e73ccc83f36898fbed91827aea449f3cb57e12f9,8752,,,true
P05_WHITE_C_000016,P05,WHITE,C,image_000016.jpg,training/P05/WHITE/C/images/image_000016.jpg,fd02dac462e51c2726329140de6172ed5958acce0ae9b84fb7aaa4e91ec945b8,8128,,,true
P05_WHITE_C_000017,P05,WHITE,C,image_000017.jpg,training/P05/WHITE/C/images/image_000017.jpg,300e4cf74f188b511966840305d1e875f304a98bdc1af3547cbdc684943802dc,8671,,,true
P05_WHITE_C_000018,P05,WHITE,C,image_000018.jpg,training/P05/WHITE/C/images/image_000018.jpg,78f7b52ab7deb84800a60e3108b486cc9f39b20c3aabe238c1e7f46f5cbd648e,8893,,,true
P05_WHITE_C_000019,P05,WHITE,C,image_000019.jpg,training/P05/WHITE/C/images/image_000019.jpg,869b478ed327ed9126cdf4448afa00f0f54a425d51df25215c89b05999d85c22,7780,,,true
P05_WHITE_C_000020,P05,WHITE,C,image_000020.jpg,training/P05/WHITE/C/images/image_000020.jpg,aa667f87f841ef1ba9b92f21c4978dec4d4dd5e0b6d3b7baf95f62a8da58a3a0,8258,,,true
P05_WHITE_C_000021,P05,WHITE,C,image_000021.jpg,training/P05/WHITE/C/images/image_000021.jpg,d8f95dd806f5b3bb1c280e44bb0d06812b17f8de497fba080f145f64735d455f,8110,,,true
P05_WHITE_C_000022,P05,WHITE,C,image_000022.jpg,training/P05/WHITE/C/images/image_000022.jpg,065d2c5f522edae16cb46f70ed858087ec7959c254d64c34f575b36b96f675a8,8500,,,true
P05_WHITE_C_000023,P05,WHITE,C,image_000023.jpg,training/P05/WHITE/C/images/image_000023.jpg,15bbb0ba7204a97e4df126fc5b01f36ac27a8a50aa9ca44af869a2b1e2736692,8127,,,true
P05_WHITE_C_000024,P05,WHITE,C,image_000024.jpg,training/P05/WHITE/C/images/image_000024.jpg,4bd42b42847d2fa4f353ff4ed42183c238cf0723d51b5e4cbe5b3e0ca1d85172,8149,,,true
P05_WHITE_C_000025,P05,WHITE,C,image_000025.jpg,training/P05/WHITE/C/images/image_000025.jpg,ec673bed71b1c5495d96f0531734f94ff9c916eeccf1104f7d2ea9c85d5d7fae,8830,,,true
P05_WHITE_E_000001,P05,WHITE,E,image_000001.jpg,training/P05/WHITE/E/images/image_000001.jpg,974a3926c12a0269554b27a6e0b7c76075e5e9d078852404f8da5efe1fb23a64,8418,,,true
P05_WHITE_E_000002,P05,WHITE,E,image_000002.jpg,training/P05/WHITE/E/images/image_000002.jpg,c65a26b5f9a7df6c447b2376a4a6e861ec32eabaa87136187c790fa6ed9d1731,7580,,,true
P05_WHITE_E_000003,P05,WHITE,E,image_000003.jpg,training/P05/WHITE/E/images/image_000003.jpg,7b6148ec98e3ade54b9d67489dc1055c5d34df350bdde3d903b490a660a62b09,7612,,,true
P05_WHITE_E_000004,P05,WHITE,E,image_000004.jpg,training/P05/WHITE/E/images/image_000004.jpg,fbdf821be99dbf189ecec154c9c1f946cbcd7d816735b46c6487d77129f99625,7812,,,true
P05_WHITE_E_000005,P05,WHITE,E,image_000005.jpg,training/P05/WHITE/E/images/image_000005.jpg,a598c14393a9ec1994b7adcbb30aacfdbc4392f81da3594a6888cfb75ca682f1,8194,,,true
P05_WHITE_E_000006,P05,WHITE,E,image_000006.jpg,training/P05/WHITE/E/images/image_000006.jpg,9812c03ddcb3a444a072d721512020408410f5a6a54f4cc4f347b35086090334,6981,,,true
P05_WHITE_E_000007,P05,WHITE,E,image_000007.jpg,training/P05/WHITE/E/images/image_000007.jpg,cae4cca9f1c468f314475af68ad7b10eb9ca6630584f3d3d1f8f219e25d62aaa,8871,,,true
P05_WHITE_E_000008,P05,WHITE,E,image_000008.jpg,training/P05/WHITE/E/images/image_000008.jpg,81f2f9ac8720c34ad4b98af314c209976ce5a89a8d8d3cb34ffa37fa09a75e10,9442,,,true
P05_WHITE_E_000009,P05,WHITE,E,image_000009.jpg,training/P05/WHITE/E/images/image_000009.jpg,4d66e9a5e6c2acddf1f19d44ec19d7b40598df08a19bad3fa204bf5da75c8903,9544,,,true
P05_WHITE_E_000010,P05,WHITE,E,image_000010.jpg,training/P05/WHITE/E/images/image_000010.jpg,0a1eac1190ca6accedd54fe608c7569c5818c77c9feb392ec350dea598af78e8,7814,,,true
P05_WHITE_E_000011,P05,WHITE,E,image_000011.jpg,training/P05/WHITE/E/images/image_000011.jpg,28cde9399c15b5554a5c30face5d1d6e638d9affc858e8715ade0656bc08b5c0,8421,,,true
P05_WHITE_E_000012,P05,WHITE,E,image_000012.jpg,training/P05/WHITE/E/images/image_000012.jpg,0fed0b14445ef1496d123a5f796d32deffeee045aeaf6e91a2171c8ad7d8f52e,7926,,,true
P05_WHITE_E_000013,P05,WHITE,E,image_000013.jpg,training/P05/WHITE/E/images/image_000013.jpg,0a3bb1f98e5c7cb2339346729ffc0eeee658b69b48ae613d981e7b495b727c1f,8267,,,true
P05_WHITE_E_000014,P05,WHITE,E,image_000014.jpg,training/P05/WHITE/E/images/image_000014.jpg,b84bad837b89adce6814874189e7f3493d80c31beb9491586c5036ab6ac5d3c8,7105,,,true
P05_WHITE_E_000015,P05,WHITE,E,image_000015.jpg,training/P05/WHITE/E/images/image_000015.jpg,3ffc6c880c9ee1eb7c1f9b751104c40b792a79d6b2c0f7bc86899b389a9d2e95,7623,,,true
P05_WHITE_E_000016,P05,WHITE,E,image_000016.jpg,training/P05/WHITE/E/images/image_000016.jpg,c1a544151fec6792be4919b60488a0946acaa8e246067acd55ef5af129435864,8783,,,true
P05_WHITE_E_000017,P05,WHITE,E,image_000017.jpg,training/P05/WHITE/E/images/image_000017.jpg,a9087f3f3b36c7f7ce6af3e2a7e7c550d89dcf3f078c44c3d67bd256d1b6fb1b,7709,,,true
P05_WHITE_E_000018,P05,WHITE,E,image_000018.jpg,training/P05/WHITE/E/images/image_000018.jpg,d40922667f535d1c8b3c92ef4ccf78fecc07958fd86a37c27096dead90cc1d3e,7816,,,true
P05_WHITE_E_000019,P05,WHITE,E,image_000019.jpg,training/P05/WHITE/E/images/image_000019.jpg,4b2de354949263963bd5287949fc0155f6eb03b608117cb7313907c8333f1a52,8298,,,true
P05_WHITE_E_000020,P05,WHITE,E,image_000020.jpg,training/P05/WHITE/E/images/image_000020.jpg,137174211090bdc26a07fda9f6750942be9e52eee506258b9bcfa3c4ff63e1db,7113,,,true
P05_WHITE_E_000021,P05,WHITE,E,image_000021.jpg,training/P05/WHITE/E/images/image_000021.jpg,cdfcf3329a0b899f7bc0a26f63d1b17f3a80d78907e5ab7f46686fa6be9a4971,7224,,,true
P05_WHITE_E_000022,P05,WHITE,E,image_000022.jpg,training/P05/WHITE/E/images/image_000022.jpg,50bd2c514e97562e1c7cdee046d2e385f642542b3a08c99d9f7d760206172f76,8557,,,true
P05_WHITE_E_000023,P05,WHITE,E,image_000023.jpg,training/P05/WHITE/E/images/image_000023.jpg,4ba3e8f7c86fa93b4f03b928e32032d44e02d506bda9895bd9d70ac1d4c51952,8205,,,true
P05_WHITE_E_000024,P05,WHITE,E,image_000024.jpg,training/P05/WHITE/E/images/image_000024.jpg,d9553a8252f8ee6737e90a1ad4cc3e98d8a07744118b6f4128385d18a938ee38,7790,,,true
P05_WHITE_E_000025,P05,WHITE,E,image_000025.jpg,training/P05/WHITE/E/images/image_000025.jpg,86a166df30563b45d46b3e64241e24fa254ad9dca03726975edb1a83ae633710,8292,,,true
P05_WHITE_I_000001,P05,WHITE,I,image_000001.jpg,training/P05/WHITE/I/images/image_000001.jpg,d1398f6de0bed7f6aedf72191ebc868af19b39344f04046c51d696a6cb0ac61a,8508,,,true
P05_WHITE_I_000002,P05,WHITE,I,image_000002.jpg,training/P05/WHITE/I/images/image_000002.jpg,7c1e81365e6df218dbee76aed554217ad67f4c5b8a530cc96c66e9c001abd916,7805,,,true
P05_WHITE_I_000003,P05,WHITE,I,image_000003.jpg,training/P05/WHITE/I/images/image_000003.jpg,279d8fc54f356b4f3a6e1d997671e9d92265030642ea8fec185de7cacd82cb4d,8140,,,true
P05_WHITE_I_000004,P05,WHITE,I,image_000004.jpg,training/P05/WHITE/I/images/image_000004.jpg,c3f83ab634465968843a3631d0f5d2b358eb9b014e4b202ae18f544be859e971,8548,,,true
P05_WHITE_I_000005,P05,WHITE,I,image_000005.jpg,training/P05/WHITE/I/images/image_000005.jpg,1b963aab9e55edf131af0dda07ac72fc56d244aa1c133467ac737009a3568746,7846,,,true
P05_WHITE_I_000006,P05,WHITE,I,image_000006.jpg,training/P05/WHITE/I/images/image_000006.jpg,3e2779434bb7398d21babdf410ab6b672def4b2ed285e4b3af32015f81e47e2b,8506,,,true
P05_WHITE_I_000007,P05,WHITE,I,image_000007.jpg,training/P05/WHITE/I/images/image_000007.jpg,4554db63e5d9f8b9be52eb14f753125138b5339144aad9a8056063f6bbe02742,8611,,,true
P05_WHITE_I_000008,P05,WHITE,I,image_000008.jpg,training/P05/WHITE/I/images/image_000008.jpg,f7a60a71244ebd464939013cdda5c2b9c3a7930998b43402573083365663367c,7365,,,true
P05_WHITE_I_000009,P05,WHITE,I,image_000009.jpg,training/P05/WHITE/I/images/image_000009.jpg,d4e8645bed96083ee2bee0be3e4e789f11cd2e631e9b4e19ff3e0db7e35d3442,8992,,,true
P05_WHITE_I_000010,P05,WHITE,I,image_000010.jpg,training/P05/WHITE/I/images/image_000010.jpg,65250e4953eb624503275d79341f5e9a057a70277c6a4c3953c00e9450840d4d,9176,,,true
P05_WHITE_I_000011,P05,WHITE,I,image_000011.jpg,training/P05/WHITE/I/images/image_000011.jpg,e5dfd7c77b22ab025708c9df11aefc5b01d42972c567fd3d0cc9281cae42a595,8771,,,true
P05_WHITE_I_000012,P05,WHITE,I,image_000012.jpg,training/P05/WHITE/I/images/image_000012.jpg,b36127f616ff363cdef88d4f8d6bb58aa3385b106c7efb0ae9408ca6ef3dba76,8052,,,true
P05_WHITE_I_000013,P05,WHITE,I,image_000013.jpg,training/P05/WHITE/I/images/image_000013.jpg,86f0fc814816b679f7898627dc19a3b831332aa11cf172b4a64ecea95b3047ad,7322,,,true
P05_WHITE_I_000014,P05,WHITE,I,image_000014.jpg,training/P05/WHITE/I/images/image_000014.jpg,426c493502df3e780a780d41ff5fda3d3d316c3a310cd6bc1c688fd714d1d594,7152,,,true
P05_WHITE_I_000015,P05,WHITE,I,image_000015.jpg,training/P05/WHITE/I/images/image_000015.jpg,07f6d05dbf62ee574814cd813f7b898b83085c7a20d84d73ad619727806d10e0,7731,,,true
P05_WHITE_I_000016,P05,WHITE,I,image_000016.jpg,training/P05/WHITE/I/images/image_000016.jpg,0dc721fd7ce8d6c0acacea7782f17c00061b22a8f1f7565a8687920eedcafc49,8001,,,true
P05_WHITE_I_000017,P05,WHITE,I,image_000017.jpg,training/P05/WHITE/I/images/image_000017.jpg,99969ad5480299555a8d9f47af9fdd61e99f84c7ff080649a3641a7729b02837,8838,,,true
P05_WHITE_I_000018,P05,WHITE,I,image_000018.jpg,training/P05/WHITE/I/images/image_000018.jpg,547b1f9bb7ec051b04ca38b65d7c13f3ac2d25aaaa009a096f40fc0db0898f2e,7443,,,true
P05_WHITE_I_000019,P05,WHITE,I,image_000019.jpg,training/P05/WHITE/I/images/image_000019.jpg,e3312559bf4f2fdaf7a4770a932e5b1f2a918bf39503ad4fe27214ebfac5e98d,7360,,,true
P05_WHITE_I_000020,P05,WHITE,I,image_000020.jpg,training/P05/WHITE/I/images/image_000020.jpg,fad6a6dcf552262429beecac545256202c8a91c7e9ecef13ca6ae7cd801bbcea,8020,,,true
P05_WHITE_I_000021,P05,WHITE,I,image_000021.jpg,training/P05/WHITE/I/images/image_000021.jpg,d392f073122628db114fe8cd4b2397abe5c7ee84df6985f5b9979548c3b318be,8103,,,true
P05_WHITE_I_000022,P05,WHITE,I,image_000022.jpg,training/P05/WHITE/I/images/image_000022.jpg,0375f1ecc62e5862714a02a5e7e35b84f4d6c187cbddaf98d365aff5245d9d64,8641,,,true
P05_WHITE_I_000023,P05,WHITE,I,image_000023.jpg,training/P05/WHITE/I/images/image_000023.jpg,1ed717a02ffad2f1934a40848c674aa2c8e90b3c0bcc82d95ac61c1dd2587c23,7599,,,true
P05_WHITE_I_000024,P05,WHITE,I,image_000024.jpg,training/P05/WHITE/I/images/image_000024.jpg,b31f2b3e62e62843b7267ee02fe61a9b34ca786770b52f26687c2bc0223bd17f,6748,,,true
P05_WHITE_I_000025,P05,WHITE,I,image_000025.jpg,training/P05/WHITE/I/images/image_000025.jpg,8368c6b6af171cafe14c4ba510e4cd79ef87ec7c432569a41b3ce8575f0177f7,7796,,,true
P05_WHITE_L_000001,P05,WHITE,L,image_000001.jpg,training/P05/WHITE/L/images/image_000001.jpg,d33df87f58e0ab61cb3e09f72cd0623043d38066fa1fd18fd298fe67d262eddb,7845,,,true
P05_WHITE_L_000002,P05,WHITE,L,image_000002.jpg,training/P05/WHITE/L/images/image_000002.jpg,e8a95485f5133ba114f896fae4d4413e9cb050630a449170da48656d92312796,8471,,,true
P05_WHITE_L_000003,P05,WHITE,L,image_000003.jpg,training/P05/WHITE/L/images/image_000003.jpg,8fe255aaac3250c70ddcfea69a023ee33e849babe225e984fa63ba982cce8ad2,8271,,,true
P05_WHITE_L_000004,P05,WHITE,L,image_000004.jpg,training/P05/WHITE/L/images/image_000004.jpg,b4f038f376c978b12bba4642fa1d9bad9f6749139de56b7a312bb7d144226d5d,7406,,,true
P05_WHITE_L_000005,P05,WHITE,L,image_000005.jpg,training/P05/WHITE/L/images/image_000005.jpg,facd6d51effcdc7e3a71a35b5d257b7201b4afee1aff36b8d264457736154505,8879,,,true
P05_WHITE_L_000006,P05,WHITE,L,image_000006.jpg,training/P05/WHITE/L/images/image_000006.jpg,8acd9ff76889472c73efd62ccc6da5eecc854850d297bf696406c732217e59f2,7952,,,true
P05_WHITE_L_000007,P05,WHITE,L,image_000007.jpg,training/P05/WHITE/L/images/image_000007.jpg,b66ec9f49e3bad918b45c993602c7a671fb3daaeb4f5dec0879a14f4441d1d72,8407,,,true
P05_WHITE_L_000008,P05,WHITE,L,image_000008.jpg,training/P05/WHITE/L/images/image_000008.jpg,58babdb9b7775e2a392395a59542a54637a3061783b4a999c6e51f627e21b4fd,8118,,,true
P05_WHITE_L_000009,P05,WHITE,L,image_000009.jpg,training/P05/WHITE/L/images/image_000009.jpg,2ec47182eb0290fda8c2288e171809e55994c391ec804ca4c03a4587ccad67f3,7864,,,true
P05_WHITE_L_000010,P05,WHITE,L,image_000010.jpg,training/P05/WHITE/L/images/image_000010.jpg,12512476f014adaf8f5af47cbc6ea64411b17d89cfa6ae7eae51918b823769e6,8827,,,true
P05_WHITE_L_000011,P05,WHITE,L,image_000011.jpg,training/P05/WHITE/L/images/image_000011.jpg,f6815a83607122512aeb68bb1e8c9756be873819bd48662228a4a0948a5f4611,8391,,,true
P05_WHITE_L_000012,P05,WHITE,L,image_000012.jpg,training/P05/WHITE/L/images/image_000012.jpg,d1a84442c0eeb52764c02f99270bd0b8451f07f00a90dd79f4d7c6adbdb4b45b,8480,,,true
P05_WHITE_L_000013,P05,WHITE,L,image_000013.jpg,training/P05/WHITE/L/images/image_000013.jpg,aef04933b8c4c0e4c5f1b63991fc6a2f35a46d67de1199211c4358978a954d90,7478,,,true
P05_WHITE_L_000014,P05,WHITE,L,image_000014.jpg,training/P05/WHITE/L/images/image_000014.jpg,c46eaa4b303b0e507faf52b4590c6e13c32c32e598b3006913c2a904980efc81,7560,,,true
P05_WHITE_L_000015,P05,WHITE,L,image_000015.jpg,training/P05/WHITE/L/images/image_000015.jpg,c4fd9ce50caf5ed188b12b013e28bcc3888ed20f597ed21289d9ae39d7961425,8470,,,true
P05_WHITE_L_000016,P05,WHITE,L,image_000016.jpg,training/P05/WHITE/L/images/image_000016.jpg,fa3953d1aeff3570d5cd9c8a0851154bf0c3916b2c8d296a263ee3352156c8be,7944,,,true
P05_WHITE_L_000017,P05,WHITE,L,image_000017.jpg,training/P05/WHITE/L/images/image_000017.jpg,9b8c463ebeb91298e65ea65fe058222b8f871ddc43d877402cd6b822c2c28459,8535,,,true
P05_WHITE_L_000018,P05,WHITE,L,image_000018.jpg,training/P05/WHITE/L/images/image_000018.jpg,607c2a6da0ba8aea7adac0e2e9b7f0ce188448c7bec73f82a4bc43c0796847af,8293,,,true
P05_WHITE_L_000019,P05,WHITE,L,image_000019.jpg,training/P05/WHITE/L/images/image_000019.jpg,bcefaf2f48b5780c4fd3e8dd0a51dea296df24213b8ed47cf5fa535460cc4895,7582,,,true
P05_WHITE_L_000020,P05,WHITE,L,image_000020.jpg,training/P05/WHITE/L/images/image_000020.jpg,76ca09cf20ce016040238c10ed6fc7047b49be693852b3df76cae29485cf340b,7971,,,true
P05_WHITE_L_000021,P05,WHITE,L,image_000021.jpg,training/P05/WHITE/L/images/image_000021.jpg,d5f90a4da46fabb942c8b42bb7378a1256c9628281809c1a48955427dd7c5b67,7965,,,true
P05_WHITE_L_000022,P05,WHITE,L,image_000022.jpg,training/P05/WHITE/L/images/image_000022.jpg,a792338aae54981fe430053d6f65a7c43759ff5de626da90ef9c838903780ca6,8387,,,true
P05_WHITE_L_000023,P05,WHITE,L,image_000023.jpg,training/P05/WHITE/L/images/image_000023.jpg,f1e0b3f159e0bdaf8de6fbe35a9b438af95ff17cbc3a3549038373ddccb065f9,8204,,,true
P05_WHITE_L_000024,P05,WHITE,L,image_000024.jpg,training/P05/WHITE/L/images/image_000024.jpg,4ab41e5f370afe8185050559722d28b4f837af4e26bbbbbcebbd2342533c8629,8311,,,true
P05_WHITE_L_000025,P05,WHITE,L,image_000025.jpg,training/P05/WHITE/L/images/image_000025.jpg,d6819c8ca619445c34aca9d1434de665bf1f299626f2073a7ee230ac521d2544,7285,,,true
P05_WHITE_M_000001,P05,WHITE,M,image_000001.jpg,training/P05/WHITE/M/images/image_000001.jpg,582e3325f1a4408f0d856b74f555a3d4b0e0a2c5b270803597249dd523bc13ca,9003,,,true
P05_WHITE_M_000002,P05,WHITE,M,image_000002.jpg,training/P05/WHITE/M/images/image_000002.jpg,16835f403ca995ae3dc8adf5d8295b9e627491dc5a827b3dec7a72cf092e6741,8387,,,true
P05_WHITE_M_000003,P05,WHITE,M,image_000003.jpg,training/P05/WHITE/M/images/image_000003.jpg,53a236fe2568dfe82a3efacb76d5a819538a549fc6beaa153bd6906c05d42a14,8596,,,true
P05_WHITE_M_000004,P05,WHITE,M,image_000004.jpg,training/P05/WHITE/M/images/image_000004.jpg,8156a3813aa79a692c1065a656302fc7601ffd272419482385b0addbb5cf0f4d,9012,,,true
P05_WHITE_M_000005,P05,WHITE,M,image_000005.jpg,training/P05/WHITE/M/images/image_000005.jpg,94d5e19306982d039982d5b9dd75517b2abc315158de526274a7e739e0800f9a,7686,,,true
P05_WHITE_M_000006,P05,WHITE,M,image_000006.jpg,training/P05/WHITE/M/images/image_000006.jpg,74192353173788124aa03cd673626754da6a11ca6309db8032fbe78536edd3ab,7863,,,true
P05_WHITE_M_000007,P05,WHITE,M,image_000007.jpg,training/P05/WHITE/M/images/image_000007.jpg,0fe578ad07ce62948dd82c8a412cc41741f06a2639dd4f2fc874a300af7cd22b,8381,,,true
P05_WHITE_M_000008,P05,WHITE,M,image_000008.jpg,training/P05/WHITE/M/images/image_000008.jpg,fdb1ac1f7ed86b7808eaeefb1bb1cd1581f8d3a59ad729b18fe8969c2074575b,8365,,,true
P05_WHITE_M_000009,P05,WHITE,M,image_000009.jpg,training/P05/WHITE/M/images/image_000009.jpg,05ae7f6afeee116e3a67191c43a22565b28d0c0edce2b32cd09fb050ebe38309,9529,,,true
P05_WHITE_M_000010,P05,WHITE,M,image_000010.jpg,training/P05/WHITE/M/images/image_000010.jpg,1fd144b9318cbfee4204b94a26e59cc2bd7f87480254998351b0cce6da9ca4b1,7824,,,true
P05_WHITE_M_000011,P05,WHITE,M,image_000011.jpg,training/P05/WHITE/M/images/image_000011.jpg,462ea1828ca6b11b0105e75aa70fd4778b971d5644283e60ed49ade5d61cee17,8417,,,true
P05_WHITE_M_000012,P05,WHITE,M,image_000012.jpg,training/P05/WHITE/M/images/image_000012.jpg,b79376b738dfdc83c298f7f2c56c5ef63b03cc057fe895041060b86ace5ef9c2,8714,,,true
P05_WHITE_M_000013,P05,WHITE,M,image_000013.jpg,training/P05/WHITE/M/images/image_000013.jpg,cddfb9618cd4395d8fbf959764571944599a62f3537c2006f7b4277b1cfc1226,8144,,,true
P05_WHITE_M_000014,P05,WHITE,M,image_000014.jpg,training/P05/WHITE/M/images/image_000014.jpg,94214aaba27cccc4945ccf239d20f459297217a6eefdfc4f966bc18012c609c2,8432,,,true
P05_WHITE_M_000015,P05,WHITE,M,image_000015.jpg,training/P05/WHITE/M/images/image_000015.jpg,e3ac4405dd7ba1a8788b589184b803ffe71bbdef818987d45017ad57753a39d0,8623,,,true
P05_WHITE_M_000016,P05,WHITE,M,image_000016.jpg,training/P05/WHITE/M/images/image_000016.jpg,a97944f742ed7c63222d7d74e722a90359453fa1689388258fd7d1fe01bfa09f,7648,,,true
P05_WHITE_M_000017,P05,WHITE,M,image_000017.jpg,training/P05/WHITE/M/images/image_000017.jpg,b3d9bbcf2a9d5177bf215b1cbd32fb3280ed74238a383e7dd7d2dd503e1c855c,7612,,,true
P05_WHITE_M_000018,P05,WHITE,M,image_000018.jpg,training/P05/WHITE/M/images/image_000018.jpg,70886d8bae7cd1893cf02e2fadc47c4aa5d4dee953d5628fea2f0634afda38f3,9011,,,true
P05_WHITE_M_000019,P05,WHITE,M,image_000019.jpg,training/P05/WHITE/M/images/image_000019.jpg,ca17dd1ff5c8f7994b2baea3dc235da8865945d0655748e343e692f69069c0a8,9614,,,true
P05_WHITE_M_000020,P05,WHITE,M,image_000020.jpg,training/P05/WHITE/M/images/image_000020.jpg,6c1b82a1fad2dd55d3da379be968093ed8468aa45d0ba50501611bf9dbc3924b,8106,,,true
P05_WHITE_M_000021,P05,WHITE,M,image_000021.jpg,training/P05/WHITE/M/images/image_000021.jpg,21e102a36f78f59345a16438c68762b3b263a1fd474f176d16ea21e7ee6fd1ab,8365,,,true
P05_WHITE_M_000022,P05,WHITE,M,image_000022.jpg,training/P05/WHITE/M/images/image_000022.jpg,ad310f17efde575f02594a3a6932ed68e0ab40b116f1dd7dd7fbdcb1c168325c,8784,,,true
P05_WHITE_M_000023,P05,WHITE,M,image_000023.jpg,training/P05/WHITE/M/images/image_000023.jpg,0a79c7a495045125ad462c3ebacb6f45da340150d407fb6c19bdfc148546eb6f,9025,,,true
P05_WHITE_M_000024,P05,WHITE,M,image_000024.jpg,training/P05/WHITE/M/images/image_000024.jpg,90d408d45ebf5f85b1bfd169311e513ba37aa9cca4b0fc61e9a99774b1acefda,8350,,,true
P05_WHITE_M_000025,P05,WHITE,M,image_000025.jpg,training/P05/WHITE/M/images/image_000025.jpg,d5550215e3c1fde59a6e08514f34b7c0456b91cd128e489c39121a0e17835b3b,8169,,,true
P05_WHITE_N_000001,P05,WHITE,N,image_000001.jpg,training/P05/WHITE/N/images/image_000001.jpg,8b7031d115e5b652c74b36cbfa834cec748abde6402098c7c4ccc343adbc681f,8850,,,true
P05_WHITE_N_000002,P05,WHITE,N,image_000002.jpg,training/P05/WHITE/N/images/image_000002.jpg,ff22e16ea63acdaefd6e4d69e96740e7ef79eaa7b4f44673f7acfb0d72dd3aaf,9088,,,true
P05_WHITE_N_000003,P05,WHITE,N,image_000003.jpg,training/P05/WHITE/N/images/image_000003.jpg,b58b82e3e1fc2f3d4226ce47c2fcb544d1159fd5549682526e1e77221832076c,8793,,,true
P05_WHITE_N_000004,P05,WHITE,N,image_000004.jpg,training/P05/WHITE/N/images/image_000004.jpg,683de660f8871ddaf2c2ab480d18604dcc4fced683edc5a1677c08c415c7b6b6,9331,,,true
P05_WHITE_N_000005,P05,WHITE,N,image_000005.jpg,training/P05/WHITE/N/images/image_000005.jpg,98381959d98afe5710f603ba6657bee657ab09b6c49003f2d40f1d99506702e8,8385,,,true
P05_WHITE_N_000006,P05,WHITE,N,image_000006.jpg,training/P05/WHITE/N/images/image_000006.jpg,a26367d54a61136c09812820ba6926df0a2b97b6ea3fa34217c3ff595f5c2210,8498,,,true
P05_WHITE_N_000007,P05,WHITE,N,image_000007.jpg,training/P05/WHITE/N/images/image_000007.jpg,d92ab503872a0f98398f1b592777bdbcc6e78c30232b0e17f154e60161be5f67,8157,,,true
P05_WHITE_N_000008,P05,WHITE,N,image_000008.jpg,training/P05/WHITE/N/images/image_000008.jpg,9e4b88834e877178567f8168dccb9e91266b0b4988d976df8284202b980cbbd6,8519,,,true
P05_WHITE_N_000009,P05,WHITE,N,image_000009.jpg,training/P05/WHITE/N/images/image_000009.jpg,6bb7a6c4191f0d495992dd71dbb6f26147f27bfe278465128805d864cf88b72a,8847,,,true
P05_WHITE_N_000010,P05,WHITE,N,image_000010.jpg,training/P05/WHITE/N/images/image_000010.jpg,b05f35b2a43eb2b20e97e93433284101005b01d8f1955f8c5821e75f09cc58a6,8003,,,true
P05_WHITE_N_000011,P05,WHITE,N,image_000011.jpg,training/P05/WHITE/N/images/image_000011.jpg,2883039ecf6d155833cee00279f7d3d2a8927fc37e8979a2daaefa0661199da0,7698,,,true
P05_WHITE_N_000012,P05,WHITE,N,image_000012.jpg,training/P05/WHITE/N/images/image_000012.jpg,57c15d20b2498317e9504f9d2d249137dbe358f560bd3aa9300707485f91c534,9151,,,true
P05_WHITE_N_000013,P05,WHITE,N,image_000013.jpg,training/P05/WHITE/N/images/image_000013.jpg,64d78d96113ea88ec2f1a3a598ae5353cfc0ae512bf9479554a554d9927de4b2,8543,,,true
P05_WHITE_N_000014,P05,WHITE,N,image_000014.jpg,training/P05/WHITE/N/images/image_000014.jpg,9b1b34e09206e70897ad4097e21b99bb0a5ec4f5fad0b1c2fc08332ab5f13a26,8811,,,true
P05_WHITE_N_000015,P05,WHITE,N,image_000015.jpg,training/P05/WHITE/N/images/image_000015.jpg,97648c4e0d5265a0a44a34a610ea00b12dee45d525c6bac5087d808fb76b4895,8842,,,true
P05_WHITE_N_000016,P05,WHITE,N,image_000016.jpg,training/P05/WHITE/N/images/image_000016.jpg,59213caa79bfde161f333cd73da7ec19b7c3919b80ff9985e70d1dde78a3438a,8945,,,true
P05_WHITE_N_000017,P05,WHITE,N,image_000017.jpg,training/P05/WHITE/N/images/image_000017.jpg,4060e560024650367c5f969b30ff4b25547a406089dd4f2d4a59a56bc1b967bb,7768,,,true
P05_WHITE_N_000018,P05,WHITE,N,image_000018.jpg,training/P05/WHITE/N/images/image_000018.jpg,77c349f8065e97bf7eba7a4d0f0a1cd316647c025fdff6b18f45a50e75009557,8220,,,true
P05_WHITE_N_000019,P05,WHITE,N,image_000019.jpg,training/P05/WHITE/N/images/image_000019.jpg,57f0459f2ded34e66e5ee7e926e7591f1289ed62c1934392062376b52d6ddd37,8800,,,true
P05_WHITE_N_000020,P05,WHITE,N,image_000020.jpg,training/P05/WHITE/N/images/image_000020.jpg,53574d27ce24606baee864a210293ac994eb90a6c45a0e052417a05973b1e789,9292,,,true
P05_WHITE_N_000021,P05,WHITE,N,image_000021.jpg,training/P05/WHITE/N/images/image_000021.jpg,68dcc57662854b9d841d3235a797e3a627852a990327560ece4da3ff8ad5ff8e,8159,,,true
P05_WHITE_N_000022,P05,WHITE,N,image_000022.jpg,training/P05/WHITE/N/images/image_000022.jpg,60b26cb4d4a2aaf71fb4f367ca503b620acf55b3b67681e49391da6d357d8738,8021,,,true
P05_WHITE_N_000023,P05,WHITE,N,image_000023.jpg,training/P05/WHITE/N/images/image_000023.jpg,6f0e85e2b1f4b149b7c1df4c5c9ae895710a7bd49cd623db4850b7a0f8449088,8553,,,true
P05_WHITE_N_000024,P05,WHITE,N,image_000024.jpg,training/P05/WHITE/N/images/image_000024.jpg,a456115f0edf864de694018ef460abd6cd3de9d60a157873cdb305aad40982f3,8169,,,true
P05_WHITE_N_000025,P05,WHITE,N,image_000025.jpg,training/P05/WHITE/N/images/image_000025.jpg,4ef956e336d1329f1db76a004f465b1450d2735cc5e38dd41af0fc1f39ea283f,8250,,,true
P05_WHITE_O_000001,P05,WHITE,O,image_000001.jpg,training/P05/WHITE/O/images/image_000001.jpg,6c2fd62471e646facfe151723a06bfb1a1d4990eea505949ad26675310882406,9203,,,true
P05_WHITE_O_000002,P05,WHITE,O,image_000002.jpg,training/P05/WHITE/O/images/image_000002.jpg,015801154a3b3dfeff55fef064de91e56e1ece5c8b3efc634b0678ad6430f639,9125,,,true
P05_WHITE_O_000003,P05,WHITE,O,image_000003.jpg,training/P05/WHITE/O/images/image_000003.jpg,bc4cdca5d9d5ab5bcab1449a91eebc4b318c4069a1c8846389054d90d0036edc,9719,,,true
P05_WHITE_O_000004,P05,WHITE,O,image_000004.jpg,training/P05/WHITE/O/images/image_000004.jpg,9841e1467f3f59a9a20c599e9b742eff56b448546960db035a5a60de8d25523c,10251,,,true
P05_WHITE_O_000005,P05,WHITE,O,image_000005.jpg,training/P05/WHITE/O/images/image_000005.jpg,9f75c1ea32993307cd8bc71bf3f8e5a9ec8653aa55642c21ffa0dbd5d7efa223,9836,,,true
P05_WHITE_O_000006,P05,WHITE,O,image_000006.jpg,training/P05/WHITE/O/images/image_000006.jpg,d99c26d495150ea7b371425f14444d5b3aa23a25d94df05d5c35800959821aeb,8717,,,true
P05_WHITE_O_000007,P05,WHITE,O,image_000007.jpg,training/P05/WHITE/O/images/image_000007.jpg,95135b9104f0ef57e15b43eb4c6c7154a5102da5b38e79c26ae0af5654dd7e90,9406,,,true
P05_WHITE_O_000008,P05,WHITE,O,image_000008.jpg,training/P05/WHITE/O/images/image_000008.jpg,2b1f4a49a18b0c67321ee3f2e60f2ca2f8e29dc560edfad96759c6a19bc2d316,9568,,,true
P05_WHITE_O_000009,P05,WHITE,O,image_000009.jpg,training/P05/WHITE/O/images/image_000009.jpg,b13a1c3e39197e067bd9bde664e65591dd24f9852f874cb20f1682cf9180fbe2,9509,,,true
P05_WHITE_O_000010,P05,WHITE,O,image_000010.jpg,training/P05/WHITE/O/images/image_000010.jpg,c62a4632cd285358e829354079bcfde5368907c8ddcffed5b2ff93aa8c9e7a23,8061,,,true
P05_WHITE_O_000011,P05,WHITE,O,image_000011.jpg,training/P05/WHITE/O/images/image_000011.jpg,f702de93fe925e05578e74a664ccec5efd23f8bad53661a2758094d9eef4995a,8015,,,true
P05_WHITE_O_000012,P05,WHITE,O,image_000012.jpg,training/P05/WHITE/O/images/image_000012.jpg,f2c1a4207f0bd08fc4513dcfa3113af8ef1128c39383535bdf25914568a72d15,10068,,,true
P05_WHITE_O_000013,P05,WHITE,O,image_000013.jpg,training/P05/WHITE/O/images/image_000013.jpg,eaec902e742c6512e628a04b54ccf376588e28ffe8692f80f62957b60d8cefd1,9719,,,true
P05_WHITE_O_000014,P05,WHITE,O,image_000014.jpg,training/P05/WHITE/O/images/image_000014.jpg,3dca8e7d48f39dba7585e713a995d83e2b2e89c7103eda8acda05297a9b0c642,8661,,,true
P05_WHITE_O_000015,P05,WHITE,O,image_000015.jpg,training/P05/WHITE/O/images/image_000015.jpg,d71049b8b08121d2420aef396bb5d22e00a15f4d2c56ca23b5d311f57a6ac9b7,9452,,,true
P05_WHITE_O_000016,P05,WHITE,O,image_000016.jpg,training/P05/WHITE/O/images/image_000016.jpg,20fdcfe7e7e6f879ed1754afe9b6a474fea425e16c835133aad3a5e47f98a858,9147,,,true
P05_WHITE_O_000017,P05,WHITE,O,image_000017.jpg,training/P05/WHITE/O/images/image_000017.jpg,b314a449794b2ed6cd90bed43bcbbb6b0bb3a3dd8c4e1c9550207bebb6c03fef,9142,,,true
P05_WHITE_O_000018,P05,WHITE,O,image_000018.jpg,training/P05/WHITE/O/images/image_000018.jpg,26f484e28dd7b1d09cc7f8b19b07e92db56e5293dcde1018dc8d22ac23335c22,8885,,,true
P05_WHITE_O_000019,P05,WHITE,O,image_000019.jpg,training/P05/WHITE/O/images/image_000019.jpg,c5090f7ec97ac74d9935bfcb4d7e734f72bcff009388b0f6ee0e03b36547c9e2,8486,,,true
P05_WHITE_O_000020,P05,WHITE,O,image_000020.jpg,training/P05/WHITE/O/images/image_000020.jpg,71225936f920bbb3f291839b7485ad9c6a78b9defac9f675c84e1c68ca6b0bb7,8727,,,true
P05_WHITE_O_000021,P05,WHITE,O,image_000021.jpg,training/P05/WHITE/O/images/image_000021.jpg,cb205c6d82099ae52da3f81d4027b58b2f00091d7ce9f0404ddf415eef6a9200,8622,,,true
P05_WHITE_O_000022,P05,WHITE,O,image_000022.jpg,training/P05/WHITE/O/images/image_000022.jpg,367861930130b8e25283c987df8617ef2481c4297947f6f328ff28fdccc841f2,9045,,,true
P05_WHITE_O_000023,P05,WHITE,O,image_000023.jpg,training/P05/WHITE/O/images/image_000023.jpg,b704314fb63a953c771457c333ef539d57d7f32ecc52569d674d9381467a7352,8077,,,true
P05_WHITE_O_000024,P05,WHITE,O,image_000024.jpg,training/P05/WHITE/O/images/image_000024.jpg,7d4f65d5b90bd0e5488e1908ce9411729027aa4c39211e38ff18958ea998091f,8376,,,true
P05_WHITE_O_000025,P05,WHITE,O,image_000025.jpg,training/P05/WHITE/O/images/image_000025.jpg,de05a21cc905a571ed713589510bac7c53909abea9bd0afb92c6823569229831,8348,,,true
P05_WHITE_P_000001,P05,WHITE,P,image_000001.jpg,training/P05/WHITE/P/images/image_000001.jpg,590949f00a1dcad66981038a7a514f6944ec88149e26fee3746189c9ab0e5da2,8786,,,true
P05_WHITE_P_000002,P05,WHITE,P,image_000002.jpg,training/P05/WHITE/P/images/image_000002.jpg,6bab45de9ec6b610651c058c07c6dd4db4787859cad18dc25bbd68357b1e5102,8862,,,true
P05_WHITE_P_000003,P05,WHITE,P,image_000003.jpg,training/P05/WHITE/P/images/image_000003.jpg,38eabb5912d3df3fbeed70b61a6839649779107cd335bbbf6784221a9b504e73,9628,,,true
P05_WHITE_P_000004,P05,WHITE,P,image_000004.jpg,training/P05/WHITE/P/images/image_000004.jpg,c92412d2d2d4f607ee015967872e9a63c0f9b6c56d6300b6237872338b04e7a1,7420,,,true
P05_WHITE_P_000005,P05,WHITE,P,image_000005.jpg,training/P05/WHITE/P/images/image_000005.jpg,94636bd31b2c5c56d576745155a518cc764d93918f19b8446639ce80e8550087,7803,,,true
P05_WHITE_P_000006,P05,WHITE,P,image_000006.jpg,training/P05/WHITE/P/images/image_000006.jpg,20a2a81478a65869e1a2d7839e5d2dad72e617c286c4f8a95dec11ce37074a1a,7461,,,true
P05_WHITE_P_000007,P05,WHITE,P,image_000007.jpg,training/P05/WHITE/P/images/image_000007.jpg,9f62c6cfbeb05e8db152300833d546bed738037b3719b0feef0bf0710d10247d,7325,,,true
P05_WHITE_P_000008,P05,WHITE,P,image_000008.jpg,training/P05/WHITE/P/images/image_000008.jpg,1f1f866766dc998c0782c7a1116097f2d7ab8cfc0ea0190c473a9da4d35d5305,8119,,,true
P05_WHITE_P_000009,P05,WHITE,P,image_000009.jpg,training/P05/WHITE/P/images/image_000009.jpg,22d997c7a992a71484edb1a9cd43530b9ccbe654e65ccf1df4844613a82154c9,8261,,,true
P05_WHITE_P_000010,P05,WHITE,P,image_000010.jpg,training/P05/WHITE/P/images/image_000010.jpg,8a30ce4ca17b82d046b0facc22a9983539b3c7a4ed134883c10a80b4ea79767a,8348,,,true
P05_WHITE_P_000011,P05,WHITE,P,image_000011.jpg,training/P05/WHITE/P/images/image_000011.jpg,ab7ba5c5d349e263903d3c8a2ff319f5ed96a962ee1ac791f1642eefdc5b1e36,8028,,,true
P05_WHITE_P_000012,P05,WHITE,P,image_000012.jpg,training/P05/WHITE/P/images/image_000012.jpg,3ae4ed49c30c28b4ec42b34456e89b537ba81928cface9326472aea51dae6c2c,7259,,,true
P05_WHITE_P_000013,P05,WHITE,P,image_000013.jpg,training/P05/WHITE/P/images/image_000013.jpg,74393c3f371c6158326e4101b1b79921560e0b248bb04238834fcfbc100025b4,7648,,,true
P05_WHITE_P_000014,P05,WHITE,P,image_000014.jpg,training/P05/WHITE/P/images/image_000014.jpg,8680feaa752f1f641f561a7453707267f8531d660cd5e23821e4c228234acdb2,8273,,,true
P05_WHITE_P_000015,P05,WHITE,P,image_000015.jpg,training/P05/WHITE/P/images/image_000015.jpg,dd99c4a3104039b013ea9859b6d8b905e88b40d56ce11be656f95ea3da54168e,8196,,,true
P05_WHITE_P_000016,P05,WHITE,P,image_000016.jpg,training/P05/WHITE/P/images/image_000016.jpg,023b8af28635e758f2995f92d0bb026226a12adc859afc00670574f78462ac80,8571,,,true
P05_WHITE_P_000017,P05,WHITE,P,image_000017.jpg,training/P05/WHITE/P/images/image_000017.jpg,4dfb6ef7f9ea63e7a25697b4a7b6832718a52afd4a9a646ecfb0b50b6c7e94f7,8202,,,true
P05_WHITE_P_000018,P05,WHITE,P,image_000018.jpg,training/P05/WHITE/P/images/image_000018.jpg,e6a0b8d7c557eb850914afad4356cf5340a6343d2aeb221b959e94652ce20dfc,8236,,,true
P05_WHITE_P_000019,P05,WHITE,P,image_000019.jpg,training/P05/WHITE/P/images/image_000019.jpg,4a1ffbd589f20bbdcee37c0d1b7f1f751d95bd9a0249774913c1564107f5011f,7269,,,true
P05_WHITE_P_000020,P05,WHITE,P,image_000020.jpg,training/P05/WHITE/P/images/image_000020.jpg,a033700e15577e4a2c1fdce31acb285f6f97bb5bd907f1cc5242fb8507b5ecb5,8050,,,true
P05_WHITE_P_000021,P05,WHITE,P,image_000021.jpg,training/P05/WHITE/P/images/image_000021.jpg,45e2ca225f5c0eee0b0e2a3f402b0378594d1ff3ff2e2fc91f1d92093eadb53a,7797,,,true
P05_WHITE_P_000022,P05,WHITE,P,image_000022.jpg,training/P05/WHITE/P/images/image_000022.jpg,422d4c0f99109477740748f0741e8468739acb31217b14b7adc168a2fb80428b,7654,,,true
P05_WHITE_P_000023,P05,WHITE,P,image_000023.jpg,training/P05/WHITE/P/images/image_000023.jpg,3697aa935ba480b1b8a237ebdf5c9930f8cb7006a954da7a80a45b21cf929105,7567,,,true
P05_WHITE_P_000024,P05,WHITE,P,image_000024.jpg,training/P05/WHITE/P/images/image_000024.jpg,d61221685bbe65e6fcbb00fcfabc6db501ee870d84b0e22b398c1812193eb6d5,8301,,,true
P05_WHITE_P_000025,P05,WHITE,P,image_000025.jpg,training/P05/WHITE/P/images/image_000025.jpg,c6f7a0709bd70e48ba9751b37ce6c9edf2c77de0d25fe98a5382b0e27debd3e5,9415,,,true
P05_WHITE_R_000001,P05,WHITE,R,image_000001.jpg,training/P05/WHITE/R/images/image_000001.jpg,83f2658753ad01a2575c0e2b774a5e7b7f19776dd9336c1919d7cfacfae665a9,7600,,,true
P05_WHITE_R_000002,P05,WHITE,R,image_000002.jpg,training/P05/WHITE/R/images/image_000002.jpg,191c4a6e5275bf94ae501c40b8cfae3602a06ddd1d8670c6ea756b6155a17721,7727,,,true
P05_WHITE_R_000003,P05,WHITE,R,image_000003.jpg,training/P05/WHITE/R/images/image_000003.jpg,6c7e183ed41e99afe5ea127cab3a8d3761bdc1ca890b79f96f0a8836e60ce497,8086,,,true
P05_WHITE_R_000004,P05,WHITE,R,image_000004.jpg,training/P05/WHITE/R/images/image_000004.jpg,b953606c1ce04099b3356779d09136526299076fd4bd00c794030eed91846a11,7323,,,true
P05_WHITE_R_000005,P05,WHITE,R,image_000005.jpg,training/P05/WHITE/R/images/image_000005.jpg,c71dbeec0300f341d571a7a3bd00cc90f33309b8bd6e0b7bffae7db75c68c295,8235,,,true
P05_WHITE_R_000006,P05,WHITE,R,image_000006.jpg,training/P05/WHITE/R/images/image_000006.jpg,1e790545e055e699879249ac7960b7fec3ebf636a7bf9c3dbb70ece2fd855d33,8069,,,true
P05_WHITE_R_000007,P05,WHITE,R,image_000007.jpg,training/P05/WHITE/R/images/image_000007.jpg,195543819bca37c0dc5dd10796716cd2ccc23fc6c4285411dd2432afdff14bd4,7679,,,true
P05_WHITE_R_000008,P05,WHITE,R,image_000008.jpg,training/P05/WHITE/R/images/image_000008.jpg,84734669280b8e25f59f518b7645d80ce7c75bebf9e2e68c016402ed229e64a2,8376,,,true
P05_WHITE_R_000009,P05,WHITE,R,image_000009.jpg,training/P05/WHITE/R/images/image_000009.jpg,40193fb7c8890ef9b220bd62de695704895915dcbdd6346c2378c9736e7d7ec8,7762,,,true
P05_WHITE_R_000010,P05,WHITE,R,image_000010.jpg,training/P05/WHITE/R/images/image_000010.jpg,cbf1668d422f5713eda5aa5fc873022703d2ee474ab6b25d4c29c96b763cc00f,7090,,,true
P05_WHITE_R_000011,P05,WHITE,R,image_000011.jpg,training/P05/WHITE/R/images/image_000011.jpg,32a08f17d1a42828cd489b3f40c8caba58fb37919f0544d0bab9e18f136ac9cb,7177,,,true
P05_WHITE_R_000012,P05,WHITE,R,image_000012.jpg,training/P05/WHITE/R/images/image_000012.jpg,46f1e052215847b8660fd0f232d81391190bc9d56e863a7b20f359647871dfd6,7156,,,true
P05_WHITE_R_000013,P05,WHITE,R,image_000013.jpg,training/P05/WHITE/R/images/image_000013.jpg,cf9a6df30d37541d30f3548e3b71ff4644b02d2251795ab4f7365248275c76c7,7179,,,true
P05_WHITE_R_000014,P05,WHITE,R,image_000014.jpg,training/P05/WHITE/R/images/image_000014.jpg,6e9155bd0d47529c25c1e99483b2731caf708365cbb23f6a5052b5738ed98f0a,7902,,,true
P05_WHITE_R_000015,P05,WHITE,R,image_000015.jpg,training/P05/WHITE/R/images/image_000015.jpg,996206c823642f18b63699f70a8eb74382f49846699708e0e6d50ea1c7eef133,7942,,,true
P05_WHITE_R_000016,P05,WHITE,R,image_000016.jpg,training/P05/WHITE/R/images/image_000016.jpg,d1e768a3bbee60c392be4ad57b1769eca3c8bee592f0961de81164e2cea45a44,8053,,,true
P05_WHITE_R_000017,P05,WHITE,R,image_000017.jpg,training/P05/WHITE/R/images/image_000017.jpg,fd3f0724a5ac43f83c9caaf7c8d75d42661b5bd887eeee7ec20400eaf8b5647a,7830,,,true
P05_WHITE_R_000018,P05,WHITE,R,image_000018.jpg,training/P05/WHITE/R/images/image_000018.jpg,e259a95cca3ef59ecb7a9d71bdccdff20c786da482b024c2403959c42215ae42,7115,,,true
P05_WHITE_R_000019,P05,WHITE,R,image_000019.jpg,training/P05/WHITE/R/images/image_000019.jpg,ec32c3048d634ce54f5cea46764b4d42a3dcfd06aeb8d09e89e64f6a3eb2350e,7847,,,true
P05_WHITE_R_000020,P05,WHITE,R,image_000020.jpg,training/P05/WHITE/R/images/image_000020.jpg,58005e585cf83114a8823a68eef8dbd452bb0c480b67514aac4377fa95acc04c,8066,,,true
P05_WHITE_R_000021,P05,WHITE,R,image_000021.jpg,training/P05/WHITE/R/images/image_000021.jpg,68748ee312e4e3ee2c28c7bb74f2471726d8b540e5f037e34366669638d8efc8,8223,,,true
P05_WHITE_R_000022,P05,WHITE,R,image_000022.jpg,training/P05/WHITE/R/images/image_000022.jpg,26321a0233394e36455b887c5bfaf0acce673352002ab1999768a671cf3b23f2,8237,,,true
P05_WHITE_R_000023,P05,WHITE,R,image_000023.jpg,training/P05/WHITE/R/images/image_000023.jpg,c5640e293c57c568898fea72d2681f4366fa21a0f4b028955919a6d371314908,7661,,,true
P05_WHITE_R_000024,P05,WHITE,R,image_000024.jpg,training/P05/WHITE/R/images/image_000024.jpg,92fe53107aeb101f140410c4b5ac8f45651cf679b86e1e56c354a08a71deb128,7873,,,true
P05_WHITE_R_000025,P05,WHITE,R,image_000025.jpg,training/P05/WHITE/R/images/image_000025.jpg,1b92fa9dc4ada7b72c24d864024e0c3b283d4b189d68061a608b7a6a8f4312a0,7919,,,true
P05_WHITE_S_000001,P05,WHITE,S,image_000001.jpg,training/P05/WHITE/S/images/image_000001.jpg,dc3d4fd01cd44d444865a660e238a07d4d6cf673e472ca5aa813e33f89d4931f,9421,,,true
P05_WHITE_S_000002,P05,WHITE,S,image_000002.jpg,training/P05/WHITE/S/images/image_000002.jpg,cf958a6ebd1c92f7f30dde98d85ef4e5dd091843d1f85a6b844f717b5f31e20d,8744,,,true
P05_WHITE_S_000003,P05,WHITE,S,image_000003.jpg,training/P05/WHITE/S/images/image_000003.jpg,e7d8a49c0c011a1e75fd25ce00c898009e38f8a2611be2c9b7c207e4902d6266,9522,,,true
P05_WHITE_S_000004,P05,WHITE,S,image_000004.jpg,training/P05/WHITE/S/images/image_000004.jpg,310cad79d9f94be6357885a3617e6d76d44b7eefffa31f79e5d5c7ec53cb0c70,8080,,,true
P05_WHITE_S_000005,P05,WHITE,S,image_000005.jpg,training/P05/WHITE/S/images/image_000005.jpg,5d9ab6bcfabd8deecac269adc6857a6f8afe8a0d1d4693b2e8a4eaf4b6bc89c3,8237,,,true
P05_WHITE_S_000006,P05,WHITE,S,image_000006.jpg,training/P05/WHITE/S/images/image_000006.jpg,9fb8a0967c2d13b35871600e7f0d9b908511640e343f1e5e8eb57121e7d55405,8923,,,true
P05_WHITE_S_000007,P05,WHITE,S,image_000007.jpg,training/P05/WHITE/S/images/image_000007.jpg,aa2560dc5d3d3c0240ef5be1cd44afd52292a99af7d45dddf3d40288fb0747a2,9125,,,true
P05_WHITE_S_000008,P05,WHITE,S,image_000008.jpg,training/P05/WHITE/S/images/image_000008.jpg,4793cf4025163c0ab300ff608532db151e15b9c628888121960d4ecf5031ca69,9260,,,true
P05_WHITE_S_000009,P05,WHITE,S,image_000009.jpg,training/P05/WHITE/S/images/image_000009.jpg,e2865a08ca9ab4db81fb984ef69c9616666ae2f6db092093702b9c38f31d7c0e,9129,,,true
P05_WHITE_S_000010,P05,WHITE,S,image_000010.jpg,training/P05/WHITE/S/images/image_000010.jpg,3e159c8ffade1e3f5afe51578280e51242955450cec8d8845f0e2b051b16185b,9436,,,true
P05_WHITE_S_000011,P05,WHITE,S,image_000011.jpg,training/P05/WHITE/S/images/image_000011.jpg,720d92c7bb328cb0926452511de4f0d3b59c2e427bb966e9bc99605fd977331a,8656,,,true
P05_WHITE_S_000012,P05,WHITE,S,image_000012.jpg,training/P05/WHITE/S/images/image_000012.jpg,781073005d3437e8f01113bcfd59c1f608d202cd8b17b3ee297fbd3084e08bf1,7903,,,true
P05_WHITE_S_000013,P05,WHITE,S,image_000013.jpg,training/P05/WHITE/S/images/image_000013.jpg,1ee2ecb4dc8a89afd2641e27d65b4e537ed9dd590b21ef19b489504d12d75a47,8723,,,true
P05_WHITE_S_000014,P05,WHITE,S,image_000014.jpg,training/P05/WHITE/S/images/image_000014.jpg,a1e17e06e9163ea86855c0cf0f6a857736a5b9c0539659a8bb9c1e67b8559ac4,8131,,,true
P05_WHITE_S_000015,P05,WHITE,S,image_000015.jpg,training/P05/WHITE/S/images/image_000015.jpg,ec4360364d3fd46d2230a23fc2a0645d546377a8185d0cda1861a89121bffa88,8175,,,true
P05_WHITE_S_000016,P05,WHITE,S,image_000016.jpg,training/P05/WHITE/S/images/image_000016.jpg,f8d9d235854589a06e0968acecedd1931c8011d846626182dabbfbd9c9f8e10e,8857,,,true
P05_WHITE_S_000017,P05,WHITE,S,image_000017.jpg,training/P05/WHITE/S/images/image_000017.jpg,8567c7f2fd86c2817add1b87e899aa257a34f9441997da098d16eca8932d3a23,9013,,,true
P05_WHITE_S_000018,P05,WHITE,S,image_000018.jpg,training/P05/WHITE/S/images/image_000018.jpg,6c9a836174b5b1c914b6335f6ad49bc69c40f757c9950057ac28ef8808027d0a,8980,,,true
P05_WHITE_S_000019,P05,WHITE,S,image_000019.jpg,training/P05/WHITE/S/images/image_000019.jpg,809aa5ed6cd448f61c5d4a1f4b85d5a3aca61a3e80adab9dacb352b5ccfb9b9e,7933,,,true
P05_WHITE_S_000020,P05,WHITE,S,image_000020.jpg,training/P05/WHITE/S/images/image_000020.jpg,34624af4057b215e618623be966fd0203210558f7d09210f85279f9027277ebd,8271,,,true
P05_WHITE_S_000021,P05,WHITE,S,image_000021.jpg,training/P05/WHITE/S/images/image_000021.jpg,0baa96c89969281294b9842e121c7fa6a86828870fc6acba6c17c7d9fcac8820,8065,,,true
P05_WHITE_S_000022,P05,WHITE,S,image_000022.jpg,training/P05/WHITE/S/images/image_000022.jpg,00c355b5425adc19a796a731c825eb5c15b0960db04b833fa52f2b68178c9084,8815,,,true
P05_WHITE_S_000023,P05,WHITE,S,image_000023.jpg,training/P05/WHITE/S/images/image_000023.jpg,61f9feaf472204165bf38dc6ec337f13b312f7021b3641b1163084a0b1a2017f,7254,,,true
P05_WHITE_S_000024,P05,WHITE,S,image_000024.jpg,training/P05/WHITE/S/images/image_000024.jpg,e10a04aee114b2ae0af202608449adb7234b84b5c3f7158c23103e03fc6a33db,7721,,,true
P05_WHITE_S_000025,P05,WHITE,S,image_000025.jpg,training/P05/WHITE/S/images/image_000025.jpg,b480aafc5742e90b4d8c3ee5187861f40e3e5a60496c4ae0456d6f51f1c49a26,7527,,,true
P05_WHITE_T_000001,P05,WHITE,T,image_000001.jpg,training/P05/WHITE/T/images/image_000001.jpg,5b293eeca85d94b4af28d349b3c9360bcf99112a75c91497c5a486ddaaa51777,7236,,,true
P05_WHITE_T_000002,P05,WHITE,T,image_000002.jpg,training/P05/WHITE/T/images/image_000002.jpg,7581304485ab8e903075662bec0c08aa2cc367367dd5021b25a38f945334d69b,7798,,,true
P05_WHITE_T_000003,P05,WHITE,T,image_000003.jpg,training/P05/WHITE/T/images/image_000003.jpg,c820cb0970d4e4ca9dd75983a0a2fec41cc613737e0c97c6cfcaf93be06d85c2,7866,,,true
P05_WHITE_T_000004,P05,WHITE,T,image_000004.jpg,training/P05/WHITE/T/images/image_000004.jpg,cdca414d96c8e73c8438daef7e291ee44fb0d55a6de98f8e32a4f62a41739c9f,7952,,,true
P05_WHITE_T_000005,P05,WHITE,T,image_000005.jpg,training/P05/WHITE/T/images/image_000005.jpg,4b04a43352b0262ac363c20eb09523f3cc07639e4573f13f288ad5bce0152a69,6765,,,true
P05_WHITE_T_000006,P05,WHITE,T,image_000006.jpg,training/P05/WHITE/T/images/image_000006.jpg,75b971d9cd969f58ac9c8cba9bff58f93cc4e1c3426364f7856aee41c0dc4239,7173,,,true
P05_WHITE_T_000007,P05,WHITE,T,image_000007.jpg,training/P05/WHITE/T/images/image_000007.jpg,5f496d96094cdcb29880f00e7181c28c5eca0b36e5427b87e8fda60f6617e798,7061,,,true
P05_WHITE_T_000008,P05,WHITE,T,image_000008.jpg,training/P05/WHITE/T/images/image_000008.jpg,b99609e1884bd3f97deea546a5890da83a0f8d10b4e4da51b7b035f8e6150f88,7889,,,true
P05_WHITE_T_000009,P05,WHITE,T,image_000009.jpg,training/P05/WHITE/T/images/image_000009.jpg,270fd0af6c13fb14927819323943844d6aa7291bbc16eb10c8aa95b6b681c245,6592,,,true
P05_WHITE_T_000010,P05,WHITE,T,image_000010.jpg,training/P05/WHITE/T/images/image_000010.jpg,9f2eaf167ef1a3b8c95747fe416a257a0e2b941022982e95b6b9825f8b5330a9,7757,,,true
P05_WHITE_T_000011,P05,WHITE,T,image_000011.jpg,training/P05/WHITE/T/images/image_000011.jpg,3ec7b9e5cac6564d87059214a1ed49e239599c275a56f321e5498ecc974c8375,7122,,,true
P05_WHITE_T_000012,P05,WHITE,T,image_000012.jpg,training/P05/WHITE/T/images/image_000012.jpg,211b230ee7beb45bee5b744415b6bd9f2e1e3d4ddcbb195a542498275ebf00fe,7417,,,true
P05_WHITE_T_000013,P05,WHITE,T,image_000013.jpg,training/P05/WHITE/T/images/image_000013.jpg,a4e183a3fb6e902c649ba0cb18af6d8df251d937a6bca1bb435cc7f98d9980ca,7629,,,true
P05_WHITE_T_000014,P05,WHITE,T,image_000014.jpg,training/P05/WHITE/T/images/image_000014.jpg,fe489dedabbea809dcbf7c8d5c235e355805cdb082180c1c0742eb3405e1400f,7992,,,true
P05_WHITE_T_000015,P05,WHITE,T,image_000015.jpg,training/P05/WHITE/T/images/image_000015.jpg,b2a2cad90f2e64b1e2323a4182259d2926632193e9707ffee2212d7414389802,7265,,,true
P05_WHITE_T_000016,P05,WHITE,T,image_000016.jpg,training/P05/WHITE/T/images/image_000016.jpg,554131513edfaa46c587234c7f2d7cf6af5291a628f7db36e7cc159c8c8c0195,7653,,,true
P05_WHITE_T_000017,P05,WHITE,T,image_000017.jpg,training/P05/WHITE/T/images/image_000017.jpg,c542986d8c9904b57fc1e7044e1b004ed10970cdc477606e6f2fa32c323caed7,8583,,,true
P05_WHITE_T_000018,P05,WHITE,T,image_000018.jpg,training/P05/WHITE/T/images/image_000018.jpg,21f5bf250015e4994b8dce4bd7159ddc0624d53b5ee364ce0e00d0cf85ffade1,8303,,,true
P05_WHITE_T_000019,P05,WHITE,T,image_000019.jpg,training/P05/WHITE/T/images/image_000019.jpg,cb44ac7f4da7fa4f9807fe461487b04e23bc63f04de058f941619e7851747466,8730,,,true
P05_WHITE_T_000020,P05,WHITE,T,image_000020.jpg,training/P05/WHITE/T/images/image_000020.jpg,f94d531500b623bb71d8d9f6f6365e8a57d8ebc5710120d6b4ebd4e10326e95e,7842,,,true
P05_WHITE_T_000021,P05,WHITE,T,image_000021.jpg,training/P05/WHITE/T/images/image_000021.jpg,a59eb74fdd057bf60366be9c20397e9396361686b2b1c5c5bce798562fff41d2,7365,,,true
P05_WHITE_T_000022,P05,WHITE,T,image_000022.jpg,training/P05/WHITE/T/images/image_000022.jpg,b908d1967e19fef72c4830d90a0b82ca0dab3cce9c8c1d9c5d73677ce4dd78fd,7114,,,true
P05_WHITE_T_000023,P05,WHITE,T,image_000023.jpg,training/P05/WHITE/T/images/image_000023.jpg,351eae8c8915ef96975ab33cb9c9000895da5229f7bd4e4c5709d6ec68de247f,7117,,,true
P05_WHITE_T_000024,P05,WHITE,T,image_000024.jpg,training/P05/WHITE/T/images/image_000024.jpg,ed9069d77fef86ad33a09b7e3b72d4c750d8379d5bab5a61ce4f9ce8de11e578,7608,,,true
P05_WHITE_T_000025,P05,WHITE,T,image_000025.jpg,training/P05/WHITE/T/images/image_000025.jpg,0100c2f6700bee4627e8eb283a6334a5a676efe0907dad69121f9bd837bafd6b,6813,,,true
P05_WHITE_U_000001,P05,WHITE,U,image_000001.jpg,training/P05/WHITE/U/images/image_000001.jpg,0d7b3abcc6fa2e615aedf701d627814c2f90bd59d861cbcef8c3cf97c61b557f,8582,,,true
P05_WHITE_U_000002,P05,WHITE,U,image_000002.jpg,training/P05/WHITE/U/images/image_000002.jpg,9455c49ec6f54820f8eaf3f7b67e9b43e02523599efe1319188ab961bd720eeb,7337,,,true
P05_WHITE_U_000003,P05,WHITE,U,image_000003.jpg,training/P05/WHITE/U/images/image_000003.jpg,918a7ad7276e66ae585b6c0432f7cf28238fad5021c44239dc53053db6a19c17,8134,,,true
P05_WHITE_U_000004,P05,WHITE,U,image_000004.jpg,training/P05/WHITE/U/images/image_000004.jpg,ec9f9844f6c396b95552b8bc75c4c9eda9a78bd57bb9176e1dadc76d970993bc,7706,,,true
P05_WHITE_U_000005,P05,WHITE,U,image_000005.jpg,training/P05/WHITE/U/images/image_000005.jpg,3f634068dab12b0e16f49a2c5768c0589b586c5b6187f98b03c680e3de77d4a3,8313,,,true
P05_WHITE_U_000006,P05,WHITE,U,image_000006.jpg,training/P05/WHITE/U/images/image_000006.jpg,fd6dcdce2b3add7751d0b8e300c94e30c28b2b5bf57811c8beb7688beac8c9a5,7865,,,true
P05_WHITE_U_000007,P05,WHITE,U,image_000007.jpg,training/P05/WHITE/U/images/image_000007.jpg,94b123f8d98e473ed77dd8bb49dcdaea9c51f189f70885486ce6e6535c6c55e1,8352,,,true
P05_WHITE_U_000008,P05,WHITE,U,image_000008.jpg,training/P05/WHITE/U/images/image_000008.jpg,a250693dd9ddd8b78f16509ff734818a7e16a766557505cf36f69bbe1ef18090,7856,,,true
P05_WHITE_U_000009,P05,WHITE,U,image_000009.jpg,training/P05/WHITE/U/images/image_000009.jpg,9856adb44e946de5dedde900f04fe6ad2cc4bfd300de3655897f852a68e53827,6219,,,true
P05_WHITE_U_000010,P05,WHITE,U,image_000010.jpg,training/P05/WHITE/U/images/image_000010.jpg,dd4a042f905175825b24647cc2ad1e2afc80defa24919c4fdf8c9a1a90d0113f,5614,,,true
P05_WHITE_U_000011,P05,WHITE,U,image_000011.jpg,training/P05/WHITE/U/images/image_000011.jpg,627b99f0097eb74bb779817107cc5ae5c6d224909292059bfb7a10d2943b2f9f,7936,,,true
P05_WHITE_U_000012,P05,WHITE,U,image_000012.jpg,training/P05/WHITE/U/images/image_000012.jpg,a529d6d18f9716f5bf21efc76519aa015b3944f045d7dfad2d819f0b69632555,7336,,,true
P05_WHITE_U_000013,P05,WHITE,U,image_000013.jpg,training/P05/WHITE/U/images/image_000013.jpg,5da816533d24c492368075c58a603f93890a3fc8305b47db0462493c01fafe78,7278,,,true
P05_WHITE_U_000014,P05,WHITE,U,image_000014.jpg,training/P05/WHITE/U/images/image_000014.jpg,b0dc78b018b766bf67f2e58294181d3559ade1057dbb6884bf76233e81275017,7665,,,true
P05_WHITE_U_000015,P05,WHITE,U,image_000015.jpg,training/P05/WHITE/U/images/image_000015.jpg,e5ed2c11425ab96b3d3bd2d666542db5db099b465c08c7173f6f852a5360965c,6902,,,true
P05_WHITE_U_000016,P05,WHITE,U,image_000016.jpg,training/P05/WHITE/U/images/image_000016.jpg,c6fd1ebea48bc6f037f61c7370e47cd9aeaacbb06d70fbc1fabae5fcc268588a,7597,,,true
P05_WHITE_U_000017,P05,WHITE,U,image_000017.jpg,training/P05/WHITE/U/images/image_000017.jpg,4d80200cb8be38757c92f217131f2a7217613e3f9d948f57049aeda5cb428049,7928,,,true
P05_WHITE_U_000018,P05,WHITE,U,image_000018.jpg,training/P05/WHITE/U/images/image_000018.jpg,b7b46d8eac188a4d44b8fb0cfe14dec9fa51bd7ebb2b83650b34213739ffc340,8269,,,true
P05_WHITE_U_000019,P05,WHITE,U,image_000019.jpg,training/P05/WHITE/U/images/image_000019.jpg,d694e8e1eeb3c4ce67427cbd686c59e9767b4efbbc0cc0c7ff8686bb38bd7847,7230,,,true
P05_WHITE_U_000020,P05,WHITE,U,image_000020.jpg,training/P05/WHITE/U/images/image_000020.jpg,94bfe4c165094670b37422103ebcc7e2a8907fb063a40634039349914bc64200,7427,,,true
P05_WHITE_U_000021,P05,WHITE,U,image_000021.jpg,training/P05/WHITE/U/images/image_000021.jpg,a0d216d5dd21610d1e88b400b0e991956690bb075b4c78eb9a2352a53c6e1d2e,7168,,,true
P05_WHITE_U_000022,P05,WHITE,U,image_000022.jpg,training/P05/WHITE/U/images/image_000022.jpg,1095a0855d699458579880807f7856d0feea50685f2084844ffcbc11aa769875,6258,,,true
P05_WHITE_U_000023,P05,WHITE,U,image_000023.jpg,training/P05/WHITE/U/images/image_000023.jpg,043474153c720775a29f95e2063abe66181990fe879c0717c110bdb8db371157,6883,,,true
P05_WHITE_U_000024,P05,WHITE,U,image_000024.jpg,training/P05/WHITE/U/images/image_000024.jpg,1d5ce9ae44d96fcbc44a92fdf7bcb5b816ba6b486422393067a3d432c8abf59d,7121,,,true
P05_WHITE_U_000025,P05,WHITE,U,image_000025.jpg,training/P05/WHITE/U/images/image_000025.jpg,46ef79bf72347ee2d5ac3c3b3614fbc15e797cbb62ea082ce1cde22fd069824d,7192,,,true
P05_WHITE_V_000001,P05,WHITE,V,image_000001.jpg,training/P05/WHITE/V/images/image_000001.jpg,7d8bccf9ec698e2c4518f6e980183825259dd68292aae68eed1be6ac5ab694fc,7559,,,true
P05_WHITE_V_000002,P05,WHITE,V,image_000002.jpg,training/P05/WHITE/V/images/image_000002.jpg,2c03781a4635da097ae6fa7d74f675af67d870a783362d56aa674f58c6e99ef0,7377,,,true
P05_WHITE_V_000003,P05,WHITE,V,image_000003.jpg,training/P05/WHITE/V/images/image_000003.jpg,31915c699ab1a4b7a9e204ef8ed7e5eaa282c0f2ab88f064f89f53c04068c622,7840,,,true
P05_WHITE_V_000004,P05,WHITE,V,image_000004.jpg,training/P05/WHITE/V/images/image_000004.jpg,d910c390e05a7dc1fba0cb3f4fcafacb4e76d207d1a6ac5bfb38db46c84fabdf,6599,,,true
P05_WHITE_V_000005,P05,WHITE,V,image_000005.jpg,training/P05/WHITE/V/images/image_000005.jpg,b7345d1998fd7c7e2d807b4451c7e1b26dc87d218991b1df2ab7f853d1bded32,6803,,,true
P05_WHITE_V_000006,P05,WHITE,V,image_000006.jpg,training/P05/WHITE/V/images/image_000006.jpg,53417ef2a066e0ac8fe3f7520d530dd7c2c4493c8b0aed41113dafb7ec302775,7070,,,true
P05_WHITE_V_000007,P05,WHITE,V,image_000007.jpg,training/P05/WHITE/V/images/image_000007.jpg,5db592412006d6d2ced1d74b161ad56b0bd7d7f3ca45a551dafb0507eeb4aa6e,7630,,,true
P05_WHITE_V_000008,P05,WHITE,V,image_000008.jpg,training/P05/WHITE/V/images/image_000008.jpg,b0c0de3cc991f273c992c5c5a86a60e5eba0521abe12b5f54181481bf893b161,7539,,,true
P05_WHITE_V_000009,P05,WHITE,V,image_000009.jpg,training/P05/WHITE/V/images/image_000009.jpg,425ed1724fa75500424ae7e6d7a6d2c0b82f615c1c34c45a9e7500fe78dd335f,7588,,,true
P05_WHITE_V_000010,P05,WHITE,V,image_000010.jpg,training/P05/WHITE/V/images/image_000010.jpg,b198315f93f218aa9c4b8fd05d9ebb4297e95f60f409e1345d58151e2d1a00bb,6695,,,true
P05_WHITE_V_000011,P05,WHITE,V,image_000011.jpg,training/P05/WHITE/V/images/image_000011.jpg,7fb070bb204ca12d913d0f18e54daace7eb06a4be14448fc7d35c50083a0eb50,6700,,,true
P05_WHITE_V_000012,P05,WHITE,V,image_000012.jpg,training/P05/WHITE/V/images/image_000012.jpg,92c78799aaf59bc37ef84d338294d25b3584180434e0d1e83248476b20f81fc0,7073,,,true
P05_WHITE_V_000013,P05,WHITE,V,image_000013.jpg,training/P05/WHITE/V/images/image_000013.jpg,5f1483665a70c586bac3451e2c6e2d0bbef41c2e65c7aa80c21c1de34be2cabd,7337,,,true
P05_WHITE_V_000014,P05,WHITE,V,image_000014.jpg,training/P05/WHITE/V/images/image_000014.jpg,9753a8c6db1c2ed32d8d52983b1c5c113801893ade50f6bd55b93de24d408133,7326,,,true
P05_WHITE_V_000015,P05,WHITE,V,image_000015.jpg,training/P05/WHITE/V/images/image_000015.jpg,a765427aa885cd5e4b7e83247c38c3aa6a90499d9a29fb2f4cca6a13874fd491,7359,,,true
P05_WHITE_V_000016,P05,WHITE,V,image_000016.jpg,training/P05/WHITE/V/images/image_000016.jpg,7c511d6623f1cf3f4b9094bf911d4809225a836b7e362dea1bf7dc61cd8f4f04,7270,,,true
P05_WHITE_V_000017,P05,WHITE,V,image_000017.jpg,training/P05/WHITE/V/images/image_000017.jpg,908cac8853d9bf48c8db8df7876433104d53dae0ec23c66ef14f437fe43dbfdb,7195,,,true
P05_WHITE_V_000018,P05,WHITE,V,image_000018.jpg,training/P05/WHITE/V/images/image_000018.jpg,fe69b5c9dbeabc3e058f59a27027cd17da22b011113e0bd426db9407c4d9329e,6434,,,true
P05_WHITE_V_000019,P05,WHITE,V,image_000019.jpg,training/P05/WHITE/V/images/image_000019.jpg,e68f6e850dfb005dabd0cb494b09743e00682d3fcca8fd071e469f182afb0bf6,6590,,,true
P05_WHITE_V_000020,P05,WHITE,V,image_000020.jpg,training/P05/WHITE/V/images/image_000020.jpg,a9bb959f2a0f0456337502bdf323712e4ba3099257d1eff9ba65913e673b3056,7038,,,true
P05_WHITE_V_000021,P05,WHITE,V,image_000021.jpg,training/P05/WHITE/V/images/image_000021.jpg,3f9f2bab04f5645169c6075fa6a019cebb5f0138a565ec993d6324dda94e8d40,7095,,,true
P05_WHITE_V_000022,P05,WHITE,V,image_000022.jpg,training/P05/WHITE/V/images/image_000022.jpg,bb7ed36aaa036e7055a069540f16c302ac8b03ef44597c0847913eb93da0af42,6899,,,true
P05_WHITE_V_000023,P05,WHITE,V,image_000023.jpg,training/P05/WHITE/V/images/image_000023.jpg,66e3e6f40168c0034f8a14e5c152d2b9cc28f797273d82b019aa12a60a77d1e4,6136,,,true
P05_WHITE_V_000024,P05,WHITE,V,image_000024.jpg,training/P05/WHITE/V/images/image_000024.jpg,26d8c8b77dd72369c15008accd54bbf2982c333ff973535b07d30f1e7dda8ac7,6513,,,true
P05_WHITE_V_000025,P05,WHITE,V,image_000025.jpg,training/P05/WHITE/V/images/image_000025.jpg,4cf2d279d2b778c5ce3927edf05fb8ae900e26be4ab751cbbdc2742cff5d525e,6777,,,true
P05_WHITE_W_000001,P05,WHITE,W,image_000001.jpg,training/P05/WHITE/W/images/image_000001.jpg,5640b984b4d9d74c29a5e478e493fd2f23fc524050dacb1e9697ae82af156a27,8058,,,true
P05_WHITE_W_000002,P05,WHITE,W,image_000002.jpg,training/P05/WHITE/W/images/image_000002.jpg,405a8ddbf1c859ddce51f7be134061fbdd74d638ee9dce7df1a017fa4b134282,8438,,,true
P05_WHITE_W_000003,P05,WHITE,W,image_000003.jpg,training/P05/WHITE/W/images/image_000003.jpg,e2cc47f458feb66de2ed5f206723a805a94badee1bf6fcfcec4a1d7bdbfa1336,8221,,,true
P05_WHITE_W_000004,P05,WHITE,W,image_000004.jpg,training/P05/WHITE/W/images/image_000004.jpg,de87fbbf5d709557328275297a6ae5a616ceba03d0fef4df4401bb1eb490cdf8,9067,,,true
P05_WHITE_W_000005,P05,WHITE,W,image_000005.jpg,training/P05/WHITE/W/images/image_000005.jpg,e5709a23cd5bcd322accc90ae01c703c517fc927017f68d16bb895b9076ceaac,9465,,,true
P05_WHITE_W_000006,P05,WHITE,W,image_000006.jpg,training/P05/WHITE/W/images/image_000006.jpg,00157848588bf95636c2aa9a3fab84c1aa22f2ebc706a1d99d0d1a8080c28fb6,8181,,,true
P05_WHITE_W_000007,P05,WHITE,W,image_000007.jpg,training/P05/WHITE/W/images/image_000007.jpg,6b5452fcffc67d6f957c48addedc4e79de4cfaae62a341cd1bc60d3e9b941888,7484,,,true
P05_WHITE_W_000008,P05,WHITE,W,image_000008.jpg,training/P05/WHITE/W/images/image_000008.jpg,3940c9e01cce944320b3e8df78e6337883511433b5958da850860ac497152588,7691,,,true
P05_WHITE_W_000009,P05,WHITE,W,image_000009.jpg,training/P05/WHITE/W/images/image_000009.jpg,653d570e15ffcabe36bd48b7fc34829caa158201f680e60ca1eeb23103daecba,7755,,,true
P05_WHITE_W_000010,P05,WHITE,W,image_000010.jpg,training/P05/WHITE/W/images/image_000010.jpg,78e548b39a296b3bf94083b65f5b08a6967845ad310f2cd9561294363392cfde,7789,,,true
P05_WHITE_W_000011,P05,WHITE,W,image_000011.jpg,training/P05/WHITE/W/images/image_000011.jpg,2832a46993b34f35b0e5133e00d61d95f857b308d1e26a32c1d1ed464b272dea,7927,,,true
P05_WHITE_W_000012,P05,WHITE,W,image_000012.jpg,training/P05/WHITE/W/images/image_000012.jpg,ebe5d88e99605005d1516631f09cc21163835a7c6146cda1a7f82158da9375ed,8348,,,true
P05_WHITE_W_000013,P05,WHITE,W,image_000013.jpg,training/P05/WHITE/W/images/image_000013.jpg,7cbdcc85095bef074e6825686b7f24937284cb549fd6c5ca2637f84d17ce6501,8218,,,true
P05_WHITE_W_000014,P05,WHITE,W,image_000014.jpg,training/P05/WHITE/W/images/image_000014.jpg,991bde51309c6c4107413ea80a39a2cf0dfb0982f8515edf8e75c8b2f652da99,8715,,,true
P05_WHITE_W_000015,P05,WHITE,W,image_000015.jpg,training/P05/WHITE/W/images/image_000015.jpg,73fcd8878b79925c20f0cc45b8ea2d5f6e3687e99db470cb304314f268d90228,8598,,,true
P05_WHITE_W_000016,P05,WHITE,W,image_000016.jpg,training/P05/WHITE/W/images/image_000016.jpg,7ec47fb2c7b5fa4c39b1a17ebb39815381c589de5ea38cfb7bb3da315d9f288a,7623,,,true
P05_WHITE_W_000017,P05,WHITE,W,image_000017.jpg,training/P05/WHITE/W/images/image_000017.jpg,19fce0c1af34c5077735c99951d5dcf5b373e32eb62b9b1c66a8c085b10d02c4,7960,,,true
P05_WHITE_W_000018,P05,WHITE,W,image_000018.jpg,training/P05/WHITE/W/images/image_000018.jpg,299db0d57b3f6289c885fa04e6b40c1dd785332bf086f6180275390096da7024,8302,,,true
P05_WHITE_W_000019,P05,WHITE,W,image_000019.jpg,training/P05/WHITE/W/images/image_000019.jpg,e08c294c1da380e5f2dc57d6d865ff326d52d043c7d4c59917a5fa0fd7e0fac9,8700,,,true
P05_WHITE_W_000020,P05,WHITE,W,image_000020.jpg,training/P05/WHITE/W/images/image_000020.jpg,14f993557cab120d0b5dad6050075cc84a5abdf03847319790667bf559f058f7,9113,,,true
P05_WHITE_W_000021,P05,WHITE,W,image_000021.jpg,training/P05/WHITE/W/images/image_000021.jpg,ac862ff91ba5f2df9e207e89391d68499e0b2e759a87ff92415468a90b6f3b77,8243,,,true
P05_WHITE_W_000022,P05,WHITE,W,image_000022.jpg,training/P05/WHITE/W/images/image_000022.jpg,6a87e7b2f1479eb805f59edd44a9e8fe42c09baab509c4fe532a2ab2372e2279,8706,,,true
P05_WHITE_W_000023,P05,WHITE,W,image_000023.jpg,training/P05/WHITE/W/images/image_000023.jpg,3b23a88b475e8c3c65f4239f7d40f3db4a4bb5e784374ef98244da689848010b,7446,,,true
P05_WHITE_W_000024,P05,WHITE,W,image_000024.jpg,training/P05/WHITE/W/images/image_000024.jpg,3b04873a27422a31793e39804f4db3b8c23a8e2cb93160a974a5e88f4a30d26d,7473,,,true
P05_WHITE_W_000025,P05,WHITE,W,image_000025.jpg,training/P05/WHITE/W/images/image_000025.jpg,ca4a3d8e70d6381dfe85ca3e50a300db9d363aabf256c74d9c465b511e00b20c,8183,,,true
P05_WHITE_Y_000001,P05,WHITE,Y,image_000001.jpg,training/P05/WHITE/Y/images/image_000001.jpg,a798d02e7ab709a072f845c33cda59021b6fbf02ec5b688458ee95356ca98778,6643,,,true
P05_WHITE_Y_000002,P05,WHITE,Y,image_000002.jpg,training/P05/WHITE/Y/images/image_000002.jpg,30ad7f8f111969b182798d71fbbaf5b3961e9cb5dd3f40b4defb060283170b2c,6940,,,true
P05_WHITE_Y_000003,P05,WHITE,Y,image_000003.jpg,training/P05/WHITE/Y/images/image_000003.jpg,e43add3c8b952211d569d33c99850f10aaac6e3d5e64b5972315e014e3876105,7553,,,true
P05_WHITE_Y_000004,P05,WHITE,Y,image_000004.jpg,training/P05/WHITE/Y/images/image_000004.jpg,e52f1f819b5ca5e06d01e295fa36b18b356cef65e28d3dee6f61e3acf3703894,7345,,,true
P05_WHITE_Y_000005,P05,WHITE,Y,image_000005.jpg,training/P05/WHITE/Y/images/image_000005.jpg,77c63f2a6b6cd0b2bd7ed8c947268f57b6f4bbdae3a262ef6b0e1ace14fdc5e0,7501,,,true
P05_WHITE_Y_000006,P05,WHITE,Y,image_000006.jpg,training/P05/WHITE/Y/images/image_000006.jpg,bf5ba84556c696f1c42c20584a6622fd545ee1322836c748141da22da50247d1,8103,,,true
P05_WHITE_Y_000007,P05,WHITE,Y,image_000007.jpg,training/P05/WHITE/Y/images/image_000007.jpg,ec827446f5dfc699201ac0fc5c5463d7bc709827f25fc1d0dc07ac5d305e7382,7192,,,true
P05_WHITE_Y_000008,P05,WHITE,Y,image_000008.jpg,training/P05/WHITE/Y/images/image_000008.jpg,acf55981a58e101913dd8385f21ec484df1e291a2da7cfb483deac202b4545a0,7730,,,true
P05_WHITE_Y_000009,P05,WHITE,Y,image_000009.jpg,training/P05/WHITE/Y/images/image_000009.jpg,1709d921af990dcfad257d22b87c18c2275cfabdb1d93e77442f3db08452edbc,6313,,,true
P05_WHITE_Y_000010,P05,WHITE,Y,image_000010.jpg,training/P05/WHITE/Y/images/image_000010.jpg,08a88e4a4b384676f11c6c5624d3252e41a0aba2f674239df255be5026a01a3f,7357,,,true
P05_WHITE_Y_000011,P05,WHITE,Y,image_000011.jpg,training/P05/WHITE/Y/images/image_000011.jpg,e124a9bf90a26f69b89a537bfa933ede421ab701ab524469535cd3b0c8aee339,6660,,,true
P05_WHITE_Y_000012,P05,WHITE,Y,image_000012.jpg,training/P05/WHITE/Y/images/image_000012.jpg,e1c51004ea8326397208a7cf01707137fff8194cc9efee3ca896fefb4883906d,6967,,,true
P05_WHITE_Y_000013,P05,WHITE,Y,image_000013.jpg,training/P05/WHITE/Y/images/image_000013.jpg,6d26228788979311f3db167a17648ca2a27790208c8be4a644e9854fe42b214c,6830,,,true
P05_WHITE_Y_000014,P05,WHITE,Y,image_000014.jpg,training/P05/WHITE/Y/images/image_000014.jpg,50be0078f9fe2bb24d07b82c7c98666818d254f906bf96e581180357e11115eb,6844,,,true
P05_WHITE_Y_000015,P05,WHITE,Y,image_000015.jpg,training/P05/WHITE/Y/images/image_000015.jpg,5b838d4c006e28b05211951458e2ead9cf025445ff9d064b32d94e397bbd5d39,7342,,,true
P05_WHITE_Y_000016,P05,WHITE,Y,image_000016.jpg,training/P05/WHITE/Y/images/image_000016.jpg,6315c34422a717ca5abf8735b4c023265044cc35f69cbe47e6f397993a797a41,6736,,,true
P05_WHITE_Y_000017,P05,WHITE,Y,image_000017.jpg,training/P05/WHITE/Y/images/image_000017.jpg,e3b65fc0005f36521809fc21cf94c80d96f5653b6e2ee2883575144ba6165ff2,6993,,,true
P05_WHITE_Y_000018,P05,WHITE,Y,image_000018.jpg,training/P05/WHITE/Y/images/image_000018.jpg,45c9c6189f7e17e00101c1475491cad1773d18040446e40f9c1c01fcb6e66bab,7555,,,true
P05_WHITE_Y_000019,P05,WHITE,Y,image_000019.jpg,training/P05/WHITE/Y/images/image_000019.jpg,a2559a2b05bd8df3532ad86554374c7ae3f5e9e1386395b4b49d3efed2655c4a,5895,,,true
P05_WHITE_Y_000020,P05,WHITE,Y,image_000020.jpg,training/P05/WHITE/Y/images/image_000020.jpg,f8a4288f1ae3197e6f49d68b76d7a23fcf3792c7e1a0ca8218ddcd4ce6b59456,6414,,,true
P05_WHITE_Y_000021,P05,WHITE,Y,image_000021.jpg,training/P05/WHITE/Y/images/image_000021.jpg,3314df17b415e3e218b5e6ac0ef23a7c7f69785b31d8d91d2ad25ba520654a1b,6918,,,true
P05_WHITE_Y_000022,P05,WHITE,Y,image_000022.jpg,training/P05/WHITE/Y/images/image_000022.jpg,f5aa914262e80d6bdedb32bc1bf76fbfee17168cf7f610d4b8b5f4e7e672061a,6445,,,true
P05_WHITE_Y_000023,P05,WHITE,Y,image_000023.jpg,training/P05/WHITE/Y/images/image_000023.jpg,aec6755ebeca0d75b5ae79e1e0bc3339319c4d971aff113f0a9a6d6128795e94,6970,,,true
P05_WHITE_Y_000024,P05,WHITE,Y,image_000024.jpg,training/P05/WHITE/Y/images/image_000024.jpg,26eb041125f66725e74514ef0baf023ab9737cd64341d6710d3ce78a3e96677f,6390,,,true
P05_WHITE_Y_000025,P05,WHITE,Y,image_000025.jpg,training/P05/WHITE/Y/images/image_000025.jpg,ee2227f7386ab93ea8c03b01c2b34dace6caee9a8a3c9771b8582e70e32dc539,7314,,,true
