take_id,public_subject_id,background,gesture_id,total_frames,evaluated_frames,gesture_frames,no_gesture_frames,no_hand_frames,unannotated_frames,gesture_fraction,no_gesture_fraction,no_hand_fraction,gesture_duration_frames,gesture_duration_s,fps
P01_BLACK_A_take_0001,P01,BLACK,A,157,157,49,108,0,0,0.31210191082802546,0.6878980891719745,0.0,49,2.45,20.0
P01_BLACK_A_take_0002,P01,BLACK,A,156,156,54,102,0,0,0.34615384615384615,0.6538461538461539,0.0,54,2.7,20.0
P01_BLACK_A_take_0003,P01,BLACK,A,161,161,55,106,0,0,0.3416149068322981,0.6583850931677019,0.0,55,2.75,20.0
P01_BLACK_A_take_0004,P01,BLACK,A,155,155,49,106,0,0,0.3161290322580645,0.6838709677419355,0.0,49,2.45,20.0
P01_BLACK_A_take_0005,P01,BLACK,A,155,155,50,105,0,0,0.3225806451612903,0.6774193548387096,0.0,50,2.5,20.0
P01_BLACK_A_take_0006,P01,BLACK,A,160,160,56,104,0,0,0.35,0.65,0.0,56,2.8,20.0
P01_BLACK_A_take_0007,P01,BLACK,A,155,155,50,105,0,0,0.3225806451612903,0.6774193548387096,0.0,50,2.5,20.0
P01_BLACK_A_take_0008,P01,BLACK,A,159,159,52,107,0,0,0.3270440251572327,0.6729559748427673,0.0,52,2.6,20.0
P01_BLACK_A_take_0009,P01,BLACK,A,154,154,53,101,0,0,0.34415584415584416,0.6558441558441559,0.0,53,2.65,20.0
P01_BLACK_A_take_0010,P01,BLACK,A,155,155,48,107,0,0,0.3096774193548387,0.6903225806451613,0.0,48,2.4,20.0
P01_BLACK_B_take_0001,P01,BLACK,B,155,155,50,105,0,0,0.3225806451612903,0.6774193548387096,0.0,50,2.5,20.0
P01_BLACK_B_take_0002,P01,BLACK,B,155,155,52,103,0,0,0.33548387096774196,0.6645161290322581,0.0,52,2.6,20.0
P01_BLACK_B_take_0003,P01,BLACK,B,155,155,51,104,0,0,0.32903225806451614,0.6709677419354839,0.0,51,2.55,20.0
P01_BLACK_B_take_0004,P01,BLACK,B,154,154,50,104,0,0,0.3246753246753247,0.6753246753246753,0.0,50,2.5,20.0
P01_BLACK_B_take_0005,P01,BLACK,B,156,156,46,110,0,0,0.2948717948717949,0.7051282051282052,0.0,46,2.3,20.0
P01_BLACK_B_take_0006,P01,BLACK,B,155,155,50,105,0,0,0.3225806451612903,0.6774193548387096,0.0,50,2.5,20.0
P01_BLACK_B_take_0007,P01,BLACK,B,154,154,55,99,0,0,0.35714285714285715,0.6428571428571429,0.0,55,2.75,20.0
P01_BLACK_B_take_0008,P01,BLACK,B,154,154,49,105,0,0,0.3181818181818182,0.6818181818181818,0.0,49,2.45,20.0
P01_BLACK_B_take_0009,P01,BLACK,B,155,155,48,107,0,0,0.3096774193548387,0.6903225806451613,0.0,48,2.4,20.0
P01_BLACK_B_take_0010,P01,BLACK,B,153,153,48,105,0,0,0.3137254901960784,0.6862745098039216,0.0,48,2.4,20.0
P01_BLACK_C_take_0001,P01,BLACK,C,156,156,50,106,0,0,0.32051282051282054,0.6794871794871795,0.0,50,2.5,20.0
P01_BLACK_C_take_0002,P01,BLACK,C,155,155,51,104,0,0,0.32903225806451614,0.6709677419354839,0.0,51,2.55,20.0
P01_BLACK_C_take_0003,P01,BLACK,C,159,159,51,108,0,0,0.32075471698113206,0.6792452830188679,0.0,51,2.55,20.0
P01_BLACK_C_take_0004,P01,BLACK,C,155,155,50,105,0,0,0.3225806451612903,0.6774193548387096,0.0,50,2.5,20.0
P01_BLACK_C_take_0005,P01,BLACK,C,154,154,48,106,0,0,0.3116883116883117,0.6883116883116883,0.0,48,2.4,20.0
P01_BLACK_C_take_0006,P01,BLACK,C,156,156,55,101,0,0,0.3525641025641026,0.6474358974358975,0.0,55,2.75,20.0
P01_BLACK_C_take_0007,P01,BLACK,C,157,157,50,107,0,0,0.3184713375796178,0.6815286624203821,0.0,50,2.5,20.0
P01_BLACK_C_take_0008,P01,BLACK,C,154,154,54,100,0,0,0.35064935064935066,0.6493506493506493,0.0,54,2.7,20.0
P01_BLACK_C_take_0009,P01,BLACK,C,156,156,51,105,0,0,0.3269230769230769,0.6730769230769231,0.0,51,2.55,20.0
P01_BLACK_C_take_0010,P01,BLACK,C,155,155,55,100,0,0,0.3548387096774194,0.6451612903225806,0.0,55,2.75,20.0
P01_BLACK_E_take_0001,P01,BLACK,E,159,159,50,109,0,0,0.31446540880503143,0.6855345911949685,0.0,50,2.5,20.0
P01_BLACK_E_take_0002,P01,BLACK,E,156,156,50,106,0,0,0.32051282051282054,0.6794871794871795,0.0,50,2.5,20.0
P01_BLACK_E_take_0003,P01,BLACK,E,155,155,55,100,0,0,0.3548387096774194,0.6451612903225806,0.0,55,2.75,20.0
P01_BLACK_E_take_0004,P01,BLACK,E,157,157,50,107,0,0,0.3184713375796178,0.6815286624203821,0.0,50,2.5,20.0
P01_BLACK_E_take_0005,P01,BLACK,E,157,157,52,105,0,0,0.33121019108280253,0.6687898089171974,0.0,52,2.6,20.0
P01_BLACK_E_take_0006,P01,BLACK,E,157,157,52,105,0,0,0.33121019108280253,0.6687898089171974,0.0,52,2.6,20.0
P01_BLACK_E_take_0007,P01,BLACK,E,157,157,60,97,0,0,0.3821656050955414,0.6178343949044586,0.0,60,3.0,20.0
P01_BLACK_E_take_0008,P01,BLACK,E,158,158,50,108,0,0,0.31645569620253167,0.6835443037974683,0.0,50,2.5,20.0
P01_BLACK_E_take_0009,P01,BLACK,E,155,155,50,105,0,0,0.3225806451612903,0.6774193548387096,0.0,50,2.5,20.0
P01_BLACK_E_take_0010,P01,BLACK,E,160,160,48,112,0,0,0.3,0.7,0.0,48,2.4,20.0
P01_BLACK_I_take_0001,P01,BLACK,I,153,153,43,110,0,0,0.28104575163398693,0.7189542483660131,0.0,43,2.15,20.0
P01_BLACK_I_take_0002,P01,BLACK,I,155,155,49,106,0,0,0.3161290322580645,0.6838709677419355,0.0,49,2.45,20.0
P01_BLACK_I_take_0003,P01,BLACK,I,158,158,55,103,0,0,0.34810126582278483,0.6518987341772152,0.0,55,2.75,20.0
P01_BLACK_I_take_0004,P01,BLACK,I,156,156,29,127,0,0,0.1858974358974359,0.8141025641025641,0.0,29,1.45,20.0
P01_BLACK_I_take_0005,P01,BLACK,I,156,156,58,98,0,0,0.3717948717948718,0.6282051282051282,0.0,58,2.9,20.0
P01_BLACK_I_take_0006,P01,BLACK,I,155,155,46,109,0,0,0.2967741935483871,0.7032258064516129,0.0,46,2.3,20.0
P01_BLACK_I_take_0007,P01,BLACK,I,156,156,53,103,0,0,0.33974358974358976,0.6602564102564102,0.0,53,2.65,20.0
P01_BLACK_I_take_0008,P01,BLACK,I,158,158,54,104,0,0,0.34177215189873417,0.6582278481012658,0.0,54,2.7,20.0
P01_BLACK_I_take_0009,P01,BLACK,I,155,155,53,102,0,0,0.3419354838709677,0.6580645161290323,0.0,53,2.65,20.0
P01_BLACK_I_take_0010,P01,BLACK,I,158,158,51,107,0,0,0.3227848101265823,0.6772151898734177,0.0,51,2.55,20.0
P01_BLACK_L_take_0001,P01,BLACK,L,158,158,43,115,0,0,0.2721518987341772,0.7278481012658228,0.0,43,2.15,20.0
P01_BLACK_L_take_0002,P01,BLACK,L,155,155,45,110,0,0,0.2903225806451613,0.7096774193548387,0.0,45,2.25,20.0
P01_BLACK_L_take_0003,P01,BLACK,L,157,157,51,106,0,0,0.3248407643312102,0.6751592356687898,0.0,51,2.55,20.0
P01_BLACK_L_take_0004,P01,BLACK,L,158,158,59,99,0,0,0.37341772151898733,0.6265822784810127,0.0,59,2.95,20.0
P01_BLACK_L_take_0005,P01,BLACK,L,158,158,47,111,0,0,0.2974683544303797,0.7025316455696202,0.0,47,2.35,20.0
P01_BLACK_L_take_0006,P01,BLACK,L,158,158,48,110,0,0,0.3037974683544304,0.6962025316455697,0.0,48,2.4,20.0
P01_BLACK_L_take_0007,P01,BLACK,L,157,157,47,110,0,0,0.29936305732484075,0.7006369426751592,0.0,47,2.35,20.0
P01_BLACK_L_take_0008,P01,BLACK,L,159,159,51,108,0,0,0.32075471698113206,0.6792452830188679,0.0,51,2.55,20.0
P01_BLACK_L_take_0009,P01,BLACK,L,155,155,50,105,0,0,0.3225806451612903,0.6774193548387096,0.0,50,2.5,20.0
P01_BLACK_L_take_0010,P01,BLACK,L,155,155,44,111,0,0,0.2838709677419355,0.7161290322580646,0.0,44,2.2,20.0
P01_BLACK_M_take_0001,P01,BLACK,M,157,157,49,108,0,0,0.31210191082802546,0.6878980891719745,0.0,49,2.45,20.0
P01_BLACK_M_take_0002,P01,BLACK,M,158,158,46,112,0,0,0.2911392405063291,0.7088607594936709,0.0,46,2.3,20.0
P01_BLACK_M_take_0003,P01,BLACK,M,156,156,54,102,0,0,0.34615384615384615,0.6538461538461539,0.0,54,2.7,20.0
P01_BLACK_M_take_0004,P01,BLACK,M,157,157,48,109,0,0,0.3057324840764331,0.6942675159235668,0.0,48,2.4,20.0
P01_BLACK_M_take_0005,P01,BLACK,M,157,157,46,111,0,0,0.2929936305732484,0.7070063694267515,0.0,46,2.3,20.0
P01_BLACK_M_take_0006,P01,BLACK,M,160,160,56,104,0,0,0.35,0.65,0.0,56,2.8,20.0
P01_BLACK_M_take_0007,P01,BLACK,M,155,155,48,107,0,0,0.3096774193548387,0.6903225806451613,0.0,48,2.4,20.0
P01_BLACK_M_take_0008,P01,BLACK,M,162,162,52,110,0,0,0.32098765432098764,0.6790123456790124,0.0,52,2.6,20.0
P01_BLACK_M_take_0009,P01,BLACK,M,155,155,43,112,0,0,0.27741935483870966,0.7225806451612903,0.0,43,2.15,20.0
P01_BLACK_M_take_0010,P01,BLACK,M,158,158,51,107,0,0,0.3227848101265823,0.6772151898734177,0.0,51,2.55,20.0
P01_BLACK_N_take_0001,P01,BLACK,N,158,158,44,114,0,0,0.27848101265822783,0.7215189873417721,0.0,44,2.2,20.0
P01_BLACK_N_take_0002,P01,BLACK,N,155,155,46,109,0,0,0.2967741935483871,0.7032258064516129,0.0,46,2.3,20.0
P01_BLACK_N_take_0003,P01,BLACK,N,155,155,48,107,0,0,0.3096774193548387,0.6903225806451613,0.0,48,2.4,20.0
P01_BLACK_N_take_0004,P01,BLACK,N,157,157,47,110,0,0,0.29936305732484075,0.7006369426751592,0.0,47,2.35,20.0
P01_BLACK_N_take_0005,P01,BLACK,N,160,160,53,107,0,0,0.33125,0.66875,0.0,53,2.65,20.0
P01_BLACK_N_take_0006,P01,BLACK,N,161,161,58,103,0,0,0.36024844720496896,0.639751552795031,0.0,58,2.9,20.0
P01_BLACK_N_take_0007,P01,BLACK,N,158,158,47,111,0,0,0.2974683544303797,0.7025316455696202,0.0,47,2.35,20.0
P01_BLACK_N_take_0008,P01,BLACK,N,155,155,44,111,0,0,0.2838709677419355,0.7161290322580646,0.0,44,2.2,20.0
P01_BLACK_N_take_0009,P01,BLACK,N,156,156,44,112,0,0,0.28205128205128205,0.717948717948718,0.0,44,2.2,20.0
P01_BLACK_N_take_0010,P01,BLACK,N,155,155,40,115,0,0,0.25806451612903225,0.7419354838709677,0.0,40,2.0,20.0
P01_BLACK_O_take_0001,P01,BLACK,O,158,158,58,100,0,0,0.3670886075949367,0.6329113924050633,0.0,58,2.9,20.0
P01_BLACK_O_take_0002,P01,BLACK,O,159,159,60,99,0,0,0.37735849056603776,0.6226415094339622,0.0,60,3.0,20.0
P01_BLACK_O_take_0003,P01,BLACK,O,162,162,59,103,0,0,0.36419753086419754,0.6358024691358025,0.0,59,2.95,20.0
P01_BLACK_O_take_0004,P01,BLACK,O,156,156,51,105,0,0,0.3269230769230769,0.6730769230769231,0.0,51,2.55,20.0
P01_BLACK_O_take_0005,P01,BLACK,O,163,163,61,102,0,0,0.37423312883435583,0.6257668711656442,0.0,61,3.05,20.0
P01_BLACK_O_take_0006,P01,BLACK,O,156,156,48,108,0,0,0.3076923076923077,0.6923076923076923,0.0,48,2.4,20.0
P01_BLACK_O_take_0007,P01,BLACK,O,159,159,55,104,0,0,0.34591194968553457,0.6540880503144654,0.0,55,2.75,20.0
P01_BLACK_O_take_0008,P01,BLACK,O,157,157,50,107,0,0,0.3184713375796178,0.6815286624203821,0.0,50,2.5,20.0
P01_BLACK_O_take_0009,P01,BLACK,O,157,157,56,101,0,0,0.35668789808917195,0.643312101910828,0.0,56,2.8,20.0
P01_BLACK_O_take_0010,P01,BLACK,O,156,156,53,103,0,0,0.33974358974358976,0.6602564102564102,0.0,53,2.65,20.0
P01_BLACK_P_take_0001,P01,BLACK,P,158,158,54,104,0,0,0.34177215189873417,0.6582278481012658,0.0,54,2.7,20.0
P01_BLACK_P_take_0002,P01,BLACK,P,156,156,46,110,0,0,0.2948717948717949,0.7051282051282052,0.0,46,2.3,20.0
P01_BLACK_P_take_0003,P01,BLACK,P,157,157,52,105,0,0,0.33121019108280253,0.6687898089171974,0.0,52,2.6,20.0
P01_BLACK_P_take_0004,P01,BLACK,P,158,158,55,103,0,0,0.34810126582278483,0.6518987341772152,0.0,55,2.75,20.0
P01_BLACK_P_take_0005,P01,BLACK,P,157,157,47,110,0,0,0.29936305732484075,0.7006369426751592,0.0,47,2.35,20.0
P01_BLACK_P_take_0006,P01,BLACK,P,157,157,59,98,0,0,0.37579617834394907,0.6242038216560509,0.0,59,2.95,20.0
P01_BLACK_P_take_0007,P01,BLACK,P,159,159,52,107,0,0,0.3270440251572327,0.6729559748427673,0.0,52,2.6,20.0
P01_BLACK_P_take_0008,P01,BLACK,P,156,156,53,103,0,0,0.33974358974358976,0.6602564102564102,0.0,53,2.65,20.0
P01_BLACK_P_take_0009,P01,BLACK,P,158,158,55,103,0,0,0.34810126582278483,0.6518987341772152,0.0,55,2.75,20.0
P01_BLACK_P_take_0010,P01,BLACK,P,160,160,51,109,0,0,0.31875,0.68125,0.0,51,2.55,20.0
P01_BLACK_R_take_0001,P01,BLACK,R,155,155,47,108,0,0,0.3032258064516129,0.6967741935483871,0.0,47,2.35,20.0
P01_BLACK_R_take_0002,P01,BLACK,R,153,153,58,95,0,0,0.3790849673202614,0.6209150326797386,0.0,58,2.9,20.0
P01_BLACK_R_take_0003,P01,BLACK,R,155,155,47,108,0,0,0.3032258064516129,0.6967741935483871,0.0,47,2.35,20.0
P01_BLACK_R_take_0004,P01,BLACK,R,156,156,39,117,0,0,0.25,0.75,0.0,39,1.95,20.0
P01_BLACK_R_take_0005,P01,BLACK,R,156,156,51,105,0,0,0.3269230769230769,0.6730769230769231,0.0,51,2.55,20.0
P01_BLACK_R_take_0006,P01,BLACK,R,156,156,49,107,0,0,0.3141025641025641,0.6858974358974359,0.0,49,2.45,20.0
P01_BLACK_R_take_0007,P01,BLACK,R,156,156,48,108,0,0,0.3076923076923077,0.6923076923076923,0.0,48,2.4,20.0
P01_BLACK_R_take_0008,P01,BLACK,R,156,156,50,106,0,0,0.32051282051282054,0.6794871794871795,0.0,50,2.5,20.0
P01_BLACK_R_take_0009,P01,BLACK,R,157,157,47,110,0,0,0.29936305732484075,0.7006369426751592,0.0,47,2.35,20.0
P01_BLACK_R_take_0010,P01,BLACK,R,161,161,48,113,0,0,0.2981366459627329,0.7018633540372671,0.0,48,2.4,20.0
P01_BLACK_S_take_0001,P01,BLACK,S,162,162,55,107,0,0,0.3395061728395062,0.6604938271604939,0.0,55,2.75,20.0
P01_BLACK_S_take_0002,P01,BLACK,S,158,158,60,98,0,0,0.379746835443038,0.620253164556962,0.0,60,3.0,20.0
P01_BLACK_S_take_0003,P01,BLACK,S,160,160,58,102,0,0,0.3625,0.6375,0.0,58,2.9,20.0
P01_BLACK_S_take_0004,P01,BLACK,S,157,157,50,107,0,0,0.3184713375796178,0.6815286624203821,0.0,50,2.5,20.0
P01_BLACK_S_take_0005,P01,BLACK,S,161,161,53,108,0,0,0.32919254658385094,0.6708074534161491,0.0,53,2.65,20.0
P01_BLACK_S_take_0006,P01,BLACK,S,157,157,51,106,0,0,0.3248407643312102,0.6751592356687898,0.0,51,2.55,20.0
P01_BLACK_S_take_0007,P01,BLACK,S,160,160,52,108,0,0,0.325,0.675,0.0,52,2.6,20.0
P01_BLACK_S_take_0008,P01,BLACK,S,159,159,50,109,0,0,0.31446540880503143,0.6855345911949685,0.0,50,2.5,20.0
P01_BLACK_S_take_0009,P01,BLACK,S,158,158,60,98,0,0,0.379746835443038,0.620253164556962,0.0,60,3.0,20.0
P01_BLACK_S_take_0010,P01,BLACK,S,158,158,54,104,0,0,0.34177215189873417,0.6582278481012658,0.0,54,2.7,20.0
P01_BLACK_T_take_0001,P01,BLACK,T,164,164,58,106,0,0,0.35365853658536583,0.6463414634146342,0.0,58,2.9,20.0
P01_BLACK_T_take_0002,P01,BLACK,T,157,157,52,105,0,0,0.33121019108280253,0.6687898089171974,0.0,52,2.6,20.0
P01_BLACK_T_take_0003,P01,BLACK,T,156,156,49,107,0,0,0.3141025641025641,0.6858974358974359,0.0,49,2.45,20.0
P01_BLACK_T_take_0004,P01,BLACK,T,155,155,46,109,0,0,0.2967741935483871,0.7032258064516129,0.0,46,2.3,20.0
P01_BLACK_T_take_0005,P01,BLACK,T,157,157,50,107,0,0,0.3184713375796178,0.6815286624203821,0.0,50,2.5,20.0
P01_BLACK_T_take_0006,P01,BLACK,T,155,155,40,115,0,0,0.25806451612903225,0.7419354838709677,0.0,40,2.0,20.0
P01_BLACK_T_take_0007,P01,BLACK,T,156,156,48,108,0,0,0.3076923076923077,0.6923076923076923,0.0,48,2.4,20.0
P01_BLACK_T_take_0008,P01,BLACK,T,156,156,53,103,0,0,0.33974358974358976,0.6602564102564102,0.0,53,2.65,20.0
P01_BLACK_T_take_0009,P01,BLACK,T,155,155,52,103,0,0,0.33548387096774196,0.6645161290322581,0.0,52,2.6,20.0
P01_BLACK_T_take_0010,P01,BLACK,T,156,156,54,102,0,0,0.34615384615384615,0.6538461538461539,0.0,54,2.7,20.0
P01_BLACK_U_take_0001,P01,BLACK,U,155,155,45,110,0,0,0.2903225806451613,0.7096774193548387,0.0,45,2.25,20.0
P01_BLACK_U_take_0002,P01,BLACK,U,154,154,46,108,0,0,0.2987012987012987,0.7012987012987013,0.0,46,2.3,20.0
P01_BLACK_U_take_0003,P01,BLACK,U,155,155,48,107,0,0,0.3096774193548387,0.6903225806451613,0.0,48,2.4,20.0
P01_BLACK_U_take_0004,P01,BLACK,U,154,154,45,109,0,0,0.2922077922077922,0.7077922077922078,0.0,45,2.25,20.0
P01_BLACK_U_take_0005,P01,BLACK,U,152,152,46,106,0,0,0.3026315789473684,0.6973684210526315,0.0,46,2.3,20.0
P01_BLACK_U_take_0006,P01,BLACK,U,154,154,46,108,0,0,0.2987012987012987,0.7012987012987013,0.0,46,2.3,20.0
P01_BLACK_U_take_0007,P01,BLACK,U,152,152,46,106,0,0,0.3026315789473684,0.6973684210526315,0.0,46,2.3,20.0
P01_BLACK_U_take_0008,P01,BLACK,U,155,155,46,109,0,0,0.2967741935483871,0.7032258064516129,0.0,46,2.3,20.0
P01_BLACK_U_take_0009,P01,BLACK,U,153,153,47,106,0,0,0.30718954248366015,0.6928104575163399,0.0,47,2.35,20.0
P01_BLACK_U_take_0010,P01,BLACK,U,151,151,43,108,0,0,0.2847682119205298,0.7152317880794702,0.0,43,2.15,20.0
P01_BLACK_V_take_0001,P01,BLACK,V,155,155,51,104,0,0,0.32903225806451614,0.6709677419354839,0.0,51,2.55,20.0
P01_BLACK_V_take_0002,P01,BLACK,V,156,156,52,104,0,0,0.3333333333333333,0.6666666666666666,0.0,52,2.6,20.0
P01_BLACK_V_take_0003,P01,BLACK,V,160,160,46,114,0,0,0.2875,0.7125,0.0,46,2.3,20.0
P01_BLACK_V_take_0004,P01,BLACK,V,159,159,58,101,0,0,0.36477987421383645,0.6352201257861635,0.0,58,2.9,20.0
P01_BLACK_V_take_0005,P01,BLACK,V,157,157,50,107,0,0,0.3184713375796178,0.6815286624203821,0.0,50,2.5,20.0
P01_BLACK_V_take_0006,P01,BLACK,V,158,158,52,106,0,0,0.3291139240506329,0.6708860759493671,0.0,52,2.6,20.0
P01_BLACK_V_take_0007,P01,BLACK,V,159,159,45,114,0,0,0.2830188679245283,0.7169811320754716,0.0,45,2.25,20.0
P01_BLACK_V_take_0008,P01,BLACK,V,156,156,53,103,0,0,0.33974358974358976,0.6602564102564102,0.0,53,2.65,20.0
P01_BLACK_V_take_0009,P01,BLACK,V,158,158,48,110,0,0,0.3037974683544304,0.6962025316455697,0.0,48,2.4,20.0
P01_BLACK_V_take_0010,P01,BLACK,V,160,160,51,109,0,0,0.31875,0.68125,0.0,51,2.55,20.0
P01_BLACK_W_take_0001,P01,BLACK,W,156,156,51,105,0,0,0.3269230769230769,0.6730769230769231,0.0,51,2.55,20.0
P01_BLACK_W_take_0002,P01,BLACK,W,156,156,52,104,0,0,0.3333333333333333,0.6666666666666666,0.0,52,2.6,20.0
P01_BLACK_W_take_0003,P01,BLACK,W,158,158,53,105,0,0,0.33544303797468356,0.6645569620253164,0.0,53,2.65,20.0
P01_BLACK_W_take_0004,P01,BLACK,W,157,157,47,110,0,0,0.29936305732484075,0.7006369426751592,0.0,47,2.35,20.0
P01_BLACK_W_take_0005,P01,BLACK,W,156,156,54,102,0,0,0.34615384615384615,0.6538461538461539,0.0,54,2.7,20.0
P01_BLACK_W_take_0006,P01,BLACK,W,155,155,56,99,0,0,0.36129032258064514,0.6387096774193548,0.0,56,2.8,20.0
P01_BLACK_W_take_0007,P01,BLACK,W,156,156,47,109,0,0,0.30128205128205127,0.6987179487179487,0.0,47,2.35,20.0
P01_BLACK_W_take_0008,P01,BLACK,W,155,155,45,110,0,0,0.2903225806451613,0.7096774193548387,0.0,45,2.25,20.0
P01_BLACK_W_take_0009,P01,BLACK,W,155,155,51,104,0,0,0.32903225806451614,0.6709677419354839,0.0,51,2.55,20.0
P01_BLACK_W_take_0010,P01,BLACK,W,155,155,55,100,0,0,0.3548387096774194,0.6451612903225806,0.0,55,2.75,20.0
P01_BLACK_Y_take_0001,P01,BLACK,Y,159,159,49,110,0,0,0.3081761006289308,0.6918238993710691,0.0,49,2.45,20.0
P01_BLACK_Y_take_0002,P01,BLACK,Y,158,158,54,104,0,0,0.34177215189873417,0.6582278481012658,0.0,54,2.7,20.0
P01_BLACK_Y_take_0003,P01,BLACK,Y,161,161,47,114,0,0,0.2919254658385093,0.7080745341614907,0.0,47,2.35,20.0
P01_BLACK_Y_take_0004,P01,BLACK,Y,157,157,51,106,0,0,0.3248407643312102,0.6751592356687898,0.0,51,2.55,20.0
P01_BLACK_Y_take_0005,P01,BLACK,Y,160,160,55,105,0,0,0.34375,0.65625,0.0,55,2.75,20.0
P01_BLACK_Y_take_0006,P01,BLACK,Y,163,163,56,107,0,0,0.34355828220858897,0.656441717791411,0.0,56,2.8,20.0
P01_BLACK_Y_take_0007,P01,BLACK,Y,159,159,45,114,0,0,0.2830188679245283,0.7169811320754716,0.0,45,2.25,20.0
P01_BLACK_Y_take_0008,P01,BLACK,Y,157,157,47,110,0,0,0.29936305732484075,0.7006369426751592,0.0,47,2.35,20.0
P01_BLACK_Y_take_0009,P01,BLACK,Y,161,161,57,104,0,0,0.35403726708074534,0.6459627329192547,0.0,57,2.85,20.0
P01_BLACK_Y_take_0010,P01,BLACK,Y,161,161,50,111,0,0,0.3105590062111801,0.6894409937888198,0.0,50,2.5,20.0
P01_BLUE_A_take_0001,P01,BLUE,A,165,165,53,112,0,0,0.3212121212121212,0.6787878787878788,0.0,53,2.65,20.0
P01_BLUE_A_take_0002,P01,BLUE,A,166,166,47,119,0,0,0.28313253012048195,0.7168674698795181,0.0,47,2.35,20.0
P01_BLUE_A_take_0003,P01,BLUE,A,164,164,51,113,0,0,0.31097560975609756,0.6890243902439024,0.0,51,2.55,20.0
P01_BLUE_A_take_0004,P01,BLUE,A,160,160,57,103,0,0,0.35625,0.64375,0.0,57,2.85,20.0
P01_BLUE_A_take_0005,P01,BLUE,A,157,157,46,111,0,0,0.2929936305732484,0.7070063694267515,0.0,46,2.3,20.0
P01_BLUE_A_take_0006,P01,BLUE,A,161,161,47,114,0,0,0.2919254658385093,0.7080745341614907,0.0,47,2.35,20.0
P01_BLUE_A_take_0007,P01,BLUE,A,168,168,55,113,0,0,0.3273809523809524,0.6726190476190477,0.0,55,2.75,20.0
P01_BLUE_A_take_0008,P01,BLUE,A,165,165,47,118,0,0,0.28484848484848485,0.7151515151515152,0.0,47,2.35,20.0
P01_BLUE_A_take_0009,P01,BLUE,A,165,165,51,114,0,0,0.3090909090909091,0.6909090909090909,0.0,51,2.55,20.0
P01_BLUE_A_take_0010,P01,BLUE,A,166,166,53,113,0,0,0.3192771084337349,0.6807228915662651,0.0,53,2.65,20.0
P01_BLUE_B_take_0001,P01,BLUE,B,164,164,45,119,0,0,0.27439024390243905,0.725609756097561,0.0,45,2.25,20.0
P01_BLUE_B_take_0002,P01,BLUE,B,163,163,50,113,0,0,0.3067484662576687,0.6932515337423313,0.0,50,2.5,20.0
P01_BLUE_B_take_0003,P01,BLUE,B,163,163,51,112,0,0,0.3128834355828221,0.6871165644171779,0.0,51,2.55,20.0
P01_BLUE_B_take_0004,P01,BLUE,B,165,165,50,115,0,0,0.30303030303030304,0.696969696969697,0.0,50,2.5,20.0
P01_BLUE_B_take_0005,P01,BLUE,B,163,163,49,114,0,0,0.3006134969325153,0.6993865030674846,0.0,49,2.45,20.0
P01_BLUE_B_take_0006,P01,BLUE,B,158,158,49,109,0,0,0.310126582278481,0.689873417721519,0.0,49,2.45,20.0
P01_BLUE_B_take_0007,P01,BLUE,B,161,161,51,110,0,0,0.3167701863354037,0.6832298136645962,0.0,51,2.55,20.0
P01_BLUE_B_take_0008,P01,BLUE,B,159,159,50,109,0,0,0.31446540880503143,0.6855345911949685,0.0,50,2.5,20.0
P01_BLUE_B_take_0009,P01,BLUE,B,164,164,51,113,0,0,0.31097560975609756,0.6890243902439024,0.0,51,2.55,20.0
P01_BLUE_B_take_0010,P01,BLUE,B,163,163,43,120,0,0,0.26380368098159507,0.7361963190184049,0.0,43,2.15,20.0
P01_BLUE_C_take_0001,P01,BLUE,C,166,166,41,125,0,0,0.2469879518072289,0.7530120481927711,0.0,41,2.05,20.0
P01_BLUE_C_take_0002,P01,BLUE,C,161,161,46,115,0,0,0.2857142857142857,0.7142857142857143,0.0,46,2.3,20.0
P01_BLUE_C_take_0003,P01,BLUE,C,161,161,49,112,0,0,0.30434782608695654,0.6956521739130435,0.0,49,2.45,20.0
P01_BLUE_C_take_0004,P01,BLUE,C,162,162,56,106,0,0,0.345679012345679,0.654320987654321,0.0,56,2.8,20.0
P01_BLUE_C_take_0005,P01,BLUE,C,165,165,55,110,0,0,0.3333333333333333,0.6666666666666666,0.0,55,2.75,20.0
P01_BLUE_C_take_0006,P01,BLUE,C,163,163,43,120,0,0,0.26380368098159507,0.7361963190184049,0.0,43,2.15,20.0
P01_BLUE_C_take_0007,P01,BLUE,C,164,164,49,115,0,0,0.29878048780487804,0.7012195121951219,0.0,49,2.45,20.0
P01_BLUE_C_take_0008,P01,BLUE,C,161,161,50,111,0,0,0.3105590062111801,0.6894409937888198,0.0,50,2.5,20.0
P01_BLUE_C_take_0009,P01,BLUE,C,158,158,38,120,0,0,0.24050632911392406,0.759493670886076,0.0,38,1.9,20.0
P01_BLUE_C_take_0010,P01,BLUE,C,159,159,54,105,0,0,0.33962264150943394,0.660377358490566,0.0,54,2.7,20.0
P01_BLUE_E_take_0001,P01,BLUE,E,164,164,43,121,0,0,0.2621951219512195,0.7378048780487805,0.0,43,2.15,20.0
P01_BLUE_E_take_0002,P01,BLUE,E,163,163,38,125,0,0,0.2331288343558282,0.7668711656441718,0.0,38,1.9,20.0
P01_BLUE_E_take_0003,P01,BLUE,E,165,165,47,118,0,0,0.28484848484848485,0.7151515151515152,0.0,47,2.35,20.0
P01_BLUE_E_take_0004,P01,BLUE,E,165,165,48,117,0,0,0.2909090909090909,0.7090909090909091,0.0,48,2.4,20.0
P01_BLUE_E_take_0005,P01,BLUE,E,167,167,43,124,0,0,0.25748502994011974,0.7425149700598802,0.0,43,2.15,20.0
P01_BLUE_E_take_0006,P01,BLUE,E,162,162,48,114,0,0,0.2962962962962963,0.7037037037037037,0.0,48,2.4,20.0
P01_BLUE_E_take_0007,P01,BLUE,E,166,166,52,114,0,0,0.3132530120481928,0.6867469879518072,0.0,52,2.6,20.0
P01_BLUE_E_take_0008,P01,BLUE,E,164,164,41,123,0,0,0.25,0.75,0.0,41,2.05,20.0
P01_BLUE_E_take_0009,P01,BLUE,E,169,169,39,130,0,0,0.23076923076923078,0.7692307692307693,0.0,39,1.95,20.0
P01_BLUE_E_take_0010,P01,BLUE,E,165,165,45,120,0,0,0.2727272727272727,0.7272727272727273,0.0,45,2.25,20.0
P01_BLUE_I_take_0001,P01,BLUE,I,162,162,54,108,0,0,0.3333333333333333,0.6666666666666666,0.0,54,2.7,20.0
P01_BLUE_I_take_0002,P01,BLUE,I,166,166,51,115,0,0,0.3072289156626506,0.6927710843373494,0.0,51,2.55,20.0
P01_BLUE_I_take_0003,P01,BLUE,I,170,170,56,114,0,0,0.32941176470588235,0.6705882352941176,0.0,56,2.8,20.0
P01_BLUE_I_take_0004,P01,BLUE,I,161,161,61,100,0,0,0.37888198757763975,0.6211180124223602,0.0,61,3.05,20.0
P01_BLUE_I_take_0005,P01,BLUE,I,164,164,98,66,0,0,0.5975609756097561,0.4024390243902439,0.0,98,4.9,20.0
P01_BLUE_I_take_0006,P01,BLUE,I,168,168,25,143,0,0,0.1488095238095238,0.8511904761904762,0.0,25,1.25,20.0
P01_BLUE_I_take_0007,P01,BLUE,I,162,162,47,115,0,0,0.29012345679012347,0.7098765432098766,0.0,47,2.35,20.0
P01_BLUE_I_take_0008,P01,BLUE,I,165,165,62,103,0,0,0.37575757575757573,0.6242424242424243,0.0,62,3.1,20.0
P01_BLUE_I_take_0009,P01,BLUE,I,166,166,46,120,0,0,0.27710843373493976,0.7228915662650602,0.0,46,2.3,20.0
P01_BLUE_I_take_0010,P01,BLUE,I,162,162,49,113,0,0,0.30246913580246915,0.6975308641975309,0.0,49,2.45,20.0
P01_BLUE_L_take_0001,P01,BLUE,L,164,164,48,116,0,0,0.2926829268292683,0.7073170731707317,0.0,48,2.4,20.0
P01_BLUE_L_take_0002,P01,BLUE,L,164,164,48,116,0,0,0.2926829268292683,0.7073170731707317,0.0,48,2.4,20.0
P01_BLUE_L_take_0003,P01,BLUE,L,165,165,56,109,0,0,0.3393939393939394,0.6606060606060606,0.0,56,2.8,20.0
P01_BLUE_L_take_0004,P01,BLUE,L,164,164,54,110,0,0,0.32926829268292684,0.6707317073170732,0.0,54,2.7,20.0
P01_BLUE_L_take_0005,P01,BLUE,L,166,166,62,104,0,0,0.37349397590361444,0.6265060240963856,0.0,62,3.1,20.0
P01_BLUE_L_take_0006,P01,BLUE,L,170,170,50,120,0,0,0.29411764705882354,0.7058823529411765,0.0,50,2.5,20.0
P01_BLUE_L_take_0007,P01,BLUE,L,167,167,49,118,0,0,0.2934131736526946,0.7065868263473054,0.0,49,2.45,20.0
P01_BLUE_L_take_0008,P01,BLUE,L,167,167,53,114,0,0,0.31736526946107785,0.6826347305389222,0.0,53,2.65,20.0
P01_BLUE_L_take_0009,P01,BLUE,L,166,166,51,115,0,0,0.3072289156626506,0.6927710843373494,0.0,51,2.55,20.0
P01_BLUE_L_take_0010,P01,BLUE,L,166,166,53,113,0,0,0.3192771084337349,0.6807228915662651,0.0,53,2.65,20.0
P01_BLUE_M_take_0001,P01,BLUE,M,172,172,55,117,0,0,0.31976744186046513,0.6802325581395349,0.0,55,2.75,20.0
P01_BLUE_M_take_0002,P01,BLUE,M,164,164,43,121,0,0,0.2621951219512195,0.7378048780487805,0.0,43,2.15,20.0
P01_BLUE_M_take_0003,P01,BLUE,M,166,166,54,112,0,0,0.3253012048192771,0.6746987951807228,0.0,54,2.7,20.0
P01_BLUE_M_take_0004,P01,BLUE,M,163,163,52,111,0,0,0.31901840490797545,0.6809815950920245,0.0,52,2.6,20.0
P01_BLUE_M_take_0005,P01,BLUE,M,164,164,41,123,0,0,0.25,0.75,0.0,41,2.05,20.0
P01_BLUE_M_take_0006,P01,BLUE,M,164,164,44,120,0,0,0.2682926829268293,0.7317073170731707,0.0,44,2.2,20.0
P01_BLUE_M_take_0007,P01,BLUE,M,164,164,50,114,0,0,0.3048780487804878,0.6951219512195121,0.0,50,2.5,20.0
P01_BLUE_M_take_0008,P01,BLUE,M,166,166,46,120,0,0,0.27710843373493976,0.7228915662650602,0.0,46,2.3,20.0
P01_BLUE_M_take_0009,P01,BLUE,M,164,164,51,113,0,0,0.31097560975609756,0.6890243902439024,0.0,51,2.55,20.0
P01_BLUE_M_take_0010,P01,BLUE,M,160,160,45,115,0,0,0.28125,0.71875,0.0,45,2.25,20.0
P01_BLUE_N_take_0001,P01,BLUE,N,160,160,55,105,0,0,0.34375,0.65625,0.0,55,2.75,20.0
P01_BLUE_N_take_0002,P01,BLUE,N,163,163,47,116,0,0,0.2883435582822086,0.7116564417177914,0.0,47,2.35,20.0
P01_BLUE_N_take_0003,P01,BLUE,N,166,166,51,115,0,0,0.3072289156626506,0.6927710843373494,0.0,51,2.55,20.0
P01_BLUE_N_take_0004,P01,BLUE,N,163,163,46,117,0,0,0.2822085889570552,0.7177914110429447,0.0,46,2.3,20.0
P01_BLUE_N_take_0005,P01,BLUE,N,169,169,47,122,0,0,0.2781065088757396,0.7218934911242604,0.0,47,2.35,20.0
P01_BLUE_N_take_0006,P01,BLUE,N,166,166,47,119,0,0,0.28313253012048195,0.7168674698795181,0.0,47,2.35,20.0
P01_BLUE_N_take_0007,P01,BLUE,N,165,165,46,119,0,0,0.2787878787878788,0.7212121212121212,0.0,46,2.3,20.0
P01_BLUE_N_take_0008,P01,BLUE,N,163,163,45,118,0,0,0.27607361963190186,0.7239263803680982,0.0,45,2.25,20.0
P01_BLUE_N_take_0009,P01,BLUE,N,166,166,48,118,0,0,0.2891566265060241,0.7108433734939759,0.0,48,2.4,20.0
P01_BLUE_N_take_0010,P01,BLUE,N,170,170,48,122,0,0,0.2823529411764706,0.7176470588235294,0.0,48,2.4,20.0
P01_BLUE_O_take_0001,P01,BLUE,O,167,167,46,121,0,0,0.2754491017964072,0.7245508982035929,0.0,46,2.3,20.0
P01_BLUE_O_take_0002,P01,BLUE,O,166,166,49,117,0,0,0.29518072289156627,0.7048192771084337,0.0,49,2.45,20.0
P01_BLUE_O_take_0003,P01,BLUE,O,170,170,53,117,0,0,0.31176470588235294,0.6882352941176471,0.0,53,2.65,20.0
P01_BLUE_O_take_0004,P01,BLUE,O,165,165,27,138,0,0,0.16363636363636364,0.8363636363636363,0.0,27,1.35,20.0
P01_BLUE_O_take_0005,P01,BLUE,O,163,163,51,112,0,0,0.3128834355828221,0.6871165644171779,0.0,51,2.55,20.0
P01_BLUE_O_take_0006,P01,BLUE,O,165,165,43,122,0,0,0.2606060606060606,0.7393939393939394,0.0,43,2.15,20.0
P01_BLUE_O_take_0007,P01,BLUE,O,164,164,43,121,0,0,0.2621951219512195,0.7378048780487805,0.0,43,2.15,20.0
P01_BLUE_O_take_0008,P01,BLUE,O,160,160,45,115,0,0,0.28125,0.71875,0.0,45,2.25,20.0
P01_BLUE_O_take_0009,P01,BLUE,O,165,165,46,119,0,0,0.2787878787878788,0.7212121212121212,0.0,46,2.3,20.0
P01_BLUE_O_take_0010,P01,BLUE,O,164,164,46,118,0,0,0.2804878048780488,0.7195121951219512,0.0,46,2.3,20.0
P01_BLUE_P_take_0001,P01,BLUE,P,165,165,40,125,0,0,0.24242424242424243,0.7575757575757576,0.0,40,2.0,20.0
P01_BLUE_P_take_0002,P01,BLUE,P,165,165,55,110,0,0,0.3333333333333333,0.6666666666666666,0.0,55,2.75,20.0
P01_BLUE_P_take_0003,P01,BLUE,P,163,163,49,114,0,0,0.3006134969325153,0.6993865030674846,0.0,49,2.45,20.0
P01_BLUE_P_take_0004,P01,BLUE,P,165,165,46,119,0,0,0.2787878787878788,0.7212121212121212,0.0,46,2.3,20.0
P01_BLUE_P_take_0005,P01,BLUE,P,165,165,48,117,0,0,0.2909090909090909,0.7090909090909091,0.0,48,2.4,20.0
P01_BLUE_P_take_0006,P01,BLUE,P,161,161,46,115,0,0,0.2857142857142857,0.7142857142857143,0.0,46,2.3,20.0
P01_BLUE_P_take_0007,P01,BLUE,P,164,164,59,105,0,0,0.3597560975609756,0.6402439024390244,0.0,59,2.95,20.0
P01_BLUE_P_take_0008,P01,BLUE,P,167,167,50,117,0,0,0.2994011976047904,0.7005988023952096,0.0,50,2.5,20.0
P01_BLUE_P_take_0009,P01,BLUE,P,163,163,52,111,0,0,0.31901840490797545,0.6809815950920245,0.0,52,2.6,20.0
P01_BLUE_P_take_0010,P01,BLUE,P,162,162,48,114,0,0,0.2962962962962963,0.7037037037037037,0.0,48,2.4,20.0
P01_BLUE_R_take_0001,P01,BLUE,R,164,164,35,129,0,0,0.21341463414634146,0.7865853658536586,0.0,35,1.75,20.0
P01_BLUE_R_take_0002,P01,BLUE,R,165,165,46,119,0,0,0.2787878787878788,0.7212121212121212,0.0,46,2.3,20.0
P01_BLUE_R_take_0003,P01,BLUE,R,164,164,38,126,0,0,0.23170731707317074,0.7682926829268293,0.0,38,1.9,20.0
P01_BLUE_R_take_0004,P01,BLUE,R,164,164,50,114,0,0,0.3048780487804878,0.6951219512195121,0.0,50,2.5,20.0
P01_BLUE_R_take_0005,P01,BLUE,R,160,160,46,114,0,0,0.2875,0.7125,0.0,46,2.3,20.0
P01_BLUE_R_take_0006,P01,BLUE,R,163,163,52,111,0,0,0.31901840490797545,0.6809815950920245,0.0,52,2.6,20.0
P01_BLUE_R_take_0007,P01,BLUE,R,167,167,52,115,0,0,0.31137724550898205,0.688622754491018,0.0,52,2.6,20.0
P01_BLUE_R_take_0008,P01,BLUE,R,159,159,58,101,0,0,0.36477987421383645,0.6352201257861635,0.0,58,2.9,20.0
P01_BLUE_R_take_0009,P01,BLUE,R,163,163,44,119,0,0,0.26993865030674846,0.7300613496932515,0.0,44,2.2,20.0
P01_BLUE_R_take_0010,P01,BLUE,R,160,160,43,117,0,0,0.26875,0.73125,0.0,43,2.15,20.0
P01_BLUE_S_take_0001,P01,BLUE,S,166,166,50,116,0,0,0.30120481927710846,0.6987951807228916,0.0,50,2.5,20.0
P01_BLUE_S_take_0002,P01,BLUE,S,165,165,53,112,0,0,0.3212121212121212,0.6787878787878788,0.0,53,2.65,20.0
P01_BLUE_S_take_0003,P01,BLUE,S,163,163,51,112,0,0,0.3128834355828221,0.6871165644171779,0.0,51,2.55,20.0
P01_BLUE_S_take_0004,P01,BLUE,S,164,164,51,113,0,0,0.31097560975609756,0.6890243902439024,0.0,51,2.55,20.0
P01_BLUE_S_take_0005,P01,BLUE,S,172,172,61,111,0,0,0.3546511627906977,0.6453488372093024,0.0,61,3.05,20.0
P01_BLUE_S_take_0006,P01,BLUE,S,175,175,51,124,0,0,0.2914285714285714,0.7085714285714285,0.0,51,2.55,20.0
P01_BLUE_S_take_0007,P01,BLUE,S,172,172,50,122,0,0,0.29069767441860467,0.7093023255813954,0.0,50,2.5,20.0
P01_BLUE_S_take_0008,P01,BLUE,S,175,175,50,125,0,0,0.2857142857142857,0.7142857142857143,0.0,50,2.5,20.0
P01_BLUE_S_take_0009,P01,BLUE,S,167,167,42,125,0,0,0.25149700598802394,0.7485029940119761,0.0,42,2.1,20.0
P01_BLUE_S_take_0010,P01,BLUE,S,165,165,44,121,0,0,0.26666666666666666,0.7333333333333333,0.0,44,2.2,20.0
P01_BLUE_T_take_0001,P01,BLUE,T,165,165,49,116,0,0,0.296969696969697,0.703030303030303,0.0,49,2.45,20.0
P01_BLUE_T_take_0002,P01,BLUE,T,176,176,55,121,0,0,0.3125,0.6875,0.0,55,2.75,20.0
P01_BLUE_T_take_0003,P01,BLUE,T,167,167,60,107,0,0,0.3592814371257485,0.6407185628742516,0.0,60,3.0,20.0
P01_BLUE_T_take_0004,P01,BLUE,T,169,169,51,118,0,0,0.30177514792899407,0.6982248520710059,0.0,51,2.55,20.0
P01_BLUE_T_take_0005,P01,BLUE,T,167,167,52,115,0,0,0.31137724550898205,0.688622754491018,0.0,52,2.6,20.0
P01_BLUE_T_take_0006,P01,BLUE,T,169,169,50,119,0,0,0.2958579881656805,0.7041420118343196,0.0,50,2.5,20.0
P01_BLUE_T_take_0007,P01,BLUE,T,167,167,57,110,0,0,0.3413173652694611,0.6586826347305389,0.0,57,2.85,20.0
P01_BLUE_T_take_0008,P01,BLUE,T,168,168,42,126,0,0,0.25,0.75,0.0,42,2.1,20.0
P01_BLUE_T_take_0009,P01,BLUE,T,167,167,52,115,0,0,0.31137724550898205,0.688622754491018,0.0,52,2.6,20.0
P01_BLUE_T_take_0010,P01,BLUE,T,166,166,44,122,0,0,0.26506024096385544,0.7349397590361446,0.0,44,2.2,20.0
P01_BLUE_U_take_0001,P01,BLUE,U,163,163,40,123,0,0,0.24539877300613497,0.754601226993865,0.0,40,2.0,20.0
P01_BLUE_U_take_0002,P01,BLUE,U,162,162,51,111,0,0,0.3148148148148148,0.6851851851851852,0.0,51,2.55,20.0
P01_BLUE_U_take_0003,P01,BLUE,U,158,158,49,109,0,0,0.310126582278481,0.689873417721519,0.0,49,2.45,20.0
P01_BLUE_U_take_0004,P01,BLUE,U,160,160,45,115,0,0,0.28125,0.71875,0.0,45,2.25,20.0
P01_BLUE_U_take_0005,P01,BLUE,U,163,163,45,118,0,0,0.27607361963190186,0.7239263803680982,0.0,45,2.25,20.0
P01_BLUE_U_take_0006,P01,BLUE,U,164,164,39,125,0,0,0.23780487804878048,0.7621951219512195,0.0,39,1.95,20.0
P01_BLUE_U_take_0007,P01,BLUE,U,163,163,55,108,0,0,0.3374233128834356,0.6625766871165644,0.0,55,2.75,20.0
P01_BLUE_U_take_0008,P01,BLUE,U,162,162,52,110,0,0,0.32098765432098764,0.6790123456790124,0.0,52,2.6,20.0
P01_BLUE_U_take_0009,P01,BLUE,U,163,163,42,121,0,0,0.25766871165644173,0.7423312883435583,0.0,42,2.1,20.0
P01_BLUE_U_take_0010,P01,BLUE,U,163,163,45,118,0,0,0.27607361963190186,0.7239263803680982,0.0,45,2.25,20.0
P01_BLUE_V_take_0001,P01,BLUE,V,167,167,52,115,0,0,0.31137724550898205,0.688622754491018,0.0,52,2.6,20.0
P01_BLUE_V_take_0002,P01,BLUE,V,165,165,52,113,0,0,0.3151515151515151,0.6848484848484848,0.0,52,2.6,20.0
P01_BLUE_V_take_0003,P01,BLUE,V,164,164,51,113,0,0,0.31097560975609756,0.6890243902439024,0.0,51,2.55,20.0
P01_BLUE_V_take_0004,P01,BLUE,V,161,161,47,114,0,0,0.2919254658385093,0.7080745341614907,0.0,47,2.35,20.0
P01_BLUE_V_take_0005,P01,BLUE,V,164,164,47,117,0,0,0.2865853658536585,0.7134146341463414,0.0,47,2.35,20.0
P01_BLUE_V_take_0006,P01,BLUE,V,162,162,54,108,0,0,0.3333333333333333,0.6666666666666666,0.0,54,2.7,20.0
P01_BLUE_V_take_0007,P01,BLUE,V,166,166,42,124,0,0,0.25301204819277107,0.7469879518072289,0.0,42,2.1,20.0
P01_BLUE_V_take_0008,P01,BLUE,V,163,163,44,119,0,0,0.26993865030674846,0.7300613496932515,0.0,44,2.2,20.0
P01_BLUE_V_take_0009,P01,BLUE,V,165,165,54,111,0,0,0.32727272727272727,0.6727272727272727,0.0,54,2.7,20.0
P01_BLUE_V_take_0010,P01,BLUE,V,164,164,45,119,0,0,0.27439024390243905,0.725609756097561,0.0,45,2.25,20.0
P01_BLUE_W_take_0001,P01,BLUE,W,164,164,51,113,0,0,0.31097560975609756,0.6890243902439024,0.0,51,2.55,20.0
P01_BLUE_W_take_0002,P01,BLUE,W,161,161,55,106,0,0,0.3416149068322981,0.6583850931677019,0.0,55,2.75,20.0
P01_BLUE_W_take_0003,P01,BLUE,W,163,163,58,105,0,0,0.3558282208588957,0.6441717791411042,0.0,58,2.9,20.0
P01_BLUE_W_take_0004,P01,BLUE,W,159,159,54,105,0,0,0.33962264150943394,0.660377358490566,0.0,54,2.7,20.0
P01_BLUE_W_take_0005,P01,BLUE,W,163,163,55,108,0,0,0.3374233128834356,0.6625766871165644,0.0,55,2.75,20.0
P01_BLUE_W_take_0006,P01,BLUE,W,161,161,66,95,0,0,0.40993788819875776,0.5900621118012422,0.0,66,3.3,20.0
P01_BLUE_W_take_0007,P01,BLUE,W,163,163,42,121,0,0,0.25766871165644173,0.7423312883435583,0.0,42,2.1,20.0
P01_BLUE_W_take_0008,P01,BLUE,W,160,160,53,107,0,0,0.33125,0.66875,0.0,53,2.65,20.0
P01_BLUE_W_take_0009,P01,BLUE,W,163,163,48,115,0,0,0.294478527607362,0.7055214723926381,0.0,48,2.4,20.0
P01_BLUE_W_take_0010,P01,BLUE,W,164,164,48,116,0,0,0.2926829268292683,0.7073170731707317,0.0,48,2.4,20.0
P01_BLUE_Y_take_0001,P01,BLUE,Y,166,166,49,117,0,0,0.29518072289156627,0.7048192771084337,0.0,49,2.45,20.0
P01_BLUE_Y_take_0002,P01,BLUE,Y,161,161,45,116,0,0,0.2795031055900621,0.7204968944099379,0.0,45,2.25,20.0
P01_BLUE_Y_take_0003,P01,BLUE,Y,169,169,50,119,0,0,0.2958579881656805,0.7041420118343196,0.0,50,2.5,20.0
P01_BLUE_Y_take_0004,P01,BLUE,Y,168,168,42,126,0,0,0.25,0.75,0.0,42,2.1,20.0
P01_BLUE_Y_take_0005,P01,BLUE,Y,168,168,50,118,0,0,0.2976190476190476,0.7023809523809523,0.0,50,2.5,20.0
P01_BLUE_Y_take_0006,P01,BLUE,Y,167,167,51,116,0,0,0.30538922155688625,0.6946107784431138,0.0,51,2.55,20.0
P01_BLUE_Y_take_0007,P01,BLUE,Y,168,168,50,118,0,0,0.2976190476190476,0.7023809523809523,0.0,50,2.5,20.0
P01_BLUE_Y_take_0008,P01,BLUE,Y,163,163,50,113,0,0,0.3067484662576687,0.6932515337423313,0.0,50,2.5,20.0
P01_BLUE_Y_take_0009,P01,BLUE,Y,167,167,48,119,0,0,0.2874251497005988,0.7125748502994012,0.0,48,2.4,20.0
P01_BLUE_Y_take_0010,P01,BLUE,Y,161,161,61,100,0,0,0.37888198757763975,0.6211180124223602,0.0,61,3.05,20.0
P01_WHITE_A_take_0001,P01,WHITE,A,182,182,58,124,0,0,0.31868131868131866,0.6813186813186813,0.0,58,2.9,20.0
P01_WHITE_A_take_0002,P01,WHITE,A,182,182,54,128,0,0,0.2967032967032967,0.7032967032967034,0.0,54,2.7,20.0
P01_WHITE_A_take_0003,P01,WHITE,A,181,181,57,124,0,0,0.3149171270718232,0.6850828729281768,0.0,57,2.85,20.0
P01_WHITE_A_take_0004,P01,WHITE,A,181,181,54,127,0,0,0.2983425414364641,0.7016574585635359,0.0,54,2.7,20.0
P01_WHITE_A_take_0005,P01,WHITE,A,181,181,60,121,0,0,0.3314917127071823,0.6685082872928176,0.0,60,3.0,20.0
P01_WHITE_A_take_0006,P01,WHITE,A,182,182,59,123,0,0,0.3241758241758242,0.6758241758241759,0.0,59,2.95,20.0
P01_WHITE_A_take_0007,P01,WHITE,A,181,181,62,119,0,0,0.3425414364640884,0.6574585635359116,0.0,62,3.1,20.0
P01_WHITE_A_take_0008,P01,WHITE,A,181,181,49,132,0,0,0.27071823204419887,0.7292817679558011,0.0,49,2.45,20.0
P01_WHITE_A_take_0009,P01,WHITE,A,181,181,55,126,0,0,0.30386740331491713,0.6961325966850829,0.0,55,2.75,20.0
P01_WHITE_A_take_0010,P01,WHITE,A,182,182,61,121,0,0,0.33516483516483514,0.6648351648351648,0.0,61,3.05,20.0
P01_WHITE_B_take_0001,P01,WHITE,B,181,181,61,120,0,0,0.3370165745856354,0.6629834254143646,0.0,61,3.05,20.0
P01_WHITE_B_take_0002,P01,WHITE,B,182,182,58,124,0,0,0.31868131868131866,0.6813186813186813,0.0,58,2.9,20.0
P01_WHITE_B_take_0003,P01,WHITE,B,182,182,54,128,0,0,0.2967032967032967,0.7032967032967034,0.0,54,2.7,20.0
P01_WHITE_B_take_0004,P01,WHITE,B,179,179,54,125,0,0,0.3016759776536313,0.6983240223463687,0.0,54,2.7,20.0
P01_WHITE_B_take_0005,P01,WHITE,B,180,180,57,123,0,0,0.31666666666666665,0.6833333333333333,0.0,57,2.85,20.0
P01_WHITE_B_take_0006,P01,WHITE,B,180,180,53,127,0,0,0.29444444444444445,0.7055555555555556,0.0,53,2.65,20.0
P01_WHITE_B_take_0007,P01,WHITE,B,180,180,52,128,0,0,0.28888888888888886,0.7111111111111111,0.0,52,2.6,20.0
P01_WHITE_B_take_0008,P01,WHITE,B,180,180,60,120,0,0,0.3333333333333333,0.6666666666666666,0.0,60,3.0,20.0
P01_WHITE_B_take_0009,P01,WHITE,B,180,180,52,128,0,0,0.28888888888888886,0.7111111111111111,0.0,52,2.6,20.0
P01_WHITE_B_take_0010,P01,WHITE,B,177,177,54,123,0,0,0.3050847457627119,0.6949152542372882,0.0,54,2.7,20.0
P01_WHITE_C_take_0001,P01,WHITE,C,174,174,60,114,0,0,0.3448275862068966,0.6551724137931034,0.0,60,3.0,20.0
P01_WHITE_C_take_0002,P01,WHITE,C,181,181,57,124,0,0,0.3149171270718232,0.6850828729281768,0.0,57,2.85,20.0
P01_WHITE_C_take_0003,P01,WHITE,C,177,177,59,118,0,0,0.3333333333333333,0.6666666666666666,0.0,59,2.95,20.0
P01_WHITE_C_take_0004,P01,WHITE,C,175,175,53,122,0,0,0.3028571428571429,0.6971428571428572,0.0,53,2.65,20.0
P01_WHITE_C_take_0005,P01,WHITE,C,181,181,58,123,0,0,0.32044198895027626,0.6795580110497238,0.0,58,2.9,20.0
P01_WHITE_C_take_0006,P01,WHITE,C,182,182,58,124,0,0,0.31868131868131866,0.6813186813186813,0.0,58,2.9,20.0
P01_WHITE_C_take_0007,P01,WHITE,C,181,181,60,121,0,0,0.3314917127071823,0.6685082872928176,0.0,60,3.0,20.0
P01_WHITE_C_take_0008,P01,WHITE,C,181,181,58,123,0,0,0.32044198895027626,0.6795580110497238,0.0,58,2.9,20.0
P01_WHITE_C_take_0009,P01,WHITE,C,181,181,54,127,0,0,0.2983425414364641,0.7016574585635359,0.0,54,2.7,20.0
P01_WHITE_C_take_0010,P01,WHITE,C,181,181,64,117,0,0,0.35359116022099446,0.6464088397790055,0.0,64,3.2,20.0
P01_WHITE_E_take_0001,P01,WHITE,E,180,180,65,115,0,0,0.3611111111111111,0.6388888888888888,0.0,65,3.25,20.0
P01_WHITE_E_take_0002,P01,WHITE,E,180,180,64,116,0,0,0.35555555555555557,0.6444444444444445,0.0,64,3.2,20.0
P01_WHITE_E_take_0003,P01,WHITE,E,181,181,59,122,0,0,0.3259668508287293,0.6740331491712708,0.0,59,2.95,20.0
P01_WHITE_E_take_0004,P01,WHITE,E,180,180,57,123,0,0,0.31666666666666665,0.6833333333333333,0.0,57,2.85,20.0
P01_WHITE_E_take_0005,P01,WHITE,E,181,181,57,124,0,0,0.3149171270718232,0.6850828729281768,0.0,57,2.85,20.0
P01_WHITE_E_take_0006,P01,WHITE,E,181,181,56,125,0,0,0.30939226519337015,0.6906077348066298,0.0,56,2.8,20.0
P01_WHITE_E_take_0007,P01,WHITE,E,182,182,54,128,0,0,0.2967032967032967,0.7032967032967034,0.0,54,2.7,20.0
P01_WHITE_E_take_0008,P01,WHITE,E,181,181,59,122,0,0,0.3259668508287293,0.6740331491712708,0.0,59,2.95,20.0
P01_WHITE_E_take_0009,P01,WHITE,E,182,182,57,125,0,0,0.3131868131868132,0.6868131868131868,0.0,57,2.85,20.0
P01_WHITE_E_take_0010,P01,WHITE,E,181,181,55,126,0,0,0.30386740331491713,0.6961325966850829,0.0,55,2.75,20.0
P01_WHITE_I_take_0001,P01,WHITE,I,181,181,57,124,0,0,0.3149171270718232,0.6850828729281768,0.0,57,2.85,20.0
P01_WHITE_I_take_0002,P01,WHITE,I,182,182,61,121,0,0,0.33516483516483514,0.6648351648351648,0.0,61,3.05,20.0
P01_WHITE_I_take_0003,P01,WHITE,I,182,182,59,123,0,0,0.3241758241758242,0.6758241758241759,0.0,59,2.95,20.0
P01_WHITE_I_take_0004,P01,WHITE,I,185,185,61,124,0,0,0.32972972972972975,0.6702702702702703,0.0,61,3.05,20.0
P01_WHITE_I_take_0005,P01,WHITE,I,183,183,58,125,0,0,0.31693989071038253,0.6830601092896175,0.0,58,2.9,20.0
P01_WHITE_I_take_0006,P01,WHITE,I,182,182,63,119,0,0,0.34615384615384615,0.6538461538461539,0.0,63,3.15,20.0
P01_WHITE_I_take_0007,P01,WHITE,I,181,181,66,115,0,0,0.36464088397790057,0.6353591160220995,0.0,66,3.3,20.0
P01_WHITE_I_take_0008,P01,WHITE,I,182,182,58,124,0,0,0.31868131868131866,0.6813186813186813,0.0,58,2.9,20.0
P01_WHITE_I_take_0009,P01,WHITE,I,182,182,59,123,0,0,0.3241758241758242,0.6758241758241759,0.0,59,2.95,20.0
P01_WHITE_I_take_0010,P01,WHITE,I,181,181,67,114,0,0,0.3701657458563536,0.6298342541436464,0.0,67,3.35,20.0
P01_WHITE_L_take_0001,P01,WHITE,L,181,181,62,119,0,0,0.3425414364640884,0.6574585635359116,0.0,62,3.1,20.0
P01_WHITE_L_take_0002,P01,WHITE,L,181,181,57,124,0,0,0.3149171270718232,0.6850828729281768,0.0,57,2.85,20.0
P01_WHITE_L_take_0003,P01,WHITE,L,182,182,56,126,0,0,0.3076923076923077,0.6923076923076923,0.0,56,2.8,20.0
P01_WHITE_L_take_0004,P01,WHITE,L,181,181,67,114,0,0,0.3701657458563536,0.6298342541436464,0.0,67,3.35,20.0
P01_WHITE_L_take_0005,P01,WHITE,L,181,181,61,120,0,0,0.3370165745856354,0.6629834254143646,0.0,61,3.05,20.0
P01_WHITE_L_take_0006,P01,WHITE,L,182,182,59,123,0,0,0.3241758241758242,0.6758241758241759,0.0,59,2.95,20.0
P01_WHITE_L_take_0007,P01,WHITE,L,181,181,50,131,0,0,0.27624309392265195,0.7237569060773481,0.0,50,2.5,20.0
P01_WHITE_L_take_0008,P01,WHITE,L,181,181,57,124,0,0,0.3149171270718232,0.6850828729281768,0.0,57,2.85,20.0
P01_WHITE_L_take_0009,P01,WHITE,L,181,181,62,119,0,0,0.3425414364640884,0.6574585635359116,0.0,62,3.1,20.0
P01_WHITE_L_take_0010,P01,WHITE,L,181,181,55,126,0,0,0.30386740331491713,0.6961325966850829,0.0,55,2.75,20.0
P01_WHITE_M_take_0001,P01,WHITE,M,182,182,64,118,0,0,0.3516483516483517,0.6483516483516484,0.0,64,3.2,20.0
P01_WHITE_M_take_0002,P01,WHITE,M,182,182,57,125,0,0,0.3131868131868132,0.6868131868131868,0.0,57,2.85,20.0
P01_WHITE_M_take_0003,P01,WHITE,M,182,182,52,130,0,0,0.2857142857142857,0.7142857142857143,0.0,52,2.6,20.0
P01_WHITE_M_take_0004,P01,WHITE,M,182,182,56,126,0,0,0.3076923076923077,0.6923076923076923,0.0,56,2.8,20.0
P01_WHITE_M_take_0005,P01,WHITE,M,182,182,57,125,0,0,0.3131868131868132,0.6868131868131868,0.0,57,2.85,20.0
P01_WHITE_M_take_0006,P01,WHITE,M,181,181,55,126,0,0,0.30386740331491713,0.6961325966850829,0.0,55,2.75,20.0
P01_WHITE_M_take_0007,P01,WHITE,M,180,180,59,121,0,0,0.3277777777777778,0.6722222222222223,0.0,59,2.95,20.0
P01_WHITE_M_take_0008,P01,WHITE,M,182,182,58,124,0,0,0.31868131868131866,0.6813186813186813,0.0,58,2.9,20.0
P01_WHITE_M_take_0009,P01,WHITE,M,182,182,56,126,0,0,0.3076923076923077,0.6923076923076923,0.0,56,2.8,20.0
P01_WHITE_M_take_0010,P01,WHITE,M,182,182,55,127,0,0,0.3021978021978022,0.6978021978021978,0.0,55,2.75,20.0
P01_WHITE_N_take_0001,P01,WHITE,N,182,182,47,135,0,0,0.25824175824175827,0.7417582417582418,0.0,47,2.35,20.0
P01_WHITE_N_take_0002,P01,WHITE,N,182,182,51,131,0,0,0.2802197802197802,0.7197802197802198,0.0,51,2.55,20.0
P01_WHITE_N_take_0003,P01,WHITE,N,181,181,57,124,0,0,0.3149171270718232,0.6850828729281768,0.0,57,2.85,20.0
P01_WHITE_N_take_0004,P01,WHITE,N,181,181,52,129,0,0,0.287292817679558,0.712707182320442,0.0,52,2.6,20.0
P01_WHITE_N_take_0005,P01,WHITE,N,180,180,53,127,0,0,0.29444444444444445,0.7055555555555556,0.0,53,2.65,20.0
P01_WHITE_N_take_0006,P01,WHITE,N,181,181,57,124,0,0,0.3149171270718232,0.6850828729281768,0.0,57,2.85,20.0
P01_WHITE_N_take_0007,P01,WHITE,N,181,181,60,121,0,0,0.3314917127071823,0.6685082872928176,0.0,60,3.0,20.0
P01_WHITE_N_take_0008,P01,WHITE,N,182,182,54,128,0,0,0.2967032967032967,0.7032967032967034,0.0,54,2.7,20.0
P01_WHITE_N_take_0009,P01,WHITE,N,182,182,51,131,0,0,0.2802197802197802,0.7197802197802198,0.0,51,2.55,20.0
P01_WHITE_N_take_0010,P01,WHITE,N,181,181,53,128,0,0,0.292817679558011,0.7071823204419889,0.0,53,2.65,20.0
P01_WHITE_O_take_0001,P01,WHITE,O,182,182,55,127,0,0,0.3021978021978022,0.6978021978021978,0.0,55,2.75,20.0
P01_WHITE_O_take_0002,P01,WHITE,O,182,182,58,124,0,0,0.31868131868131866,0.6813186813186813,0.0,58,2.9,20.0
P01_WHITE_O_take_0003,P01,WHITE,O,181,181,59,122,0,0,0.3259668508287293,0.6740331491712708,0.0,59,2.95,20.0
P01_WHITE_O_take_0004,P01,WHITE,O,181,181,52,129,0,0,0.287292817679558,0.712707182320442,0.0,52,2.6,20.0
P01_WHITE_O_take_0005,P01,WHITE,O,181,181,61,120,0,0,0.3370165745856354,0.6629834254143646,0.0,61,3.05,20.0
P01_WHITE_O_take_0006,P01,WHITE,O,182,182,55,127,0,0,0.3021978021978022,0.6978021978021978,0.0,55,2.75,20.0
P01_WHITE_O_take_0007,P01,WHITE,O,181,181,59,122,0,0,0.3259668508287293,0.6740331491712708,0.0,59,2.95,20.0
P01_WHITE_O_take_0008,P01,WHITE,O,181,181,57,124,0,0,0.3149171270718232,0.6850828729281768,0.0,57,2.85,20.0
P01_WHITE_O_take_0009,P01,WHITE,O,181,181,57,124,0,0,0.3149171270718232,0.6850828729281768,0.0,57,2.85,20.0
P01_WHITE_O_take_0010,P01,WHITE,O,182,182,51,131,0,0,0.2802197802197802,0.7197802197802198,0.0,51,2.55,20.0
P01_WHITE_P_take_0001,P01,WHITE,P,182,182,50,132,0,0,0.27472527472527475,0.7252747252747253,0.0,50,2.5,20.0
P01_WHITE_P_take_0002,P01,WHITE,P,180,180,57,123,0,0,0.31666666666666665,0.6833333333333333,0.0,57,2.85,20.0
P01_WHITE_P_take_0003,P01,WHITE,P,182,182,58,124,0,0,0.31868131868131866,0.6813186813186813,0.0,58,2.9,20.0
P01_WHITE_P_take_0004,P01,WHITE,P,182,182,57,125,0,0,0.3131868131868132,0.6868131868131868,0.0,57,2.85,20.0
P01_WHITE_P_take_0005,P01,WHITE,P,181,181,49,132,0,0,0.27071823204419887,0.7292817679558011,0.0,49,2.45,20.0
P01_WHITE_P_take_0006,P01,WHITE,P,181,181,60,121,0,0,0.3314917127071823,0.6685082872928176,0.0,60,3.0,20.0
P01_WHITE_P_take_0007,P01,WHITE,P,180,180,54,126,0,0,0.3,0.7,0.0,54,2.7,20.0
P01_WHITE_P_take_0008,P01,WHITE,P,180,180,50,130,0,0,0.2777777777777778,0.7222222222222222,0.0,50,2.5,20.0
P01_WHITE_P_take_0009,P01,WHITE,P,181,181,53,128,0,0,0.292817679558011,0.7071823204419889,0.0,53,2.65,20.0
P01_WHITE_P_take_0010,P01,WHITE,P,182,182,55,127,0,0,0.3021978021978022,0.6978021978021978,0.0,55,2.75,20.0
P01_WHITE_R_take_0001,P01,WHITE,R,182,182,51,131,0,0,0.2802197802197802,0.7197802197802198,0.0,51,2.55,20.0
P01_WHITE_R_take_0002,P01,WHITE,R,182,182,50,132,0,0,0.27472527472527475,0.7252747252747253,0.0,50,2.5,20.0
P01_WHITE_R_take_0003,P01,WHITE,R,182,182,58,124,0,0,0.31868131868131866,0.6813186813186813,0.0,58,2.9,20.0
P01_WHITE_R_take_0004,P01,WHITE,R,181,181,49,132,0,0,0.27071823204419887,0.7292817679558011,0.0,49,2.45,20.0
P01_WHITE_R_take_0005,P01,WHITE,R,181,181,54,127,0,0,0.2983425414364641,0.7016574585635359,0.0,54,2.7,20.0
P01_WHITE_R_take_0006,P01,WHITE,R,181,181,55,126,0,0,0.30386740331491713,0.6961325966850829,0.0,55,2.75,20.0
P01_WHITE_R_take_0007,P01,WHITE,R,182,182,48,134,0,0,0.26373626373626374,0.7362637362637363,0.0,48,2.4,20.0
P01_WHITE_R_take_0008,P01,WHITE,R,182,182,40,142,0,0,0.21978021978021978,0.7802197802197802,0.0,40,2.0,20.0
P01_WHITE_R_take_0009,P01,WHITE,R,181,181,60,121,0,0,0.3314917127071823,0.6685082872928176,0.0,60,3.0,20.0
P01_WHITE_R_take_0010,P01,WHITE,R,181,181,55,126,0,0,0.30386740331491713,0.6961325966850829,0.0,55,2.75,20.0
P01_WHITE_S_take_0001,P01,WHITE,S,182,182,59,123,0,0,0.3241758241758242,0.6758241758241759,0.0,59,2.95,20.0
P01_WHITE_S_take_0002,P01,WHITE,S,182,182,62,120,0,0,0.34065934065934067,0.6593406593406593,0.0,62,3.1,20.0
P01_WHITE_S_take_0003,P01,WHITE,S,181,181,55,126,0,0,0.30386740331491713,0.6961325966850829,0.0,55,2.75,20.0
P01_WHITE_S_take_0004,P01,WHITE,S,182,182,59,123,0,0,0.3241758241758242,0.6758241758241759,0.0,59,2.95,20.0
P01_WHITE_S_take_0005,P01,WHITE,S,182,182,52,119,11,0,0.2857142857142857,0.6538461538461539,0.06043956043956044,52,2.6,20.0
P01_WHITE_S_take_0006,P01,WHITE,S,182,182,59,123,0,0,0.3241758241758242,0.6758241758241759,0.0,59,2.95,20.0
P01_WHITE_S_take_0007,P01,WHITE,S,175,175,56,119,0,0,0.32,0.68,0.0,56,2.8,20.0
P01_WHITE_S_take_0008,P01,WHITE,S,181,181,61,120,0,0,0.3370165745856354,0.6629834254143646,0.0,61,3.05,20.0
P01_WHITE_S_take_0009,P01,WHITE,S,182,182,54,128,0,0,0.2967032967032967,0.7032967032967034,0.0,54,2.7,20.0
P01_WHITE_S_take_0010,P01,WHITE,S,181,181,64,117,0,0,0.35359116022099446,0.6464088397790055,0.0,64,3.2,20.0
P01_WHITE_T_take_0001,P01,WHITE,T,182,182,61,121,0,0,0.33516483516483514,0.6648351648351648,0.0,61,3.05,20.0
P01_WHITE_T_take_0002,P01,WHITE,T,182,182,63,119,0,0,0.34615384615384615,0.6538461538461539,0.0,63,3.15,20.0
P01_WHITE_T_take_0003,P01,WHITE,T,182,182,57,125,0,0,0.3131868131868132,0.6868131868131868,0.0,57,2.85,20.0
P01_WHITE_T_take_0004,P01,WHITE,T,181,181,62,119,0,0,0.3425414364640884,0.6574585635359116,0.0,62,3.1,20.0
P01_WHITE_T_take_0005,P01,WHITE,T,181,181,55,126,0,0,0.30386740331491713,0.6961325966850829,0.0,55,2.75,20.0
P01_WHITE_T_take_0006,P01,WHITE,T,181,181,59,122,0,0,0.3259668508287293,0.6740331491712708,0.0,59,2.95,20.0
P01_WHITE_T_take_0007,P01,WHITE,T,182,182,57,125,0,0,0.3131868131868132,0.6868131868131868,0.0,57,2.85,20.0
P01_WHITE_T_take_0008,P01,WHITE,T,181,181,61,120,0,0,0.3370165745856354,0.6629834254143646,0.0,61,3.05,20.0
P01_WHITE_T_take_0009,P01,WHITE,T,182,182,61,121,0,0,0.33516483516483514,0.6648351648351648,0.0,61,3.05,20.0
P01_WHITE_T_take_0010,P01,WHITE,T,183,183,60,123,0,0,0.32786885245901637,0.6721311475409836,0.0,60,3.0,20.0
P01_WHITE_U_take_0001,P01,WHITE,U,179,179,54,125,0,0,0.3016759776536313,0.6983240223463687,0.0,54,2.7,20.0
P01_WHITE_U_take_0002,P01,WHITE,U,174,174,34,140,0,0,0.19540229885057472,0.8045977011494253,0.0,34,1.7,20.0
P01_WHITE_U_take_0003,P01,WHITE,U,180,180,58,122,0,0,0.32222222222222224,0.6777777777777778,0.0,58,2.9,20.0
P01_WHITE_U_take_0004,P01,WHITE,U,180,180,48,132,0,0,0.26666666666666666,0.7333333333333333,0.0,48,2.4,20.0
P01_WHITE_U_take_0005,P01,WHITE,U,179,179,52,127,0,0,0.2905027932960894,0.7094972067039106,0.0,52,2.6,20.0
P01_WHITE_U_take_0006,P01,WHITE,U,179,179,53,126,0,0,0.29608938547486036,0.7039106145251397,0.0,53,2.65,20.0
P01_WHITE_U_take_0007,P01,WHITE,U,177,177,53,124,0,0,0.2994350282485876,0.7005649717514124,0.0,53,2.65,20.0
P01_WHITE_U_take_0008,P01,WHITE,U,180,180,54,126,0,0,0.3,0.7,0.0,54,2.7,20.0
P01_WHITE_U_take_0009,P01,WHITE,U,178,178,69,109,0,0,0.38764044943820225,0.6123595505617978,0.0,69,3.45,20.0
P01_WHITE_U_take_0010,P01,WHITE,U,178,178,54,124,0,0,0.30337078651685395,0.6966292134831461,0.0,54,2.7,20.0
P01_WHITE_V_take_0001,P01,WHITE,V,182,182,59,123,0,0,0.3241758241758242,0.6758241758241759,0.0,59,2.95,20.0
P01_WHITE_V_take_0002,P01,WHITE,V,182,182,57,125,0,0,0.3131868131868132,0.6868131868131868,0.0,57,2.85,20.0
P01_WHITE_V_take_0003,P01,WHITE,V,181,181,61,120,0,0,0.3370165745856354,0.6629834254143646,0.0,61,3.05,20.0
P01_WHITE_V_take_0004,P01,WHITE,V,182,182,56,126,0,0,0.3076923076923077,0.6923076923076923,0.0,56,2.8,20.0
P01_WHITE_V_take_0005,P01,WHITE,V,182,182,56,126,0,0,0.3076923076923077,0.6923076923076923,0.0,56,2.8,20.0
P01_WHITE_V_take_0006,P01,WHITE,V,182,182,55,127,0,0,0.3021978021978022,0.6978021978021978,0.0,55,2.75,20.0
P01_WHITE_V_take_0007,P01,WHITE,V,181,181,60,121,0,0,0.3314917127071823,0.6685082872928176,0.0,60,3.0,20.0
P01_WHITE_V_take_0008,P01,WHITE,V,181,181,46,135,0,0,0.2541436464088398,0.7458563535911602,0.0,46,2.3,20.0
P01_WHITE_V_take_0009,P01,WHITE,V,182,182,56,126,0,0,0.3076923076923077,0.6923076923076923,0.0,56,2.8,20.0
P01_WHITE_V_take_0010,P01,WHITE,V,181,181,57,124,0,0,0.3149171270718232,0.6850828729281768,0.0,57,2.85,20.0
P01_WHITE_W_take_0001,P01,WHITE,W,181,181,58,123,0,0,0.32044198895027626,0.6795580110497238,0.0,58,2.9,20.0
P01_WHITE_W_take_0002,P01,WHITE,W,182,182,56,126,0,0,0.3076923076923077,0.6923076923076923,0.0,56,2.8,20.0
P01_WHITE_W_take_0003,P01,WHITE,W,182,182,59,123,0,0,0.3241758241758242,0.6758241758241759,0.0,59,2.95,20.0
P01_WHITE_W_take_0004,P01,WHITE,W,181,181,57,124,0,0,0.3149171270718232,0.6850828729281768,0.0,57,2.85,20.0
P01_WHITE_W_take_0005,P01,WHITE,W,181,181,54,127,0,0,0.2983425414364641,0.7016574585635359,0.0,54,2.7,20.0
P01_WHITE_W_take_0006,P01,WHITE,W,181,181,68,113,0,0,0.3756906077348066,0.6243093922651933,0.0,68,3.4,20.0
P01_WHITE_W_take_0007,P01,WHITE,W,182,182,55,127,0,0,0.3021978021978022,0.6978021978021978,0.0,55,2.75,20.0
P01_WHITE_W_take_0008,P01,WHITE,W,182,182,64,118,0,0,0.3516483516483517,0.6483516483516484,0.0,64,3.2,20.0
P01_WHITE_W_take_0009,P01,WHITE,W,182,182,58,124,0,0,0.31868131868131866,0.6813186813186813,0.0,58,2.9,20.0
P01_WHITE_W_take_0010,P01,WHITE,W,181,181,66,115,0,0,0.36464088397790057,0.6353591160220995,0.0,66,3.3,20.0
P01_WHITE_Y_take_0001,P01,WHITE,Y,181,181,54,127,0,0,0.2983425414364641,0.7016574585635359,0.0,54,2.7,20.0
P01_WHITE_Y_take_0002,P01,WHITE,Y,182,182,56,126,0,0,0.3076923076923077,0.6923076923076923,0.0,56,2.8,20.0
P01_WHITE_Y_take_0003,P01,WHITE,Y,182,182,52,130,0,0,0.2857142857142857,0.7142857142857143,0.0,52,2.6,20.0
P01_WHITE_Y_take_0004,P01,WHITE,Y,182,182,62,120,0,0,0.34065934065934067,0.6593406593406593,0.0,62,3.1,20.0
P01_WHITE_Y_take_0005,P01,WHITE,Y,182,182,55,127,0,0,0.3021978021978022,0.6978021978021978,0.0,55,2.75,20.0
P01_WHITE_Y_take_0006,P01,WHITE,Y,182,182,56,126,0,0,0.3076923076923077,0.6923076923076923,0.0,56,2.8,20.0
P01_WHITE_Y_take_0007,P01,WHITE,Y,181,181,53,128,0,0,0.292817679558011,0.7071823204419889,0.0,53,2.65,20.0
P01_WHITE_Y_take_0008,P01,WHITE,Y,181,181,72,109,0,0,0.39779005524861877,0.6022099447513812,0.0,72,3.6,20.0
P01_WHITE_Y_take_0009,P01,WHITE,Y,182,182,59,123,0,0,0.3241758241758242,0.6758241758241759,0.0,59,2.95,20.0
P01_WHITE_Y_take_0010,P01,WHITE,Y,181,181,64,117,0,0,0.35359116022099446,0.6464088397790055,0.0,64,3.2,20.0
P02_BLACK_A_take_0001,P02,BLACK,A,159,159,55,104,0,0,0.34591194968553457,0.6540880503144654,0.0,55,2.75,20.0
P02_BLACK_A_take_0002,P02,BLACK,A,156,156,46,110,0,0,0.2948717948717949,0.7051282051282052,0.0,46,2.3,20.0
P02_BLACK_A_take_0003,P02,BLACK,A,159,159,55,104,0,0,0.34591194968553457,0.6540880503144654,0.0,55,2.75,20.0
P02_BLACK_A_take_0004,P02,BLACK,A,158,158,55,103,0,0,0.34810126582278483,0.6518987341772152,0.0,55,2.75,20.0
P02_BLACK_A_take_0005,P02,BLACK,A,161,161,53,105,3,0,0.32919254658385094,0.6521739130434783,0.018633540372670808,53,2.65,20.0
P02_BLACK_A_take_0006,P02,BLACK,A,157,157,59,98,0,0,0.37579617834394907,0.6242038216560509,0.0,59,2.95,20.0
P02_BLACK_A_take_0007,P02,BLACK,A,158,158,61,97,0,0,0.3860759493670886,0.6139240506329114,0.0,61,3.05,20.0
P02_BLACK_A_take_0008,P02,BLACK,A,160,160,43,117,0,0,0.26875,0.73125,0.0,43,2.15,20.0
P02_BLACK_A_take_0009,P02,BLACK,A,159,159,63,96,0,0,0.39622641509433965,0.6037735849056604,0.0,63,3.15,20.0
P02_BLACK_A_take_0010,P02,BLACK,A,158,158,62,96,0,0,0.3924050632911392,0.6075949367088608,0.0,62,3.1,20.0
P02_BLACK_B_take_0001,P02,BLACK,B,157,157,58,99,0,0,0.36942675159235666,0.6305732484076433,0.0,58,2.9,20.0
P02_BLACK_B_take_0002,P02,BLACK,B,162,162,54,108,0,0,0.3333333333333333,0.6666666666666666,0.0,54,2.7,20.0
P02_BLACK_B_take_0003,P02,BLACK,B,159,159,62,97,0,0,0.389937106918239,0.610062893081761,0.0,62,3.1,20.0
P02_BLACK_B_take_0004,P02,BLACK,B,158,158,58,100,0,0,0.3670886075949367,0.6329113924050633,0.0,58,2.9,20.0
P02_BLACK_B_take_0005,P02,BLACK,B,162,162,64,98,0,0,0.3950617283950617,0.6049382716049383,0.0,64,3.2,20.0
P02_BLACK_B_take_0006,P02,BLACK,B,157,157,52,105,0,0,0.33121019108280253,0.6687898089171974,0.0,52,2.6,20.0
P02_BLACK_B_take_0007,P02,BLACK,B,158,158,60,98,0,0,0.379746835443038,0.620253164556962,0.0,60,3.0,20.0
P02_BLACK_B_take_0008,P02,BLACK,B,159,159,52,107,0,0,0.3270440251572327,0.6729559748427673,0.0,52,2.6,20.0
P02_BLACK_B_take_0009,P02,BLACK,B,153,153,52,101,0,0,0.33986928104575165,0.6601307189542484,0.0,52,2.6,20.0
P02_BLACK_B_take_0010,P02,BLACK,B,159,159,54,102,3,0,0.33962264150943394,0.6415094339622641,0.018867924528301886,54,2.7,20.0
P02_BLACK_C_take_0001,P02,BLACK,C,159,159,56,103,0,0,0.3522012578616352,0.6477987421383647,0.0,56,2.8,20.0
P02_BLACK_C_take_0002,P02,BLACK,C,160,160,48,111,1,0,0.3,0.69375,0.00625,48,2.4,20.0
P02_BLACK_C_take_0003,P02,BLACK,C,159,159,49,110,0,0,0.3081761006289308,0.6918238993710691,0.0,49,2.45,20.0
P02_BLACK_C_take_0004,P02,BLACK,C,157,157,64,93,0,0,0.40764331210191085,0.5923566878980892,0.0,64,3.2,20.0
P02_BLACK_C_take_0005,P02,BLACK,C,158,158,53,105,0,0,0.33544303797468356,0.6645569620253164,0.0,53,2.65,20.0
P02_BLACK_C_take_0006,P02,BLACK,C,158,158,38,120,0,0,0.24050632911392406,0.759493670886076,0.0,38,1.9,20.0
P02_BLACK_C_take_0007,P02,BLACK,C,158,158,35,119,4,0,0.22151898734177214,0.7531645569620253,0.02531645569620253,35,1.75,20.0
P02_BLACK_C_take_0008,P02,BLACK,C,160,160,59,101,0,0,0.36875,0.63125,0.0,59,2.95,20.0
P02_BLACK_C_take_0009,P02,BLACK,C,159,159,51,107,1,0,0.32075471698113206,0.6729559748427673,0.006289308176100629,51,2.55,20.0
P02_BLACK_C_take_0010,P02,BLACK,C,161,161,48,113,0,0,0.2981366459627329,0.7018633540372671,0.0,48,2.4,20.0
P02_BLACK_E_take_0001,P02,BLACK,E,172,172,50,122,0,0,0.29069767441860467,0.7093023255813954,0.0,50,2.5,20.0
P02_BLACK_E_take_0002,P02,BLACK,E,169,169,62,107,0,0,0.3668639053254438,0.6331360946745562,0.0,62,3.1,20.0
P02_BLACK_E_take_0003,P02,BLACK,E,174,174,64,110,0,0,0.367816091954023,0.632183908045977,0.0,64,3.2,20.0
P02_BLACK_E_take_0004,P02,BLACK,E,172,172,64,108,0,0,0.37209302325581395,0.627906976744186,0.0,64,3.2,20.0
P02_BLACK_E_take_0005,P02,BLACK,E,160,160,69,91,0,0,0.43125,0.56875,0.0,69,3.45,20.0
P02_BLACK_E_take_0006,P02,BLACK,E,153,153,53,100,0,0,0.3464052287581699,0.6535947712418301,0.0,53,2.65,20.0
P02_BLACK_E_take_0007,P02,BLACK,E,162,162,61,101,0,0,0.3765432098765432,0.6234567901234568,0.0,61,3.05,20.0
P02_BLACK_E_take_0008,P02,BLACK,E,158,158,55,103,0,0,0.34810126582278483,0.6518987341772152,0.0,55,2.75,20.0
P02_BLACK_E_take_0009,P02,BLACK,E,164,164,63,101,0,0,0.38414634146341464,0.6158536585365854,0.0,63,3.15,20.0
P02_BLACK_E_take_0010,P02,BLACK,E,158,158,57,101,0,0,0.36075949367088606,0.6392405063291139,0.0,57,2.85,20.0
P02_BLACK_I_take_0001,P02,BLACK,I,162,162,61,101,0,0,0.3765432098765432,0.6234567901234568,0.0,61,3.05,20.0
P02_BLACK_I_take_0002,P02,BLACK,I,174,174,63,111,0,0,0.3620689655172414,0.6379310344827587,0.0,63,3.15,20.0
P02_BLACK_I_take_0003,P02,BLACK,I,176,176,68,108,0,0,0.38636363636363635,0.6136363636363636,0.0,68,3.4,20.0
P02_BLACK_I_take_0004,P02,BLACK,I,169,169,56,113,0,0,0.33136094674556216,0.6686390532544378,0.0,56,2.8,20.0
P02_BLACK_I_take_0005,P02,BLACK,I,164,164,56,108,0,0,0.34146341463414637,0.6585365853658537,0.0,56,2.8,20.0
P02_BLACK_I_take_0006,P02,BLACK,I,171,171,77,94,0,0,0.4502923976608187,0.5497076023391813,0.0,77,3.85,20.0
P02_BLACK_I_take_0007,P02,BLACK,I,170,170,69,101,0,0,0.40588235294117647,0.5941176470588235,0.0,69,3.45,20.0
P02_BLACK_I_take_0008,P02,BLACK,I,170,170,66,104,0,0,0.38823529411764707,0.611764705882353,0.0,66,3.3,20.0
P02_BLACK_I_take_0009,P02,BLACK,I,161,161,68,93,0,0,0.422360248447205,0.577639751552795,0.0,68,3.4,20.0
P02_BLACK_I_take_0010,P02,BLACK,I,162,162,63,99,0,0,0.3888888888888889,0.6111111111111112,0.0,63,3.15,20.0
P02_BLACK_L_take_0001,P02,BLACK,L,172,172,66,106,0,0,0.38372093023255816,0.6162790697674418,0.0,66,3.3,20.0
P02_BLACK_L_take_0002,P02,BLACK,L,171,171,68,103,0,0,0.39766081871345027,0.6023391812865497,0.0,68,3.4,20.0
P02_BLACK_L_take_0003,P02,BLACK,L,170,170,47,123,0,0,0.27647058823529413,0.7235294117647059,0.0,47,2.35,20.0
P02_BLACK_L_take_0004,P02,BLACK,L,171,171,58,113,0,0,0.3391812865497076,0.6608187134502924,0.0,58,2.9,20.0
P02_BLACK_L_take_0005,P02,BLACK,L,169,169,64,105,0,0,0.378698224852071,0.621301775147929,0.0,64,3.2,20.0
P02_BLACK_L_take_0006,P02,BLACK,L,167,167,66,101,0,0,0.39520958083832336,0.6047904191616766,0.0,66,3.3,20.0
P02_BLACK_L_take_0007,P02,BLACK,L,172,172,68,104,0,0,0.3953488372093023,0.6046511627906976,0.0,68,3.4,20.0
P02_BLACK_L_take_0008,P02,BLACK,L,166,166,39,127,0,0,0.23493975903614459,0.7650602409638554,0.0,39,1.95,20.0
P02_BLACK_L_take_0009,P02,BLACK,L,168,168,63,105,0,0,0.375,0.625,0.0,63,3.15,20.0
P02_BLACK_L_take_0010,P02,BLACK,L,167,167,70,97,0,0,0.41916167664670656,0.5808383233532934,0.0,70,3.5,20.0
P02_BLACK_M_take_0001,P02,BLACK,M,157,157,68,89,0,0,0.43312101910828027,0.5668789808917197,0.0,68,3.4,20.0
P02_BLACK_M_take_0002,P02,BLACK,M,158,158,51,107,0,0,0.3227848101265823,0.6772151898734177,0.0,51,2.55,20.0
P02_BLACK_M_take_0003,P02,BLACK,M,160,160,56,104,0,0,0.35,0.65,0.0,56,2.8,20.0
P02_BLACK_M_take_0004,P02,BLACK,M,159,159,55,104,0,0,0.34591194968553457,0.6540880503144654,0.0,55,2.75,20.0
P02_BLACK_M_take_0005,P02,BLACK,M,156,156,47,109,0,0,0.30128205128205127,0.6987179487179487,0.0,47,2.35,20.0
P02_BLACK_M_take_0006,P02,BLACK,M,161,161,63,98,0,0,0.391304347826087,0.6086956521739131,0.0,63,3.15,20.0
P02_BLACK_M_take_0007,P02,BLACK,M,165,165,50,115,0,0,0.30303030303030304,0.696969696969697,0.0,50,2.5,20.0
P02_BLACK_M_take_0008,P02,BLACK,M,161,161,52,109,0,0,0.32298136645962733,0.6770186335403726,0.0,52,2.6,20.0
P02_BLACK_M_take_0009,P02,BLACK,M,158,158,54,104,0,0,0.34177215189873417,0.6582278481012658,0.0,54,2.7,20.0
P02_BLACK_M_take_0010,P02,BLACK,M,157,157,52,105,0,0,0.33121019108280253,0.6687898089171974,0.0,52,2.6,20.0
P02_BLACK_N_take_0001,P02,BLACK,N,163,163,54,109,0,0,0.3312883435582822,0.6687116564417178,0.0,54,2.7,20.0
P02_BLACK_N_take_0002,P02,BLACK,N,159,159,54,105,0,0,0.33962264150943394,0.660377358490566,0.0,54,2.7,20.0
P02_BLACK_N_take_0003,P02,BLACK,N,162,162,60,100,2,0,0.37037037037037035,0.6172839506172839,0.012345679012345678,60,3.0,20.0
P02_BLACK_N_take_0004,P02,BLACK,N,161,161,51,110,0,0,0.3167701863354037,0.6832298136645962,0.0,51,2.55,20.0
P02_BLACK_N_take_0005,P02,BLACK,N,161,161,56,105,0,0,0.34782608695652173,0.6521739130434783,0.0,56,2.8,20.0
P02_BLACK_N_take_0006,P02,BLACK,N,157,157,51,106,0,0,0.3248407643312102,0.6751592356687898,0.0,51,2.55,20.0
P02_BLACK_N_take_0007,P02,BLACK,N,157,157,54,103,0,0,0.34394904458598724,0.6560509554140127,0.0,54,2.7,20.0
P02_BLACK_N_take_0008,P02,BLACK,N,155,155,61,94,0,0,0.3935483870967742,0.6064516129032258,0.0,61,3.05,20.0
P02_BLACK_N_take_0009,P02,BLACK,N,153,153,59,94,0,0,0.38562091503267976,0.6143790849673203,0.0,59,2.95,20.0
P02_BLACK_N_take_0010,P02,BLACK,N,157,157,58,99,0,0,0.36942675159235666,0.6305732484076433,0.0,58,2.9,20.0
P02_BLACK_O_take_0001,P02,BLACK,O,154,154,55,99,0,0,0.35714285714285715,0.6428571428571429,0.0,55,2.75,20.0
P02_BLACK_O_take_0002,P02,BLACK,O,149,149,57,92,0,0,0.3825503355704698,0.6174496644295302,0.0,57,2.85,20.0
P02_BLACK_O_take_0003,P02,BLACK,O,150,150,56,94,0,0,0.37333333333333335,0.6266666666666667,0.0,56,2.8,20.0
P02_BLACK_O_take_0004,P02,BLACK,O,150,150,41,109,0,0,0.2733333333333333,0.7266666666666667,0.0,41,2.05,20.0
P02_BLACK_O_take_0005,P02,BLACK,O,154,154,79,75,0,0,0.512987012987013,0.487012987012987,0.0,79,3.95,20.0
P02_BLACK_O_take_0006,P02,BLACK,O,157,157,41,116,0,0,0.2611464968152866,0.7388535031847133,0.0,41,2.05,20.0
P02_BLACK_O_take_0007,P02,BLACK,O,155,155,65,90,0,0,0.41935483870967744,0.5806451612903226,0.0,65,3.25,20.0
P02_BLACK_O_take_0008,P02,BLACK,O,160,160,49,111,0,0,0.30625,0.69375,0.0,49,2.45,20.0
P02_BLACK_O_take_0009,P02,BLACK,O,157,157,59,98,0,0,0.37579617834394907,0.6242038216560509,0.0,59,2.95,20.0
P02_BLACK_O_take_0010,P02,BLACK,O,156,156,57,99,0,0,0.36538461538461536,0.6346153846153846,0.0,57,2.85,20.0
P02_BLACK_P_take_0001,P02,BLACK,P,159,159,50,109,0,0,0.31446540880503143,0.6855345911949685,0.0,50,2.5,20.0
P02_BLACK_P_take_0002,P02,BLACK,P,155,155,53,102,0,0,0.3419354838709677,0.6580645161290323,0.0,53,2.65,20.0
P02_BLACK_P_take_0003,P02,BLACK,P,145,145,61,84,0,0,0.4206896551724138,0.5793103448275863,0.0,61,3.05,20.0
P02_BLACK_P_take_0004,P02,BLACK,P,145,145,51,93,1,0,0.35172413793103446,0.6413793103448275,0.006896551724137931,51,2.55,20.0
P02_BLACK_P_take_0005,P02,BLACK,P,153,153,46,107,0,0,0.3006535947712418,0.6993464052287581,0.0,46,2.3,20.0
P02_BLACK_P_take_0006,P02,BLACK,P,154,154,59,95,0,0,0.38311688311688313,0.6168831168831169,0.0,59,2.95,20.0
P02_BLACK_P_take_0007,P02,BLACK,P,154,154,50,104,0,0,0.3246753246753247,0.6753246753246753,0.0,50,2.5,20.0
P02_BLACK_P_take_0008,P02,BLACK,P,154,154,56,98,0,0,0.36363636363636365,0.6363636363636364,0.0,56,2.8,20.0
P02_BLACK_P_take_0009,P02,BLACK,P,153,153,53,100,0,0,0.3464052287581699,0.6535947712418301,0.0,53,2.65,20.0
P02_BLACK_P_take_0010,P02,BLACK,P,149,149,55,94,0,0,0.3691275167785235,0.6308724832214765,0.0,55,2.75,20.0
P02_BLACK_R_take_0001,P02,BLACK,R,156,156,58,98,0,0,0.3717948717948718,0.6282051282051282,0.0,58,2.9,20.0
P02_BLACK_R_take_0002,P02,BLACK,R,156,156,58,98,0,0,0.3717948717948718,0.6282051282051282,0.0,58,2.9,20.0
P02_BLACK_R_take_0003,P02,BLACK,R,158,158,49,109,0,0,0.310126582278481,0.689873417721519,0.0,49,2.45,20.0
P02_BLACK_R_take_0004,P02,BLACK,R,157,157,43,114,0,0,0.27388535031847133,0.7261146496815286,0.0,43,2.15,20.0
P02_BLACK_R_take_0005,P02,BLACK,R,156,156,75,81,0,0,0.4807692307692308,0.5192307692307693,0.0,75,3.75,20.0
P02_BLACK_R_take_0006,P02,BLACK,R,157,157,44,113,0,0,0.2802547770700637,0.7197452229299363,0.0,44,2.2,20.0
P02_BLACK_R_take_0007,P02,BLACK,R,157,157,66,91,0,0,0.42038216560509556,0.5796178343949044,0.0,66,3.3,20.0
P02_BLACK_R_take_0008,P02,BLACK,R,159,159,58,101,0,0,0.36477987421383645,0.6352201257861635,0.0,58,2.9,20.0
P02_BLACK_R_take_0009,P02,BLACK,R,158,158,50,108,0,0,0.31645569620253167,0.6835443037974683,0.0,50,2.5,20.0
P02_BLACK_R_take_0010,P02,BLACK,R,157,157,46,111,0,0,0.2929936305732484,0.7070063694267515,0.0,46,2.3,20.0
P02_BLACK_S_take_0001,P02,BLACK,S,146,146,62,84,0,0,0.4246575342465753,0.5753424657534246,0.0,62,3.1,20.0
P02_BLACK_S_take_0002,P02,BLACK,S,146,146,65,81,0,0,0.4452054794520548,0.5547945205479452,0.0,65,3.25,20.0
P02_BLACK_S_take_0003,P02,BLACK,S,158,158,34,124,0,0,0.21518987341772153,0.7848101265822784,0.0,34,1.7,20.0
P02_BLACK_S_take_0004,P02,BLACK,S,145,145,21,124,0,0,0.14482758620689656,0.8551724137931035,0.0,21,1.05,20.0
P02_BLACK_S_take_0005,P02,BLACK,S,147,147,23,124,0,0,0.1564625850340136,0.8435374149659864,0.0,23,1.15,20.0
P02_BLACK_S_take_0006,P02,BLACK,S,150,150,26,124,0,0,0.17333333333333334,0.8266666666666667,0.0,26,1.3,20.0
P02_BLACK_S_take_0007,P02,BLACK,S,154,154,56,98,0,0,0.36363636363636365,0.6363636363636364,0.0,56,2.8,20.0
P02_BLACK_S_take_0008,P02,BLACK,S,148,148,52,96,0,0,0.35135135135135137,0.6486486486486487,0.0,52,2.6,20.0
P02_BLACK_S_take_0009,P02,BLACK,S,150,150,57,93,0,0,0.38,0.62,0.0,57,2.85,20.0
P02_BLACK_S_take_0010,P02,BLACK,S,160,160,55,105,0,0,0.34375,0.65625,0.0,55,2.75,20.0
P02_BLACK_T_take_0001,P02,BLACK,T,156,156,56,100,0,0,0.358974358974359,0.6410256410256411,0.0,56,2.8,20.0
P02_BLACK_T_take_0002,P02,BLACK,T,160,160,52,108,0,0,0.325,0.675,0.0,52,2.6,20.0
P02_BLACK_T_take_0003,P02,BLACK,T,156,156,58,98,0,0,0.3717948717948718,0.6282051282051282,0.0,58,2.9,20.0
P02_BLACK_T_take_0004,P02,BLACK,T,152,152,47,105,0,0,0.3092105263157895,0.6907894736842105,0.0,47,2.35,20.0
P02_BLACK_T_take_0005,P02,BLACK,T,152,152,54,98,0,0,0.35526315789473684,0.6447368421052632,0.0,54,2.7,20.0
P02_BLACK_T_take_0006,P02,BLACK,T,157,157,60,97,0,0,0.3821656050955414,0.6178343949044586,0.0,60,3.0,20.0
P02_BLACK_T_take_0007,P02,BLACK,T,150,150,55,95,0,0,0.36666666666666664,0.6333333333333333,0.0,55,2.75,20.0
P02_BLACK_T_take_0008,P02,BLACK,T,159,159,57,102,0,0,0.3584905660377358,0.6415094339622641,0.0,57,2.85,20.0
P02_BLACK_T_take_0009,P02,BLACK,T,150,150,48,102,0,0,0.32,0.68,0.0,48,2.4,20.0
P02_BLACK_T_take_0010,P02,BLACK,T,166,166,59,107,0,0,0.35542168674698793,0.6445783132530121,0.0,59,2.95,20.0
P02_BLACK_U_take_0001,P02,BLACK,U,145,145,49,96,0,0,0.33793103448275863,0.6620689655172414,0.0,49,2.45,20.0
P02_BLACK_U_take_0002,P02,BLACK,U,139,139,53,86,0,0,0.381294964028777,0.6187050359712231,0.0,53,2.65,20.0
P02_BLACK_U_take_0003,P02,BLACK,U,142,142,44,98,0,0,0.30985915492957744,0.6901408450704225,0.0,44,2.2,20.0
P02_BLACK_U_take_0004,P02,BLACK,U,144,144,42,102,0,0,0.2916666666666667,0.7083333333333334,0.0,42,2.1,20.0
P02_BLACK_U_take_0005,P02,BLACK,U,140,140,39,101,0,0,0.2785714285714286,0.7214285714285714,0.0,39,1.95,20.0
P02_BLACK_U_take_0006,P02,BLACK,U,141,141,45,96,0,0,0.3191489361702128,0.6808510638297872,0.0,45,2.25,20.0
P02_BLACK_U_take_0007,P02,BLACK,U,135,135,42,93,0,0,0.3111111111111111,0.6888888888888889,0.0,42,2.1,20.0
P02_BLACK_U_take_0008,P02,BLACK,U,143,143,38,105,0,0,0.26573426573426573,0.7342657342657343,0.0,38,1.9,20.0
P02_BLACK_U_take_0009,P02,BLACK,U,140,140,47,93,0,0,0.3357142857142857,0.6642857142857143,0.0,47,2.35,20.0
P02_BLACK_U_take_0010,P02,BLACK,U,144,144,46,96,2,0,0.3194444444444444,0.6666666666666666,0.013888888888888888,46,2.3,20.0
P02_BLACK_V_take_0001,P02,BLACK,V,161,161,56,105,0,0,0.34782608695652173,0.6521739130434783,0.0,56,2.8,20.0
P02_BLACK_V_take_0002,P02,BLACK,V,162,162,61,101,0,0,0.3765432098765432,0.6234567901234568,0.0,61,3.05,20.0
P02_BLACK_V_take_0003,P02,BLACK,V,154,154,59,95,0,0,0.38311688311688313,0.6168831168831169,0.0,59,2.95,20.0
P02_BLACK_V_take_0004,P02,BLACK,V,154,154,63,91,0,0,0.4090909090909091,0.5909090909090909,0.0,63,3.15,20.0
P02_BLACK_V_take_0005,P02,BLACK,V,172,172,81,91,0,0,0.47093023255813954,0.5290697674418605,0.0,81,4.05,20.0
P02_BLACK_V_take_0006,P02,BLACK,V,170,170,74,96,0,0,0.43529411764705883,0.5647058823529412,0.0,74,3.7,20.0
P02_BLACK_V_take_0007,P02,BLACK,V,167,167,71,96,0,0,0.4251497005988024,0.5748502994011976,0.0,71,3.55,20.0
P02_BLACK_V_take_0008,P02,BLACK,V,162,162,64,98,0,0,0.3950617283950617,0.6049382716049383,0.0,64,3.2,20.0
P02_BLACK_V_take_0009,P02,BLACK,V,157,157,45,112,0,0,0.28662420382165604,0.7133757961783439,0.0,45,2.25,20.0
P02_BLACK_V_take_0010,P02,BLACK,V,168,168,60,108,0,0,0.35714285714285715,0.6428571428571429,0.0,60,3.0,20.0
P02_BLACK_W_take_0001,P02,BLACK,W,154,154,51,103,0,0,0.33116883116883117,0.6688311688311688,0.0,51,2.55,20.0
P02_BLACK_W_take_0002,P02,BLACK,W,156,156,44,112,0,0,0.28205128205128205,0.717948717948718,0.0,44,2.2,20.0
P02_BLACK_W_take_0003,P02,BLACK,W,156,156,56,100,0,0,0.358974358974359,0.6410256410256411,0.0,56,2.8,20.0
P02_BLACK_W_take_0004,P02,BLACK,W,155,155,59,96,0,0,0.38064516129032255,0.6193548387096774,0.0,59,2.95,20.0
P02_BLACK_W_take_0005,P02,BLACK,W,156,156,50,106,0,0,0.32051282051282054,0.6794871794871795,0.0,50,2.5,20.0
P02_BLACK_W_take_0006,P02,BLACK,W,155,155,58,97,0,0,0.3741935483870968,0.6258064516129033,0.0,58,2.9,20.0
P02_BLACK_W_take_0007,P02,BLACK,W,152,152,53,99,0,0,0.34868421052631576,0.6513157894736842,0.0,53,2.65,20.0
P02_BLACK_W_take_0008,P02,BLACK,W,149,149,58,91,0,0,0.38926174496644295,0.610738255033557,0.0,58,2.9,20.0
P02_BLACK_W_take_0009,P02,BLACK,W,145,145,44,101,0,0,0.30344827586206896,0.696551724137931,0.0,44,2.2,20.0
P02_BLACK_W_take_0010,P02,BLACK,W,146,146,50,96,0,0,0.3424657534246575,0.6575342465753424,0.0,50,2.5,20.0
P02_BLACK_Y_take_0001,P02,BLACK,Y,151,151,65,86,0,0,0.4304635761589404,0.5695364238410596,0.0,65,3.25,20.0
P02_BLACK_Y_take_0002,P02,BLACK,Y,157,157,53,104,0,0,0.3375796178343949,0.6624203821656051,0.0,53,2.65,20.0
P02_BLACK_Y_take_0003,P02,BLACK,Y,151,151,51,100,0,0,0.33774834437086093,0.6622516556291391,0.0,51,2.55,20.0
P02_BLACK_Y_take_0004,P02,BLACK,Y,151,151,51,100,0,0,0.33774834437086093,0.6622516556291391,0.0,51,2.55,20.0
P02_BLACK_Y_take_0005,P02,BLACK,Y,160,160,58,102,0,0,0.3625,0.6375,0.0,58,2.9,20.0
P02_BLACK_Y_take_0006,P02,BLACK,Y,154,154,54,100,0,0,0.35064935064935066,0.6493506493506493,0.0,54,2.7,20.0
P02_BLACK_Y_take_0007,P02,BLACK,Y,154,154,70,84,0,0,0.45454545454545453,0.5454545454545454,0.0,70,3.5,20.0
P02_BLACK_Y_take_0008,P02,BLACK,Y,153,153,67,86,0,0,0.43790849673202614,0.5620915032679739,0.0,67,3.35,20.0
P02_BLACK_Y_take_0009,P02,BLACK,Y,153,153,53,100,0,0,0.3464052287581699,0.6535947712418301,0.0,53,2.65,20.0
P02_BLACK_Y_take_0010,P02,BLACK,Y,153,153,65,88,0,0,0.42483660130718953,0.5751633986928104,0.0,65,3.25,20.0
P02_BLUE_A_take_0001,P02,BLUE,A,157,157,49,108,0,0,0.31210191082802546,0.6878980891719745,0.0,49,2.45,20.0
P02_BLUE_A_take_0002,P02,BLUE,A,157,157,47,110,0,0,0.29936305732484075,0.7006369426751592,0.0,47,2.35,20.0
P02_BLUE_A_take_0003,P02,BLUE,A,157,157,54,103,0,0,0.34394904458598724,0.6560509554140127,0.0,54,2.7,20.0
P02_BLUE_A_take_0004,P02,BLUE,A,156,156,47,109,0,0,0.30128205128205127,0.6987179487179487,0.0,47,2.35,20.0
P02_BLUE_A_take_0005,P02,BLUE,A,157,157,53,104,0,0,0.3375796178343949,0.6624203821656051,0.0,53,2.65,20.0
P02_BLUE_A_take_0006,P02,BLUE,A,157,157,58,99,0,0,0.36942675159235666,0.6305732484076433,0.0,58,2.9,20.0
P02_BLUE_A_take_0007,P02,BLUE,A,157,157,53,104,0,0,0.3375796178343949,0.6624203821656051,0.0,53,2.65,20.0
P02_BLUE_A_take_0008,P02,BLUE,A,159,159,51,108,0,0,0.32075471698113206,0.6792452830188679,0.0,51,2.55,20.0
P02_BLUE_A_take_0009,P02,BLUE,A,156,156,48,108,0,0,0.3076923076923077,0.6923076923076923,0.0,48,2.4,20.0
P02_BLUE_A_take_0010,P02,BLUE,A,155,155,51,104,0,0,0.32903225806451614,0.6709677419354839,0.0,51,2.55,20.0
P02_BLUE_B_take_0001,P02,BLUE,B,152,152,52,100,0,0,0.34210526315789475,0.6578947368421053,0.0,52,2.6,20.0
P02_BLUE_B_take_0002,P02,BLUE,B,157,157,37,120,0,0,0.2356687898089172,0.7643312101910829,0.0,37,1.85,20.0
P02_BLUE_B_take_0003,P02,BLUE,B,158,158,52,106,0,0,0.3291139240506329,0.6708860759493671,0.0,52,2.6,20.0
P02_BLUE_B_take_0004,P02,BLUE,B,164,164,47,117,0,0,0.2865853658536585,0.7134146341463414,0.0,47,2.35,20.0
P02_BLUE_B_take_0005,P02,BLUE,B,148,148,52,96,0,0,0.35135135135135137,0.6486486486486487,0.0,52,2.6,20.0
P02_BLUE_B_take_0006,P02,BLUE,B,151,151,54,97,0,0,0.3576158940397351,0.6423841059602649,0.0,54,2.7,20.0
P02_BLUE_B_take_0007,P02,BLUE,B,150,150,35,115,0,0,0.23333333333333334,0.7666666666666667,0.0,35,1.75,20.0
P02_BLUE_B_take_0008,P02,BLUE,B,155,155,56,99,0,0,0.36129032258064514,0.6387096774193548,0.0,56,2.8,20.0
P02_BLUE_B_take_0009,P02,BLUE,B,154,154,48,106,0,0,0.3116883116883117,0.6883116883116883,0.0,48,2.4,20.0
P02_BLUE_B_take_0010,P02,BLUE,B,152,152,53,99,0,0,0.34868421052631576,0.6513157894736842,0.0,53,2.65,20.0
P02_BLUE_C_take_0001,P02,BLUE,C,156,156,31,125,0,0,0.1987179487179487,0.8012820512820513,0.0,31,1.55,20.0
P02_BLUE_C_take_0002,P02,BLUE,C,154,154,32,122,0,0,0.2077922077922078,0.7922077922077922,0.0,32,1.6,20.0
P02_BLUE_C_take_0003,P02,BLUE,C,155,155,42,113,0,0,0.2709677419354839,0.7290322580645161,0.0,42,2.1,20.0
P02_BLUE_C_take_0004,P02,BLUE,C,156,156,43,113,0,0,0.27564102564102566,0.7243589743589743,0.0,43,2.15,20.0
P02_BLUE_C_take_0005,P02,BLUE,C,152,152,34,118,0,0,0.2236842105263158,0.7763157894736842,0.0,34,1.7,20.0
P02_BLUE_C_take_0006,P02,BLUE,C,157,157,34,123,0,0,0.21656050955414013,0.7834394904458599,0.0,34,1.7,20.0
P02_BLUE_C_take_0007,P02,BLUE,C,151,151,45,106,0,0,0.2980132450331126,0.7019867549668874,0.0,45,2.25,20.0
P02_BLUE_C_take_0008,P02,BLUE,C,148,148,49,99,0,0,0.3310810810810811,0.668918918918919,0.0,49,2.45,20.0
P02_BLUE_C_take_0009,P02,BLUE,C,156,156,54,102,0,0,0.34615384615384615,0.6538461538461539,0.0,54,2.7,20.0
P02_BLUE_C_take_0010,P02,BLUE,C,147,147,41,106,0,0,0.2789115646258503,0.7210884353741497,0.0,41,2.05,20.0
P02_BLUE_E_take_0001,P02,BLUE,E,156,156,51,105,0,0,0.3269230769230769,0.6730769230769231,0.0,51,2.55,20.0
P02_BLUE_E_take_0002,P02,BLUE,E,158,158,39,119,0,0,0.2468354430379747,0.7531645569620253,0.0,39,1.95,20.0
P02_BLUE_E_take_0003,P02,BLUE,E,159,159,49,110,0,0,0.3081761006289308,0.6918238993710691,0.0,49,2.45,20.0
P02_BLUE_E_take_0004,P02,BLUE,E,153,153,49,104,0,0,0.3202614379084967,0.6797385620915033,0.0,49,2.45,20.0
P02_BLUE_E_take_0005,P02,BLUE,E,151,151,56,95,0,0,0.3708609271523179,0.6291390728476821,0.0,56,2.8,20.0
P02_BLUE_E_take_0006,P02,BLUE,E,156,156,63,93,0,0,0.40384615384615385,0.5961538461538461,0.0,63,3.15,20.0
P02_BLUE_E_take_0007,P02,BLUE,E,151,151,55,96,0,0,0.36423841059602646,0.6357615894039735,0.0,55,2.75,20.0
P02_BLUE_E_take_0008,P02,BLUE,E,150,150,55,95,0,0,0.36666666666666664,0.6333333333333333,0.0,55,2.75,20.0
P02_BLUE_E_take_0009,P02,BLUE,E,165,165,38,127,0,0,0.23030303030303031,0.7696969696969697,0.0,38,1.9,20.0
P02_BLUE_E_take_0010,P02,BLUE,E,153,153,51,102,0,0,0.3333333333333333,0.6666666666666666,0.0,51,2.55,20.0
P02_BLUE_I_take_0001,P02,BLUE,I,161,161,51,87,23,0,0.3167701863354037,0.5403726708074534,0.14285714285714285,51,2.55,20.0
P02_BLUE_I_take_0002,P02,BLUE,I,159,159,60,99,0,0,0.37735849056603776,0.6226415094339622,0.0,60,3.0,20.0
P02_BLUE_I_take_0003,P02,BLUE,I,159,159,40,119,0,0,0.25157232704402516,0.7484276729559748,0.0,40,2.0,20.0
P02_BLUE_I_take_0004,P02,BLUE,I,157,157,48,109,0,0,0.3057324840764331,0.6942675159235668,0.0,48,2.4,20.0
P02_BLUE_I_take_0005,P02,BLUE,I,158,158,40,118,0,0,0.25316455696202533,0.7468354430379747,0.0,40,2.0,20.0
P02_BLUE_I_take_0006,P02,BLUE,I,156,156,54,102,0,0,0.34615384615384615,0.6538461538461539,0.0,54,2.7,20.0
P02_BLUE_I_take_0007,P02,BLUE,I,157,157,48,109,0,0,0.3057324840764331,0.6942675159235668,0.0,48,2.4,20.0
P02_BLUE_I_take_0008,P02,BLUE,I,155,155,65,90,0,0,0.41935483870967744,0.5806451612903226,0.0,65,3.25,20.0
P02_BLUE_I_take_0009,P02,BLUE,I,156,156,45,111,0,0,0.28846153846153844,0.7115384615384616,0.0,45,2.25,20.0
P02_BLUE_I_take_0010,P02,BLUE,I,156,156,56,100,0,0,0.358974358974359,0.6410256410256411,0.0,56,2.8,20.0
P02_BLUE_L_take_0001,P02,BLUE,L,157,157,44,113,0,0,0.2802547770700637,0.7197452229299363,0.0,44,2.2,20.0
P02_BLUE_L_take_0002,P02,BLUE,L,159,159,56,103,0,0,0.3522012578616352,0.6477987421383647,0.0,56,2.8,20.0
P02_BLUE_L_take_0003,P02,BLUE,L,154,154,49,105,0,0,0.3181818181818182,0.6818181818181818,0.0,49,2.45,20.0
P02_BLUE_L_take_0004,P02,BLUE,L,157,157,55,102,0,0,0.3503184713375796,0.6496815286624203,0.0,55,2.75,20.0
P02_BLUE_L_take_0005,P02,BLUE,L,156,156,53,103,0,0,0.33974358974358976,0.6602564102564102,0.0,53,2.65,20.0
P02_BLUE_L_take_0006,P02,BLUE,L,157,157,49,108,0,0,0.31210191082802546,0.6878980891719745,0.0,49,2.45,20.0
P02_BLUE_L_take_0007,P02,BLUE,L,155,155,50,105,0,0,0.3225806451612903,0.6774193548387096,0.0,50,2.5,20.0
P02_BLUE_L_take_0008,P02,BLUE,L,155,155,55,100,0,0,0.3548387096774194,0.6451612903225806,0.0,55,2.75,20.0
P02_BLUE_L_take_0009,P02,BLUE,L,157,157,55,102,0,0,0.3503184713375796,0.6496815286624203,0.0,55,2.75,20.0
P02_BLUE_L_take_0010,P02,BLUE,L,159,159,54,105,0,0,0.33962264150943394,0.660377358490566,0.0,54,2.7,20.0
P02_BLUE_M_take_0001,P02,BLUE,M,153,153,59,94,0,0,0.38562091503267976,0.6143790849673203,0.0,59,2.95,20.0
P02_BLUE_M_take_0002,P02,BLUE,M,154,154,47,107,0,0,0.3051948051948052,0.6948051948051948,0.0,47,2.35,20.0
P02_BLUE_M_take_0003,P02,BLUE,M,154,154,48,106,0,0,0.3116883116883117,0.6883116883116883,0.0,48,2.4,20.0
P02_BLUE_M_take_0004,P02,BLUE,M,155,155,63,92,0,0,0.4064516129032258,0.5935483870967742,0.0,63,3.15,20.0
P02_BLUE_M_take_0005,P02,BLUE,M,155,155,58,97,0,0,0.3741935483870968,0.6258064516129033,0.0,58,2.9,20.0
P02_BLUE_M_take_0006,P02,BLUE,M,161,161,56,105,0,0,0.34782608695652173,0.6521739130434783,0.0,56,2.8,20.0
P02_BLUE_M_take_0007,P02,BLUE,M,151,151,45,106,0,0,0.2980132450331126,0.7019867549668874,0.0,45,2.25,20.0
P02_BLUE_M_take_0008,P02,BLUE,M,160,160,49,111,0,0,0.30625,0.69375,0.0,49,2.45,20.0
P02_BLUE_M_take_0009,P02,BLUE,M,152,152,47,105,0,0,0.3092105263157895,0.6907894736842105,0.0,47,2.35,20.0
P02_BLUE_M_take_0010,P02,BLUE,M,151,151,46,105,0,0,0.304635761589404,0.695364238410596,0.0,46,2.3,20.0
P02_BLUE_N_take_0001,P02,BLUE,N,156,156,54,102,0,0,0.34615384615384615,0.6538461538461539,0.0,54,2.7,20.0
P02_BLUE_N_take_0002,P02,BLUE,N,158,158,50,108,0,0,0.31645569620253167,0.6835443037974683,0.0,50,2.5,20.0
P02_BLUE_N_take_0003,P02,BLUE,N,160,160,58,102,0,0,0.3625,0.6375,0.0,58,2.9,20.0
P02_BLUE_N_take_0004,P02,BLUE,N,157,157,50,107,0,0,0.3184713375796178,0.6815286624203821,0.0,50,2.5,20.0
P02_BLUE_N_take_0005,P02,BLUE,N,157,157,39,118,0,0,0.2484076433121019,0.7515923566878981,0.0,39,1.95,20.0
P02_BLUE_N_take_0006,P02,BLUE,N,160,160,58,102,0,0,0.3625,0.6375,0.0,58,2.9,20.0
P02_BLUE_N_take_0007,P02,BLUE,N,158,158,40,118,0,0,0.25316455696202533,0.7468354430379747,0.0,40,2.0,20.0
P02_BLUE_N_take_0008,P02,BLUE,N,161,161,52,109,0,0,0.32298136645962733,0.6770186335403726,0.0,52,2.6,20.0
P02_BLUE_N_take_0009,P02,BLUE,N,160,160,47,113,0,0,0.29375,0.70625,0.0,47,2.35,20.0
P02_BLUE_N_take_0010,P02,BLUE,N,161,161,49,112,0,0,0.30434782608695654,0.6956521739130435,0.0,49,2.45,20.0
P02_BLUE_O_take_0001,P02,BLUE,O,156,156,50,106,0,0,0.32051282051282054,0.6794871794871795,0.0,50,2.5,20.0
P02_BLUE_O_take_0002,P02,BLUE,O,169,169,80,89,0,0,0.47337278106508873,0.5266272189349113,0.0,80,4.0,20.0
P02_BLUE_O_take_0003,P02,BLUE,O,159,159,61,98,0,0,0.3836477987421384,0.6163522012578616,0.0,61,3.05,20.0
P02_BLUE_O_take_0004,P02,BLUE,O,160,160,57,103,0,0,0.35625,0.64375,0.0,57,2.85,20.0
P02_BLUE_O_take_0005,P02,BLUE,O,156,156,58,98,0,0,0.3717948717948718,0.6282051282051282,0.0,58,2.9,20.0
P02_BLUE_O_take_0006,P02,BLUE,O,156,156,58,98,0,0,0.3717948717948718,0.6282051282051282,0.0,58,2.9,20.0
P02_BLUE_O_take_0007,P02,BLUE,O,168,168,62,106,0,0,0.36904761904761907,0.6309523809523809,0.0,62,3.1,20.0
P02_BLUE_O_take_0008,P02,BLUE,O,173,173,58,115,0,0,0.3352601156069364,0.6647398843930635,0.0,58,2.9,20.0
P02_BLUE_O_take_0009,P02,BLUE,O,157,157,48,109,0,0,0.3057324840764331,0.6942675159235668,0.0,48,2.4,20.0
P02_BLUE_O_take_0010,P02,BLUE,O,161,161,55,106,0,0,0.3416149068322981,0.6583850931677019,0.0,55,2.75,20.0
P02_BLUE_P_take_0001,P02,BLUE,P,156,156,51,105,0,0,0.3269230769230769,0.6730769230769231,0.0,51,2.55,20.0
P02_BLUE_P_take_0002,P02,BLUE,P,156,156,53,103,0,0,0.33974358974358976,0.6602564102564102,0.0,53,2.65,20.0
P02_BLUE_P_take_0003,P02,BLUE,P,155,155,49,106,0,0,0.3161290322580645,0.6838709677419355,0.0,49,2.45,20.0
P02_BLUE_P_take_0004,P02,BLUE,P,151,151,48,103,0,0,0.31788079470198677,0.6821192052980133,0.0,48,2.4,20.0
P02_BLUE_P_take_0005,P02,BLUE,P,155,155,54,101,0,0,0.34838709677419355,0.6516129032258065,0.0,54,2.7,20.0
P02_BLUE_P_take_0006,P02,BLUE,P,156,156,48,108,0,0,0.3076923076923077,0.6923076923076923,0.0,48,2.4,20.0
P02_BLUE_P_take_0007,P02,BLUE,P,156,156,44,112,0,0,0.28205128205128205,0.717948717948718,0.0,44,2.2,20.0
P02_BLUE_P_take_0008,P02,BLUE,P,152,152,48,104,0,0,0.3157894736842105,0.6842105263157895,0.0,48,2.4,20.0
P02_BLUE_P_take_0009,P02,BLUE,P,157,157,56,101,0,0,0.35668789808917195,0.643312101910828,0.0,56,2.8,20.0
P02_BLUE_P_take_0010,P02,BLUE,P,156,156,50,106,0,0,0.32051282051282054,0.6794871794871795,0.0,50,2.5,20.0
P02_BLUE_R_take_0001,P02,BLUE,R,159,159,46,113,0,0,0.2893081761006289,0.710691823899371,0.0,46,2.3,20.0
P02_BLUE_R_take_0002,P02,BLUE,R,154,154,49,105,0,0,0.3181818181818182,0.6818181818181818,0.0,49,2.45,20.0
P02_BLUE_R_take_0003,P02,BLUE,R,157,157,49,108,0,0,0.31210191082802546,0.6878980891719745,0.0,49,2.45,20.0
P02_BLUE_R_take_0004,P02,BLUE,R,158,158,39,119,0,0,0.2468354430379747,0.7531645569620253,0.0,39,1.95,20.0
P02_BLUE_R_take_0005,P02,BLUE,R,158,158,42,116,0,0,0.26582278481012656,0.7341772151898734,0.0,42,2.1,20.0
P02_BLUE_R_take_0006,P02,BLUE,R,159,159,51,108,0,0,0.32075471698113206,0.6792452830188679,0.0,51,2.55,20.0
P02_BLUE_R_take_0007,P02,BLUE,R,162,162,46,116,0,0,0.2839506172839506,0.7160493827160493,0.0,46,2.3,20.0
P02_BLUE_R_take_0008,P02,BLUE,R,158,158,50,108,0,0,0.31645569620253167,0.6835443037974683,0.0,50,2.5,20.0
P02_BLUE_R_take_0009,P02,BLUE,R,154,154,54,100,0,0,0.35064935064935066,0.6493506493506493,0.0,54,2.7,20.0
P02_BLUE_R_take_0010,P02,BLUE,R,152,152,53,99,0,0,0.34868421052631576,0.6513157894736842,0.0,53,2.65,20.0
P02_BLUE_S_take_0001,P02,BLUE,S,157,157,49,108,0,0,0.31210191082802546,0.6878980891719745,0.0,49,2.45,20.0
P02_BLUE_S_take_0002,P02,BLUE,S,156,156,50,106,0,0,0.32051282051282054,0.6794871794871795,0.0,50,2.5,20.0
P02_BLUE_S_take_0003,P02,BLUE,S,155,155,48,107,0,0,0.3096774193548387,0.6903225806451613,0.0,48,2.4,20.0
P02_BLUE_S_take_0004,P02,BLUE,S,152,152,57,95,0,0,0.375,0.625,0.0,57,2.85,20.0
P02_BLUE_S_take_0005,P02,BLUE,S,149,149,52,97,0,0,0.348993288590604,0.6510067114093959,0.0,52,2.6,20.0
P02_BLUE_S_take_0006,P02,BLUE,S,153,153,53,100,0,0,0.3464052287581699,0.6535947712418301,0.0,53,2.65,20.0
P02_BLUE_S_take_0007,P02,BLUE,S,155,155,53,102,0,0,0.3419354838709677,0.6580645161290323,0.0,53,2.65,20.0
P02_BLUE_S_take_0008,P02,BLUE,S,150,150,50,100,0,0,0.3333333333333333,0.6666666666666666,0.0,50,2.5,20.0
P02_BLUE_S_take_0009,P02,BLUE,S,156,156,66,90,0,0,0.4230769230769231,0.5769230769230769,0.0,66,3.3,20.0
P02_BLUE_S_take_0010,P02,BLUE,S,152,152,37,115,0,0,0.24342105263157895,0.756578947368421,0.0,37,1.85,20.0
P02_BLUE_T_take_0001,P02,BLUE,T,156,156,60,96,0,0,0.38461538461538464,0.6153846153846154,0.0,60,3.0,20.0
P02_BLUE_T_take_0002,P02,BLUE,T,151,151,56,95,0,0,0.3708609271523179,0.6291390728476821,0.0,56,2.8,20.0
P02_BLUE_T_take_0003,P02,BLUE,T,147,147,60,87,0,0,0.40816326530612246,0.5918367346938775,0.0,60,3.0,20.0
P02_BLUE_T_take_0004,P02,BLUE,T,157,157,72,85,0,0,0.4585987261146497,0.5414012738853503,0.0,72,3.6,20.0
P02_BLUE_T_take_0005,P02,BLUE,T,160,160,61,99,0,0,0.38125,0.61875,0.0,61,3.05,20.0
P02_BLUE_T_take_0006,P02,BLUE,T,154,154,48,106,0,0,0.3116883116883117,0.6883116883116883,0.0,48,2.4,20.0
P02_BLUE_T_take_0007,P02,BLUE,T,151,151,57,94,0,0,0.37748344370860926,0.6225165562913907,0.0,57,2.85,20.0
P02_BLUE_T_take_0008,P02,BLUE,T,155,155,61,94,0,0,0.3935483870967742,0.6064516129032258,0.0,61,3.05,20.0
P02_BLUE_T_take_0009,P02,BLUE,T,158,158,61,97,0,0,0.3860759493670886,0.6139240506329114,0.0,61,3.05,20.0
P02_BLUE_T_take_0010,P02,BLUE,T,159,159,56,103,0,0,0.3522012578616352,0.6477987421383647,0.0,56,2.8,20.0
P02_BLUE_U_take_0001,P02,BLUE,U,159,159,57,102,0,0,0.3584905660377358,0.6415094339622641,0.0,57,2.85,20.0
P02_BLUE_U_take_0002,P02,BLUE,U,157,157,49,108,0,0,0.31210191082802546,0.6878980891719745,0.0,49,2.45,20.0
P02_BLUE_U_take_0003,P02,BLUE,U,157,157,58,99,0,0,0.36942675159235666,0.6305732484076433,0.0,58,2.9,20.0
P02_BLUE_U_take_0004,P02,BLUE,U,158,158,44,114,0,0,0.27848101265822783,0.7215189873417721,0.0,44,2.2,20.0
P02_BLUE_U_take_0005,P02,BLUE,U,158,158,48,110,0,0,0.3037974683544304,0.6962025316455697,0.0,48,2.4,20.0
P02_BLUE_U_take_0006,P02,BLUE,U,159,159,39,120,0,0,0.24528301886792453,0.7547169811320755,0.0,39,1.95,20.0
P02_BLUE_U_take_0007,P02,BLUE,U,155,155,48,107,0,0,0.3096774193548387,0.6903225806451613,0.0,48,2.4,20.0
P02_BLUE_U_take_0008,P02,BLUE,U,156,156,50,106,0,0,0.32051282051282054,0.6794871794871795,0.0,50,2.5,20.0
P02_BLUE_U_take_0009,P02,BLUE,U,149,149,48,101,0,0,0.3221476510067114,0.6778523489932886,0.0,48,2.4,20.0
P02_BLUE_U_take_0010,P02,BLUE,U,153,153,49,104,0,0,0.3202614379084967,0.6797385620915033,0.0,49,2.45,20.0
P02_BLUE_V_take_0001,P02,BLUE,V,157,157,54,103,0,0,0.34394904458598724,0.6560509554140127,0.0,54,2.7,20.0
P02_BLUE_V_take_0002,P02,BLUE,V,153,153,44,109,0,0,0.2875816993464052,0.7124183006535948,0.0,44,2.2,20.0
P02_BLUE_V_take_0003,P02,BLUE,V,154,154,56,98,0,0,0.36363636363636365,0.6363636363636364,0.0,56,2.8,20.0
P02_BLUE_V_take_0004,P02,BLUE,V,153,153,52,101,0,0,0.33986928104575165,0.6601307189542484,0.0,52,2.6,20.0
P02_BLUE_V_take_0005,P02,BLUE,V,151,151,57,94,0,0,0.37748344370860926,0.6225165562913907,0.0,57,2.85,20.0
P02_BLUE_V_take_0006,P02,BLUE,V,157,157,59,98,0,0,0.37579617834394907,0.6242038216560509,0.0,59,2.95,20.0
P02_BLUE_V_take_0007,P02,BLUE,V,157,157,57,100,0,0,0.3630573248407643,0.6369426751592356,0.0,57,2.85,20.0
P02_BLUE_V_take_0008,P02,BLUE,V,159,159,63,96,0,0,0.39622641509433965,0.6037735849056604,0.0,63,3.15,20.0
P02_BLUE_V_take_0009,P02,BLUE,V,157,157,59,98,0,0,0.37579617834394907,0.6242038216560509,0.0,59,2.95,20.0
P02_BLUE_V_take_0010,P02,BLUE,V,162,162,63,99,0,0,0.3888888888888889,0.6111111111111112,0.0,63,3.15,20.0
P02_BLUE_W_take_0001,P02,BLUE,W,157,157,56,101,0,0,0.35668789808917195,0.643312101910828,0.0,56,2.8,20.0
P02_BLUE_W_take_0002,P02,BLUE,W,157,157,52,105,0,0,0.33121019108280253,0.6687898089171974,0.0,52,2.6,20.0
P02_BLUE_W_take_0003,P02,BLUE,W,153,153,54,99,0,0,0.35294117647058826,0.6470588235294118,0.0,54,2.7,20.0
P02_BLUE_W_take_0004,P02,BLUE,W,154,154,51,103,0,0,0.33116883116883117,0.6688311688311688,0.0,51,2.55,20.0
P02_BLUE_W_take_0005,P02,BLUE,W,147,147,48,99,0,0,0.32653061224489793,0.673469387755102,0.0,48,2.4,20.0
P02_BLUE_W_take_0006,P02,BLUE,W,157,157,54,103,0,0,0.34394904458598724,0.6560509554140127,0.0,54,2.7,20.0
P02_BLUE_W_take_0007,P02,BLUE,W,157,157,55,102,0,0,0.3503184713375796,0.6496815286624203,0.0,55,2.75,20.0
P02_BLUE_W_take_0008,P02,BLUE,W,158,158,56,102,0,0,0.35443037974683544,0.6455696202531646,0.0,56,2.8,20.0
P02_BLUE_W_take_0009,P02,BLUE,W,158,158,58,100,0,0,0.3670886075949367,0.6329113924050633,0.0,58,2.9,20.0
P02_BLUE_W_take_0010,P02,BLUE,W,157,157,36,121,0,0,0.22929936305732485,0.7707006369426752,0.0,36,1.8,20.0
P02_BLUE_Y_take_0001,P02,BLUE,Y,157,157,54,103,0,0,0.34394904458598724,0.6560509554140127,0.0,54,2.7,20.0
P02_BLUE_Y_take_0002,P02,BLUE,Y,159,159,51,108,0,0,0.32075471698113206,0.6792452830188679,0.0,51,2.55,20.0
P02_BLUE_Y_take_0003,P02,BLUE,Y,159,159,47,112,0,0,0.29559748427672955,0.7044025157232704,0.0,47,2.35,20.0
P02_BLUE_Y_take_0004,P02,BLUE,Y,157,157,57,100,0,0,0.3630573248407643,0.6369426751592356,0.0,57,2.85,20.0
P02_BLUE_Y_take_0005,P02,BLUE,Y,151,151,39,112,0,0,0.2582781456953642,0.7417218543046358,0.0,39,1.95,20.0
P02_BLUE_Y_take_0006,P02,BLUE,Y,158,158,51,107,0,0,0.3227848101265823,0.6772151898734177,0.0,51,2.55,20.0
P02_BLUE_Y_take_0007,P02,BLUE,Y,157,157,43,114,0,0,0.27388535031847133,0.7261146496815286,0.0,43,2.15,20.0
P02_BLUE_Y_take_0008,P02,BLUE,Y,154,154,40,114,0,0,0.2597402597402597,0.7402597402597403,0.0,40,2.0,20.0
P02_BLUE_Y_take_0009,P02,BLUE,Y,150,150,48,102,0,0,0.32,0.68,0.0,48,2.4,20.0
P02_BLUE_Y_take_0010,P02,BLUE,Y,155,155,51,104,0,0,0.32903225806451614,0.6709677419354839,0.0,51,2.55,20.0
P02_WHITE_A_take_0001,P02,WHITE,A,181,181,49,132,0,0,0.27071823204419887,0.7292817679558011,0.0,49,2.45,20.0
P02_WHITE_A_take_0002,P02,WHITE,A,182,182,58,124,0,0,0.31868131868131866,0.6813186813186813,0.0,58,2.9,20.0
P02_WHITE_A_take_0003,P02,WHITE,A,181,181,58,123,0,0,0.32044198895027626,0.6795580110497238,0.0,58,2.9,20.0
P02_WHITE_A_take_0004,P02,WHITE,A,181,181,51,130,0,0,0.281767955801105,0.7182320441988951,0.0,51,2.55,20.0
P02_WHITE_A_take_0005,P02,WHITE,A,181,181,61,120,0,0,0.3370165745856354,0.6629834254143646,0.0,61,3.05,20.0
P02_WHITE_A_take_0006,P02,WHITE,A,181,181,62,119,0,0,0.3425414364640884,0.6574585635359116,0.0,62,3.1,20.0
P02_WHITE_A_take_0007,P02,WHITE,A,181,181,54,127,0,0,0.2983425414364641,0.7016574585635359,0.0,54,2.7,20.0
P02_WHITE_A_take_0008,P02,WHITE,A,181,181,92,89,0,0,0.5082872928176796,0.49171270718232046,0.0,92,4.6,20.0
P02_WHITE_A_take_0009,P02,WHITE,A,181,181,72,109,0,0,0.39779005524861877,0.6022099447513812,0.0,72,3.6,20.0
P02_WHITE_A_take_0010,P02,WHITE,A,181,181,74,107,0,0,0.4088397790055249,0.5911602209944752,0.0,74,3.7,20.0
P02_WHITE_B_take_0001,P02,WHITE,B,182,182,70,112,0,0,0.38461538461538464,0.6153846153846154,0.0,70,3.5,20.0
P02_WHITE_B_take_0002,P02,WHITE,B,181,181,73,108,0,0,0.40331491712707185,0.5966850828729282,0.0,73,3.65,20.0
P02_WHITE_B_take_0003,P02,WHITE,B,181,181,65,116,0,0,0.35911602209944754,0.6408839779005525,0.0,65,3.25,20.0
P02_WHITE_B_take_0004,P02,WHITE,B,182,182,61,121,0,0,0.33516483516483514,0.6648351648351648,0.0,61,3.05,20.0
P02_WHITE_B_take_0005,P02,WHITE,B,181,181,59,122,0,0,0.3259668508287293,0.6740331491712708,0.0,59,2.95,20.0
P02_WHITE_B_take_0006,P02,WHITE,B,182,182,64,118,0,0,0.3516483516483517,0.6483516483516484,0.0,64,3.2,20.0
P02_WHITE_B_take_0007,P02,WHITE,B,182,182,61,121,0,0,0.33516483516483514,0.6648351648351648,0.0,61,3.05,20.0
P02_WHITE_B_take_0008,P02,WHITE,B,182,182,66,116,0,0,0.3626373626373626,0.6373626373626373,0.0,66,3.3,20.0
P02_WHITE_B_take_0009,P02,WHITE,B,181,181,75,106,0,0,0.4143646408839779,0.585635359116022,0.0,75,3.75,20.0
P02_WHITE_B_take_0010,P02,WHITE,B,182,182,58,124,0,0,0.31868131868131866,0.6813186813186813,0.0,58,2.9,20.0
P02_WHITE_C_take_0001,P02,WHITE,C,181,181,66,115,0,0,0.36464088397790057,0.6353591160220995,0.0,66,3.3,20.0
P02_WHITE_C_take_0002,P02,WHITE,C,181,181,56,125,0,0,0.30939226519337015,0.6906077348066298,0.0,56,2.8,20.0
P02_WHITE_C_take_0003,P02,WHITE,C,181,181,60,121,0,0,0.3314917127071823,0.6685082872928176,0.0,60,3.0,20.0
P02_WHITE_C_take_0004,P02,WHITE,C,181,181,65,116,0,0,0.35911602209944754,0.6408839779005525,0.0,65,3.25,20.0
P02_WHITE_C_take_0005,P02,WHITE,C,181,181,57,124,0,0,0.3149171270718232,0.6850828729281768,0.0,57,2.85,20.0
P02_WHITE_C_take_0006,P02,WHITE,C,181,181,68,113,0,0,0.3756906077348066,0.6243093922651933,0.0,68,3.4,20.0
P02_WHITE_C_take_0007,P02,WHITE,C,181,181,56,125,0,0,0.30939226519337015,0.6906077348066298,0.0,56,2.8,20.0
P02_WHITE_C_take_0008,P02,WHITE,C,180,180,61,119,0,0,0.3388888888888889,0.6611111111111111,0.0,61,3.05,20.0
P02_WHITE_C_take_0009,P02,WHITE,C,179,179,75,104,0,0,0.41899441340782123,0.5810055865921788,0.0,75,3.75,20.0
P02_WHITE_C_take_0010,P02,WHITE,C,181,181,67,114,0,0,0.3701657458563536,0.6298342541436464,0.0,67,3.35,20.0
P02_WHITE_E_take_0001,P02,WHITE,E,181,181,65,116,0,0,0.35911602209944754,0.6408839779005525,0.0,65,3.25,20.0
P02_WHITE_E_take_0002,P02,WHITE,E,182,182,68,114,0,0,0.37362637362637363,0.6263736263736264,0.0,68,3.4,20.0
P02_WHITE_E_take_0003,P02,WHITE,E,182,182,54,128,0,0,0.2967032967032967,0.7032967032967034,0.0,54,2.7,20.0
P02_WHITE_E_take_0004,P02,WHITE,E,181,181,65,114,2,0,0.35911602209944754,0.6298342541436464,0.011049723756906077,65,3.25,20.0
P02_WHITE_E_take_0005,P02,WHITE,E,180,180,48,132,0,0,0.26666666666666666,0.7333333333333333,0.0,48,2.4,20.0
P02_WHITE_E_take_0006,P02,WHITE,E,181,181,60,121,0,0,0.3314917127071823,0.6685082872928176,0.0,60,3.0,20.0
P02_WHITE_E_take_0007,P02,WHITE,E,180,180,56,124,0,0,0.3111111111111111,0.6888888888888889,0.0,56,2.8,20.0
P02_WHITE_E_take_0008,P02,WHITE,E,182,182,64,118,0,0,0.3516483516483517,0.6483516483516484,0.0,64,3.2,20.0
P02_WHITE_E_take_0009,P02,WHITE,E,181,181,80,101,0,0,0.4419889502762431,0.5580110497237569,0.0,80,4.0,20.0
P02_WHITE_E_take_0010,P02,WHITE,E,181,181,69,112,0,0,0.3812154696132597,0.6187845303867403,0.0,69,3.45,20.0
P02_WHITE_I_take_0001,P02,WHITE,I,181,181,62,119,0,0,0.3425414364640884,0.6574585635359116,0.0,62,3.1,20.0
P02_WHITE_I_take_0002,P02,WHITE,I,181,181,66,115,0,0,0.36464088397790057,0.6353591160220995,0.0,66,3.3,20.0
P02_WHITE_I_take_0003,P02,WHITE,I,181,181,52,129,0,0,0.287292817679558,0.712707182320442,0.0,52,2.6,20.0
P02_WHITE_I_take_0004,P02,WHITE,I,182,182,64,118,0,0,0.3516483516483517,0.6483516483516484,0.0,64,3.2,20.0
P02_WHITE_I_take_0005,P02,WHITE,I,180,180,60,120,0,0,0.3333333333333333,0.6666666666666666,0.0,60,3.0,20.0
P02_WHITE_I_take_0006,P02,WHITE,I,182,182,67,115,0,0,0.36813186813186816,0.6318681318681318,0.0,67,3.35,20.0
P02_WHITE_I_take_0007,P02,WHITE,I,182,182,77,105,0,0,0.4230769230769231,0.5769230769230769,0.0,77,3.85,20.0
P02_WHITE_I_take_0008,P02,WHITE,I,182,182,73,109,0,0,0.4010989010989011,0.5989010989010989,0.0,73,3.65,20.0
P02_WHITE_I_take_0009,P02,WHITE,I,181,181,48,133,0,0,0.26519337016574585,0.7348066298342542,0.0,48,2.4,20.0
P02_WHITE_I_take_0010,P02,WHITE,I,182,182,71,111,0,0,0.3901098901098901,0.6098901098901099,0.0,71,3.55,20.0
P02_WHITE_L_take_0001,P02,WHITE,L,182,182,70,112,0,0,0.38461538461538464,0.6153846153846154,0.0,70,3.5,20.0
P02_WHITE_L_take_0002,P02,WHITE,L,181,181,79,102,0,0,0.43646408839779005,0.56353591160221,0.0,79,3.95,20.0
P02_WHITE_L_take_0003,P02,WHITE,L,182,182,71,111,0,0,0.3901098901098901,0.6098901098901099,0.0,71,3.55,20.0
P02_WHITE_L_take_0004,P02,WHITE,L,180,180,64,116,0,0,0.35555555555555557,0.6444444444444445,0.0,64,3.2,20.0
P02_WHITE_L_take_0005,P02,WHITE,L,181,181,73,108,0,0,0.40331491712707185,0.5966850828729282,0.0,73,3.65,20.0
P02_WHITE_L_take_0006,P02,WHITE,L,181,181,63,118,0,0,0.34806629834254144,0.6519337016574586,0.0,63,3.15,20.0
P02_WHITE_L_take_0007,P02,WHITE,L,182,182,89,93,0,0,0.489010989010989,0.510989010989011,0.0,89,4.45,20.0
P02_WHITE_L_take_0008,P02,WHITE,L,180,180,64,116,0,0,0.35555555555555557,0.6444444444444445,0.0,64,3.2,20.0
P02_WHITE_L_take_0009,P02,WHITE,L,181,181,61,120,0,0,0.3370165745856354,0.6629834254143646,0.0,61,3.05,20.0
P02_WHITE_L_take_0010,P02,WHITE,L,181,181,66,114,1,0,0.36464088397790057,0.6298342541436464,0.0055248618784530384,66,3.3,20.0
P02_WHITE_M_take_0001,P02,WHITE,M,182,182,65,117,0,0,0.35714285714285715,0.6428571428571429,0.0,65,3.25,20.0
P02_WHITE_M_take_0002,P02,WHITE,M,179,179,78,101,0,0,0.43575418994413406,0.5642458100558659,0.0,78,3.9,20.0
P02_WHITE_M_take_0003,P02,WHITE,M,181,181,62,119,0,0,0.3425414364640884,0.6574585635359116,0.0,62,3.1,20.0
P02_WHITE_M_take_0004,P02,WHITE,M,182,182,62,118,2,0,0.34065934065934067,0.6483516483516484,0.01098901098901099,62,3.1,20.0
P02_WHITE_M_take_0005,P02,WHITE,M,181,181,67,114,0,0,0.3701657458563536,0.6298342541436464,0.0,67,3.35,20.0
P02_WHITE_M_take_0006,P02,WHITE,M,182,182,58,124,0,0,0.31868131868131866,0.6813186813186813,0.0,58,2.9,20.0
P02_WHITE_M_take_0007,P02,WHITE,M,181,181,68,113,0,0,0.3756906077348066,0.6243093922651933,0.0,68,3.4,20.0
P02_WHITE_M_take_0008,P02,WHITE,M,182,182,70,112,0,0,0.38461538461538464,0.6153846153846154,0.0,70,3.5,20.0
P02_WHITE_M_take_0009,P02,WHITE,M,181,181,72,109,0,0,0.39779005524861877,0.6022099447513812,0.0,72,3.6,20.0
P02_WHITE_M_take_0010,P02,WHITE,M,182,182,83,99,0,0,0.45604395604395603,0.5439560439560439,0.0,83,4.15,20.0
P02_WHITE_N_take_0001,P02,WHITE,N,182,182,75,107,0,0,0.41208791208791207,0.5879120879120879,0.0,75,3.75,20.0
P02_WHITE_N_take_0002,P02,WHITE,N,182,182,68,114,0,0,0.37362637362637363,0.6263736263736264,0.0,68,3.4,20.0
P02_WHITE_N_take_0003,P02,WHITE,N,182,182,65,117,0,0,0.35714285714285715,0.6428571428571429,0.0,65,3.25,20.0
P02_WHITE_N_take_0004,P02,WHITE,N,181,181,69,112,0,0,0.3812154696132597,0.6187845303867403,0.0,69,3.45,20.0
P02_WHITE_N_take_0005,P02,WHITE,N,182,182,70,112,0,0,0.38461538461538464,0.6153846153846154,0.0,70,3.5,20.0
P02_WHITE_N_take_0006,P02,WHITE,N,181,181,59,122,0,0,0.3259668508287293,0.6740331491712708,0.0,59,2.95,20.0
P02_WHITE_N_take_0007,P02,WHITE,N,181,181,67,114,0,0,0.3701657458563536,0.6298342541436464,0.0,67,3.35,20.0
P02_WHITE_N_take_0008,P02,WHITE,N,180,180,65,115,0,0,0.3611111111111111,0.6388888888888888,0.0,65,3.25,20.0
P02_WHITE_N_take_0009,P02,WHITE,N,181,181,67,114,0,0,0.3701657458563536,0.6298342541436464,0.0,67,3.35,20.0
P02_WHITE_N_take_0010,P02,WHITE,N,182,182,72,110,0,0,0.3956043956043956,0.6043956043956044,0.0,72,3.6,20.0
P02_WHITE_O_take_0001,P02,WHITE,O,181,181,65,116,0,0,0.35911602209944754,0.6408839779005525,0.0,65,3.25,20.0
P02_WHITE_O_take_0002,P02,WHITE,O,182,182,69,113,0,0,0.3791208791208791,0.6208791208791209,0.0,69,3.45,20.0
P02_WHITE_O_take_0003,P02,WHITE,O,181,181,42,139,0,0,0.23204419889502761,0.7679558011049724,0.0,42,2.1,20.0
P02_WHITE_O_take_0004,P02,WHITE,O,182,182,54,128,0,0,0.2967032967032967,0.7032967032967034,0.0,54,2.7,20.0
P02_WHITE_O_take_0005,P02,WHITE,O,181,181,74,107,0,0,0.4088397790055249,0.5911602209944752,0.0,74,3.7,20.0
P02_WHITE_O_take_0006,P02,WHITE,O,181,181,75,106,0,0,0.4143646408839779,0.585635359116022,0.0,75,3.75,20.0
P02_WHITE_O_take_0007,P02,WHITE,O,180,180,65,115,0,0,0.3611111111111111,0.6388888888888888,0.0,65,3.25,20.0
P02_WHITE_O_take_0008,P02,WHITE,O,182,182,66,116,0,0,0.3626373626373626,0.6373626373626373,0.0,66,3.3,20.0
P02_WHITE_O_take_0009,P02,WHITE,O,182,182,69,113,0,0,0.3791208791208791,0.6208791208791209,0.0,69,3.45,20.0
P02_WHITE_O_take_0010,P02,WHITE,O,181,181,73,108,0,0,0.40331491712707185,0.5966850828729282,0.0,73,3.65,20.0
P02_WHITE_P_take_0001,P02,WHITE,P,179,179,82,97,0,0,0.4581005586592179,0.5418994413407822,0.0,82,4.1,20.0
P02_WHITE_P_take_0002,P02,WHITE,P,181,181,69,112,0,0,0.3812154696132597,0.6187845303867403,0.0,69,3.45,20.0
P02_WHITE_P_take_0003,P02,WHITE,P,179,179,64,115,0,0,0.3575418994413408,0.6424581005586593,0.0,64,3.2,20.0
P02_WHITE_P_take_0004,P02,WHITE,P,181,181,65,116,0,0,0.35911602209944754,0.6408839779005525,0.0,65,3.25,20.0
P02_WHITE_P_take_0005,P02,WHITE,P,180,180,72,108,0,0,0.4,0.6,0.0,72,3.6,20.0
P02_WHITE_P_take_0006,P02,WHITE,P,181,181,74,107,0,0,0.4088397790055249,0.5911602209944752,0.0,74,3.7,20.0
P02_WHITE_P_take_0007,P02,WHITE,P,181,181,69,112,0,0,0.3812154696132597,0.6187845303867403,0.0,69,3.45,20.0
P02_WHITE_P_take_0008,P02,WHITE,P,180,180,83,97,0,0,0.46111111111111114,0.5388888888888889,0.0,83,4.15,20.0
P02_WHITE_P_take_0009,P02,WHITE,P,181,181,76,105,0,0,0.4198895027624309,0.580110497237569,0.0,76,3.8,20.0
P02_WHITE_P_take_0010,P02,WHITE,P,180,180,69,111,0,0,0.38333333333333336,0.6166666666666667,0.0,69,3.45,20.0
P02_WHITE_R_take_0001,P02,WHITE,R,181,181,55,126,0,0,0.30386740331491713,0.6961325966850829,0.0,55,2.75,20.0
P02_WHITE_R_take_0002,P02,WHITE,R,182,182,61,121,0,0,0.33516483516483514,0.6648351648351648,0.0,61,3.05,20.0
P02_WHITE_R_take_0003,P02,WHITE,R,181,181,68,113,0,0,0.3756906077348066,0.6243093922651933,0.0,68,3.4,20.0
P02_WHITE_R_take_0004,P02,WHITE,R,182,182,63,119,0,0,0.34615384615384615,0.6538461538461539,0.0,63,3.15,20.0
P02_WHITE_R_take_0005,P02,WHITE,R,182,182,58,124,0,0,0.31868131868131866,0.6813186813186813,0.0,58,2.9,20.0
P02_WHITE_R_take_0006,P02,WHITE,R,181,181,80,101,0,0,0.4419889502762431,0.5580110497237569,0.0,80,4.0,20.0
P02_WHITE_R_take_0007,P02,WHITE,R,182,182,60,122,0,0,0.32967032967032966,0.6703296703296703,0.0,60,3.0,20.0
P02_WHITE_R_take_0008,P02,WHITE,R,181,181,68,113,0,0,0.3756906077348066,0.6243093922651933,0.0,68,3.4,20.0
P02_WHITE_R_take_0009,P02,WHITE,R,181,181,56,125,0,0,0.30939226519337015,0.6906077348066298,0.0,56,2.8,20.0
P02_WHITE_R_take_0010,P02,WHITE,R,180,180,56,124,0,0,0.3111111111111111,0.6888888888888889,0.0,56,2.8,20.0
P02_WHITE_S_take_0001,P02,WHITE,S,182,182,61,121,0,0,0.33516483516483514,0.6648351648351648,0.0,61,3.05,20.0
P02_WHITE_S_take_0002,P02,WHITE,S,182,182,58,124,0,0,0.31868131868131866,0.6813186813186813,0.0,58,2.9,20.0
P02_WHITE_S_take_0003,P02,WHITE,S,182,182,65,117,0,0,0.35714285714285715,0.6428571428571429,0.0,65,3.25,20.0
P02_WHITE_S_take_0004,P02,WHITE,S,182,182,58,124,0,0,0.31868131868131866,0.6813186813186813,0.0,58,2.9,20.0
P02_WHITE_S_take_0005,P02,WHITE,S,181,181,78,103,0,0,0.430939226519337,0.569060773480663,0.0,78,3.9,20.0
P02_WHITE_S_take_0006,P02,WHITE,S,181,181,61,120,0,0,0.3370165745856354,0.6629834254143646,0.0,61,3.05,20.0
P02_WHITE_S_take_0007,P02,WHITE,S,182,182,59,123,0,0,0.3241758241758242,0.6758241758241759,0.0,59,2.95,20.0
P02_WHITE_S_take_0008,P02,WHITE,S,181,181,68,113,0,0,0.3756906077348066,0.6243093922651933,0.0,68,3.4,20.0
P02_WHITE_S_take_0009,P02,WHITE,S,181,181,71,110,0,0,0.39226519337016574,0.6077348066298343,0.0,71,3.55,20.0
P02_WHITE_S_take_0010,P02,WHITE,S,181,181,63,118,0,0,0.34806629834254144,0.6519337016574586,0.0,63,3.15,20.0
P02_WHITE_T_take_0001,P02,WHITE,T,182,182,68,114,0,0,0.37362637362637363,0.6263736263736264,0.0,68,3.4,20.0
P02_WHITE_T_take_0002,P02,WHITE,T,182,182,77,105,0,0,0.4230769230769231,0.5769230769230769,0.0,77,3.85,20.0
P02_WHITE_T_take_0003,P02,WHITE,T,182,182,66,116,0,0,0.3626373626373626,0.6373626373626373,0.0,66,3.3,20.0
P02_WHITE_T_take_0004,P02,WHITE,T,182,182,80,102,0,0,0.43956043956043955,0.5604395604395604,0.0,80,4.0,20.0
P02_WHITE_T_take_0005,P02,WHITE,T,181,181,69,112,0,0,0.3812154696132597,0.6187845303867403,0.0,69,3.45,20.0
P02_WHITE_T_take_0006,P02,WHITE,T,181,181,74,107,0,0,0.4088397790055249,0.5911602209944752,0.0,74,3.7,20.0
P02_WHITE_T_take_0007,P02,WHITE,T,182,182,87,95,0,0,0.47802197802197804,0.521978021978022,0.0,87,4.35,20.0
P02_WHITE_T_take_0008,P02,WHITE,T,182,182,67,115,0,0,0.36813186813186816,0.6318681318681318,0.0,67,3.35,20.0
P02_WHITE_T_take_0009,P02,WHITE,T,139,139,50,89,0,0,0.3597122302158273,0.6402877697841727,0.0,50,2.5,20.0
P02_WHITE_T_take_0010,P02,WHITE,T,181,181,63,118,0,0,0.34806629834254144,0.6519337016574586,0.0,63,3.15,20.0
P02_WHITE_U_take_0001,P02,WHITE,U,174,174,73,101,0,0,0.41954022988505746,0.5804597701149425,0.0,73,3.65,20.0
P02_WHITE_U_take_0002,P02,WHITE,U,173,173,75,98,0,0,0.43352601156069365,0.5664739884393064,0.0,75,3.75,20.0
P02_WHITE_U_take_0003,P02,WHITE,U,170,170,60,110,0,0,0.35294117647058826,0.6470588235294118,0.0,60,3.0,20.0
P02_WHITE_U_take_0004,P02,WHITE,U,170,170,65,105,0,0,0.38235294117647056,0.6176470588235294,0.0,65,3.25,20.0
P02_WHITE_U_take_0005,P02,WHITE,U,174,174,50,124,0,0,0.28735632183908044,0.7126436781609196,0.0,50,2.5,20.0
P02_WHITE_U_take_0006,P02,WHITE,U,171,171,61,110,0,0,0.3567251461988304,0.6432748538011696,0.0,61,3.05,20.0
P02_WHITE_U_take_0007,P02,WHITE,U,177,177,70,107,0,0,0.3954802259887006,0.6045197740112994,0.0,70,3.5,20.0
P02_WHITE_U_take_0008,P02,WHITE,U,173,173,92,81,0,0,0.5317919075144508,0.4682080924855491,0.0,92,4.6,20.0
P02_WHITE_U_take_0009,P02,WHITE,U,178,178,65,113,0,0,0.3651685393258427,0.6348314606741573,0.0,65,3.25,20.0
P02_WHITE_U_take_0010,P02,WHITE,U,177,177,63,114,0,0,0.3559322033898305,0.6440677966101694,0.0,63,3.15,20.0
P02_WHITE_V_take_0001,P02,WHITE,V,181,181,73,108,0,0,0.40331491712707185,0.5966850828729282,0.0,73,3.65,20.0
P02_WHITE_V_take_0002,P02,WHITE,V,180,180,62,118,0,0,0.34444444444444444,0.6555555555555556,0.0,62,3.1,20.0
P02_WHITE_V_take_0003,P02,WHITE,V,181,181,68,113,0,0,0.3756906077348066,0.6243093922651933,0.0,68,3.4,20.0
P02_WHITE_V_take_0004,P02,WHITE,V,181,181,61,120,0,0,0.3370165745856354,0.6629834254143646,0.0,61,3.05,20.0
P02_WHITE_V_take_0005,P02,WHITE,V,182,182,72,110,0,0,0.3956043956043956,0.6043956043956044,0.0,72,3.6,20.0
P02_WHITE_V_take_0006,P02,WHITE,V,180,180,65,115,0,0,0.3611111111111111,0.6388888888888888,0.0,65,3.25,20.0
P02_WHITE_V_take_0007,P02,WHITE,V,181,181,68,113,0,0,0.3756906077348066,0.6243093922651933,0.0,68,3.4,20.0
P02_WHITE_V_take_0008,P02,WHITE,V,183,183,72,111,0,0,0.39344262295081966,0.6065573770491803,0.0,72,3.6,20.0
P02_WHITE_V_take_0009,P02,WHITE,V,182,182,76,106,0,0,0.4175824175824176,0.5824175824175825,0.0,76,3.8,20.0
P02_WHITE_V_take_0010,P02,WHITE,V,181,181,69,112,0,0,0.3812154696132597,0.6187845303867403,0.0,69,3.45,20.0
P02_WHITE_W_take_0001,P02,WHITE,W,181,181,62,119,0,0,0.3425414364640884,0.6574585635359116,0.0,62,3.1,20.0
P02_WHITE_W_take_0002,P02,WHITE,W,180,180,65,115,0,0,0.3611111111111111,0.6388888888888888,0.0,65,3.25,20.0
P02_WHITE_W_take_0003,P02,WHITE,W,181,181,49,132,0,0,0.27071823204419887,0.7292817679558011,0.0,49,2.45,20.0
P02_WHITE_W_take_0004,P02,WHITE,W,181,181,77,103,1,0,0.425414364640884,0.569060773480663,0.0055248618784530384,77,3.85,20.0
P02_WHITE_W_take_0005,P02,WHITE,W,181,181,77,104,0,0,0.425414364640884,0.574585635359116,0.0,77,3.85,20.0
P02_WHITE_W_take_0006,P02,WHITE,W,181,181,61,120,0,0,0.3370165745856354,0.6629834254143646,0.0,61,3.05,20.0
P02_WHITE_W_take_0007,P02,WHITE,W,182,182,55,127,0,0,0.3021978021978022,0.6978021978021978,0.0,55,2.75,20.0
P02_WHITE_W_take_0008,P02,WHITE,W,182,182,66,116,0,0,0.3626373626373626,0.6373626373626373,0.0,66,3.3,20.0
P02_WHITE_W_take_0009,P02,WHITE,W,182,182,69,113,0,0,0.3791208791208791,0.6208791208791209,0.0,69,3.45,20.0
P02_WHITE_W_take_0010,P02,WHITE,W,181,181,57,124,0,0,0.3149171270718232,0.6850828729281768,0.0,57,2.85,20.0
P02_WHITE_Y_take_0001,P02,WHITE,Y,181,181,63,118,0,0,0.34806629834254144,0.6519337016574586,0.0,63,3.15,20.0
P02_WHITE_Y_take_0002,P02,WHITE,Y,180,180,72,108,0,0,0.4,0.6,0.0,72,3.6,20.0
P02_WHITE_Y_take_0003,P02,WHITE,Y,182,182,71,111,0,0,0.3901098901098901,0.6098901098901099,0.0,71,3.55,20.0
P02_WHITE_Y_take_0004,P02,WHITE,Y,181,181,67,114,0,0,0.3701657458563536,0.6298342541436464,0.0,67,3.35,20.0
P02_WHITE_Y_take_0005,P02,WHITE,Y,180,180,68,112,0,0,0.37777777777777777,0.6222222222222222,0.0,68,3.4,20.0
P02_WHITE_Y_take_0006,P02,WHITE,Y,182,182,69,113,0,0,0.3791208791208791,0.6208791208791209,0.0,69,3.45,20.0
P02_WHITE_Y_take_0007,P02,WHITE,Y,181,181,59,122,0,0,0.3259668508287293,0.6740331491712708,0.0,59,2.95,20.0
P02_WHITE_Y_take_0008,P02,WHITE,Y,182,182,62,120,0,0,0.34065934065934067,0.6593406593406593,0.0,62,3.1,20.0
P02_WHITE_Y_take_0009,P02,WHITE,Y,181,181,67,114,0,0,0.3701657458563536,0.6298342541436464,0.0,67,3.35,20.0
P02_WHITE_Y_take_0010,P02,WHITE,Y,182,182,90,92,0,0,0.4945054945054945,0.5054945054945055,0.0,90,4.5,20.0
P03_BLACK_A_take_0001,P03,BLACK,A,159,159,37,122,0,0,0.23270440251572327,0.7672955974842768,0.0,37,1.85,20.0
P03_BLACK_A_take_0002,P03,BLACK,A,161,161,54,107,0,0,0.33540372670807456,0.6645962732919255,0.0,54,2.7,20.0
P03_BLACK_A_take_0003,P03,BLACK,A,157,157,51,106,0,0,0.3248407643312102,0.6751592356687898,0.0,51,2.55,20.0
P03_BLACK_A_take_0004,P03,BLACK,A,159,159,50,109,0,0,0.31446540880503143,0.6855345911949685,0.0,50,2.5,20.0
P03_BLACK_A_take_0005,P03,BLACK,A,161,161,48,113,0,0,0.2981366459627329,0.7018633540372671,0.0,48,2.4,20.0
P03_BLACK_A_take_0006,P03,BLACK,A,158,158,46,112,0,0,0.2911392405063291,0.7088607594936709,0.0,46,2.3,20.0
P03_BLACK_A_take_0007,P03,BLACK,A,125,125,26,99,0,0,0.208,0.792,0.0,26,1.3,20.0
P03_BLACK_A_take_0008,P03,BLACK,A,154,154,44,110,0,0,0.2857142857142857,0.7142857142857143,0.0,44,2.2,20.0
P03_BLACK_A_take_0009,P03,BLACK,A,159,159,53,106,0,0,0.3333333333333333,0.6666666666666666,0.0,53,2.65,20.0
P03_BLACK_A_take_0010,P03,BLACK,A,160,160,47,113,0,0,0.29375,0.70625,0.0,47,2.35,20.0
P03_BLACK_B_take_0001,P03,BLACK,B,158,158,58,100,0,0,0.3670886075949367,0.6329113924050633,0.0,58,2.9,20.0
P03_BLACK_B_take_0002,P03,BLACK,B,159,159,37,122,0,0,0.23270440251572327,0.7672955974842768,0.0,37,1.85,20.0
P03_BLACK_B_take_0003,P03,BLACK,B,161,161,63,98,0,0,0.391304347826087,0.6086956521739131,0.0,63,3.15,20.0
P03_BLACK_B_take_0004,P03,BLACK,B,158,158,48,110,0,0,0.3037974683544304,0.6962025316455697,0.0,48,2.4,20.0
P03_BLACK_B_take_0005,P03,BLACK,B,159,159,42,117,0,0,0.2641509433962264,0.7358490566037735,0.0,42,2.1,20.0
P03_BLACK_B_take_0006,P03,BLACK,B,157,157,47,110,0,0,0.29936305732484075,0.7006369426751592,0.0,47,2.35,20.0
P03_BLACK_B_take_0007,P03,BLACK,B,158,158,43,115,0,0,0.2721518987341772,0.7278481012658228,0.0,43,2.15,20.0
P03_BLACK_B_take_0008,P03,BLACK,B,158,158,49,109,0,0,0.310126582278481,0.689873417721519,0.0,49,2.45,20.0
P03_BLACK_B_take_0009,P03,BLACK,B,155,155,48,107,0,0,0.3096774193548387,0.6903225806451613,0.0,48,2.4,20.0
P03_BLACK_B_take_0010,P03,BLACK,B,158,158,41,117,0,0,0.25949367088607594,0.740506329113924,0.0,41,2.05,20.0
P03_BLACK_C_take_0001,P03,BLACK,C,157,157,49,108,0,0,0.31210191082802546,0.6878980891719745,0.0,49,2.45,20.0
P03_BLACK_C_take_0002,P03,BLACK,C,158,158,53,105,0,0,0.33544303797468356,0.6645569620253164,0.0,53,2.65,20.0
P03_BLACK_C_take_0003,P03,BLACK,C,158,158,52,106,0,0,0.3291139240506329,0.6708860759493671,0.0,52,2.6,20.0
P03_BLACK_C_take_0004,P03,BLACK,C,159,159,53,106,0,0,0.3333333333333333,0.6666666666666666,0.0,53,2.65,20.0
P03_BLACK_C_take_0005,P03,BLACK,C,160,160,49,111,0,0,0.30625,0.69375,0.0,49,2.45,20.0
P03_BLACK_C_take_0006,P03,BLACK,C,158,158,51,107,0,0,0.3227848101265823,0.6772151898734177,0.0,51,2.55,20.0
P03_BLACK_C_take_0007,P03,BLACK,C,157,157,55,102,0,0,0.3503184713375796,0.6496815286624203,0.0,55,2.75,20.0
P03_BLACK_C_take_0008,P03,BLACK,C,158,158,54,104,0,0,0.34177215189873417,0.6582278481012658,0.0,54,2.7,20.0
P03_BLACK_C_take_0009,P03,BLACK,C,160,160,63,97,0,0,0.39375,0.60625,0.0,63,3.15,20.0
P03_BLACK_C_take_0010,P03,BLACK,C,157,157,43,114,0,0,0.27388535031847133,0.7261146496815286,0.0,43,2.15,20.0
P03_BLACK_E_take_0001,P03,BLACK,E,161,161,47,114,0,0,0.2919254658385093,0.7080745341614907,0.0,47,2.35,20.0
P03_BLACK_E_take_0002,P03,BLACK,E,164,164,33,131,0,0,0.20121951219512196,0.7987804878048781,0.0,33,1.65,20.0
P03_BLACK_E_take_0003,P03,BLACK,E,165,165,53,112,0,0,0.3212121212121212,0.6787878787878788,0.0,53,2.65,20.0
P03_BLACK_E_take_0004,P03,BLACK,E,156,156,46,110,0,0,0.2948717948717949,0.7051282051282052,0.0,46,2.3,20.0
P03_BLACK_E_take_0005,P03,BLACK,E,162,162,59,103,0,0,0.36419753086419754,0.6358024691358025,0.0,59,2.95,20.0
P03_BLACK_E_take_0006,P03,BLACK,E,162,162,53,109,0,0,0.3271604938271605,0.6728395061728395,0.0,53,2.65,20.0
P03_BLACK_E_take_0007,P03,BLACK,E,159,159,54,105,0,0,0.33962264150943394,0.660377358490566,0.0,54,2.7,20.0
P03_BLACK_E_take_0008,P03,BLACK,E,160,160,44,116,0,0,0.275,0.725,0.0,44,2.2,20.0
P03_BLACK_E_take_0009,P03,BLACK,E,163,163,54,109,0,0,0.3312883435582822,0.6687116564417178,0.0,54,2.7,20.0
P03_BLACK_E_take_0010,P03,BLACK,E,158,158,48,110,0,0,0.3037974683544304,0.6962025316455697,0.0,48,2.4,20.0
P03_BLACK_I_take_0001,P03,BLACK,I,158,158,38,120,0,0,0.24050632911392406,0.759493670886076,0.0,38,1.9,20.0
P03_BLACK_I_take_0002,P03,BLACK,I,160,160,50,110,0,0,0.3125,0.6875,0.0,50,2.5,20.0
P03_BLACK_I_take_0003,P03,BLACK,I,156,156,41,115,0,0,0.26282051282051283,0.7371794871794872,0.0,41,2.05,20.0
P03_BLACK_I_take_0004,P03,BLACK,I,156,156,43,113,0,0,0.27564102564102566,0.7243589743589743,0.0,43,2.15,20.0
P03_BLACK_I_take_0005,P03,BLACK,I,157,157,43,114,0,0,0.27388535031847133,0.7261146496815286,0.0,43,2.15,20.0
P03_BLACK_I_take_0006,P03,BLACK,I,157,157,54,103,0,0,0.34394904458598724,0.6560509554140127,0.0,54,2.7,20.0
P03_BLACK_I_take_0007,P03,BLACK,I,156,156,54,102,0,0,0.34615384615384615,0.6538461538461539,0.0,54,2.7,20.0
P03_BLACK_I_take_0008,P03,BLACK,I,160,160,49,111,0,0,0.30625,0.69375,0.0,49,2.45,20.0
P03_BLACK_I_take_0009,P03,BLACK,I,158,158,51,107,0,0,0.3227848101265823,0.6772151898734177,0.0,51,2.55,20.0
P03_BLACK_I_take_0010,P03,BLACK,I,155,155,49,106,0,0,0.3161290322580645,0.6838709677419355,0.0,49,2.45,20.0
P03_BLACK_L_take_0001,P03,BLACK,L,166,166,40,126,0,0,0.24096385542168675,0.7590361445783133,0.0,40,2.0,20.0
P03_BLACK_L_take_0002,P03,BLACK,L,157,157,49,108,0,0,0.31210191082802546,0.6878980891719745,0.0,49,2.45,20.0
P03_BLACK_L_take_0003,P03,BLACK,L,161,161,46,115,0,0,0.2857142857142857,0.7142857142857143,0.0,46,2.3,20.0
P03_BLACK_L_take_0004,P03,BLACK,L,156,156,52,104,0,0,0.3333333333333333,0.6666666666666666,0.0,52,2.6,20.0
P03_BLACK_L_take_0005,P03,BLACK,L,157,157,54,103,0,0,0.34394904458598724,0.6560509554140127,0.0,54,2.7,20.0
P03_BLACK_L_take_0006,P03,BLACK,L,156,156,37,119,0,0,0.23717948717948717,0.7628205128205128,0.0,37,1.85,20.0
P03_BLACK_L_take_0007,P03,BLACK,L,157,157,53,104,0,0,0.3375796178343949,0.6624203821656051,0.0,53,2.65,20.0
P03_BLACK_L_take_0008,P03,BLACK,L,164,164,45,119,0,0,0.27439024390243905,0.725609756097561,0.0,45,2.25,20.0
P03_BLACK_L_take_0009,P03,BLACK,L,157,157,48,109,0,0,0.3057324840764331,0.6942675159235668,0.0,48,2.4,20.0
P03_BLACK_L_take_0010,P03,BLACK,L,159,159,47,112,0,0,0.29559748427672955,0.7044025157232704,0.0,47,2.35,20.0
P03_BLACK_M_take_0001,P03,BLACK,M,162,162,45,117,0,0,0.2777777777777778,0.7222222222222222,0.0,45,2.25,20.0
P03_BLACK_M_take_0002,P03,BLACK,M,161,161,48,113,0,0,0.2981366459627329,0.7018633540372671,0.0,48,2.4,20.0
P03_BLACK_M_take_0003,P03,BLACK,M,159,159,46,113,0,0,0.2893081761006289,0.710691823899371,0.0,46,2.3,20.0
P03_BLACK_M_take_0004,P03,BLACK,M,155,155,41,114,0,0,0.2645161290322581,0.7354838709677419,0.0,41,2.05,20.0
P03_BLACK_M_take_0005,P03,BLACK,M,161,161,56,105,0,0,0.34782608695652173,0.6521739130434783,0.0,56,2.8,20.0
P03_BLACK_M_take_0006,P03,BLACK,M,159,159,69,90,0,0,0.4339622641509434,0.5660377358490566,0.0,69,3.45,20.0
P03_BLACK_M_take_0007,P03,BLACK,M,157,157,58,99,0,0,0.36942675159235666,0.6305732484076433,0.0,58,2.9,20.0
P03_BLACK_M_take_0008,P03,BLACK,M,160,160,42,118,0,0,0.2625,0.7375,0.0,42,2.1,20.0
P03_BLACK_M_take_0009,P03,BLACK,M,159,159,46,113,0,0,0.2893081761006289,0.710691823899371,0.0,46,2.3,20.0
P03_BLACK_M_take_0010,P03,BLACK,M,156,156,37,119,0,0,0.23717948717948717,0.7628205128205128,0.0,37,1.85,20.0
P03_BLACK_N_take_0001,P03,BLACK,N,162,162,46,116,0,0,0.2839506172839506,0.7160493827160493,0.0,46,2.3,20.0
P03_BLACK_N_take_0002,P03,BLACK,N,159,159,54,105,0,0,0.33962264150943394,0.660377358490566,0.0,54,2.7,20.0
P03_BLACK_N_take_0003,P03,BLACK,N,157,157,54,103,0,0,0.34394904458598724,0.6560509554140127,0.0,54,2.7,20.0
P03_BLACK_N_take_0004,P03,BLACK,N,158,158,51,107,0,0,0.3227848101265823,0.6772151898734177,0.0,51,2.55,20.0
P03_BLACK_N_take_0005,P03,BLACK,N,158,158,48,110,0,0,0.3037974683544304,0.6962025316455697,0.0,48,2.4,20.0
P03_BLACK_N_take_0006,P03,BLACK,N,157,157,56,101,0,0,0.35668789808917195,0.643312101910828,0.0,56,2.8,20.0
P03_BLACK_N_take_0007,P03,BLACK,N,164,164,40,124,0,0,0.24390243902439024,0.7560975609756098,0.0,40,2.0,20.0
P03_BLACK_N_take_0008,P03,BLACK,N,157,157,34,123,0,0,0.21656050955414013,0.7834394904458599,0.0,34,1.7,20.0
P03_BLACK_N_take_0009,P03,BLACK,N,157,157,33,124,0,0,0.21019108280254778,0.7898089171974523,0.0,33,1.65,20.0
P03_BLACK_N_take_0010,P03,BLACK,N,162,162,62,100,0,0,0.38271604938271603,0.6172839506172839,0.0,62,3.1,20.0
P03_BLACK_O_take_0001,P03,BLACK,O,165,165,45,120,0,0,0.2727272727272727,0.7272727272727273,0.0,45,2.25,20.0
P03_BLACK_O_take_0002,P03,BLACK,O,165,165,49,116,0,0,0.296969696969697,0.703030303030303,0.0,49,2.45,20.0
P03_BLACK_O_take_0003,P03,BLACK,O,163,163,51,112,0,0,0.3128834355828221,0.6871165644171779,0.0,51,2.55,20.0
P03_BLACK_O_take_0004,P03,BLACK,O,166,166,41,125,0,0,0.2469879518072289,0.7530120481927711,0.0,41,2.05,20.0
P03_BLACK_O_take_0005,P03,BLACK,O,162,162,42,120,0,0,0.25925925925925924,0.7407407407407407,0.0,42,2.1,20.0
P03_BLACK_O_take_0006,P03,BLACK,O,157,157,48,109,0,0,0.3057324840764331,0.6942675159235668,0.0,48,2.4,20.0
P03_BLACK_O_take_0007,P03,BLACK,O,158,158,55,103,0,0,0.34810126582278483,0.6518987341772152,0.0,55,2.75,20.0
P03_BLACK_O_take_0008,P03,BLACK,O,157,157,51,106,0,0,0.3248407643312102,0.6751592356687898,0.0,51,2.55,20.0
P03_BLACK_O_take_0009,P03,BLACK,O,158,158,46,112,0,0,0.2911392405063291,0.7088607594936709,0.0,46,2.3,20.0
P03_BLACK_O_take_0010,P03,BLACK,O,162,162,44,118,0,0,0.2716049382716049,0.7283950617283951,0.0,44,2.2,20.0
P03_BLACK_P_take_0001,P03,BLACK,P,159,159,44,115,0,0,0.27672955974842767,0.7232704402515723,0.0,44,2.2,20.0
P03_BLACK_P_take_0002,P03,BLACK,P,157,157,44,113,0,0,0.2802547770700637,0.7197452229299363,0.0,44,2.2,20.0
P03_BLACK_P_take_0003,P03,BLACK,P,158,158,56,102,0,0,0.35443037974683544,0.6455696202531646,0.0,56,2.8,20.0
P03_BLACK_P_take_0004,P03,BLACK,P,159,159,54,105,0,0,0.33962264150943394,0.660377358490566,0.0,54,2.7,20.0
P03_BLACK_P_take_0005,P03,BLACK,P,158,158,52,106,0,0,0.3291139240506329,0.6708860759493671,0.0,52,2.6,20.0
P03_BLACK_P_take_0006,P03,BLACK,P,154,154,46,108,0,0,0.2987012987012987,0.7012987012987013,0.0,46,2.3,20.0
P03_BLACK_P_take_0007,P03,BLACK,P,158,158,37,121,0,0,0.23417721518987342,0.7658227848101266,0.0,37,1.85,20.0
P03_BLACK_P_take_0008,P03,BLACK,P,156,156,52,104,0,0,0.3333333333333333,0.6666666666666666,0.0,52,2.6,20.0
P03_BLACK_P_take_0009,P03,BLACK,P,164,164,53,111,0,0,0.3231707317073171,0.676829268292683,0.0,53,2.65,20.0
P03_BLACK_P_take_0010,P03,BLACK,P,157,157,47,110,0,0,0.29936305732484075,0.7006369426751592,0.0,47,2.35,20.0
P03_BLACK_R_take_0001,P03,BLACK,R,156,156,53,103,0,0,0.33974358974358976,0.6602564102564102,0.0,53,2.65,20.0
P03_BLACK_R_take_0002,P03,BLACK,R,158,158,52,106,0,0,0.3291139240506329,0.6708860759493671,0.0,52,2.6,20.0
P03_BLACK_R_take_0003,P03,BLACK,R,157,157,40,117,0,0,0.25477707006369427,0.7452229299363057,0.0,40,2.0,20.0
P03_BLACK_R_take_0004,P03,BLACK,R,159,159,55,104,0,0,0.34591194968553457,0.6540880503144654,0.0,55,2.75,20.0
P03_BLACK_R_take_0005,P03,BLACK,R,156,156,47,109,0,0,0.30128205128205127,0.6987179487179487,0.0,47,2.35,20.0
P03_BLACK_R_take_0006,P03,BLACK,R,157,157,56,101,0,0,0.35668789808917195,0.643312101910828,0.0,56,2.8,20.0
P03_BLACK_R_take_0007,P03,BLACK,R,157,157,53,104,0,0,0.3375796178343949,0.6624203821656051,0.0,53,2.65,20.0
P03_BLACK_R_take_0008,P03,BLACK,R,158,158,55,103,0,0,0.34810126582278483,0.6518987341772152,0.0,55,2.75,20.0
P03_BLACK_R_take_0009,P03,BLACK,R,159,159,47,112,0,0,0.29559748427672955,0.7044025157232704,0.0,47,2.35,20.0
P03_BLACK_R_take_0010,P03,BLACK,R,157,157,48,109,0,0,0.3057324840764331,0.6942675159235668,0.0,48,2.4,20.0
P03_BLACK_S_take_0001,P03,BLACK,S,164,164,47,117,0,0,0.2865853658536585,0.7134146341463414,0.0,47,2.35,20.0
P03_BLACK_S_take_0002,P03,BLACK,S,162,162,28,134,0,0,0.1728395061728395,0.8271604938271605,0.0,28,1.4,20.0
P03_BLACK_S_take_0003,P03,BLACK,S,161,161,36,125,0,0,0.2236024844720497,0.7763975155279503,0.0,36,1.8,20.0
P03_BLACK_S_take_0004,P03,BLACK,S,160,160,49,111,0,0,0.30625,0.69375,0.0,49,2.45,20.0
P03_BLACK_S_take_0005,P03,BLACK,S,159,159,50,109,0,0,0.31446540880503143,0.6855345911949685,0.0,50,2.5,20.0
P03_BLACK_S_take_0006,P03,BLACK,S,160,160,57,103,0,0,0.35625,0.64375,0.0,57,2.85,20.0
P03_BLACK_S_take_0007,P03,BLACK,S,158,158,52,106,0,0,0.3291139240506329,0.6708860759493671,0.0,52,2.6,20.0
P03_BLACK_S_take_0008,P03,BLACK,S,160,160,56,104,0,0,0.35,0.65,0.0,56,2.8,20.0
P03_BLACK_S_take_0009,P03,BLACK,S,165,165,57,108,0,0,0.34545454545454546,0.6545454545454545,0.0,57,2.85,20.0
P03_BLACK_S_take_0010,P03,BLACK,S,161,161,53,108,0,0,0.32919254658385094,0.6708074534161491,0.0,53,2.65,20.0
P03_BLACK_T_take_0001,P03,BLACK,T,164,164,51,113,0,0,0.31097560975609756,0.6890243902439024,0.0,51,2.55,20.0
P03_BLACK_T_take_0002,P03,BLACK,T,158,158,53,105,0,0,0.33544303797468356,0.6645569620253164,0.0,53,2.65,20.0
P03_BLACK_T_take_0003,P03,BLACK,T,165,165,51,114,0,0,0.3090909090909091,0.6909090909090909,0.0,51,2.55,20.0
P03_BLACK_T_take_0004,P03,BLACK,T,163,163,52,111,0,0,0.31901840490797545,0.6809815950920245,0.0,52,2.6,20.0
P03_BLACK_T_take_0005,P03,BLACK,T,161,161,33,128,0,0,0.20496894409937888,0.7950310559006211,0.0,33,1.65,20.0
P03_BLACK_T_take_0006,P03,BLACK,T,162,162,51,111,0,0,0.3148148148148148,0.6851851851851852,0.0,51,2.55,20.0
P03_BLACK_T_take_0007,P03,BLACK,T,162,162,45,117,0,0,0.2777777777777778,0.7222222222222222,0.0,45,2.25,20.0
P03_BLACK_T_take_0008,P03,BLACK,T,159,159,61,98,0,0,0.3836477987421384,0.6163522012578616,0.0,61,3.05,20.0
P03_BLACK_T_take_0009,P03,BLACK,T,158,158,41,117,0,0,0.25949367088607594,0.740506329113924,0.0,41,2.05,20.0
P03_BLACK_T_take_0010,P03,BLACK,T,159,159,44,115,0,0,0.27672955974842767,0.7232704402515723,0.0,44,2.2,20.0
P03_BLACK_U_take_0001,P03,BLACK,U,158,158,58,100,0,0,0.3670886075949367,0.6329113924050633,0.0,58,2.9,20.0
P03_BLACK_U_take_0002,P03,BLACK,U,154,154,52,102,0,0,0.33766233766233766,0.6623376623376623,0.0,52,2.6,20.0
P03_BLACK_U_take_0003,P03,BLACK,U,154,154,52,102,0,0,0.33766233766233766,0.6623376623376623,0.0,52,2.6,20.0
P03_BLACK_U_take_0004,P03,BLACK,U,156,156,41,115,0,0,0.26282051282051283,0.7371794871794872,0.0,41,2.05,20.0
P03_BLACK_U_take_0005,P03,BLACK,U,154,154,47,106,1,0,0.3051948051948052,0.6883116883116883,0.006493506493506494,47,2.35,20.0
P03_BLACK_U_take_0006,P03,BLACK,U,153,153,51,102,0,0,0.3333333333333333,0.6666666666666666,0.0,51,2.55,20.0
P03_BLACK_U_take_0007,P03,BLACK,U,155,155,60,95,0,0,0.3870967741935484,0.6129032258064516,0.0,60,3.0,20.0
P03_BLACK_U_take_0008,P03,BLACK,U,154,154,49,105,0,0,0.3181818181818182,0.6818181818181818,0.0,49,2.45,20.0
P03_BLACK_U_take_0009,P03,BLACK,U,156,156,44,112,0,0,0.28205128205128205,0.717948717948718,0.0,44,2.2,20.0
P03_BLACK_U_take_0010,P03,BLACK,U,154,154,35,119,0,0,0.22727272727272727,0.7727272727272727,0.0,35,1.75,20.0
P03_BLACK_V_take_0001,P03,BLACK,V,162,162,50,112,0,0,0.30864197530864196,0.691358024691358,0.0,50,2.5,20.0
P03_BLACK_V_take_0002,P03,BLACK,V,164,164,45,119,0,0,0.27439024390243905,0.725609756097561,0.0,45,2.25,20.0
P03_BLACK_V_take_0003,P03,BLACK,V,161,161,64,97,0,0,0.39751552795031053,0.6024844720496895,0.0,64,3.2,20.0
P03_BLACK_V_take_0004,P03,BLACK,V,158,158,55,103,0,0,0.34810126582278483,0.6518987341772152,0.0,55,2.75,20.0
P03_BLACK_V_take_0005,P03,BLACK,V,158,158,55,103,0,0,0.34810126582278483,0.6518987341772152,0.0,55,2.75,20.0
P03_BLACK_V_take_0006,P03,BLACK,V,157,157,46,111,0,0,0.2929936305732484,0.7070063694267515,0.0,46,2.3,20.0
P03_BLACK_V_take_0007,P03,BLACK,V,162,162,52,110,0,0,0.32098765432098764,0.6790123456790124,0.0,52,2.6,20.0
P03_BLACK_V_take_0008,P03,BLACK,V,158,158,49,109,0,0,0.310126582278481,0.689873417721519,0.0,49,2.45,20.0
P03_BLACK_V_take_0009,P03,BLACK,V,160,160,50,110,0,0,0.3125,0.6875,0.0,50,2.5,20.0
P03_BLACK_V_take_0010,P03,BLACK,V,159,159,53,106,0,0,0.3333333333333333,0.6666666666666666,0.0,53,2.65,20.0
P03_BLACK_W_take_0001,P03,BLACK,W,158,158,50,108,0,0,0.31645569620253167,0.6835443037974683,0.0,50,2.5,20.0
P03_BLACK_W_take_0002,P03,BLACK,W,156,156,50,106,0,0,0.32051282051282054,0.6794871794871795,0.0,50,2.5,20.0
P03_BLACK_W_take_0003,P03,BLACK,W,157,157,53,104,0,0,0.3375796178343949,0.6624203821656051,0.0,53,2.65,20.0
P03_BLACK_W_take_0004,P03,BLACK,W,154,154,51,103,0,0,0.33116883116883117,0.6688311688311688,0.0,51,2.55,20.0
P03_BLACK_W_take_0005,P03,BLACK,W,156,156,51,105,0,0,0.3269230769230769,0.6730769230769231,0.0,51,2.55,20.0
P03_BLACK_W_take_0006,P03,BLACK,W,156,156,44,112,0,0,0.28205128205128205,0.717948717948718,0.0,44,2.2,20.0
P03_BLACK_W_take_0007,P03,BLACK,W,153,153,56,97,0,0,0.3660130718954248,0.6339869281045751,0.0,56,2.8,20.0
P03_BLACK_W_take_0008,P03,BLACK,W,156,156,50,106,0,0,0.32051282051282054,0.6794871794871795,0.0,50,2.5,20.0
P03_BLACK_W_take_0009,P03,BLACK,W,156,156,56,100,0,0,0.358974358974359,0.6410256410256411,0.0,56,2.8,20.0
P03_BLACK_W_take_0010,P03,BLACK,W,156,156,53,103,0,0,0.33974358974358976,0.6602564102564102,0.0,53,2.65,20.0
P03_BLACK_Y_take_0001,P03,BLACK,Y,161,161,44,117,0,0,0.2732919254658385,0.7267080745341615,0.0,44,2.2,20.0
P03_BLACK_Y_take_0002,P03,BLACK,Y,158,158,49,109,0,0,0.310126582278481,0.689873417721519,0.0,49,2.45,20.0
P03_BLACK_Y_take_0003,P03,BLACK,Y,159,159,44,115,0,0,0.27672955974842767,0.7232704402515723,0.0,44,2.2,20.0
P03_BLACK_Y_take_0004,P03,BLACK,Y,158,158,50,108,0,0,0.31645569620253167,0.6835443037974683,0.0,50,2.5,20.0
P03_BLACK_Y_take_0005,P03,BLACK,Y,156,156,57,99,0,0,0.36538461538461536,0.6346153846153846,0.0,57,2.85,20.0
P03_BLACK_Y_take_0006,P03,BLACK,Y,157,157,49,108,0,0,0.31210191082802546,0.6878980891719745,0.0,49,2.45,20.0
P03_BLACK_Y_take_0007,P03,BLACK,Y,161,161,51,110,0,0,0.3167701863354037,0.6832298136645962,0.0,51,2.55,20.0
P03_BLACK_Y_take_0008,P03,BLACK,Y,162,162,54,108,0,0,0.3333333333333333,0.6666666666666666,0.0,54,2.7,20.0
P03_BLACK_Y_take_0009,P03,BLACK,Y,163,163,58,105,0,0,0.3558282208588957,0.6441717791411042,0.0,58,2.9,20.0
P03_BLACK_Y_take_0010,P03,BLACK,Y,160,160,47,113,0,0,0.29375,0.70625,0.0,47,2.35,20.0
P03_BLUE_A_take_0001,P03,BLUE,A,162,162,50,112,0,0,0.30864197530864196,0.691358024691358,0.0,50,2.5,20.0
P03_BLUE_A_take_0002,P03,BLUE,A,165,165,54,111,0,0,0.32727272727272727,0.6727272727272727,0.0,54,2.7,20.0
P03_BLUE_A_take_0003,P03,BLUE,A,162,162,53,105,4,0,0.3271604938271605,0.6481481481481481,0.024691358024691357,53,2.65,20.0
P03_BLUE_A_take_0004,P03,BLUE,A,167,167,54,101,12,0,0.32335329341317365,0.6047904191616766,0.0718562874251497,54,2.7,20.0
P03_BLUE_A_take_0005,P03,BLUE,A,162,162,51,111,0,0,0.3148148148148148,0.6851851851851852,0.0,51,2.55,20.0
P03_BLUE_A_take_0006,P03,BLUE,A,166,166,51,115,0,0,0.3072289156626506,0.6927710843373494,0.0,51,2.55,20.0
P03_BLUE_A_take_0007,P03,BLUE,A,163,163,51,112,0,0,0.3128834355828221,0.6871165644171779,0.0,51,2.55,20.0
P03_BLUE_A_take_0008,P03,BLUE,A,165,165,50,115,0,0,0.30303030303030304,0.696969696969697,0.0,50,2.5,20.0
P03_BLUE_A_take_0009,P03,BLUE,A,163,163,53,110,0,0,0.32515337423312884,0.6748466257668712,0.0,53,2.65,20.0
P03_BLUE_A_take_0010,P03,BLUE,A,158,158,42,116,0,0,0.26582278481012656,0.7341772151898734,0.0,42,2.1,20.0
P03_BLUE_B_take_0001,P03,BLUE,B,163,163,39,124,0,0,0.2392638036809816,0.7607361963190185,0.0,39,1.95,20.0
P03_BLUE_B_take_0002,P03,BLUE,B,164,164,42,122,0,0,0.25609756097560976,0.7439024390243902,0.0,42,2.1,20.0
P03_BLUE_B_take_0003,P03,BLUE,B,164,164,51,113,0,0,0.31097560975609756,0.6890243902439024,0.0,51,2.55,20.0
P03_BLUE_B_take_0004,P03,BLUE,B,163,163,41,122,0,0,0.25153374233128833,0.7484662576687117,0.0,41,2.05,20.0
P03_BLUE_B_take_0005,P03,BLUE,B,164,164,33,129,2,0,0.20121951219512196,0.7865853658536586,0.012195121951219513,33,1.65,20.0
P03_BLUE_B_take_0006,P03,BLUE,B,166,166,46,98,22,0,0.27710843373493976,0.5903614457831325,0.13253012048192772,46,2.3,20.0
P03_BLUE_B_take_0007,P03,BLUE,B,163,163,50,113,0,0,0.3067484662576687,0.6932515337423313,0.0,50,2.5,20.0
P03_BLUE_B_take_0008,P03,BLUE,B,163,163,36,127,0,0,0.22085889570552147,0.7791411042944786,0.0,36,1.8,20.0
P03_BLUE_B_take_0009,P03,BLUE,B,163,163,36,110,17,0,0.22085889570552147,0.6748466257668712,0.10429447852760736,36,1.8,20.0
P03_BLUE_B_take_0010,P03,BLUE,B,161,161,43,118,0,0,0.2670807453416149,0.7329192546583851,0.0,43,2.15,20.0
P03_BLUE_C_take_0001,P03,BLUE,C,165,165,59,103,3,0,0.3575757575757576,0.6242424242424243,0.01818181818181818,59,2.95,20.0
P03_BLUE_C_take_0002,P03,BLUE,C,164,164,57,107,0,0,0.3475609756097561,0.6524390243902439,0.0,57,2.85,20.0
P03_BLUE_C_take_0003,P03,BLUE,C,161,161,47,114,0,0,0.2919254658385093,0.7080745341614907,0.0,47,2.35,20.0
P03_BLUE_C_take_0004,P03,BLUE,C,165,165,45,117,3,0,0.2727272727272727,0.7090909090909091,0.01818181818181818,45,2.25,20.0
P03_BLUE_C_take_0005,P03,BLUE,C,169,169,58,111,0,0,0.3431952662721893,0.6568047337278107,0.0,58,2.9,20.0
P03_BLUE_C_take_0006,P03,BLUE,C,168,168,51,117,0,0,0.30357142857142855,0.6964285714285714,0.0,51,2.55,20.0
P03_BLUE_C_take_0007,P03,BLUE,C,165,165,38,127,0,0,0.23030303030303031,0.7696969696969697,0.0,38,1.9,20.0
P03_BLUE_C_take_0008,P03,BLUE,C,164,164,44,120,0,0,0.2682926829268293,0.7317073170731707,0.0,44,2.2,20.0
P03_BLUE_C_take_0009,P03,BLUE,C,164,164,57,107,0,0,0.3475609756097561,0.6524390243902439,0.0,57,2.85,20.0
P03_BLUE_C_take_0010,P03,BLUE,C,170,170,28,142,0,0,0.16470588235294117,0.8352941176470589,0.0,28,1.4,20.0
P03_BLUE_E_take_0001,P03,BLUE,E,161,161,43,118,0,0,0.2670807453416149,0.7329192546583851,0.0,43,2.15,20.0
P03_BLUE_E_take_0002,P03,BLUE,E,172,172,44,128,0,0,0.2558139534883721,0.7441860465116279,0.0,44,2.2,20.0
P03_BLUE_E_take_0003,P03,BLUE,E,158,158,53,104,1,0,0.33544303797468356,0.6582278481012658,0.006329113924050633,53,2.65,20.0
P03_BLUE_E_take_0004,P03,BLUE,E,166,166,45,116,5,0,0.2710843373493976,0.6987951807228916,0.030120481927710843,45,2.25,20.0
P03_BLUE_E_take_0005,P03,BLUE,E,163,163,39,124,0,0,0.2392638036809816,0.7607361963190185,0.0,39,1.95,20.0
P03_BLUE_E_take_0006,P03,BLUE,E,158,158,53,105,0,0,0.33544303797468356,0.6645569620253164,0.0,53,2.65,20.0
P03_BLUE_E_take_0007,P03,BLUE,E,157,157,45,112,0,0,0.28662420382165604,0.7133757961783439,0.0,45,2.25,20.0
P03_BLUE_E_take_0008,P03,BLUE,E,157,157,57,100,0,0,0.3630573248407643,0.6369426751592356,0.0,57,2.85,20.0
P03_BLUE_E_take_0009,P03,BLUE,E,162,162,50,112,0,0,0.30864197530864196,0.691358024691358,0.0,50,2.5,20.0
P03_BLUE_E_take_0010,P03,BLUE,E,162,162,45,113,4,0,0.2777777777777778,0.6975308641975309,0.024691358024691357,45,2.25,20.0
P03_BLUE_I_take_0001,P03,BLUE,I,162,162,61,101,0,0,0.3765432098765432,0.6234567901234568,0.0,61,3.05,20.0
P03_BLUE_I_take_0002,P03,BLUE,I,164,164,59,105,0,0,0.3597560975609756,0.6402439024390244,0.0,59,2.95,20.0
P03_BLUE_I_take_0003,P03,BLUE,I,162,162,48,114,0,0,0.2962962962962963,0.7037037037037037,0.0,48,2.4,20.0
P03_BLUE_I_take_0004,P03,BLUE,I,167,167,55,112,0,0,0.32934131736526945,0.6706586826347305,0.0,55,2.75,20.0
P03_BLUE_I_take_0005,P03,BLUE,I,159,159,50,109,0,0,0.31446540880503143,0.6855345911949685,0.0,50,2.5,20.0
P03_BLUE_I_take_0006,P03,BLUE,I,145,145,56,89,0,0,0.38620689655172413,0.6137931034482759,0.0,56,2.8,20.0
P03_BLUE_I_take_0007,P03,BLUE,I,164,164,47,117,0,0,0.2865853658536585,0.7134146341463414,0.0,47,2.35,20.0
P03_BLUE_I_take_0008,P03,BLUE,I,171,171,55,116,0,0,0.3216374269005848,0.6783625730994152,0.0,55,2.75,20.0
P03_BLUE_I_take_0009,P03,BLUE,I,172,172,66,106,0,0,0.38372093023255816,0.6162790697674418,0.0,66,3.3,20.0
P03_BLUE_I_take_0010,P03,BLUE,I,170,170,64,106,0,0,0.3764705882352941,0.6235294117647059,0.0,64,3.2,20.0
P03_BLUE_L_take_0001,P03,BLUE,L,165,165,53,112,0,0,0.3212121212121212,0.6787878787878788,0.0,53,2.65,20.0
P03_BLUE_L_take_0002,P03,BLUE,L,170,170,40,130,0,0,0.23529411764705882,0.7647058823529411,0.0,40,2.0,20.0
P03_BLUE_L_take_0003,P03,BLUE,L,161,161,46,115,0,0,0.2857142857142857,0.7142857142857143,0.0,46,2.3,20.0
P03_BLUE_L_take_0004,P03,BLUE,L,159,159,59,100,0,0,0.3710691823899371,0.6289308176100629,0.0,59,2.95,20.0
P03_BLUE_L_take_0005,P03,BLUE,L,163,163,58,105,0,0,0.3558282208588957,0.6441717791411042,0.0,58,2.9,20.0
P03_BLUE_L_take_0006,P03,BLUE,L,161,161,51,110,0,0,0.3167701863354037,0.6832298136645962,0.0,51,2.55,20.0
P03_BLUE_L_take_0007,P03,BLUE,L,159,159,67,92,0,0,0.42138364779874216,0.5786163522012578,0.0,67,3.35,20.0
P03_BLUE_L_take_0008,P03,BLUE,L,158,158,47,111,0,0,0.2974683544303797,0.7025316455696202,0.0,47,2.35,20.0
P03_BLUE_L_take_0009,P03,BLUE,L,163,163,51,112,0,0,0.3128834355828221,0.6871165644171779,0.0,51,2.55,20.0
P03_BLUE_L_take_0010,P03,BLUE,L,156,156,44,112,0,0,0.28205128205128205,0.717948717948718,0.0,44,2.2,20.0
P03_BLUE_M_take_0001,P03,BLUE,M,160,160,46,114,0,0,0.2875,0.7125,0.0,46,2.3,20.0
P03_BLUE_M_take_0002,P03,BLUE,M,160,160,34,126,0,0,0.2125,0.7875,0.0,34,1.7,20.0
P03_BLUE_M_take_0003,P03,BLUE,M,172,172,53,119,0,0,0.3081395348837209,0.6918604651162791,0.0,53,2.65,20.0
P03_BLUE_M_take_0004,P03,BLUE,M,159,159,39,120,0,0,0.24528301886792453,0.7547169811320755,0.0,39,1.95,20.0
P03_BLUE_M_take_0005,P03,BLUE,M,164,164,43,121,0,0,0.2621951219512195,0.7378048780487805,0.0,43,2.15,20.0
P03_BLUE_M_take_0006,P03,BLUE,M,165,165,49,116,0,0,0.296969696969697,0.703030303030303,0.0,49,2.45,20.0
P03_BLUE_M_take_0007,P03,BLUE,M,165,165,53,112,0,0,0.3212121212121212,0.6787878787878788,0.0,53,2.65,20.0
P03_BLUE_M_take_0008,P03,BLUE,M,164,164,42,122,0,0,0.25609756097560976,0.7439024390243902,0.0,42,2.1,20.0
P03_BLUE_M_take_0009,P03,BLUE,M,167,167,42,125,0,0,0.25149700598802394,0.7485029940119761,0.0,42,2.1,20.0
P03_BLUE_M_take_0010,P03,BLUE,M,170,170,54,116,0,0,0.3176470588235294,0.6823529411764706,0.0,54,2.7,20.0
P03_BLUE_N_take_0001,P03,BLUE,N,162,162,46,116,0,0,0.2839506172839506,0.7160493827160493,0.0,46,2.3,20.0
P03_BLUE_N_take_0002,P03,BLUE,N,164,164,48,116,0,0,0.2926829268292683,0.7073170731707317,0.0,48,2.4,20.0
P03_BLUE_N_take_0003,P03,BLUE,N,165,165,48,117,0,0,0.2909090909090909,0.7090909090909091,0.0,48,2.4,20.0
P03_BLUE_N_take_0004,P03,BLUE,N,167,167,57,110,0,0,0.3413173652694611,0.6586826347305389,0.0,57,2.85,20.0
P03_BLUE_N_take_0005,P03,BLUE,N,166,166,49,117,0,0,0.29518072289156627,0.7048192771084337,0.0,49,2.45,20.0
P03_BLUE_N_take_0006,P03,BLUE,N,168,168,51,117,0,0,0.30357142857142855,0.6964285714285714,0.0,51,2.55,20.0
P03_BLUE_N_take_0007,P03,BLUE,N,166,166,49,117,0,0,0.29518072289156627,0.7048192771084337,0.0,49,2.45,20.0
P03_BLUE_N_take_0008,P03,BLUE,N,166,166,43,123,0,0,0.25903614457831325,0.7409638554216867,0.0,43,2.15,20.0
P03_BLUE_N_take_0009,P03,BLUE,N,165,165,49,116,0,0,0.296969696969697,0.703030303030303,0.0,49,2.45,20.0
P03_BLUE_N_take_0010,P03,BLUE,N,160,160,40,120,0,0,0.25,0.75,0.0,40,2.0,20.0
P03_BLUE_O_take_0001,P03,BLUE,O,164,164,40,124,0,0,0.24390243902439024,0.7560975609756098,0.0,40,2.0,20.0
P03_BLUE_O_take_0002,P03,BLUE,O,171,171,35,136,0,0,0.2046783625730994,0.7953216374269005,0.0,35,1.75,20.0
P03_BLUE_O_take_0003,P03,BLUE,O,161,161,51,110,0,0,0.3167701863354037,0.6832298136645962,0.0,51,2.55,20.0
P03_BLUE_O_take_0004,P03,BLUE,O,168,168,41,127,0,0,0.24404761904761904,0.7559523809523809,0.0,41,2.05,20.0
P03_BLUE_O_take_0005,P03,BLUE,O,160,160,51,109,0,0,0.31875,0.68125,0.0,51,2.55,20.0
P03_BLUE_O_take_0006,P03,BLUE,O,168,168,58,110,0,0,0.34523809523809523,0.6547619047619048,0.0,58,2.9,20.0
P03_BLUE_O_take_0007,P03,BLUE,O,167,167,39,128,0,0,0.23353293413173654,0.7664670658682635,0.0,39,1.95,20.0
P03_BLUE_O_take_0008,P03,BLUE,O,156,156,44,112,0,0,0.28205128205128205,0.717948717948718,0.0,44,2.2,20.0
P03_BLUE_O_take_0009,P03,BLUE,O,163,163,46,117,0,0,0.2822085889570552,0.7177914110429447,0.0,46,2.3,20.0
P03_BLUE_O_take_0010,P03,BLUE,O,167,167,48,119,0,0,0.2874251497005988,0.7125748502994012,0.0,48,2.4,20.0
P03_BLUE_P_take_0001,P03,BLUE,P,164,164,48,116,0,0,0.2926829268292683,0.7073170731707317,0.0,48,2.4,20.0
P03_BLUE_P_take_0002,P03,BLUE,P,164,164,47,117,0,0,0.2865853658536585,0.7134146341463414,0.0,47,2.35,20.0
P03_BLUE_P_take_0003,P03,BLUE,P,161,161,51,110,0,0,0.3167701863354037,0.6832298136645962,0.0,51,2.55,20.0
P03_BLUE_P_take_0004,P03,BLUE,P,159,159,52,107,0,0,0.3270440251572327,0.6729559748427673,0.0,52,2.6,20.0
P03_BLUE_P_take_0005,P03,BLUE,P,154,154,51,103,0,0,0.33116883116883117,0.6688311688311688,0.0,51,2.55,20.0
P03_BLUE_P_take_0006,P03,BLUE,P,153,153,54,99,0,0,0.35294117647058826,0.6470588235294118,0.0,54,2.7,20.0
P03_BLUE_P_take_0007,P03,BLUE,P,155,155,52,103,0,0,0.33548387096774196,0.6645161290322581,0.0,52,2.6,20.0
P03_BLUE_P_take_0008,P03,BLUE,P,160,160,53,107,0,0,0.33125,0.66875,0.0,53,2.65,20.0
P03_BLUE_P_take_0009,P03,BLUE,P,155,155,41,114,0,0,0.2645161290322581,0.7354838709677419,0.0,41,2.05,20.0
P03_BLUE_P_take_0010,P03,BLUE,P,163,163,57,106,0,0,0.3496932515337423,0.6503067484662577,0.0,57,2.85,20.0
P03_BLUE_R_take_0001,P03,BLUE,R,166,166,50,116,0,0,0.30120481927710846,0.6987951807228916,0.0,50,2.5,20.0
P03_BLUE_R_take_0002,P03,BLUE,R,169,169,58,110,1,0,0.3431952662721893,0.650887573964497,0.005917159763313609,58,2.9,20.0
P03_BLUE_R_take_0003,P03,BLUE,R,169,169,43,126,0,0,0.25443786982248523,0.7455621301775148,0.0,43,2.15,20.0
P03_BLUE_R_take_0004,P03,BLUE,R,163,163,48,115,0,0,0.294478527607362,0.7055214723926381,0.0,48,2.4,20.0
P03_BLUE_R_take_0005,P03,BLUE,R,162,162,39,123,0,0,0.24074074074074073,0.7592592592592593,0.0,39,1.95,20.0
P03_BLUE_R_take_0006,P03,BLUE,R,164,164,51,113,0,0,0.31097560975609756,0.6890243902439024,0.0,51,2.55,20.0
P03_BLUE_R_take_0007,P03,BLUE,R,165,165,38,127,0,0,0.23030303030303031,0.7696969696969697,0.0,38,1.9,20.0
P03_BLUE_R_take_0008,P03,BLUE,R,154,154,27,127,0,0,0.17532467532467533,0.8246753246753247,0.0,27,1.35,20.0
P03_BLUE_R_take_0009,P03,BLUE,R,158,158,51,107,0,0,0.3227848101265823,0.6772151898734177,0.0,51,2.55,20.0
P03_BLUE_R_take_0010,P03,BLUE,R,157,157,47,110,0,0,0.29936305732484075,0.7006369426751592,0.0,47,2.35,20.0
P03_BLUE_S_take_0001,P03,BLUE,S,159,159,57,102,0,0,0.3584905660377358,0.6415094339622641,0.0,57,2.85,20.0
P03_BLUE_S_take_0002,P03,BLUE,S,158,158,46,112,0,0,0.2911392405063291,0.7088607594936709,0.0,46,2.3,20.0
P03_BLUE_S_take_0003,P03,BLUE,S,167,167,63,104,0,0,0.3772455089820359,0.6227544910179641,0.0,63,3.15,20.0
P03_BLUE_S_take_0004,P03,BLUE,S,159,159,41,118,0,0,0.2578616352201258,0.7421383647798742,0.0,41,2.05,20.0
P03_BLUE_S_take_0005,P03,BLUE,S,165,165,50,115,0,0,0.30303030303030304,0.696969696969697,0.0,50,2.5,20.0
P03_BLUE_S_take_0006,P03,BLUE,S,164,164,52,112,0,0,0.3170731707317073,0.6829268292682927,0.0,52,2.6,20.0
P03_BLUE_S_take_0007,P03,BLUE,S,160,160,35,125,0,0,0.21875,0.78125,0.0,35,1.75,20.0
P03_BLUE_S_take_0008,P03,BLUE,S,157,157,55,102,0,0,0.3503184713375796,0.6496815286624203,0.0,55,2.75,20.0
P03_BLUE_S_take_0009,P03,BLUE,S,163,163,50,113,0,0,0.3067484662576687,0.6932515337423313,0.0,50,2.5,20.0
P03_BLUE_S_take_0010,P03,BLUE,S,162,162,58,104,0,0,0.35802469135802467,0.6419753086419753,0.0,58,2.9,20.0
P03_BLUE_T_take_0001,P03,BLUE,T,164,164,49,115,0,0,0.29878048780487804,0.7012195121951219,0.0,49,2.45,20.0
P03_BLUE_T_take_0002,P03,BLUE,T,165,165,51,114,0,0,0.3090909090909091,0.6909090909090909,0.0,51,2.55,20.0
P03_BLUE_T_take_0003,P03,BLUE,T,161,161,32,129,0,0,0.19875776397515527,0.8012422360248447,0.0,32,1.6,20.0
P03_BLUE_T_take_0004,P03,BLUE,T,158,158,46,112,0,0,0.2911392405063291,0.7088607594936709,0.0,46,2.3,20.0
P03_BLUE_T_take_0005,P03,BLUE,T,163,163,33,130,0,0,0.20245398773006135,0.7975460122699386,0.0,33,1.65,20.0
P03_BLUE_T_take_0006,P03,BLUE,T,159,159,50,109,0,0,0.31446540880503143,0.6855345911949685,0.0,50,2.5,20.0
P03_BLUE_T_take_0007,P03,BLUE,T,167,167,60,107,0,0,0.3592814371257485,0.6407185628742516,0.0,60,3.0,20.0
P03_BLUE_T_take_0008,P03,BLUE,T,157,157,32,125,0,0,0.20382165605095542,0.7961783439490446,0.0,32,1.6,20.0
P03_BLUE_T_take_0009,P03,BLUE,T,155,155,43,110,2,0,0.27741935483870966,0.7096774193548387,0.012903225806451613,43,2.15,20.0
P03_BLUE_T_take_0010,P03,BLUE,T,163,163,41,122,0,0,0.25153374233128833,0.7484662576687117,0.0,41,2.05,20.0
P03_BLUE_U_take_0001,P03,BLUE,U,155,155,42,113,0,0,0.2709677419354839,0.7290322580645161,0.0,42,2.1,20.0
P03_BLUE_U_take_0002,P03,BLUE,U,157,157,37,120,0,0,0.2356687898089172,0.7643312101910829,0.0,37,1.85,20.0
P03_BLUE_U_take_0003,P03,BLUE,U,162,162,45,117,0,0,0.2777777777777778,0.7222222222222222,0.0,45,2.25,20.0
P03_BLUE_U_take_0004,P03,BLUE,U,161,161,40,121,0,0,0.2484472049689441,0.7515527950310559,0.0,40,2.0,20.0
P03_BLUE_U_take_0005,P03,BLUE,U,162,162,46,115,1,0,0.2839506172839506,0.7098765432098766,0.006172839506172839,46,2.3,20.0
P03_BLUE_U_take_0006,P03,BLUE,U,162,162,46,116,0,0,0.2839506172839506,0.7160493827160493,0.0,46,2.3,20.0
P03_BLUE_U_take_0007,P03,BLUE,U,162,162,31,131,0,0,0.19135802469135801,0.808641975308642,0.0,31,1.55,20.0
P03_BLUE_U_take_0008,P03,BLUE,U,159,159,39,120,0,0,0.24528301886792453,0.7547169811320755,0.0,39,1.95,20.0
P03_BLUE_U_take_0009,P03,BLUE,U,157,157,42,115,0,0,0.267515923566879,0.732484076433121,0.0,42,2.1,20.0
P03_BLUE_U_take_0010,P03,BLUE,U,156,156,58,98,0,0,0.3717948717948718,0.6282051282051282,0.0,58,2.9,20.0
P03_BLUE_V_take_0001,P03,BLUE,V,164,164,52,112,0,0,0.3170731707317073,0.6829268292682927,0.0,52,2.6,20.0
P03_BLUE_V_take_0002,P03,BLUE,V,161,161,51,110,0,0,0.3167701863354037,0.6832298136645962,0.0,51,2.55,20.0
P03_BLUE_V_take_0003,P03,BLUE,V,175,175,57,118,0,0,0.32571428571428573,0.6742857142857143,0.0,57,2.85,20.0
P03_BLUE_V_take_0004,P03,BLUE,V,159,159,60,99,0,0,0.37735849056603776,0.6226415094339622,0.0,60,3.0,20.0
P03_BLUE_V_take_0005,P03,BLUE,V,167,167,58,109,0,0,0.3473053892215569,0.6526946107784432,0.0,58,2.9,20.0
P03_BLUE_V_take_0006,P03,BLUE,V,165,165,49,116,0,0,0.296969696969697,0.703030303030303,0.0,49,2.45,20.0
P03_BLUE_V_take_0007,P03,BLUE,V,161,161,53,107,1,0,0.32919254658385094,0.6645962732919255,0.006211180124223602,53,2.65,20.0
P03_BLUE_V_take_0008,P03,BLUE,V,168,168,58,110,0,0,0.34523809523809523,0.6547619047619048,0.0,58,2.9,20.0
P03_BLUE_V_take_0009,P03,BLUE,V,163,163,50,112,1,0,0.3067484662576687,0.6871165644171779,0.006134969325153374,50,2.5,20.0
P03_BLUE_V_take_0010,P03,BLUE,V,163,163,45,118,0,0,0.27607361963190186,0.7239263803680982,0.0,45,2.25,20.0
P03_BLUE_W_take_0001,P03,BLUE,W,160,160,53,107,0,0,0.33125,0.66875,0.0,53,2.65,20.0
P03_BLUE_W_take_0002,P03,BLUE,W,163,163,45,118,0,0,0.27607361963190186,0.7239263803680982,0.0,45,2.25,20.0
P03_BLUE_W_take_0003,P03,BLUE,W,159,159,40,119,0,0,0.25157232704402516,0.7484276729559748,0.0,40,2.0,20.0
P03_BLUE_W_take_0004,P03,BLUE,W,157,157,55,102,0,0,0.3503184713375796,0.6496815286624203,0.0,55,2.75,20.0
P03_BLUE_W_take_0005,P03,BLUE,W,162,162,55,107,0,0,0.3395061728395062,0.6604938271604939,0.0,55,2.75,20.0
P03_BLUE_W_take_0006,P03,BLUE,W,160,160,31,129,0,0,0.19375,0.80625,0.0,31,1.55,20.0
P03_BLUE_W_take_0007,P03,BLUE,W,157,157,46,111,0,0,0.2929936305732484,0.7070063694267515,0.0,46,2.3,20.0
P03_BLUE_W_take_0008,P03,BLUE,W,160,160,55,105,0,0,0.34375,0.65625,0.0,55,2.75,20.0
P03_BLUE_W_take_0009,P03,BLUE,W,161,161,52,109,0,0,0.32298136645962733,0.6770186335403726,0.0,52,2.6,20.0
P03_BLUE_W_take_0010,P03,BLUE,W,164,164,50,114,0,0,0.3048780487804878,0.6951219512195121,0.0,50,2.5,20.0
P03_BLUE_Y_take_0001,P03,BLUE,Y,164,164,59,105,0,0,0.3597560975609756,0.6402439024390244,0.0,59,2.95,20.0
P03_BLUE_Y_take_0002,P03,BLUE,Y,163,163,48,115,0,0,0.294478527607362,0.7055214723926381,0.0,48,2.4,20.0
P03_BLUE_Y_take_0003,P03,BLUE,Y,162,162,39,123,0,0,0.24074074074074073,0.7592592592592593,0.0,39,1.95,20.0
P03_BLUE_Y_take_0004,P03,BLUE,Y,167,167,62,105,0,0,0.3712574850299401,0.6287425149700598,0.0,62,3.1,20.0
P03_BLUE_Y_take_0005,P03,BLUE,Y,163,163,57,106,0,0,0.3496932515337423,0.6503067484662577,0.0,57,2.85,20.0
P03_BLUE_Y_take_0006,P03,BLUE,Y,172,172,50,122,0,0,0.29069767441860467,0.7093023255813954,0.0,50,2.5,20.0
P03_BLUE_Y_take_0007,P03,BLUE,Y,162,162,54,108,0,0,0.3333333333333333,0.6666666666666666,0.0,54,2.7,20.0
P03_BLUE_Y_take_0008,P03,BLUE,Y,165,165,67,98,0,0,0.40606060606060607,0.593939393939394,0.0,67,3.35,20.0
P03_BLUE_Y_take_0009,P03,BLUE,Y,162,162,59,103,0,0,0.36419753086419754,0.6358024691358025,0.0,59,2.95,20.0
P03_BLUE_Y_take_0010,P03,BLUE,Y,160,160,45,115,0,0,0.28125,0.71875,0.0,45,2.25,20.0
P03_WHITE_A_take_0001,P03,WHITE,A,181,181,49,132,0,0,0.27071823204419887,0.7292817679558011,0.0,49,2.45,20.0
P03_WHITE_A_take_0002,P03,WHITE,A,181,181,59,122,0,0,0.3259668508287293,0.6740331491712708,0.0,59,2.95,20.0
P03_WHITE_A_take_0003,P03,WHITE,A,180,180,50,130,0,0,0.2777777777777778,0.7222222222222222,0.0,50,2.5,20.0
P03_WHITE_A_take_0004,P03,WHITE,A,182,182,68,114,0,0,0.37362637362637363,0.6263736263736264,0.0,68,3.4,20.0
P03_WHITE_A_take_0005,P03,WHITE,A,181,181,55,126,0,0,0.30386740331491713,0.6961325966850829,0.0,55,2.75,20.0
P03_WHITE_A_take_0006,P03,WHITE,A,182,182,49,133,0,0,0.2692307692307692,0.7307692307692307,0.0,49,2.45,20.0
P03_WHITE_A_take_0007,P03,WHITE,A,182,182,58,124,0,0,0.31868131868131866,0.6813186813186813,0.0,58,2.9,20.0
P03_WHITE_A_take_0008,P03,WHITE,A,180,180,69,111,0,0,0.38333333333333336,0.6166666666666667,0.0,69,3.45,20.0
P03_WHITE_A_take_0009,P03,WHITE,A,182,182,47,135,0,0,0.25824175824175827,0.7417582417582418,0.0,47,2.35,20.0
P03_WHITE_A_take_0010,P03,WHITE,A,182,182,62,120,0,0,0.34065934065934067,0.6593406593406593,0.0,62,3.1,20.0
P03_WHITE_B_take_0001,P03,WHITE,B,179,179,58,121,0,0,0.3240223463687151,0.6759776536312849,0.0,58,2.9,20.0
P03_WHITE_B_take_0002,P03,WHITE,B,182,182,62,120,0,0,0.34065934065934067,0.6593406593406593,0.0,62,3.1,20.0
P03_WHITE_B_take_0003,P03,WHITE,B,181,181,53,128,0,0,0.292817679558011,0.7071823204419889,0.0,53,2.65,20.0
P03_WHITE_B_take_0004,P03,WHITE,B,182,182,52,130,0,0,0.2857142857142857,0.7142857142857143,0.0,52,2.6,20.0
P03_WHITE_B_take_0005,P03,WHITE,B,182,182,57,125,0,0,0.3131868131868132,0.6868131868131868,0.0,57,2.85,20.0
P03_WHITE_B_take_0006,P03,WHITE,B,179,179,57,122,0,0,0.31843575418994413,0.6815642458100558,0.0,57,2.85,20.0
P03_WHITE_B_take_0007,P03,WHITE,B,181,181,57,124,0,0,0.3149171270718232,0.6850828729281768,0.0,57,2.85,20.0
P03_WHITE_B_take_0008,P03,WHITE,B,182,182,62,120,0,0,0.34065934065934067,0.6593406593406593,0.0,62,3.1,20.0
P03_WHITE_B_take_0009,P03,WHITE,B,182,182,54,128,0,0,0.2967032967032967,0.7032967032967034,0.0,54,2.7,20.0
P03_WHITE_B_take_0010,P03,WHITE,B,181,181,44,137,0,0,0.2430939226519337,0.7569060773480663,0.0,44,2.2,20.0
P03_WHITE_C_take_0001,P03,WHITE,C,180,180,52,128,0,0,0.28888888888888886,0.7111111111111111,0.0,52,2.6,20.0
P03_WHITE_C_take_0002,P03,WHITE,C,182,182,51,131,0,0,0.2802197802197802,0.7197802197802198,0.0,51,2.55,20.0
P03_WHITE_C_take_0003,P03,WHITE,C,181,181,46,132,3,0,0.2541436464088398,0.7292817679558011,0.016574585635359115,46,2.3,20.0
P03_WHITE_C_take_0004,P03,WHITE,C,182,182,67,115,0,0,0.36813186813186816,0.6318681318681318,0.0,67,3.35,20.0
P03_WHITE_C_take_0005,P03,WHITE,C,180,180,43,137,0,0,0.2388888888888889,0.7611111111111111,0.0,43,2.15,20.0
P03_WHITE_C_take_0006,P03,WHITE,C,180,180,66,114,0,0,0.36666666666666664,0.6333333333333333,0.0,66,3.3,20.0
P03_WHITE_C_take_0007,P03,WHITE,C,180,180,59,121,0,0,0.3277777777777778,0.6722222222222223,0.0,59,2.95,20.0
P03_WHITE_C_take_0008,P03,WHITE,C,180,180,39,141,0,0,0.21666666666666667,0.7833333333333333,0.0,39,1.95,20.0
P03_WHITE_C_take_0009,P03,WHITE,C,180,180,63,117,0,0,0.35,0.65,0.0,63,3.15,20.0
P03_WHITE_C_take_0010,P03,WHITE,C,181,181,50,131,0,0,0.27624309392265195,0.7237569060773481,0.0,50,2.5,20.0
P03_WHITE_E_take_0001,P03,WHITE,E,182,182,55,127,0,0,0.3021978021978022,0.6978021978021978,0.0,55,2.75,20.0
P03_WHITE_E_take_0002,P03,WHITE,E,182,182,55,127,0,0,0.3021978021978022,0.6978021978021978,0.0,55,2.75,20.0
P03_WHITE_E_take_0003,P03,WHITE,E,182,182,65,117,0,0,0.35714285714285715,0.6428571428571429,0.0,65,3.25,20.0
P03_WHITE_E_take_0004,P03,WHITE,E,182,182,60,122,0,0,0.32967032967032966,0.6703296703296703,0.0,60,3.0,20.0
P03_WHITE_E_take_0005,P03,WHITE,E,181,181,48,133,0,0,0.26519337016574585,0.7348066298342542,0.0,48,2.4,20.0
P03_WHITE_E_take_0006,P03,WHITE,E,181,181,49,132,0,0,0.27071823204419887,0.7292817679558011,0.0,49,2.45,20.0
P03_WHITE_E_take_0007,P03,WHITE,E,182,182,66,116,0,0,0.3626373626373626,0.6373626373626373,0.0,66,3.3,20.0
P03_WHITE_E_take_0008,P03,WHITE,E,181,181,61,120,0,0,0.3370165745856354,0.6629834254143646,0.0,61,3.05,20.0
P03_WHITE_E_take_0009,P03,WHITE,E,181,181,57,124,0,0,0.3149171270718232,0.6850828729281768,0.0,57,2.85,20.0
P03_WHITE_E_take_0010,P03,WHITE,E,182,182,57,125,0,0,0.3131868131868132,0.6868131868131868,0.0,57,2.85,20.0
P03_WHITE_I_take_0001,P03,WHITE,I,182,182,47,135,0,0,0.25824175824175827,0.7417582417582418,0.0,47,2.35,20.0
P03_WHITE_I_take_0002,P03,WHITE,I,182,182,40,142,0,0,0.21978021978021978,0.7802197802197802,0.0,40,2.0,20.0
P03_WHITE_I_take_0003,P03,WHITE,I,182,182,44,138,0,0,0.24175824175824176,0.7582417582417582,0.0,44,2.2,20.0
P03_WHITE_I_take_0004,P03,WHITE,I,182,182,41,141,0,0,0.22527472527472528,0.7747252747252747,0.0,41,2.05,20.0
P03_WHITE_I_take_0005,P03,WHITE,I,181,181,52,129,0,0,0.287292817679558,0.712707182320442,0.0,52,2.6,20.0
P03_WHITE_I_take_0006,P03,WHITE,I,182,182,52,130,0,0,0.2857142857142857,0.7142857142857143,0.0,52,2.6,20.0
P03_WHITE_I_take_0007,P03,WHITE,I,182,182,59,123,0,0,0.3241758241758242,0.6758241758241759,0.0,59,2.95,20.0
P03_WHITE_I_take_0008,P03,WHITE,I,182,182,62,118,2,0,0.34065934065934067,0.6483516483516484,0.01098901098901099,62,3.1,20.0
P03_WHITE_I_take_0009,P03,WHITE,I,182,182,63,119,0,0,0.34615384615384615,0.6538461538461539,0.0,63,3.15,20.0
P03_WHITE_I_take_0010,P03,WHITE,I,181,181,59,122,0,0,0.3259668508287293,0.6740331491712708,0.0,59,2.95,20.0
P03_WHITE_L_take_0001,P03,WHITE,L,182,182,55,127,0,0,0.3021978021978022,0.6978021978021978,0.0,55,2.75,20.0
P03_WHITE_L_take_0002,P03,WHITE,L,182,182,57,125,0,0,0.3131868131868132,0.6868131868131868,0.0,57,2.85,20.0
P03_WHITE_L_take_0003,P03,WHITE,L,182,182,54,128,0,0,0.2967032967032967,0.7032967032967034,0.0,54,2.7,20.0
P03_WHITE_L_take_0004,P03,WHITE,L,182,182,49,133,0,0,0.2692307692307692,0.7307692307692307,0.0,49,2.45,20.0
P03_WHITE_L_take_0005,P03,WHITE,L,181,181,61,120,0,0,0.3370165745856354,0.6629834254143646,0.0,61,3.05,20.0
P03_WHITE_L_take_0006,P03,WHITE,L,181,181,53,128,0,0,0.292817679558011,0.7071823204419889,0.0,53,2.65,20.0
P03_WHITE_L_take_0007,P03,WHITE,L,181,181,45,136,0,0,0.24861878453038674,0.7513812154696132,0.0,45,2.25,20.0
P03_WHITE_L_take_0008,P03,WHITE,L,182,182,49,133,0,0,0.2692307692307692,0.7307692307692307,0.0,49,2.45,20.0
P03_WHITE_L_take_0009,P03,WHITE,L,181,181,50,131,0,0,0.27624309392265195,0.7237569060773481,0.0,50,2.5,20.0
P03_WHITE_L_take_0010,P03,WHITE,L,181,181,51,130,0,0,0.281767955801105,0.7182320441988951,0.0,51,2.55,20.0
P03_WHITE_M_take_0001,P03,WHITE,M,182,182,51,131,0,0,0.2802197802197802,0.7197802197802198,0.0,51,2.55,20.0
P03_WHITE_M_take_0002,P03,WHITE,M,182,182,54,128,0,0,0.2967032967032967,0.7032967032967034,0.0,54,2.7,20.0
P03_WHITE_M_take_0003,P03,WHITE,M,182,182,49,133,0,0,0.2692307692307692,0.7307692307692307,0.0,49,2.45,20.0
P03_WHITE_M_take_0004,P03,WHITE,M,182,182,55,125,2,0,0.3021978021978022,0.6868131868131868,0.01098901098901099,55,2.75,20.0
P03_WHITE_M_take_0005,P03,WHITE,M,182,182,49,133,0,0,0.2692307692307692,0.7307692307692307,0.0,49,2.45,20.0
P03_WHITE_M_take_0006,P03,WHITE,M,182,182,68,114,0,0,0.37362637362637363,0.6263736263736264,0.0,68,3.4,20.0
P03_WHITE_M_take_0007,P03,WHITE,M,181,181,66,115,0,0,0.36464088397790057,0.6353591160220995,0.0,66,3.3,20.0
P03_WHITE_M_take_0008,P03,WHITE,M,181,181,57,124,0,0,0.3149171270718232,0.6850828729281768,0.0,57,2.85,20.0
P03_WHITE_M_take_0009,P03,WHITE,M,181,181,54,127,0,0,0.2983425414364641,0.7016574585635359,0.0,54,2.7,20.0
P03_WHITE_M_take_0010,P03,WHITE,M,181,181,58,117,6,0,0.32044198895027626,0.6464088397790055,0.03314917127071823,58,2.9,20.0
P03_WHITE_N_take_0001,P03,WHITE,N,180,180,51,129,0,0,0.2833333333333333,0.7166666666666667,0.0,51,2.55,20.0
P03_WHITE_N_take_0002,P03,WHITE,N,180,180,49,131,0,0,0.2722222222222222,0.7277777777777777,0.0,49,2.45,20.0
P03_WHITE_N_take_0003,P03,WHITE,N,181,181,45,136,0,0,0.24861878453038674,0.7513812154696132,0.0,45,2.25,20.0
P03_WHITE_N_take_0004,P03,WHITE,N,181,181,61,120,0,0,0.3370165745856354,0.6629834254143646,0.0,61,3.05,20.0
P03_WHITE_N_take_0005,P03,WHITE,N,181,181,55,125,1,0,0.30386740331491713,0.6906077348066298,0.0055248618784530384,55,2.75,20.0
P03_WHITE_N_take_0006,P03,WHITE,N,181,181,73,108,0,0,0.40331491712707185,0.5966850828729282,0.0,73,3.65,20.0
P03_WHITE_N_take_0007,P03,WHITE,N,181,181,55,126,0,0,0.30386740331491713,0.6961325966850829,0.0,55,2.75,20.0
P03_WHITE_N_take_0008,P03,WHITE,N,181,181,57,124,0,0,0.3149171270718232,0.6850828729281768,0.0,57,2.85,20.0
P03_WHITE_N_take_0009,P03,WHITE,N,182,182,52,130,0,0,0.2857142857142857,0.7142857142857143,0.0,52,2.6,20.0
P03_WHITE_N_take_0010,P03,WHITE,N,182,182,70,112,0,0,0.38461538461538464,0.6153846153846154,0.0,70,3.5,20.0
P03_WHITE_O_take_0001,P03,WHITE,O,182,182,52,130,0,0,0.2857142857142857,0.7142857142857143,0.0,52,2.6,20.0
P03_WHITE_O_take_0002,P03,WHITE,O,182,182,48,134,0,0,0.26373626373626374,0.7362637362637363,0.0,48,2.4,20.0
P03_WHITE_O_take_0003,P03,WHITE,O,182,182,66,116,0,0,0.3626373626373626,0.6373626373626373,0.0,66,3.3,20.0
P03_WHITE_O_take_0004,P03,WHITE,O,182,182,51,131,0,0,0.2802197802197802,0.7197802197802198,0.0,51,2.55,20.0
P03_WHITE_O_take_0005,P03,WHITE,O,182,182,55,127,0,0,0.3021978021978022,0.6978021978021978,0.0,55,2.75,20.0
P03_WHITE_O_take_0006,P03,WHITE,O,180,180,58,122,0,0,0.32222222222222224,0.6777777777777778,0.0,58,2.9,20.0
P03_WHITE_O_take_0007,P03,WHITE,O,182,182,59,123,0,0,0.3241758241758242,0.6758241758241759,0.0,59,2.95,20.0
P03_WHITE_O_take_0008,P03,WHITE,O,181,181,58,123,0,0,0.32044198895027626,0.6795580110497238,0.0,58,2.9,20.0
P03_WHITE_O_take_0009,P03,WHITE,O,181,181,55,126,0,0,0.30386740331491713,0.6961325966850829,0.0,55,2.75,20.0
P03_WHITE_O_take_0010,P03,WHITE,O,179,179,54,125,0,0,0.3016759776536313,0.6983240223463687,0.0,54,2.7,20.0
P03_WHITE_P_take_0001,P03,WHITE,P,182,182,54,128,0,0,0.2967032967032967,0.7032967032967034,0.0,54,2.7,20.0
P03_WHITE_P_take_0002,P03,WHITE,P,181,181,70,111,0,0,0.3867403314917127,0.6132596685082873,0.0,70,3.5,20.0
P03_WHITE_P_take_0003,P03,WHITE,P,180,180,56,124,0,0,0.3111111111111111,0.6888888888888889,0.0,56,2.8,20.0
P03_WHITE_P_take_0004,P03,WHITE,P,178,178,48,130,0,0,0.2696629213483146,0.7303370786516854,0.0,48,2.4,20.0
P03_WHITE_P_take_0005,P03,WHITE,P,180,180,49,131,0,0,0.2722222222222222,0.7277777777777777,0.0,49,2.45,20.0
P03_WHITE_P_take_0006,P03,WHITE,P,173,173,55,118,0,0,0.3179190751445087,0.6820809248554913,0.0,55,2.75,20.0
P03_WHITE_P_take_0007,P03,WHITE,P,179,179,66,113,0,0,0.3687150837988827,0.6312849162011173,0.0,66,3.3,20.0
P03_WHITE_P_take_0008,P03,WHITE,P,179,179,54,125,0,0,0.3016759776536313,0.6983240223463687,0.0,54,2.7,20.0
P03_WHITE_P_take_0009,P03,WHITE,P,171,171,44,127,0,0,0.2573099415204678,0.7426900584795322,0.0,44,2.2,20.0
P03_WHITE_P_take_0010,P03,WHITE,P,180,180,50,130,0,0,0.2777777777777778,0.7222222222222222,0.0,50,2.5,20.0
P03_WHITE_R_take_0001,P03,WHITE,R,179,179,66,113,0,0,0.3687150837988827,0.6312849162011173,0.0,66,3.3,20.0
P03_WHITE_R_take_0002,P03,WHITE,R,181,181,55,126,0,0,0.30386740331491713,0.6961325966850829,0.0,55,2.75,20.0
P03_WHITE_R_take_0003,P03,WHITE,R,178,178,55,123,0,0,0.3089887640449438,0.6910112359550562,0.0,55,2.75,20.0
P03_WHITE_R_take_0004,P03,WHITE,R,179,179,61,118,0,0,0.3407821229050279,0.659217877094972,0.0,61,3.05,20.0
P03_WHITE_R_take_0005,P03,WHITE,R,180,180,54,126,0,0,0.3,0.7,0.0,54,2.7,20.0
P03_WHITE_R_take_0006,P03,WHITE,R,179,179,54,125,0,0,0.3016759776536313,0.6983240223463687,0.0,54,2.7,20.0
P03_WHITE_R_take_0007,P03,WHITE,R,178,178,48,130,0,0,0.2696629213483146,0.7303370786516854,0.0,48,2.4,20.0
P03_WHITE_R_take_0008,P03,WHITE,R,181,181,61,120,0,0,0.3370165745856354,0.6629834254143646,0.0,61,3.05,20.0
P03_WHITE_R_take_0009,P03,WHITE,R,181,181,49,132,0,0,0.27071823204419887,0.7292817679558011,0.0,49,2.45,20.0
P03_WHITE_R_take_0010,P03,WHITE,R,181,181,55,126,0,0,0.30386740331491713,0.6961325966850829,0.0,55,2.75,20.0
P03_WHITE_S_take_0001,P03,WHITE,S,182,182,58,124,0,0,0.31868131868131866,0.6813186813186813,0.0,58,2.9,20.0
P03_WHITE_S_take_0002,P03,WHITE,S,182,182,65,117,0,0,0.35714285714285715,0.6428571428571429,0.0,65,3.25,20.0
P03_WHITE_S_take_0003,P03,WHITE,S,181,181,53,128,0,0,0.292817679558011,0.7071823204419889,0.0,53,2.65,20.0
P03_WHITE_S_take_0004,P03,WHITE,S,181,181,44,137,0,0,0.2430939226519337,0.7569060773480663,0.0,44,2.2,20.0
P03_WHITE_S_take_0005,P03,WHITE,S,181,181,38,143,0,0,0.20994475138121546,0.7900552486187845,0.0,38,1.9,20.0
P03_WHITE_S_take_0006,P03,WHITE,S,181,181,62,119,0,0,0.3425414364640884,0.6574585635359116,0.0,62,3.1,20.0
P03_WHITE_S_take_0007,P03,WHITE,S,182,182,59,123,0,0,0.3241758241758242,0.6758241758241759,0.0,59,2.95,20.0
P03_WHITE_S_take_0008,P03,WHITE,S,181,181,65,116,0,0,0.35911602209944754,0.6408839779005525,0.0,65,3.25,20.0
P03_WHITE_S_take_0009,P03,WHITE,S,181,181,63,118,0,0,0.34806629834254144,0.6519337016574586,0.0,63,3.15,20.0
P03_WHITE_S_take_0010,P03,WHITE,S,182,182,56,126,0,0,0.3076923076923077,0.6923076923076923,0.0,56,2.8,20.0
P03_WHITE_T_take_0001,P03,WHITE,T,182,182,66,116,0,0,0.3626373626373626,0.6373626373626373,0.0,66,3.3,20.0
P03_WHITE_T_take_0002,P03,WHITE,T,182,182,45,137,0,0,0.24725274725274726,0.7527472527472527,0.0,45,2.25,20.0
P03_WHITE_T_take_0003,P03,WHITE,T,181,181,58,123,0,0,0.32044198895027626,0.6795580110497238,0.0,58,2.9,20.0
P03_WHITE_T_take_0004,P03,WHITE,T,181,181,60,121,0,0,0.3314917127071823,0.6685082872928176,0.0,60,3.0,20.0
P03_WHITE_T_take_0005,P03,WHITE,T,182,182,57,125,0,0,0.3131868131868132,0.6868131868131868,0.0,57,2.85,20.0
P03_WHITE_T_take_0006,P03,WHITE,T,182,182,54,128,0,0,0.2967032967032967,0.7032967032967034,0.0,54,2.7,20.0
P03_WHITE_T_take_0007,P03,WHITE,T,181,181,56,125,0,0,0.30939226519337015,0.6906077348066298,0.0,56,2.8,20.0
P03_WHITE_T_take_0008,P03,WHITE,T,182,182,36,146,0,0,0.1978021978021978,0.8021978021978022,0.0,36,1.8,20.0
P03_WHITE_T_take_0009,P03,WHITE,T,182,182,63,119,0,0,0.34615384615384615,0.6538461538461539,0.0,63,3.15,20.0
P03_WHITE_T_take_0010,P03,WHITE,T,182,182,49,133,0,0,0.2692307692307692,0.7307692307692307,0.0,49,2.45,20.0
P03_WHITE_U_take_0001,P03,WHITE,U,169,169,50,119,0,0,0.2958579881656805,0.7041420118343196,0.0,50,2.5,20.0
P03_WHITE_U_take_0002,P03,WHITE,U,175,175,53,122,0,0,0.3028571428571429,0.6971428571428572,0.0,53,2.65,20.0
P03_WHITE_U_take_0003,P03,WHITE,U,178,178,72,106,0,0,0.4044943820224719,0.5955056179775281,0.0,72,3.6,20.0
P03_WHITE_U_take_0004,P03,WHITE,U,177,177,54,122,1,0,0.3050847457627119,0.6892655367231638,0.005649717514124294,54,2.7,20.0
P03_WHITE_U_take_0005,P03,WHITE,U,174,174,63,110,1,0,0.3620689655172414,0.632183908045977,0.005747126436781609,63,3.15,20.0
P03_WHITE_U_take_0006,P03,WHITE,U,169,169,43,124,2,0,0.25443786982248523,0.7337278106508875,0.011834319526627219,43,2.15,20.0
P03_WHITE_U_take_0007,P03,WHITE,U,166,166,54,112,0,0,0.3253012048192771,0.6746987951807228,0.0,54,2.7,20.0
P03_WHITE_U_take_0008,P03,WHITE,U,173,173,59,114,0,0,0.34104046242774566,0.6589595375722543,0.0,59,2.95,20.0
P03_WHITE_U_take_0009,P03,WHITE,U,166,166,56,108,2,0,0.3373493975903614,0.6506024096385542,0.012048192771084338,56,2.8,20.0
P03_WHITE_U_take_0010,P03,WHITE,U,166,166,49,117,0,0,0.29518072289156627,0.7048192771084337,0.0,49,2.45,20.0
P03_WHITE_V_take_0001,P03,WHITE,V,182,182,55,127,0,0,0.3021978021978022,0.6978021978021978,0.0,55,2.75,20.0
P03_WHITE_V_take_0002,P03,WHITE,V,181,181,54,127,0,0,0.2983425414364641,0.7016574585635359,0.0,54,2.7,20.0
P03_WHITE_V_take_0003,P03,WHITE,V,182,182,60,122,0,0,0.32967032967032966,0.6703296703296703,0.0,60,3.0,20.0
P03_WHITE_V_take_0004,P03,WHITE,V,182,182,42,140,0,0,0.23076923076923078,0.7692307692307693,0.0,42,2.1,20.0
P03_WHITE_V_take_0005,P03,WHITE,V,182,182,57,125,0,0,0.3131868131868132,0.6868131868131868,0.0,57,2.85,20.0
P03_WHITE_V_take_0006,P03,WHITE,V,183,183,65,118,0,0,0.3551912568306011,0.644808743169399,0.0,65,3.25,20.0
P03_WHITE_V_take_0007,P03,WHITE,V,181,181,51,130,0,0,0.281767955801105,0.7182320441988951,0.0,51,2.55,20.0
P03_WHITE_V_take_0008,P03,WHITE,V,182,182,52,130,0,0,0.2857142857142857,0.7142857142857143,0.0,52,2.6,20.0
P03_WHITE_V_take_0009,P03,WHITE,V,182,182,63,119,0,0,0.34615384615384615,0.6538461538461539,0.0,63,3.15,20.0
P03_WHITE_V_take_0010,P03,WHITE,V,181,181,54,127,0,0,0.2983425414364641,0.7016574585635359,0.0,54,2.7,20.0
P03_WHITE_W_take_0001,P03,WHITE,W,180,180,55,125,0,0,0.3055555555555556,0.6944444444444444,0.0,55,2.75,20.0
P03_WHITE_W_take_0002,P03,WHITE,W,175,175,56,119,0,0,0.32,0.68,0.0,56,2.8,20.0
P03_WHITE_W_take_0003,P03,WHITE,W,176,176,62,114,0,0,0.3522727272727273,0.6477272727272727,0.0,62,3.1,20.0
P03_WHITE_W_take_0004,P03,WHITE,W,178,178,68,110,0,0,0.38202247191011235,0.6179775280898876,0.0,68,3.4,20.0
P03_WHITE_W_take_0005,P03,WHITE,W,181,181,61,120,0,0,0.3370165745856354,0.6629834254143646,0.0,61,3.05,20.0
P03_WHITE_W_take_0006,P03,WHITE,W,182,182,74,108,0,0,0.4065934065934066,0.5934065934065934,0.0,74,3.7,20.0
P03_WHITE_W_take_0007,P03,WHITE,W,181,181,69,112,0,0,0.3812154696132597,0.6187845303867403,0.0,69,3.45,20.0
P03_WHITE_W_take_0008,P03,WHITE,W,178,178,51,127,0,0,0.28651685393258425,0.7134831460674157,0.0,51,2.55,20.0
P03_WHITE_W_take_0009,P03,WHITE,W,177,177,52,125,0,0,0.2937853107344633,0.7062146892655368,0.0,52,2.6,20.0
P03_WHITE_W_take_0010,P03,WHITE,W,176,176,58,118,0,0,0.32954545454545453,0.6704545454545454,0.0,58,2.9,20.0
P03_WHITE_Y_take_0001,P03,WHITE,Y,182,182,51,131,0,0,0.2802197802197802,0.7197802197802198,0.0,51,2.55,20.0
P03_WHITE_Y_take_0002,P03,WHITE,Y,182,182,69,113,0,0,0.3791208791208791,0.6208791208791209,0.0,69,3.45,20.0
P03_WHITE_Y_take_0003,P03,WHITE,Y,182,182,48,134,0,0,0.26373626373626374,0.7362637362637363,0.0,48,2.4,20.0
P03_WHITE_Y_take_0004,P03,WHITE,Y,181,181,60,121,0,0,0.3314917127071823,0.6685082872928176,0.0,60,3.0,20.0
P03_WHITE_Y_take_0005,P03,WHITE,Y,181,181,55,126,0,0,0.30386740331491713,0.6961325966850829,0.0,55,2.75,20.0
P03_WHITE_Y_take_0006,P03,WHITE,Y,181,181,54,127,0,0,0.2983425414364641,0.7016574585635359,0.0,54,2.7,20.0
P03_WHITE_Y_take_0007,P03,WHITE,Y,182,182,62,120,0,0,0.34065934065934067,0.6593406593406593,0.0,62,3.1,20.0
P03_WHITE_Y_take_0008,P03,WHITE,Y,183,183,43,140,0,0,0.23497267759562843,0.7650273224043715,0.0,43,2.15,20.0
P03_WHITE_Y_take_0009,P03,WHITE,Y,181,181,48,133,0,0,0.26519337016574585,0.7348066298342542,0.0,48,2.4,20.0
P03_WHITE_Y_take_0010,P03,WHITE,Y,182,182,58,124,0,0,0.31868131868131866,0.6813186813186813,0.0,58,2.9,20.0
P04_BLACK_A_take_0001,P04,BLACK,A,150,150,48,102,0,0,0.32,0.68,0.0,48,2.4,20.0
P04_BLACK_A_take_0002,P04,BLACK,A,151,151,44,107,0,0,0.2913907284768212,0.7086092715231788,0.0,44,2.2,20.0
P04_BLACK_A_take_0003,P04,BLACK,A,151,151,62,89,0,0,0.4105960264900662,0.5894039735099338,0.0,62,3.1,20.0
P04_BLACK_A_take_0004,P04,BLACK,A,152,152,54,98,0,0,0.35526315789473684,0.6447368421052632,0.0,54,2.7,20.0
P04_BLACK_A_take_0005,P04,BLACK,A,152,152,51,101,0,0,0.3355263157894737,0.6644736842105263,0.0,51,2.55,20.0
P04_BLACK_A_take_0006,P04,BLACK,A,152,152,58,94,0,0,0.3815789473684211,0.618421052631579,0.0,58,2.9,20.0
P04_BLACK_A_take_0007,P04,BLACK,A,152,152,45,107,0,0,0.29605263157894735,0.7039473684210527,0.0,45,2.25,20.0
P04_BLACK_A_take_0008,P04,BLACK,A,150,150,55,95,0,0,0.36666666666666664,0.6333333333333333,0.0,55,2.75,20.0
P04_BLACK_A_take_0009,P04,BLACK,A,151,151,47,104,0,0,0.31125827814569534,0.6887417218543046,0.0,47,2.35,20.0
P04_BLACK_A_take_0010,P04,BLACK,A,148,148,40,108,0,0,0.2702702702702703,0.7297297297297297,0.0,40,2.0,20.0
P04_BLACK_B_take_0001,P04,BLACK,B,151,151,42,109,0,0,0.2781456953642384,0.7218543046357616,0.0,42,2.1,20.0
P04_BLACK_B_take_0002,P04,BLACK,B,152,152,39,113,0,0,0.2565789473684211,0.743421052631579,0.0,39,1.95,20.0
P04_BLACK_B_take_0003,P04,BLACK,B,150,150,47,103,0,0,0.31333333333333335,0.6866666666666666,0.0,47,2.35,20.0
P04_BLACK_B_take_0004,P04,BLACK,B,151,151,40,111,0,0,0.26490066225165565,0.7350993377483444,0.0,40,2.0,20.0
P04_BLACK_B_take_0005,P04,BLACK,B,151,151,41,110,0,0,0.271523178807947,0.7284768211920529,0.0,41,2.05,20.0
P04_BLACK_B_take_0006,P04,BLACK,B,152,152,50,102,0,0,0.32894736842105265,0.6710526315789473,0.0,50,2.5,20.0
P04_BLACK_B_take_0007,P04,BLACK,B,151,151,58,93,0,0,0.3841059602649007,0.6158940397350994,0.0,58,2.9,20.0
P04_BLACK_B_take_0008,P04,BLACK,B,141,141,52,89,0,0,0.36879432624113473,0.6312056737588653,0.0,52,2.6,20.0
P04_BLACK_B_take_0009,P04,BLACK,B,152,152,51,101,0,0,0.3355263157894737,0.6644736842105263,0.0,51,2.55,20.0
P04_BLACK_B_take_0010,P04,BLACK,B,151,151,38,113,0,0,0.25165562913907286,0.7483443708609272,0.0,38,1.9,20.0
P04_BLACK_C_take_0001,P04,BLACK,C,153,153,51,102,0,0,0.3333333333333333,0.6666666666666666,0.0,51,2.55,20.0
P04_BLACK_C_take_0002,P04,BLACK,C,150,150,61,89,0,0,0.4066666666666667,0.5933333333333334,0.0,61,3.05,20.0
P04_BLACK_C_take_0003,P04,BLACK,C,151,151,67,84,0,0,0.44370860927152317,0.5562913907284768,0.0,67,3.35,20.0
P04_BLACK_C_take_0004,P04,BLACK,C,150,150,56,94,0,0,0.37333333333333335,0.6266666666666667,0.0,56,2.8,20.0
P04_BLACK_C_take_0005,P04,BLACK,C,151,151,39,112,0,0,0.2582781456953642,0.7417218543046358,0.0,39,1.95,20.0
P04_BLACK_C_take_0006,P04,BLACK,C,151,151,63,88,0,0,0.41721854304635764,0.5827814569536424,0.0,63,3.15,20.0
P04_BLACK_C_take_0007,P04,BLACK,C,152,152,88,64,0,0,0.5789473684210527,0.42105263157894735,0.0,88,4.4,20.0
P04_BLACK_C_take_0008,P04,BLACK,C,152,152,50,102,0,0,0.32894736842105265,0.6710526315789473,0.0,50,2.5,20.0
P04_BLACK_C_take_0009,P04,BLACK,C,152,152,61,91,0,0,0.40131578947368424,0.5986842105263158,0.0,61,3.05,20.0
P04_BLACK_C_take_0010,P04,BLACK,C,154,154,50,104,0,0,0.3246753246753247,0.6753246753246753,0.0,50,2.5,20.0
P04_BLACK_E_take_0001,P04,BLACK,E,143,143,58,85,0,0,0.40559440559440557,0.5944055944055944,0.0,58,2.9,20.0
P04_BLACK_E_take_0002,P04,BLACK,E,154,154,59,95,0,0,0.38311688311688313,0.6168831168831169,0.0,59,2.95,20.0
P04_BLACK_E_take_0003,P04,BLACK,E,151,151,47,104,0,0,0.31125827814569534,0.6887417218543046,0.0,47,2.35,20.0
P04_BLACK_E_take_0004,P04,BLACK,E,152,152,48,104,0,0,0.3157894736842105,0.6842105263157895,0.0,48,2.4,20.0
P04_BLACK_E_take_0005,P04,BLACK,E,154,154,44,110,0,0,0.2857142857142857,0.7142857142857143,0.0,44,2.2,20.0
P04_BLACK_E_take_0006,P04,BLACK,E,155,155,66,89,0,0,0.4258064516129032,0.5741935483870968,0.0,66,3.3,20.0
P04_BLACK_E_take_0007,P04,BLACK,E,154,154,59,95,0,0,0.38311688311688313,0.6168831168831169,0.0,59,2.95,20.0
P04_BLACK_E_take_0008,P04,BLACK,E,152,152,64,88,0,0,0.42105263157894735,0.5789473684210527,0.0,64,3.2,20.0
P04_BLACK_E_take_0009,P04,BLACK,E,153,153,67,86,0,0,0.43790849673202614,0.5620915032679739,0.0,67,3.35,20.0
P04_BLACK_E_take_0010,P04,BLACK,E,154,154,22,132,0,0,0.14285714285714285,0.8571428571428571,0.0,22,1.1,20.0
P04_BLACK_I_take_0001,P04,BLACK,I,152,152,54,98,0,0,0.35526315789473684,0.6447368421052632,0.0,54,2.7,20.0
P04_BLACK_I_take_0002,P04,BLACK,I,152,152,55,97,0,0,0.3618421052631579,0.6381578947368421,0.0,55,2.75,20.0
P04_BLACK_I_take_0003,P04,BLACK,I,153,153,14,139,0,0,0.0915032679738562,0.9084967320261438,0.0,14,0.7,20.0
P04_BLACK_I_take_0004,P04,BLACK,I,153,153,61,92,0,0,0.39869281045751637,0.6013071895424836,0.0,61,3.05,20.0
P04_BLACK_I_take_0005,P04,BLACK,I,154,154,50,104,0,0,0.3246753246753247,0.6753246753246753,0.0,50,2.5,20.0
P04_BLACK_I_take_0006,P04,BLACK,I,149,149,40,109,0,0,0.2684563758389262,0.7315436241610739,0.0,40,2.0,20.0
P04_BLACK_I_take_0007,P04,BLACK,I,157,157,60,97,0,0,0.3821656050955414,0.6178343949044586,0.0,60,3.0,20.0
P04_BLACK_I_take_0008,P04,BLACK,I,154,154,68,86,0,0,0.44155844155844154,0.5584415584415584,0.0,68,3.4,20.0
P04_BLACK_I_take_0009,P04,BLACK,I,155,155,48,107,0,0,0.3096774193548387,0.6903225806451613,0.0,48,2.4,20.0
P04_BLACK_I_take_0010,P04,BLACK,I,152,152,61,91,0,0,0.40131578947368424,0.5986842105263158,0.0,61,3.05,20.0
P04_BLACK_L_take_0001,P04,BLACK,L,150,150,56,94,0,0,0.37333333333333335,0.6266666666666667,0.0,56,2.8,20.0
P04_BLACK_L_take_0002,P04,BLACK,L,152,152,49,103,0,0,0.3223684210526316,0.6776315789473685,0.0,49,2.45,20.0
P04_BLACK_L_take_0003,P04,BLACK,L,151,151,48,103,0,0,0.31788079470198677,0.6821192052980133,0.0,48,2.4,20.0
P04_BLACK_L_take_0004,P04,BLACK,L,150,150,56,94,0,0,0.37333333333333335,0.6266666666666667,0.0,56,2.8,20.0
P04_BLACK_L_take_0005,P04,BLACK,L,151,151,50,101,0,0,0.33112582781456956,0.6688741721854304,0.0,50,2.5,20.0
P04_BLACK_L_take_0006,P04,BLACK,L,150,150,43,107,0,0,0.2866666666666667,0.7133333333333334,0.0,43,2.15,20.0
P04_BLACK_L_take_0007,P04,BLACK,L,152,152,58,94,0,0,0.3815789473684211,0.618421052631579,0.0,58,2.9,20.0
P04_BLACK_L_take_0008,P04,BLACK,L,152,152,51,101,0,0,0.3355263157894737,0.6644736842105263,0.0,51,2.55,20.0
P04_BLACK_L_take_0009,P04,BLACK,L,154,154,66,88,0,0,0.42857142857142855,0.5714285714285714,0.0,66,3.3,20.0
P04_BLACK_L_take_0010,P04,BLACK,L,154,154,51,103,0,0,0.33116883116883117,0.6688311688311688,0.0,51,2.55,20.0
P04_BLACK_M_take_0001,P04,BLACK,M,153,153,55,98,0,0,0.35947712418300654,0.6405228758169934,0.0,55,2.75,20.0
P04_BLACK_M_take_0002,P04,BLACK,M,153,153,54,99,0,0,0.35294117647058826,0.6470588235294118,0.0,54,2.7,20.0
P04_BLACK_M_take_0003,P04,BLACK,M,154,154,52,102,0,0,0.33766233766233766,0.6623376623376623,0.0,52,2.6,20.0
P04_BLACK_M_take_0004,P04,BLACK,M,153,153,38,115,0,0,0.24836601307189543,0.7516339869281046,0.0,38,1.9,20.0
P04_BLACK_M_take_0005,P04,BLACK,M,154,154,55,99,0,0,0.35714285714285715,0.6428571428571429,0.0,55,2.75,20.0
P04_BLACK_M_take_0006,P04,BLACK,M,155,155,48,107,0,0,0.3096774193548387,0.6903225806451613,0.0,48,2.4,20.0
P04_BLACK_M_take_0007,P04,BLACK,M,155,155,57,98,0,0,0.36774193548387096,0.632258064516129,0.0,57,2.85,20.0
P04_BLACK_M_take_0008,P04,BLACK,M,153,153,54,99,0,0,0.35294117647058826,0.6470588235294118,0.0,54,2.7,20.0
P04_BLACK_M_take_0009,P04,BLACK,M,154,154,35,119,0,0,0.22727272727272727,0.7727272727272727,0.0,35,1.75,20.0
P04_BLACK_M_take_0010,P04,BLACK,M,153,153,45,108,0,0,0.29411764705882354,0.7058823529411765,0.0,45,2.25,20.0
P04_BLACK_N_take_0001,P04,BLACK,N,152,152,49,103,0,0,0.3223684210526316,0.6776315789473685,0.0,49,2.45,20.0
P04_BLACK_N_take_0002,P04,BLACK,N,151,151,53,98,0,0,0.3509933774834437,0.6490066225165563,0.0,53,2.65,20.0
P04_BLACK_N_take_0003,P04,BLACK,N,153,153,48,105,0,0,0.3137254901960784,0.6862745098039216,0.0,48,2.4,20.0
P04_BLACK_N_take_0004,P04,BLACK,N,154,154,50,104,0,0,0.3246753246753247,0.6753246753246753,0.0,50,2.5,20.0
P04_BLACK_N_take_0005,P04,BLACK,N,152,152,47,105,0,0,0.3092105263157895,0.6907894736842105,0.0,47,2.35,20.0
P04_BLACK_N_take_0006,P04,BLACK,N,154,154,44,110,0,0,0.2857142857142857,0.7142857142857143,0.0,44,2.2,20.0
P04_BLACK_N_take_0007,P04,BLACK,N,151,151,58,93,0,0,0.3841059602649007,0.6158940397350994,0.0,58,2.9,20.0
P04_BLACK_N_take_0008,P04,BLACK,N,153,153,38,115,0,0,0.24836601307189543,0.7516339869281046,0.0,38,1.9,20.0
P04_BLACK_N_take_0009,P04,BLACK,N,152,152,42,110,0,0,0.27631578947368424,0.7236842105263158,0.0,42,2.1,20.0
P04_BLACK_N_take_0010,P04,BLACK,N,157,157,62,95,0,0,0.39490445859872614,0.6050955414012739,0.0,62,3.1,20.0
P04_BLACK_O_take_0001,P04,BLACK,O,151,151,32,119,0,0,0.2119205298013245,0.7880794701986755,0.0,32,1.6,20.0
P04_BLACK_O_take_0002,P04,BLACK,O,152,152,53,99,0,0,0.34868421052631576,0.6513157894736842,0.0,53,2.65,20.0
P04_BLACK_O_take_0003,P04,BLACK,O,152,152,68,84,0,0,0.4473684210526316,0.5526315789473685,0.0,68,3.4,20.0
P04_BLACK_O_take_0004,P04,BLACK,O,155,155,50,105,0,0,0.3225806451612903,0.6774193548387096,0.0,50,2.5,20.0
P04_BLACK_O_take_0005,P04,BLACK,O,154,154,57,97,0,0,0.37012987012987014,0.6298701298701299,0.0,57,2.85,20.0
P04_BLACK_O_take_0006,P04,BLACK,O,151,151,53,98,0,0,0.3509933774834437,0.6490066225165563,0.0,53,2.65,20.0
P04_BLACK_O_take_0007,P04,BLACK,O,153,153,53,100,0,0,0.3464052287581699,0.6535947712418301,0.0,53,2.65,20.0
P04_BLACK_O_take_0008,P04,BLACK,O,152,152,47,105,0,0,0.3092105263157895,0.6907894736842105,0.0,47,2.35,20.0
P04_BLACK_O_take_0009,P04,BLACK,O,152,152,38,114,0,0,0.25,0.75,0.0,38,1.9,20.0
P04_BLACK_O_take_0010,P04,BLACK,O,152,152,67,85,0,0,0.4407894736842105,0.5592105263157895,0.0,67,3.35,20.0
P04_BLACK_P_take_0001,P04,BLACK,P,145,145,45,100,0,0,0.3103448275862069,0.6896551724137931,0.0,45,2.25,20.0
P04_BLACK_P_take_0002,P04,BLACK,P,147,147,42,105,0,0,0.2857142857142857,0.7142857142857143,0.0,42,2.1,20.0
P04_BLACK_P_take_0003,P04,BLACK,P,149,149,48,101,0,0,0.3221476510067114,0.6778523489932886,0.0,48,2.4,20.0
P04_BLACK_P_take_0004,P04,BLACK,P,149,149,65,84,0,0,0.436241610738255,0.5637583892617449,0.0,65,3.25,20.0
P04_BLACK_P_take_0005,P04,BLACK,P,148,148,56,92,0,0,0.3783783783783784,0.6216216216216216,0.0,56,2.8,20.0
P04_BLACK_P_take_0006,P04,BLACK,P,148,148,57,91,0,0,0.38513513513513514,0.6148648648648649,0.0,57,2.85,20.0
P04_BLACK_P_take_0007,P04,BLACK,P,148,148,57,91,0,0,0.38513513513513514,0.6148648648648649,0.0,57,2.85,20.0
P04_BLACK_P_take_0008,P04,BLACK,P,146,146,51,95,0,0,0.3493150684931507,0.6506849315068494,0.0,51,2.55,20.0
P04_BLACK_P_take_0009,P04,BLACK,P,147,147,47,100,0,0,0.3197278911564626,0.6802721088435374,0.0,47,2.35,20.0
P04_BLACK_P_take_0010,P04,BLACK,P,148,148,60,88,0,0,0.40540540540540543,0.5945945945945946,0.0,60,3.0,20.0
P04_BLACK_R_take_0001,P04,BLACK,R,151,151,58,93,0,0,0.3841059602649007,0.6158940397350994,0.0,58,2.9,20.0
P04_BLACK_R_take_0002,P04,BLACK,R,151,151,47,104,0,0,0.31125827814569534,0.6887417218543046,0.0,47,2.35,20.0
P04_BLACK_R_take_0003,P04,BLACK,R,150,150,47,103,0,0,0.31333333333333335,0.6866666666666666,0.0,47,2.35,20.0
P04_BLACK_R_take_0004,P04,BLACK,R,113,113,41,72,0,0,0.36283185840707965,0.6371681415929203,0.0,41,2.05,20.0
P04_BLACK_R_take_0005,P04,BLACK,R,151,151,47,104,0,0,0.31125827814569534,0.6887417218543046,0.0,47,2.35,20.0
P04_BLACK_R_take_0006,P04,BLACK,R,151,151,63,88,0,0,0.41721854304635764,0.5827814569536424,0.0,63,3.15,20.0
P04_BLACK_R_take_0007,P04,BLACK,R,150,150,62,88,0,0,0.41333333333333333,0.5866666666666667,0.0,62,3.1,20.0
P04_BLACK_R_take_0008,P04,BLACK,R,149,149,59,90,0,0,0.3959731543624161,0.6040268456375839,0.0,59,2.95,20.0
P04_BLACK_R_take_0009,P04,BLACK,R,150,150,49,101,0,0,0.32666666666666666,0.6733333333333333,0.0,49,2.45,20.0
P04_BLACK_R_take_0010,P04,BLACK,R,151,151,39,112,0,0,0.2582781456953642,0.7417218543046358,0.0,39,1.95,20.0
P04_BLACK_S_take_0001,P04,BLACK,S,151,151,52,99,0,0,0.3443708609271523,0.6556291390728477,0.0,52,2.6,20.0
P04_BLACK_S_take_0002,P04,BLACK,S,152,152,59,93,0,0,0.3881578947368421,0.6118421052631579,0.0,59,2.95,20.0
P04_BLACK_S_take_0003,P04,BLACK,S,153,153,64,89,0,0,0.41830065359477125,0.5816993464052288,0.0,64,3.2,20.0
P04_BLACK_S_take_0004,P04,BLACK,S,153,153,53,100,0,0,0.3464052287581699,0.6535947712418301,0.0,53,2.65,20.0
P04_BLACK_S_take_0005,P04,BLACK,S,151,151,60,91,0,0,0.3973509933774834,0.6026490066225165,0.0,60,3.0,20.0
P04_BLACK_S_take_0006,P04,BLACK,S,153,153,67,86,0,0,0.43790849673202614,0.5620915032679739,0.0,67,3.35,20.0
P04_BLACK_S_take_0007,P04,BLACK,S,152,152,66,86,0,0,0.4342105263157895,0.5657894736842105,0.0,66,3.3,20.0
P04_BLACK_S_take_0008,P04,BLACK,S,151,151,64,87,0,0,0.423841059602649,0.5761589403973509,0.0,64,3.2,20.0
P04_BLACK_S_take_0009,P04,BLACK,S,143,143,52,91,0,0,0.36363636363636365,0.6363636363636364,0.0,52,2.6,20.0
P04_BLACK_S_take_0010,P04,BLACK,S,152,152,66,86,0,0,0.4342105263157895,0.5657894736842105,0.0,66,3.3,20.0
P04_BLACK_T_take_0001,P04,BLACK,T,147,147,31,116,0,0,0.2108843537414966,0.7891156462585034,0.0,31,1.55,20.0
P04_BLACK_T_take_0002,P04,BLACK,T,151,151,54,97,0,0,0.3576158940397351,0.6423841059602649,0.0,54,2.7,20.0
P04_BLACK_T_take_0003,P04,BLACK,T,151,151,62,89,0,0,0.4105960264900662,0.5894039735099338,0.0,62,3.1,20.0
P04_BLACK_T_take_0004,P04,BLACK,T,153,153,67,86,0,0,0.43790849673202614,0.5620915032679739,0.0,67,3.35,20.0
P04_BLACK_T_take_0005,P04,BLACK,T,151,151,63,88,0,0,0.41721854304635764,0.5827814569536424,0.0,63,3.15,20.0
P04_BLACK_T_take_0006,P04,BLACK,T,151,151,58,93,0,0,0.3841059602649007,0.6158940397350994,0.0,58,2.9,20.0
P04_BLACK_T_take_0007,P04,BLACK,T,152,152,54,98,0,0,0.35526315789473684,0.6447368421052632,0.0,54,2.7,20.0
P04_BLACK_T_take_0008,P04,BLACK,T,150,150,48,102,0,0,0.32,0.68,0.0,48,2.4,20.0
P04_BLACK_T_take_0009,P04,BLACK,T,153,153,63,90,0,0,0.4117647058823529,0.5882352941176471,0.0,63,3.15,20.0
P04_BLACK_T_take_0010,P04,BLACK,T,151,151,57,94,0,0,0.37748344370860926,0.6225165562913907,0.0,57,2.85,20.0
P04_BLACK_U_take_0001,P04,BLACK,U,143,143,49,94,0,0,0.34265734265734266,0.6573426573426573,0.0,49,2.45,20.0
P04_BLACK_U_take_0002,P04,BLACK,U,141,141,56,85,0,0,0.3971631205673759,0.6028368794326241,0.0,56,2.8,20.0
P04_BLACK_U_take_0003,P04,BLACK,U,139,139,47,92,0,0,0.3381294964028777,0.6618705035971223,0.0,47,2.35,20.0
P04_BLACK_U_take_0004,P04,BLACK,U,143,143,47,96,0,0,0.32867132867132864,0.6713286713286714,0.0,47,2.35,20.0
P04_BLACK_U_take_0005,P04,BLACK,U,142,142,29,113,0,0,0.20422535211267606,0.795774647887324,0.0,29,1.45,20.0
P04_BLACK_U_take_0006,P04,BLACK,U,142,142,56,86,0,0,0.39436619718309857,0.6056338028169014,0.0,56,2.8,20.0
P04_BLACK_U_take_0007,P04,BLACK,U,141,141,51,90,0,0,0.3617021276595745,0.6382978723404256,0.0,51,2.55,20.0
P04_BLACK_U_take_0008,P04,BLACK,U,150,150,59,91,0,0,0.3933333333333333,0.6066666666666667,0.0,59,2.95,20.0
P04_BLACK_U_take_0009,P04,BLACK,U,143,143,39,104,0,0,0.2727272727272727,0.7272727272727273,0.0,39,1.95,20.0
P04_BLACK_U_take_0010,P04,BLACK,U,141,141,48,93,0,0,0.3404255319148936,0.6595744680851063,0.0,48,2.4,20.0
P04_BLACK_V_take_0001,P04,BLACK,V,147,147,57,90,0,0,0.3877551020408163,0.6122448979591837,0.0,57,2.85,20.0
P04_BLACK_V_take_0002,P04,BLACK,V,149,149,90,59,0,0,0.6040268456375839,0.3959731543624161,0.0,90,4.5,20.0
P04_BLACK_V_take_0003,P04,BLACK,V,151,151,46,105,0,0,0.304635761589404,0.695364238410596,0.0,46,2.3,20.0
P04_BLACK_V_take_0004,P04,BLACK,V,149,149,55,94,0,0,0.3691275167785235,0.6308724832214765,0.0,55,2.75,20.0
P04_BLACK_V_take_0005,P04,BLACK,V,150,150,55,95,0,0,0.36666666666666664,0.6333333333333333,0.0,55,2.75,20.0
P04_BLACK_V_take_0006,P04,BLACK,V,150,150,55,95,0,0,0.36666666666666664,0.6333333333333333,0.0,55,2.75,20.0
P04_BLACK_V_take_0007,P04,BLACK,V,150,150,59,91,0,0,0.3933333333333333,0.6066666666666667,0.0,59,2.95,20.0
P04_BLACK_V_take_0008,P04,BLACK,V,149,149,62,87,0,0,0.4161073825503356,0.5838926174496645,0.0,62,3.1,20.0
P04_BLACK_V_take_0009,P04,BLACK,V,150,150,62,88,0,0,0.41333333333333333,0.5866666666666667,0.0,62,3.1,20.0
P04_BLACK_V_take_0010,P04,BLACK,V,147,147,53,94,0,0,0.36054421768707484,0.6394557823129252,0.0,53,2.65,20.0
P04_BLACK_W_take_0001,P04,BLACK,W,149,149,29,120,0,0,0.19463087248322147,0.8053691275167785,0.0,29,1.45,20.0
P04_BLACK_W_take_0002,P04,BLACK,W,148,148,56,92,0,0,0.3783783783783784,0.6216216216216216,0.0,56,2.8,20.0
P04_BLACK_W_take_0003,P04,BLACK,W,149,149,55,94,0,0,0.3691275167785235,0.6308724832214765,0.0,55,2.75,20.0
P04_BLACK_W_take_0004,P04,BLACK,W,150,150,68,82,0,0,0.4533333333333333,0.5466666666666666,0.0,68,3.4,20.0
P04_BLACK_W_take_0005,P04,BLACK,W,149,149,58,91,0,0,0.38926174496644295,0.610738255033557,0.0,58,2.9,20.0
P04_BLACK_W_take_0006,P04,BLACK,W,149,149,38,111,0,0,0.2550335570469799,0.7449664429530202,0.0,38,1.9,20.0
P04_BLACK_W_take_0007,P04,BLACK,W,147,147,21,126,0,0,0.14285714285714285,0.8571428571428571,0.0,21,1.05,20.0
P04_BLACK_W_take_0008,P04,BLACK,W,153,153,62,91,0,0,0.40522875816993464,0.5947712418300654,0.0,62,3.1,20.0
P04_BLACK_W_take_0009,P04,BLACK,W,148,148,52,96,0,0,0.35135135135135137,0.6486486486486487,0.0,52,2.6,20.0
P04_BLACK_W_take_0010,P04,BLACK,W,148,148,42,106,0,0,0.28378378378378377,0.7162162162162162,0.0,42,2.1,20.0
P04_BLACK_Y_take_0001,P04,BLACK,Y,148,148,60,88,0,0,0.40540540540540543,0.5945945945945946,0.0,60,3.0,20.0
P04_BLACK_Y_take_0002,P04,BLACK,Y,151,151,47,104,0,0,0.31125827814569534,0.6887417218543046,0.0,47,2.35,20.0
P04_BLACK_Y_take_0003,P04,BLACK,Y,148,148,49,99,0,0,0.3310810810810811,0.668918918918919,0.0,49,2.45,20.0
P04_BLACK_Y_take_0004,P04,BLACK,Y,146,146,39,107,0,0,0.2671232876712329,0.7328767123287672,0.0,39,1.95,20.0
P04_BLACK_Y_take_0005,P04,BLACK,Y,152,152,46,106,0,0,0.3026315789473684,0.6973684210526315,0.0,46,2.3,20.0
P04_BLACK_Y_take_0006,P04,BLACK,Y,148,148,41,107,0,0,0.27702702702702703,0.722972972972973,0.0,41,2.05,20.0
P04_BLACK_Y_take_0007,P04,BLACK,Y,149,149,48,101,0,0,0.3221476510067114,0.6778523489932886,0.0,48,2.4,20.0
P04_BLACK_Y_take_0008,P04,BLACK,Y,148,148,52,96,0,0,0.35135135135135137,0.6486486486486487,0.0,52,2.6,20.0
P04_BLACK_Y_take_0009,P04,BLACK,Y,150,150,66,84,0,0,0.44,0.56,0.0,66,3.3,20.0
P04_BLACK_Y_take_0010,P04,BLACK,Y,149,149,57,92,0,0,0.3825503355704698,0.6174496644295302,0.0,57,2.85,20.0
P04_BLUE_A_take_0001,P04,BLUE,A,132,132,33,99,0,0,0.25,0.75,0.0,33,1.65,20.0
P04_BLUE_A_take_0002,P04,BLUE,A,130,130,31,99,0,0,0.23846153846153847,0.7615384615384615,0.0,31,1.55,20.0
P04_BLUE_A_take_0003,P04,BLUE,A,141,141,26,115,0,0,0.18439716312056736,0.8156028368794326,0.0,26,1.3,20.0
P04_BLUE_A_take_0004,P04,BLUE,A,109,109,36,73,0,0,0.3302752293577982,0.6697247706422018,0.0,36,1.8,20.0
P04_BLUE_A_take_0005,P04,BLUE,A,141,141,40,101,0,0,0.28368794326241137,0.7163120567375887,0.0,40,2.0,20.0
P04_BLUE_A_take_0006,P04,BLUE,A,138,138,38,100,0,0,0.2753623188405797,0.7246376811594203,0.0,38,1.9,20.0
P04_BLUE_A_take_0007,P04,BLUE,A,141,141,29,112,0,0,0.20567375886524822,0.7943262411347518,0.0,29,1.45,20.0
P04_BLUE_A_take_0008,P04,BLUE,A,139,139,35,104,0,0,0.2517985611510791,0.7482014388489209,0.0,35,1.75,20.0
P04_BLUE_A_take_0009,P04,BLUE,A,138,138,29,109,0,0,0.21014492753623187,0.7898550724637681,0.0,29,1.45,20.0
P04_BLUE_A_take_0010,P04,BLUE,A,122,122,31,91,0,0,0.2540983606557377,0.7459016393442623,0.0,31,1.55,20.0
P04_BLUE_B_take_0001,P04,BLUE,B,117,117,19,98,0,0,0.1623931623931624,0.8376068376068376,0.0,19,0.95,20.0
P04_BLUE_B_take_0002,P04,BLUE,B,119,119,16,103,0,0,0.13445378151260504,0.865546218487395,0.0,16,0.8,20.0
P04_BLUE_B_take_0003,P04,BLUE,B,118,118,33,85,0,0,0.2796610169491525,0.7203389830508474,0.0,33,1.65,20.0
P04_BLUE_B_take_0004,P04,BLUE,B,119,119,38,81,0,0,0.31932773109243695,0.680672268907563,0.0,38,1.9,20.0
P04_BLUE_B_take_0005,P04,BLUE,B,119,119,24,95,0,0,0.20168067226890757,0.7983193277310925,0.0,24,1.2,20.0
P04_BLUE_B_take_0006,P04,BLUE,B,120,120,39,81,0,0,0.325,0.675,0.0,39,1.95,20.0
P04_BLUE_B_take_0007,P04,BLUE,B,123,123,39,84,0,0,0.3170731707317073,0.6829268292682927,0.0,39,1.95,20.0
P04_BLUE_B_take_0008,P04,BLUE,B,120,120,39,81,0,0,0.325,0.675,0.0,39,1.95,20.0
P04_BLUE_B_take_0009,P04,BLUE,B,95,95,57,38,0,0,0.6,0.4,0.0,57,2.85,20.0
P04_BLUE_B_take_0010,P04,BLUE,B,118,118,56,62,0,0,0.4745762711864407,0.5254237288135594,0.0,56,2.8,20.0
P04_BLUE_C_take_0001,P04,BLUE,C,120,120,32,88,0,0,0.26666666666666666,0.7333333333333333,0.0,32,1.6,20.0
P04_BLUE_C_take_0002,P04,BLUE,C,122,122,24,98,0,0,0.19672131147540983,0.8032786885245902,0.0,24,1.2,20.0
P04_BLUE_C_take_0003,P04,BLUE,C,119,119,18,101,0,0,0.15126050420168066,0.8487394957983193,0.0,18,0.9,20.0
P04_BLUE_C_take_0004,P04,BLUE,C,120,120,50,70,0,0,0.4166666666666667,0.5833333333333334,0.0,50,2.5,20.0
P04_BLUE_C_take_0005,P04,BLUE,C,122,122,49,73,0,0,0.4016393442622951,0.5983606557377049,0.0,49,2.45,20.0
P04_BLUE_C_take_0006,P04,BLUE,C,120,120,36,84,0,0,0.3,0.7,0.0,36,1.8,20.0
P04_BLUE_C_take_0007,P04,BLUE,C,119,119,32,87,0,0,0.2689075630252101,0.7310924369747899,0.0,32,1.6,20.0
P04_BLUE_C_take_0008,P04,BLUE,C,120,120,36,84,0,0,0.3,0.7,0.0,36,1.8,20.0
P04_BLUE_C_take_0009,P04,BLUE,C,120,120,40,80,0,0,0.3333333333333333,0.6666666666666666,0.0,40,2.0,20.0
P04_BLUE_C_take_0010,P04,BLUE,C,121,121,53,68,0,0,0.4380165289256198,0.5619834710743802,0.0,53,2.65,20.0
P04_BLUE_E_take_0001,P04,BLUE,E,82,82,24,58,0,0,0.2926829268292683,0.7073170731707317,0.0,24,1.2,20.0
P04_BLUE_E_take_0002,P04,BLUE,E,139,139,48,91,0,0,0.34532374100719426,0.6546762589928058,0.0,48,2.4,20.0
P04_BLUE_E_take_0003,P04,BLUE,E,129,129,44,85,0,0,0.34108527131782945,0.6589147286821705,0.0,44,2.2,20.0
P04_BLUE_E_take_0004,P04,BLUE,E,128,128,45,83,0,0,0.3515625,0.6484375,0.0,45,2.25,20.0
P04_BLUE_E_take_0005,P04,BLUE,E,127,127,38,89,0,0,0.2992125984251969,0.7007874015748031,0.0,38,1.9,20.0
P04_BLUE_E_take_0006,P04,BLUE,E,129,129,31,98,0,0,0.24031007751937986,0.7596899224806202,0.0,31,1.55,20.0
P04_BLUE_E_take_0007,P04,BLUE,E,131,131,33,98,0,0,0.25190839694656486,0.7480916030534351,0.0,33,1.65,20.0
P04_BLUE_E_take_0008,P04,BLUE,E,130,130,38,92,0,0,0.2923076923076923,0.7076923076923077,0.0,38,1.9,20.0
P04_BLUE_E_take_0009,P04,BLUE,E,130,130,51,79,0,0,0.3923076923076923,0.6076923076923076,0.0,51,2.55,20.0
P04_BLUE_E_take_0010,P04,BLUE,E,129,129,50,79,0,0,0.3875968992248062,0.6124031007751938,0.0,50,2.5,20.0
P04_BLUE_I_take_0001,P04,BLUE,I,87,87,40,47,0,0,0.45977011494252873,0.5402298850574713,0.0,40,2.0,20.0
P04_BLUE_I_take_0002,P04,BLUE,I,126,126,36,90,0,0,0.2857142857142857,0.7142857142857143,0.0,36,1.8,20.0
P04_BLUE_I_take_0003,P04,BLUE,I,127,127,38,89,0,0,0.2992125984251969,0.7007874015748031,0.0,38,1.9,20.0
P04_BLUE_I_take_0004,P04,BLUE,I,127,127,33,94,0,0,0.25984251968503935,0.7401574803149606,0.0,33,1.65,20.0
P04_BLUE_I_take_0005,P04,BLUE,I,125,125,40,85,0,0,0.32,0.68,0.0,40,2.0,20.0
P04_BLUE_I_take_0006,P04,BLUE,I,130,130,36,94,0,0,0.27692307692307694,0.7230769230769231,0.0,36,1.8,20.0
P04_BLUE_I_take_0007,P04,BLUE,I,126,126,58,68,0,0,0.4603174603174603,0.5396825396825397,0.0,58,2.9,20.0
P04_BLUE_I_take_0008,P04,BLUE,I,127,127,51,76,0,0,0.4015748031496063,0.5984251968503937,0.0,51,2.55,20.0
P04_BLUE_I_take_0009,P04,BLUE,I,127,127,53,74,0,0,0.41732283464566927,0.5826771653543307,0.0,53,2.65,20.0
P04_BLUE_I_take_0010,P04,BLUE,I,126,126,36,90,0,0,0.2857142857142857,0.7142857142857143,0.0,36,1.8,20.0
P04_BLUE_L_take_0001,P04,BLUE,L,81,81,26,55,0,0,0.32098765432098764,0.6790123456790124,0.0,26,1.3,20.0
P04_BLUE_L_take_0002,P04,BLUE,L,121,121,40,81,0,0,0.3305785123966942,0.6694214876033058,0.0,40,2.0,20.0
P04_BLUE_L_take_0003,P04,BLUE,L,122,122,51,71,0,0,0.4180327868852459,0.5819672131147541,0.0,51,2.55,20.0
P04_BLUE_L_take_0004,P04,BLUE,L,122,122,41,81,0,0,0.3360655737704918,0.6639344262295082,0.0,41,2.05,20.0
P04_BLUE_L_take_0005,P04,BLUE,L,128,128,37,91,0,0,0.2890625,0.7109375,0.0,37,1.85,20.0
P04_BLUE_L_take_0006,P04,BLUE,L,122,122,51,70,1,0,0.4180327868852459,0.5737704918032787,0.00819672131147541,51,2.55,20.0
P04_BLUE_L_take_0007,P04,BLUE,L,122,122,41,81,0,0,0.3360655737704918,0.6639344262295082,0.0,41,2.05,20.0
P04_BLUE_L_take_0008,P04,BLUE,L,122,122,32,90,0,0,0.26229508196721313,0.7377049180327869,0.0,32,1.6,20.0
P04_BLUE_L_take_0009,P04,BLUE,L,122,122,15,107,0,0,0.12295081967213115,0.8770491803278688,0.0,15,0.75,20.0
P04_BLUE_L_take_0010,P04,BLUE,L,121,121,39,82,0,0,0.32231404958677684,0.6776859504132231,0.0,39,1.95,20.0
P04_BLUE_M_take_0001,P04,BLUE,M,109,109,39,70,0,0,0.3577981651376147,0.6422018348623854,0.0,39,1.95,20.0
P04_BLUE_M_take_0002,P04,BLUE,M,124,124,41,83,0,0,0.33064516129032256,0.6693548387096774,0.0,41,2.05,20.0
P04_BLUE_M_take_0003,P04,BLUE,M,123,123,42,81,0,0,0.34146341463414637,0.6585365853658537,0.0,42,2.1,20.0
P04_BLUE_M_take_0004,P04,BLUE,M,127,127,47,80,0,0,0.3700787401574803,0.6299212598425197,0.0,47,2.35,20.0
P04_BLUE_M_take_0005,P04,BLUE,M,127,127,40,87,0,0,0.31496062992125984,0.6850393700787402,0.0,40,2.0,20.0
P04_BLUE_M_take_0006,P04,BLUE,M,122,122,40,82,0,0,0.32786885245901637,0.6721311475409836,0.0,40,2.0,20.0
P04_BLUE_M_take_0007,P04,BLUE,M,126,126,40,86,0,0,0.31746031746031744,0.6825396825396826,0.0,40,2.0,20.0
P04_BLUE_M_take_0008,P04,BLUE,M,126,126,34,92,0,0,0.2698412698412698,0.7301587301587301,0.0,34,1.7,20.0
P04_BLUE_M_take_0009,P04,BLUE,M,122,122,44,78,0,0,0.36065573770491804,0.639344262295082,0.0,44,2.2,20.0
P04_BLUE_M_take_0010,P04,BLUE,M,122,122,30,92,0,0,0.2459016393442623,0.7540983606557377,0.0,30,1.5,20.0
P04_BLUE_N_take_0001,P04,BLUE,N,122,122,38,84,0,0,0.3114754098360656,0.6885245901639344,0.0,38,1.9,20.0
P04_BLUE_N_take_0002,P04,BLUE,N,127,127,40,87,0,0,0.31496062992125984,0.6850393700787402,0.0,40,2.0,20.0
P04_BLUE_N_take_0003,P04,BLUE,N,110,110,27,83,0,0,0.24545454545454545,0.7545454545454545,0.0,27,1.35,20.0
P04_BLUE_N_take_0004,P04,BLUE,N,123,123,32,91,0,0,0.2601626016260163,0.7398373983739838,0.0,32,1.6,20.0
P04_BLUE_N_take_0005,P04,BLUE,N,133,133,41,92,0,0,0.3082706766917293,0.6917293233082706,0.0,41,2.05,20.0
P04_BLUE_N_take_0006,P04,BLUE,N,124,124,28,96,0,0,0.22580645161290322,0.7741935483870968,0.0,28,1.4,20.0
P04_BLUE_N_take_0007,P04,BLUE,N,124,124,37,87,0,0,0.29838709677419356,0.7016129032258065,0.0,37,1.85,20.0
P04_BLUE_N_take_0008,P04,BLUE,N,123,123,32,91,0,0,0.2601626016260163,0.7398373983739838,0.0,32,1.6,20.0
P04_BLUE_N_take_0009,P04,BLUE,N,122,122,34,88,0,0,0.2786885245901639,0.7213114754098361,0.0,34,1.7,20.0
P04_BLUE_N_take_0010,P04,BLUE,N,129,129,46,83,0,0,0.35658914728682173,0.6434108527131783,0.0,46,2.3,20.0
P04_BLUE_O_take_0001,P04,BLUE,O,123,123,57,66,0,0,0.4634146341463415,0.5365853658536586,0.0,57,2.85,20.0
P04_BLUE_O_take_0002,P04,BLUE,O,125,125,44,81,0,0,0.352,0.648,0.0,44,2.2,20.0
P04_BLUE_O_take_0003,P04,BLUE,O,123,123,36,87,0,0,0.2926829268292683,0.7073170731707317,0.0,36,1.8,20.0
P04_BLUE_O_take_0004,P04,BLUE,O,125,125,36,89,0,0,0.288,0.712,0.0,36,1.8,20.0
P04_BLUE_O_take_0005,P04,BLUE,O,124,124,31,93,0,0,0.25,0.75,0.0,31,1.55,20.0
P04_BLUE_O_take_0006,P04,BLUE,O,124,124,38,86,0,0,0.3064516129032258,0.6935483870967742,0.0,38,1.9,20.0
P04_BLUE_O_take_0007,P04,BLUE,O,125,125,38,87,0,0,0.304,0.696,0.0,38,1.9,20.0
P04_BLUE_O_take_0008,P04,BLUE,O,124,124,40,84,0,0,0.3225806451612903,0.6774193548387096,0.0,40,2.0,20.0
P04_BLUE_O_take_0009,P04,BLUE,O,123,123,27,96,0,0,0.21951219512195122,0.7804878048780488,0.0,27,1.35,20.0
P04_BLUE_O_take_0010,P04,BLUE,O,134,134,44,90,0,0,0.3283582089552239,0.6716417910447762,0.0,44,2.2,20.0
P04_BLUE_P_take_0001,P04,BLUE,P,85,85,18,67,0,0,0.21176470588235294,0.788235294117647,0.0,18,0.9,20.0
P04_BLUE_P_take_0002,P04,BLUE,P,118,118,33,85,0,0,0.2796610169491525,0.7203389830508474,0.0,33,1.65,20.0
P04_BLUE_P_take_0003,P04,BLUE,P,119,119,39,80,0,0,0.3277310924369748,0.6722689075630253,0.0,39,1.95,20.0
P04_BLUE_P_take_0004,P04,BLUE,P,119,119,44,75,0,0,0.3697478991596639,0.6302521008403361,0.0,44,2.2,20.0
P04_BLUE_P_take_0005,P04,BLUE,P,119,119,34,85,0,0,0.2857142857142857,0.7142857142857143,0.0,34,1.7,20.0
P04_BLUE_P_take_0006,P04,BLUE,P,119,119,33,86,0,0,0.2773109243697479,0.7226890756302521,0.0,33,1.65,20.0
P04_BLUE_P_take_0007,P04,BLUE,P,118,118,45,73,0,0,0.3813559322033898,0.6186440677966102,0.0,45,2.25,20.0
P04_BLUE_P_take_0008,P04,BLUE,P,120,120,41,79,0,0,0.3416666666666667,0.6583333333333333,0.0,41,2.05,20.0
P04_BLUE_P_take_0009,P04,BLUE,P,117,117,43,74,0,0,0.36752136752136755,0.6324786324786325,0.0,43,2.15,20.0
P04_BLUE_P_take_0010,P04,BLUE,P,120,120,39,81,0,0,0.325,0.675,0.0,39,1.95,20.0
P04_BLUE_R_take_0001,P04,BLUE,R,77,77,29,48,0,0,0.37662337662337664,0.6233766233766234,0.0,29,1.45,20.0
P04_BLUE_R_take_0002,P04,BLUE,R,125,125,49,76,0,0,0.392,0.608,0.0,49,2.45,20.0
P04_BLUE_R_take_0003,P04,BLUE,R,118,118,37,81,0,0,0.3135593220338983,0.6864406779661016,0.0,37,1.85,20.0
P04_BLUE_R_take_0004,P04,BLUE,R,121,121,29,92,0,0,0.2396694214876033,0.7603305785123967,0.0,29,1.45,20.0
P04_BLUE_R_take_0005,P04,BLUE,R,119,119,48,71,0,0,0.40336134453781514,0.5966386554621849,0.0,48,2.4,20.0
P04_BLUE_R_take_0006,P04,BLUE,R,117,117,46,71,0,0,0.39316239316239315,0.6068376068376068,0.0,46,2.3,20.0
P04_BLUE_R_take_0007,P04,BLUE,R,117,117,36,81,0,0,0.3076923076923077,0.6923076923076923,0.0,36,1.8,20.0
P04_BLUE_R_take_0008,P04,BLUE,R,117,117,40,77,0,0,0.3418803418803419,0.6581196581196581,0.0,40,2.0,20.0
P04_BLUE_R_take_0009,P04,BLUE,R,117,117,38,79,0,0,0.3247863247863248,0.6752136752136753,0.0,38,1.9,20.0
P04_BLUE_R_take_0010,P04,BLUE,R,117,117,43,74,0,0,0.36752136752136755,0.6324786324786325,0.0,43,2.15,20.0
P04_BLUE_S_take_0001,P04,BLUE,S,83,83,15,68,0,0,0.18072289156626506,0.8192771084337349,0.0,15,0.75,20.0
P04_BLUE_S_take_0002,P04,BLUE,S,126,126,48,78,0,0,0.38095238095238093,0.6190476190476191,0.0,48,2.4,20.0
P04_BLUE_S_take_0003,P04,BLUE,S,127,127,44,83,0,0,0.3464566929133858,0.6535433070866141,0.0,44,2.2,20.0
P04_BLUE_S_take_0004,P04,BLUE,S,127,127,37,90,0,0,0.29133858267716534,0.7086614173228346,0.0,37,1.85,20.0
P04_BLUE_S_take_0005,P04,BLUE,S,130,130,46,84,0,0,0.35384615384615387,0.6461538461538462,0.0,46,2.3,20.0
P04_BLUE_S_take_0006,P04,BLUE,S,127,127,31,96,0,0,0.2440944881889764,0.7559055118110236,0.0,31,1.55,20.0
P04_BLUE_S_take_0007,P04,BLUE,S,127,127,43,84,0,0,0.33858267716535434,0.6614173228346457,0.0,43,2.15,20.0
P04_BLUE_S_take_0008,P04,BLUE,S,127,127,54,73,0,0,0.4251968503937008,0.5748031496062992,0.0,54,2.7,20.0
P04_BLUE_S_take_0009,P04,BLUE,S,129,129,44,85,0,0,0.34108527131782945,0.6589147286821705,0.0,44,2.2,20.0
P04_BLUE_S_take_0010,P04,BLUE,S,127,127,45,82,0,0,0.3543307086614173,0.6456692913385826,0.0,45,2.25,20.0
P04_BLUE_T_take_0001,P04,BLUE,T,97,97,35,62,0,0,0.36082474226804123,0.6391752577319587,0.0,35,1.75,20.0
P04_BLUE_T_take_0002,P04,BLUE,T,129,129,46,83,0,0,0.35658914728682173,0.6434108527131783,0.0,46,2.3,20.0
P04_BLUE_T_take_0003,P04,BLUE,T,132,132,50,82,0,0,0.3787878787878788,0.6212121212121212,0.0,50,2.5,20.0
P04_BLUE_T_take_0004,P04,BLUE,T,130,130,44,86,0,0,0.3384615384615385,0.6615384615384615,0.0,44,2.2,20.0
P04_BLUE_T_take_0005,P04,BLUE,T,128,128,71,57,0,0,0.5546875,0.4453125,0.0,71,3.55,20.0
P04_BLUE_T_take_0006,P04,BLUE,T,136,136,53,83,0,0,0.3897058823529412,0.6102941176470589,0.0,53,2.65,20.0
P04_BLUE_T_take_0007,P04,BLUE,T,128,128,49,79,0,0,0.3828125,0.6171875,0.0,49,2.45,20.0
P04_BLUE_T_take_0008,P04,BLUE,T,130,130,38,92,0,0,0.2923076923076923,0.7076923076923077,0.0,38,1.9,20.0
P04_BLUE_T_take_0009,P04,BLUE,T,132,132,35,97,0,0,0.26515151515151514,0.7348484848484849,0.0,35,1.75,20.0
P04_BLUE_T_take_0010,P04,BLUE,T,129,129,33,96,0,0,0.2558139534883721,0.7441860465116279,0.0,33,1.65,20.0
P04_BLUE_U_take_0001,P04,BLUE,U,115,115,35,80,0,0,0.30434782608695654,0.6956521739130435,0.0,35,1.75,20.0
P04_BLUE_U_take_0002,P04,BLUE,U,118,118,31,87,0,0,0.2627118644067797,0.7372881355932204,0.0,31,1.55,20.0
P04_BLUE_U_take_0003,P04,BLUE,U,112,112,30,82,0,0,0.26785714285714285,0.7321428571428571,0.0,30,1.5,20.0
P04_BLUE_U_take_0004,P04,BLUE,U,119,119,50,69,0,0,0.42016806722689076,0.5798319327731093,0.0,50,2.5,20.0
P04_BLUE_U_take_0005,P04,BLUE,U,112,112,33,79,0,0,0.29464285714285715,0.7053571428571429,0.0,33,1.65,20.0
P04_BLUE_U_take_0006,P04,BLUE,U,116,116,41,75,0,0,0.35344827586206895,0.646551724137931,0.0,41,2.05,20.0
P04_BLUE_U_take_0007,P04,BLUE,U,113,113,35,78,0,0,0.30973451327433627,0.6902654867256637,0.0,35,1.75,20.0
P04_BLUE_U_take_0008,P04,BLUE,U,114,114,31,83,0,0,0.2719298245614035,0.7280701754385965,0.0,31,1.55,20.0
P04_BLUE_U_take_0009,P04,BLUE,U,112,112,31,81,0,0,0.2767857142857143,0.7232142857142857,0.0,31,1.55,20.0
P04_BLUE_U_take_0010,P04,BLUE,U,111,111,32,79,0,0,0.2882882882882883,0.7117117117117117,0.0,32,1.6,20.0
P04_BLUE_V_take_0001,P04,BLUE,V,87,87,29,57,1,0,0.3333333333333333,0.6551724137931034,0.011494252873563218,29,1.45,20.0
P04_BLUE_V_take_0002,P04,BLUE,V,124,124,45,79,0,0,0.3629032258064516,0.6370967741935484,0.0,45,2.25,20.0
P04_BLUE_V_take_0003,P04,BLUE,V,123,123,37,86,0,0,0.3008130081300813,0.6991869918699187,0.0,37,1.85,20.0
P04_BLUE_V_take_0004,P04,BLUE,V,124,124,61,63,0,0,0.49193548387096775,0.5080645161290323,0.0,61,3.05,20.0
P04_BLUE_V_take_0005,P04,BLUE,V,125,125,42,83,0,0,0.336,0.664,0.0,42,2.1,20.0
P04_BLUE_V_take_0006,P04,BLUE,V,123,123,33,90,0,0,0.2682926829268293,0.7317073170731707,0.0,33,1.65,20.0
P04_BLUE_V_take_0007,P04,BLUE,V,125,125,54,71,0,0,0.432,0.568,0.0,54,2.7,20.0
P04_BLUE_V_take_0008,P04,BLUE,V,124,124,46,78,0,0,0.3709677419354839,0.6290322580645161,0.0,46,2.3,20.0
P04_BLUE_V_take_0009,P04,BLUE,V,124,124,45,79,0,0,0.3629032258064516,0.6370967741935484,0.0,45,2.25,20.0
P04_BLUE_V_take_0010,P04,BLUE,V,127,127,46,81,0,0,0.36220472440944884,0.6377952755905512,0.0,46,2.3,20.0
P04_BLUE_W_take_0001,P04,BLUE,W,116,116,37,79,0,0,0.31896551724137934,0.6810344827586207,0.0,37,1.85,20.0
P04_BLUE_W_take_0002,P04,BLUE,W,118,118,35,83,0,0,0.2966101694915254,0.7033898305084746,0.0,35,1.75,20.0
P04_BLUE_W_take_0003,P04,BLUE,W,118,118,50,68,0,0,0.423728813559322,0.576271186440678,0.0,50,2.5,20.0
P04_BLUE_W_take_0004,P04,BLUE,W,118,118,47,71,0,0,0.3983050847457627,0.6016949152542372,0.0,47,2.35,20.0
P04_BLUE_W_take_0005,P04,BLUE,W,116,116,39,77,0,0,0.33620689655172414,0.6637931034482759,0.0,39,1.95,20.0
P04_BLUE_W_take_0006,P04,BLUE,W,119,119,31,88,0,0,0.2605042016806723,0.7394957983193278,0.0,31,1.55,20.0
P04_BLUE_W_take_0007,P04,BLUE,W,119,119,34,85,0,0,0.2857142857142857,0.7142857142857143,0.0,34,1.7,20.0
P04_BLUE_W_take_0008,P04,BLUE,W,118,118,43,75,0,0,0.3644067796610169,0.635593220338983,0.0,43,2.15,20.0
P04_BLUE_W_take_0009,P04,BLUE,W,118,118,34,84,0,0,0.288135593220339,0.711864406779661,0.0,34,1.7,20.0
P04_BLUE_W_take_0010,P04,BLUE,W,120,120,37,83,0,0,0.30833333333333335,0.6916666666666667,0.0,37,1.85,20.0
P04_BLUE_Y_take_0001,P04,BLUE,Y,80,80,25,55,0,0,0.3125,0.6875,0.0,25,1.25,20.0
P04_BLUE_Y_take_0002,P04,BLUE,Y,121,121,42,79,0,0,0.34710743801652894,0.6528925619834711,0.0,42,2.1,20.0
P04_BLUE_Y_take_0003,P04,BLUE,Y,122,122,32,90,0,0,0.26229508196721313,0.7377049180327869,0.0,32,1.6,20.0
P04_BLUE_Y_take_0004,P04,BLUE,Y,124,124,31,93,0,0,0.25,0.75,0.0,31,1.55,20.0
P04_BLUE_Y_take_0005,P04,BLUE,Y,121,121,36,85,0,0,0.2975206611570248,0.7024793388429752,0.0,36,1.8,20.0
P04_BLUE_Y_take_0006,P04,BLUE,Y,123,123,19,94,10,0,0.15447154471544716,0.7642276422764228,0.08130081300813008,19,0.95,20.0
P04_BLUE_Y_take_0007,P04,BLUE,Y,122,122,48,74,0,0,0.39344262295081966,0.6065573770491803,0.0,48,2.4,20.0
P04_BLUE_Y_take_0008,P04,BLUE,Y,121,121,52,69,0,0,0.4297520661157025,0.5702479338842975,0.0,52,2.6,20.0
P04_BLUE_Y_take_0009,P04,BLUE,Y,121,121,32,89,0,0,0.2644628099173554,0.7355371900826446,0.0,32,1.6,20.0
P04_BLUE_Y_take_0010,P04,BLUE,Y,122,122,40,82,0,0,0.32786885245901637,0.6721311475409836,0.0,40,2.0,20.0
P04_WHITE_A_take_0001,P04,WHITE,A,120,120,36,84,0,0,0.3,0.7,0.0,36,1.8,20.0
P04_WHITE_A_take_0002,P04,WHITE,A,119,119,41,78,0,0,0.3445378151260504,0.6554621848739496,0.0,41,2.05,20.0
P04_WHITE_A_take_0003,P04,WHITE,A,129,129,42,87,0,0,0.32558139534883723,0.6744186046511628,0.0,42,2.1,20.0
P04_WHITE_A_take_0004,P04,WHITE,A,123,123,46,77,0,0,0.37398373983739835,0.6260162601626016,0.0,46,2.3,20.0
P04_WHITE_A_take_0005,P04,WHITE,A,120,120,44,76,0,0,0.36666666666666664,0.6333333333333333,0.0,44,2.2,20.0
P04_WHITE_A_take_0006,P04,WHITE,A,123,123,42,81,0,0,0.34146341463414637,0.6585365853658537,0.0,42,2.1,20.0
P04_WHITE_A_take_0007,P04,WHITE,A,122,122,45,77,0,0,0.36885245901639346,0.6311475409836066,0.0,45,2.25,20.0
P04_WHITE_A_take_0008,P04,WHITE,A,124,124,40,84,0,0,0.3225806451612903,0.6774193548387096,0.0,40,2.0,20.0
P04_WHITE_A_take_0009,P04,WHITE,A,124,124,46,78,0,0,0.3709677419354839,0.6290322580645161,0.0,46,2.3,20.0
P04_WHITE_A_take_0010,P04,WHITE,A,122,122,38,84,0,0,0.3114754098360656,0.6885245901639344,0.0,38,1.9,20.0
P04_WHITE_B_take_0001,P04,WHITE,B,124,124,45,79,0,0,0.3629032258064516,0.6370967741935484,0.0,45,2.25,20.0
P04_WHITE_B_take_0002,P04,WHITE,B,121,121,42,79,0,0,0.34710743801652894,0.6528925619834711,0.0,42,2.1,20.0
P04_WHITE_B_take_0003,P04,WHITE,B,124,124,50,74,0,0,0.4032258064516129,0.5967741935483871,0.0,50,2.5,20.0
P04_WHITE_B_take_0004,P04,WHITE,B,120,120,40,80,0,0,0.3333333333333333,0.6666666666666666,0.0,40,2.0,20.0
P04_WHITE_B_take_0005,P04,WHITE,B,120,120,38,82,0,0,0.31666666666666665,0.6833333333333333,0.0,38,1.9,20.0
P04_WHITE_B_take_0006,P04,WHITE,B,120,120,42,78,0,0,0.35,0.65,0.0,42,2.1,20.0
P04_WHITE_B_take_0007,P04,WHITE,B,118,118,50,68,0,0,0.423728813559322,0.576271186440678,0.0,50,2.5,20.0
P04_WHITE_B_take_0008,P04,WHITE,B,119,119,42,77,0,0,0.35294117647058826,0.6470588235294118,0.0,42,2.1,20.0
P04_WHITE_B_take_0009,P04,WHITE,B,122,122,48,74,0,0,0.39344262295081966,0.6065573770491803,0.0,48,2.4,20.0
P04_WHITE_B_take_0010,P04,WHITE,B,123,123,47,76,0,0,0.3821138211382114,0.6178861788617886,0.0,47,2.35,20.0
P04_WHITE_C_take_0001,P04,WHITE,C,124,124,44,80,0,0,0.3548387096774194,0.6451612903225806,0.0,44,2.2,20.0
P04_WHITE_C_take_0002,P04,WHITE,C,125,125,40,85,0,0,0.32,0.68,0.0,40,2.0,20.0
P04_WHITE_C_take_0003,P04,WHITE,C,121,121,35,86,0,0,0.2892561983471074,0.7107438016528925,0.0,35,1.75,20.0
P04_WHITE_C_take_0004,P04,WHITE,C,121,121,37,84,0,0,0.30578512396694213,0.6942148760330579,0.0,37,1.85,20.0
P04_WHITE_C_take_0005,P04,WHITE,C,127,127,58,69,0,0,0.4566929133858268,0.5433070866141733,0.0,58,2.9,20.0
P04_WHITE_C_take_0006,P04,WHITE,C,126,126,40,86,0,0,0.31746031746031744,0.6825396825396826,0.0,40,2.0,20.0
P04_WHITE_C_take_0007,P04,WHITE,C,123,123,40,83,0,0,0.3252032520325203,0.6747967479674797,0.0,40,2.0,20.0
P04_WHITE_C_take_0008,P04,WHITE,C,127,127,53,74,0,0,0.41732283464566927,0.5826771653543307,0.0,53,2.65,20.0
P04_WHITE_C_take_0009,P04,WHITE,C,125,125,54,71,0,0,0.432,0.568,0.0,54,2.7,20.0
P04_WHITE_C_take_0010,P04,WHITE,C,121,121,45,76,0,0,0.371900826446281,0.628099173553719,0.0,45,2.25,20.0
P04_WHITE_E_take_0001,P04,WHITE,E,181,181,72,109,0,0,0.39779005524861877,0.6022099447513812,0.0,72,3.6,20.0
P04_WHITE_E_take_0002,P04,WHITE,E,181,181,81,100,0,0,0.44751381215469616,0.5524861878453039,0.0,81,4.05,20.0
P04_WHITE_E_take_0003,P04,WHITE,E,181,181,54,127,0,0,0.2983425414364641,0.7016574585635359,0.0,54,2.7,20.0
P04_WHITE_E_take_0004,P04,WHITE,E,182,182,66,116,0,0,0.3626373626373626,0.6373626373626373,0.0,66,3.3,20.0
P04_WHITE_E_take_0005,P04,WHITE,E,182,182,68,114,0,0,0.37362637362637363,0.6263736263736264,0.0,68,3.4,20.0
P04_WHITE_E_take_0006,P04,WHITE,E,182,182,63,119,0,0,0.34615384615384615,0.6538461538461539,0.0,63,3.15,20.0
P04_WHITE_E_take_0007,P04,WHITE,E,181,181,72,109,0,0,0.39779005524861877,0.6022099447513812,0.0,72,3.6,20.0
P04_WHITE_E_take_0008,P04,WHITE,E,181,181,83,98,0,0,0.4585635359116022,0.5414364640883977,0.0,83,4.15,20.0
P04_WHITE_E_take_0009,P04,WHITE,E,181,181,59,122,0,0,0.3259668508287293,0.6740331491712708,0.0,59,2.95,20.0
P04_WHITE_E_take_0010,P04,WHITE,E,181,181,78,103,0,0,0.430939226519337,0.569060773480663,0.0,78,3.9,20.0
P04_WHITE_I_take_0001,P04,WHITE,I,181,181,84,97,0,0,0.46408839779005523,0.5359116022099447,0.0,84,4.2,20.0
P04_WHITE_I_take_0002,P04,WHITE,I,181,181,77,104,0,0,0.425414364640884,0.574585635359116,0.0,77,3.85,20.0
P04_WHITE_I_take_0003,P04,WHITE,I,182,182,85,97,0,0,0.46703296703296704,0.532967032967033,0.0,85,4.25,20.0
P04_WHITE_I_take_0004,P04,WHITE,I,182,182,67,115,0,0,0.36813186813186816,0.6318681318681318,0.0,67,3.35,20.0
P04_WHITE_I_take_0005,P04,WHITE,I,181,181,67,114,0,0,0.3701657458563536,0.6298342541436464,0.0,67,3.35,20.0
P04_WHITE_I_take_0006,P04,WHITE,I,182,182,63,119,0,0,0.34615384615384615,0.6538461538461539,0.0,63,3.15,20.0
P04_WHITE_I_take_0007,P04,WHITE,I,181,181,71,110,0,0,0.39226519337016574,0.6077348066298343,0.0,71,3.55,20.0
P04_WHITE_I_take_0008,P04,WHITE,I,181,181,81,100,0,0,0.44751381215469616,0.5524861878453039,0.0,81,4.05,20.0
P04_WHITE_I_take_0009,P04,WHITE,I,182,182,66,116,0,0,0.3626373626373626,0.6373626373626373,0.0,66,3.3,20.0
P04_WHITE_I_take_0010,P04,WHITE,I,181,181,67,114,0,0,0.3701657458563536,0.6298342541436464,0.0,67,3.35,20.0
P04_WHITE_L_take_0001,P04,WHITE,L,182,182,68,114,0,0,0.37362637362637363,0.6263736263736264,0.0,68,3.4,20.0
P04_WHITE_L_take_0002,P04,WHITE,L,181,181,62,119,0,0,0.3425414364640884,0.6574585635359116,0.0,62,3.1,20.0
P04_WHITE_L_take_0003,P04,WHITE,L,181,181,70,111,0,0,0.3867403314917127,0.6132596685082873,0.0,70,3.5,20.0
P04_WHITE_L_take_0004,P04,WHITE,L,181,181,68,113,0,0,0.3756906077348066,0.6243093922651933,0.0,68,3.4,20.0
P04_WHITE_L_take_0005,P04,WHITE,L,182,182,83,99,0,0,0.45604395604395603,0.5439560439560439,0.0,83,4.15,20.0
P04_WHITE_L_take_0006,P04,WHITE,L,181,181,80,101,0,0,0.4419889502762431,0.5580110497237569,0.0,80,4.0,20.0
P04_WHITE_L_take_0007,P04,WHITE,L,182,182,57,125,0,0,0.3131868131868132,0.6868131868131868,0.0,57,2.85,20.0
P04_WHITE_L_take_0008,P04,WHITE,L,182,182,62,119,1,0,0.34065934065934067,0.6538461538461539,0.005494505494505495,62,3.1,20.0
P04_WHITE_L_take_0009,P04,WHITE,L,182,182,77,105,0,0,0.4230769230769231,0.5769230769230769,0.0,77,3.85,20.0
P04_WHITE_L_take_0010,P04,WHITE,L,182,182,105,77,0,0,0.5769230769230769,0.4230769230769231,0.0,105,5.25,20.0
P04_WHITE_M_take_0001,P04,WHITE,M,122,122,45,77,0,0,0.36885245901639346,0.6311475409836066,0.0,45,2.25,20.0
P04_WHITE_M_take_0002,P04,WHITE,M,125,125,39,86,0,0,0.312,0.688,0.0,39,1.95,20.0
P04_WHITE_M_take_0003,P04,WHITE,M,119,119,37,82,0,0,0.31092436974789917,0.6890756302521008,0.0,37,1.85,20.0
P04_WHITE_M_take_0004,P04,WHITE,M,123,123,54,69,0,0,0.43902439024390244,0.5609756097560976,0.0,54,2.7,20.0
P04_WHITE_M_take_0005,P04,WHITE,M,125,125,42,83,0,0,0.336,0.664,0.0,42,2.1,20.0
P04_WHITE_M_take_0006,P04,WHITE,M,120,120,45,75,0,0,0.375,0.625,0.0,45,2.25,20.0
P04_WHITE_M_take_0007,P04,WHITE,M,123,123,54,69,0,0,0.43902439024390244,0.5609756097560976,0.0,54,2.7,20.0
P04_WHITE_M_take_0008,P04,WHITE,M,126,126,47,79,0,0,0.373015873015873,0.626984126984127,0.0,47,2.35,20.0
P04_WHITE_M_take_0009,P04,WHITE,M,125,125,48,77,0,0,0.384,0.616,0.0,48,2.4,20.0
P04_WHITE_M_take_0010,P04,WHITE,M,129,129,53,76,0,0,0.4108527131782946,0.5891472868217055,0.0,53,2.65,20.0
P04_WHITE_N_take_0001,P04,WHITE,N,126,126,29,97,0,0,0.23015873015873015,0.7698412698412699,0.0,29,1.45,20.0
P04_WHITE_N_take_0002,P04,WHITE,N,122,122,54,68,0,0,0.4426229508196721,0.5573770491803278,0.0,54,2.7,20.0
P04_WHITE_N_take_0003,P04,WHITE,N,161,161,63,98,0,0,0.391304347826087,0.6086956521739131,0.0,63,3.15,20.0
P04_WHITE_N_take_0004,P04,WHITE,N,181,181,70,111,0,0,0.3867403314917127,0.6132596685082873,0.0,70,3.5,20.0
P04_WHITE_N_take_0005,P04,WHITE,N,181,181,43,138,0,0,0.23756906077348067,0.7624309392265194,0.0,43,2.15,20.0
P04_WHITE_N_take_0006,P04,WHITE,N,181,181,24,157,0,0,0.13259668508287292,0.8674033149171271,0.0,24,1.2,20.0
P04_WHITE_N_take_0007,P04,WHITE,N,182,182,79,103,0,0,0.4340659340659341,0.5659340659340659,0.0,79,3.95,20.0
P04_WHITE_N_take_0008,P04,WHITE,N,181,181,56,122,3,0,0.30939226519337015,0.6740331491712708,0.016574585635359115,56,2.8,20.0
P04_WHITE_N_take_0009,P04,WHITE,N,182,182,64,118,0,0,0.3516483516483517,0.6483516483516484,0.0,64,3.2,20.0
P04_WHITE_N_take_0010,P04,WHITE,N,182,182,71,111,0,0,0.3901098901098901,0.6098901098901099,0.0,71,3.55,20.0
P04_WHITE_O_take_0001,P04,WHITE,O,181,181,56,125,0,0,0.30939226519337015,0.6906077348066298,0.0,56,2.8,20.0
P04_WHITE_O_take_0002,P04,WHITE,O,182,182,76,106,0,0,0.4175824175824176,0.5824175824175825,0.0,76,3.8,20.0
P04_WHITE_O_take_0003,P04,WHITE,O,181,181,52,129,0,0,0.287292817679558,0.712707182320442,0.0,52,2.6,20.0
P04_WHITE_O_take_0004,P04,WHITE,O,182,182,60,122,0,0,0.32967032967032966,0.6703296703296703,0.0,60,3.0,20.0
P04_WHITE_O_take_0005,P04,WHITE,O,182,182,58,124,0,0,0.31868131868131866,0.6813186813186813,0.0,58,2.9,20.0
P04_WHITE_O_take_0006,P04,WHITE,O,181,181,73,108,0,0,0.40331491712707185,0.5966850828729282,0.0,73,3.65,20.0
P04_WHITE_O_take_0007,P04,WHITE,O,182,182,71,111,0,0,0.3901098901098901,0.6098901098901099,0.0,71,3.55,20.0
P04_WHITE_O_take_0008,P04,WHITE,O,182,182,73,109,0,0,0.4010989010989011,0.5989010989010989,0.0,73,3.65,20.0
P04_WHITE_O_take_0009,P04,WHITE,O,181,181,70,111,0,0,0.3867403314917127,0.6132596685082873,0.0,70,3.5,20.0
P04_WHITE_O_take_0010,P04,WHITE,O,182,182,64,118,0,0,0.3516483516483517,0.6483516483516484,0.0,64,3.2,20.0
P04_WHITE_P_take_0001,P04,WHITE,P,181,181,72,109,0,0,0.39779005524861877,0.6022099447513812,0.0,72,3.6,20.0
P04_WHITE_P_take_0002,P04,WHITE,P,181,181,78,103,0,0,0.430939226519337,0.569060773480663,0.0,78,3.9,20.0
P04_WHITE_P_take_0003,P04,WHITE,P,181,181,72,109,0,0,0.39779005524861877,0.6022099447513812,0.0,72,3.6,20.0
P04_WHITE_P_take_0004,P04,WHITE,P,182,182,74,108,0,0,0.4065934065934066,0.5934065934065934,0.0,74,3.7,20.0
P04_WHITE_P_take_0005,P04,WHITE,P,181,181,71,110,0,0,0.39226519337016574,0.6077348066298343,0.0,71,3.55,20.0
P04_WHITE_P_take_0006,P04,WHITE,P,182,182,79,103,0,0,0.4340659340659341,0.5659340659340659,0.0,79,3.95,20.0
P04_WHITE_P_take_0007,P04,WHITE,P,182,182,71,111,0,0,0.3901098901098901,0.6098901098901099,0.0,71,3.55,20.0
P04_WHITE_P_take_0008,P04,WHITE,P,181,181,66,115,0,0,0.36464088397790057,0.6353591160220995,0.0,66,3.3,20.0
P04_WHITE_P_take_0009,P04,WHITE,P,181,181,77,104,0,0,0.425414364640884,0.574585635359116,0.0,77,3.85,20.0
P04_WHITE_P_take_0010,P04,WHITE,P,181,181,70,111,0,0,0.3867403314917127,0.6132596685082873,0.0,70,3.5,20.0
P04_WHITE_R_take_0001,P04,WHITE,R,181,181,82,99,0,0,0.4530386740331492,0.5469613259668509,0.0,82,4.1,20.0
P04_WHITE_R_take_0002,P04,WHITE,R,181,181,74,107,0,0,0.4088397790055249,0.5911602209944752,0.0,74,3.7,20.0
P04_WHITE_R_take_0003,P04,WHITE,R,181,181,80,101,0,0,0.4419889502762431,0.5580110497237569,0.0,80,4.0,20.0
P04_WHITE_R_take_0004,P04,WHITE,R,181,181,81,100,0,0,0.44751381215469616,0.5524861878453039,0.0,81,4.05,20.0
P04_WHITE_R_take_0005,P04,WHITE,R,181,181,69,112,0,0,0.3812154696132597,0.6187845303867403,0.0,69,3.45,20.0
P04_WHITE_R_take_0006,P04,WHITE,R,182,182,89,93,0,0,0.489010989010989,0.510989010989011,0.0,89,4.45,20.0
P04_WHITE_R_take_0007,P04,WHITE,R,181,181,61,120,0,0,0.3370165745856354,0.6629834254143646,0.0,61,3.05,20.0
P04_WHITE_R_take_0008,P04,WHITE,R,182,182,77,105,0,0,0.4230769230769231,0.5769230769230769,0.0,77,3.85,20.0
P04_WHITE_R_take_0009,P04,WHITE,R,181,181,92,89,0,0,0.5082872928176796,0.49171270718232046,0.0,92,4.6,20.0
P04_WHITE_R_take_0010,P04,WHITE,R,181,181,88,93,0,0,0.4861878453038674,0.5138121546961326,0.0,88,4.4,20.0
P04_WHITE_S_take_0001,P04,WHITE,S,181,181,74,107,0,0,0.4088397790055249,0.5911602209944752,0.0,74,3.7,20.0
P04_WHITE_S_take_0002,P04,WHITE,S,182,182,75,107,0,0,0.41208791208791207,0.5879120879120879,0.0,75,3.75,20.0
P04_WHITE_S_take_0003,P04,WHITE,S,181,181,90,91,0,0,0.4972375690607735,0.5027624309392266,0.0,90,4.5,20.0
P04_WHITE_S_take_0004,P04,WHITE,S,181,181,70,111,0,0,0.3867403314917127,0.6132596685082873,0.0,70,3.5,20.0
P04_WHITE_S_take_0005,P04,WHITE,S,180,180,86,94,0,0,0.4777777777777778,0.5222222222222223,0.0,86,4.3,20.0
P04_WHITE_S_take_0006,P04,WHITE,S,181,181,73,108,0,0,0.40331491712707185,0.5966850828729282,0.0,73,3.65,20.0
P04_WHITE_S_take_0007,P04,WHITE,S,180,180,82,98,0,0,0.45555555555555555,0.5444444444444444,0.0,82,4.1,20.0
P04_WHITE_S_take_0008,P04,WHITE,S,181,181,73,108,0,0,0.40331491712707185,0.5966850828729282,0.0,73,3.65,20.0
P04_WHITE_S_take_0009,P04,WHITE,S,181,181,83,98,0,0,0.4585635359116022,0.5414364640883977,0.0,83,4.15,20.0
P04_WHITE_S_take_0010,P04,WHITE,S,181,181,90,91,0,0,0.4972375690607735,0.5027624309392266,0.0,90,4.5,20.0
P04_WHITE_T_take_0001,P04,WHITE,T,181,181,45,136,0,0,0.24861878453038674,0.7513812154696132,0.0,45,2.25,20.0
P04_WHITE_T_take_0002,P04,WHITE,T,181,181,85,96,0,0,0.4696132596685083,0.5303867403314917,0.0,85,4.25,20.0
P04_WHITE_T_take_0003,P04,WHITE,T,182,182,56,126,0,0,0.3076923076923077,0.6923076923076923,0.0,56,2.8,20.0
P04_WHITE_T_take_0004,P04,WHITE,T,182,182,74,108,0,0,0.4065934065934066,0.5934065934065934,0.0,74,3.7,20.0
P04_WHITE_T_take_0005,P04,WHITE,T,182,182,90,92,0,0,0.4945054945054945,0.5054945054945055,0.0,90,4.5,20.0
P04_WHITE_T_take_0006,P04,WHITE,T,180,180,81,99,0,0,0.45,0.55,0.0,81,4.05,20.0
P04_WHITE_T_take_0007,P04,WHITE,T,181,181,66,115,0,0,0.36464088397790057,0.6353591160220995,0.0,66,3.3,20.0
P04_WHITE_T_take_0008,P04,WHITE,T,182,182,78,104,0,0,0.42857142857142855,0.5714285714285714,0.0,78,3.9,20.0
P04_WHITE_T_take_0009,P04,WHITE,T,181,181,82,98,1,0,0.4530386740331492,0.5414364640883977,0.0055248618784530384,82,4.1,20.0
P04_WHITE_T_take_0010,P04,WHITE,T,182,182,81,101,0,0,0.44505494505494503,0.554945054945055,0.0,81,4.05,20.0
P04_WHITE_U_take_0001,P04,WHITE,U,180,180,44,136,0,0,0.24444444444444444,0.7555555555555555,0.0,44,2.2,20.0
P04_WHITE_U_take_0002,P04,WHITE,U,181,181,67,114,0,0,0.3701657458563536,0.6298342541436464,0.0,67,3.35,20.0
P04_WHITE_U_take_0003,P04,WHITE,U,179,179,61,118,0,0,0.3407821229050279,0.659217877094972,0.0,61,3.05,20.0
P04_WHITE_U_take_0004,P04,WHITE,U,181,181,80,101,0,0,0.4419889502762431,0.5580110497237569,0.0,80,4.0,20.0
P04_WHITE_U_take_0005,P04,WHITE,U,179,179,40,136,3,0,0.22346368715083798,0.7597765363128491,0.01675977653631285,40,2.0,20.0
P04_WHITE_U_take_0006,P04,WHITE,U,182,182,47,135,0,0,0.25824175824175827,0.7417582417582418,0.0,47,2.35,20.0
P04_WHITE_U_take_0007,P04,WHITE,U,178,178,59,119,0,0,0.33146067415730335,0.6685393258426966,0.0,59,2.95,20.0
P04_WHITE_U_take_0008,P04,WHITE,U,181,181,56,125,0,0,0.30939226519337015,0.6906077348066298,0.0,56,2.8,20.0
P04_WHITE_U_take_0009,P04,WHITE,U,181,181,71,110,0,0,0.39226519337016574,0.6077348066298343,0.0,71,3.55,20.0
P04_WHITE_U_take_0010,P04,WHITE,U,180,180,61,119,0,0,0.3388888888888889,0.6611111111111111,0.0,61,3.05,20.0
P04_WHITE_V_take_0001,P04,WHITE,V,182,182,85,97,0,0,0.46703296703296704,0.532967032967033,0.0,85,4.25,20.0
P04_WHITE_V_take_0002,P04,WHITE,V,183,183,63,120,0,0,0.3442622950819672,0.6557377049180327,0.0,63,3.15,20.0
P04_WHITE_V_take_0003,P04,WHITE,V,182,182,64,118,0,0,0.3516483516483517,0.6483516483516484,0.0,64,3.2,20.0
P04_WHITE_V_take_0004,P04,WHITE,V,182,182,67,115,0,0,0.36813186813186816,0.6318681318681318,0.0,67,3.35,20.0
P04_WHITE_V_take_0005,P04,WHITE,V,182,182,67,115,0,0,0.36813186813186816,0.6318681318681318,0.0,67,3.35,20.0
P04_WHITE_V_take_0006,P04,WHITE,V,182,182,94,88,0,0,0.5164835164835165,0.4835164835164835,0.0,94,4.7,20.0
P04_WHITE_V_take_0007,P04,WHITE,V,181,181,66,115,0,0,0.36464088397790057,0.6353591160220995,0.0,66,3.3,20.0
P04_WHITE_V_take_0008,P04,WHITE,V,181,181,81,100,0,0,0.44751381215469616,0.5524861878453039,0.0,81,4.05,20.0
P04_WHITE_V_take_0009,P04,WHITE,V,181,181,66,115,0,0,0.36464088397790057,0.6353591160220995,0.0,66,3.3,20.0
P04_WHITE_V_take_0010,P04,WHITE,V,181,181,67,114,0,0,0.3701657458563536,0.6298342541436464,0.0,67,3.35,20.0
P04_WHITE_W_take_0001,P04,WHITE,W,181,181,82,99,0,0,0.4530386740331492,0.5469613259668509,0.0,82,4.1,20.0
P04_WHITE_W_take_0002,P04,WHITE,W,181,181,91,90,0,0,0.5027624309392266,0.4972375690607735,0.0,91,4.55,20.0
P04_WHITE_W_take_0003,P04,WHITE,W,179,179,88,91,0,0,0.49162011173184356,0.5083798882681564,0.0,88,4.4,20.0
P04_WHITE_W_take_0004,P04,WHITE,W,182,182,41,141,0,0,0.22527472527472528,0.7747252747252747,0.0,41,2.05,20.0
P04_WHITE_W_take_0005,P04,WHITE,W,179,179,78,101,0,0,0.43575418994413406,0.5642458100558659,0.0,78,3.9,20.0
P04_WHITE_W_take_0006,P04,WHITE,W,178,178,70,108,0,0,0.39325842696629215,0.6067415730337079,0.0,70,3.5,20.0
P04_WHITE_W_take_0007,P04,WHITE,W,180,180,66,114,0,0,0.36666666666666664,0.6333333333333333,0.0,66,3.3,20.0
P04_WHITE_W_take_0008,P04,WHITE,W,181,181,75,106,0,0,0.4143646408839779,0.585635359116022,0.0,75,3.75,20.0
P04_WHITE_W_take_0009,P04,WHITE,W,182,182,85,97,0,0,0.46703296703296704,0.532967032967033,0.0,85,4.25,20.0
P04_WHITE_W_take_0010,P04,WHITE,W,181,181,70,111,0,0,0.3867403314917127,0.6132596685082873,0.0,70,3.5,20.0
P04_WHITE_Y_take_0001,P04,WHITE,Y,181,181,67,114,0,0,0.3701657458563536,0.6298342541436464,0.0,67,3.35,20.0
P04_WHITE_Y_take_0002,P04,WHITE,Y,181,181,67,114,0,0,0.3701657458563536,0.6298342541436464,0.0,67,3.35,20.0
P04_WHITE_Y_take_0003,P04,WHITE,Y,182,182,69,113,0,0,0.3791208791208791,0.6208791208791209,0.0,69,3.45,20.0
P04_WHITE_Y_take_0004,P04,WHITE,Y,181,181,84,97,0,0,0.46408839779005523,0.5359116022099447,0.0,84,4.2,20.0
P04_WHITE_Y_take_0005,P04,WHITE,Y,181,181,73,108,0,0,0.40331491712707185,0.5966850828729282,0.0,73,3.65,20.0
P04_WHITE_Y_take_0006,P04,WHITE,Y,182,182,80,102,0,0,0.43956043956043955,0.5604395604395604,0.0,80,4.0,20.0
P04_WHITE_Y_take_0007,P04,WHITE,Y,182,182,54,128,0,0,0.2967032967032967,0.7032967032967034,0.0,54,2.7,20.0
P04_WHITE_Y_take_0008,P04,WHITE,Y,181,181,65,116,0,0,0.35911602209944754,0.6408839779005525,0.0,65,3.25,20.0
P04_WHITE_Y_take_0009,P04,WHITE,Y,181,181,73,108,0,0,0.40331491712707185,0.5966850828729282,0.0,73,3.65,20.0
P04_WHITE_Y_take_0010,P04,WHITE,Y,182,182,66,116,0,0,0.3626373626373626,0.6373626373626373,0.0,66,3.3,20.0
P05_BLACK_A_take_0001,P05,BLACK,A,157,157,70,87,0,0,0.445859872611465,0.554140127388535,0.0,70,3.5,20.0
P05_BLACK_A_take_0002,P05,BLACK,A,156,156,59,97,0,0,0.3782051282051282,0.6217948717948718,0.0,59,2.95,20.0
P05_BLACK_A_take_0003,P05,BLACK,A,155,155,50,105,0,0,0.3225806451612903,0.6774193548387096,0.0,50,2.5,20.0
P05_BLACK_A_take_0004,P05,BLACK,A,158,158,62,96,0,0,0.3924050632911392,0.6075949367088608,0.0,62,3.1,20.0
P05_BLACK_A_take_0005,P05,BLACK,A,156,156,57,99,0,0,0.36538461538461536,0.6346153846153846,0.0,57,2.85,20.0
P05_BLACK_A_take_0006,P05,BLACK,A,157,157,48,109,0,0,0.3057324840764331,0.6942675159235668,0.0,48,2.4,20.0
P05_BLACK_A_take_0007,P05,BLACK,A,156,156,61,95,0,0,0.391025641025641,0.6089743589743589,0.0,61,3.05,20.0
P05_BLACK_A_take_0008,P05,BLACK,A,159,159,63,96,0,0,0.39622641509433965,0.6037735849056604,0.0,63,3.15,20.0
P05_BLACK_A_take_0009,P05,BLACK,A,159,159,56,103,0,0,0.3522012578616352,0.6477987421383647,0.0,56,2.8,20.0
P05_BLACK_A_take_0010,P05,BLACK,A,160,160,60,100,0,0,0.375,0.625,0.0,60,3.0,20.0
P05_BLACK_B_take_0001,P05,BLACK,B,159,159,62,97,0,0,0.389937106918239,0.610062893081761,0.0,62,3.1,20.0
P05_BLACK_B_take_0002,P05,BLACK,B,157,157,68,89,0,0,0.43312101910828027,0.5668789808917197,0.0,68,3.4,20.0
P05_BLACK_B_take_0003,P05,BLACK,B,155,155,58,97,0,0,0.3741935483870968,0.6258064516129033,0.0,58,2.9,20.0
P05_BLACK_B_take_0004,P05,BLACK,B,163,163,54,109,0,0,0.3312883435582822,0.6687116564417178,0.0,54,2.7,20.0
P05_BLACK_B_take_0005,P05,BLACK,B,160,160,75,85,0,0,0.46875,0.53125,0.0,75,3.75,20.0
P05_BLACK_B_take_0006,P05,BLACK,B,159,159,54,105,0,0,0.33962264150943394,0.660377358490566,0.0,54,2.7,20.0
P05_BLACK_B_take_0007,P05,BLACK,B,158,158,65,93,0,0,0.41139240506329117,0.5886075949367089,0.0,65,3.25,20.0
P05_BLACK_B_take_0008,P05,BLACK,B,158,158,57,101,0,0,0.36075949367088606,0.6392405063291139,0.0,57,2.85,20.0
P05_BLACK_B_take_0009,P05,BLACK,B,159,159,61,98,0,0,0.3836477987421384,0.6163522012578616,0.0,61,3.05,20.0
P05_BLACK_B_take_0010,P05,BLACK,B,160,160,54,106,0,0,0.3375,0.6625,0.0,54,2.7,20.0
P05_BLACK_C_take_0001,P05,BLACK,C,159,159,50,109,0,0,0.31446540880503143,0.6855345911949685,0.0,50,2.5,20.0
P05_BLACK_C_take_0002,P05,BLACK,C,160,160,63,97,0,0,0.39375,0.60625,0.0,63,3.15,20.0
P05_BLACK_C_take_0003,P05,BLACK,C,156,156,69,87,0,0,0.4423076923076923,0.5576923076923077,0.0,69,3.45,20.0
P05_BLACK_C_take_0004,P05,BLACK,C,157,157,69,88,0,0,0.4394904458598726,0.5605095541401274,0.0,69,3.45,20.0
P05_BLACK_C_take_0005,P05,BLACK,C,159,159,57,102,0,0,0.3584905660377358,0.6415094339622641,0.0,57,2.85,20.0
P05_BLACK_C_take_0006,P05,BLACK,C,159,159,71,88,0,0,0.44654088050314467,0.5534591194968553,0.0,71,3.55,20.0
P05_BLACK_C_take_0007,P05,BLACK,C,160,160,65,95,0,0,0.40625,0.59375,0.0,65,3.25,20.0
P05_BLACK_C_take_0008,P05,BLACK,C,161,161,62,99,0,0,0.38509316770186336,0.6149068322981367,0.0,62,3.1,20.0
P05_BLACK_C_take_0009,P05,BLACK,C,160,160,60,100,0,0,0.375,0.625,0.0,60,3.0,20.0
P05_BLACK_C_take_0010,P05,BLACK,C,159,159,62,97,0,0,0.389937106918239,0.610062893081761,0.0,62,3.1,20.0
P05_BLACK_E_take_0001,P05,BLACK,E,157,157,72,85,0,0,0.4585987261146497,0.5414012738853503,0.0,72,3.6,20.0
P05_BLACK_E_take_0002,P05,BLACK,E,156,156,51,105,0,0,0.3269230769230769,0.6730769230769231,0.0,51,2.55,20.0
P05_BLACK_E_take_0003,P05,BLACK,E,156,156,63,93,0,0,0.40384615384615385,0.5961538461538461,0.0,63,3.15,20.0
P05_BLACK_E_take_0004,P05,BLACK,E,161,161,62,99,0,0,0.38509316770186336,0.6149068322981367,0.0,62,3.1,20.0
P05_BLACK_E_take_0005,P05,BLACK,E,157,157,54,103,0,0,0.34394904458598724,0.6560509554140127,0.0,54,2.7,20.0
P05_BLACK_E_take_0006,P05,BLACK,E,158,158,47,111,0,0,0.2974683544303797,0.7025316455696202,0.0,47,2.35,20.0
P05_BLACK_E_take_0007,P05,BLACK,E,157,157,66,91,0,0,0.42038216560509556,0.5796178343949044,0.0,66,3.3,20.0
P05_BLACK_E_take_0008,P05,BLACK,E,161,161,55,106,0,0,0.3416149068322981,0.6583850931677019,0.0,55,2.75,20.0
P05_BLACK_E_take_0009,P05,BLACK,E,160,160,62,98,0,0,0.3875,0.6125,0.0,62,3.1,20.0
P05_BLACK_E_take_0010,P05,BLACK,E,159,159,68,91,0,0,0.4276729559748428,0.5723270440251572,0.0,68,3.4,20.0
P05_BLACK_I_take_0001,P05,BLACK,I,158,158,63,95,0,0,0.3987341772151899,0.6012658227848101,0.0,63,3.15,20.0
P05_BLACK_I_take_0002,P05,BLACK,I,158,158,53,105,0,0,0.33544303797468356,0.6645569620253164,0.0,53,2.65,20.0
P05_BLACK_I_take_0003,P05,BLACK,I,159,159,58,101,0,0,0.36477987421383645,0.6352201257861635,0.0,58,2.9,20.0
P05_BLACK_I_take_0004,P05,BLACK,I,160,160,54,106,0,0,0.3375,0.6625,0.0,54,2.7,20.0
P05_BLACK_I_take_0005,P05,BLACK,I,161,161,49,112,0,0,0.30434782608695654,0.6956521739130435,0.0,49,2.45,20.0
P05_BLACK_I_take_0006,P05,BLACK,I,159,159,63,96,0,0,0.39622641509433965,0.6037735849056604,0.0,63,3.15,20.0
P05_BLACK_I_take_0007,P05,BLACK,I,160,160,56,104,0,0,0.35,0.65,0.0,56,2.8,20.0
P05_BLACK_I_take_0008,P05,BLACK,I,159,159,57,102,0,0,0.3584905660377358,0.6415094339622641,0.0,57,2.85,20.0
P05_BLACK_I_take_0009,P05,BLACK,I,160,160,57,103,0,0,0.35625,0.64375,0.0,57,2.85,20.0
P05_BLACK_I_take_0010,P05,BLACK,I,157,157,58,99,0,0,0.36942675159235666,0.6305732484076433,0.0,58,2.9,20.0
P05_BLACK_L_take_0001,P05,BLACK,L,160,160,63,97,0,0,0.39375,0.60625,0.0,63,3.15,20.0
P05_BLACK_L_take_0002,P05,BLACK,L,158,158,52,106,0,0,0.3291139240506329,0.6708860759493671,0.0,52,2.6,20.0
P05_BLACK_L_take_0003,P05,BLACK,L,162,162,69,93,0,0,0.42592592592592593,0.5740740740740741,0.0,69,3.45,20.0
P05_BLACK_L_take_0004,P05,BLACK,L,164,164,73,91,0,0,0.4451219512195122,0.5548780487804879,0.0,73,3.65,20.0
P05_BLACK_L_take_0005,P05,BLACK,L,158,158,70,88,0,0,0.4430379746835443,0.5569620253164557,0.0,70,3.5,20.0
P05_BLACK_L_take_0006,P05,BLACK,L,161,161,75,86,0,0,0.4658385093167702,0.5341614906832298,0.0,75,3.75,20.0
P05_BLACK_L_take_0007,P05,BLACK,L,157,157,58,99,0,0,0.36942675159235666,0.6305732484076433,0.0,58,2.9,20.0
P05_BLACK_L_take_0008,P05,BLACK,L,163,163,65,98,0,0,0.3987730061349693,0.6012269938650306,0.0,65,3.25,20.0
P05_BLACK_L_take_0009,P05,BLACK,L,157,157,67,90,0,0,0.4267515923566879,0.5732484076433121,0.0,67,3.35,20.0
P05_BLACK_L_take_0010,P05,BLACK,L,157,157,62,95,0,0,0.39490445859872614,0.6050955414012739,0.0,62,3.1,20.0
P05_BLACK_M_take_0001,P05,BLACK,M,157,157,67,90,0,0,0.4267515923566879,0.5732484076433121,0.0,67,3.35,20.0
P05_BLACK_M_take_0002,P05,BLACK,M,161,161,59,102,0,0,0.36645962732919257,0.6335403726708074,0.0,59,2.95,20.0
P05_BLACK_M_take_0003,P05,BLACK,M,160,160,71,89,0,0,0.44375,0.55625,0.0,71,3.55,20.0
P05_BLACK_M_take_0004,P05,BLACK,M,161,161,60,101,0,0,0.37267080745341613,0.6273291925465838,0.0,60,3.0,20.0
P05_BLACK_M_take_0005,P05,BLACK,M,161,161,57,104,0,0,0.35403726708074534,0.6459627329192547,0.0,57,2.85,20.0
P05_BLACK_M_take_0006,P05,BLACK,M,162,162,76,86,0,0,0.4691358024691358,0.5308641975308642,0.0,76,3.8,20.0
P05_BLACK_M_take_0007,P05,BLACK,M,161,161,58,103,0,0,0.36024844720496896,0.639751552795031,0.0,58,2.9,20.0
P05_BLACK_M_take_0008,P05,BLACK,M,161,161,65,96,0,0,0.40372670807453415,0.5962732919254659,0.0,65,3.25,20.0
P05_BLACK_M_take_0009,P05,BLACK,M,162,162,68,94,0,0,0.41975308641975306,0.5802469135802469,0.0,68,3.4,20.0
P05_BLACK_M_take_0010,P05,BLACK,M,161,161,61,100,0,0,0.37888198757763975,0.6211180124223602,0.0,61,3.05,20.0
P05_BLACK_N_take_0001,P05,BLACK,N,161,161,44,117,0,0,0.2732919254658385,0.7267080745341615,0.0,44,2.2,20.0
P05_BLACK_N_take_0002,P05,BLACK,N,161,161,55,106,0,0,0.3416149068322981,0.6583850931677019,0.0,55,2.75,20.0
P05_BLACK_N_take_0003,P05,BLACK,N,162,162,69,93,0,0,0.42592592592592593,0.5740740740740741,0.0,69,3.45,20.0
P05_BLACK_N_take_0004,P05,BLACK,N,160,160,37,123,0,0,0.23125,0.76875,0.0,37,1.85,20.0
P05_BLACK_N_take_0005,P05,BLACK,N,160,160,38,122,0,0,0.2375,0.7625,0.0,38,1.9,20.0
P05_BLACK_N_take_0006,P05,BLACK,N,162,162,61,101,0,0,0.3765432098765432,0.6234567901234568,0.0,61,3.05,20.0
P05_BLACK_N_take_0007,P05,BLACK,N,159,159,53,106,0,0,0.3333333333333333,0.6666666666666666,0.0,53,2.65,20.0
P05_BLACK_N_take_0008,P05,BLACK,N,161,161,56,105,0,0,0.34782608695652173,0.6521739130434783,0.0,56,2.8,20.0
P05_BLACK_N_take_0009,P05,BLACK,N,161,161,49,112,0,0,0.30434782608695654,0.6956521739130435,0.0,49,2.45,20.0
P05_BLACK_N_take_0010,P05,BLACK,N,161,161,51,110,0,0,0.3167701863354037,0.6832298136645962,0.0,51,2.55,20.0
P05_BLACK_O_take_0001,P05,BLACK,O,157,157,68,89,0,0,0.43312101910828027,0.5668789808917197,0.0,68,3.4,20.0
P05_BLACK_O_take_0002,P05,BLACK,O,159,159,73,86,0,0,0.4591194968553459,0.5408805031446541,0.0,73,3.65,20.0
P05_BLACK_O_take_0003,P05,BLACK,O,160,160,60,100,0,0,0.375,0.625,0.0,60,3.0,20.0
P05_BLACK_O_take_0004,P05,BLACK,O,159,159,69,90,0,0,0.4339622641509434,0.5660377358490566,0.0,69,3.45,20.0
P05_BLACK_O_take_0005,P05,BLACK,O,160,160,69,91,0,0,0.43125,0.56875,0.0,69,3.45,20.0
P05_BLACK_O_take_0006,P05,BLACK,O,163,163,74,89,0,0,0.4539877300613497,0.5460122699386503,0.0,74,3.7,20.0
P05_BLACK_O_take_0007,P05,BLACK,O,161,161,60,101,0,0,0.37267080745341613,0.6273291925465838,0.0,60,3.0,20.0
P05_BLACK_O_take_0008,P05,BLACK,O,159,159,76,83,0,0,0.4779874213836478,0.5220125786163522,0.0,76,3.8,20.0
P05_BLACK_O_take_0009,P05,BLACK,O,157,157,70,87,0,0,0.445859872611465,0.554140127388535,0.0,70,3.5,20.0
P05_BLACK_O_take_0010,P05,BLACK,O,158,158,61,97,0,0,0.3860759493670886,0.6139240506329114,0.0,61,3.05,20.0
P05_BLACK_P_take_0001,P05,BLACK,P,158,158,63,95,0,0,0.3987341772151899,0.6012658227848101,0.0,63,3.15,20.0
P05_BLACK_P_take_0002,P05,BLACK,P,159,159,55,104,0,0,0.34591194968553457,0.6540880503144654,0.0,55,2.75,20.0
P05_BLACK_P_take_0003,P05,BLACK,P,158,158,57,101,0,0,0.36075949367088606,0.6392405063291139,0.0,57,2.85,20.0
P05_BLACK_P_take_0004,P05,BLACK,P,159,159,64,95,0,0,0.4025157232704403,0.5974842767295597,0.0,64,3.2,20.0
P05_BLACK_P_take_0005,P05,BLACK,P,159,159,71,88,0,0,0.44654088050314467,0.5534591194968553,0.0,71,3.55,20.0
P05_BLACK_P_take_0006,P05,BLACK,P,158,158,61,97,0,0,0.3860759493670886,0.6139240506329114,0.0,61,3.05,20.0
P05_BLACK_P_take_0007,P05,BLACK,P,159,159,60,99,0,0,0.37735849056603776,0.6226415094339622,0.0,60,3.0,20.0
P05_BLACK_P_take_0008,P05,BLACK,P,160,160,55,105,0,0,0.34375,0.65625,0.0,55,2.75,20.0
P05_BLACK_P_take_0009,P05,BLACK,P,156,156,53,103,0,0,0.33974358974358976,0.6602564102564102,0.0,53,2.65,20.0
P05_BLACK_P_take_0010,P05,BLACK,P,157,157,59,98,0,0,0.37579617834394907,0.6242038216560509,0.0,59,2.95,20.0
P05_BLACK_R_take_0001,P05,BLACK,R,159,159,63,96,0,0,0.39622641509433965,0.6037735849056604,0.0,63,3.15,20.0
P05_BLACK_R_take_0002,P05,BLACK,R,160,160,71,89,0,0,0.44375,0.55625,0.0,71,3.55,20.0
P05_BLACK_R_take_0003,P05,BLACK,R,157,157,66,91,0,0,0.42038216560509556,0.5796178343949044,0.0,66,3.3,20.0
P05_BLACK_R_take_0004,P05,BLACK,R,159,159,49,110,0,0,0.3081761006289308,0.6918238993710691,0.0,49,2.45,20.0
P05_BLACK_R_take_0005,P05,BLACK,R,157,157,49,108,0,0,0.31210191082802546,0.6878980891719745,0.0,49,2.45,20.0
P05_BLACK_R_take_0006,P05,BLACK,R,157,157,53,104,0,0,0.3375796178343949,0.6624203821656051,0.0,53,2.65,20.0
P05_BLACK_R_take_0007,P05,BLACK,R,158,158,53,105,0,0,0.33544303797468356,0.6645569620253164,0.0,53,2.65,20.0
P05_BLACK_R_take_0008,P05,BLACK,R,159,159,63,96,0,0,0.39622641509433965,0.6037735849056604,0.0,63,3.15,20.0
P05_BLACK_R_take_0009,P05,BLACK,R,160,160,54,106,0,0,0.3375,0.6625,0.0,54,2.7,20.0
P05_BLACK_R_take_0010,P05,BLACK,R,158,158,59,99,0,0,0.37341772151898733,0.6265822784810127,0.0,59,2.95,20.0
P05_BLACK_S_take_0001,P05,BLACK,S,157,157,58,99,0,0,0.36942675159235666,0.6305732484076433,0.0,58,2.9,20.0
P05_BLACK_S_take_0002,P05,BLACK,S,166,166,79,87,0,0,0.4759036144578313,0.5240963855421686,0.0,79,3.95,20.0
P05_BLACK_S_take_0003,P05,BLACK,S,158,158,71,87,0,0,0.44936708860759494,0.5506329113924051,0.0,71,3.55,20.0
P05_BLACK_S_take_0004,P05,BLACK,S,162,162,73,89,0,0,0.4506172839506173,0.5493827160493827,0.0,73,3.65,20.0
P05_BLACK_S_take_0005,P05,BLACK,S,157,157,63,94,0,0,0.4012738853503185,0.5987261146496815,0.0,63,3.15,20.0
P05_BLACK_S_take_0006,P05,BLACK,S,159,159,68,91,0,0,0.4276729559748428,0.5723270440251572,0.0,68,3.4,20.0
P05_BLACK_S_take_0007,P05,BLACK,S,159,159,68,91,0,0,0.4276729559748428,0.5723270440251572,0.0,68,3.4,20.0
P05_BLACK_S_take_0008,P05,BLACK,S,160,160,59,101,0,0,0.36875,0.63125,0.0,59,2.95,20.0
P05_BLACK_S_take_0009,P05,BLACK,S,158,158,58,100,0,0,0.3670886075949367,0.6329113924050633,0.0,58,2.9,20.0
P05_BLACK_S_take_0010,P05,BLACK,S,159,159,60,99,0,0,0.37735849056603776,0.6226415094339622,0.0,60,3.0,20.0
P05_BLACK_T_take_0001,P05,BLACK,T,159,159,77,82,0,0,0.48427672955974843,0.5157232704402516,0.0,77,3.85,20.0
P05_BLACK_T_take_0002,P05,BLACK,T,159,159,69,90,0,0,0.4339622641509434,0.5660377358490566,0.0,69,3.45,20.0
P05_BLACK_T_take_0003,P05,BLACK,T,158,158,71,87,0,0,0.44936708860759494,0.5506329113924051,0.0,71,3.55,20.0
P05_BLACK_T_take_0004,P05,BLACK,T,156,156,71,85,0,0,0.4551282051282051,0.5448717948717948,0.0,71,3.55,20.0
P05_BLACK_T_take_0005,P05,BLACK,T,159,159,73,86,0,0,0.4591194968553459,0.5408805031446541,0.0,73,3.65,20.0
P05_BLACK_T_take_0006,P05,BLACK,T,158,158,69,89,0,0,0.43670886075949367,0.5632911392405063,0.0,69,3.45,20.0
P05_BLACK_T_take_0007,P05,BLACK,T,155,155,65,90,0,0,0.41935483870967744,0.5806451612903226,0.0,65,3.25,20.0
P05_BLACK_T_take_0008,P05,BLACK,T,157,157,71,86,0,0,0.45222929936305734,0.5477707006369427,0.0,71,3.55,20.0
P05_BLACK_T_take_0009,P05,BLACK,T,158,158,75,83,0,0,0.47468354430379744,0.5253164556962026,0.0,75,3.75,20.0
P05_BLACK_T_take_0010,P05,BLACK,T,160,160,68,92,0,0,0.425,0.575,0.0,68,3.4,20.0
P05_BLACK_U_take_0001,P05,BLACK,U,152,152,63,89,0,0,0.4144736842105263,0.5855263157894737,0.0,63,3.15,20.0
P05_BLACK_U_take_0002,P05,BLACK,U,153,153,57,96,0,0,0.37254901960784315,0.6274509803921569,0.0,57,2.85,20.0
P05_BLACK_U_take_0003,P05,BLACK,U,153,153,56,97,0,0,0.3660130718954248,0.6339869281045751,0.0,56,2.8,20.0
P05_BLACK_U_take_0004,P05,BLACK,U,153,153,65,88,0,0,0.42483660130718953,0.5751633986928104,0.0,65,3.25,20.0
P05_BLACK_U_take_0005,P05,BLACK,U,152,152,57,95,0,0,0.375,0.625,0.0,57,2.85,20.0
P05_BLACK_U_take_0006,P05,BLACK,U,153,153,69,84,0,0,0.45098039215686275,0.5490196078431373,0.0,69,3.45,20.0
P05_BLACK_U_take_0007,P05,BLACK,U,149,149,64,85,0,0,0.42953020134228187,0.5704697986577181,0.0,64,3.2,20.0
P05_BLACK_U_take_0008,P05,BLACK,U,152,152,58,94,0,0,0.3815789473684211,0.618421052631579,0.0,58,2.9,20.0
P05_BLACK_U_take_0009,P05,BLACK,U,152,152,59,93,0,0,0.3881578947368421,0.6118421052631579,0.0,59,2.95,20.0
P05_BLACK_U_take_0010,P05,BLACK,U,152,152,68,84,0,0,0.4473684210526316,0.5526315789473685,0.0,68,3.4,20.0
P05_BLACK_V_take_0001,P05,BLACK,V,154,154,63,91,0,0,0.4090909090909091,0.5909090909090909,0.0,63,3.15,20.0
P05_BLACK_V_take_0002,P05,BLACK,V,159,159,69,90,0,0,0.4339622641509434,0.5660377358490566,0.0,69,3.45,20.0
P05_BLACK_V_take_0003,P05,BLACK,V,157,157,73,84,0,0,0.46496815286624205,0.535031847133758,0.0,73,3.65,20.0
P05_BLACK_V_take_0004,P05,BLACK,V,154,154,56,98,0,0,0.36363636363636365,0.6363636363636364,0.0,56,2.8,20.0
P05_BLACK_V_take_0005,P05,BLACK,V,156,156,54,102,0,0,0.34615384615384615,0.6538461538461539,0.0,54,2.7,20.0
P05_BLACK_V_take_0006,P05,BLACK,V,153,153,56,97,0,0,0.3660130718954248,0.6339869281045751,0.0,56,2.8,20.0
P05_BLACK_V_take_0007,P05,BLACK,V,156,156,52,104,0,0,0.3333333333333333,0.6666666666666666,0.0,52,2.6,20.0
P05_BLACK_V_take_0008,P05,BLACK,V,156,156,53,103,0,0,0.33974358974358976,0.6602564102564102,0.0,53,2.65,20.0
P05_BLACK_V_take_0009,P05,BLACK,V,156,156,54,102,0,0,0.34615384615384615,0.6538461538461539,0.0,54,2.7,20.0
P05_BLACK_V_take_0010,P05,BLACK,V,156,156,50,106,0,0,0.32051282051282054,0.6794871794871795,0.0,50,2.5,20.0
P05_BLACK_W_take_0001,P05,BLACK,W,159,159,60,99,0,0,0.37735849056603776,0.6226415094339622,0.0,60,3.0,20.0
P05_BLACK_W_take_0002,P05,BLACK,W,158,158,64,94,0,0,0.4050632911392405,0.5949367088607594,0.0,64,3.2,20.0
P05_BLACK_W_take_0003,P05,BLACK,W,157,157,61,96,0,0,0.3885350318471338,0.6114649681528662,0.0,61,3.05,20.0
P05_BLACK_W_take_0004,P05,BLACK,W,158,158,67,91,0,0,0.4240506329113924,0.5759493670886076,0.0,67,3.35,20.0
P05_BLACK_W_take_0005,P05,BLACK,W,155,155,66,89,0,0,0.4258064516129032,0.5741935483870968,0.0,66,3.3,20.0
P05_BLACK_W_take_0006,P05,BLACK,W,157,157,52,105,0,0,0.33121019108280253,0.6687898089171974,0.0,52,2.6,20.0
P05_BLACK_W_take_0007,P05,BLACK,W,155,155,54,101,0,0,0.34838709677419355,0.6516129032258065,0.0,54,2.7,20.0
P05_BLACK_W_take_0008,P05,BLACK,W,157,157,55,102,0,0,0.3503184713375796,0.6496815286624203,0.0,55,2.75,20.0
P05_BLACK_W_take_0009,P05,BLACK,W,158,158,58,100,0,0,0.3670886075949367,0.6329113924050633,0.0,58,2.9,20.0
P05_BLACK_W_take_0010,P05,BLACK,W,159,159,54,105,0,0,0.33962264150943394,0.660377358490566,0.0,54,2.7,20.0
P05_BLACK_Y_take_0001,P05,BLACK,Y,157,157,61,96,0,0,0.3885350318471338,0.6114649681528662,0.0,61,3.05,20.0
P05_BLACK_Y_take_0002,P05,BLACK,Y,154,154,49,105,0,0,0.3181818181818182,0.6818181818181818,0.0,49,2.45,20.0
P05_BLACK_Y_take_0003,P05,BLACK,Y,159,159,69,90,0,0,0.4339622641509434,0.5660377358490566,0.0,69,3.45,20.0
P05_BLACK_Y_take_0004,P05,BLACK,Y,156,156,58,98,0,0,0.3717948717948718,0.6282051282051282,0.0,58,2.9,20.0
P05_BLACK_Y_take_0005,P05,BLACK,Y,158,158,57,101,0,0,0.36075949367088606,0.6392405063291139,0.0,57,2.85,20.0
P05_BLACK_Y_take_0006,P05,BLACK,Y,162,162,72,90,0,0,0.4444444444444444,0.5555555555555556,0.0,72,3.6,20.0
P05_BLACK_Y_take_0007,P05,BLACK,Y,154,154,60,94,0,0,0.38961038961038963,0.6103896103896104,0.0,60,3.0,20.0
P05_BLACK_Y_take_0008,P05,BLACK,Y,159,159,62,97,0,0,0.389937106918239,0.610062893081761,0.0,62,3.1,20.0
P05_BLACK_Y_take_0009,P05,BLACK,Y,154,154,60,94,0,0,0.38961038961038963,0.6103896103896104,0.0,60,3.0,20.0
P05_BLACK_Y_take_0010,P05,BLACK,Y,156,156,57,99,0,0,0.36538461538461536,0.6346153846153846,0.0,57,2.85,20.0
P05_BLUE_A_take_0001,P05,BLUE,A,168,168,58,110,0,0,0.34523809523809523,0.6547619047619048,0.0,58,2.9,20.0
P05_BLUE_A_take_0002,P05,BLUE,A,173,173,71,102,0,0,0.41040462427745666,0.5895953757225434,0.0,71,3.55,20.0
P05_BLUE_A_take_0003,P05,BLUE,A,161,161,44,117,0,0,0.2732919254658385,0.7267080745341615,0.0,44,2.2,20.0
P05_BLUE_A_take_0004,P05,BLUE,A,166,166,64,102,0,0,0.3855421686746988,0.6144578313253012,0.0,64,3.2,20.0
P05_BLUE_A_take_0005,P05,BLUE,A,169,169,54,115,0,0,0.31952662721893493,0.6804733727810651,0.0,54,2.7,20.0
P05_BLUE_A_take_0006,P05,BLUE,A,166,166,72,94,0,0,0.43373493975903615,0.5662650602409639,0.0,72,3.6,20.0
P05_BLUE_A_take_0007,P05,BLUE,A,160,160,51,109,0,0,0.31875,0.68125,0.0,51,2.55,20.0
P05_BLUE_A_take_0008,P05,BLUE,A,165,165,51,114,0,0,0.3090909090909091,0.6909090909090909,0.0,51,2.55,20.0
P05_BLUE_A_take_0009,P05,BLUE,A,166,166,57,109,0,0,0.3433734939759036,0.6566265060240963,0.0,57,2.85,20.0
P05_BLUE_A_take_0010,P05,BLUE,A,166,166,64,102,0,0,0.3855421686746988,0.6144578313253012,0.0,64,3.2,20.0
P05_BLUE_B_take_0001,P05,BLUE,B,162,162,72,90,0,0,0.4444444444444444,0.5555555555555556,0.0,72,3.6,20.0
P05_BLUE_B_take_0002,P05,BLUE,B,161,161,49,112,0,0,0.30434782608695654,0.6956521739130435,0.0,49,2.45,20.0
P05_BLUE_B_take_0003,P05,BLUE,B,169,169,75,94,0,0,0.4437869822485207,0.5562130177514792,0.0,75,3.75,20.0
P05_BLUE_B_take_0004,P05,BLUE,B,161,161,60,101,0,0,0.37267080745341613,0.6273291925465838,0.0,60,3.0,20.0
P05_BLUE_B_take_0005,P05,BLUE,B,168,168,58,110,0,0,0.34523809523809523,0.6547619047619048,0.0,58,2.9,20.0
P05_BLUE_B_take_0006,P05,BLUE,B,164,164,71,93,0,0,0.4329268292682927,0.5670731707317073,0.0,71,3.55,20.0
P05_BLUE_B_take_0007,P05,BLUE,B,166,166,60,106,0,0,0.3614457831325301,0.6385542168674698,0.0,60,3.0,20.0
P05_BLUE_B_take_0008,P05,BLUE,B,164,164,55,109,0,0,0.3353658536585366,0.6646341463414634,0.0,55,2.75,20.0
P05_BLUE_B_take_0009,P05,BLUE,B,164,164,66,98,0,0,0.4024390243902439,0.5975609756097561,0.0,66,3.3,20.0
P05_BLUE_B_take_0010,P05,BLUE,B,166,166,57,109,0,0,0.3433734939759036,0.6566265060240963,0.0,57,2.85,20.0
P05_BLUE_C_take_0001,P05,BLUE,C,163,163,55,108,0,0,0.3374233128834356,0.6625766871165644,0.0,55,2.75,20.0
P05_BLUE_C_take_0002,P05,BLUE,C,170,170,64,106,0,0,0.3764705882352941,0.6235294117647059,0.0,64,3.2,20.0
P05_BLUE_C_take_0003,P05,BLUE,C,167,167,64,103,0,0,0.38323353293413176,0.6167664670658682,0.0,64,3.2,20.0
P05_BLUE_C_take_0004,P05,BLUE,C,165,165,59,106,0,0,0.3575757575757576,0.6424242424242425,0.0,59,2.95,20.0
P05_BLUE_C_take_0005,P05,BLUE,C,165,165,68,97,0,0,0.4121212121212121,0.5878787878787879,0.0,68,3.4,20.0
P05_BLUE_C_take_0006,P05,BLUE,C,165,165,77,88,0,0,0.4666666666666667,0.5333333333333333,0.0,77,3.85,20.0
P05_BLUE_C_take_0007,P05,BLUE,C,164,164,58,106,0,0,0.35365853658536583,0.6463414634146342,0.0,58,2.9,20.0
P05_BLUE_C_take_0008,P05,BLUE,C,168,168,49,119,0,0,0.2916666666666667,0.7083333333333334,0.0,49,2.45,20.0
P05_BLUE_C_take_0009,P05,BLUE,C,164,164,56,108,0,0,0.34146341463414637,0.6585365853658537,0.0,56,2.8,20.0
P05_BLUE_C_take_0010,P05,BLUE,C,165,165,65,100,0,0,0.3939393939393939,0.6060606060606061,0.0,65,3.25,20.0
P05_BLUE_E_take_0001,P05,BLUE,E,165,165,71,94,0,0,0.4303030303030303,0.5696969696969697,0.0,71,3.55,20.0
P05_BLUE_E_take_0002,P05,BLUE,E,164,164,61,103,0,0,0.3719512195121951,0.6280487804878049,0.0,61,3.05,20.0
P05_BLUE_E_take_0003,P05,BLUE,E,166,166,62,104,0,0,0.37349397590361444,0.6265060240963856,0.0,62,3.1,20.0
P05_BLUE_E_take_0004,P05,BLUE,E,164,164,64,100,0,0,0.3902439024390244,0.6097560975609756,0.0,64,3.2,20.0
P05_BLUE_E_take_0005,P05,BLUE,E,172,172,76,96,0,0,0.4418604651162791,0.5581395348837209,0.0,76,3.8,20.0
P05_BLUE_E_take_0006,P05,BLUE,E,164,164,78,86,0,0,0.47560975609756095,0.524390243902439,0.0,78,3.9,20.0
P05_BLUE_E_take_0007,P05,BLUE,E,168,168,56,112,0,0,0.3333333333333333,0.6666666666666666,0.0,56,2.8,20.0
P05_BLUE_E_take_0008,P05,BLUE,E,172,172,72,100,0,0,0.4186046511627907,0.5813953488372093,0.0,72,3.6,20.0
P05_BLUE_E_take_0009,P05,BLUE,E,164,164,56,108,0,0,0.34146341463414637,0.6585365853658537,0.0,56,2.8,20.0
P05_BLUE_E_take_0010,P05,BLUE,E,165,165,69,96,0,0,0.41818181818181815,0.5818181818181818,0.0,69,3.45,20.0
P05_BLUE_I_take_0001,P05,BLUE,I,166,166,62,104,0,0,0.37349397590361444,0.6265060240963856,0.0,62,3.1,20.0
P05_BLUE_I_take_0002,P05,BLUE,I,166,166,63,103,0,0,0.3795180722891566,0.6204819277108434,0.0,63,3.15,20.0
P05_BLUE_I_take_0003,P05,BLUE,I,168,168,72,96,0,0,0.42857142857142855,0.5714285714285714,0.0,72,3.6,20.0
P05_BLUE_I_take_0004,P05,BLUE,I,162,162,64,98,0,0,0.3950617283950617,0.6049382716049383,0.0,64,3.2,20.0
P05_BLUE_I_take_0005,P05,BLUE,I,170,170,72,98,0,0,0.4235294117647059,0.5764705882352941,0.0,72,3.6,20.0
P05_BLUE_I_take_0006,P05,BLUE,I,163,163,64,99,0,0,0.39263803680981596,0.6073619631901841,0.0,64,3.2,20.0
P05_BLUE_I_take_0007,P05,BLUE,I,168,168,62,106,0,0,0.36904761904761907,0.6309523809523809,0.0,62,3.1,20.0
P05_BLUE_I_take_0008,P05,BLUE,I,168,168,63,105,0,0,0.375,0.625,0.0,63,3.15,20.0
P05_BLUE_I_take_0009,P05,BLUE,I,164,164,57,107,0,0,0.3475609756097561,0.6524390243902439,0.0,57,2.85,20.0
P05_BLUE_I_take_0010,P05,BLUE,I,165,165,50,115,0,0,0.30303030303030304,0.696969696969697,0.0,50,2.5,20.0
P05_BLUE_L_take_0001,P05,BLUE,L,165,165,66,99,0,0,0.4,0.6,0.0,66,3.3,20.0
P05_BLUE_L_take_0002,P05,BLUE,L,162,162,56,106,0,0,0.345679012345679,0.654320987654321,0.0,56,2.8,20.0
P05_BLUE_L_take_0003,P05,BLUE,L,168,168,61,107,0,0,0.3630952380952381,0.6369047619047619,0.0,61,3.05,20.0
P05_BLUE_L_take_0004,P05,BLUE,L,165,165,58,107,0,0,0.3515151515151515,0.6484848484848484,0.0,58,2.9,20.0
P05_BLUE_L_take_0005,P05,BLUE,L,164,164,64,100,0,0,0.3902439024390244,0.6097560975609756,0.0,64,3.2,20.0
P05_BLUE_L_take_0006,P05,BLUE,L,164,164,65,99,0,0,0.39634146341463417,0.6036585365853658,0.0,65,3.25,20.0
P05_BLUE_L_take_0007,P05,BLUE,L,170,170,64,106,0,0,0.3764705882352941,0.6235294117647059,0.0,64,3.2,20.0
P05_BLUE_L_take_0008,P05,BLUE,L,166,166,59,107,0,0,0.35542168674698793,0.6445783132530121,0.0,59,2.95,20.0
P05_BLUE_L_take_0009,P05,BLUE,L,169,169,82,87,0,0,0.48520710059171596,0.514792899408284,0.0,82,4.1,20.0
P05_BLUE_L_take_0010,P05,BLUE,L,162,162,70,92,0,0,0.43209876543209874,0.5679012345679012,0.0,70,3.5,20.0
P05_BLUE_M_take_0001,P05,BLUE,M,169,169,75,94,0,0,0.4437869822485207,0.5562130177514792,0.0,75,3.75,20.0
P05_BLUE_M_take_0002,P05,BLUE,M,166,166,69,97,0,0,0.41566265060240964,0.5843373493975904,0.0,69,3.45,20.0
P05_BLUE_M_take_0003,P05,BLUE,M,163,163,66,97,0,0,0.4049079754601227,0.5950920245398773,0.0,66,3.3,20.0
P05_BLUE_M_take_0004,P05,BLUE,M,169,169,75,94,0,0,0.4437869822485207,0.5562130177514792,0.0,75,3.75,20.0
P05_BLUE_M_take_0005,P05,BLUE,M,168,168,73,95,0,0,0.43452380952380953,0.5654761904761905,0.0,73,3.65,20.0
P05_BLUE_M_take_0006,P05,BLUE,M,166,166,71,95,0,0,0.42771084337349397,0.572289156626506,0.0,71,3.55,20.0
P05_BLUE_M_take_0007,P05,BLUE,M,168,168,68,100,0,0,0.40476190476190477,0.5952380952380952,0.0,68,3.4,20.0
P05_BLUE_M_take_0008,P05,BLUE,M,172,172,86,86,0,0,0.5,0.5,0.0,86,4.3,20.0
P05_BLUE_M_take_0009,P05,BLUE,M,168,168,76,92,0,0,0.4523809523809524,0.5476190476190477,0.0,76,3.8,20.0
P05_BLUE_M_take_0010,P05,BLUE,M,168,168,65,103,0,0,0.3869047619047619,0.6130952380952381,0.0,65,3.25,20.0
P05_BLUE_N_take_0001,P05,BLUE,N,173,173,67,106,0,0,0.3872832369942196,0.6127167630057804,0.0,67,3.35,20.0
P05_BLUE_N_take_0002,P05,BLUE,N,169,169,73,96,0,0,0.4319526627218935,0.5680473372781065,0.0,73,3.65,20.0
P05_BLUE_N_take_0003,P05,BLUE,N,169,169,60,109,0,0,0.35502958579881655,0.6449704142011834,0.0,60,3.0,20.0
P05_BLUE_N_take_0004,P05,BLUE,N,165,165,69,96,0,0,0.41818181818181815,0.5818181818181818,0.0,69,3.45,20.0
P05_BLUE_N_take_0005,P05,BLUE,N,166,166,63,103,0,0,0.3795180722891566,0.6204819277108434,0.0,63,3.15,20.0
P05_BLUE_N_take_0006,P05,BLUE,N,171,171,59,112,0,0,0.34502923976608185,0.6549707602339181,0.0,59,2.95,20.0
P05_BLUE_N_take_0007,P05,BLUE,N,168,168,72,96,0,0,0.42857142857142855,0.5714285714285714,0.0,72,3.6,20.0
P05_BLUE_N_take_0008,P05,BLUE,N,164,164,58,106,0,0,0.35365853658536583,0.6463414634146342,0.0,58,2.9,20.0
P05_BLUE_N_take_0009,P05,BLUE,N,164,164,59,105,0,0,0.3597560975609756,0.6402439024390244,0.0,59,2.95,20.0
P05_BLUE_N_take_0010,P05,BLUE,N,169,169,84,85,0,0,0.4970414201183432,0.5029585798816568,0.0,84,4.2,20.0
P05_BLUE_O_take_0001,P05,BLUE,O,164,164,67,97,0,0,0.40853658536585363,0.5914634146341463,0.0,67,3.35,20.0
P05_BLUE_O_take_0002,P05,BLUE,O,164,164,64,100,0,0,0.3902439024390244,0.6097560975609756,0.0,64,3.2,20.0
P05_BLUE_O_take_0003,P05,BLUE,O,169,169,71,98,0,0,0.42011834319526625,0.5798816568047337,0.0,71,3.55,20.0
P05_BLUE_O_take_0004,P05,BLUE,O,165,165,69,96,0,0,0.41818181818181815,0.5818181818181818,0.0,69,3.45,20.0
P05_BLUE_O_take_0005,P05,BLUE,O,170,170,76,94,0,0,0.4470588235294118,0.5529411764705883,0.0,76,3.8,20.0
P05_BLUE_O_take_0006,P05,BLUE,O,165,165,83,82,0,0,0.503030303030303,0.49696969696969695,0.0,83,4.15,20.0
P05_BLUE_O_take_0007,P05,BLUE,O,167,167,81,86,0,0,0.48502994011976047,0.5149700598802395,0.0,81,4.05,20.0
P05_BLUE_O_take_0008,P05,BLUE,O,168,168,78,90,0,0,0.4642857142857143,0.5357142857142857,0.0,78,3.9,20.0
P05_BLUE_O_take_0009,P05,BLUE,O,168,168,61,107,0,0,0.3630952380952381,0.6369047619047619,0.0,61,3.05,20.0
P05_BLUE_O_take_0010,P05,BLUE,O,166,166,59,107,0,0,0.35542168674698793,0.6445783132530121,0.0,59,2.95,20.0
P05_BLUE_P_take_0001,P05,BLUE,P,164,164,54,110,0,0,0.32926829268292684,0.6707317073170732,0.0,54,2.7,20.0
P05_BLUE_P_take_0002,P05,BLUE,P,163,163,50,113,0,0,0.3067484662576687,0.6932515337423313,0.0,50,2.5,20.0
P05_BLUE_P_take_0003,P05,BLUE,P,163,163,45,118,0,0,0.27607361963190186,0.7239263803680982,0.0,45,2.25,20.0
P05_BLUE_P_take_0004,P05,BLUE,P,163,163,52,111,0,0,0.31901840490797545,0.6809815950920245,0.0,52,2.6,20.0
P05_BLUE_P_take_0005,P05,BLUE,P,165,165,61,104,0,0,0.3696969696969697,0.6303030303030303,0.0,61,3.05,20.0
P05_BLUE_P_take_0006,P05,BLUE,P,164,164,55,109,0,0,0.3353658536585366,0.6646341463414634,0.0,55,2.75,20.0
P05_BLUE_P_take_0007,P05,BLUE,P,162,162,51,111,0,0,0.3148148148148148,0.6851851851851852,0.0,51,2.55,20.0
P05_BLUE_P_take_0008,P05,BLUE,P,162,162,45,117,0,0,0.2777777777777778,0.7222222222222222,0.0,45,2.25,20.0
P05_BLUE_P_take_0009,P05,BLUE,P,168,168,62,106,0,0,0.36904761904761907,0.6309523809523809,0.0,62,3.1,20.0
P05_BLUE_P_take_0010,P05,BLUE,P,162,162,43,119,0,0,0.2654320987654321,0.7345679012345679,0.0,43,2.15,20.0
P05_BLUE_R_take_0001,P05,BLUE,R,168,168,72,96,0,0,0.42857142857142855,0.5714285714285714,0.0,72,3.6,20.0
P05_BLUE_R_take_0002,P05,BLUE,R,164,164,58,106,0,0,0.35365853658536583,0.6463414634146342,0.0,58,2.9,20.0
P05_BLUE_R_take_0003,P05,BLUE,R,170,170,66,104,0,0,0.38823529411764707,0.611764705882353,0.0,66,3.3,20.0
P05_BLUE_R_take_0004,P05,BLUE,R,163,163,58,105,0,0,0.3558282208588957,0.6441717791411042,0.0,58,2.9,20.0
P05_BLUE_R_take_0005,P05,BLUE,R,163,163,59,104,0,0,0.3619631901840491,0.6380368098159509,0.0,59,2.95,20.0
P05_BLUE_R_take_0006,P05,BLUE,R,164,164,52,112,0,0,0.3170731707317073,0.6829268292682927,0.0,52,2.6,20.0
P05_BLUE_R_take_0007,P05,BLUE,R,165,165,57,108,0,0,0.34545454545454546,0.6545454545454545,0.0,57,2.85,20.0
P05_BLUE_R_take_0008,P05,BLUE,R,165,165,55,110,0,0,0.3333333333333333,0.6666666666666666,0.0,55,2.75,20.0
P05_BLUE_R_take_0009,P05,BLUE,R,172,172,61,111,0,0,0.3546511627906977,0.6453488372093024,0.0,61,3.05,20.0
P05_BLUE_R_take_0010,P05,BLUE,R,163,163,58,105,0,0,0.3558282208588957,0.6441717791411042,0.0,58,2.9,20.0
P05_BLUE_S_take_0001,P05,BLUE,S,170,170,65,105,0,0,0.38235294117647056,0.6176470588235294,0.0,65,3.25,20.0
P05_BLUE_S_take_0002,P05,BLUE,S,164,164,75,89,0,0,0.4573170731707317,0.5426829268292683,0.0,75,3.75,20.0
P05_BLUE_S_take_0003,P05,BLUE,S,161,161,64,97,0,0,0.39751552795031053,0.6024844720496895,0.0,64,3.2,20.0
P05_BLUE_S_take_0004,P05,BLUE,S,164,164,72,92,0,0,0.43902439024390244,0.5609756097560976,0.0,72,3.6,20.0
P05_BLUE_S_take_0005,P05,BLUE,S,178,178,82,96,0,0,0.4606741573033708,0.5393258426966292,0.0,82,4.1,20.0
P05_BLUE_S_take_0006,P05,BLUE,S,165,165,71,94,0,0,0.4303030303030303,0.5696969696969697,0.0,71,3.55,20.0
P05_BLUE_S_take_0007,P05,BLUE,S,162,162,67,95,0,0,0.41358024691358025,0.5864197530864198,0.0,67,3.35,20.0
P05_BLUE_S_take_0008,P05,BLUE,S,161,161,57,104,0,0,0.35403726708074534,0.6459627329192547,0.0,57,2.85,20.0
P05_BLUE_S_take_0009,P05,BLUE,S,173,173,69,104,0,0,0.3988439306358382,0.6011560693641619,0.0,69,3.45,20.0
P05_BLUE_S_take_0010,P05,BLUE,S,166,166,57,109,0,0,0.3433734939759036,0.6566265060240963,0.0,57,2.85,20.0
P05_BLUE_T_take_0001,P05,BLUE,T,162,162,60,102,0,0,0.37037037037037035,0.6296296296296297,0.0,60,3.0,20.0
P05_BLUE_T_take_0002,P05,BLUE,T,166,166,68,98,0,0,0.40963855421686746,0.5903614457831325,0.0,68,3.4,20.0
P05_BLUE_T_take_0003,P05,BLUE,T,164,164,65,99,0,0,0.39634146341463417,0.6036585365853658,0.0,65,3.25,20.0
P05_BLUE_T_take_0004,P05,BLUE,T,165,165,64,101,0,0,0.3878787878787879,0.6121212121212121,0.0,64,3.2,20.0
P05_BLUE_T_take_0005,P05,BLUE,T,176,176,61,115,0,0,0.3465909090909091,0.6534090909090909,0.0,61,3.05,20.0
P05_BLUE_T_take_0006,P05,BLUE,T,166,166,63,103,0,0,0.3795180722891566,0.6204819277108434,0.0,63,3.15,20.0
P05_BLUE_T_take_0007,P05,BLUE,T,177,177,73,104,0,0,0.4124293785310734,0.5875706214689266,0.0,73,3.65,20.0
P05_BLUE_T_take_0008,P05,BLUE,T,168,168,67,101,0,0,0.39880952380952384,0.6011904761904762,0.0,67,3.35,20.0
P05_BLUE_T_take_0009,P05,BLUE,T,169,169,69,100,0,0,0.40828402366863903,0.591715976331361,0.0,69,3.45,20.0
P05_BLUE_T_take_0010,P05,BLUE,T,169,169,69,100,0,0,0.40828402366863903,0.591715976331361,0.0,69,3.45,20.0
P05_BLUE_U_take_0001,P05,BLUE,U,164,164,70,94,0,0,0.4268292682926829,0.573170731707317,0.0,70,3.5,20.0
P05_BLUE_U_take_0002,P05,BLUE,U,163,163,60,103,0,0,0.36809815950920244,0.6319018404907976,0.0,60,3.0,20.0
P05_BLUE_U_take_0003,P05,BLUE,U,167,167,59,108,0,0,0.3532934131736527,0.6467065868263473,0.0,59,2.95,20.0
P05_BLUE_U_take_0004,P05,BLUE,U,162,162,65,97,0,0,0.4012345679012346,0.5987654320987654,0.0,65,3.25,20.0
P05_BLUE_U_take_0005,P05,BLUE,U,162,162,60,102,0,0,0.37037037037037035,0.6296296296296297,0.0,60,3.0,20.0
P05_BLUE_U_take_0006,P05,BLUE,U,159,159,67,92,0,0,0.42138364779874216,0.5786163522012578,0.0,67,3.35,20.0
P05_BLUE_U_take_0007,P05,BLUE,U,162,162,58,104,0,0,0.35802469135802467,0.6419753086419753,0.0,58,2.9,20.0
P05_BLUE_U_take_0008,P05,BLUE,U,163,163,56,107,0,0,0.34355828220858897,0.656441717791411,0.0,56,2.8,20.0
P05_BLUE_U_take_0009,P05,BLUE,U,164,164,67,97,0,0,0.40853658536585363,0.5914634146341463,0.0,67,3.35,20.0
P05_BLUE_U_take_0010,P05,BLUE,U,163,163,60,103,0,0,0.36809815950920244,0.6319018404907976,0.0,60,3.0,20.0
P05_BLUE_V_take_0001,P05,BLUE,V,162,162,62,100,0,0,0.38271604938271603,0.6172839506172839,0.0,62,3.1,20.0
P05_BLUE_V_take_0002,P05,BLUE,V,169,169,63,106,0,0,0.3727810650887574,0.6272189349112426,0.0,63,3.15,20.0
P05_BLUE_V_take_0003,P05,BLUE,V,166,166,69,97,0,0,0.41566265060240964,0.5843373493975904,0.0,69,3.45,20.0
P05_BLUE_V_take_0004,P05,BLUE,V,168,168,61,107,0,0,0.3630952380952381,0.6369047619047619,0.0,61,3.05,20.0
P05_BLUE_V_take_0005,P05,BLUE,V,167,167,61,106,0,0,0.3652694610778443,0.6347305389221557,0.0,61,3.05,20.0
P05_BLUE_V_take_0006,P05,BLUE,V,166,166,58,108,0,0,0.3493975903614458,0.6506024096385542,0.0,58,2.9,20.0
P05_BLUE_V_take_0007,P05,BLUE,V,162,162,49,113,0,0,0.30246913580246915,0.6975308641975309,0.0,49,2.45,20.0
P05_BLUE_V_take_0008,P05,BLUE,V,168,168,74,94,0,0,0.44047619047619047,0.5595238095238095,0.0,74,3.7,20.0
P05_BLUE_V_take_0009,P05,BLUE,V,166,166,55,111,0,0,0.3313253012048193,0.6686746987951807,0.0,55,2.75,20.0
P05_BLUE_V_take_0010,P05,BLUE,V,166,166,62,104,0,0,0.37349397590361444,0.6265060240963856,0.0,62,3.1,20.0
P05_BLUE_W_take_0001,P05,BLUE,W,167,167,59,108,0,0,0.3532934131736527,0.6467065868263473,0.0,59,2.95,20.0
P05_BLUE_W_take_0002,P05,BLUE,W,163,163,61,102,0,0,0.37423312883435583,0.6257668711656442,0.0,61,3.05,20.0
P05_BLUE_W_take_0003,P05,BLUE,W,162,162,60,102,0,0,0.37037037037037035,0.6296296296296297,0.0,60,3.0,20.0
P05_BLUE_W_take_0004,P05,BLUE,W,163,163,67,96,0,0,0.4110429447852761,0.588957055214724,0.0,67,3.35,20.0
P05_BLUE_W_take_0005,P05,BLUE,W,163,163,64,99,0,0,0.39263803680981596,0.6073619631901841,0.0,64,3.2,20.0
P05_BLUE_W_take_0006,P05,BLUE,W,162,162,53,109,0,0,0.3271604938271605,0.6728395061728395,0.0,53,2.65,20.0
P05_BLUE_W_take_0007,P05,BLUE,W,162,162,55,107,0,0,0.3395061728395062,0.6604938271604939,0.0,55,2.75,20.0
P05_BLUE_W_take_0008,P05,BLUE,W,168,168,80,88,0,0,0.47619047619047616,0.5238095238095238,0.0,80,4.0,20.0
P05_BLUE_W_take_0009,P05,BLUE,W,163,163,75,88,0,0,0.4601226993865031,0.5398773006134969,0.0,75,3.75,20.0
P05_BLUE_W_take_0010,P05,BLUE,W,163,163,57,106,0,0,0.3496932515337423,0.6503067484662577,0.0,57,2.85,20.0
P05_BLUE_Y_take_0001,P05,BLUE,Y,165,165,65,100,0,0,0.3939393939393939,0.6060606060606061,0.0,65,3.25,20.0
P05_BLUE_Y_take_0002,P05,BLUE,Y,162,162,61,101,0,0,0.3765432098765432,0.6234567901234568,0.0,61,3.05,20.0
P05_BLUE_Y_take_0003,P05,BLUE,Y,171,171,57,114,0,0,0.3333333333333333,0.6666666666666666,0.0,57,2.85,20.0
P05_BLUE_Y_take_0004,P05,BLUE,Y,166,166,73,93,0,0,0.4397590361445783,0.5602409638554217,0.0,73,3.65,20.0
P05_BLUE_Y_take_0005,P05,BLUE,Y,171,171,60,111,0,0,0.3508771929824561,0.6491228070175439,0.0,60,3.0,20.0
P05_BLUE_Y_take_0006,P05,BLUE,Y,168,168,67,101,0,0,0.39880952380952384,0.6011904761904762,0.0,67,3.35,20.0
P05_BLUE_Y_take_0007,P05,BLUE,Y,166,166,59,107,0,0,0.35542168674698793,0.6445783132530121,0.0,59,2.95,20.0
P05_BLUE_Y_take_0008,P05,BLUE,Y,162,162,53,109,0,0,0.3271604938271605,0.6728395061728395,0.0,53,2.65,20.0
P05_BLUE_Y_take_0009,P05,BLUE,Y,174,174,79,95,0,0,0.4540229885057471,0.5459770114942529,0.0,79,3.95,20.0
P05_BLUE_Y_take_0010,P05,BLUE,Y,161,161,68,93,0,0,0.422360248447205,0.577639751552795,0.0,68,3.4,20.0
P05_WHITE_A_take_0001,P05,WHITE,A,180,180,65,115,0,0,0.3611111111111111,0.6388888888888888,0.0,65,3.25,20.0
P05_WHITE_A_take_0002,P05,WHITE,A,181,181,59,122,0,0,0.3259668508287293,0.6740331491712708,0.0,59,2.95,20.0
P05_WHITE_A_take_0003,P05,WHITE,A,182,182,65,117,0,0,0.35714285714285715,0.6428571428571429,0.0,65,3.25,20.0
P05_WHITE_A_take_0004,P05,WHITE,A,182,182,71,111,0,0,0.3901098901098901,0.6098901098901099,0.0,71,3.55,20.0
P05_WHITE_A_take_0005,P05,WHITE,A,182,182,68,114,0,0,0.37362637362637363,0.6263736263736264,0.0,68,3.4,20.0
P05_WHITE_A_take_0006,P05,WHITE,A,181,181,48,133,0,0,0.26519337016574585,0.7348066298342542,0.0,48,2.4,20.0
P05_WHITE_A_take_0007,P05,WHITE,A,182,182,63,119,0,0,0.34615384615384615,0.6538461538461539,0.0,63,3.15,20.0
P05_WHITE_A_take_0008,P05,WHITE,A,180,180,72,108,0,0,0.4,0.6,0.0,72,3.6,20.0
P05_WHITE_A_take_0009,P05,WHITE,A,181,181,63,118,0,0,0.34806629834254144,0.6519337016574586,0.0,63,3.15,20.0
P05_WHITE_A_take_0010,P05,WHITE,A,181,181,71,110,0,0,0.39226519337016574,0.6077348066298343,0.0,71,3.55,20.0
P05_WHITE_B_take_0001,P05,WHITE,B,181,181,74,107,0,0,0.4088397790055249,0.5911602209944752,0.0,74,3.7,20.0
P05_WHITE_B_take_0002,P05,WHITE,B,181,181,73,108,0,0,0.40331491712707185,0.5966850828729282,0.0,73,3.65,20.0
P05_WHITE_B_take_0003,P05,WHITE,B,181,181,62,119,0,0,0.3425414364640884,0.6574585635359116,0.0,62,3.1,20.0
P05_WHITE_B_take_0004,P05,WHITE,B,181,181,66,115,0,0,0.36464088397790057,0.6353591160220995,0.0,66,3.3,20.0
P05_WHITE_B_take_0005,P05,WHITE,B,181,181,54,127,0,0,0.2983425414364641,0.7016574585635359,0.0,54,2.7,20.0
P05_WHITE_B_take_0006,P05,WHITE,B,181,181,67,114,0,0,0.3701657458563536,0.6298342541436464,0.0,67,3.35,20.0
P05_WHITE_B_take_0007,P05,WHITE,B,181,181,69,112,0,0,0.3812154696132597,0.6187845303867403,0.0,69,3.45,20.0
P05_WHITE_B_take_0008,P05,WHITE,B,181,181,71,110,0,0,0.39226519337016574,0.6077348066298343,0.0,71,3.55,20.0
P05_WHITE_B_take_0009,P05,WHITE,B,181,181,72,109,0,0,0.39779005524861877,0.6022099447513812,0.0,72,3.6,20.0
P05_WHITE_B_take_0010,P05,WHITE,B,181,181,65,116,0,0,0.35911602209944754,0.6408839779005525,0.0,65,3.25,20.0
P05_WHITE_C_take_0001,P05,WHITE,C,180,180,62,118,0,0,0.34444444444444444,0.6555555555555556,0.0,62,3.1,20.0
P05_WHITE_C_take_0002,P05,WHITE,C,181,181,47,134,0,0,0.2596685082872928,0.7403314917127072,0.0,47,2.35,20.0
P05_WHITE_C_take_0003,P05,WHITE,C,181,181,76,105,0,0,0.4198895027624309,0.580110497237569,0.0,76,3.8,20.0
P05_WHITE_C_take_0004,P05,WHITE,C,181,181,53,128,0,0,0.292817679558011,0.7071823204419889,0.0,53,2.65,20.0
P05_WHITE_C_take_0005,P05,WHITE,C,182,182,61,121,0,0,0.33516483516483514,0.6648351648351648,0.0,61,3.05,20.0
P05_WHITE_C_take_0006,P05,WHITE,C,181,181,56,125,0,0,0.30939226519337015,0.6906077348066298,0.0,56,2.8,20.0
P05_WHITE_C_take_0007,P05,WHITE,C,181,181,56,125,0,0,0.30939226519337015,0.6906077348066298,0.0,56,2.8,20.0
P05_WHITE_C_take_0008,P05,WHITE,C,182,182,58,124,0,0,0.31868131868131866,0.6813186813186813,0.0,58,2.9,20.0
P05_WHITE_C_take_0009,P05,WHITE,C,182,182,70,112,0,0,0.38461538461538464,0.6153846153846154,0.0,70,3.5,20.0
P05_WHITE_C_take_0010,P05,WHITE,C,182,182,70,112,0,0,0.38461538461538464,0.6153846153846154,0.0,70,3.5,20.0
P05_WHITE_E_take_0001,P05,WHITE,E,177,177,65,112,0,0,0.3672316384180791,0.632768361581921,0.0,65,3.25,20.0
P05_WHITE_E_take_0002,P05,WHITE,E,176,176,53,123,0,0,0.30113636363636365,0.6988636363636364,0.0,53,2.65,20.0
P05_WHITE_E_take_0003,P05,WHITE,E,176,176,54,122,0,0,0.3068181818181818,0.6931818181818182,0.0,54,2.7,20.0
P05_WHITE_E_take_0004,P05,WHITE,E,178,178,67,111,0,0,0.37640449438202245,0.6235955056179775,0.0,67,3.35,20.0
P05_WHITE_E_take_0005,P05,WHITE,E,178,178,61,117,0,0,0.34269662921348315,0.6573033707865169,0.0,61,3.05,20.0
P05_WHITE_E_take_0006,P05,WHITE,E,175,175,54,121,0,0,0.30857142857142855,0.6914285714285714,0.0,54,2.7,20.0
P05_WHITE_E_take_0007,P05,WHITE,E,178,178,58,120,0,0,0.3258426966292135,0.6741573033707865,0.0,58,2.9,20.0
P05_WHITE_E_take_0008,P05,WHITE,E,176,176,60,116,0,0,0.3409090909090909,0.6590909090909091,0.0,60,3.0,20.0
P05_WHITE_E_take_0009,P05,WHITE,E,176,176,63,113,0,0,0.35795454545454547,0.6420454545454546,0.0,63,3.15,20.0
P05_WHITE_E_take_0010,P05,WHITE,E,175,175,67,108,0,0,0.38285714285714284,0.6171428571428571,0.0,67,3.35,20.0
P05_WHITE_I_take_0001,P05,WHITE,I,178,178,63,115,0,0,0.3539325842696629,0.6460674157303371,0.0,63,3.15,20.0
P05_WHITE_I_take_0002,P05,WHITE,I,175,175,68,107,0,0,0.38857142857142857,0.6114285714285714,0.0,68,3.4,20.0
P05_WHITE_I_take_0003,P05,WHITE,I,176,176,59,117,0,0,0.3352272727272727,0.6647727272727273,0.0,59,2.95,20.0
P05_WHITE_I_take_0004,P05,WHITE,I,178,178,63,115,0,0,0.3539325842696629,0.6460674157303371,0.0,63,3.15,20.0
P05_WHITE_I_take_0005,P05,WHITE,I,177,177,59,118,0,0,0.3333333333333333,0.6666666666666666,0.0,59,2.95,20.0
P05_WHITE_I_take_0006,P05,WHITE,I,177,177,71,106,0,0,0.4011299435028249,0.5988700564971752,0.0,71,3.55,20.0
P05_WHITE_I_take_0007,P05,WHITE,I,180,180,70,110,0,0,0.3888888888888889,0.6111111111111112,0.0,70,3.5,20.0
P05_WHITE_I_take_0008,P05,WHITE,I,177,177,62,115,0,0,0.3502824858757062,0.6497175141242938,0.0,62,3.1,20.0
P05_WHITE_I_take_0009,P05,WHITE,I,177,177,53,124,0,0,0.2994350282485876,0.7005649717514124,0.0,53,2.65,20.0
P05_WHITE_I_take_0010,P05,WHITE,I,175,175,52,123,0,0,0.29714285714285715,0.7028571428571428,0.0,52,2.6,20.0
P05_WHITE_L_take_0001,P05,WHITE,L,177,177,56,121,0,0,0.3163841807909605,0.6836158192090396,0.0,56,2.8,20.0
P05_WHITE_L_take_0002,P05,WHITE,L,175,175,69,106,0,0,0.3942857142857143,0.6057142857142858,0.0,69,3.45,20.0
P05_WHITE_L_take_0003,P05,WHITE,L,174,174,50,124,0,0,0.28735632183908044,0.7126436781609196,0.0,50,2.5,20.0
P05_WHITE_L_take_0004,P05,WHITE,L,178,178,71,107,0,0,0.398876404494382,0.601123595505618,0.0,71,3.55,20.0
P05_WHITE_L_take_0005,P05,WHITE,L,179,179,76,103,0,0,0.4245810055865922,0.5754189944134078,0.0,76,3.8,20.0
P05_WHITE_L_take_0006,P05,WHITE,L,180,180,72,108,0,0,0.4,0.6,0.0,72,3.6,20.0
P05_WHITE_L_take_0007,P05,WHITE,L,176,176,68,108,0,0,0.38636363636363635,0.6136363636363636,0.0,68,3.4,20.0
P05_WHITE_L_take_0008,P05,WHITE,L,174,174,55,119,0,0,0.3160919540229885,0.6839080459770115,0.0,55,2.75,20.0
P05_WHITE_L_take_0009,P05,WHITE,L,177,177,62,115,0,0,0.3502824858757062,0.6497175141242938,0.0,62,3.1,20.0
P05_WHITE_L_take_0010,P05,WHITE,L,178,178,75,103,0,0,0.42134831460674155,0.5786516853932584,0.0,75,3.75,20.0
P05_WHITE_M_take_0001,P05,WHITE,M,182,182,86,96,0,0,0.4725274725274725,0.5274725274725275,0.0,86,4.3,20.0
P05_WHITE_M_take_0002,P05,WHITE,M,182,182,68,114,0,0,0.37362637362637363,0.6263736263736264,0.0,68,3.4,20.0
P05_WHITE_M_take_0003,P05,WHITE,M,182,182,73,109,0,0,0.4010989010989011,0.5989010989010989,0.0,73,3.65,20.0
P05_WHITE_M_take_0004,P05,WHITE,M,181,181,55,126,0,0,0.30386740331491713,0.6961325966850829,0.0,55,2.75,20.0
P05_WHITE_M_take_0005,P05,WHITE,M,181,181,52,129,0,0,0.287292817679558,0.712707182320442,0.0,52,2.6,20.0
P05_WHITE_M_take_0006,P05,WHITE,M,182,182,54,128,0,0,0.2967032967032967,0.7032967032967034,0.0,54,2.7,20.0
P05_WHITE_M_take_0007,P05,WHITE,M,182,182,79,103,0,0,0.4340659340659341,0.5659340659340659,0.0,79,3.95,20.0
P05_WHITE_M_take_0008,P05,WHITE,M,181,181,66,115,0,0,0.36464088397790057,0.6353591160220995,0.0,66,3.3,20.0
P05_WHITE_M_take_0009,P05,WHITE,M,181,181,74,107,0,0,0.4088397790055249,0.5911602209944752,0.0,74,3.7,20.0
P05_WHITE_M_take_0010,P05,WHITE,M,181,181,59,122,0,0,0.3259668508287293,0.6740331491712708,0.0,59,2.95,20.0
P05_WHITE_N_take_0001,P05,WHITE,N,181,181,48,133,0,0,0.26519337016574585,0.7348066298342542,0.0,48,2.4,20.0
P05_WHITE_N_take_0002,P05,WHITE,N,182,182,51,131,0,0,0.2802197802197802,0.7197802197802198,0.0,51,2.55,20.0
P05_WHITE_N_take_0003,P05,WHITE,N,181,181,57,124,0,0,0.3149171270718232,0.6850828729281768,0.0,57,2.85,20.0
P05_WHITE_N_take_0004,P05,WHITE,N,182,182,57,125,0,0,0.3131868131868132,0.6868131868131868,0.0,57,2.85,20.0
P05_WHITE_N_take_0005,P05,WHITE,N,182,182,55,127,0,0,0.3021978021978022,0.6978021978021978,0.0,55,2.75,20.0
P05_WHITE_N_take_0006,P05,WHITE,N,182,182,56,126,0,0,0.3076923076923077,0.6923076923076923,0.0,56,2.8,20.0
P05_WHITE_N_take_0007,P05,WHITE,N,181,181,55,126,0,0,0.30386740331491713,0.6961325966850829,0.0,55,2.75,20.0
P05_WHITE_N_take_0008,P05,WHITE,N,181,181,57,124,0,0,0.3149171270718232,0.6850828729281768,0.0,57,2.85,20.0
P05_WHITE_N_take_0009,P05,WHITE,N,181,181,51,130,0,0,0.281767955801105,0.7182320441988951,0.0,51,2.55,20.0
P05_WHITE_N_take_0010,P05,WHITE,N,182,182,52,130,0,0,0.2857142857142857,0.7142857142857143,0.0,52,2.6,20.0
P05_WHITE_O_take_0001,P05,WHITE,O,182,182,64,118,0,0,0.3516483516483517,0.6483516483516484,0.0,64,3.2,20.0
P05_WHITE_O_take_0002,P05,WHITE,O,182,182,83,99,0,0,0.45604395604395603,0.5439560439560439,0.0,83,4.15,20.0
P05_WHITE_O_take_0003,P05,WHITE,O,182,182,69,113,0,0,0.3791208791208791,0.6208791208791209,0.0,69,3.45,20.0
P05_WHITE_O_take_0004,P05,WHITE,O,182,182,78,104,0,0,0.42857142857142855,0.5714285714285714,0.0,78,3.9,20.0
P05_WHITE_O_take_0005,P05,WHITE,O,181,181,71,110,0,0,0.39226519337016574,0.6077348066298343,0.0,71,3.55,20.0
P05_WHITE_O_take_0006,P05,WHITE,O,182,182,63,119,0,0,0.34615384615384615,0.6538461538461539,0.0,63,3.15,20.0
P05_WHITE_O_take_0007,P05,WHITE,O,181,181,70,111,0,0,0.3867403314917127,0.6132596685082873,0.0,70,3.5,20.0
P05_WHITE_O_take_0008,P05,WHITE,O,182,182,66,116,0,0,0.3626373626373626,0.6373626373626373,0.0,66,3.3,20.0
P05_WHITE_O_take_0009,P05,WHITE,O,182,182,66,116,0,0,0.3626373626373626,0.6373626373626373,0.0,66,3.3,20.0
P05_WHITE_O_take_0010,P05,WHITE,O,182,182,74,108,0,0,0.4065934065934066,0.5934065934065934,0.0,74,3.7,20.0
P05_WHITE_P_take_0001,P05,WHITE,P,175,175,70,105,0,0,0.4,0.6,0.0,70,3.5,20.0
P05_WHITE_P_take_0002,P05,WHITE,P,177,177,61,116,0,0,0.3446327683615819,0.655367231638418,0.0,61,3.05,20.0
P05_WHITE_P_take_0003,P05,WHITE,P,176,176,50,126,0,0,0.2840909090909091,0.7159090909090909,0.0,50,2.5,20.0
P05_WHITE_P_take_0004,P05,WHITE,P,179,179,73,106,0,0,0.40782122905027934,0.5921787709497207,0.0,73,3.65,20.0
P05_WHITE_P_take_0005,P05,WHITE,P,177,177,58,119,0,0,0.327683615819209,0.672316384180791,0.0,58,2.9,20.0
P05_WHITE_P_take_0006,P05,WHITE,P,176,176,57,119,0,0,0.32386363636363635,0.6761363636363636,0.0,57,2.85,20.0
P05_WHITE_P_take_0007,P05,WHITE,P,177,177,77,100,0,0,0.4350282485875706,0.5649717514124294,0.0,77,3.85,20.0
P05_WHITE_P_take_0008,P05,WHITE,P,177,177,65,112,0,0,0.3672316384180791,0.632768361581921,0.0,65,3.25,20.0
P05_WHITE_P_take_0009,P05,WHITE,P,181,181,64,117,0,0,0.35359116022099446,0.6464088397790055,0.0,64,3.2,20.0
P05_WHITE_P_take_0010,P05,WHITE,P,176,176,36,140,0,0,0.20454545454545456,0.7954545454545454,0.0,36,1.8,20.0
P05_WHITE_R_take_0001,P05,WHITE,R,180,180,71,109,0,0,0.39444444444444443,0.6055555555555555,0.0,71,3.55,20.0
P05_WHITE_R_take_0002,P05,WHITE,R,182,182,74,108,0,0,0.4065934065934066,0.5934065934065934,0.0,74,3.7,20.0
P05_WHITE_R_take_0003,P05,WHITE,R,182,182,53,129,0,0,0.29120879120879123,0.7087912087912088,0.0,53,2.65,20.0
P05_WHITE_R_take_0004,P05,WHITE,R,181,181,92,89,0,0,0.5082872928176796,0.49171270718232046,0.0,92,4.6,20.0
P05_WHITE_R_take_0005,P05,WHITE,R,181,181,60,121,0,0,0.3314917127071823,0.6685082872928176,0.0,60,3.0,20.0
P05_WHITE_R_take_0006,P05,WHITE,R,181,181,60,121,0,0,0.3314917127071823,0.6685082872928176,0.0,60,3.0,20.0
P05_WHITE_R_take_0007,P05,WHITE,R,179,179,53,126,0,0,0.29608938547486036,0.7039106145251397,0.0,53,2.65,20.0
P05_WHITE_R_take_0008,P05,WHITE,R,179,179,74,105,0,0,0.4134078212290503,0.5865921787709497,0.0,74,3.7,20.0
P05_WHITE_R_take_0009,P05,WHITE,R,181,181,46,135,0,0,0.2541436464088398,0.7458563535911602,0.0,46,2.3,20.0
P05_WHITE_R_take_0010,P05,WHITE,R,181,181,51,130,0,0,0.281767955801105,0.7182320441988951,0.0,51,2.55,20.0
P05_WHITE_S_take_0001,P05,WHITE,S,180,180,66,114,0,0,0.36666666666666664,0.6333333333333333,0.0,66,3.3,20.0
P05_WHITE_S_take_0002,P05,WHITE,S,156,156,51,105,0,0,0.3269230769230769,0.6730769230769231,0.0,51,2.55,20.0
P05_WHITE_S_take_0003,P05,WHITE,S,155,155,69,86,0,0,0.44516129032258067,0.5548387096774193,0.0,69,3.45,20.0
P05_WHITE_S_take_0004,P05,WHITE,S,156,156,68,88,0,0,0.4358974358974359,0.5641025641025641,0.0,68,3.4,20.0
P05_WHITE_S_take_0005,P05,WHITE,S,178,178,66,112,0,0,0.3707865168539326,0.6292134831460674,0.0,66,3.3,20.0
P05_WHITE_S_take_0006,P05,WHITE,S,177,177,63,114,0,0,0.3559322033898305,0.6440677966101694,0.0,63,3.15,20.0
P05_WHITE_S_take_0007,P05,WHITE,S,177,177,79,98,0,0,0.4463276836158192,0.5536723163841808,0.0,79,3.95,20.0
P05_WHITE_S_take_0008,P05,WHITE,S,175,175,77,98,0,0,0.44,0.56,0.0,77,3.85,20.0
P05_WHITE_S_take_0009,P05,WHITE,S,177,177,58,119,0,0,0.327683615819209,0.672316384180791,0.0,58,2.9,20.0
P05_WHITE_S_take_0010,P05,WHITE,S,178,178,72,106,0,0,0.4044943820224719,0.5955056179775281,0.0,72,3.6,20.0
P05_WHITE_T_take_0001,P05,WHITE,T,178,178,74,104,0,0,0.4157303370786517,0.5842696629213483,0.0,74,3.7,20.0
P05_WHITE_T_take_0002,P05,WHITE,T,179,179,58,121,0,0,0.3240223463687151,0.6759776536312849,0.0,58,2.9,20.0
P05_WHITE_T_take_0003,P05,WHITE,T,176,176,81,95,0,0,0.4602272727272727,0.5397727272727273,0.0,81,4.05,20.0
P05_WHITE_T_take_0004,P05,WHITE,T,177,177,68,109,0,0,0.384180790960452,0.615819209039548,0.0,68,3.4,20.0
P05_WHITE_T_take_0005,P05,WHITE,T,176,176,69,107,0,0,0.39204545454545453,0.6079545454545454,0.0,69,3.45,20.0
P05_WHITE_T_take_0006,P05,WHITE,T,176,176,64,112,0,0,0.36363636363636365,0.6363636363636364,0.0,64,3.2,20.0
P05_WHITE_T_take_0007,P05,WHITE,T,177,177,55,122,0,0,0.3107344632768362,0.6892655367231638,0.0,55,2.75,20.0
P05_WHITE_T_take_0008,P05,WHITE,T,176,176,67,109,0,0,0.3806818181818182,0.6193181818181818,0.0,67,3.35,20.0
P05_WHITE_T_take_0009,P05,WHITE,T,180,180,72,108,0,0,0.4,0.6,0.0,72,3.6,20.0
P05_WHITE_T_take_0010,P05,WHITE,T,179,179,65,114,0,0,0.36312849162011174,0.6368715083798883,0.0,65,3.25,20.0
P05_WHITE_U_take_0001,P05,WHITE,U,175,175,76,99,0,0,0.4342857142857143,0.5657142857142857,0.0,76,3.8,20.0
P05_WHITE_U_take_0002,P05,WHITE,U,173,173,61,112,0,0,0.35260115606936415,0.6473988439306358,0.0,61,3.05,20.0
P05_WHITE_U_take_0003,P05,WHITE,U,175,175,56,119,0,0,0.32,0.68,0.0,56,2.8,20.0
P05_WHITE_U_take_0004,P05,WHITE,U,172,172,58,114,0,0,0.3372093023255814,0.6627906976744186,0.0,58,2.9,20.0
P05_WHITE_U_take_0005,P05,WHITE,U,170,170,61,109,0,0,0.3588235294117647,0.6411764705882353,0.0,61,3.05,20.0
P05_WHITE_U_take_0006,P05,WHITE,U,174,174,70,104,0,0,0.40229885057471265,0.5977011494252874,0.0,70,3.5,20.0
P05_WHITE_U_take_0007,P05,WHITE,U,172,172,60,112,0,0,0.3488372093023256,0.6511627906976745,0.0,60,3.0,20.0
P05_WHITE_U_take_0008,P05,WHITE,U,171,171,69,102,0,0,0.40350877192982454,0.5964912280701754,0.0,69,3.45,20.0
P05_WHITE_U_take_0009,P05,WHITE,U,176,176,71,105,0,0,0.4034090909090909,0.5965909090909091,0.0,71,3.55,20.0
P05_WHITE_U_take_0010,P05,WHITE,U,175,175,67,108,0,0,0.38285714285714284,0.6171428571428571,0.0,67,3.35,20.0
P05_WHITE_V_take_0001,P05,WHITE,V,177,177,82,95,0,0,0.4632768361581921,0.536723163841808,0.0,82,4.1,20.0
P05_WHITE_V_take_0002,P05,WHITE,V,174,174,63,111,0,0,0.3620689655172414,0.6379310344827587,0.0,63,3.15,20.0
P05_WHITE_V_take_0003,P05,WHITE,V,179,179,68,111,0,0,0.37988826815642457,0.6201117318435754,0.0,68,3.4,20.0
P05_WHITE_V_take_0004,P05,WHITE,V,175,175,71,104,0,0,0.4057142857142857,0.5942857142857143,0.0,71,3.55,20.0
P05_WHITE_V_take_0005,P05,WHITE,V,176,176,63,113,0,0,0.35795454545454547,0.6420454545454546,0.0,63,3.15,20.0
P05_WHITE_V_take_0006,P05,WHITE,V,179,179,57,122,0,0,0.31843575418994413,0.6815642458100558,0.0,57,2.85,20.0
P05_WHITE_V_take_0007,P05,WHITE,V,175,175,67,108,0,0,0.38285714285714284,0.6171428571428571,0.0,67,3.35,20.0
P05_WHITE_V_take_0008,P05,WHITE,V,177,177,80,97,0,0,0.4519774011299435,0.5480225988700564,0.0,80,4.0,20.0
P05_WHITE_V_take_0009,P05,WHITE,V,176,176,56,120,0,0,0.3181818181818182,0.6818181818181818,0.0,56,2.8,20.0
P05_WHITE_V_take_0010,P05,WHITE,V,177,177,70,107,0,0,0.3954802259887006,0.6045197740112994,0.0,70,3.5,20.0
P05_WHITE_W_take_0001,P05,WHITE,W,180,180,49,131,0,0,0.2722222222222222,0.7277777777777777,0.0,49,2.45,20.0
P05_WHITE_W_take_0002,P05,WHITE,W,180,180,72,108,0,0,0.4,0.6,0.0,72,3.6,20.0
P05_WHITE_W_take_0003,P05,WHITE,W,180,180,53,127,0,0,0.29444444444444445,0.7055555555555556,0.0,53,2.65,20.0
P05_WHITE_W_take_0004,P05,WHITE,W,177,177,68,109,0,0,0.384180790960452,0.615819209039548,0.0,68,3.4,20.0
P05_WHITE_W_take_0005,P05,WHITE,W,176,176,60,116,0,0,0.3409090909090909,0.6590909090909091,0.0,60,3.0,20.0
P05_WHITE_W_take_0006,P05,WHITE,W,174,174,59,115,0,0,0.3390804597701149,0.6609195402298851,0.0,59,2.95,20.0
P05_WHITE_W_take_0007,P05,WHITE,W,176,176,41,135,0,0,0.23295454545454544,0.7670454545454546,0.0,41,2.05,20.0
P05_WHITE_W_take_0008,P05,WHITE,W,180,180,70,110,0,0,0.3888888888888889,0.6111111111111112,0.0,70,3.5,20.0
P05_WHITE_W_take_0009,P05,WHITE,W,180,180,68,112,0,0,0.37777777777777777,0.6222222222222222,0.0,68,3.4,20.0
P05_WHITE_W_take_0010,P05,WHITE,W,179,179,48,131,0,0,0.2681564245810056,0.7318435754189944,0.0,48,2.4,20.0
P05_WHITE_Y_take_0001,P05,WHITE,Y,176,176,64,112,0,0,0.36363636363636365,0.6363636363636364,0.0,64,3.2,20.0
P05_WHITE_Y_take_0002,P05,WHITE,Y,177,177,55,122,0,0,0.3107344632768362,0.6892655367231638,0.0,55,2.75,20.0
P05_WHITE_Y_take_0003,P05,WHITE,Y,177,177,62,115,0,0,0.3502824858757062,0.6497175141242938,0.0,62,3.1,20.0
P05_WHITE_Y_take_0004,P05,WHITE,Y,177,177,70,107,0,0,0.3954802259887006,0.6045197740112994,0.0,70,3.5,20.0
P05_WHITE_Y_take_0005,P05,WHITE,Y,176,176,56,120,0,0,0.3181818181818182,0.6818181818181818,0.0,56,2.8,20.0
P05_WHITE_Y_take_0006,P05,WHITE,Y,175,175,85,90,0,0,0.4857142857142857,0.5142857142857142,0.0,85,4.25,20.0
P05_WHITE_Y_take_0007,P05,WHITE,Y,174,174,64,110,0,0,0.367816091954023,0.632183908045977,0.0,64,3.2,20.0
P05_WHITE_Y_take_0008,P05,WHITE,Y,174,174,72,102,0,0,0.41379310344827586,0.5862068965517241,0.0,72,3.6,20.0
P05_WHITE_Y_take_0009,P05,WHITE,Y,176,176,63,113,0,0,0.35795454545454547,0.6420454545454546,0.0,63,3.15,20.0
P05_WHITE_Y_take_0010,P05,WHITE,Y,177,177,68,109,0,0,0.384180790960452,0.615819209039548,0.0,68,3.4,20.0
