image_id,public_subject_id,background,gesture_id,filename,relative_path,sha256,size_bytes,width,height,input_is_mirrored
P02_BLACK_A_000001,P02,BLACK,A,image_000001.jpg,training/P02/BLACK/A/images/image_000001.jpg,beb0c92309ba67fdd0e162dcc448648a932a76fc7908327d4e206d24500194f6,8402,,,true
P02_BLACK_A_000002,P02,BLACK,A,image_000002.jpg,training/P02/BLACK/A/images/image_000002.jpg,85e5b928ea506c8e8434d579dcf07799ec971f47de19929e742f3cd43e7948ec,8365,,,true
P02_BLACK_A_000003,P02,BLACK,A,image_000003.jpg,training/P02/BLACK/A/images/image_000003.jpg,d42b542591bfb4c115d2df52b18c9a916eaf166d800bcdbf449d050be2a9ed5f,8399,,,true
P02_BLACK_A_000004,P02,BLACK,A,image_000004.jpg,training/P02/BLACK/A/images/image_000004.jpg,56542c068e5cdd87a52ba8810d750668843fdd55a662358a14faf3413ce38143,8498,,,true
P02_BLACK_A_000005,P02,BLACK,A,image_000005.jpg,training/P02/BLACK/A/images/image_000005.jpg,daf236fbabd2466a24e2d57f8d572ac6a0518479bee296f5024aa291ad2da4d8,8450,,,true
P02_BLACK_A_000006,P02,BLACK,A,image_000006.jpg,training/P02/BLACK/A/images/image_000006.jpg,57397993f9ae87c005828971b0472b8f34206e2ab12cc61157401bdc3c140b99,8185,,,true
P02_BLACK_A_000007,P02,BLACK,A,image_000007.jpg,training/P02/BLACK/A/images/image_000007.jpg,b13e5b5d92338ea534bb40849bcd98439f21118a10238f28264dd7c915e52c20,8378,,,true
P02_BLACK_A_000008,P02,BLACK,A,image_000008.jpg,training/P02/BLACK/A/images/image_000008.jpg,6b97e302a04ae9ef06f2af6be62de461cfcb0d66abf3549637b147f3512719e7,8051,,,true
P02_BLACK_A_000009,P02,BLACK,A,image_000009.jpg,training/P02/BLACK/A/images/image_000009.jpg,19840052cab4f0251f1c33ace487ee89eebc4a5bc6ede98f8422ce5d00479ae5,8607,,,true
P02_BLACK_A_000010,P02,BLACK,A,image_000010.jpg,training/P02/BLACK/A/images/image_000010.jpg,c13e45b9bd06f5bf0c5cc26f92cc2206e25fd7e573d4dce9344daf195f538d81,10384,,,true
P02_BLACK_A_000011,P02,BLACK,A,image_000011.jpg,training/P02/BLACK/A/images/image_000011.jpg,fbc8ed2dca0c4495c6a7c1ee3cc40d88dc478a841ac3ee3f23e4f931b36f0e2b,8941,,,true
P02_BLACK_A_000012,P02,BLACK,A,image_000012.jpg,training/P02/BLACK/A/images/image_000012.jpg,5eea53adc88ab617a4e888406b57fd454f6d0250548d64ffe8a61432f687468d,8536,,,true
P02_BLACK_A_000013,P02,BLACK,A,image_000013.jpg,training/P02/BLACK/A/images/image_000013.jpg,5ac5be26a4e450bfcab9553826f560877c87769890c4f29aa5d6ffafac1c38d3,9555,,,true
P02_BLACK_A_000014,P02,BLACK,A,image_000014.jpg,training/P02/BLACK/A/images/image_000014.jpg,626838d79b6272682ab918406ef4950bb3e871f568c93f02f264bbf503d780ea,8278,,,true
P02_BLACK_A_000015,P02,BLACK,A,image_000015.jpg,training/P02/BLACK/A/images/image_000015.jpg,0f16f2e3290dae8a39a007ee864764724df1790b4d944f5521576a6c81ae3898,8113,,,true
P02_BLACK_A_000016,P02,BLACK,A,image_000016.jpg,training/P02/BLACK/A/images/image_000016.jpg,d625a6d97c3bcb14a439ea3da7386018a13b57537ed48cec4651c28119478326,7765,,,true
P02_BLACK_A_000017,P02,BLACK,A,image_000017.jpg,training/P02/BLACK/A/images/image_000017.jpg,a7a9a62da4f64c01ab96ffe3dbce408062237fec4d0d0d2f96f0271416ab0e12,7167,,,true
P02_BLACK_A_000018,P02,BLACK,A,image_000018.jpg,training/P02/BLACK/A/images/image_000018.jpg,1d817ab695d104d0580938df5d5ba65fad1547041676c91da1f300a4778a1138,8135,,,true
P02_BLACK_A_000019,P02,BLACK,A,image_000019.jpg,training/P02/BLACK/A/images/image_000019.jpg,f9d9cd81cbcfa0e2b92ca25c72ecdb2110b2b341b604269f71c8b970048adecf,7840,,,true
P02_BLACK_A_000020,P02,BLACK,A,image_000020.jpg,training/P02/BLACK/A/images/image_000020.jpg,26db050b77001ad10bc1825313194dcb76c613b3f235a7b13aa04571234f1c08,8387,,,true
P02_BLACK_A_000021,P02,BLACK,A,image_000021.jpg,training/P02/BLACK/A/images/image_000021.jpg,28cbdafc6cb42158407ba906f0c6fd6ff9551e8f0b515a3980ac9f49fb2e5741,8667,,,true
P02_BLACK_A_000022,P02,BLACK,A,image_000022.jpg,training/P02/BLACK/A/images/image_000022.jpg,9fc7abc27eae938cbbd1a09e4b1e55b6be152fac4973a329a060598f2a88f11e,8612,,,true
P02_BLACK_A_000023,P02,BLACK,A,image_000023.jpg,training/P02/BLACK/A/images/image_000023.jpg,662640188679d9ae5510c64cc916b79d599b0a70ada67e4eb77019941b3b73f7,8266,,,true
P02_BLACK_A_000024,P02,BLACK,A,image_000024.jpg,training/P02/BLACK/A/images/image_000024.jpg,efd6a6d9dd4dc05f49d2b726b63939e5100252cd0fcfdb36cc6ef6529433928f,8088,,,true
P02_BLACK_A_000025,P02,BLACK,A,image_000025.jpg,training/P02/BLACK/A/images/image_000025.jpg,d552b164b965964bd17595dd8ab46c9239cf58441057dbbacc7a23a4dd3bc717,6870,,,true
P02_BLACK_B_000001,P02,BLACK,B,image_000001.jpg,training/P02/BLACK/B/images/image_000001.jpg,f1e327fab9accfc79e52503183e5000f282122d93d2bcb8a766eee2aa0387dee,8019,,,true
P02_BLACK_B_000002,P02,BLACK,B,image_000002.jpg,training/P02/BLACK/B/images/image_000002.jpg,58d4ad0f67f8a271688d3180e35fb1d9270816e4961660305f20279665ffe54d,8026,,,true
P02_BLACK_B_000003,P02,BLACK,B,image_000003.jpg,training/P02/BLACK/B/images/image_000003.jpg,0eba1518f57833e825275d0784edc39f7065d978f861f2b03a7acd1708f92a49,8468,,,true
P02_BLACK_B_000004,P02,BLACK,B,image_000004.jpg,training/P02/BLACK/B/images/image_000004.jpg,6183ff20d65ec9fc1c40687cca7a40db3798501b4401c387d727f0acb455d3e0,8892,,,true
P02_BLACK_B_000005,P02,BLACK,B,image_000005.jpg,training/P02/BLACK/B/images/image_000005.jpg,91287448a1d6750906b81c45e709f8ca4e0024d5f3ad5f5a36737ac029f226cf,8690,,,true
P02_BLACK_B_000006,P02,BLACK,B,image_000006.jpg,training/P02/BLACK/B/images/image_000006.jpg,f5c2bf1a4286cbcde8f76c51fdcd4aa86f9c3bdb18dca014bd3d51a37b2ab211,8591,,,true
P02_BLACK_B_000007,P02,BLACK,B,image_000007.jpg,training/P02/BLACK/B/images/image_000007.jpg,911538f8fd55b610eed187f5c7fbf47e9c36a6b7d44a6cd2b5de2b14c8acd04a,8413,,,true
P02_BLACK_B_000008,P02,BLACK,B,image_000008.jpg,training/P02/BLACK/B/images/image_000008.jpg,b5b2e1795e56359d2141838f1ede294b8b1b51ecf021a4cd40da07f6848b4235,8258,,,true
P02_BLACK_B_000009,P02,BLACK,B,image_000009.jpg,training/P02/BLACK/B/images/image_000009.jpg,3d2ae32615b0c0ebda4b082c48ec2efeb9c009fef955f842dd78b6154037f13d,8873,,,true
P02_BLACK_B_000010,P02,BLACK,B,image_000010.jpg,training/P02/BLACK/B/images/image_000010.jpg,65fffeac657fd0d82f2a33365be18cf5a7d35ecad8ee5b82ca8185936f67c1e3,8022,,,true
P02_BLACK_B_000011,P02,BLACK,B,image_000011.jpg,training/P02/BLACK/B/images/image_000011.jpg,eb24111919b8808920cf4bb9ab30bae89f20c9bc01b2aab87ae0395eaa69e077,8759,,,true
P02_BLACK_B_000012,P02,BLACK,B,image_000012.jpg,training/P02/BLACK/B/images/image_000012.jpg,df26178629b7ee15e095f187ae852ab1cace33e7af5482b33d313f58d4f36ca1,8244,,,true
P02_BLACK_B_000013,P02,BLACK,B,image_000013.jpg,training/P02/BLACK/B/images/image_000013.jpg,48af55283dc891bfde0ed324007e274b1d21f09d9f20917e6d9aed1cfd9c03b6,7889,,,true
P02_BLACK_B_000014,P02,BLACK,B,image_000014.jpg,training/P02/BLACK/B/images/image_000014.jpg,7da60ddce080ba6aacbdb0de42f7386d24d317213c88e0a0ec78bc340d671e43,8369,,,true
P02_BLACK_B_000015,P02,BLACK,B,image_000015.jpg,training/P02/BLACK/B/images/image_000015.jpg,3b12b4486ec77b1caa2b0f00c837d955bd50f5f50fad01dd571c7ce0bbd72281,8466,,,true
P02_BLACK_B_000016,P02,BLACK,B,image_000016.jpg,training/P02/BLACK/B/images/image_000016.jpg,3e99d4ad2b06e0ea11d2b128c8377dcc56b0532f1c373e883d53a66868a35829,9351,,,true
P02_BLACK_B_000017,P02,BLACK,B,image_000017.jpg,training/P02/BLACK/B/images/image_000017.jpg,d0d7d3a51ae960fe4c9d80ece7e0272d52b1f62105025f386b6b3f90a01416c2,8615,,,true
P02_BLACK_B_000018,P02,BLACK,B,image_000018.jpg,training/P02/BLACK/B/images/image_000018.jpg,321ecf6b32e45c64901f20a5560ef3d9bfbab044ec0f754e06c99ed5689bcbe6,8972,,,true
P02_BLACK_B_000019,P02,BLACK,B,image_000019.jpg,training/P02/BLACK/B/images/image_000019.jpg,974c3df0ead3d1582090b7cfeb03749c5f67ebbd1faa173c2dca2d409435fb0f,9125,,,true
P02_BLACK_B_000020,P02,BLACK,B,image_000020.jpg,training/P02/BLACK/B/images/image_000020.jpg,4e14dbeb45217fc170ca7fbb32fb7fffdd4ebe8ffefe52dd31dfe1dea6a7fb2f,8835,,,true
P02_BLACK_B_000021,P02,BLACK,B,image_000021.jpg,training/P02/BLACK/B/images/image_000021.jpg,15f7bab12df18b79893e771a8f24cf61da1164b025ab46ed78e3e7f8c251d11a,8929,,,true
P02_BLACK_B_000022,P02,BLACK,B,image_000022.jpg,training/P02/BLACK/B/images/image_000022.jpg,6ef3899745a3d0e329a27f7bdc0efccf4d07b0de4b3953ef8d9ea8e0531d9510,9413,,,true
P02_BLACK_B_000023,P02,BLACK,B,image_000023.jpg,training/P02/BLACK/B/images/image_000023.jpg,b3daae4b9ae70e7557b9fb08ba9d8b026151b1e1a1c5858df905b074cf4b14a6,9263,,,true
P02_BLACK_B_000024,P02,BLACK,B,image_000024.jpg,training/P02/BLACK/B/images/image_000024.jpg,67a1fa535bb445e105c9da4453275b149bb1a7f810eefbe3db1fd9b3a61fbf56,9103,,,true
P02_BLACK_B_000025,P02,BLACK,B,image_000025.jpg,training/P02/BLACK/B/images/image_000025.jpg,23ac15fb4be0a5a1fa582cb8fcd36b9e2b6f97df515401a8201d1ffe27beca8a,9078,,,true
P02_BLACK_C_000001,P02,BLACK,C,image_000001.jpg,training/P02/BLACK/C/images/image_000001.jpg,e8b1b716ce9a9ecc4b49110e0911709d69c1f769fa0a4f364abd4b1f414db9a6,9192,,,true
P02_BLACK_C_000002,P02,BLACK,C,image_000002.jpg,training/P02/BLACK/C/images/image_000002.jpg,2446653bb76c57ea77500d0409d97ba69f4cc5e88e977b0bb509f3a335251d63,8915,,,true
P02_BLACK_C_000003,P02,BLACK,C,image_000003.jpg,training/P02/BLACK/C/images/image_000003.jpg,fc14eb497701b7ce7a5e2a6fb6a301bf7a128602b45f1bea838f28c38955c89a,8877,,,true
P02_BLACK_C_000004,P02,BLACK,C,image_000004.jpg,training/P02/BLACK/C/images/image_000004.jpg,831a3c771bee4a15b01862eb772de941c28ef3ddc50dd507482d154ae3bcc13a,8058,,,true
P02_BLACK_C_000005,P02,BLACK,C,image_000005.jpg,training/P02/BLACK/C/images/image_000005.jpg,ea7ac00655a461b6b2aa887f3fcd7d21178a40eb9010b12e7758c8946617e534,8490,,,true
P02_BLACK_C_000006,P02,BLACK,C,image_000006.jpg,training/P02/BLACK/C/images/image_000006.jpg,e46e4b825b9b096d18fc67bb77ca5039cc10bc97f5223f8118fc8fdb4d74686d,7974,,,true
P02_BLACK_C_000007,P02,BLACK,C,image_000007.jpg,training/P02/BLACK/C/images/image_000007.jpg,9201da125a007021b36d7d791ae0d753d676fa9cf34967759348f7160fd3aae5,8550,,,true
P02_BLACK_C_000008,P02,BLACK,C,image_000008.jpg,training/P02/BLACK/C/images/image_000008.jpg,5336f1e2b4177304d2a39798223ad276a46d843d74a7afa1d998f5e167eb31c7,8009,,,true
P02_BLACK_C_000009,P02,BLACK,C,image_000009.jpg,training/P02/BLACK/C/images/image_000009.jpg,df76687f25884d9a491cae80dcd24c2761598538d250290d732f80361e7513ff,8169,,,true
P02_BLACK_C_000010,P02,BLACK,C,image_000010.jpg,training/P02/BLACK/C/images/image_000010.jpg,ebc0e52009764c1458c80d3dabad63b42d64eada95c18210a57339e88731946e,8251,,,true
P02_BLACK_C_000011,P02,BLACK,C,image_000011.jpg,training/P02/BLACK/C/images/image_000011.jpg,24b441b96998cc3c9cf94e579e7015b26fa91e0000af906ebd24cbcbe859f2a5,8587,,,true
P02_BLACK_C_000012,P02,BLACK,C,image_000012.jpg,training/P02/BLACK/C/images/image_000012.jpg,bd2a6ad7407390eaadcab877f8d01ed2a957aff0c208bf65b7f6caa0a6c134e5,9124,,,true
P02_BLACK_C_000013,P02,BLACK,C,image_000013.jpg,training/P02/BLACK/C/images/image_000013.jpg,1e686752133679c89732a5e7f99be021ee74dea383772053e4772b91139a2520,8828,,,true
P02_BLACK_C_000014,P02,BLACK,C,image_000014.jpg,training/P02/BLACK/C/images/image_000014.jpg,8c9550f24549a7185aaba59423d298e3c14be87dedb476573ba2c3d36f7f5a5d,9126,,,true
P02_BLACK_C_000015,P02,BLACK,C,image_000015.jpg,training/P02/BLACK/C/images/image_000015.jpg,c7450ea4aca979095242b34e25ea9ceddb55eee61492e04ac73b495713f4131c,7845,,,true
P02_BLACK_C_000016,P02,BLACK,C,image_000016.jpg,training/P02/BLACK/C/images/image_000016.jpg,455573f80a1ad410e25b6e73bf58c177c354c49a19fad48cbe38919cde7d72b1,8693,,,true
P02_BLACK_C_000017,P02,BLACK,C,image_000017.jpg,training/P02/BLACK/C/images/image_000017.jpg,c4b4828533d7e4c5c70670ae57b4d584403839f5fb75613d1f65dd625fe69d26,8130,,,true
P02_BLACK_C_000018,P02,BLACK,C,image_000018.jpg,training/P02/BLACK/C/images/image_000018.jpg,7ba8e4e1053ced3cf9c6de207e2915379363316b260656270740dfbc457dc349,8149,,,true
P02_BLACK_C_000019,P02,BLACK,C,image_000019.jpg,training/P02/BLACK/C/images/image_000019.jpg,2a35c12a0cca13de0ac10160fddcd5fb68e95ff36c3fbd742ac33f0eaab02f3f,8268,,,true
P02_BLACK_C_000020,P02,BLACK,C,image_000020.jpg,training/P02/BLACK/C/images/image_000020.jpg,f659a802ef6d8355f8fca6d7539a46c16e178f0594ef400ca54977c0438e8a1a,8156,,,true
P02_BLACK_C_000021,P02,BLACK,C,image_000021.jpg,training/P02/BLACK/C/images/image_000021.jpg,5ae643087bd8c83a174cff77025a956ffa8d6f142fd11570e23a2a8c557ea514,8801,,,true
P02_BLACK_C_000022,P02,BLACK,C,image_000022.jpg,training/P02/BLACK/C/images/image_000022.jpg,77d53a4a298954e7b17df5fd6585c9d11ee22f9878bcbf236f220dc828aab180,8859,,,true
P02_BLACK_C_000023,P02,BLACK,C,image_000023.jpg,training/P02/BLACK/C/images/image_000023.jpg,9cd9a0e1cb7ee1085e2a2cc4f8ac16ccff58f997f87e3443e2b78de6c13332a5,8672,,,true
P02_BLACK_C_000024,P02,BLACK,C,image_000024.jpg,training/P02/BLACK/C/images/image_000024.jpg,166e4ce4530cdc416456591e63f6340d4e207c30df7b3f45d90b10eeb23b3a2f,8346,,,true
P02_BLACK_C_000025,P02,BLACK,C,image_000025.jpg,training/P02/BLACK/C/images/image_000025.jpg,c7ba642d4680a7a01a59b37b8493652578eabc2ecb502bcccc1f81149fbe9724,8478,,,true
P02_BLACK_E_000001,P02,BLACK,E,image_000001.jpg,training/P02/BLACK/E/images/image_000001.jpg,a67c0484c9b07afc204c5e2f8e76ccc5265c54c4d274e9360c2d2809a9321fe2,6235,,,true
P02_BLACK_E_000002,P02,BLACK,E,image_000002.jpg,training/P02/BLACK/E/images/image_000002.jpg,f8163503f5fdc9a5a53196148ecce8dbf00e0737dfa955d498e211e018cc5c4e,6221,,,true
P02_BLACK_E_000003,P02,BLACK,E,image_000003.jpg,training/P02/BLACK/E/images/image_000003.jpg,921616a428dd48a1669829e694b28bb7b573153ec6aa8074d48e836f48e87c80,9286,,,true
P02_BLACK_E_000004,P02,BLACK,E,image_000004.jpg,training/P02/BLACK/E/images/image_000004.jpg,e80cf20b9001d6250b17e3f4d8775c7f311898eaad770ca4db3ba0d2fda7d5da,9231,,,true
P02_BLACK_E_000005,P02,BLACK,E,image_000005.jpg,training/P02/BLACK/E/images/image_000005.jpg,93a2871688ae8e3416cc710dea7a457a9a401963067d986836e6e03dce5cd1df,9275,,,true
P02_BLACK_E_000006,P02,BLACK,E,image_000006.jpg,training/P02/BLACK/E/images/image_000006.jpg,ffacc22f1408b6e785b91aecd49b98395d5e5c89779b205299ee44c0075986e0,9113,,,true
P02_BLACK_E_000007,P02,BLACK,E,image_000007.jpg,training/P02/BLACK/E/images/image_000007.jpg,fc53b89d7eb0ac1b2f90473d2ead309ec4e88e5ccd706639eaddcbd16bf63093,9017,,,true
P02_BLACK_E_000008,P02,BLACK,E,image_000008.jpg,training/P02/BLACK/E/images/image_000008.jpg,b1f5d1e511e984f9fb1fcc610c1cbcd98e25fce48b405ed692833c8546c41803,9582,,,true
P02_BLACK_E_000009,P02,BLACK,E,image_000009.jpg,training/P02/BLACK/E/images/image_000009.jpg,79fffb1520613709ae7eabd422f7cb99e643747292e3f091758418ed836f66a3,9742,,,true
P02_BLACK_E_000010,P02,BLACK,E,image_000010.jpg,training/P02/BLACK/E/images/image_000010.jpg,17a5d00346a32184d4401f48c7c9f335b823a61f8e43ada6762358b1f436572f,9181,,,true
P02_BLACK_E_000011,P02,BLACK,E,image_000011.jpg,training/P02/BLACK/E/images/image_000011.jpg,43ecc185ff49f505f0d2e4f43d933fdc7624498e39ed4beab2dcd93d9184c2fc,9246,,,true
P02_BLACK_E_000012,P02,BLACK,E,image_000012.jpg,training/P02/BLACK/E/images/image_000012.jpg,536f7ceef8707f543ee6d2763b80785bce75cc6970fd450e96fa1491935c0970,9551,,,true
P02_BLACK_E_000013,P02,BLACK,E,image_000013.jpg,training/P02/BLACK/E/images/image_000013.jpg,f6a9cbbd53e52bc51796f661db7238579552a32445f71cb104ca159edbe9c1ae,9618,,,true
P02_BLACK_E_000014,P02,BLACK,E,image_000014.jpg,training/P02/BLACK/E/images/image_000014.jpg,d4ae7a498b5be48176207b96f1153b5ea01ed218836d72acc96f0a9608cc680e,9291,,,true
P02_BLACK_E_000015,P02,BLACK,E,image_000015.jpg,training/P02/BLACK/E/images/image_000015.jpg,25c820768145e8d79c66cd1fb133f1c9b2feb7e70ab366a27fe4c8a95ca93aa3,9533,,,true
P02_BLACK_E_000016,P02,BLACK,E,image_000016.jpg,training/P02/BLACK/E/images/image_000016.jpg,6cc140aab29c12ebb7897d28b9760a6117c8a552a98ad59defe0dd42530ee370,9367,,,true
P02_BLACK_E_000017,P02,BLACK,E,image_000017.jpg,training/P02/BLACK/E/images/image_000017.jpg,6ceb10a63d9f8f487e9447e65c97e7c6959a2ffac31e7bb2c4a0ac09360e5abc,9173,,,true
P02_BLACK_E_000018,P02,BLACK,E,image_000018.jpg,training/P02/BLACK/E/images/image_000018.jpg,c7bd1f0e248099e45dc4900a81baf086ac3101597a30dde969addbc38063cd92,9177,,,true
P02_BLACK_E_000019,P02,BLACK,E,image_000019.jpg,training/P02/BLACK/E/images/image_000019.jpg,61ab3e42620c118de3db9eaa6dc5ae6933e6e1ab54bec5a9df96907d32d61e60,9276,,,true
P02_BLACK_E_000020,P02,BLACK,E,image_000020.jpg,training/P02/BLACK/E/images/image_000020.jpg,165c92abfcc2fab57e9263d236c4b2179cc47e07da6d8138e8097a55907cdd33,9408,,,true
P02_BLACK_E_000021,P02,BLACK,E,image_000021.jpg,training/P02/BLACK/E/images/image_000021.jpg,6fd78317266f9568f34881326598f6d05393cd1a1e37313c206507dc7b7d4857,8558,,,true
P02_BLACK_E_000022,P02,BLACK,E,image_000022.jpg,training/P02/BLACK/E/images/image_000022.jpg,4b7eef88635a3e20fc00cfecc2134daeb64b783f7b27494ef9f71a8e570767a9,10299,,,true
P02_BLACK_E_000023,P02,BLACK,E,image_000023.jpg,training/P02/BLACK/E/images/image_000023.jpg,58baa0a019aeca810c82bca2f9460811d4e9a63825e40a6885d06a0c2ee7a75b,9646,,,true
P02_BLACK_E_000024,P02,BLACK,E,image_000024.jpg,training/P02/BLACK/E/images/image_000024.jpg,cbad365bc1b63a5a71ae4200a5904ba1269316ff9265ab04ffd9c5153df4915c,9178,,,true
P02_BLACK_E_000025,P02,BLACK,E,image_000025.jpg,training/P02/BLACK/E/images/image_000025.jpg,2980631c71b14970ff3019e973ba26d1efc48dde3c97ab9c4c73616a6023df37,9463,,,true
P02_BLACK_I_000001,P02,BLACK,I,image_000001.jpg,training/P02/BLACK/I/images/image_000001.jpg,8746251cbc62fe003f0cc638b4ee4acc113d8668958d4de512ef2556627d6dcf,8522,,,true
P02_BLACK_I_000002,P02,BLACK,I,image_000002.jpg,training/P02/BLACK/I/images/image_000002.jpg,c42a8951e970eff0f28cb8c6341916282a9a4e3e29cf95196d08784391cda6c7,8905,,,true
P02_BLACK_I_000003,P02,BLACK,I,image_000003.jpg,training/P02/BLACK/I/images/image_000003.jpg,21d0b6ad7b887cfe400606246a003ac1ac6accd4f08d3508c3ceb0f8df89d17a,9075,,,true
P02_BLACK_I_000004,P02,BLACK,I,image_000004.jpg,training/P02/BLACK/I/images/image_000004.jpg,44ddee3078d930d970938778f94daa36ea439da46ef61b3d4ce2eb2f8cc6e731,9101,,,true
P02_BLACK_I_000005,P02,BLACK,I,image_000005.jpg,training/P02/BLACK/I/images/image_000005.jpg,6506bca907e11833a0e46f4273dcf58bcea9b01e1cf65b6bd0cdacbeb9051bb3,8126,,,true
P02_BLACK_I_000006,P02,BLACK,I,image_000006.jpg,training/P02/BLACK/I/images/image_000006.jpg,5a2efa513ad3c354fef4ee46550e43a8cd04a8d055237075de5cec454856c349,8627,,,true
P02_BLACK_I_000007,P02,BLACK,I,image_000007.jpg,training/P02/BLACK/I/images/image_000007.jpg,61bde38ca937a97c37f60f57c5afbfbfade5e014d6056149a02ae1aec1031341,8520,,,true
P02_BLACK_I_000008,P02,BLACK,I,image_000008.jpg,training/P02/BLACK/I/images/image_000008.jpg,a3cbe387a9207bae51db0a4e506edb209cf155e5bda9b6e54f63dd27e7cb8c39,9629,,,true
P02_BLACK_I_000009,P02,BLACK,I,image_000009.jpg,training/P02/BLACK/I/images/image_000009.jpg,a50d5ec13d2d87001d23ad3d67f7c144a30be79c10cba443fd72e0e2205efb4e,9774,,,true
P02_BLACK_I_000010,P02,BLACK,I,image_000010.jpg,training/P02/BLACK/I/images/image_000010.jpg,27f2638fd322c471ed9f4f84123b88c1a336e261f00620fbd597b19941cfe958,9339,,,true
P02_BLACK_I_000011,P02,BLACK,I,image_000011.jpg,training/P02/BLACK/I/images/image_000011.jpg,22b54c9e331bdb8c4165706f83e34c9fccb78b91b3e30d5974b9380c8b039367,9708,,,true
P02_BLACK_I_000012,P02,BLACK,I,image_000012.jpg,training/P02/BLACK/I/images/image_000012.jpg,6d0aed8148098dc430dcab9c5ce6d9f5e46005903b6b7e9fd24b86f95ef52875,8433,,,true
P02_BLACK_I_000013,P02,BLACK,I,image_000013.jpg,training/P02/BLACK/I/images/image_000013.jpg,1d9a961758188136037c69ea548c749be467b4bbb095a5175ea792b640847825,8154,,,true
P02_BLACK_I_000014,P02,BLACK,I,image_000014.jpg,training/P02/BLACK/I/images/image_000014.jpg,6e7a973b0abb1f9009add9cc2dda0839688c2b9d901f432692a6f5b8f5909ce2,9308,,,true
P02_BLACK_I_000015,P02,BLACK,I,image_000015.jpg,training/P02/BLACK/I/images/image_000015.jpg,49c3edf9ad9bdd5768cb5606cd69671a5f15e42ae8556c2c2ded197635d203c9,9375,,,true
P02_BLACK_I_000016,P02,BLACK,I,image_000016.jpg,training/P02/BLACK/I/images/image_000016.jpg,34222491f7b61e73637540ca44a60f4126206a680d1b76954fd61470e24adfef,7546,,,true
P02_BLACK_I_000017,P02,BLACK,I,image_000017.jpg,training/P02/BLACK/I/images/image_000017.jpg,8b103759458528a3c300b3637f2ae996be79a0354f86cb0bb5ef266b54dd4225,9191,,,true
P02_BLACK_I_000018,P02,BLACK,I,image_000018.jpg,training/P02/BLACK/I/images/image_000018.jpg,e9960b7c1e2cc0d89343f2e06a0486286b3a85b8347a88260efda7ef940df4f6,9776,,,true
P02_BLACK_I_000019,P02,BLACK,I,image_000019.jpg,training/P02/BLACK/I/images/image_000019.jpg,9d062d43262599ed4d5ea0479bb8aee4eb3956c9e0859a1e9a9272a7647a7f09,8717,,,true
P02_BLACK_I_000020,P02,BLACK,I,image_000020.jpg,training/P02/BLACK/I/images/image_000020.jpg,270e3d4d12fb3921364cedd703db9849213f2c9cfe8473774a9ca0f8b1b6070e,8762,,,true
P02_BLACK_I_000021,P02,BLACK,I,image_000021.jpg,training/P02/BLACK/I/images/image_000021.jpg,254686a537df4d92334eb2351dbcdff9351a26a2665a25c3b57a85abe35727a4,9128,,,true
P02_BLACK_I_000022,P02,BLACK,I,image_000022.jpg,training/P02/BLACK/I/images/image_000022.jpg,b396b0b2cdaa44fea4373efeaba07d055b2ccd6f3e653ecf03c8ebc162dad12f,8608,,,true
P02_BLACK_I_000023,P02,BLACK,I,image_000023.jpg,training/P02/BLACK/I/images/image_000023.jpg,11dea7975b4366b77f9212886f33c20c46c48425e3bfa85e563f64c70e89ba20,8547,,,true
P02_BLACK_I_000024,P02,BLACK,I,image_000024.jpg,training/P02/BLACK/I/images/image_000024.jpg,4506022653f7b400c6a2658552acf11446e9905f03e220ae8be6ae40927ef354,8719,,,true
P02_BLACK_I_000025,P02,BLACK,I,image_000025.jpg,training/P02/BLACK/I/images/image_000025.jpg,3f81ef533f41492e0fdbda22889d52cc80d3dece2ce412ac5716f2657e5265c7,8462,,,true
P02_BLACK_L_000001,P02,BLACK,L,image_000001.jpg,training/P02/BLACK/L/images/image_000001.jpg,7dde8b0ab0bf5124abcdbbc3cecb592d61900d31002b12eeb331d95edf8bc478,9685,,,true
P02_BLACK_L_000002,P02,BLACK,L,image_000002.jpg,training/P02/BLACK/L/images/image_000002.jpg,8e6c7e3424640745bd1cfd4aed3794d2691047674ebf61739b15c13d50948fb3,9683,,,true
P02_BLACK_L_000003,P02,BLACK,L,image_000003.jpg,training/P02/BLACK/L/images/image_000003.jpg,34f3fc9e2098b68a48e344d6342c91d9e9409929cf296ab8a78e90282207e4b8,9142,,,true
P02_BLACK_L_000004,P02,BLACK,L,image_000004.jpg,training/P02/BLACK/L/images/image_000004.jpg,d9a727adb9d654dbc76bf99eb083bcae561e77207be65b3d168c2e43aca11a31,8868,,,true
P02_BLACK_L_000005,P02,BLACK,L,image_000005.jpg,training/P02/BLACK/L/images/image_000005.jpg,8b14287b2bef14431551aa64054235015116070a0dd7516f6f24481d5ffc4eeb,8600,,,true
P02_BLACK_L_000006,P02,BLACK,L,image_000006.jpg,training/P02/BLACK/L/images/image_000006.jpg,fe3a26e0646b1bfb5ecc82d7659a37b5c1b1b5b8aec6d70e6405b7c0e785c573,8822,,,true
P02_BLACK_L_000007,P02,BLACK,L,image_000007.jpg,training/P02/BLACK/L/images/image_000007.jpg,0ed8079adc3d4f899d0cbb765040107a29815a8cc8eb26d79cd3185d0b273555,9256,,,true
P02_BLACK_L_000008,P02,BLACK,L,image_000008.jpg,training/P02/BLACK/L/images/image_000008.jpg,6076da9256386295ded0ea7dd57d699c583eabc526c31436971c81102bdc0943,9437,,,true
P02_BLACK_L_000009,P02,BLACK,L,image_000009.jpg,training/P02/BLACK/L/images/image_000009.jpg,25e178b9296a44aabb057d8a753ff23df5942926e39a2b6cff936650b51763f2,8494,,,true
P02_BLACK_L_000010,P02,BLACK,L,image_000010.jpg,training/P02/BLACK/L/images/image_000010.jpg,6374fdb48fe3e91c879b66dfea921ac2cbe7877bf7752608131ccdd6cd4fce84,8892,,,true
P02_BLACK_L_000011,P02,BLACK,L,image_000011.jpg,training/P02/BLACK/L/images/image_000011.jpg,310a6a588bb7a968bc1c27e1b0efbf6d3f9ca83d7bf9659564a6ce1698fc8fd1,8930,,,true
P02_BLACK_L_000012,P02,BLACK,L,image_000012.jpg,training/P02/BLACK/L/images/image_000012.jpg,c8ed6ee3993ca685e45156f4a194de02238d995e68226255506815df6d30d6b9,8954,,,true
P02_BLACK_L_000013,P02,BLACK,L,image_000013.jpg,training/P02/BLACK/L/images/image_000013.jpg,9d4170846b710c90803c7cc134f6cf54c12c1857f30ce88596f5f4690a970ea8,9592,,,true
P02_BLACK_L_000014,P02,BLACK,L,image_000014.jpg,training/P02/BLACK/L/images/image_000014.jpg,0be258eddb90e39d4d49e2a616db7e8f93932d0169c39b9bc09b3bb85bad3064,9292,,,true
P02_BLACK_L_000015,P02,BLACK,L,image_000015.jpg,training/P02/BLACK/L/images/image_000015.jpg,cfc14268a74a6d0332671e78cd1439aed10ae548123661c50bbaeb4fac708e43,9210,,,true
P02_BLACK_L_000016,P02,BLACK,L,image_000016.jpg,training/P02/BLACK/L/images/image_000016.jpg,004bd725461af798bc41377941bebdcf3adbec37d20e6c96a0f67e2dce827345,9025,,,true
P02_BLACK_L_000017,P02,BLACK,L,image_000017.jpg,training/P02/BLACK/L/images/image_000017.jpg,94ce0c0226169396aa0f78c8501b2cb8891866c7fad7a8686344e69afae6f989,8911,,,true
P02_BLACK_L_000018,P02,BLACK,L,image_000018.jpg,training/P02/BLACK/L/images/image_000018.jpg,0783fa6780fe3ed4a2cd5a9c4077a67e35827a2eb29737ca461ca43de666a00b,8806,,,true
P02_BLACK_L_000019,P02,BLACK,L,image_000019.jpg,training/P02/BLACK/L/images/image_000019.jpg,f996db1c88bb7066799423face8fb3bb39074376fa70e30e10035b7176c2a241,9330,,,true
P02_BLACK_L_000020,P02,BLACK,L,image_000020.jpg,training/P02/BLACK/L/images/image_000020.jpg,2fd02c06fab82b5e493525d07ac324f3a7ef52424b3e469eb2bfe91a5b871c74,9319,,,true
P02_BLACK_L_000021,P02,BLACK,L,image_000021.jpg,training/P02/BLACK/L/images/image_000021.jpg,9d964a9dedd49b2aaf3180d5f328c5e82f53b4db5537b577612b4928cf6992c0,9676,,,true
P02_BLACK_L_000022,P02,BLACK,L,image_000022.jpg,training/P02/BLACK/L/images/image_000022.jpg,8a8ebed7bc69bf5bf8987cc1aa66cb83ceb80fd4fff733bb72533e7c89ed0b31,8475,,,true
P02_BLACK_L_000023,P02,BLACK,L,image_000023.jpg,training/P02/BLACK/L/images/image_000023.jpg,72f4e54b4c2ae7e053b239ea20fa9eb843c632de8536fb13b3ec4035f6dca85e,8440,,,true
P02_BLACK_L_000024,P02,BLACK,L,image_000024.jpg,training/P02/BLACK/L/images/image_000024.jpg,452c7eec143d62d220cbd077eb840a2131a6646e393890583701f5fbeaa4cee8,8388,,,true
P02_BLACK_L_000025,P02,BLACK,L,image_000025.jpg,training/P02/BLACK/L/images/image_000025.jpg,f0af3f2b7057a003442b14977b4140d78ab6fd58c37a212525838e5a2f42f5da,8703,,,true
P02_BLACK_M_000001,P02,BLACK,M,image_000001.jpg,training/P02/BLACK/M/images/image_000001.jpg,b1159db336ca1ca698bdc63fd34613daa14a0d5c681dc8b89f6f0c2a1ac8000d,8831,,,true
P02_BLACK_M_000002,P02,BLACK,M,image_000002.jpg,training/P02/BLACK/M/images/image_000002.jpg,160b500a2db0fb5d96d50ac9f99ead347913a339850d77bda8279846dc65cad2,8535,,,true
P02_BLACK_M_000003,P02,BLACK,M,image_000003.jpg,training/P02/BLACK/M/images/image_000003.jpg,2b850907d5adf0884b35af4766b3a9ce01a1881ed0fc72e3ce166d9c3fcfe4f8,9031,,,true
P02_BLACK_M_000004,P02,BLACK,M,image_000004.jpg,training/P02/BLACK/M/images/image_000004.jpg,7e2a89e8d9438f1a1f176fea9739ae5d36feb72d0fa5793eb88000811f08a550,8576,,,true
P02_BLACK_M_000005,P02,BLACK,M,image_000005.jpg,training/P02/BLACK/M/images/image_000005.jpg,6214af9e83f83fed30cd177120b4229a7f17775e6368e8016f8b09ee49fd33cc,8303,,,true
P02_BLACK_M_000006,P02,BLACK,M,image_000006.jpg,training/P02/BLACK/M/images/image_000006.jpg,7f21356f879b15058752e3accc1e0b467ec7ee153db57b04f03ba5a9e4b6c6ac,7861,,,true
P02_BLACK_M_000007,P02,BLACK,M,image_000007.jpg,training/P02/BLACK/M/images/image_000007.jpg,a37d1ddee804cc97a8e048e4b3a2580bfd8537faa4f0855a8a6374bb87cbb3be,8259,,,true
P02_BLACK_M_000008,P02,BLACK,M,image_000008.jpg,training/P02/BLACK/M/images/image_000008.jpg,3afa14870d70f16d3951a99e42d930e391d0dad1ccf1dbeb59cdb974c4a5aed0,8524,,,true
P02_BLACK_M_000009,P02,BLACK,M,image_000009.jpg,training/P02/BLACK/M/images/image_000009.jpg,7856f16240983837f46bd5fe0e49b0ffcae2bc431c046fef4774b54cdeb1f226,8417,,,true
P02_BLACK_M_000010,P02,BLACK,M,image_000010.jpg,training/P02/BLACK/M/images/image_000010.jpg,bfe8e776d6ded947d35be3da385a9a7bebe6597756b00a5d882f9a2446e27046,8564,,,true
P02_BLACK_M_000011,P02,BLACK,M,image_000011.jpg,training/P02/BLACK/M/images/image_000011.jpg,94a85cb6d7d64349992777cad393c39c56f0d4497df0b7fc7cef0fec4fb8be1b,9178,,,true
P02_BLACK_M_000012,P02,BLACK,M,image_000012.jpg,training/P02/BLACK/M/images/image_000012.jpg,f09a49c2d3cc6a9d6fcb1219b7f3ad8dd539cd069e6c742d7fe000ddf633daed,8661,,,true
P02_BLACK_M_000013,P02,BLACK,M,image_000013.jpg,training/P02/BLACK/M/images/image_000013.jpg,4f1c3e81ae7049eb795a9c120b819f77f38832e5d8a2e10823926a76a2ae3948,8362,,,true
P02_BLACK_M_000014,P02,BLACK,M,image_000014.jpg,training/P02/BLACK/M/images/image_000014.jpg,ef0dbf0a465cf782a292776572a53f0abebac087688f74ff492b1b9e8e7e7a05,8247,,,true
P02_BLACK_M_000015,P02,BLACK,M,image_000015.jpg,training/P02/BLACK/M/images/image_000015.jpg,345fb7504bbef27756db1a0aba1669ac595ae3bb1aaf69c9d73378692816a413,8320,,,true
P02_BLACK_M_000016,P02,BLACK,M,image_000016.jpg,training/P02/BLACK/M/images/image_000016.jpg,026733891b26a103c32951a5e548c0280c30fbd636b5f457c79bc13734695afe,8256,,,true
P02_BLACK_M_000017,P02,BLACK,M,image_000017.jpg,training/P02/BLACK/M/images/image_000017.jpg,c05c3d847ae8053bce1b1ce1f5aaacdcbb753de8f116c67572f9a3dd6e08f464,8541,,,true
P02_BLACK_M_000018,P02,BLACK,M,image_000018.jpg,training/P02/BLACK/M/images/image_000018.jpg,c38d87f213e8ceb8a7c0895122a0fe84da622ca4b15ff28fc69374d99f626b88,8650,,,true
P02_BLACK_M_000019,P02,BLACK,M,image_000019.jpg,training/P02/BLACK/M/images/image_000019.jpg,540ec22bcbc285fd5b92b95cff30c106ab4378417f71614a9f80f900dc001a58,8717,,,true
P02_BLACK_M_000020,P02,BLACK,M,image_000020.jpg,training/P02/BLACK/M/images/image_000020.jpg,81aebb8b9475f4e64f63b702a97cbcc60cc7cfc0a73f550d5862670566d25fe5,8367,,,true
P02_BLACK_M_000021,P02,BLACK,M,image_000021.jpg,training/P02/BLACK/M/images/image_000021.jpg,12aba044c137d42116bf352105c34934b8f3c40a0722135f68acb42dac23fdf6,8135,,,true
P02_BLACK_M_000022,P02,BLACK,M,image_000022.jpg,training/P02/BLACK/M/images/image_000022.jpg,4a9129190cc9bc1abb6eab08428f6336b3a384f4a91db6d49b1284febb813008,8824,,,true
P02_BLACK_M_000023,P02,BLACK,M,image_000023.jpg,training/P02/BLACK/M/images/image_000023.jpg,236367424acee2f0a5b72b8c9526e5b00d6fac95361ce335ef7d0f63398ff3c4,8357,,,true
P02_BLACK_M_000024,P02,BLACK,M,image_000024.jpg,training/P02/BLACK/M/images/image_000024.jpg,f7970287dde34a46d04a1651bf66724337fda2ace9775bce4550a9e3a5a041fa,8640,,,true
P02_BLACK_M_000025,P02,BLACK,M,image_000025.jpg,training/P02/BLACK/M/images/image_000025.jpg,aac9166d0665e99138cbd5c73ee2f0e06d729e54b7151d05fdaa667a52b0fd07,8945,,,true
P02_BLACK_N_000001,P02,BLACK,N,image_000001.jpg,training/P02/BLACK/N/images/image_000001.jpg,253a638be2adb577e72a4a76468f6b43ee20c7af8c8db9f8854c89dca40f6ce0,9535,,,true
P02_BLACK_N_000002,P02,BLACK,N,image_000002.jpg,training/P02/BLACK/N/images/image_000002.jpg,c0b98bbb10be58d03ff844cb7c81cbba21374a565270c9272dda5c95ff8be181,9771,,,true
P02_BLACK_N_000003,P02,BLACK,N,image_000003.jpg,training/P02/BLACK/N/images/image_000003.jpg,eb37bca7542cd96dec494bd40832164fe085fa899cbd1c462952e91be489c2d5,9873,,,true
P02_BLACK_N_000004,P02,BLACK,N,image_000004.jpg,training/P02/BLACK/N/images/image_000004.jpg,31c65a737060a3cf1f8b2fafaab289883aa4188078b35a071fd282b74979245a,10120,,,true
P02_BLACK_N_000005,P02,BLACK,N,image_000005.jpg,training/P02/BLACK/N/images/image_000005.jpg,0c6565eead00ae914890c24bf56c10580610acd0be8f623f48065e9e9adb2b61,9991,,,true
P02_BLACK_N_000006,P02,BLACK,N,image_000006.jpg,training/P02/BLACK/N/images/image_000006.jpg,68bfa510c32e1c07af25a9dc741606b70e18d0717c915bb4a6327c40123f760b,9762,,,true
P02_BLACK_N_000007,P02,BLACK,N,image_000007.jpg,training/P02/BLACK/N/images/image_000007.jpg,ec1ada6be3a009d3ae76ade472cf43166beb316080b2287183247481fdbced36,9983,,,true
P02_BLACK_N_000008,P02,BLACK,N,image_000008.jpg,training/P02/BLACK/N/images/image_000008.jpg,f1a8b6776446ccb93aed9b4021956d60922fb62f6bc220a97b94d05894bd4612,9794,,,true
P02_BLACK_N_000009,P02,BLACK,N,image_000009.jpg,training/P02/BLACK/N/images/image_000009.jpg,6854347e2515edd54cfccfd9b279169323c5e3d910abe7c88991355c3512c04a,10048,,,true
P02_BLACK_N_000010,P02,BLACK,N,image_000010.jpg,training/P02/BLACK/N/images/image_000010.jpg,4cbb93fb3150b79ce49477c2fe5a23dc5198c748ddca2ef50875f829ee5d92ce,9578,,,true
P02_BLACK_N_000011,P02,BLACK,N,image_000011.jpg,training/P02/BLACK/N/images/image_000011.jpg,24b7541fe4016fdb40c30277e5a0ef7a14cde3774c6638974cd1554c37598adb,9856,,,true
P02_BLACK_N_000012,P02,BLACK,N,image_000012.jpg,training/P02/BLACK/N/images/image_000012.jpg,aeb3af062a885642a5ccfff9d4277fe02ca1bb471680421179115acf6110b922,10182,,,true
P02_BLACK_N_000013,P02,BLACK,N,image_000013.jpg,training/P02/BLACK/N/images/image_000013.jpg,f021de49ff6dac450efe5cd7bc5611362c2f10e111a09e4b920a21b9449b1ab5,9777,,,true
P02_BLACK_N_000014,P02,BLACK,N,image_000014.jpg,training/P02/BLACK/N/images/image_000014.jpg,04d0ff1216861e77f41e446e7c0e194133c6738b779556a157b107de91b3dd6b,9868,,,true
P02_BLACK_N_000015,P02,BLACK,N,image_000015.jpg,training/P02/BLACK/N/images/image_000015.jpg,5306fb9795811365de1644ee3cda715bf9f48d3f74a9b464d384932f734d7d10,9629,,,true
P02_BLACK_N_000016,P02,BLACK,N,image_000016.jpg,training/P02/BLACK/N/images/image_000016.jpg,8aaae6e1df3ba445a485d29d678e305fa7a0221622d655c8281d5a5fc90ce2df,9571,,,true
P02_BLACK_N_000017,P02,BLACK,N,image_000017.jpg,training/P02/BLACK/N/images/image_000017.jpg,5454772bcddc4a7b6b43c1b8697e4a29f73723711a953234269a83673005a820,9544,,,true
P02_BLACK_N_000018,P02,BLACK,N,image_000018.jpg,training/P02/BLACK/N/images/image_000018.jpg,05e02fc60ea396c2222591e0ea435982e2764aab33f19fee1bf4c152e9449b33,9526,,,true
P02_BLACK_N_000019,P02,BLACK,N,image_000019.jpg,training/P02/BLACK/N/images/image_000019.jpg,bba83dd9563f5d087df08327dc47b45187229546104cc676394e9fd660cab14a,8850,,,true
P02_BLACK_N_000020,P02,BLACK,N,image_000020.jpg,training/P02/BLACK/N/images/image_000020.jpg,880599d08effa9f238c9f74c55ab841d3d0f8eaf3e12cc31d375bce4a8464449,8397,,,true
P02_BLACK_N_000021,P02,BLACK,N,image_000021.jpg,training/P02/BLACK/N/images/image_000021.jpg,c4c54835481337f8dd13b511ba09bc481cb52b999892b1d1c07ee238fec50193,9563,,,true
P02_BLACK_N_000022,P02,BLACK,N,image_000022.jpg,training/P02/BLACK/N/images/image_000022.jpg,def4834cd288c9a6d02f1e512ce8c3059c426238cf30e9b0224fc0aefb2172e4,9678,,,true
P02_BLACK_N_000023,P02,BLACK,N,image_000023.jpg,training/P02/BLACK/N/images/image_000023.jpg,eaaf8ff9cbe79045a9c1c6695fd95fbc155cf275dced8366203bb77a35b732f0,9285,,,true
P02_BLACK_N_000024,P02,BLACK,N,image_000024.jpg,training/P02/BLACK/N/images/image_000024.jpg,374ac3b9cc3cb78070032d9b0bdc451f4a726c6bfe633c128a6381c887d39964,9775,,,true
P02_BLACK_N_000025,P02,BLACK,N,image_000025.jpg,training/P02/BLACK/N/images/image_000025.jpg,4c27e22ef651857995b1c66eb8867b56605f0809d7ec1c9164a0162bf9a12bca,9972,,,true
P02_BLACK_O_000001,P02,BLACK,O,image_000001.jpg,training/P02/BLACK/O/images/image_000001.jpg,65df7ad30a42f39fde0163716b469fc7e805a1dbc2aec66dafa920539b3f75a1,9272,,,true
P02_BLACK_O_000002,P02,BLACK,O,image_000002.jpg,training/P02/BLACK/O/images/image_000002.jpg,fddf9dcc1d6ea38e70649dda7e9bbc4f959a0789eb4d7c66f2ca196d4c7e6c35,9067,,,true
P02_BLACK_O_000003,P02,BLACK,O,image_000003.jpg,training/P02/BLACK/O/images/image_000003.jpg,b4a750125121d6333d319da0dcd827b4d40fd84f72d46b7b0d8d8dd94418f02c,9334,,,true
P02_BLACK_O_000004,P02,BLACK,O,image_000004.jpg,training/P02/BLACK/O/images/image_000004.jpg,b3b697bff3a83b88cc5370865ab9169663fd8330d8aaac5d9accf0d08d4961bf,9607,,,true
P02_BLACK_O_000005,P02,BLACK,O,image_000005.jpg,training/P02/BLACK/O/images/image_000005.jpg,35e5f417c7decc9371c8243dd7d8188abddbbc06733071211c324614cdf8baf0,9508,,,true
P02_BLACK_O_000006,P02,BLACK,O,image_000006.jpg,training/P02/BLACK/O/images/image_000006.jpg,42e9d8b9a39dd68ffaa814eaa4a45bd51dfb06617f6caff6d1ea09decdfdff08,9729,,,true
P02_BLACK_O_000007,P02,BLACK,O,image_000007.jpg,training/P02/BLACK/O/images/image_000007.jpg,7a6d5e363872e6d7583e4be9b2a5361ae75673e2f03212740bb2016573d8b943,9407,,,true
P02_BLACK_O_000008,P02,BLACK,O,image_000008.jpg,training/P02/BLACK/O/images/image_000008.jpg,8f31c270acda4f1190eeafac39855c65e9ba9654dcce3660a1f59388820f11d7,8946,,,true
P02_BLACK_O_000009,P02,BLACK,O,image_000009.jpg,training/P02/BLACK/O/images/image_000009.jpg,6544d2fcf5d5b927b5eb65d1cdfd8727338ae87ec88fa2ddd44e52435f1b1a16,9269,,,true
P02_BLACK_O_000010,P02,BLACK,O,image_000010.jpg,training/P02/BLACK/O/images/image_000010.jpg,3fdd50a3fb303b69de08946106579e0a2f7d83f5009cd967cdc0ede67c5cc3f7,9433,,,true
P02_BLACK_O_000011,P02,BLACK,O,image_000011.jpg,training/P02/BLACK/O/images/image_000011.jpg,b4061ed8f127a1b921fc50c1f288fac27a4671b20ef1c43b02815365f8cfab37,9424,,,true
P02_BLACK_O_000012,P02,BLACK,O,image_000012.jpg,training/P02/BLACK/O/images/image_000012.jpg,7c39c2d20aa7f32f5cbeb9a76013c95e4c3bba594ad1c310db62f49d0d6a4c97,9529,,,true
P02_BLACK_O_000013,P02,BLACK,O,image_000013.jpg,training/P02/BLACK/O/images/image_000013.jpg,e096d09fce26b5c357553ce23789f3949cffc1afdd27b4c626e20536e5a89d4a,9501,,,true
P02_BLACK_O_000014,P02,BLACK,O,image_000014.jpg,training/P02/BLACK/O/images/image_000014.jpg,695fd52bd7e5f9ca835aa322fe801dab2cd34f3cac1904bb4d36a911c8a1f34b,9368,,,true
P02_BLACK_O_000015,P02,BLACK,O,image_000015.jpg,training/P02/BLACK/O/images/image_000015.jpg,006e06e10fdd6eb24d99f49112ec2c50d3ebe132553afd939f9fd21fa9c68e45,9304,,,true
P02_BLACK_O_000016,P02,BLACK,O,image_000016.jpg,training/P02/BLACK/O/images/image_000016.jpg,ceed86002919145c331fed4d687fa3ce1771b2a420cf4c1edf0b4d804a00c53c,9141,,,true
P02_BLACK_O_000017,P02,BLACK,O,image_000017.jpg,training/P02/BLACK/O/images/image_000017.jpg,c9503ddfa24c17921e4adbfff070d6f1d8e22d676abbca93cddc65ff8bd25e25,9250,,,true
P02_BLACK_O_000018,P02,BLACK,O,image_000018.jpg,training/P02/BLACK/O/images/image_000018.jpg,3061a0c7ce071438bdf562593b9098c5619e6afe892f41667e4817116cc87d26,8874,,,true
P02_BLACK_O_000019,P02,BLACK,O,image_000019.jpg,training/P02/BLACK/O/images/image_000019.jpg,3552caedc942dca174857d8ef30ebd617876bdc0cb111aa617eaa270a3e05dad,8899,,,true
P02_BLACK_O_000020,P02,BLACK,O,image_000020.jpg,training/P02/BLACK/O/images/image_000020.jpg,ce237f188067420d6aeda3264cc0a81667173c945e6d337df2999b6d5d6a2214,8416,,,true
P02_BLACK_O_000021,P02,BLACK,O,image_000021.jpg,training/P02/BLACK/O/images/image_000021.jpg,a98743cfc4f8d17a6c86bb6d97f5f63c321b7583859652bca185a418d7b61ccd,9123,,,true
P02_BLACK_O_000022,P02,BLACK,O,image_000022.jpg,training/P02/BLACK/O/images/image_000022.jpg,22b2d142152afb3e7743ee82b14819e02ea0b4d469d48ddf7a0d5d4a51f4be0a,9303,,,true
P02_BLACK_O_000023,P02,BLACK,O,image_000023.jpg,training/P02/BLACK/O/images/image_000023.jpg,cb82a5b187bc4df4736959e785bd009d6e546b9b84bc450236ef8408026a8d48,9817,,,true
P02_BLACK_O_000024,P02,BLACK,O,image_000024.jpg,training/P02/BLACK/O/images/image_000024.jpg,8c03b17c1bc43069375e2d37da3fb83c293b672526bf9e2604a61cf51e7b4c6f,9565,,,true
P02_BLACK_O_000025,P02,BLACK,O,image_000025.jpg,training/P02/BLACK/O/images/image_000025.jpg,d07a55e938c540aac6c9d3b6126b28a9ef7e9855d178970230af84e7cf45ef44,9235,,,true
P02_BLACK_P_000001,P02,BLACK,P,image_000001.jpg,training/P02/BLACK/P/images/image_000001.jpg,deff83621530fd9d57ff3f1787a74d2a5951566f5412aa670bf5f12961b2fe52,9050,,,true
P02_BLACK_P_000002,P02,BLACK,P,image_000002.jpg,training/P02/BLACK/P/images/image_000002.jpg,def47685a4665a661513e4da076d5386f1c16d30934f450c02d94bf4cc49b4aa,9121,,,true
P02_BLACK_P_000003,P02,BLACK,P,image_000003.jpg,training/P02/BLACK/P/images/image_000003.jpg,5b7164f6313a0b448b880be159393f9d149a4aa5466a04288a7706e3e3683d0d,9164,,,true
P02_BLACK_P_000004,P02,BLACK,P,image_000004.jpg,training/P02/BLACK/P/images/image_000004.jpg,d0cb86e66013f92ea6850916baed72bc1477d59578524a73136d92e5cd0843b8,8787,,,true
P02_BLACK_P_000005,P02,BLACK,P,image_000005.jpg,training/P02/BLACK/P/images/image_000005.jpg,976bfd72f169b301897189df92c2647c69923dd1c0ca7b148dd8bdff450c99da,8975,,,true
P02_BLACK_P_000006,P02,BLACK,P,image_000006.jpg,training/P02/BLACK/P/images/image_000006.jpg,cf553975ab784a52c30e207d63b5522690569c083a0c331a56372b171431d547,9947,,,true
P02_BLACK_P_000007,P02,BLACK,P,image_000007.jpg,training/P02/BLACK/P/images/image_000007.jpg,3ee9908472691e0a804455e37d7687d50b6c25a95c575f9780deb0013dbb5e8a,9024,,,true
P02_BLACK_P_000008,P02,BLACK,P,image_000008.jpg,training/P02/BLACK/P/images/image_000008.jpg,5e44ea71d33b41b23a9888c6adddb72e7cd88e643bc2d7517fe2b71aaa78fa5b,8503,,,true
P02_BLACK_P_000009,P02,BLACK,P,image_000009.jpg,training/P02/BLACK/P/images/image_000009.jpg,002a6e4aa1620b8a8c2f037902e6fa5097d71f5e04276cabf834e0737fcb622f,8519,,,true
P02_BLACK_P_000010,P02,BLACK,P,image_000010.jpg,training/P02/BLACK/P/images/image_000010.jpg,39743437b77972475964a359d4b618c89c62889937b45a1dd11f2bfd381e9d6b,8821,,,true
P02_BLACK_P_000011,P02,BLACK,P,image_000011.jpg,training/P02/BLACK/P/images/image_000011.jpg,57f818d125a949dd79a94deae4637eded7bb5eefdffd38eb26471ea240f510fd,9943,,,true
P02_BLACK_P_000012,P02,BLACK,P,image_000012.jpg,training/P02/BLACK/P/images/image_000012.jpg,e37fedbd9b214afda673a900f12e29716190fbbfd3a2a596083e822e5ad84e31,8784,,,true
P02_BLACK_P_000013,P02,BLACK,P,image_000013.jpg,training/P02/BLACK/P/images/image_000013.jpg,355f139e60aa3d2128e4f58e865ca9d13595819658956c2aec49ec4e4fcc5298,9237,,,true
P02_BLACK_P_000014,P02,BLACK,P,image_000014.jpg,training/P02/BLACK/P/images/image_000014.jpg,ac8b45a4af74d16062a681889438c6419097f4fe429a3addf3782ec9065e0a8e,9212,,,true
P02_BLACK_P_000015,P02,BLACK,P,image_000015.jpg,training/P02/BLACK/P/images/image_000015.jpg,4868f2d2f6d4b89aefb13d062015439d6e4c0c9ab2f60f0d28478cc5067102c3,9756,,,true
P02_BLACK_P_000016,P02,BLACK,P,image_000016.jpg,training/P02/BLACK/P/images/image_000016.jpg,de8a3febae4d578348b9550aceeee52f7c1d995cc2f6df83e4d5869fe5540a53,9521,,,true
P02_BLACK_P_000017,P02,BLACK,P,image_000017.jpg,training/P02/BLACK/P/images/image_000017.jpg,0a9625a6845461609db5c6e7587d3dcccc21fb3f472f4fdc4d151cd85da1c266,8943,,,true
P02_BLACK_P_000018,P02,BLACK,P,image_000018.jpg,training/P02/BLACK/P/images/image_000018.jpg,40670fb1d780d04df98acb375b354a2fd15a74469304f2a8be76959514ebf324,9560,,,true
P02_BLACK_P_000019,P02,BLACK,P,image_000019.jpg,training/P02/BLACK/P/images/image_000019.jpg,6a625b5510116a50009ae6155570679e077dba3286d33bf9b1ac8b73085ed9b1,9758,,,true
P02_BLACK_P_000020,P02,BLACK,P,image_000020.jpg,training/P02/BLACK/P/images/image_000020.jpg,23b3367f5ca7f404ab9a3a9c507776f28503a18b9db3b62ef3efa1d3090f81e7,7949,,,true
P02_BLACK_P_000021,P02,BLACK,P,image_000021.jpg,training/P02/BLACK/P/images/image_000021.jpg,33825c7ce86556322dff7e89c25124aa9a6e2ef62c264f27df4c7c9e32dd94a4,8125,,,true
P02_BLACK_P_000022,P02,BLACK,P,image_000022.jpg,training/P02/BLACK/P/images/image_000022.jpg,2d4ac79825cbf2bd025a194273d7ece419c80345c0ae24e4724d7949f955c331,9003,,,true
P02_BLACK_P_000023,P02,BLACK,P,image_000023.jpg,training/P02/BLACK/P/images/image_000023.jpg,ef733297c57830155adc96555cf44d889f4db7d94c8ef24f9038432931f2a596,8854,,,true
P02_BLACK_P_000024,P02,BLACK,P,image_000024.jpg,training/P02/BLACK/P/images/image_000024.jpg,08ac7b8e992c69fd2bd0b41f9ff5ffd78a8e9b30d26311855387db2d0d86a6e8,9102,,,true
P02_BLACK_P_000025,P02,BLACK,P,image_000025.jpg,training/P02/BLACK/P/images/image_000025.jpg,da322de97afd44531d9dfab18ec15019252bddf025ba225b81b4f7b90a3580e5,9134,,,true
P02_BLACK_R_000001,P02,BLACK,R,image_000001.jpg,training/P02/BLACK/R/images/image_000001.jpg,e30e13ef4b095730573ad620e818272a606132d2e7820e476eacf37c4ae14c18,9606,,,true
P02_BLACK_R_000002,P02,BLACK,R,image_000002.jpg,training/P02/BLACK/R/images/image_000002.jpg,690d04c72e593aca18e4da1da4f195ed474db830a5151a08d163c5999d35ef26,9651,,,true
P02_BLACK_R_000003,P02,BLACK,R,image_000003.jpg,training/P02/BLACK/R/images/image_000003.jpg,ed222ce2b26159ceab815b684562a672c65809e01bdf4452c9671a6c5c868b31,9413,,,true
P02_BLACK_R_000004,P02,BLACK,R,image_000004.jpg,training/P02/BLACK/R/images/image_000004.jpg,9eaa0eb4c0008103238431e2171c3d0dd9db2f15d70b2b3ba65313e9c57189bf,9797,,,true
P02_BLACK_R_000005,P02,BLACK,R,image_000005.jpg,training/P02/BLACK/R/images/image_000005.jpg,939dd3386eec626875b079e9fe9d4247c91d2e01b7b8f51b24632ee053e9dd60,9015,,,true
P02_BLACK_R_000006,P02,BLACK,R,image_000006.jpg,training/P02/BLACK/R/images/image_000006.jpg,665a7efa3c6d1ea2fe3c7919d7fb168df3d055251a4e4aebcd95a21a5e32eea9,8780,,,true
P02_BLACK_R_000007,P02,BLACK,R,image_000007.jpg,training/P02/BLACK/R/images/image_000007.jpg,1c69a9022945c299be2fd733632e638621017129611b823e02bc029dd0152f12,9156,,,true
P02_BLACK_R_000008,P02,BLACK,R,image_000008.jpg,training/P02/BLACK/R/images/image_000008.jpg,71ba911b8657ee5c19b2623539d55e0dfd3456242a2610a1e0a5337477856ab5,9392,,,true
P02_BLACK_R_000009,P02,BLACK,R,image_000009.jpg,training/P02/BLACK/R/images/image_000009.jpg,71f1f52c74f0879b10528ced3599cf5da206693075fe15f7045c9c27f591262f,8883,,,true
P02_BLACK_R_000010,P02,BLACK,R,image_000010.jpg,training/P02/BLACK/R/images/image_000010.jpg,ac74f1ed7635b8d04b54c137c48114fb40a7864d973be8f06ca528a07d176c7d,9221,,,true
P02_BLACK_R_000011,P02,BLACK,R,image_000011.jpg,training/P02/BLACK/R/images/image_000011.jpg,247dff55447740035f0f0034eef76ba06f646c4e91851a783bf62d8cebd22688,9293,,,true
P02_BLACK_R_000012,P02,BLACK,R,image_000012.jpg,training/P02/BLACK/R/images/image_000012.jpg,ac84ae16ecac7b82a903d20243912b0c8eec07cb5176dd0ed1e9f87de2df5d9d,9152,,,true
P02_BLACK_R_000013,P02,BLACK,R,image_000013.jpg,training/P02/BLACK/R/images/image_000013.jpg,c5f51535fdb4d7e329e5768c914d7752aa6e9a9d18709d152b3cfd23a3868ffe,8897,,,true
P02_BLACK_R_000014,P02,BLACK,R,image_000014.jpg,training/P02/BLACK/R/images/image_000014.jpg,ab6e8aebb3650ef40f9f3d02c0d8fa14ec7b599cf86335c6ad471fdaaa9e5b8b,9407,,,true
P02_BLACK_R_000015,P02,BLACK,R,image_000015.jpg,training/P02/BLACK/R/images/image_000015.jpg,2db8bbc06c4f0bbacb4bad6da0e8162c00624cc77eecbe1d9f481ef45b9b3ecc,8702,,,true
P02_BLACK_R_000016,P02,BLACK,R,image_000016.jpg,training/P02/BLACK/R/images/image_000016.jpg,683fa7abf0feb5ad50d12aeacd0f601b944f6b26f42a1f2e95a121866acb7cf6,8771,,,true
P02_BLACK_R_000017,P02,BLACK,R,image_000017.jpg,training/P02/BLACK/R/images/image_000017.jpg,271a720242655e482c7c37071bb0f511491f916c1bb620f2741740ad7a4829e7,8636,,,true
P02_BLACK_R_000018,P02,BLACK,R,image_000018.jpg,training/P02/BLACK/R/images/image_000018.jpg,e6fba9546fcfe212644b418fa0f01a5d1fb0fb75edd8167106ddcc6f9d464636,8611,,,true
P02_BLACK_R_000019,P02,BLACK,R,image_000019.jpg,training/P02/BLACK/R/images/image_000019.jpg,ec51d7f1d4945a1976d04d74b3e2a09ca5ba47ddda0e932c4bff3f3b9f5c496f,9381,,,true
P02_BLACK_R_000020,P02,BLACK,R,image_000020.jpg,training/P02/BLACK/R/images/image_000020.jpg,75c78e387bfc43a393417b8b8b400dc82ca86ca44f03032887e93127d82ccd28,8704,,,true
P02_BLACK_R_000021,P02,BLACK,R,image_000021.jpg,training/P02/BLACK/R/images/image_000021.jpg,f15abae392e8977cccedc86eb1a3799d33b25883665f7866eaa761d1ef1f41f5,8679,,,true
P02_BLACK_R_000022,P02,BLACK,R,image_000022.jpg,training/P02/BLACK/R/images/image_000022.jpg,248ddbabe624dd6715490f43fbf36ca4a12c67fe5479960dfe9a8e325c0fe8aa,8166,,,true
P02_BLACK_R_000023,P02,BLACK,R,image_000023.jpg,training/P02/BLACK/R/images/image_000023.jpg,a3bb2fe300b337d13307f0d6d1034b9a3d4cc5b71b3cc8924a8ee5bf33911ab9,8276,,,true
P02_BLACK_R_000024,P02,BLACK,R,image_000024.jpg,training/P02/BLACK/R/images/image_000024.jpg,a29a036dc59a78d3ef87f8f960d2d291f091b9594743904a5a881f576e72bac5,8083,,,true
P02_BLACK_R_000025,P02,BLACK,R,image_000025.jpg,training/P02/BLACK/R/images/image_000025.jpg,162757a15e0dab438802baa84fce503a39e2050e69bfe176eb0abe7f7fd534e4,8144,,,true
P02_BLACK_S_000001,P02,BLACK,S,image_000001.jpg,training/P02/BLACK/S/images/image_000001.jpg,c1566751c895179f32ea35a6d46c7d3831f16ae67bb87c369d3091140a7c635c,9779,,,true
P02_BLACK_S_000002,P02,BLACK,S,image_000002.jpg,training/P02/BLACK/S/images/image_000002.jpg,49659141e3dbd5731401b993f8d6fa0177e5062992924ac7f86d7010e6e7213a,10187,,,true
P02_BLACK_S_000003,P02,BLACK,S,image_000003.jpg,training/P02/BLACK/S/images/image_000003.jpg,4d21b6cc6453d89d6359a01944971974a35352edec37c3d8d3d552c8febd7e2e,10172,,,true
P02_BLACK_S_000004,P02,BLACK,S,image_000004.jpg,training/P02/BLACK/S/images/image_000004.jpg,4eb6f47b79381d5ea8804f44b8a50851a6d903cdc0579f36b6b4aabaad6a74b7,9987,,,true
P02_BLACK_S_000005,P02,BLACK,S,image_000005.jpg,training/P02/BLACK/S/images/image_000005.jpg,ffadc9c3db3bf850bc51ae0def4365c782a783c28547bb0073bc2efca8af589b,10101,,,true
P02_BLACK_S_000006,P02,BLACK,S,image_000006.jpg,training/P02/BLACK/S/images/image_000006.jpg,d65404595de3b0a94471a03ae928da80d2116d8f41fe72bafb4cfb152c9aa1ee,9541,,,true
P02_BLACK_S_000007,P02,BLACK,S,image_000007.jpg,training/P02/BLACK/S/images/image_000007.jpg,35bcf19497856e8c92bcd9b9eddec0874748d9e65afed5b9634e455c085688fb,9313,,,true
P02_BLACK_S_000008,P02,BLACK,S,image_000008.jpg,training/P02/BLACK/S/images/image_000008.jpg,1e17b1d3134e2008e3a3bfad08cefbe66fbca9a397e3bf8e9c7eb65fcccf00ff,10134,,,true
P02_BLACK_S_000009,P02,BLACK,S,image_000009.jpg,training/P02/BLACK/S/images/image_000009.jpg,9fd79eb2181eba410354135abcc8983a6fcca84a140ff5dbd95c747aa0df1ba1,9303,,,true
P02_BLACK_S_000010,P02,BLACK,S,image_000010.jpg,training/P02/BLACK/S/images/image_000010.jpg,2e1f2613212a82f056dc16892779f90b6b9d52789092b8ea8cb776f15a04e44d,10264,,,true
P02_BLACK_S_000011,P02,BLACK,S,image_000011.jpg,training/P02/BLACK/S/images/image_000011.jpg,bb026a1180663f86357b09d39c263e98e409ea7e0014422f9ffb903e29c97c29,9485,,,true
P02_BLACK_S_000012,P02,BLACK,S,image_000012.jpg,training/P02/BLACK/S/images/image_000012.jpg,9c2a7fd2b18ec1bf414d164feb50962466dc9b45c5ee6ac3e4474e3727ce5033,9262,,,true
P02_BLACK_S_000013,P02,BLACK,S,image_000013.jpg,training/P02/BLACK/S/images/image_000013.jpg,7e6829f51b4eccbb35922e3469a162025a3d76626f43b8ebbe8a9b415c1d6085,9180,,,true
P02_BLACK_S_000014,P02,BLACK,S,image_000014.jpg,training/P02/BLACK/S/images/image_000014.jpg,3eaa4ae777c0363be4d8b7a57c19180131c8541416b2cfb26e6037e6eb530dca,9412,,,true
P02_BLACK_S_000015,P02,BLACK,S,image_000015.jpg,training/P02/BLACK/S/images/image_000015.jpg,a7a00e5fc1f6719698ba0d9bd410ca25ea6f69d1b473d206ae561e3d12d2d405,9135,,,true
P02_BLACK_S_000016,P02,BLACK,S,image_000016.jpg,training/P02/BLACK/S/images/image_000016.jpg,99e68ed563202f2db350d71a4a6cec227477e8811a1fbe318dd3979ab79a6dc9,9175,,,true
P02_BLACK_S_000017,P02,BLACK,S,image_000017.jpg,training/P02/BLACK/S/images/image_000017.jpg,33626ff856ca72373613c0d3978d36d2ccf268698813d337d93910d666d7d4c4,9305,,,true
P02_BLACK_S_000018,P02,BLACK,S,image_000018.jpg,training/P02/BLACK/S/images/image_000018.jpg,f7d39c2d6beba3a83796d25d4625da715acbdcafb6e514e3af744695f7b85e18,10182,,,true
P02_BLACK_S_000019,P02,BLACK,S,image_000019.jpg,training/P02/BLACK/S/images/image_000019.jpg,aba306c32e85004e036128182cc5ce169958ca0fe5c84cbda3e917db2272893d,9151,,,true
P02_BLACK_S_000020,P02,BLACK,S,image_000020.jpg,training/P02/BLACK/S/images/image_000020.jpg,69c8739b724642d5b8cf3abd30ecf5c0099dea530ce3caa7a92fe6d799967404,9695,,,true
P02_BLACK_S_000021,P02,BLACK,S,image_000021.jpg,training/P02/BLACK/S/images/image_000021.jpg,3b03ef8d29f0d1ad2d585a90a49e7bc75554d1fa665f47c1473e73c148a5286b,10241,,,true
P02_BLACK_S_000022,P02,BLACK,S,image_000022.jpg,training/P02/BLACK/S/images/image_000022.jpg,ebd2e7c62d10c6eb2b3c16573d73812ac6742dee3f352e65f07bbc48a825777c,10038,,,true
P02_BLACK_S_000023,P02,BLACK,S,image_000023.jpg,training/P02/BLACK/S/images/image_000023.jpg,75572cc47c4d2b24f5ea11b1707b06897ec7ea9b33392f0b7cfce94b5ed75630,10146,,,true
P02_BLACK_S_000024,P02,BLACK,S,image_000024.jpg,training/P02/BLACK/S/images/image_000024.jpg,3804122bd7cba56ac902696a42a1facce5a2bc878ac2cff75fb2e994bb922489,9995,,,true
P02_BLACK_S_000025,P02,BLACK,S,image_000025.jpg,training/P02/BLACK/S/images/image_000025.jpg,e8b5593fbc6e47ad405d2a44e8f244da5a0e3fe2dbf5da3feee81883056464d8,9179,,,true
P02_BLACK_T_000001,P02,BLACK,T,image_000001.jpg,training/P02/BLACK/T/images/image_000001.jpg,c43ccf3a8edf62838558654f9c723969d63d5139edd97b05789a124cfa6bb573,9761,,,true
P02_BLACK_T_000002,P02,BLACK,T,image_000002.jpg,training/P02/BLACK/T/images/image_000002.jpg,cdb1c3bfff92739c49d01c3b62828867a6d9a638df0d7f7c1e510af48a2a0b86,9840,,,true
P02_BLACK_T_000003,P02,BLACK,T,image_000003.jpg,training/P02/BLACK/T/images/image_000003.jpg,4f264a9e627183da858b48b7b2ff715333a965e3812ecccbbd142a724dbd57da,10195,,,true
P02_BLACK_T_000004,P02,BLACK,T,image_000004.jpg,training/P02/BLACK/T/images/image_000004.jpg,b10ad8f13fd5ca46f4abc1f5afd227e933c994946c55452c80cdb34f528a4e40,9984,,,true
P02_BLACK_T_000005,P02,BLACK,T,image_000005.jpg,training/P02/BLACK/T/images/image_000005.jpg,37b0182eef7929eed6846ac0fec03131439004a595cb84e86d98d7d40dde9e89,9747,,,true
P02_BLACK_T_000006,P02,BLACK,T,image_000006.jpg,training/P02/BLACK/T/images/image_000006.jpg,1aee6ab6649fdaf8fd188a93743b0004291c25284d3d7f3a7742e93b8ed8d21b,8985,,,true
P02_BLACK_T_000007,P02,BLACK,T,image_000007.jpg,training/P02/BLACK/T/images/image_000007.jpg,a35d5ac32672c44470359a4ae9d2beaefbfe86bf290b6948b1b8bf6f03479b0d,9500,,,true
P02_BLACK_T_000008,P02,BLACK,T,image_000008.jpg,training/P02/BLACK/T/images/image_000008.jpg,9d6a0a018049a15885658ed809d799e33c93f962d3b10538588a2905e047ac1b,9515,,,true
P02_BLACK_T_000009,P02,BLACK,T,image_000009.jpg,training/P02/BLACK/T/images/image_000009.jpg,47875ab6d432287144b576b6b5b65e2474c7f42e7458399a359125de0b37dcc8,9237,,,true
P02_BLACK_T_000010,P02,BLACK,T,image_000010.jpg,training/P02/BLACK/T/images/image_000010.jpg,aa3204fff3ec0e82a47648ea9b9ebcfd4c196ff1bbca118a83ca174114f569fc,9447,,,true
P02_BLACK_T_000011,P02,BLACK,T,image_000011.jpg,training/P02/BLACK/T/images/image_000011.jpg,da9b6b5b5876645f7434ce1d2b767b6a8d586a963b0b19b03a3d488233254d5e,9403,,,true
P02_BLACK_T_000012,P02,BLACK,T,image_000012.jpg,training/P02/BLACK/T/images/image_000012.jpg,8b8cbfab0dbf429cb3563302ede119bd810cc9eb773fa0f6bfb8b60d24838b08,9043,,,true
P02_BLACK_T_000013,P02,BLACK,T,image_000013.jpg,training/P02/BLACK/T/images/image_000013.jpg,cb04e91f2c8d00d28ebf37b7e9d577a0505dda133771c06242516e47d08166dc,9181,,,true
P02_BLACK_T_000014,P02,BLACK,T,image_000014.jpg,training/P02/BLACK/T/images/image_000014.jpg,bf29cb4093730e518244cd19914efc8e7a556b15b13d04d64d2b7b00f44e9cbe,8676,,,true
P02_BLACK_T_000015,P02,BLACK,T,image_000015.jpg,training/P02/BLACK/T/images/image_000015.jpg,dbb8a5e91c690955be10d3255dc063efbe64daa16136a7321a3f927f37591fb4,9121,,,true
P02_BLACK_T_000016,P02,BLACK,T,image_000016.jpg,training/P02/BLACK/T/images/image_000016.jpg,e67a324dfed4747ad338a8fda4c499397a5ed5eaec33cf410aa5185b89b1eb24,8579,,,true
P02_BLACK_T_000017,P02,BLACK,T,image_000017.jpg,training/P02/BLACK/T/images/image_000017.jpg,c8a19ef1d2012af6c6af8d7a9d14b01aa651189087029c1b5e12b74d98e620c6,8517,,,true
P02_BLACK_T_000018,P02,BLACK,T,image_000018.jpg,training/P02/BLACK/T/images/image_000018.jpg,ef92cc2f5ecac925137e5e0cfc2c6347ff60ed1eb110c0a7da056f97369f410d,9053,,,true
P02_BLACK_T_000019,P02,BLACK,T,image_000019.jpg,training/P02/BLACK/T/images/image_000019.jpg,96ea611b02bab3ba883d7a56f110497a7e56c832861c8214cfa74aa693544c20,10033,,,true
P02_BLACK_T_000020,P02,BLACK,T,image_000020.jpg,training/P02/BLACK/T/images/image_000020.jpg,b9cbc67c27f72bfe7e7f574da2b1f24d4e8988b50366060f4f30d76d44c2ac99,9900,,,true
P02_BLACK_T_000021,P02,BLACK,T,image_000021.jpg,training/P02/BLACK/T/images/image_000021.jpg,375cff373fa321e4c0a49246cfac48bff6d28515d87f640ca1739b9971281a00,9678,,,true
P02_BLACK_T_000022,P02,BLACK,T,image_000022.jpg,training/P02/BLACK/T/images/image_000022.jpg,b901062f03f181c5eb7d9754301e5515bf309c50d2569c1dbb089d217847e463,9365,,,true
P02_BLACK_T_000023,P02,BLACK,T,image_000023.jpg,training/P02/BLACK/T/images/image_000023.jpg,523fa8244e769c70193fea1d6676e92acaaadb1c1b9d014bcea990dac657e4a0,8852,,,true
P02_BLACK_T_000024,P02,BLACK,T,image_000024.jpg,training/P02/BLACK/T/images/image_000024.jpg,514039dd4c7649156bba07721fe563a7fd424aeb0a2cc506bf02caa72c1b5a9f,8146,,,true
P02_BLACK_T_000025,P02,BLACK,T,image_000025.jpg,training/P02/BLACK/T/images/image_000025.jpg,8c186f1482b97129fa0c60ba89898b853654e88d42b63dafab4ac257258d3249,9820,,,true
P02_BLACK_U_000001,P02,BLACK,U,image_000001.jpg,training/P02/BLACK/U/images/image_000001.jpg,0aa22ee8f7580b2bf146bedbacb0ed71437a22bdf8cf850c9fe50fd8af17e8c1,9569,,,true
P02_BLACK_U_000002,P02,BLACK,U,image_000002.jpg,training/P02/BLACK/U/images/image_000002.jpg,7f3a5e4deaf84d370f43ec2a5841ca9c108422d372045e864ab7421d84c8e1f2,9563,,,true
P02_BLACK_U_000003,P02,BLACK,U,image_000003.jpg,training/P02/BLACK/U/images/image_000003.jpg,a3375acff3ecf20000619e67be7d6a237a150dc1425ff8f48f8128211c49f9d1,9341,,,true
P02_BLACK_U_000004,P02,BLACK,U,image_000004.jpg,training/P02/BLACK/U/images/image_000004.jpg,c53461458a97a2e1ecd326fa896cdbc3839d50d3f9f0a30a165d51763d272ea1,9410,,,true
P02_BLACK_U_000005,P02,BLACK,U,image_000005.jpg,training/P02/BLACK/U/images/image_000005.jpg,60c41f58b810f1ed3e029067fed698fe74950b8fe76fdccb5fff896ec19ddc1d,8853,,,true
P02_BLACK_U_000006,P02,BLACK,U,image_000006.jpg,training/P02/BLACK/U/images/image_000006.jpg,8cde896a4b8ebb6c4c4adba0d52352bd018f478c7995d1e9a9c07d478f4a40cb,8776,,,true
P02_BLACK_U_000007,P02,BLACK,U,image_000007.jpg,training/P02/BLACK/U/images/image_000007.jpg,ee316e639677aee8c75475c2ec9c5585e4e5bb89dcb22d2486f2bc2bb4d4af75,8223,,,true
P02_BLACK_U_000008,P02,BLACK,U,image_000008.jpg,training/P02/BLACK/U/images/image_000008.jpg,d2dd4d38b7eca76ead20edf1419c3fa8f0aa79c2733abb1b66476e89aa88e158,8624,,,true
P02_BLACK_U_000009,P02,BLACK,U,image_000009.jpg,training/P02/BLACK/U/images/image_000009.jpg,1e456f4df9dff9ff31b0e6aae6ee834905314344317686191bc1a01f837429cc,8736,,,true
P02_BLACK_U_000010,P02,BLACK,U,image_000010.jpg,training/P02/BLACK/U/images/image_000010.jpg,b7dbe91d6c6c4274c69327db9d22198db7fd15c2211073e006c02e1ad80ecaa8,8802,,,true
P02_BLACK_U_000011,P02,BLACK,U,image_000011.jpg,training/P02/BLACK/U/images/image_000011.jpg,0ff653015282daf368a22daffe75ee898bfda243bea512559ba221643258cd4b,8849,,,true
P02_BLACK_U_000012,P02,BLACK,U,image_000012.jpg,training/P02/BLACK/U/images/image_000012.jpg,aa4bd40ee949e1195e8fc60db3ff4ce11682266517851ec71e1e606d892d045e,9298,,,true
P02_BLACK_U_000013,P02,BLACK,U,image_000013.jpg,training/P02/BLACK/U/images/image_000013.jpg,e7d9f114919321895cf48b2cf6d8516976687b09f28760bcf83070b860366d7e,8983,,,true
P02_BLACK_U_000014,P02,BLACK,U,image_000014.jpg,training/P02/BLACK/U/images/image_000014.jpg,3e1f18857d0d2fa330771256a209fb8052e50a3bdf30c7a46037fe24d730a69c,9417,,,true
P02_BLACK_U_000015,P02,BLACK,U,image_000015.jpg,training/P02/BLACK/U/images/image_000015.jpg,7e689db69c56cda88db829b921422b2af86dcadb8a5da4a37fe4d219101b74f3,8764,,,true
P02_BLACK_U_000016,P02,BLACK,U,image_000016.jpg,training/P02/BLACK/U/images/image_000016.jpg,0a72d5f7a3735a6d03b3fd35230ef8a6db12a5210112252ebd5ba5f590b9c8b9,8007,,,true
P02_BLACK_U_000017,P02,BLACK,U,image_000017.jpg,training/P02/BLACK/U/images/image_000017.jpg,3a7b4d2e1d76a7569d601a13a5241e9db5472f01f2d17d87f731f4d7715df4fe,8309,,,true
P02_BLACK_U_000018,P02,BLACK,U,image_000018.jpg,training/P02/BLACK/U/images/image_000018.jpg,f20615fc06a64b3669af43535c270aeb7c2efc94a55b5f2ead1445476e5da6ec,8191,,,true
P02_BLACK_U_000019,P02,BLACK,U,image_000019.jpg,training/P02/BLACK/U/images/image_000019.jpg,c205bae413fc8f5d9ccb485d044c861707bbe20477ca7f1858e18007d743ea97,8412,,,true
P02_BLACK_U_000020,P02,BLACK,U,image_000020.jpg,training/P02/BLACK/U/images/image_000020.jpg,b27f8026f2aefc530ddd977e95d7edb5232927de97feabae62c490c98e57c2d9,8314,,,true
P02_BLACK_U_000021,P02,BLACK,U,image_000021.jpg,training/P02/BLACK/U/images/image_000021.jpg,d4843b7a9b7e425eab8da345be1bfabd6f63a5f080db0fd1b639adbbb8f9c15c,8090,,,true
P02_BLACK_U_000022,P02,BLACK,U,image_000022.jpg,training/P02/BLACK/U/images/image_000022.jpg,029bd979f251280d7e0bf1f830e788a75b95aaae6ec0015614aaa873d5a0651a,8036,,,true
P02_BLACK_U_000023,P02,BLACK,U,image_000023.jpg,training/P02/BLACK/U/images/image_000023.jpg,4a920dfd51fefe141c73b3690791ebcdbf9fdf475f42cb68d934c1c3ae4dd9d6,8041,,,true
P02_BLACK_U_000024,P02,BLACK,U,image_000024.jpg,training/P02/BLACK/U/images/image_000024.jpg,da1f8d4b95906c43828288ba6f7232ecfcfd2036142e0e86ab0d5e8f74fe7173,8641,,,true
P02_BLACK_U_000025,P02,BLACK,U,image_000025.jpg,training/P02/BLACK/U/images/image_000025.jpg,9131afe7a93df31f359c9a4a28780b421d806a8d91c30cd46d5a8d6be16a734d,8462,,,true
P02_BLACK_V_000001,P02,BLACK,V,image_000001.jpg,training/P02/BLACK/V/images/image_000001.jpg,9590e47d03416c7c8c215209f1cfb0225ee19b5d54a106ee2003a98670761abc,8986,,,true
P02_BLACK_V_000002,P02,BLACK,V,image_000002.jpg,training/P02/BLACK/V/images/image_000002.jpg,628ac70e8688116997c544baf61b37c292815884bfeaf3379eebea5d17e581f8,8948,,,true
P02_BLACK_V_000003,P02,BLACK,V,image_000003.jpg,training/P02/BLACK/V/images/image_000003.jpg,0d1933ac8122c1bb83c49dbdf7631b3c739338393503eec0ab8efd92a3f39c3a,8748,,,true
P02_BLACK_V_000004,P02,BLACK,V,image_000004.jpg,training/P02/BLACK/V/images/image_000004.jpg,6f63891a54c3de72b32b78a5bae037ba2bc618bbf23944264b6ab5ad3e939602,8676,,,true
P02_BLACK_V_000005,P02,BLACK,V,image_000005.jpg,training/P02/BLACK/V/images/image_000005.jpg,56b6486a6e93d37ed3beefbf32e2392530f9bff4163e970dd097c8ac930f9a01,8726,,,true
P02_BLACK_V_000006,P02,BLACK,V,image_000006.jpg,training/P02/BLACK/V/images/image_000006.jpg,2227da63151c3fbb1e31d7695fd2e642247b1b31794d01e32073aeebefaee631,9168,,,true
P02_BLACK_V_000007,P02,BLACK,V,image_000007.jpg,training/P02/BLACK/V/images/image_000007.jpg,be8599c7625320e00cd35298d3e85209d51f870eab0a7ba220c2ad4f7ca5b43d,8960,,,true
P02_BLACK_V_000008,P02,BLACK,V,image_000008.jpg,training/P02/BLACK/V/images/image_000008.jpg,4a21ce252e60e4cc269333802a8c076a57b98556aae743a79e692b48f2fdff79,8314,,,true
P02_BLACK_V_000009,P02,BLACK,V,image_000009.jpg,training/P02/BLACK/V/images/image_000009.jpg,1efef1bb79c754401c93c7c8473117f4288999e843a7227a860eea006902ba6f,8247,,,true
P02_BLACK_V_000010,P02,BLACK,V,image_000010.jpg,training/P02/BLACK/V/images/image_000010.jpg,d95748f71ea811423caa926916e6bb24ac917706f9431521e1acfebcde9694cf,8788,,,true
P02_BLACK_V_000011,P02,BLACK,V,image_000011.jpg,training/P02/BLACK/V/images/image_000011.jpg,a686fd70257cc86ca051f72d6b909b05bedf0aa8c4b194550013cd2e7273879e,8748,,,true
P02_BLACK_V_000012,P02,BLACK,V,image_000012.jpg,training/P02/BLACK/V/images/image_000012.jpg,2acb2c9b6c643004c83046086f57b37724fcbcfea5e28944c03d0f4562c64965,9074,,,true
P02_BLACK_V_000013,P02,BLACK,V,image_000013.jpg,training/P02/BLACK/V/images/image_000013.jpg,87e577dbd0b8d05c03b55f547283372c8757a46c2f465f9d6d0df2428e4e8b8d,8882,,,true
P02_BLACK_V_000014,P02,BLACK,V,image_000014.jpg,training/P02/BLACK/V/images/image_000014.jpg,48a7a89b7c04adb5094506205d8b08b0b8944cb36e32c2edd5812049fb5c10a3,8615,,,true
P02_BLACK_V_000015,P02,BLACK,V,image_000015.jpg,training/P02/BLACK/V/images/image_000015.jpg,a563e855f5959184f28232f75d23399949fe297495e48d096d161c4329f71b78,9051,,,true
P02_BLACK_V_000016,P02,BLACK,V,image_000016.jpg,training/P02/BLACK/V/images/image_000016.jpg,c47d6afd92b58d086ca8b6b3f86731506c93fd7a8a04bc016c8e97b478f0d611,8672,,,true
P02_BLACK_V_000017,P02,BLACK,V,image_000017.jpg,training/P02/BLACK/V/images/image_000017.jpg,6baf67a98d2d01e2edf0a4dfd9d3445e21807fadab30855347bdca9479c6e62f,8834,,,true
P02_BLACK_V_000018,P02,BLACK,V,image_000018.jpg,training/P02/BLACK/V/images/image_000018.jpg,8b3ffd429b35ff757277d10f4a54bb3df0d3754a7febd4efe3f00ac2566017f5,8988,,,true
P02_BLACK_V_000019,P02,BLACK,V,image_000019.jpg,training/P02/BLACK/V/images/image_000019.jpg,2aabbb95e667de004b8e91d0f2326d528f8bb93b8d66c0caa0d4401e9c874709,9200,,,true
P02_BLACK_V_000020,P02,BLACK,V,image_000020.jpg,training/P02/BLACK/V/images/image_000020.jpg,b6aeafa6d9bfa6a2c63f76eda46f4156ae7c88ca5d5498416a45b5543cddfd36,9635,,,true
P02_BLACK_V_000021,P02,BLACK,V,image_000021.jpg,training/P02/BLACK/V/images/image_000021.jpg,213a45bb51d31bb446e254e65f5446b78a7b7e2f76a59cdfc41a295a898262d1,9534,,,true
P02_BLACK_V_000022,P02,BLACK,V,image_000022.jpg,training/P02/BLACK/V/images/image_000022.jpg,04cf77d1f5196c61d4a9c0a80723eb4aa97467462f05d20642a36920d919a18c,9495,,,true
P02_BLACK_V_000023,P02,BLACK,V,image_000023.jpg,training/P02/BLACK/V/images/image_000023.jpg,4bf0b7ea9159e8b868e42a9c51a6df83536d51bf2651161f090ed73526bd46b3,9542,,,true
P02_BLACK_V_000024,P02,BLACK,V,image_000024.jpg,training/P02/BLACK/V/images/image_000024.jpg,d04386fa984fd951bc63f6ee0bedbdaa636cd6cf5ee8626dba5aaabf703137c0,9535,,,true
P02_BLACK_V_000025,P02,BLACK,V,image_000025.jpg,training/P02/BLACK/V/images/image_000025.jpg,f15f5114bbc5c4a2c004cc309e92201ea556e85a5ac92521ebc3f65fc75658ae,9433,,,true
P02_BLACK_W_000001,P02,BLACK,W,image_000001.jpg,training/P02/BLACK/W/images/image_000001.jpg,d95eb9882e1eb2f02925ac34666fde0a01d34fd00972686eec435a8fd78009c4,9126,,,true
P02_BLACK_W_000002,P02,BLACK,W,image_000002.jpg,training/P02/BLACK/W/images/image_000002.jpg,2fc82ccc944ed3abca210e6aa710257726289e61756ee5c10dbc3dbc57ac0dd9,9154,,,true
P02_BLACK_W_000003,P02,BLACK,W,image_000003.jpg,training/P02/BLACK/W/images/image_000003.jpg,f3c375c393dc0e1b12364182f269bc054abdf964bcc130f9d0069f6120da759b,8866,,,true
P02_BLACK_W_000004,P02,BLACK,W,image_000004.jpg,training/P02/BLACK/W/images/image_000004.jpg,f796727acb647055c4a98d803575615303a002e9ea9dfdb927a7a54742e6d696,9124,,,true
P02_BLACK_W_000005,P02,BLACK,W,image_000005.jpg,training/P02/BLACK/W/images/image_000005.jpg,412b2c743f77545969360141a1e057d9a73b44248ee28895ad4c1b3b6bc393dd,9017,,,true
P02_BLACK_W_000006,P02,BLACK,W,image_000006.jpg,training/P02/BLACK/W/images/image_000006.jpg,392aea0a96a36b45e706236b1490e6ca77c5dc3f211dc4ea7425e64df5cdfc19,9468,,,true
P02_BLACK_W_000007,P02,BLACK,W,image_000007.jpg,training/P02/BLACK/W/images/image_000007.jpg,228b2e44dc35c41cb31a6ef62ff055d328529dd7d6b821fd155edbd52bb09988,9363,,,true
P02_BLACK_W_000008,P02,BLACK,W,image_000008.jpg,training/P02/BLACK/W/images/image_000008.jpg,8b6323400d6df1467b2928d51f2a32dfe844dd2e948b4b5003159433f15eba34,9279,,,true
P02_BLACK_W_000009,P02,BLACK,W,image_000009.jpg,training/P02/BLACK/W/images/image_000009.jpg,64b2d7ed1d9ee35ab7d2e9c7625a7b0c2cc6c2477394d7db8169ac4045e3aefb,8415,,,true
P02_BLACK_W_000010,P02,BLACK,W,image_000010.jpg,training/P02/BLACK/W/images/image_000010.jpg,f7079a6f1d15997f9ef95327d7d5d38b6228a1ca0f00265422127b0159f7dc6b,9374,,,true
P02_BLACK_W_000011,P02,BLACK,W,image_000011.jpg,training/P02/BLACK/W/images/image_000011.jpg,51f2ae520ae868fbc179339d22733bd3065fe5cc5287cceb49b4bf2c9be6fd12,9485,,,true
P02_BLACK_W_000012,P02,BLACK,W,image_000012.jpg,training/P02/BLACK/W/images/image_000012.jpg,1a39d52550beea290cd489c37d9553c631400d2ff0f29b6eaa9af96023604087,9337,,,true
P02_BLACK_W_000013,P02,BLACK,W,image_000013.jpg,training/P02/BLACK/W/images/image_000013.jpg,ab9b8f48908d1ade555dc7a99be2bd0e9014762a667a562828fff39f545429df,9219,,,true
P02_BLACK_W_000014,P02,BLACK,W,image_000014.jpg,training/P02/BLACK/W/images/image_000014.jpg,f1058396823af2a84c7392166a9e83375403c64a25def5281f66308e8b92e279,9127,,,true
P02_BLACK_W_000015,P02,BLACK,W,image_000015.jpg,training/P02/BLACK/W/images/image_000015.jpg,52b99551fd2ef96e6608d79b28bc0291347a0cb999040c1f387acd5e26a1f618,9091,,,true
P02_BLACK_W_000016,P02,BLACK,W,image_000016.jpg,training/P02/BLACK/W/images/image_000016.jpg,1e8dd29eaf2bedc04313d1027093ed3fbccce712ea373d3b4c7a833229d858fe,9259,,,true
P02_BLACK_W_000017,P02,BLACK,W,image_000017.jpg,training/P02/BLACK/W/images/image_000017.jpg,d2b75014c1ee720c9e78defb9b7429c655438b936ac8f58707759794ca4601f4,9127,,,true
P02_BLACK_W_000018,P02,BLACK,W,image_000018.jpg,training/P02/BLACK/W/images/image_000018.jpg,eedf249ca9939b639f507bf6cf3cdd10354acd5c20036fd68ae08840de3f75af,7600,,,true
P02_BLACK_W_000019,P02,BLACK,W,image_000019.jpg,training/P02/BLACK/W/images/image_000019.jpg,f6f1c8667e202cff1a420e2b9a6f9e21e77771b2d479463d21afecab03ba3cb7,7680,,,true
P02_BLACK_W_000020,P02,BLACK,W,image_000020.jpg,training/P02/BLACK/W/images/image_000020.jpg,92bba669b507e16e2fc552f61aac66c4652657bb1aaa660939969fbf2bc6dac2,7548,,,true
P02_BLACK_W_000021,P02,BLACK,W,image_000021.jpg,training/P02/BLACK/W/images/image_000021.jpg,1b889fdb07810f945afd80458bc183ac734e4f97c4bc147b52407dac54d9f381,9322,,,true
P02_BLACK_W_000022,P02,BLACK,W,image_000022.jpg,training/P02/BLACK/W/images/image_000022.jpg,c377edc9338eb1e36d89224bc530b627a9743423a1c7c26f74977ae9b62daa5d,9246,,,true
P02_BLACK_W_000023,P02,BLACK,W,image_000023.jpg,training/P02/BLACK/W/images/image_000023.jpg,8b3909de1131d20cf2d62596022b34a1c3f51be5f057c584a1c52e9870766d4f,8602,,,true
P02_BLACK_W_000024,P02,BLACK,W,image_000024.jpg,training/P02/BLACK/W/images/image_000024.jpg,fdfb92d60e0d17b66cfa836a1c61befab00e2064b4da716dd26ff4b213c7c996,8319,,,true
P02_BLACK_W_000025,P02,BLACK,W,image_000025.jpg,training/P02/BLACK/W/images/image_000025.jpg,9e66af791e2b0285e27e596f843e97d5413e044e11924c400e60e907281b80fa,8998,,,true
P02_BLACK_Y_000001,P02,BLACK,Y,image_000001.jpg,training/P02/BLACK/Y/images/image_000001.jpg,c75e445df1725f9bb21bd3df26b581884649c57568fd2ca14604020eba605bbd,9354,,,true
P02_BLACK_Y_000002,P02,BLACK,Y,image_000002.jpg,training/P02/BLACK/Y/images/image_000002.jpg,9b3e4462b7eaededcf4fd6a5c24cccb4629fd3197ae357615c7a29dff9396535,9320,,,true
P02_BLACK_Y_000003,P02,BLACK,Y,image_000003.jpg,training/P02/BLACK/Y/images/image_000003.jpg,74fecd28d7a630837bcf18d9acabb5ff1c3b6c8a41115e18ac9a8125d1878fe6,9146,,,true
P02_BLACK_Y_000004,P02,BLACK,Y,image_000004.jpg,training/P02/BLACK/Y/images/image_000004.jpg,a38f60346ea0ecc63c3851dd123715347e21698e75f4996faf26cd29bfcf78a5,9023,,,true
P02_BLACK_Y_000005,P02,BLACK,Y,image_000005.jpg,training/P02/BLACK/Y/images/image_000005.jpg,9e59b05a23c5d687ded7887a1c605cc8c0c668e55d9bcf46e811218f4bfe198e,8763,,,true
P02_BLACK_Y_000006,P02,BLACK,Y,image_000006.jpg,training/P02/BLACK/Y/images/image_000006.jpg,0ba3e7cb3e6d0f75698c4fda0d7679056d9da9fdb9a29e5801339f0bab134457,8480,,,true
P02_BLACK_Y_000007,P02,BLACK,Y,image_000007.jpg,training/P02/BLACK/Y/images/image_000007.jpg,e17af1c50cb2b5c539e7c5abe2894e30ce1d7f524629261c73993d8182af66ca,8430,,,true
P02_BLACK_Y_000008,P02,BLACK,Y,image_000008.jpg,training/P02/BLACK/Y/images/image_000008.jpg,4cf50bd78975710f701246db153845e338342162d1b3f1b5f6c9578364908ee6,8765,,,true
P02_BLACK_Y_000009,P02,BLACK,Y,image_000009.jpg,training/P02/BLACK/Y/images/image_000009.jpg,fe4bae2537bdad9e8b226fa484cf6bab82dceab8201ab28535d0cd32ac2000d5,8729,,,true
P02_BLACK_Y_000010,P02,BLACK,Y,image_000010.jpg,training/P02/BLACK/Y/images/image_000010.jpg,1cb097208f81c8041297d5567093ed1d7b7ea2edfa5246b1e4090a569f34ba9d,8488,,,true
P02_BLACK_Y_000011,P02,BLACK,Y,image_000011.jpg,training/P02/BLACK/Y/images/image_000011.jpg,fd2496730b0fdc7e038091b9da3f335682f1b55bd807c403efe4f6fee5ccf12f,8636,,,true
P02_BLACK_Y_000012,P02,BLACK,Y,image_000012.jpg,training/P02/BLACK/Y/images/image_000012.jpg,90d452fb3354834ce09f836d7830d7504801de5152afc1b43f93d00627d272e8,8344,,,true
P02_BLACK_Y_000013,P02,BLACK,Y,image_000013.jpg,training/P02/BLACK/Y/images/image_000013.jpg,a0927aeda59e72ea2fbdfc160c693f89bb6a97000fd77ac4c4f5fe8c242645f8,8540,,,true
P02_BLACK_Y_000014,P02,BLACK,Y,image_000014.jpg,training/P02/BLACK/Y/images/image_000014.jpg,69d628b06f071d94984e438adc3df863e465e2a8b8cacd018fbf4424181ee0f6,8830,,,true
P02_BLACK_Y_000015,P02,BLACK,Y,image_000015.jpg,training/P02/BLACK/Y/images/image_000015.jpg,1882035bc7b8b98acbfe19623d909ab3ec4bbb908d936b61d723acd49689a803,8779,,,true
P02_BLACK_Y_000016,P02,BLACK,Y,image_000016.jpg,training/P02/BLACK/Y/images/image_000016.jpg,57df6acfb4641252a930ea022fd07202c1f38fa2eb4591369631ecb1a9bdfa91,9078,,,true
P02_BLACK_Y_000017,P02,BLACK,Y,image_000017.jpg,training/P02/BLACK/Y/images/image_000017.jpg,23fc9ddb43c5a1413503be27f1b6ac59901a89c54c63a9f90447eb5fc4186524,8746,,,true
P02_BLACK_Y_000018,P02,BLACK,Y,image_000018.jpg,training/P02/BLACK/Y/images/image_000018.jpg,d17c58508d87ee91872eac9ba40ed3b51a23a247ea5a260dfa77c1b5c980b35a,8421,,,true
P02_BLACK_Y_000019,P02,BLACK,Y,image_000019.jpg,training/P02/BLACK/Y/images/image_000019.jpg,0c9d4f2885ba6d75ae7dea350a3f23afde96fd7c013e73d8f5af7c04fdb1d706,9086,,,true
P02_BLACK_Y_000020,P02,BLACK,Y,image_000020.jpg,training/P02/BLACK/Y/images/image_000020.jpg,23b82cfed6f54cfa4d037b5627424d4a9f752e113ec58f2be039a35de3234e1d,9176,,,true
P02_BLACK_Y_000021,P02,BLACK,Y,image_000021.jpg,training/P02/BLACK/Y/images/image_000021.jpg,67668911a0b622ecca579cb72533603226183985a46749ca199375f4777abbe6,7976,,,true
P02_BLACK_Y_000022,P02,BLACK,Y,image_000022.jpg,training/P02/BLACK/Y/images/image_000022.jpg,8875605db9a52ec9282c669bca4a61cb073151f58d6d909202fcabd9de14505f,8155,,,true
P02_BLACK_Y_000023,P02,BLACK,Y,image_000023.jpg,training/P02/BLACK/Y/images/image_000023.jpg,889390702274f856c759d4d66320672f8ed714add6a5a9bfc12169a46c8f10b8,8093,,,true
P02_BLACK_Y_000024,P02,BLACK,Y,image_000024.jpg,training/P02/BLACK/Y/images/image_000024.jpg,650a1f564b97906d936763563c06722ce850e4aff9264e7fb9e2e47f5d81c333,8443,,,true
P02_BLACK_Y_000025,P02,BLACK,Y,image_000025.jpg,training/P02/BLACK/Y/images/image_000025.jpg,37176004207d13d64c638f9643b153ae61756334b6d9449deb94f87d3dc341bf,9878,,,true
P02_WHITE_A_000001,P02,WHITE,A,image_000001.jpg,training/P02/WHITE/A/images/image_000001.jpg,3576976f1335e6078fee8f12dd98ac4d292d4ecb0ea56d3c07b6f90ae8a626a2,6345,,,true
P02_WHITE_A_000002,P02,WHITE,A,image_000002.jpg,training/P02/WHITE/A/images/image_000002.jpg,a090bd534e4099c8b60f78fed528affde751d2aaae5596c4c8003558ecb40c22,6508,,,true
P02_WHITE_A_000003,P02,WHITE,A,image_000003.jpg,training/P02/WHITE/A/images/image_000003.jpg,df5ff4718b17b8e0f7cbdb5bc1aa843541cbe6d599c6b142f7d36c1e05eda574,6637,,,true
P02_WHITE_A_000004,P02,WHITE,A,image_000004.jpg,training/P02/WHITE/A/images/image_000004.jpg,cbda9d3ce391926d3293b798a2953ed64547017eecb3e00e942c24ee55f58b9d,7217,,,true
P02_WHITE_A_000005,P02,WHITE,A,image_000005.jpg,training/P02/WHITE/A/images/image_000005.jpg,818a751ed2e20a5103021d1ac67b45093f9e0b911ce8727a9f6551bc0d1138a7,6554,,,true
P02_WHITE_A_000006,P02,WHITE,A,image_000006.jpg,training/P02/WHITE/A/images/image_000006.jpg,91dccf469b791dd0a0edbe07c8d6b848362d757a22bdeffbd359dc50036dccea,6531,,,true
P02_WHITE_A_000007,P02,WHITE,A,image_000007.jpg,training/P02/WHITE/A/images/image_000007.jpg,ab650c689400023e13c377cb050f6ec61f515ea25abc5fcba1e8e238aea0e0f6,6298,,,true
P02_WHITE_A_000008,P02,WHITE,A,image_000008.jpg,training/P02/WHITE/A/images/image_000008.jpg,e4749eb100cb546346ba0138da69ffd4a6dab076d46549367d29354da961b07e,6877,,,true
P02_WHITE_A_000009,P02,WHITE,A,image_000009.jpg,training/P02/WHITE/A/images/image_000009.jpg,3e9efe97557abe76c90bf7989a4222f42752feff26fc8f8a3609c97092d0b9b6,7101,,,true
P02_WHITE_A_000010,P02,WHITE,A,image_000010.jpg,training/P02/WHITE/A/images/image_000010.jpg,50b1e4573c24f9fd48dedffccf8f53013419bbd4cbc7661a2c71660628eea03e,6594,,,true
P02_WHITE_A_000011,P02,WHITE,A,image_000011.jpg,training/P02/WHITE/A/images/image_000011.jpg,85dc0a0bcb3aac0dec51cc16a0c94b17cf3ded39a401839427900d0bf4739178,6795,,,true
P02_WHITE_A_000012,P02,WHITE,A,image_000012.jpg,training/P02/WHITE/A/images/image_000012.jpg,cfde69565ee5f2e8395750765650c7ced64239ea5e6673e9b5431de21f934eea,7047,,,true
P02_WHITE_A_000013,P02,WHITE,A,image_000013.jpg,training/P02/WHITE/A/images/image_000013.jpg,a1ed5d72170b35659f7d08f86669478163fcc02f179c526629ecd5c9008160ea,6738,,,true
P02_WHITE_A_000014,P02,WHITE,A,image_000014.jpg,training/P02/WHITE/A/images/image_000014.jpg,65550ffcd4d2b753cfe3284f3f3279b47bbf92a40293726bd6b2607075e7012d,7703,,,true
P02_WHITE_A_000015,P02,WHITE,A,image_000015.jpg,training/P02/WHITE/A/images/image_000015.jpg,099e34a2b762a358f1673f45091bed2d2f714093dc8d477186e45dc453c12fd4,7560,,,true
P02_WHITE_A_000016,P02,WHITE,A,image_000016.jpg,training/P02/WHITE/A/images/image_000016.jpg,6e1f4a1d764f60e5e01fb0016d14e3326768e655c77ba86acc69192ea7785749,6308,,,true
P02_WHITE_A_000017,P02,WHITE,A,image_000017.jpg,training/P02/WHITE/A/images/image_000017.jpg,fd3d742d4af04deaa207e7ae729751c8052af6f0c7f95a598592744221b702ca,6692,,,true
P02_WHITE_A_000018,P02,WHITE,A,image_000018.jpg,training/P02/WHITE/A/images/image_000018.jpg,3d59ed0417d3eb2b228e4a4c399e4f87f3ee7308e5eef815d57dbb8e48c41a90,6797,,,true
P02_WHITE_A_000019,P02,WHITE,A,image_000019.jpg,training/P02/WHITE/A/images/image_000019.jpg,175e15b8a7dbb79ced3870e4782cd76be404bcb20663ae29bcfbf8ec938e44e3,7030,,,true
P02_WHITE_A_000020,P02,WHITE,A,image_000020.jpg,training/P02/WHITE/A/images/image_000020.jpg,1c86e397ed63a8170ea91fd999991ef3b6b2c7200400ebd03b8e5dbddc7560b8,6317,,,true
P02_WHITE_A_000021,P02,WHITE,A,image_000021.jpg,training/P02/WHITE/A/images/image_000021.jpg,cc4ba5f20076314ef4227cfad2f860a598a3413c8c4ffc56e0353adfd45d8353,6426,,,true
P02_WHITE_A_000022,P02,WHITE,A,image_000022.jpg,training/P02/WHITE/A/images/image_000022.jpg,e1f9081879af9d6a61d3d3c58f2f73a65787b8947000dd465720a8aa6a930bb7,6495,,,true
P02_WHITE_A_000023,P02,WHITE,A,image_000023.jpg,training/P02/WHITE/A/images/image_000023.jpg,c13522a50480297e8d47bfa9deb973ff2cfd3a0d35dbfe00b990fcaf4a910f4c,6422,,,true
P02_WHITE_A_000024,P02,WHITE,A,image_000024.jpg,training/P02/WHITE/A/images/image_000024.jpg,536334f32ec1bf4d2cf4d7fc90fee75a7b098dc09e0ec9eb3692f147459a74bb,6450,,,true
P02_WHITE_A_000025,P02,WHITE,A,image_000025.jpg,training/P02/WHITE/A/images/image_000025.jpg,5a7b64468babebab0fd9901d3f3f1c6774b6abeeef7488e9413e386eaf125e56,6973,,,true
P02_WHITE_B_000001,P02,WHITE,B,image_000001.jpg,training/P02/WHITE/B/images/image_000001.jpg,94257ea9846d995d6aa12e5b0d231cdd55e6ab1dcbea770fe13315da3f84aa1c,8354,,,true
P02_WHITE_B_000002,P02,WHITE,B,image_000002.jpg,training/P02/WHITE/B/images/image_000002.jpg,1a3da6699444bcbf6c64256d3b8f9ee0e33d1c992d86795f78845cee0f2ad6de,8745,,,true
P02_WHITE_B_000003,P02,WHITE,B,image_000003.jpg,training/P02/WHITE/B/images/image_000003.jpg,d2f462f52c3428868e68927ae89ba051c3541f5f16895b4566948d1f17d1c2c4,7243,,,true
P02_WHITE_B_000004,P02,WHITE,B,image_000004.jpg,training/P02/WHITE/B/images/image_000004.jpg,b57fe9538bcb632f83cdbf2d42c51eba540117cc5aae2613f5a5c20f63090f93,6811,,,true
P02_WHITE_B_000005,P02,WHITE,B,image_000005.jpg,training/P02/WHITE/B/images/image_000005.jpg,f1330e35d1e80a07074b3fb0750795721637d5f58e98e2389a46f93b983771af,7245,,,true
P02_WHITE_B_000006,P02,WHITE,B,image_000006.jpg,training/P02/WHITE/B/images/image_000006.jpg,4485cf799db074c822757b41a6939f78be2be9f7bbd117d4d402ae62bcc7058c,7215,,,true
P02_WHITE_B_000007,P02,WHITE,B,image_000007.jpg,training/P02/WHITE/B/images/image_000007.jpg,d87d81cd15a597d1dcfbe41a5a7b8941bbbcce61d884ffca741585f6afb9a4aa,6994,,,true
P02_WHITE_B_000008,P02,WHITE,B,image_000008.jpg,training/P02/WHITE/B/images/image_000008.jpg,84d0081907a641056a01d87e90f8f729d134d8432a32662133c5a286614b7d07,7086,,,true
P02_WHITE_B_000009,P02,WHITE,B,image_000009.jpg,training/P02/WHITE/B/images/image_000009.jpg,54657fcd51c85814553b02cd042a0e670296044374c801445d3648ec1a68b671,6968,,,true
P02_WHITE_B_000010,P02,WHITE,B,image_000010.jpg,training/P02/WHITE/B/images/image_000010.jpg,13454db39907b03aefb60a3fe97c46c37b27b458a8f3acf7ac874f29236e63f0,6996,,,true
P02_WHITE_B_000011,P02,WHITE,B,image_000011.jpg,training/P02/WHITE/B/images/image_000011.jpg,ff2db631a3f8fc2542c85e2e49f62e972fd8643cdeb8a8deb7988c281bfcbdc0,6498,,,true
P02_WHITE_B_000012,P02,WHITE,B,image_000012.jpg,training/P02/WHITE/B/images/image_000012.jpg,77bec02540a24d5ab3b428c17b240a874f6fd9d004920bdb594f884d9d45cb5a,6971,,,true
P02_WHITE_B_000013,P02,WHITE,B,image_000013.jpg,training/P02/WHITE/B/images/image_000013.jpg,01f4addc9a8d9fd813231b0baaa1908162928b637cb2e26e6b7a270bf76a5933,6929,,,true
P02_WHITE_B_000014,P02,WHITE,B,image_000014.jpg,training/P02/WHITE/B/images/image_000014.jpg,9f0aa69693d158914489d8a9929356ea8fa1f6919738faee28f9387392fe2cc7,7047,,,true
P02_WHITE_B_000015,P02,WHITE,B,image_000015.jpg,training/P02/WHITE/B/images/image_000015.jpg,f6c5b305f0e6d11ef97e9a849d8f9b1e01e2e08d20f13bbc074f704a6308e04c,7198,,,true
P02_WHITE_B_000016,P02,WHITE,B,image_000016.jpg,training/P02/WHITE/B/images/image_000016.jpg,eaf1ab82df62c673e853cc1ed3a6e97f0712089c94d5291b59c72d057da83737,6952,,,true
P02_WHITE_B_000017,P02,WHITE,B,image_000017.jpg,training/P02/WHITE/B/images/image_000017.jpg,cbb0ccd86e7330f0e33a066502c3e45ed75694c6fade4536132610fbbd469411,8018,,,true
P02_WHITE_B_000018,P02,WHITE,B,image_000018.jpg,training/P02/WHITE/B/images/image_000018.jpg,13e6c4d079ab780d6b5b49e34f7f4068eb904be2b0a59d673d8052a0c1abea9f,6586,,,true
P02_WHITE_B_000019,P02,WHITE,B,image_000019.jpg,training/P02/WHITE/B/images/image_000019.jpg,746d39df271842f3379d8391ee05a59c2b48b20b63dcb5d7bc79a8ff0f94c4c6,6626,,,true
P02_WHITE_B_000020,P02,WHITE,B,image_000020.jpg,training/P02/WHITE/B/images/image_000020.jpg,7386786c17b3f14953d0fae6947db62c19dd94b24e1489193d0e150427decdcd,7123,,,true
P02_WHITE_B_000021,P02,WHITE,B,image_000021.jpg,training/P02/WHITE/B/images/image_000021.jpg,455fe274a45e8c0b6d1322ed176034b0db8af69820529cec7f4c30d2476a056c,6685,,,true
P02_WHITE_B_000022,P02,WHITE,B,image_000022.jpg,training/P02/WHITE/B/images/image_000022.jpg,91e9e3a656b5aff6d9fcc42f6a9d6f705f680c4ebb22a9eb35637f172c31021c,6732,,,true
P02_WHITE_B_000023,P02,WHITE,B,image_000023.jpg,training/P02/WHITE/B/images/image_000023.jpg,0a87d746bf66e103d0e17a853d05d8430768471e5316d56f598ed52a8b1857c9,6542,,,true
P02_WHITE_B_000024,P02,WHITE,B,image_000024.jpg,training/P02/WHITE/B/images/image_000024.jpg,9de6b3c348a41ae4569457e4b7dbaf36c18d5117a971efa49ef1d90a02f488a0,6849,,,true
P02_WHITE_B_000025,P02,WHITE,B,image_000025.jpg,training/P02/WHITE/B/images/image_000025.jpg,bab8ee3ba2effdf45e0535f98676b3881d0d714dea50dc98d1d7c648f7ca4a88,6432,,,true
P02_WHITE_C_000001,P02,WHITE,C,image_000001.jpg,training/P02/WHITE/C/images/image_000001.jpg,7b571d1954adbe79dbe0ba97c526693baf7977045da185187c8e15dff06acd3d,6993,,,true
P02_WHITE_C_000002,P02,WHITE,C,image_000002.jpg,training/P02/WHITE/C/images/image_000002.jpg,e35b9597730030f51a17c38c9b00e889109d31724f106c9ae894c87439e6f4fb,6534,,,true
P02_WHITE_C_000003,P02,WHITE,C,image_000003.jpg,training/P02/WHITE/C/images/image_000003.jpg,cee26d5f44b45f1daad45d348e326bf7a1805848fb371cd2ac4c64f86b4e3c76,6971,,,true
P02_WHITE_C_000004,P02,WHITE,C,image_000004.jpg,training/P02/WHITE/C/images/image_000004.jpg,8aef6ae12fb4cb36d1d0884527c3c4d37c46d4c5924339b1b3145d8eec9edbee,6436,,,true
P02_WHITE_C_000005,P02,WHITE,C,image_000005.jpg,training/P02/WHITE/C/images/image_000005.jpg,b4d752825b501d58df685acf1a8c59581a6cd1247834c65717911be66e7b5ae3,6344,,,true
P02_WHITE_C_000006,P02,WHITE,C,image_000006.jpg,training/P02/WHITE/C/images/image_000006.jpg,a63f8a5add03f508af81b9607f21ceed1727c009f2def0c7880423d650d143b0,6911,,,true
P02_WHITE_C_000007,P02,WHITE,C,image_000007.jpg,training/P02/WHITE/C/images/image_000007.jpg,774e04abecaae1e812ac63b9efd1c75d7623c5d259da99cb4d9e0837aac29bee,7454,,,true
P02_WHITE_C_000008,P02,WHITE,C,image_000008.jpg,training/P02/WHITE/C/images/image_000008.jpg,c81c175e5b46d740fd8bb9726260382df84d6ee040301c176b2e0c0cae53f459,6777,,,true
P02_WHITE_C_000009,P02,WHITE,C,image_000009.jpg,training/P02/WHITE/C/images/image_000009.jpg,446a312da1d8712509fc49dd9e250ddb1bbad58b903b836630151dd4b4e0ea04,6747,,,true
P02_WHITE_C_000010,P02,WHITE,C,image_000010.jpg,training/P02/WHITE/C/images/image_000010.jpg,d9f3e95572938bfed2933cccc6191676d5b51ea87354014a8f6418374c378e5c,7198,,,true
P02_WHITE_C_000011,P02,WHITE,C,image_000011.jpg,training/P02/WHITE/C/images/image_000011.jpg,73d36fa00d14eb3ee71e9b12e94ec5fea5af018563d62e758c1a688813d1f05e,7254,,,true
P02_WHITE_C_000012,P02,WHITE,C,image_000012.jpg,training/P02/WHITE/C/images/image_000012.jpg,46cda0c21d7203418bb7ac5783345b0f36ed4a4c3d9462b837113ebc1f89ecf8,6942,,,true
P02_WHITE_C_000013,P02,WHITE,C,image_000013.jpg,training/P02/WHITE/C/images/image_000013.jpg,1aa4554bd250a930e7f6dfb84efb4505394e8ae957acde55cfe6dbc4e2c3ce4b,6811,,,true
P02_WHITE_C_000014,P02,WHITE,C,image_000014.jpg,training/P02/WHITE/C/images/image_000014.jpg,06c7ed8b9cb7ea87795da89be6ccdb29eb837e0f2c9c5dd9fcc25197bdd99ed4,7129,,,true
P02_WHITE_C_000015,P02,WHITE,C,image_000015.jpg,training/P02/WHITE/C/images/image_000015.jpg,fe367d4443229cf1129a057a62cfe5ea1cc66b3f4f97fead54fcd7d012ba9f15,6920,,,true
P02_WHITE_C_000016,P02,WHITE,C,image_000016.jpg,training/P02/WHITE/C/images/image_000016.jpg,e0bf5a337bc05668052c990396f604fecff9eb46e214655fc9270ba6c9e4290b,6691,,,true
P02_WHITE_C_000017,P02,WHITE,C,image_000017.jpg,training/P02/WHITE/C/images/image_000017.jpg,f4993a7051b698805d04b9d023cb992c85fe2e94188be9d6a3f7abdb376e850f,6749,,,true
P02_WHITE_C_000018,P02,WHITE,C,image_000018.jpg,training/P02/WHITE/C/images/image_000018.jpg,b78b5d958132f690b973549456cf1608b11a2df79ce9c8645e48368abc46c92e,7398,,,true
P02_WHITE_C_000019,P02,WHITE,C,image_000019.jpg,training/P02/WHITE/C/images/image_000019.jpg,71a120512dc900b62400392de7983e3cfd64c8a28831be01dbfa66470e044230,6816,,,true
P02_WHITE_C_000020,P02,WHITE,C,image_000020.jpg,training/P02/WHITE/C/images/image_000020.jpg,d91d7b80b6e87bbc259a9ac4e1cd37f5953bb427e5d5f7ce076e401f829b6770,6807,,,true
P02_WHITE_C_000021,P02,WHITE,C,image_000021.jpg,training/P02/WHITE/C/images/image_000021.jpg,1f6e324a0f2b6389a403071046221d2c859294b69a80b986ea0eef31bd9d993b,8065,,,true
P02_WHITE_C_000022,P02,WHITE,C,image_000022.jpg,training/P02/WHITE/C/images/image_000022.jpg,a7b5d633e19a217b0070cf9617e08fb3037f0810d8799254d5d74ba2651e1024,7408,,,true
P02_WHITE_C_000023,P02,WHITE,C,image_000023.jpg,training/P02/WHITE/C/images/image_000023.jpg,33c0da89b127702cb3996ea169cbe8f0c65dd7943678f528dbfd98b5e5749597,7092,,,true
P02_WHITE_C_000024,P02,WHITE,C,image_000024.jpg,training/P02/WHITE/C/images/image_000024.jpg,300e37ba767fa1820036d86b276378be73c3226d1ef3039da803c1ad7e642559,6836,,,true
P02_WHITE_C_000025,P02,WHITE,C,image_000025.jpg,training/P02/WHITE/C/images/image_000025.jpg,624a9b827889b9176dcb1f7faa74af80314aceedffa549e6ddedde0de1feade9,6651,,,true
P02_WHITE_E_000001,P02,WHITE,E,image_000001.jpg,training/P02/WHITE/E/images/image_000001.jpg,8f677b0e1472c233fa09308c7d7d4db56773f5d0dd1340e409767687556a676f,7448,,,true
P02_WHITE_E_000002,P02,WHITE,E,image_000002.jpg,training/P02/WHITE/E/images/image_000002.jpg,1794285398d15fd99fe9dc2307f4fae83bb6db198ac95d336e4dcfa4d7e3833b,7254,,,true
P02_WHITE_E_000003,P02,WHITE,E,image_000003.jpg,training/P02/WHITE/E/images/image_000003.jpg,ede196d3a07eb0d25b3cbf78007e121c47096222c707d97a45b01c3a3b1df7ac,7111,,,true
P02_WHITE_E_000004,P02,WHITE,E,image_000004.jpg,training/P02/WHITE/E/images/image_000004.jpg,ca78384387626a2bf6e56e7b5f4f55a495d40a215efb7c760e9cf361b6f5df61,6784,,,true
P02_WHITE_E_000005,P02,WHITE,E,image_000005.jpg,training/P02/WHITE/E/images/image_000005.jpg,cbbc6b2ba0323d1f7b28c11617c9a6f61a35d78b2d86ccbe42e37b678b77f32c,7366,,,true
P02_WHITE_E_000006,P02,WHITE,E,image_000006.jpg,training/P02/WHITE/E/images/image_000006.jpg,5e1c22e14a96805e26029a7278063607ec3616f11815e6dc63422f2fb357c662,7340,,,true
P02_WHITE_E_000007,P02,WHITE,E,image_000007.jpg,training/P02/WHITE/E/images/image_000007.jpg,512c99ba50451b17a0a0c00a09d2dc81ad7ebd744b880b49da850970088c2f6c,6807,,,true
P02_WHITE_E_000008,P02,WHITE,E,image_000008.jpg,training/P02/WHITE/E/images/image_000008.jpg,be970a50e2e5e21d588b7167753f02ba2f80be24bd81a76bcd92d58aea265b1e,7108,,,true
P02_WHITE_E_000009,P02,WHITE,E,image_000009.jpg,training/P02/WHITE/E/images/image_000009.jpg,647a37016a63e80c3aa109b50b7d7240259709d41996b727648eb94613963f0d,6678,,,true
P02_WHITE_E_000010,P02,WHITE,E,image_000010.jpg,training/P02/WHITE/E/images/image_000010.jpg,832f29aa3f595bdd1e2a137241403faec9d6413299aa5c8d67d3981b3dc53dda,6955,,,true
P02_WHITE_E_000011,P02,WHITE,E,image_000011.jpg,training/P02/WHITE/E/images/image_000011.jpg,4076f39eec5a94e1b0f772592031254f03ee4f4d1b3344bf9a2c7b2622edd2b0,6797,,,true
P02_WHITE_E_000012,P02,WHITE,E,image_000012.jpg,training/P02/WHITE/E/images/image_000012.jpg,b6ac61822f42ae5971cf6c92e93b922b862f7e618231b57ac0380ad8974b69c5,7099,,,true
P02_WHITE_E_000013,P02,WHITE,E,image_000013.jpg,training/P02/WHITE/E/images/image_000013.jpg,0d07c99523a5d4234ee4bf6babe372070fbb750a397a9540096e049db5e875cf,6690,,,true
P02_WHITE_E_000014,P02,WHITE,E,image_000014.jpg,training/P02/WHITE/E/images/image_000014.jpg,461b16c18a48718073335b2744bc8b6493a8a89f75ca9cc241d0d2f242eb9e75,6736,,,true
P02_WHITE_E_000015,P02,WHITE,E,image_000015.jpg,training/P02/WHITE/E/images/image_000015.jpg,c358f8f825a8fab2d4c6b8cb94239a2e2726ebced20762371ca3fac9f00e520c,7000,,,true
P02_WHITE_E_000016,P02,WHITE,E,image_000016.jpg,training/P02/WHITE/E/images/image_000016.jpg,ad9f79d355a6d1aa116b555feb4f351ac5932d135d0ca6fc2bbddd86a5039556,6541,,,true
P02_WHITE_E_000017,P02,WHITE,E,image_000017.jpg,training/P02/WHITE/E/images/image_000017.jpg,f5d9644d8d53cd8dd8f08307ecffd02e8cff2e234b284c5832173bc0a494c32c,7038,,,true
P02_WHITE_E_000018,P02,WHITE,E,image_000018.jpg,training/P02/WHITE/E/images/image_000018.jpg,80a6872ebc41c300488edc5ab9154ad95ec294779a9088867239cb314442c78f,6778,,,true
P02_WHITE_E_000019,P02,WHITE,E,image_000019.jpg,training/P02/WHITE/E/images/image_000019.jpg,fb7ae3a310c621815b7b3872cb7248669520d547c111ed04df73784903e28e65,6708,,,true
P02_WHITE_E_000020,P02,WHITE,E,image_000020.jpg,training/P02/WHITE/E/images/image_000020.jpg,6d8f45de33594bb24090cdc94981913b928980fd724d373e60ac790ce7eb6c44,7074,,,true
P02_WHITE_E_000021,P02,WHITE,E,image_000021.jpg,training/P02/WHITE/E/images/image_000021.jpg,bea828fa65665eb9eeaf6d18bdac9befcb5b86f78786a9911a99f783fb520454,7139,,,true
P02_WHITE_E_000022,P02,WHITE,E,image_000022.jpg,training/P02/WHITE/E/images/image_000022.jpg,35771da5fa8cbb96f1648332c36c55621ec51e0ca3618de4d24332cf83d4875d,6797,,,true
P02_WHITE_E_000023,P02,WHITE,E,image_000023.jpg,training/P02/WHITE/E/images/image_000023.jpg,7f60040487b211244593fcb4276e433d7cd479970cd7dcd6dbcfc894d2e763c0,7127,,,true
P02_WHITE_E_000024,P02,WHITE,E,image_000024.jpg,training/P02/WHITE/E/images/image_000024.jpg,cb509a682eb8ebbeff0b64c9f4e791872064e14eae81221e367f43ea9e1b8310,6644,,,true
P02_WHITE_E_000025,P02,WHITE,E,image_000025.jpg,training/P02/WHITE/E/images/image_000025.jpg,661fb825cd6c341fc1cf5a11e4f10969e6eb4af77c316d89f6a65a7137ca9175,7160,,,true
P02_WHITE_I_000001,P02,WHITE,I,image_000001.jpg,training/P02/WHITE/I/images/image_000001.jpg,0f44a83edf23fe82debd96de4905486971de9439be21781ade9997e8776abb05,8052,,,true
P02_WHITE_I_000002,P02,WHITE,I,image_000002.jpg,training/P02/WHITE/I/images/image_000002.jpg,8bb81db4328c4096f454bfb71cae4ffecb6fb00ad1a7dbd7a5dc31d2c983948d,7070,,,true
P02_WHITE_I_000003,P02,WHITE,I,image_000003.jpg,training/P02/WHITE/I/images/image_000003.jpg,19f17c890a2cd3f4c4242cbdd703f1b97648bccca4211d73eff7d0ad1942b1f7,6718,,,true
P02_WHITE_I_000004,P02,WHITE,I,image_000004.jpg,training/P02/WHITE/I/images/image_000004.jpg,a6b87c31d91568d02c434ac14625c2b9b464913ccc63327132244ab12de2e120,6627,,,true
P02_WHITE_I_000005,P02,WHITE,I,image_000005.jpg,training/P02/WHITE/I/images/image_000005.jpg,19aa2e49aa8d9f066b3e734bb851ad042bd62d0a42f9eda946655588705aa2bd,7104,,,true
P02_WHITE_I_000006,P02,WHITE,I,image_000006.jpg,training/P02/WHITE/I/images/image_000006.jpg,bc0422052fb6e022c86a92834700a3b8eb3a5021d1c8934bc913d82d29bb9082,6991,,,true
P02_WHITE_I_000007,P02,WHITE,I,image_000007.jpg,training/P02/WHITE/I/images/image_000007.jpg,e86993ac542eb8da050af779efea4cd071e1ca79c25d1a6a4f2315cebbc45ab5,6829,,,true
P02_WHITE_I_000008,P02,WHITE,I,image_000008.jpg,training/P02/WHITE/I/images/image_000008.jpg,4faf990cf49e4cb6e62674a5431d2431fea987929aabf92f22f126951964a28e,7062,,,true
P02_WHITE_I_000009,P02,WHITE,I,image_000009.jpg,training/P02/WHITE/I/images/image_000009.jpg,39a5a704ed67a5e0849afa535d21671f5c2c9d828678986a6132a8fd2a9cb0b1,7131,,,true
P02_WHITE_I_000010,P02,WHITE,I,image_000010.jpg,training/P02/WHITE/I/images/image_000010.jpg,6839d48ce82f71010400d162139ec31bcabd38a874cf6db1614c6d99edbb4fda,6645,,,true
P02_WHITE_I_000011,P02,WHITE,I,image_000011.jpg,training/P02/WHITE/I/images/image_000011.jpg,5a6ba3a0a75fb33b760ba86366c883abd6815760be1e1a5267155636f6125cff,6894,,,true
P02_WHITE_I_000012,P02,WHITE,I,image_000012.jpg,training/P02/WHITE/I/images/image_000012.jpg,2567b1ef14e88d58a2e912f28bcdb2e3e586a46823e02596a92bf352f1797f08,6872,,,true
P02_WHITE_I_000013,P02,WHITE,I,image_000013.jpg,training/P02/WHITE/I/images/image_000013.jpg,14e3fa7b249daca23c4aaf279530d5535d3d0c0d445a11cdeb6e5fcaec42dd79,6888,,,true
P02_WHITE_I_000014,P02,WHITE,I,image_000014.jpg,training/P02/WHITE/I/images/image_000014.jpg,d1b9e8244c40e9d186593d5541baa74d37a6500eff3ca5061ee9d1cdd2de564e,6640,,,true
P02_WHITE_I_000015,P02,WHITE,I,image_000015.jpg,training/P02/WHITE/I/images/image_000015.jpg,5d732badfbeb7f8bb364dfaf5951b0f935166e4a66fdca172ef314ec997159fe,6421,,,true
P02_WHITE_I_000016,P02,WHITE,I,image_000016.jpg,training/P02/WHITE/I/images/image_000016.jpg,3ad669e206cf1ebbb5615e6db77092ea5bb2674664645249e08b0803670f6181,6821,,,true
P02_WHITE_I_000017,P02,WHITE,I,image_000017.jpg,training/P02/WHITE/I/images/image_000017.jpg,699d75189c853bf5f84238df0449a3fd9ebb1b2f8ef2f7c49770309b16bd42f6,6712,,,true
P02_WHITE_I_000018,P02,WHITE,I,image_000018.jpg,training/P02/WHITE/I/images/image_000018.jpg,b0f9282695a6764b180b6fdae0b71255f45930c924bfa6ace527c44a5534b203,6601,,,true
P02_WHITE_I_000019,P02,WHITE,I,image_000019.jpg,training/P02/WHITE/I/images/image_000019.jpg,84857f6596874664d886f944b5bd739c00305b8ff483852793c38b50801bd02e,7119,,,true
P02_WHITE_I_000020,P02,WHITE,I,image_000020.jpg,training/P02/WHITE/I/images/image_000020.jpg,b2ddc545351440b75a045b4a8d893f2197f3f532dda017e004949185e4e70c20,7189,,,true
P02_WHITE_I_000021,P02,WHITE,I,image_000021.jpg,training/P02/WHITE/I/images/image_000021.jpg,6b5b8eeae867091eb10d26e971b2195ec82e7b5dcaa0defa172416e925735971,6798,,,true
P02_WHITE_I_000022,P02,WHITE,I,image_000022.jpg,training/P02/WHITE/I/images/image_000022.jpg,63fb73af7aa8ddc24751ceda29aa17b406028313a8332dc1bea0cc7c2a5f7ffd,6589,,,true
P02_WHITE_I_000023,P02,WHITE,I,image_000023.jpg,training/P02/WHITE/I/images/image_000023.jpg,f4c7562b29f63eeaa44969e4cd39b540f4e00ee91f43ff861185d5761acbdce0,6677,,,true
P02_WHITE_I_000024,P02,WHITE,I,image_000024.jpg,training/P02/WHITE/I/images/image_000024.jpg,a2e3323c50d391b4ea5fb37aaa761b5d2166af3e012a8346b4287802cfc16a9a,7148,,,true
P02_WHITE_I_000025,P02,WHITE,I,image_000025.jpg,training/P02/WHITE/I/images/image_000025.jpg,65ea2dd2fe20d4481b45bcd57c02f0d08c3c50ffc632f7bbfc2c1db7a1530843,6700,,,true
P02_WHITE_L_000001,P02,WHITE,L,image_000001.jpg,training/P02/WHITE/L/images/image_000001.jpg,3c3ff741d3405aec424c4ddc7c9eaafd402506245305bde5fa7b3e53448c3420,8238,,,true
P02_WHITE_L_000002,P02,WHITE,L,image_000002.jpg,training/P02/WHITE/L/images/image_000002.jpg,f13401056459b47f56a780b3250306d6ae8a325c302f21b7df750d0812a7a2c5,7517,,,true
P02_WHITE_L_000003,P02,WHITE,L,image_000003.jpg,training/P02/WHITE/L/images/image_000003.jpg,6edb5ccfcc1964b7d5b05209ea3b732e6ca8e4a66d73cce0842d01749a2315dd,7124,,,true
P02_WHITE_L_000004,P02,WHITE,L,image_000004.jpg,training/P02/WHITE/L/images/image_000004.jpg,f8ae7b240eb3609dca5672d509dce77b676cf9bc57e850793b86772e1d16bb5d,7066,,,true
P02_WHITE_L_000005,P02,WHITE,L,image_000005.jpg,training/P02/WHITE/L/images/image_000005.jpg,0d6afbadcda250e04223268b5756a96fddf79706d800a87900a942787c4ff74f,7536,,,true
P02_WHITE_L_000006,P02,WHITE,L,image_000006.jpg,training/P02/WHITE/L/images/image_000006.jpg,db460c7dd1bce22bdd50db6e6e49e50d8224ba408fa3011a7613531818fffec6,6899,,,true
P02_WHITE_L_000007,P02,WHITE,L,image_000007.jpg,training/P02/WHITE/L/images/image_000007.jpg,a936172a0e15ec12acc56fde0cfb55f88872cd568ce2b115a5c07e9cbbfad8f0,6594,,,true
P02_WHITE_L_000008,P02,WHITE,L,image_000008.jpg,training/P02/WHITE/L/images/image_000008.jpg,5a75c45cbca639895e335b298ef8f04d14d127863165e3a96376f6a52c850a32,6546,,,true
P02_WHITE_L_000009,P02,WHITE,L,image_000009.jpg,training/P02/WHITE/L/images/image_000009.jpg,f1b07abcbc5af9ae589b35b5ce25a3a90d78df133acee03bf6c351322c0eadc9,6462,,,true
P02_WHITE_L_000010,P02,WHITE,L,image_000010.jpg,training/P02/WHITE/L/images/image_000010.jpg,278c2b7ab01de7e926635d026dea6f789992c8c94a721db77598dbaa24164087,6668,,,true
P02_WHITE_L_000011,P02,WHITE,L,image_000011.jpg,training/P02/WHITE/L/images/image_000011.jpg,462e986293f5da925823d3672566eced6be3deab7fc983d097c813668e144746,6909,,,true
P02_WHITE_L_000012,P02,WHITE,L,image_000012.jpg,training/P02/WHITE/L/images/image_000012.jpg,d30da967214bc1a4b59ba5c6a45db0b1f34a19c45e852e56176b5932c4009c9c,6730,,,true
P02_WHITE_L_000013,P02,WHITE,L,image_000013.jpg,training/P02/WHITE/L/images/image_000013.jpg,8a054c31085b01bea4d5267d570bd1fa24117f5437918db45887094b144bb3ce,6442,,,true
P02_WHITE_L_000014,P02,WHITE,L,image_000014.jpg,training/P02/WHITE/L/images/image_000014.jpg,c5a0155694591df0babc96a9e589d34f45a08753150e5456de21a3b2ec5acf29,6930,,,true
P02_WHITE_L_000015,P02,WHITE,L,image_000015.jpg,training/P02/WHITE/L/images/image_000015.jpg,f92bf23e36cc443517cec0ebedf1c4e24fc67c165a1fda4a2e66b44b907cd79f,7217,,,true
P02_WHITE_L_000016,P02,WHITE,L,image_000016.jpg,training/P02/WHITE/L/images/image_000016.jpg,19e331cba8a85e78c3d7a971dd8913968f940e1a2336e552418d08205aa3a7c7,7228,,,true
P02_WHITE_L_000017,P02,WHITE,L,image_000017.jpg,training/P02/WHITE/L/images/image_000017.jpg,f002e7857cb02a5014382c38125e0ba6a908260794f2bbd3652b73f58b061a21,7134,,,true
P02_WHITE_L_000018,P02,WHITE,L,image_000018.jpg,training/P02/WHITE/L/images/image_000018.jpg,9be3cbfdc12fc109112df554fac010ee36c4989eebc68a2d184026832a5a75b5,6826,,,true
P02_WHITE_L_000019,P02,WHITE,L,image_000019.jpg,training/P02/WHITE/L/images/image_000019.jpg,61b4956beaf54a7453e15ebf57699df0fefd4634b6e14bfddc9e8a7b6afca702,6486,,,true
P02_WHITE_L_000020,P02,WHITE,L,image_000020.jpg,training/P02/WHITE/L/images/image_000020.jpg,a47cd5190b23502b89b05b70d41659a367a95206b7de6abf9d90b74b9ba9a048,6533,,,true
P02_WHITE_L_000021,P02,WHITE,L,image_000021.jpg,training/P02/WHITE/L/images/image_000021.jpg,85efe7d031e62c4c1cfc48448b543324e00904d16afebfab9434835039b08d7d,6775,,,true
P02_WHITE_L_000022,P02,WHITE,L,image_000022.jpg,training/P02/WHITE/L/images/image_000022.jpg,86bf91d285e6bd37e2d4532fdc1e25f77dfc7fc43bd7298f67d052412d2f76da,6898,,,true
P02_WHITE_L_000023,P02,WHITE,L,image_000023.jpg,training/P02/WHITE/L/images/image_000023.jpg,ce3338444f0d3dfdd85f77135eb80a88a188c1e646c3b8f84603974f33c850b9,6588,,,true
P02_WHITE_L_000024,P02,WHITE,L,image_000024.jpg,training/P02/WHITE/L/images/image_000024.jpg,aad6719e4140ba419e9cf40c54dd60b9df1f053a1b3d37c61ae76f9ff5d58e09,6799,,,true
P02_WHITE_L_000025,P02,WHITE,L,image_000025.jpg,training/P02/WHITE/L/images/image_000025.jpg,407274f9b189c255698c2e7b8631c45425c6f8b200557be96d0c40be207ce84d,7052,,,true
P02_WHITE_M_000001,P02,WHITE,M,image_000001.jpg,training/P02/WHITE/M/images/image_000001.jpg,c63b5e99df39e22cbc4e3ba09fa0ffb435d1cd5dc4dce8ec85c1c32419d0bc21,7678,,,true
P02_WHITE_M_000002,P02,WHITE,M,image_000002.jpg,training/P02/WHITE/M/images/image_000002.jpg,6a830bb4e58b904b06cb3bd1cc2d231fe300f4a444ec8c0130df08670b1fecf4,7894,,,true
P02_WHITE_M_000003,P02,WHITE,M,image_000003.jpg,training/P02/WHITE/M/images/image_000003.jpg,d2074afb52d4fa54040c9607c0150c336bc9130e7c4161df40521a487385cb0c,7260,,,true
P02_WHITE_M_000004,P02,WHITE,M,image_000004.jpg,training/P02/WHITE/M/images/image_000004.jpg,e5d626aa989af8634f616ac8dec3b63f38526059a97035d09cf3b8d649e3399b,7973,,,true
P02_WHITE_M_000005,P02,WHITE,M,image_000005.jpg,training/P02/WHITE/M/images/image_000005.jpg,e7edc89cb45dd7e84a99e0eb5a395d4ee83517cb0704d663616db853607a8592,7490,,,true
P02_WHITE_M_000006,P02,WHITE,M,image_000006.jpg,training/P02/WHITE/M/images/image_000006.jpg,d3d71c0c90f4526f60d5c2b574ac854f979e085c25e05a034a6ce7fe286886b2,7286,,,true
P02_WHITE_M_000007,P02,WHITE,M,image_000007.jpg,training/P02/WHITE/M/images/image_000007.jpg,12dc93365b8de136001e636df0c9e3bc1b6a0791499662dacef452936cdfc573,7652,,,true
P02_WHITE_M_000008,P02,WHITE,M,image_000008.jpg,training/P02/WHITE/M/images/image_000008.jpg,b003e8a667213f4248d53f29b3e18518b22422a6ef1f8f6f86d76caae1a169a2,7013,,,true
P02_WHITE_M_000009,P02,WHITE,M,image_000009.jpg,training/P02/WHITE/M/images/image_000009.jpg,f5ac4e0cfb26154418199584e5c10cb62f88b2cd2baba8073b664dd82a7c1c82,7503,,,true
P02_WHITE_M_000010,P02,WHITE,M,image_000010.jpg,training/P02/WHITE/M/images/image_000010.jpg,62bfae32e0addedb537ba8ef0b8b24e02a905241992392b25305873216a5d3fd,7354,,,true
P02_WHITE_M_000011,P02,WHITE,M,image_000011.jpg,training/P02/WHITE/M/images/image_000011.jpg,931f68e7a909004a17be237f9ddd95de4ac6a926e67dfa168685ea8ef930543f,7205,,,true
P02_WHITE_M_000012,P02,WHITE,M,image_000012.jpg,training/P02/WHITE/M/images/image_000012.jpg,8d82ba6bee785be6e7b077e516ff22239fd3996a1cf913e60099263f60dbf114,7619,,,true
P02_WHITE_M_000013,P02,WHITE,M,image_000013.jpg,training/P02/WHITE/M/images/image_000013.jpg,0e587080a33126091414d48b5d8b1008ac02de514013c48138d1e028b185be41,6836,,,true
P02_WHITE_M_000014,P02,WHITE,M,image_000014.jpg,training/P02/WHITE/M/images/image_000014.jpg,fc19032d3f9c92b2f8f54e7993f33eab70f5a9a2a4cc3051f1705bf2a136f167,6821,,,true
P02_WHITE_M_000015,P02,WHITE,M,image_000015.jpg,training/P02/WHITE/M/images/image_000015.jpg,944297615bd8720ada67da28ce24a7745b8ff1bcbddd59b319f2bbde7c869ec2,7095,,,true
P02_WHITE_M_000016,P02,WHITE,M,image_000016.jpg,training/P02/WHITE/M/images/image_000016.jpg,fdf93e2e1d406ed2635af06e89b060c558416cb268f71fd13020077b88726358,7000,,,true
P02_WHITE_M_000017,P02,WHITE,M,image_000017.jpg,training/P02/WHITE/M/images/image_000017.jpg,8d5845d973525d5a4409e6befea2be97b795b2ed96115de2982c35ea891cc914,7807,,,true
P02_WHITE_M_000018,P02,WHITE,M,image_000018.jpg,training/P02/WHITE/M/images/image_000018.jpg,89f91cefdeb8bb8f0519c70b891f668b983d8ee3624864001f3a23993ff0f0f6,7087,,,true
P02_WHITE_M_000019,P02,WHITE,M,image_000019.jpg,training/P02/WHITE/M/images/image_000019.jpg,eb472919662d06ea3958c09206576cc8d381f8fc1820f18dc04139796d2cb399,8308,,,true
P02_WHITE_M_000020,P02,WHITE,M,image_000020.jpg,training/P02/WHITE/M/images/image_000020.jpg,fc22124c3be47bfae02b0224d58a105164eb6e125e012e7aa2f4948ecfc62e55,7922,,,true
P02_WHITE_M_000021,P02,WHITE,M,image_000021.jpg,training/P02/WHITE/M/images/image_000021.jpg,c929918be32498780872ae723aa42c5771aa19b20d0aea6486635431f617951a,7261,,,true
P02_WHITE_M_000022,P02,WHITE,M,image_000022.jpg,training/P02/WHITE/M/images/image_000022.jpg,e0ab60594bca8fe649065d8b48da10736ff30b52b8824828d96f624395b88265,6989,,,true
P02_WHITE_M_000023,P02,WHITE,M,image_000023.jpg,training/P02/WHITE/M/images/image_000023.jpg,a175f65ea0981e65502828fdae1871cdab92cfff26d776cb1d4736cdb9ab3336,7574,,,true
P02_WHITE_M_000024,P02,WHITE,M,image_000024.jpg,training/P02/WHITE/M/images/image_000024.jpg,b7e7ebaee7741c04e60afc81abea3d9b11a10242f70b5f8286571c8e9c3abfe8,7410,,,true
P02_WHITE_M_000025,P02,WHITE,M,image_000025.jpg,training/P02/WHITE/M/images/image_000025.jpg,dd7396905c521c57f55fec5faa52f2236c6f155ee2ea9154800214170ca92f41,7288,,,true
P02_WHITE_N_000001,P02,WHITE,N,image_000001.jpg,training/P02/WHITE/N/images/image_000001.jpg,ba95ee1754c75fea7b7f3e3b6e8d9a1a5d596f38c79e8f3c5fbde9f3d3ffb72a,7950,,,true
P02_WHITE_N_000002,P02,WHITE,N,image_000002.jpg,training/P02/WHITE/N/images/image_000002.jpg,e303c5401907a66a4b3a83ebca4a930dc6476ee41cf81c737723e2cb287eaf46,7065,,,true
P02_WHITE_N_000003,P02,WHITE,N,image_000003.jpg,training/P02/WHITE/N/images/image_000003.jpg,c27c1637a2224468196809e66d561dc68e7dd4455b2e1c170f142147f9d34965,6939,,,true
P02_WHITE_N_000004,P02,WHITE,N,image_000004.jpg,training/P02/WHITE/N/images/image_000004.jpg,bbd52666339fbec70e9cede8597eaa47da7031f9a92b4e2cdbde01bedfe1f4c6,7361,,,true
P02_WHITE_N_000005,P02,WHITE,N,image_000005.jpg,training/P02/WHITE/N/images/image_000005.jpg,91dd177a2a28a0bc04a62351a302329348a29c573fb30e89b3e80ca38560cbf5,6712,,,true
P02_WHITE_N_000006,P02,WHITE,N,image_000006.jpg,training/P02/WHITE/N/images/image_000006.jpg,633ef85f8e0c0fff2ec52ff37a97b629d382f24dea63b15e13a79dc8c315a109,7422,,,true
P02_WHITE_N_000007,P02,WHITE,N,image_000007.jpg,training/P02/WHITE/N/images/image_000007.jpg,0a4d62d389b9b41841d089fb4348d0e475655923aca14d93c405f3e059f58661,7049,,,true
P02_WHITE_N_000008,P02,WHITE,N,image_000008.jpg,training/P02/WHITE/N/images/image_000008.jpg,ec3a2dead4887ecfff3576d323ae0dd29bdbc66fd7ded901d67c5aeac24c5930,7148,,,true
P02_WHITE_N_000009,P02,WHITE,N,image_000009.jpg,training/P02/WHITE/N/images/image_000009.jpg,c9af9c6e0661ddb30129be1873abc354ba1fd2828be3cdd1b77e3afda66aa5c3,7684,,,true
P02_WHITE_N_000010,P02,WHITE,N,image_000010.jpg,training/P02/WHITE/N/images/image_000010.jpg,9338b4aae846fe2ec02c456a4c9a1fec81c23916d943f6aa2b2a4070df665883,7211,,,true
P02_WHITE_N_000011,P02,WHITE,N,image_000011.jpg,training/P02/WHITE/N/images/image_000011.jpg,553f94a85976e5bf4fabc0e931a6b20f0b4a3fc18fb544508ee5ecd5feb7733d,7432,,,true
P02_WHITE_N_000012,P02,WHITE,N,image_000012.jpg,training/P02/WHITE/N/images/image_000012.jpg,525dfa0a1f5ca4ff993ab6a27e85557e039e7ea36135e7867e2bc7cbd1858f95,6519,,,true
P02_WHITE_N_000013,P02,WHITE,N,image_000013.jpg,training/P02/WHITE/N/images/image_000013.jpg,363062170b00b3fdf846bdf147dd2e1decede2b031bf67a4e29423955ae3189e,6881,,,true
P02_WHITE_N_000014,P02,WHITE,N,image_000014.jpg,training/P02/WHITE/N/images/image_000014.jpg,9cee15b34c7900da76f41b5b84ee762eff11faf99b6d9fef92a20221e4b6f8d4,7091,,,true
P02_WHITE_N_000015,P02,WHITE,N,image_000015.jpg,training/P02/WHITE/N/images/image_000015.jpg,c94b111f3714d319293e637841d38899ff3aa42db5ca0d3bc1f0c7e4ff119e80,6699,,,true
P02_WHITE_N_000016,P02,WHITE,N,image_000016.jpg,training/P02/WHITE/N/images/image_000016.jpg,9c6137564d8011c71b5a1eaf4117aee143e6802d17cafd6fb662587966e0bc17,6924,,,true
P02_WHITE_N_000017,P02,WHITE,N,image_000017.jpg,training/P02/WHITE/N/images/image_000017.jpg,64cfcc33d13152d9bfb590801bbd7236145546754e7b7f94765520f9453d266c,7473,,,true
P02_WHITE_N_000018,P02,WHITE,N,image_000018.jpg,training/P02/WHITE/N/images/image_000018.jpg,c599f553e91089263802d4f57a53b2c7d8e5cec2fe9e37f94207f7886357c666,7321,,,true
P02_WHITE_N_000019,P02,WHITE,N,image_000019.jpg,training/P02/WHITE/N/images/image_000019.jpg,f3721bb6f02a5bcbfbefccc1888615538172ec5cf7203dcb32904851be45ef16,7237,,,true
P02_WHITE_N_000020,P02,WHITE,N,image_000020.jpg,training/P02/WHITE/N/images/image_000020.jpg,40f1ba45b883aec85d3609022157c73714adea96a881275ac198f26808ad199a,7494,,,true
P02_WHITE_N_000021,P02,WHITE,N,image_000021.jpg,training/P02/WHITE/N/images/image_000021.jpg,853c0df4a994981b264d8f72a32072b09bf3a2d92cf689e04a41e6e14e64275b,7604,,,true
P02_WHITE_N_000022,P02,WHITE,N,image_000022.jpg,training/P02/WHITE/N/images/image_000022.jpg,e4167c620c78e631ac280c52b43ba93437cae4920c7dcd8bf66688214f4e3459,7651,,,true
P02_WHITE_N_000023,P02,WHITE,N,image_000023.jpg,training/P02/WHITE/N/images/image_000023.jpg,8b143601d1aecbd849255e95430cedf8b5eebae99ad8054370d0d26d77b4f0c3,7414,,,true
P02_WHITE_N_000024,P02,WHITE,N,image_000024.jpg,training/P02/WHITE/N/images/image_000024.jpg,82c8b2971baf8c687defb7a3254a4996ebd684e99318df7133c94ae365076882,7242,,,true
P02_WHITE_N_000025,P02,WHITE,N,image_000025.jpg,training/P02/WHITE/N/images/image_000025.jpg,2861f1d059a99d6dc2f127cf4af329d3cfcd9a7901daae4356611c5c7204b340,7471,,,true
P02_WHITE_O_000001,P02,WHITE,O,image_000001.jpg,training/P02/WHITE/O/images/image_000001.jpg,fd2f18504308aec5f3fdc99a5b8686f93ab74494f6c9c4669a6d539639af9b25,7429,,,true
P02_WHITE_O_000002,P02,WHITE,O,image_000002.jpg,training/P02/WHITE/O/images/image_000002.jpg,94d39073ef47a94a2bfd48a2a020f40c86f3820305e7adcefdf8763c9cae6a09,7653,,,true
P02_WHITE_O_000003,P02,WHITE,O,image_000003.jpg,training/P02/WHITE/O/images/image_000003.jpg,b87b4bd8aee38e35bc3b978a7f82e6f52dbb366092cc62fccd1f50aa54182e36,7846,,,true
P02_WHITE_O_000004,P02,WHITE,O,image_000004.jpg,training/P02/WHITE/O/images/image_000004.jpg,99b6b64b252a8a6f7068299f5d79724a7bd57174e4ac6e168007a4cb5981d598,8151,,,true
P02_WHITE_O_000005,P02,WHITE,O,image_000005.jpg,training/P02/WHITE/O/images/image_000005.jpg,df6578101de6b740e7bb7773162d2cccf90cbb044dcbd724cad56efeecffde0b,7874,,,true
P02_WHITE_O_000006,P02,WHITE,O,image_000006.jpg,training/P02/WHITE/O/images/image_000006.jpg,141cc47db2d803f6ed173bd758a3f987430127b31f8ceaf9d41d19a01cb350b6,8192,,,true
P02_WHITE_O_000007,P02,WHITE,O,image_000007.jpg,training/P02/WHITE/O/images/image_000007.jpg,9915acc778ee40032e2d37b29c1f2b16e6f35c59d28a43ec7cff4e90bfa5ea17,8321,,,true
P02_WHITE_O_000008,P02,WHITE,O,image_000008.jpg,training/P02/WHITE/O/images/image_000008.jpg,bd4e2f53bd6042f0eeb42d4512b1f88f2a9fbccff13bfbb13111ce447b8662fc,8282,,,true
P02_WHITE_O_000009,P02,WHITE,O,image_000009.jpg,training/P02/WHITE/O/images/image_000009.jpg,dfb1c4e0e4f085553e6c9aee4287bccb0363bb8750c6bfda12db9063cc4e60c5,7926,,,true
P02_WHITE_O_000010,P02,WHITE,O,image_000010.jpg,training/P02/WHITE/O/images/image_000010.jpg,53f85225e0c35a73ec5ce44531fc73b6fb908ef65d1818c103cba0f5de07240a,8000,,,true
P02_WHITE_O_000011,P02,WHITE,O,image_000011.jpg,training/P02/WHITE/O/images/image_000011.jpg,9f9f7bb2d5eeed87eaacfdbaeaef2c47054c2154d72a8011fa5ad0d18d28a8d3,8599,,,true
P02_WHITE_O_000012,P02,WHITE,O,image_000012.jpg,training/P02/WHITE/O/images/image_000012.jpg,db674a203ea7c1b10a3befd947d3d69d8fa8ab8c123933762e16f15c28994e72,7752,,,true
P02_WHITE_O_000013,P02,WHITE,O,image_000013.jpg,training/P02/WHITE/O/images/image_000013.jpg,ae79d5553226935f9d83f4ffb0996ea7723aeb9347825d7096d9bb3ac15beeeb,7529,,,true
P02_WHITE_O_000014,P02,WHITE,O,image_000014.jpg,training/P02/WHITE/O/images/image_000014.jpg,68df786b6e4fa2c375b50d2c439e531e02d8a1a8b7e24e614555496c46fa674b,7109,,,true
P02_WHITE_O_000015,P02,WHITE,O,image_000015.jpg,training/P02/WHITE/O/images/image_000015.jpg,bee57e44a18290c1f0cc111e865566972537497d2d039cffeb952ad9f51d782e,7718,,,true
P02_WHITE_O_000016,P02,WHITE,O,image_000016.jpg,training/P02/WHITE/O/images/image_000016.jpg,114708777ae05ec3221e056a20462351955343a64b7061d0cab5b18e83b2c817,7934,,,true
P02_WHITE_O_000017,P02,WHITE,O,image_000017.jpg,training/P02/WHITE/O/images/image_000017.jpg,7d90117b4199fab14c1b0b5d61ccbaabd50deda81dbb529712d70a0a6dcd9827,7545,,,true
P02_WHITE_O_000018,P02,WHITE,O,image_000018.jpg,training/P02/WHITE/O/images/image_000018.jpg,90151d20e8502a304f966d4907ea982690ef74d9d56f2f90726789a2542a6674,8319,,,true
P02_WHITE_O_000019,P02,WHITE,O,image_000019.jpg,training/P02/WHITE/O/images/image_000019.jpg,da748c5250a35680d5fe366f638a1a65ad4042a26ad3a94ec330f493aad1228e,7869,,,true
P02_WHITE_O_000020,P02,WHITE,O,image_000020.jpg,training/P02/WHITE/O/images/image_000020.jpg,43be0ced39c072433e63324a2e4dd6cc5f41724446ac1433f7f25372dd089efc,7583,,,true
P02_WHITE_O_000021,P02,WHITE,O,image_000021.jpg,training/P02/WHITE/O/images/image_000021.jpg,f0aa4e57609ae17cd53c82e8c514b9af3d0585a09865b50b0720465040b86aad,7817,,,true
P02_WHITE_O_000022,P02,WHITE,O,image_000022.jpg,training/P02/WHITE/O/images/image_000022.jpg,4dc434ee4f7fc2c750c296c49515a10e0ba177df0a27dc2b0627b7eada2d51ca,7625,,,true
P02_WHITE_O_000023,P02,WHITE,O,image_000023.jpg,training/P02/WHITE/O/images/image_000023.jpg,7dd0fb122a0efea8d5c77666bfeb8c15d630a71f399a77ba6323265183fe1313,7724,,,true
P02_WHITE_O_000024,P02,WHITE,O,image_000024.jpg,training/P02/WHITE/O/images/image_000024.jpg,7efca11d49a118d63354443b4a00a0471346853a4fa00cd857ea674ddd652f2f,8217,,,true
P02_WHITE_O_000025,P02,WHITE,O,image_000025.jpg,training/P02/WHITE/O/images/image_000025.jpg,b6ef7e42b0cb1a8c577c321dd2f146897dfe6d3887a6e445ab702d915340d87b,7557,,,true
P02_WHITE_P_000001,P02,WHITE,P,image_000001.jpg,training/P02/WHITE/P/images/image_000001.jpg,80e7b362fc3c435a5afb2580fd57eddd14774df87031337a0845c9c3d94a0d1e,7188,,,true
P02_WHITE_P_000002,P02,WHITE,P,image_000002.jpg,training/P02/WHITE/P/images/image_000002.jpg,5d8adbc69b57aefcd48bdd3bf82ec66178f74d1a510f198735632272f0ffcb5a,7127,,,true
P02_WHITE_P_000003,P02,WHITE,P,image_000003.jpg,training/P02/WHITE/P/images/image_000003.jpg,ce52b6e83375be3c09bb0f3843cddef05fa9f58764f103c9823ae98212ac3c46,6315,,,true
P02_WHITE_P_000004,P02,WHITE,P,image_000004.jpg,training/P02/WHITE/P/images/image_000004.jpg,6528d12e5bff713474dd7e5a11b2fa639b0e952119b0e79ad765b389f8a7cd5c,6688,,,true
P02_WHITE_P_000005,P02,WHITE,P,image_000005.jpg,training/P02/WHITE/P/images/image_000005.jpg,f670160cb33f0f78ae50bed85d787ac89597fcc30c5668b6b065d648b345f879,7204,,,true
P02_WHITE_P_000006,P02,WHITE,P,image_000006.jpg,training/P02/WHITE/P/images/image_000006.jpg,2c16533b336b02635dd5e3665c860236b9904c17bf6ab4a24d73ec4701fd210d,7309,,,true
P02_WHITE_P_000007,P02,WHITE,P,image_000007.jpg,training/P02/WHITE/P/images/image_000007.jpg,652a76a73f64366284428c07f8336ddb175d50830f3feec36ae8098bd4cce5c1,6275,,,true
P02_WHITE_P_000008,P02,WHITE,P,image_000008.jpg,training/P02/WHITE/P/images/image_000008.jpg,fc054f7b3ba633f294281fc5bbcf3b584263d0afea345bf0ab5ae8ca78859b81,6662,,,true
P02_WHITE_P_000009,P02,WHITE,P,image_000009.jpg,training/P02/WHITE/P/images/image_000009.jpg,b819e2e4e1b6e87db431ed41ef255a0e83e0b6ed9cbd269a48f9d4899302082b,7377,,,true
P02_WHITE_P_000010,P02,WHITE,P,image_000010.jpg,training/P02/WHITE/P/images/image_000010.jpg,26e90ffce04fb28a64b089fcd431bc6107b429c91ac6a430bed1e40329fc4d3c,7336,,,true
P02_WHITE_P_000011,P02,WHITE,P,image_000011.jpg,training/P02/WHITE/P/images/image_000011.jpg,83246978661fa7a45f73d4413ffc04a18cf54e3abc13d4502edaa24084b95bbd,7552,,,true
P02_WHITE_P_000012,P02,WHITE,P,image_000012.jpg,training/P02/WHITE/P/images/image_000012.jpg,0039ee564bb7c308b6cd69bc324a79a6e98afb0b867cf632b00404b59d1fa1a8,7354,,,true
P02_WHITE_P_000013,P02,WHITE,P,image_000013.jpg,training/P02/WHITE/P/images/image_000013.jpg,5ce482cb3e441bb65dfd5bd95fbb5e5b856b015a3fc3bd275c0b2ebfd50a44a8,7038,,,true
P02_WHITE_P_000014,P02,WHITE,P,image_000014.jpg,training/P02/WHITE/P/images/image_000014.jpg,810feddbb606f49391d4e6b3837cc5b526cdb4c817f63545ebe3f13c34cc8d8c,7393,,,true
P02_WHITE_P_000015,P02,WHITE,P,image_000015.jpg,training/P02/WHITE/P/images/image_000015.jpg,38d268cdc8dc495f7a42857408996eef9b85200ba8332a825aca5c2b9e3656ee,6813,,,true
P02_WHITE_P_000016,P02,WHITE,P,image_000016.jpg,training/P02/WHITE/P/images/image_000016.jpg,8024f25dbbbd3e9029f09634dd0c0b6c464082270a7c496ba89c37a088391f71,7239,,,true
P02_WHITE_P_000017,P02,WHITE,P,image_000017.jpg,training/P02/WHITE/P/images/image_000017.jpg,4ca392fc096d722d7cb9ec24567f368455d13852674eb8b8fed95fb18a1011ac,6828,,,true
P02_WHITE_P_000018,P02,WHITE,P,image_000018.jpg,training/P02/WHITE/P/images/image_000018.jpg,9a6d47e78a0a72b8848f48cfa4b0930dcf22863106640127edb0dcae43c60fc2,6905,,,true
P02_WHITE_P_000019,P02,WHITE,P,image_000019.jpg,training/P02/WHITE/P/images/image_000019.jpg,f4f0ad6a4baef1e418f1b6aa7bc12d222a3cca86e85423e4ad2c95c913b3624c,6859,,,true
P02_WHITE_P_000020,P02,WHITE,P,image_000020.jpg,training/P02/WHITE/P/images/image_000020.jpg,2b0ee779b1c743fca55a7f116142e0f8110b2d90b80195b0472de1a26242b903,6863,,,true
P02_WHITE_P_000021,P02,WHITE,P,image_000021.jpg,training/P02/WHITE/P/images/image_000021.jpg,69924a5608649a7f1f97ee5b86285f9ed3307acce2634c1f87837ac7caffc9c4,7169,,,true
P02_WHITE_P_000022,P02,WHITE,P,image_000022.jpg,training/P02/WHITE/P/images/image_000022.jpg,133dca820e8d2e5461feb75800c997c8336207d46fe3ea9619d866f5a9516225,6755,,,true
P02_WHITE_P_000023,P02,WHITE,P,image_000023.jpg,training/P02/WHITE/P/images/image_000023.jpg,332d25948399d8b59d80e7842b199c832bcb63b5f477661adb89a8f05faa146d,7381,,,true
P02_WHITE_P_000024,P02,WHITE,P,image_000024.jpg,training/P02/WHITE/P/images/image_000024.jpg,cd039eacf2a224f7d11e8bd877434ff42edf88420070fa768772a4dccdf47d9b,7477,,,true
P02_WHITE_P_000025,P02,WHITE,P,image_000025.jpg,training/P02/WHITE/P/images/image_000025.jpg,79e770083109ba196df1f7f4a8b1b45d949f2bc89a43b2957479b32bc2035d96,6729,,,true
P02_WHITE_R_000001,P02,WHITE,R,image_000001.jpg,training/P02/WHITE/R/images/image_000001.jpg,96341759026b87be75512e790e131d56a347fc6de7d66bc6881ec3ea05699138,7832,,,true
P02_WHITE_R_000002,P02,WHITE,R,image_000002.jpg,training/P02/WHITE/R/images/image_000002.jpg,126d518687cbb728d34d54d7472a8ef0449d1ed2a8c16b22e08a928b77a8d6f8,6740,,,true
P02_WHITE_R_000003,P02,WHITE,R,image_000003.jpg,training/P02/WHITE/R/images/image_000003.jpg,90e4a66a6fb162f5931c939ec7d0773c5acd01d97a28571d1887b09cce900e37,7015,,,true
P02_WHITE_R_000004,P02,WHITE,R,image_000004.jpg,training/P02/WHITE/R/images/image_000004.jpg,6cf7f85843c34d769c82d549cee6aa2305468b4c2b0a8750a41693f9ed9ee4c5,6572,,,true
P02_WHITE_R_000005,P02,WHITE,R,image_000005.jpg,training/P02/WHITE/R/images/image_000005.jpg,b203d0e5ebe7e77bb3cbe8bca467d16bdf81c28e71dcf5bb4264e37f77e3d34d,6942,,,true
P02_WHITE_R_000006,P02,WHITE,R,image_000006.jpg,training/P02/WHITE/R/images/image_000006.jpg,0f2257ba7f5463782896d0c8d063183f0e6a7597812a87a6c5ffa893f2ddfb9a,6687,,,true
P02_WHITE_R_000007,P02,WHITE,R,image_000007.jpg,training/P02/WHITE/R/images/image_000007.jpg,56c062fa9ba251123991ffa3d5011d99fc5b0b4e5cb8f1eabbe2f27d8e7b092d,7088,,,true
P02_WHITE_R_000008,P02,WHITE,R,image_000008.jpg,training/P02/WHITE/R/images/image_000008.jpg,058d1dfaef170e4f19de875ed2b59c29f9b064981e880fa2eed5e786395ad89e,6632,,,true
P02_WHITE_R_000009,P02,WHITE,R,image_000009.jpg,training/P02/WHITE/R/images/image_000009.jpg,daed878bdc310a37b848b4a967fab1ae904b9e34f345c853161bc0d95c7627e4,6539,,,true
P02_WHITE_R_000010,P02,WHITE,R,image_000010.jpg,training/P02/WHITE/R/images/image_000010.jpg,377b6e6bd11743d6ed106057145ea65386778f083bdf9f30a1b55737410f6666,6313,,,true
P02_WHITE_R_000011,P02,WHITE,R,image_000011.jpg,training/P02/WHITE/R/images/image_000011.jpg,7480013e201bf71c02df428753eac33bd31341b46321ff3d598007e056e71da6,6417,,,true
P02_WHITE_R_000012,P02,WHITE,R,image_000012.jpg,training/P02/WHITE/R/images/image_000012.jpg,f8a84ebe997f7ce1aa01587eedfdbc8735aeb38dd3921980c998b6978feb22cc,6591,,,true
P02_WHITE_R_000013,P02,WHITE,R,image_000013.jpg,training/P02/WHITE/R/images/image_000013.jpg,80b4c1aa4d3d9ef2987f0911aa13240ceb16ba03bb3e09344d4558c36c23235a,6377,,,true
P02_WHITE_R_000014,P02,WHITE,R,image_000014.jpg,training/P02/WHITE/R/images/image_000014.jpg,b911c2b9e4ae725c89f8971b01c336466482e30a3343f8f6cc056d87e425acbd,6491,,,true
P02_WHITE_R_000015,P02,WHITE,R,image_000015.jpg,training/P02/WHITE/R/images/image_000015.jpg,d1029580fe689f7c5ef67e47ab853f07b5d388e3a2807535a2916724d24a9837,7225,,,true
P02_WHITE_R_000016,P02,WHITE,R,image_000016.jpg,training/P02/WHITE/R/images/image_000016.jpg,7deec3a33a733e2382ad8aecc39ad90654f80c4a0c595738333f7a386198043b,6599,,,true
P02_WHITE_R_000017,P02,WHITE,R,image_000017.jpg,training/P02/WHITE/R/images/image_000017.jpg,ff72c49c8bf8e0efe70612f2762259a3a77016cecc1995b78cbfadea5125e9e1,6122,,,true
P02_WHITE_R_000018,P02,WHITE,R,image_000018.jpg,training/P02/WHITE/R/images/image_000018.jpg,7c1a61356bc10583c7e56f91ec4e729e44820151f43c0b83e9e4443b727e3035,6313,,,true
P02_WHITE_R_000019,P02,WHITE,R,image_000019.jpg,training/P02/WHITE/R/images/image_000019.jpg,2a55a6d2ebfe7bd1d3bff35ef22183abe3c48417e3c429c5d3802396d0d95d87,6364,,,true
P02_WHITE_R_000020,P02,WHITE,R,image_000020.jpg,training/P02/WHITE/R/images/image_000020.jpg,526dca4c9a25ba2ae4480bbff3a795e0a563e847bdb4124fe267b3d82adc2489,6640,,,true
P02_WHITE_R_000021,P02,WHITE,R,image_000021.jpg,training/P02/WHITE/R/images/image_000021.jpg,fa33ff9dc3f44b951f433a05f06d3b174b032a2e78c5bb35ee9c59836bac837d,6877,,,true
P02_WHITE_R_000022,P02,WHITE,R,image_000022.jpg,training/P02/WHITE/R/images/image_000022.jpg,00554be56cd2b3caf20843e4116d056a7cead6fdaa0556ff65289c9019008d3b,6548,,,true
P02_WHITE_R_000023,P02,WHITE,R,image_000023.jpg,training/P02/WHITE/R/images/image_000023.jpg,bd6006ca5b31af673916a2dfaf2fff19a854d961d5849229048982b36d15794d,6721,,,true
P02_WHITE_R_000024,P02,WHITE,R,image_000024.jpg,training/P02/WHITE/R/images/image_000024.jpg,0e2795af288b9b32d1af606c344e973489122335bc3700fdce49bfeb22ac6b56,6896,,,true
P02_WHITE_R_000025,P02,WHITE,R,image_000025.jpg,training/P02/WHITE/R/images/image_000025.jpg,a22e68810f6dc262f8097bf2cb5bb1010ebc7bb6bcb58c2a621bc29ba14a4e0f,6445,,,true
P02_WHITE_S_000001,P02,WHITE,S,image_000001.jpg,training/P02/WHITE/S/images/image_000001.jpg,6aa8d35e62c24f702e9b160732a66b4096bba20aa0c04de982adab8e3cfca617,8376,,,true
P02_WHITE_S_000002,P02,WHITE,S,image_000002.jpg,training/P02/WHITE/S/images/image_000002.jpg,7b644c7076b6bf6c89834c342b8faedd21ed37946394a1fcc7e80bfe732cf2d0,8050,,,true
P02_WHITE_S_000003,P02,WHITE,S,image_000003.jpg,training/P02/WHITE/S/images/image_000003.jpg,da8d35950e248a109f8bd956e71a6dddc1d5b18b966891ab7a1432536b8937cb,7599,,,true
P02_WHITE_S_000004,P02,WHITE,S,image_000004.jpg,training/P02/WHITE/S/images/image_000004.jpg,4ea1832949e2fec6c21516f7009e6422759de686537265dd9d4dd754d9f85e66,8163,,,true
P02_WHITE_S_000005,P02,WHITE,S,image_000005.jpg,training/P02/WHITE/S/images/image_000005.jpg,b9b3abc58d5ca0172cb48ca5163cc448dbcada2a6e32ccbba940a49ab34a69ad,8562,,,true
P02_WHITE_S_000006,P02,WHITE,S,image_000006.jpg,training/P02/WHITE/S/images/image_000006.jpg,acd7032ac67aa1c7029d67d2597d9d6bb229c257cd943517c07e5cb2cc8f0744,7367,,,true
P02_WHITE_S_000007,P02,WHITE,S,image_000007.jpg,training/P02/WHITE/S/images/image_000007.jpg,0baa356688817f127020f9b582aa8b29654799f0d522f849eacee721213b8321,7986,,,true
P02_WHITE_S_000008,P02,WHITE,S,image_000008.jpg,training/P02/WHITE/S/images/image_000008.jpg,987800dc806d1757d8d705b464806e5cbb5585b802f1cda8853238df2de974b1,7617,,,true
P02_WHITE_S_000009,P02,WHITE,S,image_000009.jpg,training/P02/WHITE/S/images/image_000009.jpg,f8ee06490c5fddf04f007f46a5ad681eec919f7789dab31b0c6bce19d08664a5,7680,,,true
P02_WHITE_S_000010,P02,WHITE,S,image_000010.jpg,training/P02/WHITE/S/images/image_000010.jpg,0eb7d3043c50436a460382fe79c9e2481ea9e509fed96646205c7529cac879b7,7618,,,true
P02_WHITE_S_000011,P02,WHITE,S,image_000011.jpg,training/P02/WHITE/S/images/image_000011.jpg,b8316aae19d59911097f02c00df38ddc040b1995e9f583afe23bbe540441089f,7557,,,true
P02_WHITE_S_000012,P02,WHITE,S,image_000012.jpg,training/P02/WHITE/S/images/image_000012.jpg,8f94575866b007c1b64660a36deea2f2ad843a6145ea21afdc426e5efe561c2b,7879,,,true
P02_WHITE_S_000013,P02,WHITE,S,image_000013.jpg,training/P02/WHITE/S/images/image_000013.jpg,7bcbb48efd65a1d785f4b816d4738cfe38f410bfe00a7b9850d7406a98669625,7988,,,true
P02_WHITE_S_000014,P02,WHITE,S,image_000014.jpg,training/P02/WHITE/S/images/image_000014.jpg,9531be4f684a63025021af2d1a38409570ab813ccf9f5c597ef872f6d2b2e98c,8095,,,true
P02_WHITE_S_000015,P02,WHITE,S,image_000015.jpg,training/P02/WHITE/S/images/image_000015.jpg,0a32dab80a211267996c55b190a73e7f7aa19fd4d1bd57f13d1d1159ece1c95b,7526,,,true
P02_WHITE_S_000016,P02,WHITE,S,image_000016.jpg,training/P02/WHITE/S/images/image_000016.jpg,bdef17105792eaa0d5aa76af830a9058ced4044403b7905502c06a6a92383eb5,8139,,,true
P02_WHITE_S_000017,P02,WHITE,S,image_000017.jpg,training/P02/WHITE/S/images/image_000017.jpg,674429a9bd0488f43894b9c6df9444f1f1ee1d05e85511ba4ea3179002cb4f3d,7201,,,true
P02_WHITE_S_000018,P02,WHITE,S,image_000018.jpg,training/P02/WHITE/S/images/image_000018.jpg,230b3cb1157409381a2f76b4d52d1e12a177b217a2fce795c0e679fa5dcdfae8,7412,,,true
P02_WHITE_S_000019,P02,WHITE,S,image_000019.jpg,training/P02/WHITE/S/images/image_000019.jpg,24fe7bcc2bb6f12e30c8278c0bef7ad05a841a384adc16bd7f0c69fce19509fb,7778,,,true
P02_WHITE_S_000020,P02,WHITE,S,image_000020.jpg,training/P02/WHITE/S/images/image_000020.jpg,3aa8e3c23a743141d693a5f9595cf56dc9b1a700a8fc2ed86903067568c64c84,8004,,,true
P02_WHITE_S_000021,P02,WHITE,S,image_000021.jpg,training/P02/WHITE/S/images/image_000021.jpg,86ea91f2bbb190b1e981fca68852892f3826f4e85a351a40aef15998311ca6e2,7101,,,true
P02_WHITE_S_000022,P02,WHITE,S,image_000022.jpg,training/P02/WHITE/S/images/image_000022.jpg,2656c24766d6dd13501b9a3cabd5fdb18d336201a94483c8f83bd1096833be9a,6907,,,true
P02_WHITE_S_000023,P02,WHITE,S,image_000023.jpg,training/P02/WHITE/S/images/image_000023.jpg,b232921b619cf2aac0b1ba5f91e40725e974ce9dc9f92dee8cb770fdcad10a1c,7571,,,true
P02_WHITE_S_000024,P02,WHITE,S,image_000024.jpg,training/P02/WHITE/S/images/image_000024.jpg,3743cce525556444c5d16f91ffc418067dcb52990eac3ee578f69b3f76e61ae6,7246,,,true
P02_WHITE_S_000025,P02,WHITE,S,image_000025.jpg,training/P02/WHITE/S/images/image_000025.jpg,c48c7fd06338aae505d977beb80e474f950e0194b207980eebec9f9916eef1cc,7975,,,true
P02_WHITE_T_000001,P02,WHITE,T,image_000001.jpg,training/P02/WHITE/T/images/image_000001.jpg,3d041901190381cc9a01992fc74689c2cedc8240473cc33720b1ca8f613dad5c,7518,,,true
P02_WHITE_T_000002,P02,WHITE,T,image_000002.jpg,training/P02/WHITE/T/images/image_000002.jpg,56e8f7c9d13ebab3774d266d4680d5099885742623968f7857452d88b7195162,7910,,,true
P02_WHITE_T_000003,P02,WHITE,T,image_000003.jpg,training/P02/WHITE/T/images/image_000003.jpg,b00e9b06d39dd723e122ac7bd7366209f0f24d185568d6bea4e0fe9234aaeadf,7686,,,true
P02_WHITE_T_000004,P02,WHITE,T,image_000004.jpg,training/P02/WHITE/T/images/image_000004.jpg,00f503d5073dad74a3b4585a17e21dc6901092f43bafd1e863d106a60526f11e,7526,,,true
P02_WHITE_T_000005,P02,WHITE,T,image_000005.jpg,training/P02/WHITE/T/images/image_000005.jpg,9b29a6d948e6f3a06737ad27bcadcfd30b584e8cb4ef4d65b7226a05152dca33,8117,,,true
P02_WHITE_T_000006,P02,WHITE,T,image_000006.jpg,training/P02/WHITE/T/images/image_000006.jpg,912822dc29efbe52899c1b315a43da62de7274bfc575749baf0852929ec3f719,7692,,,true
P02_WHITE_T_000007,P02,WHITE,T,image_000007.jpg,training/P02/WHITE/T/images/image_000007.jpg,c3b7f266457e09dfbaaae4beed01d5b79da69891292a6021e0d0b85074ab1ba1,7855,,,true
P02_WHITE_T_000008,P02,WHITE,T,image_000008.jpg,training/P02/WHITE/T/images/image_000008.jpg,2696b277c138ef437aa246a4e3e2ac07b9e371b574b81888059faf55f3558a35,7651,,,true
P02_WHITE_T_000009,P02,WHITE,T,image_000009.jpg,training/P02/WHITE/T/images/image_000009.jpg,b1ffe9eb28021581ddf3b449d8b1b77951ef338ec0bb605d20be81880d16363f,7427,,,true
P02_WHITE_T_000010,P02,WHITE,T,image_000010.jpg,training/P02/WHITE/T/images/image_000010.jpg,021d5659a71b735a23aa61727e75383bf9c0627a76bce01705c9cb0d37f6e5e4,7738,,,true
P02_WHITE_T_000011,P02,WHITE,T,image_000011.jpg,training/P02/WHITE/T/images/image_000011.jpg,46e47c3cbfdf21411c6b2aa98cca572cb0a46d7b99474d6bdd625847d8e16b56,6723,,,true
P02_WHITE_T_000012,P02,WHITE,T,image_000012.jpg,training/P02/WHITE/T/images/image_000012.jpg,4626172c151ab0d0a526df9aeee7e8f19144b294b170860c543ed75e36260e2f,6948,,,true
P02_WHITE_T_000013,P02,WHITE,T,image_000013.jpg,training/P02/WHITE/T/images/image_000013.jpg,ae42c7fe8d7766330d2564b58c081e32c79b50a725948b5ed310bd8e4ecda835,7332,,,true
P02_WHITE_T_000014,P02,WHITE,T,image_000014.jpg,training/P02/WHITE/T/images/image_000014.jpg,ec9f95dad32b5148ea83c2fb3128acf16826b92055ca0b937162f64782769720,7980,,,true
P02_WHITE_T_000015,P02,WHITE,T,image_000015.jpg,training/P02/WHITE/T/images/image_000015.jpg,f99ad846bc00f5825fc4da99fbcbed8db4de956ec0b2b54bcf5146226237b67f,7506,,,true
P02_WHITE_T_000016,P02,WHITE,T,image_000016.jpg,training/P02/WHITE/T/images/image_000016.jpg,1467bac021aaae06efa7779d2cf79729c29b88bcd102623603a1d1a456d9b20d,7242,,,true
P02_WHITE_T_000017,P02,WHITE,T,image_000017.jpg,training/P02/WHITE/T/images/image_000017.jpg,d5abaecf07042031781de53b6b2d3997f0b96b2522c0a348340e7eb49efd456a,7719,,,true
P02_WHITE_T_000018,P02,WHITE,T,image_000018.jpg,training/P02/WHITE/T/images/image_000018.jpg,f717b1957367c1fdbccf255383c2ddee107aba6e4c55e46393e308e7615fabed,7302,,,true
P02_WHITE_T_000019,P02,WHITE,T,image_000019.jpg,training/P02/WHITE/T/images/image_000019.jpg,8fa7ee4ebfd077ff54a34e49f806c35b913bd452a91d9af94d7e2adb90b2e925,7632,,,true
P02_WHITE_T_000020,P02,WHITE,T,image_000020.jpg,training/P02/WHITE/T/images/image_000020.jpg,4890d5bb3e1599d060687d8f8cc0b175815931ea5d04e404d423f54abda31bb0,7693,,,true
P02_WHITE_T_000021,P02,WHITE,T,image_000021.jpg,training/P02/WHITE/T/images/image_000021.jpg,a1a4a9a9c37cc2d1fb50d59b7fefc04ef9bd759432879a4c83e104d93ebad575,7913,,,true
P02_WHITE_T_000022,P02,WHITE,T,image_000022.jpg,training/P02/WHITE/T/images/image_000022.jpg,8fc03da0e6d2f11efe4ef17dc82b65c80a7a1931e7f6a54d6ee685d9343ca040,7943,,,true
P02_WHITE_T_000023,P02,WHITE,T,image_000023.jpg,training/P02/WHITE/T/images/image_000023.jpg,510fc65ffa00981bd3affc1019b373832592e4e740cb1a089d201094adbb19fa,8015,,,true
P02_WHITE_T_000024,P02,WHITE,T,image_000024.jpg,training/P02/WHITE/T/images/image_000024.jpg,b1e933e66d9ef9867663b21ed628717e3b6f311b90defea73aee3931d253da33,7740,,,true
P02_WHITE_T_000025,P02,WHITE,T,image_000025.jpg,training/P02/WHITE/T/images/image_000025.jpg,a5c0a440fc55895543f308e31543ad6ab6cc4ac591df5c3a2484f3cd4085e83e,8227,,,true
P02_WHITE_U_000001,P02,WHITE,U,image_000001.jpg,training/P02/WHITE/U/images/image_000001.jpg,2e6100d1068bcd916d8d6a7737c390fccd25322c0608e8e2807a0a1d3ae57f7f,6679,,,true
P02_WHITE_U_000002,P02,WHITE,U,image_000002.jpg,training/P02/WHITE/U/images/image_000002.jpg,b57793d4d0a71eec6ec5d0dda611cfd72250f99185c6061b801b4c21040387a6,6810,,,true
P02_WHITE_U_000003,P02,WHITE,U,image_000003.jpg,training/P02/WHITE/U/images/image_000003.jpg,5e076c0fa0db0dca3c187390af3cf950c471aa7d81d425bf71df386fb9e54b0a,7469,,,true
P02_WHITE_U_000004,P02,WHITE,U,image_000004.jpg,training/P02/WHITE/U/images/image_000004.jpg,9b5afd303314283e0a0a17b58d34bb19d416bcbaebbc773222e736194a4879b9,7232,,,true
P02_WHITE_U_000005,P02,WHITE,U,image_000005.jpg,training/P02/WHITE/U/images/image_000005.jpg,813f10d1e2214c31c2924c7d8dfe78c1f852872419eff8612b74c7dba5d36136,6664,,,true
P02_WHITE_U_000006,P02,WHITE,U,image_000006.jpg,training/P02/WHITE/U/images/image_000006.jpg,07127ab285803990eac9f56b02cc1ae2fecde204fa09131b6218547e2a70f0cb,5718,,,true
P02_WHITE_U_000007,P02,WHITE,U,image_000007.jpg,training/P02/WHITE/U/images/image_000007.jpg,5bebb6eb6a31b365f1e8fe9eb1152385cf9bb41dc922daa6a8aff379231fc626,6006,,,true
P02_WHITE_U_000008,P02,WHITE,U,image_000008.jpg,training/P02/WHITE/U/images/image_000008.jpg,d598189e094854652639e1f987c206561c79e28656a8f6954379aa629d37aa58,6431,,,true
P02_WHITE_U_000009,P02,WHITE,U,image_000009.jpg,training/P02/WHITE/U/images/image_000009.jpg,7b8e487f2a3325b604df4c131a21b64d666fc8bc670dd3ffc8f272f45b30965c,6012,,,true
P02_WHITE_U_000010,P02,WHITE,U,image_000010.jpg,training/P02/WHITE/U/images/image_000010.jpg,e6c6fefd810c6520fb1917a90a14902e4469eec6e6165af5da0827ee633fe52d,6525,,,true
P02_WHITE_U_000011,P02,WHITE,U,image_000011.jpg,training/P02/WHITE/U/images/image_000011.jpg,04617872dfed128446db5dbda81cd30590adcad0b3606d6f7e35ebd8269a3cdc,6317,,,true
P02_WHITE_U_000012,P02,WHITE,U,image_000012.jpg,training/P02/WHITE/U/images/image_000012.jpg,9f0d80eda3853f3b46bad1bf63363ecff3ed2c19ec3032e7f060703a4ece96f0,6466,,,true
P02_WHITE_U_000013,P02,WHITE,U,image_000013.jpg,training/P02/WHITE/U/images/image_000013.jpg,d132cea725139f258cd9ea1885bfe63d210c664257bad21c539dd0ef2e548ff0,6564,,,true
P02_WHITE_U_000014,P02,WHITE,U,image_000014.jpg,training/P02/WHITE/U/images/image_000014.jpg,c9014f1b3df07737a9f60a07ea14dac69a082f55b2163b2c87d52919cf9839a9,6036,,,true
P02_WHITE_U_000015,P02,WHITE,U,image_000015.jpg,training/P02/WHITE/U/images/image_000015.jpg,672f6ab66155347d3e67cc462c46b892a65124fedefa60bf874df559633dcd36,6510,,,true
P02_WHITE_U_000016,P02,WHITE,U,image_000016.jpg,training/P02/WHITE/U/images/image_000016.jpg,d3b67ba4368220ccd3dcbf93b6794439e2d18134415b57f6288706c969309e5b,6503,,,true
P02_WHITE_U_000017,P02,WHITE,U,image_000017.jpg,training/P02/WHITE/U/images/image_000017.jpg,c2212ebcf01e0d9525af8817d561a66f0744980b1fd5c4aca2155b2d7ea2bf45,6098,,,true
P02_WHITE_U_000018,P02,WHITE,U,image_000018.jpg,training/P02/WHITE/U/images/image_000018.jpg,82143a1f32332d4ea0f5a8749690a236bd155b94dfd2dacaa069a364a6eb3f34,6072,,,true
P02_WHITE_U_000019,P02,WHITE,U,image_000019.jpg,training/P02/WHITE/U/images/image_000019.jpg,7b3dac591b2aefbe08110a0037c6bd4c9e0cf9464bf76cb152a463516f42b7d7,6849,,,true
P02_WHITE_U_000020,P02,WHITE,U,image_000020.jpg,training/P02/WHITE/U/images/image_000020.jpg,211cbb6303633a4220f9faa9f2e7a30912bcf9b53cc00a8cf8d70b5389df6a22,5983,,,true
P02_WHITE_U_000021,P02,WHITE,U,image_000021.jpg,training/P02/WHITE/U/images/image_000021.jpg,0e3d006e836dc0c273ae261ec439805df4acaecb77e3b942dc5ee43fcb79c307,6409,,,true
P02_WHITE_U_000022,P02,WHITE,U,image_000022.jpg,training/P02/WHITE/U/images/image_000022.jpg,92c12f35f68679961033b3394e9d5d19d141a6cea3fa59e94210088f0a7ca853,7484,,,true
P02_WHITE_U_000023,P02,WHITE,U,image_000023.jpg,training/P02/WHITE/U/images/image_000023.jpg,89c9adc7e91a6a63adb71c43103088f92ac01ef05f255f320519c5fb544598b4,6617,,,true
P02_WHITE_U_000024,P02,WHITE,U,image_000024.jpg,training/P02/WHITE/U/images/image_000024.jpg,771bc5803ec5078707b40454de74a485a602f2041f67fff92425790684d709ba,6165,,,true
P02_WHITE_U_000025,P02,WHITE,U,image_000025.jpg,training/P02/WHITE/U/images/image_000025.jpg,e2123659c73560b5c37bf7d7e5df6738c8d0d503fa6f812a7e911b8cd74763a5,6568,,,true
P02_WHITE_V_000001,P02,WHITE,V,image_000001.jpg,training/P02/WHITE/V/images/image_000001.jpg,142ce9dce00d7cb0ed3196fb4d82d783d52a1667dbcce07c688db3b67dc7ba5b,6872,,,true
P02_WHITE_V_000002,P02,WHITE,V,image_000002.jpg,training/P02/WHITE/V/images/image_000002.jpg,cfea78eacc170be580a66d63b65e6d47d6c24c8e1e6da7203f55ad6198e7043e,7043,,,true
P02_WHITE_V_000003,P02,WHITE,V,image_000003.jpg,training/P02/WHITE/V/images/image_000003.jpg,d45659357254a4e122ee9730e3e5db5264d3ae8e339b7568fa5000773ad19956,7174,,,true
P02_WHITE_V_000004,P02,WHITE,V,image_000004.jpg,training/P02/WHITE/V/images/image_000004.jpg,22124affa2e54f30834228ee1c5859c11754801e26e700cae4bc9eea3857e5a1,7142,,,true
P02_WHITE_V_000005,P02,WHITE,V,image_000005.jpg,training/P02/WHITE/V/images/image_000005.jpg,498867cac04a1350c46d713b2512ef1565981a710888fbfaee48addf0ed569df,6404,,,true
P02_WHITE_V_000006,P02,WHITE,V,image_000006.jpg,training/P02/WHITE/V/images/image_000006.jpg,1b135521d8471447cdcd3c1cdee7f400685d4f48d8cc589db0a43d5f5f7a0efb,6357,,,true
P02_WHITE_V_000007,P02,WHITE,V,image_000007.jpg,training/P02/WHITE/V/images/image_000007.jpg,b4af6d1625c6458311487ca6693a0fe15a44e24dac7d4347468bb472c7299cfc,7277,,,true
P02_WHITE_V_000008,P02,WHITE,V,image_000008.jpg,training/P02/WHITE/V/images/image_000008.jpg,f5d00916e443087da5b6368fa98b8b0138ca59835933e8e197c5a1b46e23d648,7185,,,true
P02_WHITE_V_000009,P02,WHITE,V,image_000009.jpg,training/P02/WHITE/V/images/image_000009.jpg,cbd3bc5ef831789b6e6e932784bde63ccab48723d83467b545124c80e055607b,6696,,,true
P02_WHITE_V_000010,P02,WHITE,V,image_000010.jpg,training/P02/WHITE/V/images/image_000010.jpg,722591e098720aa1180037030e9c8d3afac9ec4800d5fc7675640923193c3c1e,6821,,,true
P02_WHITE_V_000011,P02,WHITE,V,image_000011.jpg,training/P02/WHITE/V/images/image_000011.jpg,654aae7f6e9b9c7265cca6746a6b9fcf83ad092deed653d8944759f62bfac5fe,7085,,,true
P02_WHITE_V_000012,P02,WHITE,V,image_000012.jpg,training/P02/WHITE/V/images/image_000012.jpg,900b399622ec7389e1cde4d49899008127b862683c8319c89c595bba816bec5f,6587,,,true
P02_WHITE_V_000013,P02,WHITE,V,image_000013.jpg,training/P02/WHITE/V/images/image_000013.jpg,9c62c867868c2b692ba3f3e5b734d69797d4e6c1b263ec812ae77b2c1c47f585,7222,,,true
P02_WHITE_V_000014,P02,WHITE,V,image_000014.jpg,training/P02/WHITE/V/images/image_000014.jpg,c22f151a90ae4152ce9efa6b45096cde8b477504da1efd91dc54821ad695ce9a,6736,,,true
P02_WHITE_V_000015,P02,WHITE,V,image_000015.jpg,training/P02/WHITE/V/images/image_000015.jpg,422a047a55b2a46de1d57dc852a21094ed7eb7cda02870bda9455cebad9d02c8,6985,,,true
P02_WHITE_V_000016,P02,WHITE,V,image_000016.jpg,training/P02/WHITE/V/images/image_000016.jpg,3e2dee53fe79889154a19ab5bfc03a50e9d1ab8a0ca7b0fd6f00e4b672b7b2c6,6918,,,true
P02_WHITE_V_000017,P02,WHITE,V,image_000017.jpg,training/P02/WHITE/V/images/image_000017.jpg,79726524a7701c5f06296753a65e1ef1e69ad2a97572ce1d2ad4490bf667e1b9,7064,,,true
P02_WHITE_V_000018,P02,WHITE,V,image_000018.jpg,training/P02/WHITE/V/images/image_000018.jpg,1515031d4fc229443a277015e623f8cf1703357567a2280265cb422354dcc0e4,6924,,,true
P02_WHITE_V_000019,P02,WHITE,V,image_000019.jpg,training/P02/WHITE/V/images/image_000019.jpg,a5492891180e1892a1e08bed3deab60a0b1351cc95736d650df82275de0c197c,7211,,,true
P02_WHITE_V_000020,P02,WHITE,V,image_000020.jpg,training/P02/WHITE/V/images/image_000020.jpg,69bd6ae2b2e26278d5566943a785510b1d309af3c13614f56906626a5f255284,6631,,,true
P02_WHITE_V_000021,P02,WHITE,V,image_000021.jpg,training/P02/WHITE/V/images/image_000021.jpg,5dab3e0ebbe0f66dbd7dc7c44248746cd1942085144377af537d1f3c330eb9ac,6779,,,true
P02_WHITE_V_000022,P02,WHITE,V,image_000022.jpg,training/P02/WHITE/V/images/image_000022.jpg,92a426d63dce01f1a58a0b8429edb0a8cd6fd14b1be6fa9b5b25c8c9941d3c2a,6997,,,true
P02_WHITE_V_000023,P02,WHITE,V,image_000023.jpg,training/P02/WHITE/V/images/image_000023.jpg,9ad32c4c5aca368b3004e400f2fe8f709fba0becc35a6ba404ec32619e889ce6,6381,,,true
P02_WHITE_V_000024,P02,WHITE,V,image_000024.jpg,training/P02/WHITE/V/images/image_000024.jpg,d4348efabfb2fb17ab910bc864d8dc04ef9bd3556bcd4c431679cce96be6c099,6743,,,true
P02_WHITE_V_000025,P02,WHITE,V,image_000025.jpg,training/P02/WHITE/V/images/image_000025.jpg,4d93d98d0a0f728341516243b1b07710378a90397041e590a6800a2cca7e140b,6117,,,true
P02_WHITE_W_000001,P02,WHITE,W,image_000001.jpg,training/P02/WHITE/W/images/image_000001.jpg,02ec6e8df5d90e2b4e6b7cfdfc8c4df13a7793382114a6402466e730d52b08fa,7454,,,true
P02_WHITE_W_000002,P02,WHITE,W,image_000002.jpg,training/P02/WHITE/W/images/image_000002.jpg,253b947074b98c3a47cf3c0c680ffcfce041c5c66ebc86a8c0228e99cc75e4ec,7600,,,true
P02_WHITE_W_000003,P02,WHITE,W,image_000003.jpg,training/P02/WHITE/W/images/image_000003.jpg,007da33dc3c5cc7c3869209b8ef1a993358470515bb1e39da07cf1bb9c7a6c1b,7030,,,true
P02_WHITE_W_000004,P02,WHITE,W,image_000004.jpg,training/P02/WHITE/W/images/image_000004.jpg,1deccaf37ec7c98658893e2bcc42f08ba04fcf4402f8764defab8a5667d227ec,7223,,,true
P02_WHITE_W_000005,P02,WHITE,W,image_000005.jpg,training/P02/WHITE/W/images/image_000005.jpg,5f3c85f5371f961f16c0c181945aaefeac9218e71760d3c661874494d0eacc3f,7132,,,true
P02_WHITE_W_000006,P02,WHITE,W,image_000006.jpg,training/P02/WHITE/W/images/image_000006.jpg,1378ecf5b274c4670e321abcd7d4d9a646c84a1ee862bc886f3675d164b48070,7135,,,true
P02_WHITE_W_000007,P02,WHITE,W,image_000007.jpg,training/P02/WHITE/W/images/image_000007.jpg,38b6a49a14f07e096d36ccde37bc554d114614b59e76bf8c66a751b49e9710a7,7410,,,true
P02_WHITE_W_000008,P02,WHITE,W,image_000008.jpg,training/P02/WHITE/W/images/image_000008.jpg,c2402c1af91e036a80e29266d7195f78b7d34de7fda1c4c8e37c9e0b3503cb9c,6686,,,true
P02_WHITE_W_000009,P02,WHITE,W,image_000009.jpg,training/P02/WHITE/W/images/image_000009.jpg,ab36685c58bdb0ffe673afe777c505ff73f50f6a6dc123d2932a1939fa5b8802,6941,,,true
P02_WHITE_W_000010,P02,WHITE,W,image_000010.jpg,training/P02/WHITE/W/images/image_000010.jpg,35b4169b67f36defa33380abacf4e34286f8bc32d2c4f186e366d5078d511281,7237,,,true
P02_WHITE_W_000011,P02,WHITE,W,image_000011.jpg,training/P02/WHITE/W/images/image_000011.jpg,682f0fd4e34aaaf89dd31a7a7592948953a06edced90ba87620ff17ee16244f0,6927,,,true
P02_WHITE_W_000012,P02,WHITE,W,image_000012.jpg,training/P02/WHITE/W/images/image_000012.jpg,2566b7146491aefa22e3f69e65fab6e79dee5ec349943b70277f80c8f9fe1ba4,7266,,,true
P02_WHITE_W_000013,P02,WHITE,W,image_000013.jpg,training/P02/WHITE/W/images/image_000013.jpg,1a6be07760d91205b968ffb57d28967a1abf87f9c71d37a6dbda94a639ebd430,7264,,,true
P02_WHITE_W_000014,P02,WHITE,W,image_000014.jpg,training/P02/WHITE/W/images/image_000014.jpg,1089deb649691a4e700c153600ce42e39757d6f3ff4f5c8fef25241f0f6d76af,7191,,,true
P02_WHITE_W_000015,P02,WHITE,W,image_000015.jpg,training/P02/WHITE/W/images/image_000015.jpg,cf12245200e8998235614fed38c5687c6b13a20735722fe5984ae44b2816e6d5,7573,,,true
P02_WHITE_W_000016,P02,WHITE,W,image_000016.jpg,training/P02/WHITE/W/images/image_000016.jpg,cbcf07ea8823e75f8dab2e2a8bf799714b4107564ec753d5fe7ad854e3d16645,7303,,,true
P02_WHITE_W_000017,P02,WHITE,W,image_000017.jpg,training/P02/WHITE/W/images/image_000017.jpg,5942489a4ebf626774e9a40b8cfcfa560845c4c50dee2c7e21f3555778ad33a9,6878,,,true
P02_WHITE_W_000018,P02,WHITE,W,image_000018.jpg,training/P02/WHITE/W/images/image_000018.jpg,b6fc9a3ce21ebacff66d33e139245eb3066fc2c1f63ad0721d1c87bfaae5c6da,7308,,,true
P02_WHITE_W_000019,P02,WHITE,W,image_000019.jpg,training/P02/WHITE/W/images/image_000019.jpg,57cc819a3bf28edfe01fcc80acacbe04d24a4363f02eaeaefa4daa38943a43d7,7016,,,true
P02_WHITE_W_000020,P02,WHITE,W,image_000020.jpg,training/P02/WHITE/W/images/image_000020.jpg,dedd0b86dc0f45297f960bfb0e53bd151f43a9731bb1f8492f1e5625114830d3,7366,,,true
P02_WHITE_W_000021,P02,WHITE,W,image_000021.jpg,training/P02/WHITE/W/images/image_000021.jpg,411706ffc9595aef9486d6f8c8ccff85e84e2ce062c2562e6a3bc6dd610d590e,7526,,,true
P02_WHITE_W_000022,P02,WHITE,W,image_000022.jpg,training/P02/WHITE/W/images/image_000022.jpg,21ce75b5e9c8a6035a452d4fad5a4daad4cf340eae1e7ed69234f63e7e4c058f,6766,,,true
P02_WHITE_W_000023,P02,WHITE,W,image_000023.jpg,training/P02/WHITE/W/images/image_000023.jpg,383c4530708dbfcb617c54c20e974e83cb81ed795797dad3ded43efcc685b981,6803,,,true
P02_WHITE_W_000024,P02,WHITE,W,image_000024.jpg,training/P02/WHITE/W/images/image_000024.jpg,bdbc2e5c1b3525485a2a044d04d84d9b63e929d0573a4875239a4f724f22f56a,7135,,,true
P02_WHITE_W_000025,P02,WHITE,W,image_000025.jpg,training/P02/WHITE/W/images/image_000025.jpg,7d2e5a3858e033aab0551ba3f0ae6c494a92b0944d8417b684bc62aee07bf405,7177,,,true
P02_WHITE_Y_000001,P02,WHITE,Y,image_000001.jpg,training/P02/WHITE/Y/images/image_000001.jpg,3f0e06389d770f1b0ae5eeac3f81b616e53ccc4f597c09322aac1e5f478f40df,6672,,,true
P02_WHITE_Y_000002,P02,WHITE,Y,image_000002.jpg,training/P02/WHITE/Y/images/image_000002.jpg,38866146857776004b98ab42ccf15b12527f083e2910cf02d627d23d356dbe99,6649,,,true
P02_WHITE_Y_000003,P02,WHITE,Y,image_000003.jpg,training/P02/WHITE/Y/images/image_000003.jpg,8c016e6c287de0ea3c8b6c89c6c1c97be6ab3bc899fdcd484cce3078ffdd3764,7093,,,true
P02_WHITE_Y_000004,P02,WHITE,Y,image_000004.jpg,training/P02/WHITE/Y/images/image_000004.jpg,dd7e85e17254574982324a80cd23188c00697c50ba9462c2f41fde9c30bf1ef1,6631,,,true
P02_WHITE_Y_000005,P02,WHITE,Y,image_000005.jpg,training/P02/WHITE/Y/images/image_000005.jpg,5754a94c1516a7781836a0e29f9645f2294eb7728f037dcb3ae48ee8106e2e7a,6929,,,true
P02_WHITE_Y_000006,P02,WHITE,Y,image_000006.jpg,training/P02/WHITE/Y/images/image_000006.jpg,669d80fd94719c6829dd726d43bbe0856e99274565fb4cc8c6d97638fc3ed07d,6873,,,true
P02_WHITE_Y_000007,P02,WHITE,Y,image_000007.jpg,training/P02/WHITE/Y/images/image_000007.jpg,86bc57fff2e1911259c37a578d0b367b874a7de02453bf7361479f16d64f1667,6618,,,true
P02_WHITE_Y_000008,P02,WHITE,Y,image_000008.jpg,training/P02/WHITE/Y/images/image_000008.jpg,25fd2f125ba6b6476748b203d18046f93b3db66e03864662e86fef86643e0968,6673,,,true
P02_WHITE_Y_000009,P02,WHITE,Y,image_000009.jpg,training/P02/WHITE/Y/images/image_000009.jpg,87fad3957841858e6803cc468b5b059a6d8c397787877c7f7deffb120dd7f1ae,7137,,,true
P02_WHITE_Y_000010,P02,WHITE,Y,image_000010.jpg,training/P02/WHITE/Y/images/image_000010.jpg,a66c127aaf4f9d95a045cb08d304030c426d3b7bbab11a02bc726607da18ffe0,6444,,,true
P02_WHITE_Y_000011,P02,WHITE,Y,image_000011.jpg,training/P02/WHITE/Y/images/image_000011.jpg,be829ab2c28ae4d70e1ecae5ac6cb3eb4b83cbc9758c0637530ce1d76498c92d,6837,,,true
P02_WHITE_Y_000012,P02,WHITE,Y,image_000012.jpg,training/P02/WHITE/Y/images/image_000012.jpg,a258175b2880d62e4a136579893b90153b4947f27ee762ecc9cb37f4b3d55c45,6745,,,true
P02_WHITE_Y_000013,P02,WHITE,Y,image_000013.jpg,training/P02/WHITE/Y/images/image_000013.jpg,963edcdaa1ef9b4d1d69299fa42c2c0710d69b503690c06f17b47429ed5fac2f,6747,,,true
P02_WHITE_Y_000014,P02,WHITE,Y,image_000014.jpg,training/P02/WHITE/Y/images/image_000014.jpg,031e770f888da6e993ad7ba35bd2c42a59b870bd3a73a4e3fc539a6e8e7723ef,6382,,,true
P02_WHITE_Y_000015,P02,WHITE,Y,image_000015.jpg,training/P02/WHITE/Y/images/image_000015.jpg,3973caf809f99006358f30c83a2f1287fc5578b7308c9f7956eccc966247833f,6693,,,true
P02_WHITE_Y_000016,P02,WHITE,Y,image_000016.jpg,training/P02/WHITE/Y/images/image_000016.jpg,202b9cb80722ac0be48ade0a908d3cb789c84573108a226cada1b8fb5746bc8d,6833,,,true
P02_WHITE_Y_000017,P02,WHITE,Y,image_000017.jpg,training/P02/WHITE/Y/images/image_000017.jpg,8cf10e5d5a87ac88d9c9454fbcafe7646ec2dafde4f65a2050f8e139c3a0c3a6,7104,,,true
P02_WHITE_Y_000018,P02,WHITE,Y,image_000018.jpg,training/P02/WHITE/Y/images/image_000018.jpg,97c69375bbf8952e8d71bed39c040ddce7cb82b0b78dd3471ca029750a893502,6370,,,true
P02_WHITE_Y_000019,P02,WHITE,Y,image_000019.jpg,training/P02/WHITE/Y/images/image_000019.jpg,45d6151c23ecca87c67fc34199efb2fa098d47bd4ca29a43af23191fe8a7fb00,6768,,,true
P02_WHITE_Y_000020,P02,WHITE,Y,image_000020.jpg,training/P02/WHITE/Y/images/image_000020.jpg,c84a6d5c6c684d9d1dbd76f17b983fbeb5202380a707efc77f361eeb2d918d24,6864,,,true
P02_WHITE_Y_000021,P02,WHITE,Y,image_000021.jpg,training/P02/WHITE/Y/images/image_000021.jpg,7294596084a2fcc0499e18828bf665cd35114164304aab5b1a16a2924e0335ae,7148,,,true
P02_WHITE_Y_000022,P02,WHITE,Y,image_000022.jpg,training/P02/WHITE/Y/images/image_000022.jpg,f2904876d2dc9f61b09355d62cdb2bd1a17f404fb071b2b8d488e7ec9bc77249,6747,,,true
P02_WHITE_Y_000023,P02,WHITE,Y,image_000023.jpg,training/P02/WHITE/Y/images/image_000023.jpg,30643bc095e68aad1ed7473a3c284b98bd2adc943975946fc1b8e8ac426005a8,6704,,,true
P02_WHITE_Y_000024,P02,WHITE,Y,image_000024.jpg,training/P02/WHITE/Y/images/image_000024.jpg,aa2e5be40263f013e479f8b17fefd6e0e61eec558b693c501163bbae61d2e4f1,6554,,,true
P02_WHITE_Y_000025,P02,WHITE,Y,image_000025.jpg,training/P02/WHITE/Y/images/image_000025.jpg,795cb540d8b95fc36439d6d3fa98b6d22b62141536f0ae765f56c4c516bd069d,6833,,,true
P03_BLACK_A_000001,P03,BLACK,A,image_000001.jpg,training/P03/BLACK/A/images/image_000001.jpg,a3512f6c09f03ac1771aea0a42885b12b3bc71f55827f9c7805c4f5c3ea51c14,8633,,,true
P03_BLACK_A_000002,P03,BLACK,A,image_000002.jpg,training/P03/BLACK/A/images/image_000002.jpg,43bbaa0257a12b6742ba214047e6db9e09983dca3f8318e2e44a7a660f4bc658,8870,,,true
P03_BLACK_A_000003,P03,BLACK,A,image_000003.jpg,training/P03/BLACK/A/images/image_000003.jpg,a19fca99b93c89ffd46269752139cefdee7e917c476bd936db89cb7ee4d9f1d2,8932,,,true
P03_BLACK_A_000004,P03,BLACK,A,image_000004.jpg,training/P03/BLACK/A/images/image_000004.jpg,df7d39f96b72382cec50a95125368a52de41ec2316860600f0dd73ad4e614d9c,8717,,,true
P03_BLACK_A_000005,P03,BLACK,A,image_000005.jpg,training/P03/BLACK/A/images/image_000005.jpg,34170ce36e02c83bf6e286bcc5114c5c684e7681d594a4fe5f118f285a11bc5a,8719,,,true
P03_BLACK_A_000006,P03,BLACK,A,image_000006.jpg,training/P03/BLACK/A/images/image_000006.jpg,b782b9f2dc6f254568c9f0c063ae2b54a6b8b1f346736994adc11902ff859242,8859,,,true
P03_BLACK_A_000007,P03,BLACK,A,image_000007.jpg,training/P03/BLACK/A/images/image_000007.jpg,23ce134edb8a310e8f11b3eefa039b1404b56b10decb9ac00d40548cd9b8743d,8750,,,true
P03_BLACK_A_000008,P03,BLACK,A,image_000008.jpg,training/P03/BLACK/A/images/image_000008.jpg,b012f6c9219b59068ff405d4c345c6a76d822245be402c5d0f1292570af65d92,9046,,,true
P03_BLACK_A_000009,P03,BLACK,A,image_000009.jpg,training/P03/BLACK/A/images/image_000009.jpg,94000369b0c44fcb4d448a15c6595076749d19e9159a9ef45daf307790974ebe,8949,,,true
P03_BLACK_A_000010,P03,BLACK,A,image_000010.jpg,training/P03/BLACK/A/images/image_000010.jpg,1a6f3fe27bc7af3b57a7cc085cfa75d2e790d8346d9d5b4fe6dad051b9dabec9,8936,,,true
P03_BLACK_A_000011,P03,BLACK,A,image_000011.jpg,training/P03/BLACK/A/images/image_000011.jpg,399dbc66087a89733426d7cc748c019dc7bd245eb11ddf8e3c357d1cea24af86,8941,,,true
P03_BLACK_A_000012,P03,BLACK,A,image_000012.jpg,training/P03/BLACK/A/images/image_000012.jpg,464370a8ba8d8efe760c21d2467c0fe36ec45913513bd45006a5fa590544ebaf,9045,,,true
P03_BLACK_A_000013,P03,BLACK,A,image_000013.jpg,training/P03/BLACK/A/images/image_000013.jpg,a2262062e3cfb832316ea9dda8f697adffe373b7260cc0d01f22839e87bdd409,8305,,,true
P03_BLACK_A_000014,P03,BLACK,A,image_000014.jpg,training/P03/BLACK/A/images/image_000014.jpg,010c5e3ccedbd9617fa117c2edca45a2032f05565cd9b6778cd10f08ce26962f,8353,,,true
P03_BLACK_A_000015,P03,BLACK,A,image_000015.jpg,training/P03/BLACK/A/images/image_000015.jpg,5c200a6bf08894f3dddad84b546b52810532f82c5f3a61b179e023f686b86cca,8779,,,true
P03_BLACK_A_000016,P03,BLACK,A,image_000016.jpg,training/P03/BLACK/A/images/image_000016.jpg,5a5c58346736b5066de5ace57d314ccc515aaa32e93f9e2e7e939ffe2ad74456,8534,,,true
P03_BLACK_A_000017,P03,BLACK,A,image_000017.jpg,training/P03/BLACK/A/images/image_000017.jpg,4ff086b607dfde80b81b883317a84c31564430dc8e02bc8219296cd2510ee889,8564,,,true
P03_BLACK_A_000018,P03,BLACK,A,image_000018.jpg,training/P03/BLACK/A/images/image_000018.jpg,0d79d5b17324238aad3a7dfd2ce55c10280201f034cd9bbaf3c1cc05c5f5db79,8779,,,true
P03_BLACK_A_000019,P03,BLACK,A,image_000019.jpg,training/P03/BLACK/A/images/image_000019.jpg,4e9f9dd0960224047804ad43a03d738413f93644b3cb70cbb4cd75a33f9477b0,8467,,,true
P03_BLACK_A_000020,P03,BLACK,A,image_000020.jpg,training/P03/BLACK/A/images/image_000020.jpg,e8a15942208038be663f21e4050713c5c98865faf62be4b343d1398f13d8ea0b,8493,,,true
P03_BLACK_A_000021,P03,BLACK,A,image_000021.jpg,training/P03/BLACK/A/images/image_000021.jpg,0be522aafdb86fe0e32c91b3543f3bf648741ef7724a67fa74012ed7d148eea7,8570,,,true
P03_BLACK_A_000022,P03,BLACK,A,image_000022.jpg,training/P03/BLACK/A/images/image_000022.jpg,4205fde5b04ccf9bdc47c146fca9e01dba533f7c83b6d1b5378563b703a4bf1e,8625,,,true
P03_BLACK_A_000023,P03,BLACK,A,image_000023.jpg,training/P03/BLACK/A/images/image_000023.jpg,c1eca71346a32951d340d84dd20a16ae32814dde49afe9695d076270d1d3473d,9267,,,true
P03_BLACK_A_000024,P03,BLACK,A,image_000024.jpg,training/P03/BLACK/A/images/image_000024.jpg,cc61f7feb5cf0ce0f846e0e12204c31f7ace77f429746ba5bc33ec7dbc647bc7,8685,,,true
P03_BLACK_A_000025,P03,BLACK,A,image_000025.jpg,training/P03/BLACK/A/images/image_000025.jpg,7466fed78cb430dc2a8e584ade1bb6c43650a3bfe76b3b258fbd4106d26ef665,8443,,,true
P03_BLACK_B_000001,P03,BLACK,B,image_000001.jpg,training/P03/BLACK/B/images/image_000001.jpg,f826a5d09aa8877630e0d4f7c846ddf75b351d0739906ef1e90fc98f8729c723,8842,,,true
P03_BLACK_B_000002,P03,BLACK,B,image_000002.jpg,training/P03/BLACK/B/images/image_000002.jpg,e1cbac904116033a7726f0f0de9a6a6b4031373311c529dd6632e4d7bdc358be,9091,,,true
P03_BLACK_B_000003,P03,BLACK,B,image_000003.jpg,training/P03/BLACK/B/images/image_000003.jpg,89841fcf608c7df761c03269f8ac5e304fbae2602d5bb010c8fe731ff7377712,8819,,,true
P03_BLACK_B_000004,P03,BLACK,B,image_000004.jpg,training/P03/BLACK/B/images/image_000004.jpg,77d8e0b7343b559ea43c542128a0931e3a5bdb0eb15420946f191001330d0ef6,8999,,,true
P03_BLACK_B_000005,P03,BLACK,B,image_000005.jpg,training/P03/BLACK/B/images/image_000005.jpg,5efe5c9efd42ed446d40c2049a8250234a0bb681ba2ccb5550d8a0ee54d2988e,8925,,,true
P03_BLACK_B_000006,P03,BLACK,B,image_000006.jpg,training/P03/BLACK/B/images/image_000006.jpg,e439c95fc9fd3f0e2b81fe07c9431e5a96583ad43e75b8c8e7adb3fd41e5e926,8595,,,true
P03_BLACK_B_000007,P03,BLACK,B,image_000007.jpg,training/P03/BLACK/B/images/image_000007.jpg,f96273f37dfca152ffbd927eee0e912475012182448c0d3c6e956f876aca8b76,8529,,,true
P03_BLACK_B_000008,P03,BLACK,B,image_000008.jpg,training/P03/BLACK/B/images/image_000008.jpg,adf16851191e758f24d5edd9f227b93cf9c83971e6945356bc5731447277d5e5,8605,,,true
P03_BLACK_B_000009,P03,BLACK,B,image_000009.jpg,training/P03/BLACK/B/images/image_000009.jpg,61fccc312bf59220914a2d213470dc5a83ef7460fd8ed7da3be419a1b0b6d62e,8855,,,true
P03_BLACK_B_000010,P03,BLACK,B,image_000010.jpg,training/P03/BLACK/B/images/image_000010.jpg,de56ad5c4f5e9f9a55feb1cb53015338706ab7db9065dbf8d40476ad676a8f51,9007,,,true
P03_BLACK_B_000011,P03,BLACK,B,image_000011.jpg,training/P03/BLACK/B/images/image_000011.jpg,553effaf817a2c6a19afaaf6490503c0522f50d32ebf828310b84a1afb124b36,8959,,,true
P03_BLACK_B_000012,P03,BLACK,B,image_000012.jpg,training/P03/BLACK/B/images/image_000012.jpg,b91d36c5b3a14f748b48cf8ffc661f6738a553845094091b77a0c9cda28835cc,8786,,,true
P03_BLACK_B_000013,P03,BLACK,B,image_000013.jpg,training/P03/BLACK/B/images/image_000013.jpg,1090ed134281509f204fc0068e1ea670292385529c12d146e370097e5f09ddb8,8643,,,true
P03_BLACK_B_000014,P03,BLACK,B,image_000014.jpg,training/P03/BLACK/B/images/image_000014.jpg,8ceb9c9a8b7f90f8dca6eae1987820ac9fac83b6e7680abbaee4c2b11a704eac,9264,,,true
P03_BLACK_B_000015,P03,BLACK,B,image_000015.jpg,training/P03/BLACK/B/images/image_000015.jpg,8b20037c1a5408518c4598f76befbbcf162696329a3123760f4ca1c0640b4c9d,8551,,,true
P03_BLACK_B_000016,P03,BLACK,B,image_000016.jpg,training/P03/BLACK/B/images/image_000016.jpg,ea05bfffeae625c34a3c7f5159233f00954b37f80f1b59ee9dda5bf220c7d1a9,8220,,,true
P03_BLACK_B_000017,P03,BLACK,B,image_000017.jpg,training/P03/BLACK/B/images/image_000017.jpg,5f451c336e28714a0e32472ce1bb3d4ee6efb21809d1b5bc129a3e97639207e8,8780,,,true
P03_BLACK_B_000018,P03,BLACK,B,image_000018.jpg,training/P03/BLACK/B/images/image_000018.jpg,2725b055683e5bb586c08be18df3554188d7704f1130f6064e01ca75e85d421a,8782,,,true
P03_BLACK_B_000019,P03,BLACK,B,image_000019.jpg,training/P03/BLACK/B/images/image_000019.jpg,f2f7316729f1737ef5425c8207e87aaf600181430bd5d648f574c73669de5fbf,9069,,,true
P03_BLACK_B_000020,P03,BLACK,B,image_000020.jpg,training/P03/BLACK/B/images/image_000020.jpg,d8e41274f0b72205ca47d5e7d5e882e99217eecbf5c1fc27303400b6baec114d,8978,,,true
P03_BLACK_B_000021,P03,BLACK,B,image_000021.jpg,training/P03/BLACK/B/images/image_000021.jpg,04ef2395ced44f9b536285c10310b164492be281b63ea78ff9add3a1424d25d5,9125,,,true
P03_BLACK_B_000022,P03,BLACK,B,image_000022.jpg,training/P03/BLACK/B/images/image_000022.jpg,8e797167cc9fa6f5790412e0e6179c4947697c17a41b6275bb4e8327942c3360,8797,,,true
P03_BLACK_B_000023,P03,BLACK,B,image_000023.jpg,training/P03/BLACK/B/images/image_000023.jpg,137effd9ad2805cda6591e43933582562b8745170219e9c858784668d8e289d0,8751,,,true
P03_BLACK_B_000024,P03,BLACK,B,image_000024.jpg,training/P03/BLACK/B/images/image_000024.jpg,3face8dcfcd2dc71073f6e36e624c0d3d8925cb9977962969832c124e3f0da23,8483,,,true
P03_BLACK_B_000025,P03,BLACK,B,image_000025.jpg,training/P03/BLACK/B/images/image_000025.jpg,216347344fd1bc7a5d09304b22b85c3da5840f566b3743cbb81381e1719dd040,8330,,,true
P03_BLACK_C_000001,P03,BLACK,C,image_000001.jpg,training/P03/BLACK/C/images/image_000001.jpg,1cddbc4903ae388ddd6376fbbe06f53246361f72c556540493a7f8aa1bd482ef,9094,,,true
P03_BLACK_C_000002,P03,BLACK,C,image_000002.jpg,training/P03/BLACK/C/images/image_000002.jpg,828b3ee037911e380864cee056bf8d1c114e2b01178e9d71963a98e384ae837e,9121,,,true
P03_BLACK_C_000003,P03,BLACK,C,image_000003.jpg,training/P03/BLACK/C/images/image_000003.jpg,a5e9b0bc394859484d9b608ba14b283a110f3c65bc9ec4df5a86655bcce4be8d,9320,,,true
P03_BLACK_C_000004,P03,BLACK,C,image_000004.jpg,training/P03/BLACK/C/images/image_000004.jpg,c29e2fefa0738c05725f80b485433906dc658435e80960eb69bccbd889e3b7c3,9201,,,true
P03_BLACK_C_000005,P03,BLACK,C,image_000005.jpg,training/P03/BLACK/C/images/image_000005.jpg,99f328955ff61fb9a2ab2b1c0e9990037a4875cf4fd3a9f79035b72715f72deb,9360,,,true
P03_BLACK_C_000006,P03,BLACK,C,image_000006.jpg,training/P03/BLACK/C/images/image_000006.jpg,ae90c82a53383e214b323b41adcf83383f2793908a12e44ead8a724ccbd86fb7,9063,,,true
P03_BLACK_C_000007,P03,BLACK,C,image_000007.jpg,training/P03/BLACK/C/images/image_000007.jpg,1c6fb5442768b8ae895d48a1b8935aa05f70943d5926615e2c039fa0308b3c48,9126,,,true
P03_BLACK_C_000008,P03,BLACK,C,image_000008.jpg,training/P03/BLACK/C/images/image_000008.jpg,43b9adf0114bb75b2cf07a44fe237c6c5a290ccca21989b0229fc46fb85a8d6f,8837,,,true
P03_BLACK_C_000009,P03,BLACK,C,image_000009.jpg,training/P03/BLACK/C/images/image_000009.jpg,6efb0367ea8e5990687468e94f0b65c465fc74d291c6f2c5e160fa15b7f40124,8944,,,true
P03_BLACK_C_000010,P03,BLACK,C,image_000010.jpg,training/P03/BLACK/C/images/image_000010.jpg,2fe25cce4af0cda166b74207bc4af43bb6cb737bd6a88b04f2c2fd1b8f88b97d,9099,,,true
P03_BLACK_C_000011,P03,BLACK,C,image_000011.jpg,training/P03/BLACK/C/images/image_000011.jpg,8b1a0812c040a9c1014033afbb3f5d3b4ceaa6779755809289fe771d238714d6,8817,,,true
P03_BLACK_C_000012,P03,BLACK,C,image_000012.jpg,training/P03/BLACK/C/images/image_000012.jpg,47c54dfd8f43f6b0e222fa52a4832273605b1d195ea494dcf5af61713a83bef7,8663,,,true
P03_BLACK_C_000013,P03,BLACK,C,image_000013.jpg,training/P03/BLACK/C/images/image_000013.jpg,cd723a3fed8a76dc044b9be2122ff00c5372f95a44cfb2e50387f2266f69503d,8925,,,true
P03_BLACK_C_000014,P03,BLACK,C,image_000014.jpg,training/P03/BLACK/C/images/image_000014.jpg,ed881efc09823198a98bf4dd7427f80e08f46c6cd5d487295151a62904159202,8826,,,true
P03_BLACK_C_000015,P03,BLACK,C,image_000015.jpg,training/P03/BLACK/C/images/image_000015.jpg,f42539646908a5c48c92af8ec9c29215a530003e521bbcb549f9eeed8092d289,8750,,,true
P03_BLACK_C_000016,P03,BLACK,C,image_000016.jpg,training/P03/BLACK/C/images/image_000016.jpg,df1883495651ef7987fa668297cc7704e9e97be18a2d2f72f539168ea4b8a7bd,8931,,,true
P03_BLACK_C_000017,P03,BLACK,C,image_000017.jpg,training/P03/BLACK/C/images/image_000017.jpg,f2cb0130afce74776e474daed7aae56ecf0dea918448a7f840e99f271a061590,8726,,,true
P03_BLACK_C_000018,P03,BLACK,C,image_000018.jpg,training/P03/BLACK/C/images/image_000018.jpg,d48f4f863f4a647696acf67cfb0b98e9476859b7f99cb12b4acf6e470f3e09e1,8899,,,true
P03_BLACK_C_000019,P03,BLACK,C,image_000019.jpg,training/P03/BLACK/C/images/image_000019.jpg,8f4f2b58de789a160cb75c310343face970e3b77ad23f21f8dfb9fb7c9a88acb,8911,,,true
P03_BLACK_C_000020,P03,BLACK,C,image_000020.jpg,training/P03/BLACK/C/images/image_000020.jpg,90a7562d4c25076217e10a201d5bb4b95a676a66d8ebe6c5d5fbdc14328ac11c,9043,,,true
P03_BLACK_C_000021,P03,BLACK,C,image_000021.jpg,training/P03/BLACK/C/images/image_000021.jpg,7699c59dc1ead88cd77e1a16f81574f849ff57dec5618ddc897aaffdd38b6713,8734,,,true
P03_BLACK_C_000022,P03,BLACK,C,image_000022.jpg,training/P03/BLACK/C/images/image_000022.jpg,d49644ee7f35391947442ffe33d163153ccfd1e11ffc1306105f026167a1737e,8646,,,true
P03_BLACK_C_000023,P03,BLACK,C,image_000023.jpg,training/P03/BLACK/C/images/image_000023.jpg,2c7ce8511d9dd17239db0a88232987b712b4a18030a4faebcb87c440652e5917,8863,,,true
P03_BLACK_C_000024,P03,BLACK,C,image_000024.jpg,training/P03/BLACK/C/images/image_000024.jpg,26223ee822d2282f50fb44898587d21f22290e50259dfb3bb804d19e84d4c09e,8789,,,true
P03_BLACK_C_000025,P03,BLACK,C,image_000025.jpg,training/P03/BLACK/C/images/image_000025.jpg,f5dde9b83a577cb2a0b24a556d19d9a769c1f1f3feeb78b2c0195174db1cfddb,8624,,,true
P03_BLACK_E_000001,P03,BLACK,E,image_000001.jpg,training/P03/BLACK/E/images/image_000001.jpg,46ccc6e6850ed2ea6ac40f2cf437c97e0837a967f7ae7a3064185bd3109b7b60,9103,,,true
P03_BLACK_E_000002,P03,BLACK,E,image_000002.jpg,training/P03/BLACK/E/images/image_000002.jpg,a2b370f9a85488eccfd90d5dc575f0c03a8a648340db7f1f8d82c3594707b1f4,8929,,,true
P03_BLACK_E_000003,P03,BLACK,E,image_000003.jpg,training/P03/BLACK/E/images/image_000003.jpg,9098dcfc9412a13173aaffd1ca632d8e6329d7b51c277c75516432c33c00f11a,8490,,,true
P03_BLACK_E_000004,P03,BLACK,E,image_000004.jpg,training/P03/BLACK/E/images/image_000004.jpg,39d7648b9554904b79bf4f51c4f7ba97ac41769602564746bd2d02a422a02abd,8641,,,true
P03_BLACK_E_000005,P03,BLACK,E,image_000005.jpg,training/P03/BLACK/E/images/image_000005.jpg,0929c357ccac1c90062616ba425443c72c57cbfac0f73d3f2685d606c6347ee9,8915,,,true
P03_BLACK_E_000006,P03,BLACK,E,image_000006.jpg,training/P03/BLACK/E/images/image_000006.jpg,ec25eaed3974f88191e28c507e0d88fe993e289a3aa0dabd43d7c9c8b719289d,8690,,,true
P03_BLACK_E_000007,P03,BLACK,E,image_000007.jpg,training/P03/BLACK/E/images/image_000007.jpg,ee57914508c887f1b3688bc1140247f4e651ec85bccd1fc82c1f337c16393b9b,8718,,,true
P03_BLACK_E_000008,P03,BLACK,E,image_000008.jpg,training/P03/BLACK/E/images/image_000008.jpg,a107217aed9506924bac342e16466bf0cb18bb1720038cba4afc6598b1f90241,8641,,,true
P03_BLACK_E_000009,P03,BLACK,E,image_000009.jpg,training/P03/BLACK/E/images/image_000009.jpg,a9233e8614967da47c78122a5ceaf1f31c4407503ef3e526a27261bd394d4351,8581,,,true
P03_BLACK_E_000010,P03,BLACK,E,image_000010.jpg,training/P03/BLACK/E/images/image_000010.jpg,3d10165521750eb2147e8f7d50a571a445e04b659e86fb587e7b6340148b4df5,8613,,,true
P03_BLACK_E_000011,P03,BLACK,E,image_000011.jpg,training/P03/BLACK/E/images/image_000011.jpg,dc140bc350ac3cb90931fd4303dcd6a6eb095ab58ed4f2c95fa3d70403053769,9405,,,true
P03_BLACK_E_000012,P03,BLACK,E,image_000012.jpg,training/P03/BLACK/E/images/image_000012.jpg,6aacbe24ed374e6b745501b8711b25c5ed63a832fd4acea8675e2e8621b085bc,9169,,,true
P03_BLACK_E_000013,P03,BLACK,E,image_000013.jpg,training/P03/BLACK/E/images/image_000013.jpg,129898b9b6704fa21bf0bd3b812dbda4a386b2c4f3d0921da060a2e2db5466c5,8986,,,true
P03_BLACK_E_000014,P03,BLACK,E,image_000014.jpg,training/P03/BLACK/E/images/image_000014.jpg,89ac7ac6e96b756e930c4a85608ad1b318400aa6b50070ac31763a28b97ceda3,8755,,,true
P03_BLACK_E_000015,P03,BLACK,E,image_000015.jpg,training/P03/BLACK/E/images/image_000015.jpg,79e0530dfa94ad7e4852dda3a0b285e46ebacfff2aae55c74aaf1e24b2965c70,8910,,,true
P03_BLACK_E_000016,P03,BLACK,E,image_000016.jpg,training/P03/BLACK/E/images/image_000016.jpg,0d7ddb1208486348c81be9d584f30c9ecbac2c280a73763f815b0c538f3dfc88,8745,,,true
P03_BLACK_E_000017,P03,BLACK,E,image_000017.jpg,training/P03/BLACK/E/images/image_000017.jpg,4bbc04c1f9592f9e35899e4b790f6a090c74a37f96839db8dfa0da2597954436,8928,,,true
P03_BLACK_E_000018,P03,BLACK,E,image_000018.jpg,training/P03/BLACK/E/images/image_000018.jpg,a9cf942b44658c3e2285ff2174a5c8dd97c565d123d71b3bb595690ae82cea01,8695,,,true
P03_BLACK_E_000019,P03,BLACK,E,image_000019.jpg,training/P03/BLACK/E/images/image_000019.jpg,5fcf136620c27807b2d492a034fe4c347bae9b9c6ddcb34bbd58eef7c71969dd,8535,,,true
P03_BLACK_E_000020,P03,BLACK,E,image_000020.jpg,training/P03/BLACK/E/images/image_000020.jpg,126f585db73ee422e335d52be87f000d4a3ac2561c133972422d68935ecc8f90,8929,,,true
P03_BLACK_E_000021,P03,BLACK,E,image_000021.jpg,training/P03/BLACK/E/images/image_000021.jpg,a8a6ac706c9f7cf73838d683e81cd48efefd70e5a6f35fb161caddc34869929e,8501,,,true
P03_BLACK_E_000022,P03,BLACK,E,image_000022.jpg,training/P03/BLACK/E/images/image_000022.jpg,3183b081bf15a6542e51f091f2f39bdde945ffdedf4f31be834f04001fb202f0,9607,,,true
P03_BLACK_E_000023,P03,BLACK,E,image_000023.jpg,training/P03/BLACK/E/images/image_000023.jpg,b92b12bc46411cbe3d6bb6498ccf40990f63785f34cf04bb06c048292c15578d,9587,,,true
P03_BLACK_E_000024,P03,BLACK,E,image_000024.jpg,training/P03/BLACK/E/images/image_000024.jpg,e6942383a0875b2436b73a42ab8483c4220a2a6620fe880ced167277976d6bb6,8666,,,true
P03_BLACK_E_000025,P03,BLACK,E,image_000025.jpg,training/P03/BLACK/E/images/image_000025.jpg,a91a29fd707d83db898c8bd0f3bef46a1239b764a9c12105db4037dfa8ae8758,8559,,,true
P03_BLACK_I_000001,P03,BLACK,I,image_000001.jpg,training/P03/BLACK/I/images/image_000001.jpg,a476aa084ce2ac4edda81254c6b0e8c03a37a6164cef8fb3d534b8cbdc004411,9839,,,true
P03_BLACK_I_000002,P03,BLACK,I,image_000002.jpg,training/P03/BLACK/I/images/image_000002.jpg,41e8396233c03f996144be2dfd2f63e6e523472edd9b7470504f25fd964a8336,8815,,,true
P03_BLACK_I_000003,P03,BLACK,I,image_000003.jpg,training/P03/BLACK/I/images/image_000003.jpg,e632945359c507dde12fbeef9b345953754ec41dd480a2225b16998cb4be50b2,8678,,,true
P03_BLACK_I_000004,P03,BLACK,I,image_000004.jpg,training/P03/BLACK/I/images/image_000004.jpg,051485693eb4e6e377dda871f2e57b8c07e350555672f0939c70e7177f043f2c,8818,,,true
P03_BLACK_I_000005,P03,BLACK,I,image_000005.jpg,training/P03/BLACK/I/images/image_000005.jpg,a4f677dba9ca56988b63566af261cc54534de7aface6701dbd164a60ea804fe0,9240,,,true
P03_BLACK_I_000006,P03,BLACK,I,image_000006.jpg,training/P03/BLACK/I/images/image_000006.jpg,06502bb6beeff0025e5cebb3fce2c57cdac866752eba55aa3144c2b852c70bb2,9209,,,true
P03_BLACK_I_000007,P03,BLACK,I,image_000007.jpg,training/P03/BLACK/I/images/image_000007.jpg,0f7e10598dd8f92d935374bb3e5b57f011b46c862640cb06ce58cf7c94b369cd,8978,,,true
P03_BLACK_I_000008,P03,BLACK,I,image_000008.jpg,training/P03/BLACK/I/images/image_000008.jpg,812526957a8b9d8c9203c0ab8d3b1c2d443853e40221ce6e48fd1fb914e2ea1c,8767,,,true
P03_BLACK_I_000009,P03,BLACK,I,image_000009.jpg,training/P03/BLACK/I/images/image_000009.jpg,06c886a01b8068b68defb8ae154a2511d4583d3636b1f5350131b79d98965184,8767,,,true
P03_BLACK_I_000010,P03,BLACK,I,image_000010.jpg,training/P03/BLACK/I/images/image_000010.jpg,825ba11ee17d17ac257ad554752c2b13fe8fcdaf71c8c0c738d8eaae27e9c9a2,8825,,,true
P03_BLACK_I_000011,P03,BLACK,I,image_000011.jpg,training/P03/BLACK/I/images/image_000011.jpg,07cbd4707f25d8177a21a5662fd9acbe56306c781cad1cfe7823fead8ae737a9,8685,,,true
P03_BLACK_I_000012,P03,BLACK,I,image_000012.jpg,training/P03/BLACK/I/images/image_000012.jpg,f9c5087a655c0d9af529621dee82b71a534c86a737ce15fd00748d3e20f60162,8646,,,true
P03_BLACK_I_000013,P03,BLACK,I,image_000013.jpg,training/P03/BLACK/I/images/image_000013.jpg,0228cd01ee29a5551be5c6d52343b6b0411e46329930d3fdf66a88d46cb0782a,8668,,,true
P03_BLACK_I_000014,P03,BLACK,I,image_000014.jpg,training/P03/BLACK/I/images/image_000014.jpg,f80fca158143e494ab97d065c64eed9610720afd398192fef54b9413ba97e31a,8438,,,true
P03_BLACK_I_000015,P03,BLACK,I,image_000015.jpg,training/P03/BLACK/I/images/image_000015.jpg,509afaed27f0514ba099865df11eddce2130c2b97857fdb218f7ddce709c9a03,8367,,,true
P03_BLACK_I_000016,P03,BLACK,I,image_000016.jpg,training/P03/BLACK/I/images/image_000016.jpg,9da192123af8bbab0b3f44266775062de435f5c7acbe42f131afbda0ba076bea,8619,,,true
P03_BLACK_I_000017,P03,BLACK,I,image_000017.jpg,training/P03/BLACK/I/images/image_000017.jpg,7c280845b049b13ca702a075f1e97340b4f41bdd29f49a377cfe6f26e501495a,8872,,,true
P03_BLACK_I_000018,P03,BLACK,I,image_000018.jpg,training/P03/BLACK/I/images/image_000018.jpg,38a53c686e60c69a9dc2123c92bcc9a25ae5c31edf7e8bf0dcd4cc4d0fbf15a9,8810,,,true
P03_BLACK_I_000019,P03,BLACK,I,image_000019.jpg,training/P03/BLACK/I/images/image_000019.jpg,2be8b1c633be5a5e8132a249be4bf9d37fafed4982cd6052231e0a75f7349d4a,8891,,,true
P03_BLACK_I_000020,P03,BLACK,I,image_000020.jpg,training/P03/BLACK/I/images/image_000020.jpg,085897442e54c64af959447b2302350c49c5459c3ecc2c8155bf517d291b9e48,9121,,,true
P03_BLACK_I_000021,P03,BLACK,I,image_000021.jpg,training/P03/BLACK/I/images/image_000021.jpg,d30c349060288d01fcddc9e4c87c553e42d2cce68699b4bba1e9a5b98a43eec7,8912,,,true
P03_BLACK_I_000022,P03,BLACK,I,image_000022.jpg,training/P03/BLACK/I/images/image_000022.jpg,c4f4cf10669d25b35fd9deaa6520ccb404b5fefdfc49549524aa11d2e0ec4fe9,8826,,,true
P03_BLACK_I_000023,P03,BLACK,I,image_000023.jpg,training/P03/BLACK/I/images/image_000023.jpg,1495bb4fbf59c59881c00a28379a1ce7a2970d1b4362d26820e3df5727eb626f,9254,,,true
P03_BLACK_I_000024,P03,BLACK,I,image_000024.jpg,training/P03/BLACK/I/images/image_000024.jpg,d7bdcff16e39f95ef6eb70ad9b763be979611514848242e4766af4b0ee9712ec,8788,,,true
P03_BLACK_I_000025,P03,BLACK,I,image_000025.jpg,training/P03/BLACK/I/images/image_000025.jpg,2a3ce6573c61df4fc74924d4a629464a498fa0e1894a74a1a49dccf2cc056aa6,8448,,,true
P03_BLACK_L_000001,P03,BLACK,L,image_000001.jpg,training/P03/BLACK/L/images/image_000001.jpg,7a2509be959046eb8138e2cb0d68573e92664b70bd886e9112cf4db30d98e413,8744,,,true
P03_BLACK_L_000002,P03,BLACK,L,image_000002.jpg,training/P03/BLACK/L/images/image_000002.jpg,a980957cf6f2b1ccc081c29dac15f077bd83dd49c0bf95538472f15d8aa78546,8965,,,true
P03_BLACK_L_000003,P03,BLACK,L,image_000003.jpg,training/P03/BLACK/L/images/image_000003.jpg,511bbea4add30026df3ba6ff740f90e5936907c8d6987a83c3b984ddd92f1bbd,8958,,,true
P03_BLACK_L_000004,P03,BLACK,L,image_000004.jpg,training/P03/BLACK/L/images/image_000004.jpg,9aab09e0772d4ea028844b657b651d4627aee73e3f0d7b9286a5971177e9686a,8960,,,true
P03_BLACK_L_000005,P03,BLACK,L,image_000005.jpg,training/P03/BLACK/L/images/image_000005.jpg,bcc82d91ffab5579c88593b4ad8e14dfa69a07fd005fa42dbdc508705de309b4,9044,,,true
P03_BLACK_L_000006,P03,BLACK,L,image_000006.jpg,training/P03/BLACK/L/images/image_000006.jpg,01e1b4d3079d1ca6aa5f470e5b1a99a38c0c75180506722cb53504c6d86e49e9,9333,,,true
P03_BLACK_L_000007,P03,BLACK,L,image_000007.jpg,training/P03/BLACK/L/images/image_000007.jpg,43c26e3c1b0b087a22ed14a4c932121b756cfd6e952c1742ebe32f734b52a482,8909,,,true
P03_BLACK_L_000008,P03,BLACK,L,image_000008.jpg,training/P03/BLACK/L/images/image_000008.jpg,59e2a0a6fd0be41f19cbaed5a3b3079501d1805494766b05acc47b40e47cfdbb,8974,,,true
P03_BLACK_L_000009,P03,BLACK,L,image_000009.jpg,training/P03/BLACK/L/images/image_000009.jpg,b9db43033c6c899452535cd316358316df6645a210de920e699bbe68f77a2370,8848,,,true
P03_BLACK_L_000010,P03,BLACK,L,image_000010.jpg,training/P03/BLACK/L/images/image_000010.jpg,07ec753f8c5fc811cf47e314f97d21dbe61d2d560f4d96204534641c303e9170,8731,,,true
P03_BLACK_L_000011,P03,BLACK,L,image_000011.jpg,training/P03/BLACK/L/images/image_000011.jpg,8bde8749abdd27b88c13ad6fb9c4822853e311da98ec1bed99a34265978a07b3,8828,,,true
P03_BLACK_L_000012,P03,BLACK,L,image_000012.jpg,training/P03/BLACK/L/images/image_000012.jpg,3297e27724296894dbbafc6fa0fca38ce75aa03b6e88174ef0188936fd0a2916,8949,,,true
P03_BLACK_L_000013,P03,BLACK,L,image_000013.jpg,training/P03/BLACK/L/images/image_000013.jpg,f0b77b87abe4422058f5cc3bac844dfe901798d181389726892be7677b00fe2d,8904,,,true
P03_BLACK_L_000014,P03,BLACK,L,image_000014.jpg,training/P03/BLACK/L/images/image_000014.jpg,d9987b8b606ae69c75c4b4e7d24f21cf9e7140770d606f675841eb953e3e7f10,8916,,,true
P03_BLACK_L_000015,P03,BLACK,L,image_000015.jpg,training/P03/BLACK/L/images/image_000015.jpg,bb52d2039a533aa5099fc59494637ecd1cc05a87e468e3ae41e26f3446aa41ad,8424,,,true
P03_BLACK_L_000016,P03,BLACK,L,image_000016.jpg,training/P03/BLACK/L/images/image_000016.jpg,e47bd0e4df14448213efc23d6474318d51ee479cc627c9e4415dfdcb301cde9c,8745,,,true
P03_BLACK_L_000017,P03,BLACK,L,image_000017.jpg,training/P03/BLACK/L/images/image_000017.jpg,8ed09d873d60b177a66f33e4e659c505f1b075ccbff4cfd03244607f66508009,8681,,,true
P03_BLACK_L_000018,P03,BLACK,L,image_000018.jpg,training/P03/BLACK/L/images/image_000018.jpg,f8cd4330cdc4950a45049449fa298de14bdefe7e7c671596f2fbf20f3c565158,8724,,,true
P03_BLACK_L_000019,P03,BLACK,L,image_000019.jpg,training/P03/BLACK/L/images/image_000019.jpg,bd4949c960a5bcf73e4de5055869b38da8de8f000cd7c918bec607e2b8be1917,8943,,,true
P03_BLACK_L_000020,P03,BLACK,L,image_000020.jpg,training/P03/BLACK/L/images/image_000020.jpg,bcd4a09e8c1469e71cc6c29fc98c3adbd6bafc54d7d59aa0b9fc1931eced3e4e,9159,,,true
P03_BLACK_L_000021,P03,BLACK,L,image_000021.jpg,training/P03/BLACK/L/images/image_000021.jpg,bd56f8e1af93ec75e8f8015a2534912e7a5e8b99f998ce3b5b23e478d956fbc5,8949,,,true
P03_BLACK_L_000022,P03,BLACK,L,image_000022.jpg,training/P03/BLACK/L/images/image_000022.jpg,5a6f5e82fb72fcc86f940b81d03073bf5d6769c412968ce3e45ba54d9ddc7be3,8946,,,true
P03_BLACK_L_000023,P03,BLACK,L,image_000023.jpg,training/P03/BLACK/L/images/image_000023.jpg,a0d7f2d8d2a065e8f123b5011f7e69beb0443fa9ef046b89865768610829e7f9,9116,,,true
P03_BLACK_L_000024,P03,BLACK,L,image_000024.jpg,training/P03/BLACK/L/images/image_000024.jpg,e515be66e295616ed3d7171eadbbbcc4e9dedfb42748024da2f957aa53fe9a02,8581,,,true
P03_BLACK_L_000025,P03,BLACK,L,image_000025.jpg,training/P03/BLACK/L/images/image_000025.jpg,2875375793a58f80a1c0aeb5dbe8fc8cf15f6b63bd4731aea41fc68b6700ab2a,8986,,,true
P03_BLACK_M_000001,P03,BLACK,M,image_000001.jpg,training/P03/BLACK/M/images/image_000001.jpg,e9cc9c740c31014f7c15e641e258fa8ff53ac896c07c4e11089405f5f9fa3fa0,9612,,,true
P03_BLACK_M_000002,P03,BLACK,M,image_000002.jpg,training/P03/BLACK/M/images/image_000002.jpg,9d88549381b548dbbf39a8fc1cd50767db035b361bba2f5fb5a134c09dbc37d1,9768,,,true
P03_BLACK_M_000003,P03,BLACK,M,image_000003.jpg,training/P03/BLACK/M/images/image_000003.jpg,d886dee368c6d13fb596fdbcb5fcf63f2e977c3c2e4b46699bab3b24664beac1,9644,,,true
P03_BLACK_M_000004,P03,BLACK,M,image_000004.jpg,training/P03/BLACK/M/images/image_000004.jpg,21504b0bf3751e20a8123cfc0ccd5320bd19a9d4d8c6bfc82f07d0f330798755,9010,,,true
P03_BLACK_M_000005,P03,BLACK,M,image_000005.jpg,training/P03/BLACK/M/images/image_000005.jpg,eb51f9b9d3bef677555633f2e50e775044efd85aa8429b30155d52c3e20dc76a,9386,,,true
P03_BLACK_M_000006,P03,BLACK,M,image_000006.jpg,training/P03/BLACK/M/images/image_000006.jpg,f07649b53768b1e3f54e39dcd77a1713d10d108b13f72a503bd2ad8994abea5e,9281,,,true
P03_BLACK_M_000007,P03,BLACK,M,image_000007.jpg,training/P03/BLACK/M/images/image_000007.jpg,e2901b9076bbac5c8d2e4200575c721b71daaca74c4715bf9c18825339eb48f5,8717,,,true
P03_BLACK_M_000008,P03,BLACK,M,image_000008.jpg,training/P03/BLACK/M/images/image_000008.jpg,e5b0cbbf293160ad6a64834c6699b25aab8984203f1262543ecd843b0f3945dc,8781,,,true
P03_BLACK_M_000009,P03,BLACK,M,image_000009.jpg,training/P03/BLACK/M/images/image_000009.jpg,dce989d3fc3712a4debf6f3eea9f84ea8486aff0218dd01f5db89be59e27ed61,8978,,,true
P03_BLACK_M_000010,P03,BLACK,M,image_000010.jpg,training/P03/BLACK/M/images/image_000010.jpg,bb0cfc7a254d62db182c115dddaa3a2427de4403652fbf7960113918442e32bb,9245,,,true
P03_BLACK_M_000011,P03,BLACK,M,image_000011.jpg,training/P03/BLACK/M/images/image_000011.jpg,009715068d0da312d1d6b6ddf66b880f69de16535175f9c972a2b138ed4d4c8f,8620,,,true
P03_BLACK_M_000012,P03,BLACK,M,image_000012.jpg,training/P03/BLACK/M/images/image_000012.jpg,9568cd7796798952f08e69242fea68024fbee8ddc5a2c2456b8840b69ad90be3,8526,,,true
P03_BLACK_M_000013,P03,BLACK,M,image_000013.jpg,training/P03/BLACK/M/images/image_000013.jpg,3f578973c061c58774c981848fe519cbc52321a1ab78dd89e039d625eb4a5f80,8907,,,true
P03_BLACK_M_000014,P03,BLACK,M,image_000014.jpg,training/P03/BLACK/M/images/image_000014.jpg,46fd8d666f337474237d1c444f0e2682cd1b3fb2e5d655f803dd39bb00f68c77,8676,,,true
P03_BLACK_M_000015,P03,BLACK,M,image_000015.jpg,training/P03/BLACK/M/images/image_000015.jpg,41c1290dd9fcf24653fedf45b2d77d713f27488c826279eae8ec6108078a3571,8833,,,true
P03_BLACK_M_000016,P03,BLACK,M,image_000016.jpg,training/P03/BLACK/M/images/image_000016.jpg,85f1173687392b082964913739f73184a0a596e58b5c291d7e627a8b3614ceca,8693,,,true
P03_BLACK_M_000017,P03,BLACK,M,image_000017.jpg,training/P03/BLACK/M/images/image_000017.jpg,f5159223f3ab3f7b6d551bc68a94853d556aaaa651c023606634e6080b26bc0a,8720,,,true
P03_BLACK_M_000018,P03,BLACK,M,image_000018.jpg,training/P03/BLACK/M/images/image_000018.jpg,0ffbc9549d11d520f9319f52bf4a469574327ff395d88bd1d96dfb97cb1bca59,8932,,,true
P03_BLACK_M_000019,P03,BLACK,M,image_000019.jpg,training/P03/BLACK/M/images/image_000019.jpg,cc023dbda2462e09973237cb3e6da02624c0df0e550eb4f8b0d957e30368da3d,8839,,,true
P03_BLACK_M_000020,P03,BLACK,M,image_000020.jpg,training/P03/BLACK/M/images/image_000020.jpg,688d4d4fdf7f5716837b2ca9d3da20c242aa15a9875cb83442c19decd6da1b42,8546,,,true
P03_BLACK_M_000021,P03,BLACK,M,image_000021.jpg,training/P03/BLACK/M/images/image_000021.jpg,0d4464cea1f99dd157fcde2b2405ccccbe50a10fdb94778a51d8e61f95c493cd,8893,,,true
P03_BLACK_M_000022,P03,BLACK,M,image_000022.jpg,training/P03/BLACK/M/images/image_000022.jpg,120c9ca0137f476b8a6663a8c3a67dd35ffc62da9e3be1b412255df4852d52ce,8780,,,true
P03_BLACK_M_000023,P03,BLACK,M,image_000023.jpg,training/P03/BLACK/M/images/image_000023.jpg,3a9db093c6bf122cbd91246639270cc8dc9dab7ec8f29faeb5e8bb4b24cb53e0,8580,,,true
P03_BLACK_M_000024,P03,BLACK,M,image_000024.jpg,training/P03/BLACK/M/images/image_000024.jpg,becb7d730474a6695bc72b9162d01a679250d194c2d045ed554773e423709aa3,8969,,,true
P03_BLACK_M_000025,P03,BLACK,M,image_000025.jpg,training/P03/BLACK/M/images/image_000025.jpg,b1e9ad0455edbb1ecda41946a1d3f88a957828afd83722d62ca5c10f6dd1e006,8681,,,true
P03_BLACK_N_000001,P03,BLACK,N,image_000001.jpg,training/P03/BLACK/N/images/image_000001.jpg,b946f00ec18581865ebf6358a12678ced7c0db9f8d4a62930d8aa6198d975271,8903,,,true
P03_BLACK_N_000002,P03,BLACK,N,image_000002.jpg,training/P03/BLACK/N/images/image_000002.jpg,0054d0b47a60a24668ee867d91751da6abd5c05a6c5fb58a1ce53d875735a568,9271,,,true
P03_BLACK_N_000003,P03,BLACK,N,image_000003.jpg,training/P03/BLACK/N/images/image_000003.jpg,f7e4dc26945ab86877a0a60e77346cf8f14d4e833fa1d9bd33bd4e1b389f2f67,9361,,,true
P03_BLACK_N_000004,P03,BLACK,N,image_000004.jpg,training/P03/BLACK/N/images/image_000004.jpg,2830e1933cca5df17278761f779239ace40138555bf896d93f49d7bf08346a81,9157,,,true
P03_BLACK_N_000005,P03,BLACK,N,image_000005.jpg,training/P03/BLACK/N/images/image_000005.jpg,93068dd91909b10c826cdb62cc576c0304accfef2b6134bf62a5d970e533fb77,9577,,,true
P03_BLACK_N_000006,P03,BLACK,N,image_000006.jpg,training/P03/BLACK/N/images/image_000006.jpg,9168aa2997fbb8efef54588894601ed1d9dd1f95f26320e9040bf511fcc231f4,8831,,,true
P03_BLACK_N_000007,P03,BLACK,N,image_000007.jpg,training/P03/BLACK/N/images/image_000007.jpg,d93010a348c496891903e7d30b7a618c37e021c63f2a4bd72e59604b607ce03a,8762,,,true
P03_BLACK_N_000008,P03,BLACK,N,image_000008.jpg,training/P03/BLACK/N/images/image_000008.jpg,60df3858cf29254fd5dc19d9c85f392d7a73a8c8fc411ead570e3c6889164f05,8665,,,true
P03_BLACK_N_000009,P03,BLACK,N,image_000009.jpg,training/P03/BLACK/N/images/image_000009.jpg,d76149492be5bd619efd95849b24596e41e2051c5bcefc6e4120eab39701dc78,8667,,,true
P03_BLACK_N_000010,P03,BLACK,N,image_000010.jpg,training/P03/BLACK/N/images/image_000010.jpg,5dd73b09ae8bf3b9e3a01e3b9f227c14d36d9169f77d2ad217d799727bc337bd,8828,,,true
P03_BLACK_N_000011,P03,BLACK,N,image_000011.jpg,training/P03/BLACK/N/images/image_000011.jpg,96513780e10d6c752a80856df86589e4c0f233873ce8c7d914ab1e98222c8cb6,9006,,,true
P03_BLACK_N_000012,P03,BLACK,N,image_000012.jpg,training/P03/BLACK/N/images/image_000012.jpg,e22cbf8cbcb13285f7dc21bbe897c16c86ba2af2ceb24857d97c16b0eaaeb7aa,9112,,,true
P03_BLACK_N_000013,P03,BLACK,N,image_000013.jpg,training/P03/BLACK/N/images/image_000013.jpg,31943e91a69b29f7e82b66897f917eddf1ebfbb9c44d56c23ab31a91a9ad0947,9046,,,true
P03_BLACK_N_000014,P03,BLACK,N,image_000014.jpg,training/P03/BLACK/N/images/image_000014.jpg,87e23dafb289ec5a8ebc61e0fbd602c00c756e96dbbe27681b32ccccb41d5a70,8959,,,true
P03_BLACK_N_000015,P03,BLACK,N,image_000015.jpg,training/P03/BLACK/N/images/image_000015.jpg,3cfba6c58a286e9e6cea60f7da0c2ae90ebcb0e15602b7b1149ff78c6f212cc7,8907,,,true
P03_BLACK_N_000016,P03,BLACK,N,image_000016.jpg,training/P03/BLACK/N/images/image_000016.jpg,19d587765f1f0f7d2bed2a12f7699081bee80c5d2b80c518203eea10497dc841,8344,,,true
P03_BLACK_N_000017,P03,BLACK,N,image_000017.jpg,training/P03/BLACK/N/images/image_000017.jpg,cfaaa191622dce60c79f17f141f27135ccad97f9f63c70ce1480721076c23a79,8835,,,true
P03_BLACK_N_000018,P03,BLACK,N,image_000018.jpg,training/P03/BLACK/N/images/image_000018.jpg,f95ddd216fbe04a152ae5266eed667950cc7ea91462ac062d4881c151003d9f2,8874,,,true
P03_BLACK_N_000019,P03,BLACK,N,image_000019.jpg,training/P03/BLACK/N/images/image_000019.jpg,01fe4b36aa399de85c3eea937c6eec21a21e5c2d5a7c60af4997661fcef251e2,9110,,,true
P03_BLACK_N_000020,P03,BLACK,N,image_000020.jpg,training/P03/BLACK/N/images/image_000020.jpg,fd5c471f211c8803640da27f7df7067f3370b6bf8d4aa37fa30d391e10c6a3d7,8648,,,true
P03_BLACK_N_000021,P03,BLACK,N,image_000021.jpg,training/P03/BLACK/N/images/image_000021.jpg,fad6a5cdc69cae320a80b0fa8ad82307e37441c3da4467440599b1032d328389,8922,,,true
P03_BLACK_N_000022,P03,BLACK,N,image_000022.jpg,training/P03/BLACK/N/images/image_000022.jpg,e61e0201dd9b170b25793047e09dccd1ba8c081b16bdb73f283296f0c027c443,8965,,,true
P03_BLACK_N_000023,P03,BLACK,N,image_000023.jpg,training/P03/BLACK/N/images/image_000023.jpg,1dc79e5a638a039487accf435aeae963a1270426897031541e473dfee31388d7,8697,,,true
P03_BLACK_N_000024,P03,BLACK,N,image_000024.jpg,training/P03/BLACK/N/images/image_000024.jpg,f30c440b7f5dcc61154d9607e763bf79932a36d258521227a0f9a12f3c79917b,8601,,,true
P03_BLACK_N_000025,P03,BLACK,N,image_000025.jpg,training/P03/BLACK/N/images/image_000025.jpg,4f19e5348b78f7c80c9610718a0037ee02eb8783e8fa66f254de8bb6f381e971,8836,,,true
P03_BLACK_O_000001,P03,BLACK,O,image_000001.jpg,training/P03/BLACK/O/images/image_000001.jpg,dc20a3c348df461d59051cd781f09f4d323d2f99b2950a6f9a7a86cd4be36c89,9178,,,true
P03_BLACK_O_000002,P03,BLACK,O,image_000002.jpg,training/P03/BLACK/O/images/image_000002.jpg,5427bf0b2824a2a85bcdc39f8171e1e07f72d3fc73879f94fc91b5ab67cc6423,9393,,,true
P03_BLACK_O_000003,P03,BLACK,O,image_000003.jpg,training/P03/BLACK/O/images/image_000003.jpg,62aeba5ad7da53a454315192b5d8bf1e7bd5f9f205d7c67ceded3d70bfce9b2e,9751,,,true
P03_BLACK_O_000004,P03,BLACK,O,image_000004.jpg,training/P03/BLACK/O/images/image_000004.jpg,e723044b1737943324b4704917a1572fda9f1d0ab5751f978b54365781a6be56,9413,,,true
P03_BLACK_O_000005,P03,BLACK,O,image_000005.jpg,training/P03/BLACK/O/images/image_000005.jpg,c603ed3e8300202e581a72ebcd3159283805f4918cff7ab0cee8f7a246c5cc78,9260,,,true
P03_BLACK_O_000006,P03,BLACK,O,image_000006.jpg,training/P03/BLACK/O/images/image_000006.jpg,5b27e4ed4b72f4d49066f75b0c970db6bc545f2594d9d023f1abbbdbd67984af,9354,,,true
P03_BLACK_O_000007,P03,BLACK,O,image_000007.jpg,training/P03/BLACK/O/images/image_000007.jpg,99d8b3c7c1fec44acfc1f46ebcbf34d34c0673e5aff54585a807e87904aa43a8,9223,,,true
P03_BLACK_O_000008,P03,BLACK,O,image_000008.jpg,training/P03/BLACK/O/images/image_000008.jpg,03ec072ee41d6f8506a437281d44a9af513bac75d6be028cd774f84caa48a4a0,9065,,,true
P03_BLACK_O_000009,P03,BLACK,O,image_000009.jpg,training/P03/BLACK/O/images/image_000009.jpg,3a883174842d98e82c5fc26316de16871d67f86cf005d8d3cd8bd4b2bb4a5c35,9197,,,true
P03_BLACK_O_000010,P03,BLACK,O,image_000010.jpg,training/P03/BLACK/O/images/image_000010.jpg,aae030494f0d9a9d057120453d96d0856808814f745ff5de4fcad68ea1914ada,9572,,,true
P03_BLACK_O_000011,P03,BLACK,O,image_000011.jpg,training/P03/BLACK/O/images/image_000011.jpg,e8e3d6555797cd7d40aedff4ff08ca47f0077a9d15285eab75ad5f356af7151d,9528,,,true
P03_BLACK_O_000012,P03,BLACK,O,image_000012.jpg,training/P03/BLACK/O/images/image_000012.jpg,a731f8e65c5759648ba765d6f96b39c3605d758230be620825cf40dcec4dbdb2,9240,,,true
P03_BLACK_O_000013,P03,BLACK,O,image_000013.jpg,training/P03/BLACK/O/images/image_000013.jpg,ad125b9bb5372e59a0755057f8b3dffd5c5b204968e0dfa71f115314e4920030,9245,,,true
P03_BLACK_O_000014,P03,BLACK,O,image_000014.jpg,training/P03/BLACK/O/images/image_000014.jpg,32f003652a6c2249dffd0d61eefe922c16e46a3eff22b3584961de8546cbc72b,9260,,,true
P03_BLACK_O_000015,P03,BLACK,O,image_000015.jpg,training/P03/BLACK/O/images/image_000015.jpg,47a37e9539934d9bdc665edeea3fda4d1c354f44ff206006c1cab5f18bf4332c,9185,,,true
P03_BLACK_O_000016,P03,BLACK,O,image_000016.jpg,training/P03/BLACK/O/images/image_000016.jpg,ddbcac3444849bfc4e6c7aae58fe0d8a3813255454a8792feec10872b03ba856,8845,,,true
P03_BLACK_O_000017,P03,BLACK,O,image_000017.jpg,training/P03/BLACK/O/images/image_000017.jpg,71cadf556ab9753fda1496ba5ea0828305b8612c7d5ce5ef50501b5e9425e566,8984,,,true
P03_BLACK_O_000018,P03,BLACK,O,image_000018.jpg,training/P03/BLACK/O/images/image_000018.jpg,51dce405abb4a7820e9df232b152be29e3db08d83acd411afc1c89c3da89b17d,9109,,,true
P03_BLACK_O_000019,P03,BLACK,O,image_000019.jpg,training/P03/BLACK/O/images/image_000019.jpg,8b80ec44632cd30d4157ec293406759fbc49c401f4034228d712fc9cf04db3e9,9390,,,true
P03_BLACK_O_000020,P03,BLACK,O,image_000020.jpg,training/P03/BLACK/O/images/image_000020.jpg,cb48ed072729b54f624409dfc95397964ded6d4c4b2eac0397076a2170afa91e,9019,,,true
P03_BLACK_O_000021,P03,BLACK,O,image_000021.jpg,training/P03/BLACK/O/images/image_000021.jpg,4575b42dce421b879663044425c1f8a304852ddf9c83cda581554aa6a53d1054,9055,,,true
P03_BLACK_O_000022,P03,BLACK,O,image_000022.jpg,training/P03/BLACK/O/images/image_000022.jpg,926c6f63b3edabb99fbd4c7e8e69ff1f37fade514e46cc484201c4a34186e879,9252,,,true
P03_BLACK_O_000023,P03,BLACK,O,image_000023.jpg,training/P03/BLACK/O/images/image_000023.jpg,b8741f65b2b753eb51055955f8506d74eecd0736cd07fb90986df77705757c07,9062,,,true
P03_BLACK_O_000024,P03,BLACK,O,image_000024.jpg,training/P03/BLACK/O/images/image_000024.jpg,f65c881d8f7c682e04083e8d4b9856979fe019c6447e88a13c547dadc48256c4,9195,,,true
P03_BLACK_O_000025,P03,BLACK,O,image_000025.jpg,training/P03/BLACK/O/images/image_000025.jpg,2370e9f2ceff94725dedaf40553a43d588f7b29dc9b831323448a1dfe11db26e,9106,,,true
P03_BLACK_P_000001,P03,BLACK,P,image_000001.jpg,training/P03/BLACK/P/images/image_000001.jpg,6774fe89c66c1c876c2f3710c58a4692d760d77bdfae752ebe0c667630078b0c,8804,,,true
P03_BLACK_P_000002,P03,BLACK,P,image_000002.jpg,training/P03/BLACK/P/images/image_000002.jpg,69299165afdf070b9e2bc1f900e13b7ed8c0e9f7756ff8f3eae26c6e78375125,8819,,,true
P03_BLACK_P_000003,P03,BLACK,P,image_000003.jpg,training/P03/BLACK/P/images/image_000003.jpg,ba64c8eec22a783569514bca6ec458b4e4ce0187e460dcdf68db2fe0dc5a14fe,8940,,,true
P03_BLACK_P_000004,P03,BLACK,P,image_000004.jpg,training/P03/BLACK/P/images/image_000004.jpg,b48a03cd67fdf7dbaea2adee54d7f2e71777b19f34c1425b200a469fc4cd9a36,8885,,,true
P03_BLACK_P_000005,P03,BLACK,P,image_000005.jpg,training/P03/BLACK/P/images/image_000005.jpg,f5aa6cc51aeca7e2b12de7787e301f2fd847a65273625ae2cbd6b8e31d93b96b,8938,,,true
P03_BLACK_P_000006,P03,BLACK,P,image_000006.jpg,training/P03/BLACK/P/images/image_000006.jpg,2a1a667b2d651280724a45b905e5cbd8085a6f3d8d2dc1f779f2c203aca815ce,8794,,,true
P03_BLACK_P_000007,P03,BLACK,P,image_000007.jpg,training/P03/BLACK/P/images/image_000007.jpg,c71059878b546f575852715e0443dbc8ebf4761d462bfa9bc47eb6e069bd75c2,8801,,,true
P03_BLACK_P_000008,P03,BLACK,P,image_000008.jpg,training/P03/BLACK/P/images/image_000008.jpg,15f10c2259edb347833f064239e038073425a4c29ac81c3b7ca3c3b749d09f8c,8835,,,true
P03_BLACK_P_000009,P03,BLACK,P,image_000009.jpg,training/P03/BLACK/P/images/image_000009.jpg,f683c045f2b9f48ec27331abfaf3cebbd1a4f743f3091024183a6ed6207e5b16,8976,,,true
P03_BLACK_P_000010,P03,BLACK,P,image_000010.jpg,training/P03/BLACK/P/images/image_000010.jpg,01b99255fe5377c44fcf56a43740bf1bfec80f59e128beb9ee29d046938bb410,8690,,,true
P03_BLACK_P_000011,P03,BLACK,P,image_000011.jpg,training/P03/BLACK/P/images/image_000011.jpg,9fa80dae0e80cfc904c3edf15ac1d0895247fb079b1e15ae0282f51b4be3fc62,8689,,,true
P03_BLACK_P_000012,P03,BLACK,P,image_000012.jpg,training/P03/BLACK/P/images/image_000012.jpg,3d94458e5b4a7c18e59900afd34fa24b721cc7d187a0558678c25b2d4c253656,8704,,,true
P03_BLACK_P_000013,P03,BLACK,P,image_000013.jpg,training/P03/BLACK/P/images/image_000013.jpg,46ed8b77983b3d1e25c7922c624c7092cdaf906538b40524c2dd35e99455b805,8523,,,true
P03_BLACK_P_000014,P03,BLACK,P,image_000014.jpg,training/P03/BLACK/P/images/image_000014.jpg,3ec2ed9ad2a4fd84aaf3f1255e25e1806bc9d5160c74892bba6b0bea8d724a7d,8649,,,true
P03_BLACK_P_000015,P03,BLACK,P,image_000015.jpg,training/P03/BLACK/P/images/image_000015.jpg,b441696a1a06b1ec0a8ae77c41a604e5867bb81c46195571d9c47b7ba0e8d5ec,8327,,,true
P03_BLACK_P_000016,P03,BLACK,P,image_000016.jpg,training/P03/BLACK/P/images/image_000016.jpg,c3098b4635d61d59a7aecb968a1b7b09e166798bbc867cb84ad17a01f0c826d7,9091,,,true
P03_BLACK_P_000017,P03,BLACK,P,image_000017.jpg,training/P03/BLACK/P/images/image_000017.jpg,bf224f747dab1208d737b0ce08d250b80c652ec571139cf1ef34fa6c6be74052,8705,,,true
P03_BLACK_P_000018,P03,BLACK,P,image_000018.jpg,training/P03/BLACK/P/images/image_000018.jpg,14272063865b0dde7346e44d85705f075afb4db056bcb1f434b6a121c20753a3,8486,,,true
P03_BLACK_P_000019,P03,BLACK,P,image_000019.jpg,training/P03/BLACK/P/images/image_000019.jpg,5dc26be1e6925153d91aa3e543a4a309e5c98379cf82a10a5684ab4301926fa5,8622,,,true
P03_BLACK_P_000020,P03,BLACK,P,image_000020.jpg,training/P03/BLACK/P/images/image_000020.jpg,86be6a4ba525326aeded74f3e6993d975dac5d91d6b641f9ea50d578a266b67f,8632,,,true
P03_BLACK_P_000021,P03,BLACK,P,image_000021.jpg,training/P03/BLACK/P/images/image_000021.jpg,8522d8798b96a85dd8f4e6a39f8a0385ba4fd02a27cae82d76616c2dfb7a4cb3,8735,,,true
P03_BLACK_P_000022,P03,BLACK,P,image_000022.jpg,training/P03/BLACK/P/images/image_000022.jpg,61c1b2695739a18a8cd482d381842be7057c325d55af1bc5660a9eecc7dbca35,8382,,,true
P03_BLACK_P_000023,P03,BLACK,P,image_000023.jpg,training/P03/BLACK/P/images/image_000023.jpg,986116cc4bafbf6361679d210d2ec10adca7e195ae81928bc93c64696f390e6c,8389,,,true
P03_BLACK_P_000024,P03,BLACK,P,image_000024.jpg,training/P03/BLACK/P/images/image_000024.jpg,ee6b45801f5c0df0404aeb1da685e68e88ab4f96ac3e7e70f8805ba16366208e,8455,,,true
P03_BLACK_P_000025,P03,BLACK,P,image_000025.jpg,training/P03/BLACK/P/images/image_000025.jpg,839577949a3a73ae7f5ec7f81cf36fea9f7feeeef9bc55a7667696aa7c5b3a0c,9132,,,true
P03_BLACK_R_000001,P03,BLACK,R,image_000001.jpg,training/P03/BLACK/R/images/image_000001.jpg,4a9532990d02ceb839d1012b30f7d906c15bd0dcd8f1369b75e9f2175a2d01d8,8589,,,true
P03_BLACK_R_000002,P03,BLACK,R,image_000002.jpg,training/P03/BLACK/R/images/image_000002.jpg,f71b8c7cd5a293d70e9e011b1375e57874970800ad903e80b165622385e0a927,8681,,,true
P03_BLACK_R_000003,P03,BLACK,R,image_000003.jpg,training/P03/BLACK/R/images/image_000003.jpg,a9c08a06a723d1e5409d213e91105c6e0968c8db67e1d6803a17b6b99190f7d9,9080,,,true
P03_BLACK_R_000004,P03,BLACK,R,image_000004.jpg,training/P03/BLACK/R/images/image_000004.jpg,db1f4c5c94bbc8d0e759d706a021d2046f9aad45cc6f8508b057615734be0f0b,8969,,,true
P03_BLACK_R_000005,P03,BLACK,R,image_000005.jpg,training/P03/BLACK/R/images/image_000005.jpg,61541a935661a2e7d0fd21f660dfd9716e1146fe45b16fb22a0cc421a4f7288e,8562,,,true
P03_BLACK_R_000006,P03,BLACK,R,image_000006.jpg,training/P03/BLACK/R/images/image_000006.jpg,fbb990edcad09360f189950f9dc178c14085ced737258746805db15e33f89258,8703,,,true
P03_BLACK_R_000007,P03,BLACK,R,image_000007.jpg,training/P03/BLACK/R/images/image_000007.jpg,f76b59bea5bb904284320c319e8711717d56f526cf8640d246ab88c56a0425a6,8682,,,true
P03_BLACK_R_000008,P03,BLACK,R,image_000008.jpg,training/P03/BLACK/R/images/image_000008.jpg,6a6b68771a37b417e5f107fa4cf08df64620c1e9888267d4535d851cb9a2ac46,8873,,,true
P03_BLACK_R_000009,P03,BLACK,R,image_000009.jpg,training/P03/BLACK/R/images/image_000009.jpg,395f28f728297cae9f3a63f0f9ee1a1888a098b89e97502877a62974ee367449,8718,,,true
P03_BLACK_R_000010,P03,BLACK,R,image_000010.jpg,training/P03/BLACK/R/images/image_000010.jpg,4968c5e261991b2e723130e8c9e6ae50ccf6b4bd9196a4ffcae143bf3f1f251e,8798,,,true
P03_BLACK_R_000011,P03,BLACK,R,image_000011.jpg,training/P03/BLACK/R/images/image_000011.jpg,23f9589602c68e662e428d19fc511c875add54bdebac7ec2739fe60fd5f3dbfd,8844,,,true
P03_BLACK_R_000012,P03,BLACK,R,image_000012.jpg,training/P03/BLACK/R/images/image_000012.jpg,4e6b578de0fcb975f0e529e7571f818f05f0b0de063548df51360e001bd1aaae,8767,,,true
P03_BLACK_R_000013,P03,BLACK,R,image_000013.jpg,training/P03/BLACK/R/images/image_000013.jpg,d545ed406203de991a034362b5ac2444fd932e4ab2dff63a31b3f3ac1233c35c,8418,,,true
P03_BLACK_R_000014,P03,BLACK,R,image_000014.jpg,training/P03/BLACK/R/images/image_000014.jpg,d624ba1d88c9c33bf29bf01dd2ff26fd8d29880674768d0d6a06ae24da72294a,8348,,,true
P03_BLACK_R_000015,P03,BLACK,R,image_000015.jpg,training/P03/BLACK/R/images/image_000015.jpg,41a5e79d6b2600d88d30f146344f174f1183d0c00c9cdf4a1fe4e56f8c072d57,8592,,,true
P03_BLACK_R_000016,P03,BLACK,R,image_000016.jpg,training/P03/BLACK/R/images/image_000016.jpg,a78e88ff2a61e0f6f5837226db245a5eb13afc572b69b9d5f527ff7a0eb0ea58,9419,,,true
P03_BLACK_R_000017,P03,BLACK,R,image_000017.jpg,training/P03/BLACK/R/images/image_000017.jpg,54d252cf50a82e03b1a46037b96521aed9ab2f0f05e09a982577083897c3444e,8501,,,true
P03_BLACK_R_000018,P03,BLACK,R,image_000018.jpg,training/P03/BLACK/R/images/image_000018.jpg,0baad9774b58caca2c64024f61e6f0b3f9097d5d2dea542b80d4f18c5ec2ec5b,8368,,,true
P03_BLACK_R_000019,P03,BLACK,R,image_000019.jpg,training/P03/BLACK/R/images/image_000019.jpg,488b9090b84d1741f29bfb4316ac29c5e4e5b045964698895d3938be183f4397,8643,,,true
P03_BLACK_R_000020,P03,BLACK,R,image_000020.jpg,training/P03/BLACK/R/images/image_000020.jpg,cebe38c529717ce2164d882bb6c02204690ccaef177c841f794672fa9e531df4,8747,,,true
P03_BLACK_R_000021,P03,BLACK,R,image_000021.jpg,training/P03/BLACK/R/images/image_000021.jpg,d7e977483fe5f1cf0f3674efdd50080c6c8f7a7e3e2f01c2c77fc07be77e8505,8918,,,true
P03_BLACK_R_000022,P03,BLACK,R,image_000022.jpg,training/P03/BLACK/R/images/image_000022.jpg,7d971f691e85c9ba41a5a3e8832b090c9a1d3babe58c130cda02b97cd1144b0d,8930,,,true
P03_BLACK_R_000023,P03,BLACK,R,image_000023.jpg,training/P03/BLACK/R/images/image_000023.jpg,8a63a23dda9d8c2516bf4acd90c8fcd8e59e0363be25eefc00f1dbc703b43c51,8599,,,true
P03_BLACK_R_000024,P03,BLACK,R,image_000024.jpg,training/P03/BLACK/R/images/image_000024.jpg,658ca74366c12b4cfc19a745de36ec776d2346cf9834042593d12cf4aebc2bfe,8492,,,true
P03_BLACK_R_000025,P03,BLACK,R,image_000025.jpg,training/P03/BLACK/R/images/image_000025.jpg,d66ec3701d508ce8851f9ba43e06a1e603e900497cc5d2bded9b9d231f164272,8611,,,true
P03_BLACK_S_000001,P03,BLACK,S,image_000001.jpg,training/P03/BLACK/S/images/image_000001.jpg,74a7213675c327fb4e10c818a25c673bb21545a2fd7d38af6ca42d9e711d107e,9625,,,true
P03_BLACK_S_000002,P03,BLACK,S,image_000002.jpg,training/P03/BLACK/S/images/image_000002.jpg,a5671088babb32d808ae54985c39e5c3b4a6b4924d6bf6f1250c2eb956f595e6,9438,,,true
P03_BLACK_S_000003,P03,BLACK,S,image_000003.jpg,training/P03/BLACK/S/images/image_000003.jpg,2671b8cb4b22f1a8ccc219c84967fa2117f9bd0b890c968095daf4890d6d025d,9458,,,true
P03_BLACK_S_000004,P03,BLACK,S,image_000004.jpg,training/P03/BLACK/S/images/image_000004.jpg,d81eed2fc42e42269ac6a354c8ffebd13674aaac80f155fcd79561a6b4cfc979,9176,,,true
P03_BLACK_S_000005,P03,BLACK,S,image_000005.jpg,training/P03/BLACK/S/images/image_000005.jpg,8f49627e8f266bec99a058f90113fe5068272745bb054123c1dd5e3c597d89d4,9034,,,true
P03_BLACK_S_000006,P03,BLACK,S,image_000006.jpg,training/P03/BLACK/S/images/image_000006.jpg,5769e5fb850565a0b18f702873b26987e92939883c33096178cc9174756651b8,9195,,,true
P03_BLACK_S_000007,P03,BLACK,S,image_000007.jpg,training/P03/BLACK/S/images/image_000007.jpg,b67e2ea673c8e2a014c31d8188bcbf95d2d0c6bb68f60a1217402e7ea441cceb,9094,,,true
P03_BLACK_S_000008,P03,BLACK,S,image_000008.jpg,training/P03/BLACK/S/images/image_000008.jpg,2d0c5f19c810c38a3356264bce8c67e4069c6c20f6378b979c83fe118d060f94,9051,,,true
P03_BLACK_S_000009,P03,BLACK,S,image_000009.jpg,training/P03/BLACK/S/images/image_000009.jpg,c3009b671b8b2ad50b8ad17f9c7fffd72c4dad5abdb469307bc4138f26840d32,8766,,,true
P03_BLACK_S_000010,P03,BLACK,S,image_000010.jpg,training/P03/BLACK/S/images/image_000010.jpg,b80bdc05ef6edb9f129252f39bcbd4f80d3e9867a1eef9d171f230c403ebb710,8472,,,true
P03_BLACK_S_000011,P03,BLACK,S,image_000011.jpg,training/P03/BLACK/S/images/image_000011.jpg,d5e64dfdb5157f11319701d2240af9592a17d60cf3d180a0be0c988f2b535a20,8474,,,true
P03_BLACK_S_000012,P03,BLACK,S,image_000012.jpg,training/P03/BLACK/S/images/image_000012.jpg,03d4e65401483fafd20234fabdefe6fca683fe75ff548e2b30307432fc9c8baa,8438,,,true
P03_BLACK_S_000013,P03,BLACK,S,image_000013.jpg,training/P03/BLACK/S/images/image_000013.jpg,9527cd2315dcbd7f96ae878bcf6de01e8e74289479fd86773170e01c2fd804a8,8610,,,true
P03_BLACK_S_000014,P03,BLACK,S,image_000014.jpg,training/P03/BLACK/S/images/image_000014.jpg,45fb9b8f96d7abf5b1f32d60aaf28d0c8f328be1587f57218e9664ec3ba41fcd,9045,,,true
P03_BLACK_S_000015,P03,BLACK,S,image_000015.jpg,training/P03/BLACK/S/images/image_000015.jpg,5e034fa8b6a04e0845ab87bc32aaadb42f8b0fb1c102349488a79b015f81166b,9351,,,true
P03_BLACK_S_000016,P03,BLACK,S,image_000016.jpg,training/P03/BLACK/S/images/image_000016.jpg,a2dca872b248cd4a4f349cfc696b1356500d18824a4d1399259ee22699b08801,9335,,,true
P03_BLACK_S_000017,P03,BLACK,S,image_000017.jpg,training/P03/BLACK/S/images/image_000017.jpg,0721b9b76325f0f89fdb40dac4813694d40b0d290522bac846adbe3d0224f7fb,9429,,,true
P03_BLACK_S_000018,P03,BLACK,S,image_000018.jpg,training/P03/BLACK/S/images/image_000018.jpg,9b7a71885bab7dbe52df1836261e865b16ff6f5288e599b8880bb20399f9a5b9,9127,,,true
P03_BLACK_S_000019,P03,BLACK,S,image_000019.jpg,training/P03/BLACK/S/images/image_000019.jpg,86aef45eec0e3ee1c8201c26fe3151c98d6f2bf6f06853db5aac501516c0b264,8991,,,true
P03_BLACK_S_000020,P03,BLACK,S,image_000020.jpg,training/P03/BLACK/S/images/image_000020.jpg,72d76a7c0509e33c4137353613a5b740f3934b13b2d952bbedf7173aeb779ee4,9074,,,true
P03_BLACK_S_000021,P03,BLACK,S,image_000021.jpg,training/P03/BLACK/S/images/image_000021.jpg,18548fa6827ab74c005d563d03cb17d462db4c04af62dbd28e1925c8c9374863,8983,,,true
P03_BLACK_S_000022,P03,BLACK,S,image_000022.jpg,training/P03/BLACK/S/images/image_000022.jpg,74e84205aa030585e66c3f801eb4074341002e77a88a2e9aae9f7b7b01f6796a,8967,,,true
P03_BLACK_S_000023,P03,BLACK,S,image_000023.jpg,training/P03/BLACK/S/images/image_000023.jpg,6cda070adca7cbf23b582147ebd618866207693c796bc26cace089be5280041a,9194,,,true
P03_BLACK_S_000024,P03,BLACK,S,image_000024.jpg,training/P03/BLACK/S/images/image_000024.jpg,c44a21f6b62fda08793a7663f7f9666a3bcab90b6c1499976af5d95df8ff1312,8692,,,true
P03_BLACK_S_000025,P03,BLACK,S,image_000025.jpg,training/P03/BLACK/S/images/image_000025.jpg,a9864f374db8bea7a39f36daae67c6c5e13b943f6f0df5c519ae4ff95467a484,8721,,,true
P03_BLACK_T_000001,P03,BLACK,T,image_000001.jpg,training/P03/BLACK/T/images/image_000001.jpg,e7f7a09787a146de10ef7ac10ae1cc2b9f20246ebdca623c9dc252652efed16d,9094,,,true
P03_BLACK_T_000002,P03,BLACK,T,image_000002.jpg,training/P03/BLACK/T/images/image_000002.jpg,c683feb5ec222cf3b3976e4a2395df5a4928f8f8f260f3597b1c9ee2f4fcacee,9388,,,true
P03_BLACK_T_000003,P03,BLACK,T,image_000003.jpg,training/P03/BLACK/T/images/image_000003.jpg,4925cad3842605ebdee22da662abcdd6fd22a9322cc1150600b86ac7bd4ac45a,9256,,,true
P03_BLACK_T_000004,P03,BLACK,T,image_000004.jpg,training/P03/BLACK/T/images/image_000004.jpg,cbbc0ff59318c32a261840b7b346273ddf069f097106ee3d96d757533c641ddd,9127,,,true
P03_BLACK_T_000005,P03,BLACK,T,image_000005.jpg,training/P03/BLACK/T/images/image_000005.jpg,58113b9102b194fdb54d375c05ab9994745b3ba799fd9d1ab96a4b8ece5202ee,9015,,,true
P03_BLACK_T_000006,P03,BLACK,T,image_000006.jpg,training/P03/BLACK/T/images/image_000006.jpg,76c236513b3c06dd6b6701a43496906a28a27daf5c06e0fdde7dc204324c0b96,9207,,,true
P03_BLACK_T_000007,P03,BLACK,T,image_000007.jpg,training/P03/BLACK/T/images/image_000007.jpg,0c8d9182f16744af0be011d5934d185912c30de1899dd64266c5e1a13e9ad534,9329,,,true
P03_BLACK_T_000008,P03,BLACK,T,image_000008.jpg,training/P03/BLACK/T/images/image_000008.jpg,955dc51b5ef622c64f58913d47767083d8e2125ffaa0046d0a146c3ed6b9b253,9417,,,true
P03_BLACK_T_000009,P03,BLACK,T,image_000009.jpg,training/P03/BLACK/T/images/image_000009.jpg,2a952abe079b169b7e22a9a78f137719bc084263663512a6b35a2e8710dff793,9162,,,true
P03_BLACK_T_000010,P03,BLACK,T,image_000010.jpg,training/P03/BLACK/T/images/image_000010.jpg,5ac037502e5dbf43cc85c239a7903f80eb0791181e3d4195b7508446e286cf44,9147,,,true
P03_BLACK_T_000011,P03,BLACK,T,image_000011.jpg,training/P03/BLACK/T/images/image_000011.jpg,6d3a4e6ee20a28a96b7a830147df8bef01344501e62280186f8e96ea2402a60e,9367,,,true
P03_BLACK_T_000012,P03,BLACK,T,image_000012.jpg,training/P03/BLACK/T/images/image_000012.jpg,c793950b82a8273081d9edad5313e9fcbafd5daca748091913c35e370f95f9f9,8994,,,true
P03_BLACK_T_000013,P03,BLACK,T,image_000013.jpg,training/P03/BLACK/T/images/image_000013.jpg,59383702daefdb3b66b48ae37a3b245d101ae4899e78ae4187a673c3ae2058f2,8888,,,true
P03_BLACK_T_000014,P03,BLACK,T,image_000014.jpg,training/P03/BLACK/T/images/image_000014.jpg,09488fcc60c78994aca291157598573f9a5269479312aaec8adb613ebbfb5e4e,8714,,,true
P03_BLACK_T_000015,P03,BLACK,T,image_000015.jpg,training/P03/BLACK/T/images/image_000015.jpg,5823544a389d3f3d9c184b018e68f3cb0a09a56dc72fdb8bdf138c2aec0bc9bb,8881,,,true
P03_BLACK_T_000016,P03,BLACK,T,image_000016.jpg,training/P03/BLACK/T/images/image_000016.jpg,986f99c8ced9347a484c8f45e3255aee2175d3d2f847a33b89150ad62f9f9739,8305,,,true
P03_BLACK_T_000017,P03,BLACK,T,image_000017.jpg,training/P03/BLACK/T/images/image_000017.jpg,a8e6aecaf18a46990d68892dc3db1f95c91feb07ca5aab7af717625ba4209b95,8185,,,true
P03_BLACK_T_000018,P03,BLACK,T,image_000018.jpg,training/P03/BLACK/T/images/image_000018.jpg,7ec4ed964e45f385a10c6afcda1628e8a730800426fc9e84849a34404c995d69,9585,,,true
P03_BLACK_T_000019,P03,BLACK,T,image_000019.jpg,training/P03/BLACK/T/images/image_000019.jpg,850fb602eedcfa1c36e6f06f15da2352930ee5de9089a295959429fdaef5663e,8480,,,true
P03_BLACK_T_000020,P03,BLACK,T,image_000020.jpg,training/P03/BLACK/T/images/image_000020.jpg,1b5731afcfc4306dbd4da0b8337a918c63525527189274af23f1b42665e774ca,8606,,,true
P03_BLACK_T_000021,P03,BLACK,T,image_000021.jpg,training/P03/BLACK/T/images/image_000021.jpg,900e68c91d11e97459f2eb4e30aa1d5f91a406a9e12ecab9a6cfe9a3c32bdd58,8716,,,true
P03_BLACK_T_000022,P03,BLACK,T,image_000022.jpg,training/P03/BLACK/T/images/image_000022.jpg,b6193a844b6b22a0cbe6e303a45a93e91b6f5fb1ce2af0dfa841ed21d4077fa5,8578,,,true
P03_BLACK_T_000023,P03,BLACK,T,image_000023.jpg,training/P03/BLACK/T/images/image_000023.jpg,a1b44bc7c22d8a83dc36c1ee67b9808f31ddb9d1ff6fae68fe0f101a7923fa7d,9089,,,true
P03_BLACK_T_000024,P03,BLACK,T,image_000024.jpg,training/P03/BLACK/T/images/image_000024.jpg,de405cd417676a5bca4a273601d4b402e9471016f5748048cbaddc5b1e1a7b86,9573,,,true
P03_BLACK_T_000025,P03,BLACK,T,image_000025.jpg,training/P03/BLACK/T/images/image_000025.jpg,49ff778394265f2859c6fc2f60196051992ca44461eb5ceca090234af97fb4fc,8845,,,true
P03_BLACK_U_000001,P03,BLACK,U,image_000001.jpg,training/P03/BLACK/U/images/image_000001.jpg,d15358f9518ea41f39ada775195162e54fd2d621ab38a3ffdd2a84079e395bc9,8605,,,true
P03_BLACK_U_000002,P03,BLACK,U,image_000002.jpg,training/P03/BLACK/U/images/image_000002.jpg,7f201126fa603dcd4d20d05b94307bc10335688373eaf9c8aa14cec13c5b37d2,8579,,,true
P03_BLACK_U_000003,P03,BLACK,U,image_000003.jpg,training/P03/BLACK/U/images/image_000003.jpg,174d381815692a3998b15547cc5aab1407056682e8bec0ed6a0adbc82bff3c06,8349,,,true
P03_BLACK_U_000004,P03,BLACK,U,image_000004.jpg,training/P03/BLACK/U/images/image_000004.jpg,d4cba76bbfdd93a9522368492759989aa328e1d5d6c7e6e975b4e65ec84be855,8711,,,true
P03_BLACK_U_000005,P03,BLACK,U,image_000005.jpg,training/P03/BLACK/U/images/image_000005.jpg,94229600cfc4f100a95c2e52a1d4217f33710f3603f03d1c0bb062cf25c52b5d,7858,,,true
P03_BLACK_U_000006,P03,BLACK,U,image_000006.jpg,training/P03/BLACK/U/images/image_000006.jpg,f00b3a2972eced1aee012cadae0970811ee7017f2c73112f0f96fd0505a6857d,8364,,,true
P03_BLACK_U_000007,P03,BLACK,U,image_000007.jpg,training/P03/BLACK/U/images/image_000007.jpg,d49f6cb1cc723979f84073ea5745467f124c81b1eed230cbe714b1af0fb9f3bd,8337,,,true
P03_BLACK_U_000008,P03,BLACK,U,image_000008.jpg,training/P03/BLACK/U/images/image_000008.jpg,501565072a5cd1c89662549a8a3c7d6058a457c61b95c8f580d8a22cd6c0e62c,8717,,,true
P03_BLACK_U_000009,P03,BLACK,U,image_000009.jpg,training/P03/BLACK/U/images/image_000009.jpg,dc21d0100f03e858b92416228c7468f3a95c8daa6993453fef159bb4008dd229,8870,,,true
P03_BLACK_U_000010,P03,BLACK,U,image_000010.jpg,training/P03/BLACK/U/images/image_000010.jpg,bcaf37aff3386b293a25be2ac30e4c704bcf838b1ad49f1362a30187dbd0861e,8744,,,true
P03_BLACK_U_000011,P03,BLACK,U,image_000011.jpg,training/P03/BLACK/U/images/image_000011.jpg,30f5b1e85258403f08295d54e7248fcfe61e596a5ff7b9b9c4c8c43e75946d7e,8689,,,true
P03_BLACK_U_000012,P03,BLACK,U,image_000012.jpg,training/P03/BLACK/U/images/image_000012.jpg,0b3a062335e4a1a3703859010beb08463bba9769427daf2c8fb6d81cb5deafeb,8416,,,true
P03_BLACK_U_000013,P03,BLACK,U,image_000013.jpg,training/P03/BLACK/U/images/image_000013.jpg,620ce3f11b80b784a25a6498f74dd7d1b98c0a0e542dca6cb1b0d85ddb86a9ad,8755,,,true
P03_BLACK_U_000014,P03,BLACK,U,image_000014.jpg,training/P03/BLACK/U/images/image_000014.jpg,1e627a0715afc1b51849d4b9339845d75103a4534991f6e1c8baa872e1e5c4be,8948,,,true
P03_BLACK_U_000015,P03,BLACK,U,image_000015.jpg,training/P03/BLACK/U/images/image_000015.jpg,b99b82113cb05fd8a8b10057faa596ec3800a0823a851cf0b86834c5ee1f122e,9119,,,true
P03_BLACK_U_000016,P03,BLACK,U,image_000016.jpg,training/P03/BLACK/U/images/image_000016.jpg,acb09c1cc517da7979af433b466ff0534e160763ff474df4d39d449481807b59,9053,,,true
P03_BLACK_U_000017,P03,BLACK,U,image_000017.jpg,training/P03/BLACK/U/images/image_000017.jpg,6136614cedf707adfea61d9e74f806e3aca4d58895d9541eec947dc925c046e6,8537,,,true
P03_BLACK_U_000018,P03,BLACK,U,image_000018.jpg,training/P03/BLACK/U/images/image_000018.jpg,a2d2937dbabce353a6c9b1d3e819ac794f8e9364be3a841204e5b303b4166978,8311,,,true
P03_BLACK_U_000019,P03,BLACK,U,image_000019.jpg,training/P03/BLACK/U/images/image_000019.jpg,5c56f13f3c921fd1443f123e9fe8ed0291b5c3ba75b0acad7b117987100606e6,8213,,,true
P03_BLACK_U_000020,P03,BLACK,U,image_000020.jpg,training/P03/BLACK/U/images/image_000020.jpg,6188a543a07d0da50a987ed03693b5b9753c940b8cf18377dbd95d68505b964f,9278,,,true
P03_BLACK_U_000021,P03,BLACK,U,image_000021.jpg,training/P03/BLACK/U/images/image_000021.jpg,db8da0b485b0d5c5359f1c4e0618e3f508392eae7b206a562d3163856ddd7200,8155,,,true
P03_BLACK_U_000022,P03,BLACK,U,image_000022.jpg,training/P03/BLACK/U/images/image_000022.jpg,a190e680c64c2e37a403da61cad833c3fa213b0bbd1d2ab0538e6abb6cdb7abc,7697,,,true
P03_BLACK_U_000023,P03,BLACK,U,image_000023.jpg,training/P03/BLACK/U/images/image_000023.jpg,baee64991d5a7881dee84b09bfbe983ecd028af33cb587d8052e231769be0ad4,7985,,,true
P03_BLACK_U_000024,P03,BLACK,U,image_000024.jpg,training/P03/BLACK/U/images/image_000024.jpg,00476fd7f66b067605ea604b45b4a2f5a76b0e0bd9904196f2addeedcff0e65b,8215,,,true
P03_BLACK_U_000025,P03,BLACK,U,image_000025.jpg,training/P03/BLACK/U/images/image_000025.jpg,0cb9c08883f16f741df2935af9a69fb03e62c40b850ff158545eee3b45b8b44b,8701,,,true
P03_BLACK_V_000001,P03,BLACK,V,image_000001.jpg,training/P03/BLACK/V/images/image_000001.jpg,45b0ac75d9b3c16ca02d23dc95fdebf604840a051d4476b4641363b9ae7cd723,9094,,,true
P03_BLACK_V_000002,P03,BLACK,V,image_000002.jpg,training/P03/BLACK/V/images/image_000002.jpg,7418ac187a4d47d02390d81ef67353175a2bf2e4a0ee1240e83db6472b539922,8863,,,true
P03_BLACK_V_000003,P03,BLACK,V,image_000003.jpg,training/P03/BLACK/V/images/image_000003.jpg,28805f54147b87bc20ec0a4ad0b376675ca1ccc602f67a9ce03e57d6875b8ea6,9102,,,true
P03_BLACK_V_000004,P03,BLACK,V,image_000004.jpg,training/P03/BLACK/V/images/image_000004.jpg,649e5018efa3f1a9c7a81a66d51ab559d1e45067a800d530383e61526f13503f,9427,,,true
P03_BLACK_V_000005,P03,BLACK,V,image_000005.jpg,training/P03/BLACK/V/images/image_000005.jpg,a5a40e441440fb1d8a94dc82cc6520d8687ac31ccd20332775793bd279b70aa9,8984,,,true
P03_BLACK_V_000006,P03,BLACK,V,image_000006.jpg,training/P03/BLACK/V/images/image_000006.jpg,0a321fce57f416548af5b399504b3e11eee2b24032abdb324b4c42658e829121,8830,,,true
P03_BLACK_V_000007,P03,BLACK,V,image_000007.jpg,training/P03/BLACK/V/images/image_000007.jpg,74ccd5ab33bbd31be290450275fd78f2964582930802b8163d0fe10b541a7212,9027,,,true
P03_BLACK_V_000008,P03,BLACK,V,image_000008.jpg,training/P03/BLACK/V/images/image_000008.jpg,2c68f288ede70d1454c29b80521ba3c31c7d56d8fa8185a3652936387fce37d1,9074,,,true
P03_BLACK_V_000009,P03,BLACK,V,image_000009.jpg,training/P03/BLACK/V/images/image_000009.jpg,7a161c1cf686855e86590d902e8ec958002da2d8fb920d138e89819740073121,9089,,,true
P03_BLACK_V_000010,P03,BLACK,V,image_000010.jpg,training/P03/BLACK/V/images/image_000010.jpg,0555ab03bbd21c19c915205fcbce3282a5b5ca66bf1454d4906e290556b82d27,9130,,,true
P03_BLACK_V_000011,P03,BLACK,V,image_000011.jpg,training/P03/BLACK/V/images/image_000011.jpg,565cfe3a44cb94d2e94927a25a98e53e7526baf020e550ac2f0fc864294e5ec5,9204,,,true
P03_BLACK_V_000012,P03,BLACK,V,image_000012.jpg,training/P03/BLACK/V/images/image_000012.jpg,4f457bfc9dccd8576c5fac4bba2aa86eafc91544bb6779e6203609fe16a0d717,9253,,,true
P03_BLACK_V_000013,P03,BLACK,V,image_000013.jpg,training/P03/BLACK/V/images/image_000013.jpg,b3e2133fd5cd85cb4c62beeca61870c4f8488f74755fff7dbc3587b9e9b058d3,8679,,,true
P03_BLACK_V_000014,P03,BLACK,V,image_000014.jpg,training/P03/BLACK/V/images/image_000014.jpg,dbd583363f81bd71703535bb4ccade4b4c2c9711a69b4c5b0e3a723b13f48f1c,9069,,,true
P03_BLACK_V_000015,P03,BLACK,V,image_000015.jpg,training/P03/BLACK/V/images/image_000015.jpg,47d33da471b0a104311b61776fc10d845a8db6a7add8343ed2682f526fb3177a,8896,,,true
P03_BLACK_V_000016,P03,BLACK,V,image_000016.jpg,training/P03/BLACK/V/images/image_000016.jpg,67624c868d4a4d573466818aab050c336de2772807db9688690b889130320d1b,8690,,,true
P03_BLACK_V_000017,P03,BLACK,V,image_000017.jpg,training/P03/BLACK/V/images/image_000017.jpg,5e11c93fca403f5b6f6a9a066602d38be0ccfcbed6ab8be5737ce5668a7e1ca5,8661,,,true
P03_BLACK_V_000018,P03,BLACK,V,image_000018.jpg,training/P03/BLACK/V/images/image_000018.jpg,ccb3c8a5be6c1e31bf18a4bd94787204791481c98c1252e19650aa3286de4539,8638,,,true
P03_BLACK_V_000019,P03,BLACK,V,image_000019.jpg,training/P03/BLACK/V/images/image_000019.jpg,f799a5f01655e3551f2a0745d73cf8d40f47c2bf248f8a81e20de51f20e73d84,8929,,,true
P03_BLACK_V_000020,P03,BLACK,V,image_000020.jpg,training/P03/BLACK/V/images/image_000020.jpg,086886bb90dee303d53fa04f3cf597b165614927ca58461ca62782bfabd69035,9119,,,true
P03_BLACK_V_000021,P03,BLACK,V,image_000021.jpg,training/P03/BLACK/V/images/image_000021.jpg,06e99167ef63a5c4f24b862d89adbd6e36ba13fd84fb5f151d64d8d39a10ce4c,8820,,,true
P03_BLACK_V_000022,P03,BLACK,V,image_000022.jpg,training/P03/BLACK/V/images/image_000022.jpg,4fc4194fe02c8d41fdae5deb3d884383ad9032635fa91ac67c6d02139627e0ea,8968,,,true
P03_BLACK_V_000023,P03,BLACK,V,image_000023.jpg,training/P03/BLACK/V/images/image_000023.jpg,7bc80e4a6fb5565b12a2ade270347aafa51530cdc9190b478dbddb1b98bdc159,8958,,,true
P03_BLACK_V_000024,P03,BLACK,V,image_000024.jpg,training/P03/BLACK/V/images/image_000024.jpg,47df3a7e45bc3b14f708de184d9739babcb0ff4e824a4b4fbce1f0342726cbb5,8794,,,true
P03_BLACK_V_000025,P03,BLACK,V,image_000025.jpg,training/P03/BLACK/V/images/image_000025.jpg,399b95b3a438842370abfb0c30dd17d14d3138a5aa35ad69b060b88850112ad3,8904,,,true
P03_BLACK_W_000001,P03,BLACK,W,image_000001.jpg,training/P03/BLACK/W/images/image_000001.jpg,077b5091223cf4006378cd5b16ccb192e062faa1e4bdab4c876a56ecde820633,9074,,,true
P03_BLACK_W_000002,P03,BLACK,W,image_000002.jpg,training/P03/BLACK/W/images/image_000002.jpg,6136bfee90cf5b97d0a919c934ea4a5fd7aa01c4ae60ce35eee2e8a601fc525e,9297,,,true
P03_BLACK_W_000003,P03,BLACK,W,image_000003.jpg,training/P03/BLACK/W/images/image_000003.jpg,d12141237ce9b2e8d5a2ae1277790766d0fff398010d1cdfb8786edb479aa148,9294,,,true
P03_BLACK_W_000004,P03,BLACK,W,image_000004.jpg,training/P03/BLACK/W/images/image_000004.jpg,57276ce19e8078fd2cd9823bd98c0cb9ccbc0dfaf7d122f184f74a065801fe05,9474,,,true
P03_BLACK_W_000005,P03,BLACK,W,image_000005.jpg,training/P03/BLACK/W/images/image_000005.jpg,d71b43667860af6c30e009fa0a77fc345aaa4129b587f47ec66b507e8db3a25d,9255,,,true
P03_BLACK_W_000006,P03,BLACK,W,image_000006.jpg,training/P03/BLACK/W/images/image_000006.jpg,f1d20b6be44b5132428931eff72e3ae70635832933d97fb9bc9bf5275e758c22,9000,,,true
P03_BLACK_W_000007,P03,BLACK,W,image_000007.jpg,training/P03/BLACK/W/images/image_000007.jpg,1e95a0870e5ac3ff2a5db4b0d98e4ff19b4800b67addcad86862d545a4ffdd33,8911,,,true
P03_BLACK_W_000008,P03,BLACK,W,image_000008.jpg,training/P03/BLACK/W/images/image_000008.jpg,ae467559d199d31c44f9343471d43be3fc82ee69be025b520b90f450ed1fb507,8754,,,true
P03_BLACK_W_000009,P03,BLACK,W,image_000009.jpg,training/P03/BLACK/W/images/image_000009.jpg,c435667aa0a1f7e01a77921dac3aded6ded4a6955dc307680dab2d089aaeb87e,8610,,,true
P03_BLACK_W_000010,P03,BLACK,W,image_000010.jpg,training/P03/BLACK/W/images/image_000010.jpg,6f87ba3813cb60187f73a15c57ee36a3a3341be3f8ead913b3a3a690600e1678,8216,,,true
P03_BLACK_W_000011,P03,BLACK,W,image_000011.jpg,training/P03/BLACK/W/images/image_000011.jpg,2925f34916f43e45b700caf5c8cc2eee4b3fc48478c58f7c25abb72679eb8e1d,8769,,,true
P03_BLACK_W_000012,P03,BLACK,W,image_000012.jpg,training/P03/BLACK/W/images/image_000012.jpg,7cc843da09696e50eef8424e4ff9342df06d1579bb5a6b12f22f5c8b35e04609,9079,,,true
P03_BLACK_W_000013,P03,BLACK,W,image_000013.jpg,training/P03/BLACK/W/images/image_000013.jpg,4d6ec3e6bc888c366eff775e17c89cf958d4ed1ce28d71999832187b0d2a7152,9031,,,true
P03_BLACK_W_000014,P03,BLACK,W,image_000014.jpg,training/P03/BLACK/W/images/image_000014.jpg,108f72e356959b9bcbaa077724da6b4cf284a2b7579a6fbbd78399df9d6ca9f0,9050,,,true
P03_BLACK_W_000015,P03,BLACK,W,image_000015.jpg,training/P03/BLACK/W/images/image_000015.jpg,0f7fbf24ecdd8913a00a193259caf3544a4f628c14d46ea24adc6337a0d32ade,9189,,,true
P03_BLACK_W_000016,P03,BLACK,W,image_000016.jpg,training/P03/BLACK/W/images/image_000016.jpg,96c971a194b4f97a4b7013f5dc88f6ace824c5d4612efa4b7113c8220a8b9458,8969,,,true
P03_BLACK_W_000017,P03,BLACK,W,image_000017.jpg,training/P03/BLACK/W/images/image_000017.jpg,0abaa645c03f7afbb8ebbe61af46abf5aa6ceb7e5defe2776e63b9e342565e7b,9225,,,true
P03_BLACK_W_000018,P03,BLACK,W,image_000018.jpg,training/P03/BLACK/W/images/image_000018.jpg,3f0b96b92ea3f184a9bd9c8497ea15cc9c24bd0f72eda67af85249841c09e4ee,9543,,,true
P03_BLACK_W_000019,P03,BLACK,W,image_000019.jpg,training/P03/BLACK/W/images/image_000019.jpg,c3677a5943ad4f056607962553ce69ed35c74b967972b48d8abd48b5bbb62dca,8945,,,true
P03_BLACK_W_000020,P03,BLACK,W,image_000020.jpg,training/P03/BLACK/W/images/image_000020.jpg,eae4f20e89e0c40fa32fde17f2a19ef1c3acaf7de2c405c4f7a547196987b1e7,8809,,,true
P03_BLACK_W_000021,P03,BLACK,W,image_000021.jpg,training/P03/BLACK/W/images/image_000021.jpg,455a903033ee44759353e1674d7c6cb4a63eda4650b15e30490ac9f909eaca0b,9083,,,true
P03_BLACK_W_000022,P03,BLACK,W,image_000022.jpg,training/P03/BLACK/W/images/image_000022.jpg,f444e55594ebfabfce6578bd1861474b98e3dba66dd7ece23afc1e89798d7bcf,8910,,,true
P03_BLACK_W_000023,P03,BLACK,W,image_000023.jpg,training/P03/BLACK/W/images/image_000023.jpg,f328e08b1dd4f7e23ffccb19924cce6ced8867fd84bb7800b26bcce366caf8c1,9772,,,true
P03_BLACK_W_000024,P03,BLACK,W,image_000024.jpg,training/P03/BLACK/W/images/image_000024.jpg,c97c15f54ede0a7626022f746e2063f1c5a0b49713493b3d6c88b21d3dcb205b,9171,,,true
P03_BLACK_W_000025,P03,BLACK,W,image_000025.jpg,training/P03/BLACK/W/images/image_000025.jpg,e29cc69903562ba79ae3550fc54beb92ab9d33d6cf6481a4b2000cb78a5dde4c,8797,,,true
P03_BLACK_Y_000001,P03,BLACK,Y,image_000001.jpg,training/P03/BLACK/Y/images/image_000001.jpg,d469a984e0348fe594611f8506a0719d69e34b2ade30baa7a8e16bf23e7a2599,8913,,,true
P03_BLACK_Y_000002,P03,BLACK,Y,image_000002.jpg,training/P03/BLACK/Y/images/image_000002.jpg,f39cab8396f6f0ced00bb5f6992936c3da8dddf311dc367e52ee978b43b966fe,8828,,,true
P03_BLACK_Y_000003,P03,BLACK,Y,image_000003.jpg,training/P03/BLACK/Y/images/image_000003.jpg,965263ff64f0e0f1f6ac7bd00d26e93ec3638acfcaa8f4a10fa23b018281c2d9,8798,,,true
P03_BLACK_Y_000004,P03,BLACK,Y,image_000004.jpg,training/P03/BLACK/Y/images/image_000004.jpg,a6ec9e059cb772ab5e123dd5c2cca6599cd85717995121c4a73a1e28aa557fde,8913,,,true
P03_BLACK_Y_000005,P03,BLACK,Y,image_000005.jpg,training/P03/BLACK/Y/images/image_000005.jpg,56eef075bf12dd64697bf9c517b46ef1df3891151f880081fc6ddd6da91c048e,8710,,,true
P03_BLACK_Y_000006,P03,BLACK,Y,image_000006.jpg,training/P03/BLACK/Y/images/image_000006.jpg,d94ae3cc33d0e70531d4966259dfecf1f5a7e3975e82e8287da3ca439ed0b8a0,8567,,,true
P03_BLACK_Y_000007,P03,BLACK,Y,image_000007.jpg,training/P03/BLACK/Y/images/image_000007.jpg,d61ad88decbb604846779b34c1814b7895fd83151a5263799117e0f2e079a3f1,8849,,,true
P03_BLACK_Y_000008,P03,BLACK,Y,image_000008.jpg,training/P03/BLACK/Y/images/image_000008.jpg,ef9f84c4898454f367aff5d99c423ba205d890d01baeec8ada9955bf90babee7,8870,,,true
P03_BLACK_Y_000009,P03,BLACK,Y,image_000009.jpg,training/P03/BLACK/Y/images/image_000009.jpg,8a5ce60eda41971235bddac034b651d30de87e184b3af55ac1de06b1ad16c8aa,9280,,,true
P03_BLACK_Y_000010,P03,BLACK,Y,image_000010.jpg,training/P03/BLACK/Y/images/image_000010.jpg,95957f89094d8817f9383f9bbcdde3380902e48af9cea0bd02ec0f5c6ef84b5f,9068,,,true
P03_BLACK_Y_000011,P03,BLACK,Y,image_000011.jpg,training/P03/BLACK/Y/images/image_000011.jpg,fab18fe4c885451d529dd744d776a26a944d55444eafa160201da1234d5b9181,8764,,,true
P03_BLACK_Y_000012,P03,BLACK,Y,image_000012.jpg,training/P03/BLACK/Y/images/image_000012.jpg,d497644afb734d23e714209f2c9f71598b75e25d3e3f6dcd518b8000a9328d0d,8435,,,true
P03_BLACK_Y_000013,P03,BLACK,Y,image_000013.jpg,training/P03/BLACK/Y/images/image_000013.jpg,ab1e9ced0811eb43e3664a792fe92a4cfa060c748b8a1c6e46064d7981a15fc3,8353,,,true
P03_BLACK_Y_000014,P03,BLACK,Y,image_000014.jpg,training/P03/BLACK/Y/images/image_000014.jpg,705f17d6e0f3336693e22dd08f2630d92eb58455543fdf2a7965ad7661e4a635,8589,,,true
P03_BLACK_Y_000015,P03,BLACK,Y,image_000015.jpg,training/P03/BLACK/Y/images/image_000015.jpg,d45fc90ea2b4d51d22064165d718c8e0f68a20d173cfa8ccfb82e7283cf73a24,8829,,,true
P03_BLACK_Y_000016,P03,BLACK,Y,image_000016.jpg,training/P03/BLACK/Y/images/image_000016.jpg,0db80a8c25f2c1a6372c72964197d7126c9cae88f33f37f814baf8bee032a73e,9053,,,true
P03_BLACK_Y_000017,P03,BLACK,Y,image_000017.jpg,training/P03/BLACK/Y/images/image_000017.jpg,e3a829a9857763c9867cef55aa35b4611dffd5f335ff43c86d55cdcad90aacfa,8726,,,true
P03_BLACK_Y_000018,P03,BLACK,Y,image_000018.jpg,training/P03/BLACK/Y/images/image_000018.jpg,b1ccc6e0ca52821470590e62a34db111656ab38582012b3beab75657de2e18eb,8839,,,true
P03_BLACK_Y_000019,P03,BLACK,Y,image_000019.jpg,training/P03/BLACK/Y/images/image_000019.jpg,e2b5b5928f25398a1d329679819b57899aa633a97721b80e36c07cae425e117d,8659,,,true
P03_BLACK_Y_000020,P03,BLACK,Y,image_000020.jpg,training/P03/BLACK/Y/images/image_000020.jpg,08a5bd759abbd95c19a1ae29ba291d492d6e203cf0960cab780cea04d0cad324,8747,,,true
P03_BLACK_Y_000021,P03,BLACK,Y,image_000021.jpg,training/P03/BLACK/Y/images/image_000021.jpg,4780c7c644cefabf7cdf9bffd861979e4a1157dc1b56ac22ae3df20ca3cab5b8,8384,,,true
P03_BLACK_Y_000022,P03,BLACK,Y,image_000022.jpg,training/P03/BLACK/Y/images/image_000022.jpg,110f05a794842cbd6c0bf206c4000bc535372eb1620aadcc12a2915d8499bfd9,8587,,,true
P03_BLACK_Y_000023,P03,BLACK,Y,image_000023.jpg,training/P03/BLACK/Y/images/image_000023.jpg,bf21a41e68c13b25e974f6758a7a37b5c16bf05f08160b387a3963f404bfc74f,8711,,,true
P03_BLACK_Y_000024,P03,BLACK,Y,image_000024.jpg,training/P03/BLACK/Y/images/image_000024.jpg,52634d524797e4487e39705e0d6f44129ed9e6b9cb2bb1d07defce23822e36f0,8696,,,true
P03_BLACK_Y_000025,P03,BLACK,Y,image_000025.jpg,training/P03/BLACK/Y/images/image_000025.jpg,8fb37335d13dfbabfca232f6ec8694f1348fc994f28751bea6aaaae57d859ca8,8665,,,true
P03_WHITE_A_000001,P03,WHITE,A,image_000001.jpg,training/P03/WHITE/A/images/image_000001.jpg,502610b1d6559baa2a3fdd6bf4c1603965f0a367c68c75f6fab36c75f8c5f1ae,8919,,,true
P03_WHITE_A_000002,P03,WHITE,A,image_000002.jpg,training/P03/WHITE/A/images/image_000002.jpg,2813c1d187656ff95eaada980e485102efded79cac650cd72a052cbd2151df98,8224,,,true
P03_WHITE_A_000003,P03,WHITE,A,image_000003.jpg,training/P03/WHITE/A/images/image_000003.jpg,5fa3213133fa9afbb99585e91768b6b943b2a2236c2a2e168e3fc99d42d4189d,7616,,,true
P03_WHITE_A_000004,P03,WHITE,A,image_000004.jpg,training/P03/WHITE/A/images/image_000004.jpg,fd216582c8a258d4f38dc64141c005fff5f074e8dc10b8d4d5149576eb1390a0,7498,,,true
P03_WHITE_A_000005,P03,WHITE,A,image_000005.jpg,training/P03/WHITE/A/images/image_000005.jpg,8390e2369f7bf5356f8b896b97ae5f4a5ca06b9af95f8d6fe52d183e6701b275,7245,,,true
P03_WHITE_A_000006,P03,WHITE,A,image_000006.jpg,training/P03/WHITE/A/images/image_000006.jpg,e39a3bba5be6f910ab22177d1bf2aa46e5d70d9a26df2759e82019348758134d,7022,,,true
P03_WHITE_A_000007,P03,WHITE,A,image_000007.jpg,training/P03/WHITE/A/images/image_000007.jpg,481aefdb721acba62e8131af018bb5021125191ded6f0c13661a3ecf00b19aab,7380,,,true
P03_WHITE_A_000008,P03,WHITE,A,image_000008.jpg,training/P03/WHITE/A/images/image_000008.jpg,9a5e8afa0f70ed797d7db861b8e74b872859f287b1ca938086d9d2f874f9388e,7928,,,true
P03_WHITE_A_000009,P03,WHITE,A,image_000009.jpg,training/P03/WHITE/A/images/image_000009.jpg,817865380b3515d446c84aa49627abced17e18ddb86549d9b3f094d7542060c7,9030,,,true
P03_WHITE_A_000010,P03,WHITE,A,image_000010.jpg,training/P03/WHITE/A/images/image_000010.jpg,757fa63659ba949e475867e1f6c53b37a4ef3519b7f0992970e6c431f25eeb12,8656,,,true
P03_WHITE_A_000011,P03,WHITE,A,image_000011.jpg,training/P03/WHITE/A/images/image_000011.jpg,2eace199f4a49aa1403dec6f5798e3e31a0e471ea2cbc71dda3a4deb3ab777fe,7635,,,true
P03_WHITE_A_000012,P03,WHITE,A,image_000012.jpg,training/P03/WHITE/A/images/image_000012.jpg,3fd46090661b67ebd75eac4b114ad687a347eb6f1eba0f9b2f338fb04fbebec3,7046,,,true
P03_WHITE_A_000013,P03,WHITE,A,image_000013.jpg,training/P03/WHITE/A/images/image_000013.jpg,048490de5dc7e85d56a3d1201931898251567ec8af8f60278680f8ea3a25ccd1,7307,,,true
P03_WHITE_A_000014,P03,WHITE,A,image_000014.jpg,training/P03/WHITE/A/images/image_000014.jpg,ccd22df7dcfe7a5592e6148b1a6daed82607440cdbd160c3f59e114a83935984,6887,,,true
P03_WHITE_A_000015,P03,WHITE,A,image_000015.jpg,training/P03/WHITE/A/images/image_000015.jpg,03ad6fd2c05163712a67625efb4064b38321c59f2c928b0e8232db26cf569f0b,8078,,,true
P03_WHITE_A_000016,P03,WHITE,A,image_000016.jpg,training/P03/WHITE/A/images/image_000016.jpg,0b2c234856e679febf23682f5d63c22efc019d6ec78c32dbea6fa5201f76e8b5,8772,,,true
P03_WHITE_A_000017,P03,WHITE,A,image_000017.jpg,training/P03/WHITE/A/images/image_000017.jpg,5f5bffbd011ec6ff848feddf3d451d1c941c2d1a4ca4c500cb29673c1c69f981,8140,,,true
P03_WHITE_A_000018,P03,WHITE,A,image_000018.jpg,training/P03/WHITE/A/images/image_000018.jpg,cab5f6bb3334854a8ebe18fa71c3936e0813b1ec78121a15bcf3dbdcfc2de692,7880,,,true
P03_WHITE_A_000019,P03,WHITE,A,image_000019.jpg,training/P03/WHITE/A/images/image_000019.jpg,6973230e4dfaf659812bcf25bc7a7d688cb5bff55a9beb06523315048d1748bb,7784,,,true
P03_WHITE_A_000020,P03,WHITE,A,image_000020.jpg,training/P03/WHITE/A/images/image_000020.jpg,bc3a9644576e72abd01813d83b985dd8070dfe55ae05c3bee19990201b606b9c,7928,,,true
P03_WHITE_A_000021,P03,WHITE,A,image_000021.jpg,training/P03/WHITE/A/images/image_000021.jpg,0e927864a1d7532ca8c0f46d23bd0220b20fcd0043bca1924e6953a2332ec6a5,7857,,,true
P03_WHITE_A_000022,P03,WHITE,A,image_000022.jpg,training/P03/WHITE/A/images/image_000022.jpg,902873f782ac24d5c420516cb50c6abd5b8e6f1050c064780e0440aecfd56b80,7989,,,true
P03_WHITE_A_000023,P03,WHITE,A,image_000023.jpg,training/P03/WHITE/A/images/image_000023.jpg,be956a0c14b41ae320da4aa27cd4080ad62abca6d241c633b138089e7409e6ac,7398,,,true
P03_WHITE_A_000024,P03,WHITE,A,image_000024.jpg,training/P03/WHITE/A/images/image_000024.jpg,4e1d9483ec832dac0edc573412f2067d7531ff510a1f6ea8a9101428fbd6b9ea,7457,,,true
P03_WHITE_A_000025,P03,WHITE,A,image_000025.jpg,training/P03/WHITE/A/images/image_000025.jpg,02ec7720568f3adac0f0a22cbe1d3944857ea3009f6b4776f3ed5af320958870,9127,,,true
P03_WHITE_B_000001,P03,WHITE,B,image_000001.jpg,training/P03/WHITE/B/images/image_000001.jpg,3133e5851ee6942e9a39c35cfdf3fe1ca92830ab1c26b002152f9e5db6a54ec7,8297,,,true
P03_WHITE_B_000002,P03,WHITE,B,image_000002.jpg,training/P03/WHITE/B/images/image_000002.jpg,4210e62fc9d5cc7cae856d655d513eafb803f88958e04055ff29aba89f5fbd29,7905,,,true
P03_WHITE_B_000003,P03,WHITE,B,image_000003.jpg,training/P03/WHITE/B/images/image_000003.jpg,0a283ca6a30a96b284b8a1749975761460f633304294706d6fb48878bd9c703c,8018,,,true
P03_WHITE_B_000004,P03,WHITE,B,image_000004.jpg,training/P03/WHITE/B/images/image_000004.jpg,923b55c9e42128e7ae3333af47cdcdae42664e403e8ad8bb3244b698be584f77,7753,,,true
P03_WHITE_B_000005,P03,WHITE,B,image_000005.jpg,training/P03/WHITE/B/images/image_000005.jpg,d7613b1102719653a0015c885e9c602d2000886cd38ca28595741f60fd9b334b,7727,,,true
P03_WHITE_B_000006,P03,WHITE,B,image_000006.jpg,training/P03/WHITE/B/images/image_000006.jpg,fc6fb919e68090e715ef177f02b985171fbfd7e75e3ef53cd548566482467b0a,7623,,,true
P03_WHITE_B_000007,P03,WHITE,B,image_000007.jpg,training/P03/WHITE/B/images/image_000007.jpg,843e7824df548560de22b9b9574988c1a22f0a93c1f60cf54ded2b2958d22b05,7893,,,true
P03_WHITE_B_000008,P03,WHITE,B,image_000008.jpg,training/P03/WHITE/B/images/image_000008.jpg,0863a9593cfdb120c59cf52f07cceac46ce2e53fd688b0267d11183610027ff3,7726,,,true
P03_WHITE_B_000009,P03,WHITE,B,image_000009.jpg,training/P03/WHITE/B/images/image_000009.jpg,17772b6dfadb8d29ba8d345c3206a0e835917b39101aef5bd791c5a98541307f,7748,,,true
P03_WHITE_B_000010,P03,WHITE,B,image_000010.jpg,training/P03/WHITE/B/images/image_000010.jpg,7d8b524c2846196b7e93f78c5bca1044f467ffa93d96185f13b235cd12483383,7786,,,true
P03_WHITE_B_000011,P03,WHITE,B,image_000011.jpg,training/P03/WHITE/B/images/image_000011.jpg,24e755769750d3302ce4439409bd6fbafe10ddae833c006e5f06f109eeca29b7,7414,,,true
P03_WHITE_B_000012,P03,WHITE,B,image_000012.jpg,training/P03/WHITE/B/images/image_000012.jpg,f3990ae8bb8892a3f215fd0ca0d466f637e54841f33130f051e5d0e30089ccae,7298,,,true
P03_WHITE_B_000013,P03,WHITE,B,image_000013.jpg,training/P03/WHITE/B/images/image_000013.jpg,3da187e34931e66e17fa2e1a3076a87e9e0b77ff154388c17261be4c68d5b471,7854,,,true
P03_WHITE_B_000014,P03,WHITE,B,image_000014.jpg,training/P03/WHITE/B/images/image_000014.jpg,78baae89a160e0d0a8265b1b91b58fdf95e47e33ade9f76919557afdee935c2b,7967,,,true
P03_WHITE_B_000015,P03,WHITE,B,image_000015.jpg,training/P03/WHITE/B/images/image_000015.jpg,641cadc343ee2c7a099a85a0f10319bbfa32db35e4d147ab7211758beb53f8de,7641,,,true
P03_WHITE_B_000016,P03,WHITE,B,image_000016.jpg,training/P03/WHITE/B/images/image_000016.jpg,50e05a33b1117290205bbd3a81efa1ab561291851bb6c60e4a0eec6d788c4d4e,7856,,,true
P03_WHITE_B_000017,P03,WHITE,B,image_000017.jpg,training/P03/WHITE/B/images/image_000017.jpg,bd801bba085bfc62a0b22dc77764e8545c7a84090b9cea90e1e349c60344f9ff,7698,,,true
P03_WHITE_B_000018,P03,WHITE,B,image_000018.jpg,training/P03/WHITE/B/images/image_000018.jpg,b838902270d6909717bc4f9d2aa5e59091229f6ff7594b14220629a1aef4a88c,7567,,,true
P03_WHITE_B_000019,P03,WHITE,B,image_000019.jpg,training/P03/WHITE/B/images/image_000019.jpg,452eeba6461f5439f95a5c130481fceae43a693c02cb3ab90d1fe1ebdf88c257,7420,,,true
P03_WHITE_B_000020,P03,WHITE,B,image_000020.jpg,training/P03/WHITE/B/images/image_000020.jpg,8358bad780483a4db8cf94926c4358e920158637fb4f37d2d999dd1a0b54f79c,7355,,,true
P03_WHITE_B_000021,P03,WHITE,B,image_000021.jpg,training/P03/WHITE/B/images/image_000021.jpg,d0c0e2eed46c05f9f103f324a0c515cf939558c4b9d27a9f12761f7476eaec98,7073,,,true
P03_WHITE_B_000022,P03,WHITE,B,image_000022.jpg,training/P03/WHITE/B/images/image_000022.jpg,4d1d7cc502df8e2333c0d1185bf2201483ff9b0f990ec01f7e1ce65599a76e4e,7561,,,true
P03_WHITE_B_000023,P03,WHITE,B,image_000023.jpg,training/P03/WHITE/B/images/image_000023.jpg,8c94012ca0928a74e667c0dd3ab5309058173307c66826b9a325fe8951d187b0,7344,,,true
P03_WHITE_B_000024,P03,WHITE,B,image_000024.jpg,training/P03/WHITE/B/images/image_000024.jpg,17fdf4398e6108acc9bd9a64a43f62a07cfe73cf250a0f894d029dc8e447b493,7770,,,true
P03_WHITE_B_000025,P03,WHITE,B,image_000025.jpg,training/P03/WHITE/B/images/image_000025.jpg,9f12c504288c15e749d5ebc37690515a125d4effa423d1c85b61ec2f66aa834d,7630,,,true
P03_WHITE_C_000001,P03,WHITE,C,image_000001.jpg,training/P03/WHITE/C/images/image_000001.jpg,69b048d75bc344153134c1633e0d84d9a2164ebcabcc4d9b24d90a59c598a516,7941,,,true
P03_WHITE_C_000002,P03,WHITE,C,image_000002.jpg,training/P03/WHITE/C/images/image_000002.jpg,b1fb30d27084355d57147f42ced125dbfd272f3a83c7603e25e468731a58773a,8063,,,true
P03_WHITE_C_000003,P03,WHITE,C,image_000003.jpg,training/P03/WHITE/C/images/image_000003.jpg,f8cba7ce68b9f763fbb197a78d2248b800334dbe76f77ba69636bbc2d357063f,7726,,,true
P03_WHITE_C_000004,P03,WHITE,C,image_000004.jpg,training/P03/WHITE/C/images/image_000004.jpg,03aca6719bbea50db7b2832fd28a82dfaf96b44771d6eaa39cbd1d5a9c1808f3,7606,,,true
P03_WHITE_C_000005,P03,WHITE,C,image_000005.jpg,training/P03/WHITE/C/images/image_000005.jpg,ee5f416630d145e1b01fb0d691a65bc2c4097622fffe1b1d3722f3f00a669b11,7619,,,true
P03_WHITE_C_000006,P03,WHITE,C,image_000006.jpg,training/P03/WHITE/C/images/image_000006.jpg,e567d57b2795f7a053ab836e62ee170b2b9248a8a325de7a3086be46ae066bab,7572,,,true
P03_WHITE_C_000007,P03,WHITE,C,image_000007.jpg,training/P03/WHITE/C/images/image_000007.jpg,f57694f25544a91ec88e1f7fefc64e49631bc8565eda1fe13e702e20feabc5ce,8066,,,true
P03_WHITE_C_000008,P03,WHITE,C,image_000008.jpg,training/P03/WHITE/C/images/image_000008.jpg,f300ef0a35fb9c0f0410451f826400e45bece24603d2d1ccbe6722c84f3c277c,7242,,,true
P03_WHITE_C_000009,P03,WHITE,C,image_000009.jpg,training/P03/WHITE/C/images/image_000009.jpg,782d3c3af7d3f9d2336e51e2f1f96443959afc3bbb1264a43191d902729c33e3,7182,,,true
P03_WHITE_C_000010,P03,WHITE,C,image_000010.jpg,training/P03/WHITE/C/images/image_000010.jpg,29fae9b55c5e24ec49ed3151bcc3d71ef3ec08ee2906541998a575b615e71905,8347,,,true
P03_WHITE_C_000011,P03,WHITE,C,image_000011.jpg,training/P03/WHITE/C/images/image_000011.jpg,d1a68f656986f7e54a3c8ed3e5a06b8fe88e719d1274441dff7fea9fc16913b3,8408,,,true
P03_WHITE_C_000012,P03,WHITE,C,image_000012.jpg,training/P03/WHITE/C/images/image_000012.jpg,051aceef5c1a07990069b0ad15d27cc81b366abaeb38772f757522ebf1a04440,8224,,,true
P03_WHITE_C_000013,P03,WHITE,C,image_000013.jpg,training/P03/WHITE/C/images/image_000013.jpg,45fe349f7f808ec27c76387e6981bca7f90d1a09c555a9d9cd39e2efd2f2f50b,8114,,,true
P03_WHITE_C_000014,P03,WHITE,C,image_000014.jpg,training/P03/WHITE/C/images/image_000014.jpg,64f5124590340e9a408cdbd4c641a5a7424678bf7b2890117af807018fd4d1e0,7956,,,true
P03_WHITE_C_000015,P03,WHITE,C,image_000015.jpg,training/P03/WHITE/C/images/image_000015.jpg,e75139907208adce8eda2d539f1ca6f5302ed482bb4d9585004fd9a5f51a5b67,8815,,,true
P03_WHITE_C_000016,P03,WHITE,C,image_000016.jpg,training/P03/WHITE/C/images/image_000016.jpg,b11ef6c03407a02a9a69055b62e4dcf782319f5d107d672a6732c692c7ae0503,7794,,,true
P03_WHITE_C_000017,P03,WHITE,C,image_000017.jpg,training/P03/WHITE/C/images/image_000017.jpg,72df28bd92d45cc13f85b903fbbed1899d04f451d834e8ee613691d2c7a0a21a,7413,,,true
P03_WHITE_C_000018,P03,WHITE,C,image_000018.jpg,training/P03/WHITE/C/images/image_000018.jpg,29fcfc2c6a8ac80aaffad368e3add5cf6e84e2187714851195f1ef0400717190,8143,,,true
P03_WHITE_C_000019,P03,WHITE,C,image_000019.jpg,training/P03/WHITE/C/images/image_000019.jpg,5c3b16b22d2997dc349ab294904aaf547f100363e4770f3d0d3505bb14714d58,7417,,,true
P03_WHITE_C_000020,P03,WHITE,C,image_000020.jpg,training/P03/WHITE/C/images/image_000020.jpg,3b646885fc0f3a97d53b9fbb91194503948fa82f97349ba1cf815246fc81d772,7864,,,true
P03_WHITE_C_000021,P03,WHITE,C,image_000021.jpg,training/P03/WHITE/C/images/image_000021.jpg,b5c49ac9bdda70130e29c6d2dcabd9d00a286fe54e549b3a5272551c1d1f17fc,7471,,,true
P03_WHITE_C_000022,P03,WHITE,C,image_000022.jpg,training/P03/WHITE/C/images/image_000022.jpg,5253e076d24c5846eb6c1fbe276619ac301263d92f6c41a17afca1b67dc32f65,7254,,,true
P03_WHITE_C_000023,P03,WHITE,C,image_000023.jpg,training/P03/WHITE/C/images/image_000023.jpg,01b2b3726a19a167c79ab61aeb4a93357e75525a5393b570c2f5f6620de4710f,7170,,,true
P03_WHITE_C_000024,P03,WHITE,C,image_000024.jpg,training/P03/WHITE/C/images/image_000024.jpg,73f48b01f73076fc55b3012ffaaa4ca97ca0a6bf71ab4c18fe329125cc093009,7668,,,true
P03_WHITE_C_000025,P03,WHITE,C,image_000025.jpg,training/P03/WHITE/C/images/image_000025.jpg,9550b71fa44723ef8cc3522c39bf576ce7d2e75e2dfe72bee6b39f3f6ab218fe,7383,,,true
P03_WHITE_E_000001,P03,WHITE,E,image_000001.jpg,training/P03/WHITE/E/images/image_000001.jpg,d17ed0c6dbd91cbe817551773fa97cd18968fb392946ece9711cd3d85719b28a,7551,,,true
P03_WHITE_E_000002,P03,WHITE,E,image_000002.jpg,training/P03/WHITE/E/images/image_000002.jpg,b65f0a783e0c217a766137cf671b93d345b8ef212cc06ffc20ef6193f5157251,7495,,,true
P03_WHITE_E_000003,P03,WHITE,E,image_000003.jpg,training/P03/WHITE/E/images/image_000003.jpg,c675e561a7b46c5b6caa3866efe58e12efc6042e35b17686a510975962561a2d,7311,,,true
P03_WHITE_E_000004,P03,WHITE,E,image_000004.jpg,training/P03/WHITE/E/images/image_000004.jpg,360cb198758546bc90fcc078ff74452a553a5db1da0fa2864996b13610d3f250,7353,,,true
P03_WHITE_E_000005,P03,WHITE,E,image_000005.jpg,training/P03/WHITE/E/images/image_000005.jpg,4e010edf83c56b72dd77287eec831e6120b31a0f5a9b31683dbce74f0cc6c16c,7319,,,true
P03_WHITE_E_000006,P03,WHITE,E,image_000006.jpg,training/P03/WHITE/E/images/image_000006.jpg,118f1c5aff107fe02e72606b2829474ac7ea6401a2733e0aed01f96b369b5eda,7081,,,true
P03_WHITE_E_000007,P03,WHITE,E,image_000007.jpg,training/P03/WHITE/E/images/image_000007.jpg,92857d17e9e8e24b905ea19770e906b64aad7f8ae8701efd270d18c36f1d7d48,7271,,,true
P03_WHITE_E_000008,P03,WHITE,E,image_000008.jpg,training/P03/WHITE/E/images/image_000008.jpg,5973e81a0e529cb077bf6bb4d6c851369ff5b7b90d45fb612db55e76b816f52e,7023,,,true
P03_WHITE_E_000009,P03,WHITE,E,image_000009.jpg,training/P03/WHITE/E/images/image_000009.jpg,ba6ed1e6cda7db8c64c2c97e6b775edbffc7a6305a4fd782e19c7811f75271ad,7102,,,true
P03_WHITE_E_000010,P03,WHITE,E,image_000010.jpg,training/P03/WHITE/E/images/image_000010.jpg,7b68bdfdecee7c705730abe065c19392d32228aedc7648a23f8fc3443b38723a,7263,,,true
P03_WHITE_E_000011,P03,WHITE,E,image_000011.jpg,training/P03/WHITE/E/images/image_000011.jpg,9a97e1952df6920d1f64c83c3b799f421f93bdd232cdd1bd62861c8a5b6d205c,7787,,,true
P03_WHITE_E_000012,P03,WHITE,E,image_000012.jpg,training/P03/WHITE/E/images/image_000012.jpg,98cf19514d5b6d662490f0290a90192d74b3c1501468e32bf2b058add7000b05,7899,,,true
P03_WHITE_E_000013,P03,WHITE,E,image_000013.jpg,training/P03/WHITE/E/images/image_000013.jpg,5533e90251c25bfec84bd07ba80c761c8f13312f742fa513505596e999be3182,6992,,,true
P03_WHITE_E_000014,P03,WHITE,E,image_000014.jpg,training/P03/WHITE/E/images/image_000014.jpg,77d5c49c6973faff6d2d7ffa2c6fb20e3c17a57de6a27bec3d5ce98a880df9de,7001,,,true
P03_WHITE_E_000015,P03,WHITE,E,image_000015.jpg,training/P03/WHITE/E/images/image_000015.jpg,593f9caf1ddb52c8648bc4c9ae8c2e4018349f9dda1df9c5611c8182272b6c0d,7218,,,true
P03_WHITE_E_000016,P03,WHITE,E,image_000016.jpg,training/P03/WHITE/E/images/image_000016.jpg,82a12dc4be981a70bc8dbbca2475a03696ae09a00a430fc0e70021280e193af4,7926,,,true
P03_WHITE_E_000017,P03,WHITE,E,image_000017.jpg,training/P03/WHITE/E/images/image_000017.jpg,29dd2e79d5027255430a029919f1a27bb674054541b0b36bc73bfdb45f1bd6d2,7741,,,true
P03_WHITE_E_000018,P03,WHITE,E,image_000018.jpg,training/P03/WHITE/E/images/image_000018.jpg,10fd8790058edf174bbacdc12c6dff33dace0f2cadecd85c85b6a08c54bcc4ae,7666,,,true
P03_WHITE_E_000019,P03,WHITE,E,image_000019.jpg,training/P03/WHITE/E/images/image_000019.jpg,271b1f64859123ddd67b5161960b132bc37859b07bf228f1a6bc473262bb9db3,7149,,,true
P03_WHITE_E_000020,P03,WHITE,E,image_000020.jpg,training/P03/WHITE/E/images/image_000020.jpg,54bb222855144d984bde126fd2a0154eeb325543c55100928d91ca00fdd9586d,7242,,,true
P03_WHITE_E_000021,P03,WHITE,E,image_000021.jpg,training/P03/WHITE/E/images/image_000021.jpg,ab7a685269cb05e476ca5b52149111b69b40328785ddd65d3c67b6441603d2fa,7145,,,true
P03_WHITE_E_000022,P03,WHITE,E,image_000022.jpg,training/P03/WHITE/E/images/image_000022.jpg,0755466efec96afa64a8a42ec95486182fb9d6af4f657b2ab3c65a65819c2e8c,7118,,,true
P03_WHITE_E_000023,P03,WHITE,E,image_000023.jpg,training/P03/WHITE/E/images/image_000023.jpg,71f6f8eae34ed6111a6b38e6fa8d3cfbba9b5f248287b5e1dd8003007dff6150,7564,,,true
P03_WHITE_E_000024,P03,WHITE,E,image_000024.jpg,training/P03/WHITE/E/images/image_000024.jpg,7d84f1516da39b7d56bee90807eabce3aad8729541dabb921b3317ae9ecc691d,7614,,,true
P03_WHITE_E_000025,P03,WHITE,E,image_000025.jpg,training/P03/WHITE/E/images/image_000025.jpg,5a68e1ff611766542d99678e04de5d3631446b077d4f3a5930d58dac6cb9e3f3,7854,,,true
P03_WHITE_I_000001,P03,WHITE,I,image_000001.jpg,training/P03/WHITE/I/images/image_000001.jpg,a0c99793ec947f0ea3ac5222bc525d1f0466289ed29db76c71b807642d2a910d,7601,,,true
P03_WHITE_I_000002,P03,WHITE,I,image_000002.jpg,training/P03/WHITE/I/images/image_000002.jpg,dc2adb65fa592fd5070a91aa4b2786ec19cd8272b42ef1541b4354ab3f53d108,7576,,,true
P03_WHITE_I_000003,P03,WHITE,I,image_000003.jpg,training/P03/WHITE/I/images/image_000003.jpg,1d4218e1404c5dbba7755c6b8566c150b1ccdfdb33f4de78fc2ed55a4bb4e889,7397,,,true
P03_WHITE_I_000004,P03,WHITE,I,image_000004.jpg,training/P03/WHITE/I/images/image_000004.jpg,471f794ecfb338b4bb76ef190d9637608c46d855308760b4f6fb30e8dacef494,6957,,,true
P03_WHITE_I_000005,P03,WHITE,I,image_000005.jpg,training/P03/WHITE/I/images/image_000005.jpg,98255cbcc7f4e0e0f86a5806fcd3102a6186bf17caf50f5bee7911062b8c12be,7299,,,true
P03_WHITE_I_000006,P03,WHITE,I,image_000006.jpg,training/P03/WHITE/I/images/image_000006.jpg,8b9692614acd32eab0961819644188809fc9835fecaab2721fc4f24a8614f5c8,7304,,,true
P03_WHITE_I_000007,P03,WHITE,I,image_000007.jpg,training/P03/WHITE/I/images/image_000007.jpg,b6eba3c8d27c1771513368997e8b623b844de2215cdaa15f8c953e69ffddcd4e,7537,,,true
P03_WHITE_I_000008,P03,WHITE,I,image_000008.jpg,training/P03/WHITE/I/images/image_000008.jpg,93eeb0ee8f1c7f5887cc5c59a5ae4f73740a1b7538a8fc6f6600ca84432b2b98,7733,,,true
P03_WHITE_I_000009,P03,WHITE,I,image_000009.jpg,training/P03/WHITE/I/images/image_000009.jpg,fbfefce0d35a7f993711007b9f07196e4db301e0e8dbc295644872dd961e116d,7429,,,true
P03_WHITE_I_000010,P03,WHITE,I,image_000010.jpg,training/P03/WHITE/I/images/image_000010.jpg,3e444a34b1aff15b8b5f748b7afafffdc208deb3f599727864a4bd130f54dabc,7647,,,true
P03_WHITE_I_000011,P03,WHITE,I,image_000011.jpg,training/P03/WHITE/I/images/image_000011.jpg,c8698b5231c8519c56719450fa4585799b702826f52ffbe5e3317d2cc208a5b6,7434,,,true
P03_WHITE_I_000012,P03,WHITE,I,image_000012.jpg,training/P03/WHITE/I/images/image_000012.jpg,800e88b2be3814cff97644fa144d95a7c636f54161ae5b1b92507b61e4578767,7401,,,true
P03_WHITE_I_000013,P03,WHITE,I,image_000013.jpg,training/P03/WHITE/I/images/image_000013.jpg,40f080eca55b9914f1d6d1e50aaa3f639a73002364f1da1fbe23f5a3897db485,7884,,,true
P03_WHITE_I_000014,P03,WHITE,I,image_000014.jpg,training/P03/WHITE/I/images/image_000014.jpg,e640b66b7afecb3573d7bed06eb1ee145f1830390cc00be2f739b43cf1d3ed81,7373,,,true
P03_WHITE_I_000015,P03,WHITE,I,image_000015.jpg,training/P03/WHITE/I/images/image_000015.jpg,52df6d3b139b3d7acb2663c66eae9f3de83ed7ffada80c7a9621da9f21ccaafc,7345,,,true
P03_WHITE_I_000016,P03,WHITE,I,image_000016.jpg,training/P03/WHITE/I/images/image_000016.jpg,9c4de18ccfff86d6d5df8d8bc75c8085a317a0a8d69c917940b1e7f786860789,7140,,,true
P03_WHITE_I_000017,P03,WHITE,I,image_000017.jpg,training/P03/WHITE/I/images/image_000017.jpg,6c05eb006b0be7d9e85b8914d64a45e8a6c94fa0c8aabad9aff8342f46777b16,7166,,,true
P03_WHITE_I_000018,P03,WHITE,I,image_000018.jpg,training/P03/WHITE/I/images/image_000018.jpg,b4248e342d3bf1127097e72cb88d3e8f1d3c7b8b3ad3d86241be1864a1bdc688,7073,,,true
P03_WHITE_I_000019,P03,WHITE,I,image_000019.jpg,training/P03/WHITE/I/images/image_000019.jpg,130b9b59bf2c753c30afababff7554224db379d749bd125b2fe5b7a408b1970e,7307,,,true
P03_WHITE_I_000020,P03,WHITE,I,image_000020.jpg,training/P03/WHITE/I/images/image_000020.jpg,64a4d2ef4a68ab02e09e8bacd5011770a808e3f2f4078eef909b29174ec18d98,7227,,,true
P03_WHITE_I_000021,P03,WHITE,I,image_000021.jpg,training/P03/WHITE/I/images/image_000021.jpg,a1354967ed57c68b3cacd6b214f967009086a9ed4c61aa2eecb9b8b0ca35e497,6967,,,true
P03_WHITE_I_000022,P03,WHITE,I,image_000022.jpg,training/P03/WHITE/I/images/image_000022.jpg,fe29f70e881e7965df538ace7534a74af3e982ee72700061c0f8d1787112ffed,7432,,,true
P03_WHITE_I_000023,P03,WHITE,I,image_000023.jpg,training/P03/WHITE/I/images/image_000023.jpg,f90fe2c18b0f65bae322b7e5315ce11badfb3268404b54e1fc3e2f68f8c867e9,7307,,,true
P03_WHITE_I_000024,P03,WHITE,I,image_000024.jpg,training/P03/WHITE/I/images/image_000024.jpg,cf3c817e820e9dcec2af18c59a053f574ce0cadc86ad96a5d4a1a5e80598b6aa,7937,,,true
P03_WHITE_I_000025,P03,WHITE,I,image_000025.jpg,training/P03/WHITE/I/images/image_000025.jpg,c77564bf8691e6757361b6e41a36b495f67519db3c47328aa5d0428c8b8d68d7,7567,,,true
P03_WHITE_L_000001,P03,WHITE,L,image_000001.jpg,training/P03/WHITE/L/images/image_000001.jpg,577def181a71bb4f422d4ddc2c546b52cb451882469e905f02362daebff6512e,6971,,,true
P03_WHITE_L_000002,P03,WHITE,L,image_000002.jpg,training/P03/WHITE/L/images/image_000002.jpg,688d4149372adda31f1943f840fe0c0cfc26e26afdc9253a89f5fac8e83e7f48,6990,,,true
P03_WHITE_L_000003,P03,WHITE,L,image_000003.jpg,training/P03/WHITE/L/images/image_000003.jpg,b67c262e583952275b327be055eae58e48447869ffe3becbb9d039c9906bbb85,6536,,,true
P03_WHITE_L_000004,P03,WHITE,L,image_000004.jpg,training/P03/WHITE/L/images/image_000004.jpg,232215780f65b046623680b1a022e4ef3667ad06b84e54dc0a52bd356f2fab1f,6486,,,true
P03_WHITE_L_000005,P03,WHITE,L,image_000005.jpg,training/P03/WHITE/L/images/image_000005.jpg,4ef296cd3657406dde2360227f51ced7f81969e4a747f11183eeba154acecf7a,6323,,,true
P03_WHITE_L_000006,P03,WHITE,L,image_000006.jpg,training/P03/WHITE/L/images/image_000006.jpg,479fa3049d32ad7c08b1fd6e3defd766dde247b1f82dba067a47cd24e8366737,6647,,,true
P03_WHITE_L_000007,P03,WHITE,L,image_000007.jpg,training/P03/WHITE/L/images/image_000007.jpg,87550905cedeaffedf239baeb8fa9f8c1d1e72bbca7f96f4e01cfae659fcb490,6481,,,true
P03_WHITE_L_000008,P03,WHITE,L,image_000008.jpg,training/P03/WHITE/L/images/image_000008.jpg,a1d13da65fe99841f70613a331dbf93b895279b6ee3ec806dafd284087fa439b,6606,,,true
P03_WHITE_L_000009,P03,WHITE,L,image_000009.jpg,training/P03/WHITE/L/images/image_000009.jpg,fd4d61f1c4485cf4f323f824e3427b28a21b373fc193271cd17e528d7a1d1c3d,6557,,,true
P03_WHITE_L_000010,P03,WHITE,L,image_000010.jpg,training/P03/WHITE/L/images/image_000010.jpg,e52ca179ea9eef908fd080d7d9fb127784bd34d0a65eaf3985ec1cc423c37d0d,6273,,,true
P03_WHITE_L_000011,P03,WHITE,L,image_000011.jpg,training/P03/WHITE/L/images/image_000011.jpg,7345e5ee8aa5cecd941272b2c07fe301e3f5d040cc283929104b86ee6daa6087,6425,,,true
P03_WHITE_L_000012,P03,WHITE,L,image_000012.jpg,training/P03/WHITE/L/images/image_000012.jpg,4d4b56369173b2d1574fad2e21825318b8a6b3ae6990c3ead439652609e259f4,6851,,,true
P03_WHITE_L_000013,P03,WHITE,L,image_000013.jpg,training/P03/WHITE/L/images/image_000013.jpg,0c129d86849bfd0599fc55c20e89625daee6c05283bf6570679212d450057ce1,6669,,,true
P03_WHITE_L_000014,P03,WHITE,L,image_000014.jpg,training/P03/WHITE/L/images/image_000014.jpg,cfc6ebae5b7a0e96e308d7816b699524673cb05f5df2f56568a7640ca37a0b56,7910,,,true
P03_WHITE_L_000015,P03,WHITE,L,image_000015.jpg,training/P03/WHITE/L/images/image_000015.jpg,0aa067a2d848f7304786a95c873dfdd2283bc1e68cba8bdd782f53ce11d5a90b,7989,,,true
P03_WHITE_L_000016,P03,WHITE,L,image_000016.jpg,training/P03/WHITE/L/images/image_000016.jpg,7b9788482f6ec249e9b85e2007ca8c3d21f0cd42903534fe025534c583461864,7864,,,true
P03_WHITE_L_000017,P03,WHITE,L,image_000017.jpg,training/P03/WHITE/L/images/image_000017.jpg,1e5fcf2d9e757a4a112d48b95f85cc4d9eefd1a01930ed620389a9e21f77d7ba,7815,,,true
P03_WHITE_L_000018,P03,WHITE,L,image_000018.jpg,training/P03/WHITE/L/images/image_000018.jpg,57fa27a7c515cbec1f3a0d9cd0dc8b88de8d12dde30428335fbce9e6a520a706,8098,,,true
P03_WHITE_L_000019,P03,WHITE,L,image_000019.jpg,training/P03/WHITE/L/images/image_000019.jpg,4866ca8cd2b3e3825e7e46c043ceae641bbe66bbced418ad242935d1315e2c4a,8365,,,true
P03_WHITE_L_000020,P03,WHITE,L,image_000020.jpg,training/P03/WHITE/L/images/image_000020.jpg,7a52fa16a6dddf7c2fb7540d18249a4d896c5075072d0e3c69fe85bc0fa6eefa,7837,,,true
P03_WHITE_L_000021,P03,WHITE,L,image_000021.jpg,training/P03/WHITE/L/images/image_000021.jpg,2bcc041b74bd5b3cfdeddbd7b5f94cc845f5570fa5526669330df537cb3d36d5,7835,,,true
P03_WHITE_L_000022,P03,WHITE,L,image_000022.jpg,training/P03/WHITE/L/images/image_000022.jpg,3b2a1ecdeb2994216037d1ba68151877c8087e92fc5e656bf9791bb28b086735,7494,,,true
P03_WHITE_L_000023,P03,WHITE,L,image_000023.jpg,training/P03/WHITE/L/images/image_000023.jpg,6002544ab9b31e077fa4bfe628a296956a1305f2f7102d7d3633e06bb3c1c9ff,7827,,,true
P03_WHITE_L_000024,P03,WHITE,L,image_000024.jpg,training/P03/WHITE/L/images/image_000024.jpg,41cbfc8f7a9fb75e5cfdea92279dfadea432741a4766e0d30e917b39a0b0f0a9,8029,,,true
P03_WHITE_L_000025,P03,WHITE,L,image_000025.jpg,training/P03/WHITE/L/images/image_000025.jpg,6cfa16f913b259cf4352ed41ac2ab583e0a131ca3ee938a3df832394d0f4376e,7688,,,true
P03_WHITE_M_000001,P03,WHITE,M,image_000001.jpg,training/P03/WHITE/M/images/image_000001.jpg,ebe668f0d06732623bd225f28362b756202d1cd32d9600f19d03ae747b4b6b12,7880,,,true
P03_WHITE_M_000002,P03,WHITE,M,image_000002.jpg,training/P03/WHITE/M/images/image_000002.jpg,a81a66c5eb6cea2579fe6bc51076a63deddb35f4acc7a46c8b822db3a4813ec3,7885,,,true
P03_WHITE_M_000003,P03,WHITE,M,image_000003.jpg,training/P03/WHITE/M/images/image_000003.jpg,9c71540983cf939f43411d162efae7e60ac7ecf6949630253de5be145f066ef7,7574,,,true
P03_WHITE_M_000004,P03,WHITE,M,image_000004.jpg,training/P03/WHITE/M/images/image_000004.jpg,f4ba6cceaf506be903f1a1a0a1b35a5c91440dc3e2f190a6bb10dd925784bb4f,7916,,,true
P03_WHITE_M_000005,P03,WHITE,M,image_000005.jpg,training/P03/WHITE/M/images/image_000005.jpg,59e0e863439a176750ab5bd4b9e0cbe8ebcc32c3545c310837d575fe3ae8a8d1,7546,,,true
P03_WHITE_M_000006,P03,WHITE,M,image_000006.jpg,training/P03/WHITE/M/images/image_000006.jpg,e269dd79cc1450197e2a88c0afc204eb265b48feda77462da5ea595b87160970,7957,,,true
P03_WHITE_M_000007,P03,WHITE,M,image_000007.jpg,training/P03/WHITE/M/images/image_000007.jpg,d8b30fe01e26501d07a0e58d791557fff8dac2261cc956746f49915a71d29a9c,8105,,,true
P03_WHITE_M_000008,P03,WHITE,M,image_000008.jpg,training/P03/WHITE/M/images/image_000008.jpg,447000ad9ce01c834b0ba2fec94a91cf9a544844dd83852b021a2b4c45c0540c,7895,,,true
P03_WHITE_M_000009,P03,WHITE,M,image_000009.jpg,training/P03/WHITE/M/images/image_000009.jpg,b8290ca2cb111ae01825680b025e3d081cce2fa912c20b40b2b98198ec75a9b8,8022,,,true
P03_WHITE_M_000010,P03,WHITE,M,image_000010.jpg,training/P03/WHITE/M/images/image_000010.jpg,4850954b27ed7e2e05d545e9e31c14259aae077fe970776f439b6f17f0ac0de8,8793,,,true
P03_WHITE_M_000011,P03,WHITE,M,image_000011.jpg,training/P03/WHITE/M/images/image_000011.jpg,ce85d60d2eff8881298e446d6a142d451547c790b13024e4190467ab3cc21e36,8583,,,true
P03_WHITE_M_000012,P03,WHITE,M,image_000012.jpg,training/P03/WHITE/M/images/image_000012.jpg,9e4435e9daf1ff1a71ed43c4c8607bbbf961f77469643e01b6cf9f8088e6210d,8314,,,true
P03_WHITE_M_000013,P03,WHITE,M,image_000013.jpg,training/P03/WHITE/M/images/image_000013.jpg,d5cb9bf8ebd218ffdbb9fc61fb450c2e814156bca3b6689299d7d64322240fda,8041,,,true
P03_WHITE_M_000014,P03,WHITE,M,image_000014.jpg,training/P03/WHITE/M/images/image_000014.jpg,4a8d5cffc069007e6bafb2d9ffc4a7b8d331e4124f72ee5ace40ee29888859ea,7716,,,true
P03_WHITE_M_000015,P03,WHITE,M,image_000015.jpg,training/P03/WHITE/M/images/image_000015.jpg,d92fc9a489580f25641231963677fb0441373e6d49f96f0fdd3f3bb3c36e01b6,8104,,,true
P03_WHITE_M_000016,P03,WHITE,M,image_000016.jpg,training/P03/WHITE/M/images/image_000016.jpg,2f91006564e5fd84061530e5aafe69447b75347b40eaa3a1534ce3acdc242b6b,7621,,,true
P03_WHITE_M_000017,P03,WHITE,M,image_000017.jpg,training/P03/WHITE/M/images/image_000017.jpg,f3c6fc79a764b6ea358679e9ce7d0c7aaa53b476558d6b96c0124836e2a4d1d8,7525,,,true
P03_WHITE_M_000018,P03,WHITE,M,image_000018.jpg,training/P03/WHITE/M/images/image_000018.jpg,7a2130e2813a540b483c4045ac64a80a6704d937be240f63aa9e2f315a122520,7690,,,true
P03_WHITE_M_000019,P03,WHITE,M,image_000019.jpg,training/P03/WHITE/M/images/image_000019.jpg,571f443b52748065e56a4cdf9a68eb6f21a362a9c7e6a643736735a8316a11ce,7709,,,true
P03_WHITE_M_000020,P03,WHITE,M,image_000020.jpg,training/P03/WHITE/M/images/image_000020.jpg,6b231c33cadc575277209d8a9ec909ae4e6973208eecc6132493a65813d4c3d1,8239,,,true
P03_WHITE_M_000021,P03,WHITE,M,image_000021.jpg,training/P03/WHITE/M/images/image_000021.jpg,9c97c283783ea42fcf9fd8b4eb22e838bb52d3dd361b2fce6fa265687bf3f0b6,7626,,,true
P03_WHITE_M_000022,P03,WHITE,M,image_000022.jpg,training/P03/WHITE/M/images/image_000022.jpg,1fc102cc3480ce92cacee555a81cbfc9087cb80f56d2af613be6688b50b4bc1f,7589,,,true
P03_WHITE_M_000023,P03,WHITE,M,image_000023.jpg,training/P03/WHITE/M/images/image_000023.jpg,4eefb2391bb3c0109d63f5765439e2104fcd1a94b3cc407b359b119453ce7e75,7036,,,true
P03_WHITE_M_000024,P03,WHITE,M,image_000024.jpg,training/P03/WHITE/M/images/image_000024.jpg,201ea7ce852f780576f73c0f9edd02bb28d4cc5cc6668e1ef37b6636a4368cb7,7846,,,true
P03_WHITE_M_000025,P03,WHITE,M,image_000025.jpg,training/P03/WHITE/M/images/image_000025.jpg,28e003c07a54f3fce92315fd0910c3cd695247a76a6fb1588008e8c83382c16e,7430,,,true
P03_WHITE_N_000001,P03,WHITE,N,image_000001.jpg,training/P03/WHITE/N/images/image_000001.jpg,5204040f305850c1ee817e445300c3ae4ceeaa9cd1a9e55be8474ccfb2e8e40c,7105,,,true
P03_WHITE_N_000002,P03,WHITE,N,image_000002.jpg,training/P03/WHITE/N/images/image_000002.jpg,7da316eaab4922dae086461db02cf7fdc2238d9561566c699d2c03449f45ffa6,7992,,,true
P03_WHITE_N_000003,P03,WHITE,N,image_000003.jpg,training/P03/WHITE/N/images/image_000003.jpg,5a4402ce93843aca6f60ced3488d5a3f523abb0649004a954e1b708eeb371ae4,7687,,,true
P03_WHITE_N_000004,P03,WHITE,N,image_000004.jpg,training/P03/WHITE/N/images/image_000004.jpg,4a163e56ffd6a9397bae0c4ac5f3ea89d831cde720fe94b4867faa9a0cb3bfec,7103,,,true
P03_WHITE_N_000005,P03,WHITE,N,image_000005.jpg,training/P03/WHITE/N/images/image_000005.jpg,787cc495ada07f16c8fc2f37820b1c6cba08d9891bc3a0be91bcb6ab274e34a1,8121,,,true
P03_WHITE_N_000006,P03,WHITE,N,image_000006.jpg,training/P03/WHITE/N/images/image_000006.jpg,9a75a484d0f9191b2118d0031bba1b18da3a3c654086564fcc3196e95e34866c,8171,,,true
P03_WHITE_N_000007,P03,WHITE,N,image_000007.jpg,training/P03/WHITE/N/images/image_000007.jpg,67dde4aa917bd1b8123e11bed1af607f539998a6651e8639dcfc8d0edaaa8cbf,7797,,,true
P03_WHITE_N_000008,P03,WHITE,N,image_000008.jpg,training/P03/WHITE/N/images/image_000008.jpg,014260310c3ad3121ccc8cc91bf031a4b5f4e092471482385f62bcc69af6d77c,8733,,,true
P03_WHITE_N_000009,P03,WHITE,N,image_000009.jpg,training/P03/WHITE/N/images/image_000009.jpg,b4c8d49a29783ffa535886fe258b26c38115c7a705d31bcdbb0b26e62b611f34,8682,,,true
P03_WHITE_N_000010,P03,WHITE,N,image_000010.jpg,training/P03/WHITE/N/images/image_000010.jpg,93808d40607b72b2388f69195a8825a9cd03b70ec3b4f9b2f393bc0d0e4fa591,7883,,,true
P03_WHITE_N_000011,P03,WHITE,N,image_000011.jpg,training/P03/WHITE/N/images/image_000011.jpg,cdf2b41e622c42c178a2f32ad5016d6ef2e741797a39ee78b82aa8d1d96194e9,7497,,,true
P03_WHITE_N_000012,P03,WHITE,N,image_000012.jpg,training/P03/WHITE/N/images/image_000012.jpg,bdb6ed0a93c873167cee0bb394d533f6142b853c15210cc43605f10464dcfcd6,7568,,,true
P03_WHITE_N_000013,P03,WHITE,N,image_000013.jpg,training/P03/WHITE/N/images/image_000013.jpg,50a922146d3b98de5747380bb6670fedd2b2a524e8df4562d6997ef05a25bdae,7647,,,true
P03_WHITE_N_000014,P03,WHITE,N,image_000014.jpg,training/P03/WHITE/N/images/image_000014.jpg,2b47afc16e809c95cf55cd837944d0bc215917d3787f6e85003ec1dd58ba682b,7595,,,true
P03_WHITE_N_000015,P03,WHITE,N,image_000015.jpg,training/P03/WHITE/N/images/image_000015.jpg,6562ad166e9b2118fd93da8514fdd3cdfbce35c0769d84fddce7947b466b20fe,7554,,,true
P03_WHITE_N_000016,P03,WHITE,N,image_000016.jpg,training/P03/WHITE/N/images/image_000016.jpg,2334aab425bec96bfc9dec609823a845ea9695841331e8bab5374c7b4caabb55,7924,,,true
P03_WHITE_N_000017,P03,WHITE,N,image_000017.jpg,training/P03/WHITE/N/images/image_000017.jpg,8709daa8793c86d5a30d15c844b2e95b9737dfe05089c1a203874469eb2ab035,7434,,,true
P03_WHITE_N_000018,P03,WHITE,N,image_000018.jpg,training/P03/WHITE/N/images/image_000018.jpg,de8288425190c17dd3b95031bfbfa398e46a53f2f36bf4ef1aa98625d13ca210,7784,,,true
P03_WHITE_N_000019,P03,WHITE,N,image_000019.jpg,training/P03/WHITE/N/images/image_000019.jpg,da8d2b6327b8fe0d9766d0204e1a404a7603f625949efb1d3b9de6ea78f731e7,8213,,,true
P03_WHITE_N_000020,P03,WHITE,N,image_000020.jpg,training/P03/WHITE/N/images/image_000020.jpg,c083542ec58c0375283f833c30c02454539cea801c520050588ac498ef7ebfe9,7476,,,true
P03_WHITE_N_000021,P03,WHITE,N,image_000021.jpg,training/P03/WHITE/N/images/image_000021.jpg,a4b47656c22d63c7ef18f8b8cee8c98a9b889a10e0035ff76e45e6bbc1215c58,7621,,,true
P03_WHITE_N_000022,P03,WHITE,N,image_000022.jpg,training/P03/WHITE/N/images/image_000022.jpg,97c419ce43f5fcfd379bf3307a7a581667fce626473e8feaba181b2f416d0e17,7931,,,true
P03_WHITE_N_000023,P03,WHITE,N,image_000023.jpg,training/P03/WHITE/N/images/image_000023.jpg,e6a8baf7f29dc46755d77c8099bbfe04f72f764c14664f888943d1ae79b907fb,7453,,,true
P03_WHITE_N_000024,P03,WHITE,N,image_000024.jpg,training/P03/WHITE/N/images/image_000024.jpg,8bd54cc2b953d393341f3fa4fbe84debfd024c9a0fe00677ec51947d1f5c7bf1,7521,,,true
P03_WHITE_N_000025,P03,WHITE,N,image_000025.jpg,training/P03/WHITE/N/images/image_000025.jpg,9c348f4382992e3b84ca0788e46270398e0bf4ef58fefe32a1ac29195b7b9fa1,7050,,,true
P03_WHITE_O_000001,P03,WHITE,O,image_000001.jpg,training/P03/WHITE/O/images/image_000001.jpg,118b67ebb18fdbb2db7706d0241c598db037f83884fb33b36d9db23773feedbc,8851,,,true
P03_WHITE_O_000002,P03,WHITE,O,image_000002.jpg,training/P03/WHITE/O/images/image_000002.jpg,18a8bf6d47a1418cceaf1a19810606b0f70b3ea41a0e81d0736b79ea501f8dc6,9208,,,true
P03_WHITE_O_000003,P03,WHITE,O,image_000003.jpg,training/P03/WHITE/O/images/image_000003.jpg,960750f33ea758d89a377d36ab73f75f7357fac9ca6b7d7bd85cb019661c32da,7527,,,true
P03_WHITE_O_000004,P03,WHITE,O,image_000004.jpg,training/P03/WHITE/O/images/image_000004.jpg,f8ff9963c3a6ac282842dd022ea940c4005a15a96f0060e440415a90b0bc751a,7829,,,true
P03_WHITE_O_000005,P03,WHITE,O,image_000005.jpg,training/P03/WHITE/O/images/image_000005.jpg,8e428fdf33722c7a6e4333af7293a35cb81819b320501260ed750c8f1e48301c,7800,,,true
P03_WHITE_O_000006,P03,WHITE,O,image_000006.jpg,training/P03/WHITE/O/images/image_000006.jpg,a485d296d9f24dc0ca2df4625f9aa2e7b3c58e6f31b4f258862e8f07db370f46,7558,,,true
P03_WHITE_O_000007,P03,WHITE,O,image_000007.jpg,training/P03/WHITE/O/images/image_000007.jpg,d0715a9c9d31cb080321ae0b59908b4c6120b46ba36311ea97a8511c526f6fc9,7669,,,true
P03_WHITE_O_000008,P03,WHITE,O,image_000008.jpg,training/P03/WHITE/O/images/image_000008.jpg,13015004b2e5837b0e287088df18a93327fc67eb7b43e734df1b549400e2c786,7899,,,true
P03_WHITE_O_000009,P03,WHITE,O,image_000009.jpg,training/P03/WHITE/O/images/image_000009.jpg,e13aee28d0c3cffdecfa1e452bd98a67e0004cdfe578ba7c4816f4c8764e3f59,7520,,,true
P03_WHITE_O_000010,P03,WHITE,O,image_000010.jpg,training/P03/WHITE/O/images/image_000010.jpg,cfa3151dce645784958fe9d4a9e47a2fd2eb45b21d38bdbc95a521947d9084a4,7406,,,true
P03_WHITE_O_000011,P03,WHITE,O,image_000011.jpg,training/P03/WHITE/O/images/image_000011.jpg,93b6ce3256af4513891388df13364886c3f6655ea1a642da646bbd0f1af8b6b6,7546,,,true
P03_WHITE_O_000012,P03,WHITE,O,image_000012.jpg,training/P03/WHITE/O/images/image_000012.jpg,4b032e6e9d9f4937df67edde8f8948bb93a4126457cdaabff308c9922cee9f5a,7490,,,true
P03_WHITE_O_000013,P03,WHITE,O,image_000013.jpg,training/P03/WHITE/O/images/image_000013.jpg,e92b190313e600282ea20bf3d0f76b5f7d3f669a28f465b7b60f891e37b024c8,7345,,,true
P03_WHITE_O_000014,P03,WHITE,O,image_000014.jpg,training/P03/WHITE/O/images/image_000014.jpg,2b279fccfd3fa11e867e269e8c9c5a88ef9ade2da6d0d1e7b69637de6137fd3e,7214,,,true
P03_WHITE_O_000015,P03,WHITE,O,image_000015.jpg,training/P03/WHITE/O/images/image_000015.jpg,23aaa00da48c104b0f6b400de25a4c109e036f21abb9d4d11e88461c639011cc,7340,,,true
P03_WHITE_O_000016,P03,WHITE,O,image_000016.jpg,training/P03/WHITE/O/images/image_000016.jpg,c9315050218c95e5ed4b89559704b9144842fe90653c101b668c4baee63896c8,7212,,,true
P03_WHITE_O_000017,P03,WHITE,O,image_000017.jpg,training/P03/WHITE/O/images/image_000017.jpg,d269d5ac5c7fdb9a97c66080f39a432436ac1cb06b471b4fc09bea5085766b3a,7402,,,true
P03_WHITE_O_000018,P03,WHITE,O,image_000018.jpg,training/P03/WHITE/O/images/image_000018.jpg,a79614b0012795bb8a351b6e9c8866ff63a02531e3e0f394385dd556e1b35b3d,7487,,,true
P03_WHITE_O_000019,P03,WHITE,O,image_000019.jpg,training/P03/WHITE/O/images/image_000019.jpg,fc1d3f83f52d500540b5908904aa465e1aa9629c430759321d5685ed850eba02,7415,,,true
P03_WHITE_O_000020,P03,WHITE,O,image_000020.jpg,training/P03/WHITE/O/images/image_000020.jpg,15e0f69c4edc79058c5fb05640f6da8b4c93d1e2ee4ce4e8def0505665804ba3,6903,,,true
P03_WHITE_O_000021,P03,WHITE,O,image_000021.jpg,training/P03/WHITE/O/images/image_000021.jpg,8ce469b084aba54a02356715f1956020e96c00b3ba7cc525f7a0f43f1d61dc99,7040,,,true
P03_WHITE_O_000022,P03,WHITE,O,image_000022.jpg,training/P03/WHITE/O/images/image_000022.jpg,50e9aa988929105e7648452d5298b23798bd5d3574360a2f78976c1269feaf04,7187,,,true
P03_WHITE_O_000023,P03,WHITE,O,image_000023.jpg,training/P03/WHITE/O/images/image_000023.jpg,30f0ad0482dae6efbb505a43de7175847043c872e4415daa4e073dcbd5e9f5d6,7213,,,true
P03_WHITE_O_000024,P03,WHITE,O,image_000024.jpg,training/P03/WHITE/O/images/image_000024.jpg,911023899aea91a08a55973f279187e233afa9358ae93b02c1c0fb1a56ef1979,7108,,,true
P03_WHITE_O_000025,P03,WHITE,O,image_000025.jpg,training/P03/WHITE/O/images/image_000025.jpg,7162595d0f2f14459041f6c6dece6068ff743492ab624b54ea15d3c2be15b410,6902,,,true
P03_WHITE_P_000001,P03,WHITE,P,image_000001.jpg,training/P03/WHITE/P/images/image_000001.jpg,703068c1a19d656fb57195787efcf01b231f1b2a921430438d6858731a333ca4,6628,,,true
P03_WHITE_P_000002,P03,WHITE,P,image_000002.jpg,training/P03/WHITE/P/images/image_000002.jpg,7a1caac58ec2b1815ad6abd2482c140a9609a481339243c0039991e32f0de0ee,6638,,,true
P03_WHITE_P_000003,P03,WHITE,P,image_000003.jpg,training/P03/WHITE/P/images/image_000003.jpg,14b7339bf8134956c7144b98ba144703f61102808f76aa3a4168cb952ac6daf2,6420,,,true
P03_WHITE_P_000004,P03,WHITE,P,image_000004.jpg,training/P03/WHITE/P/images/image_000004.jpg,c2a1b1a2227a07c56b2527ea2a95bb12d6a4c741caf8f05c3185e72cca221021,6448,,,true
P03_WHITE_P_000005,P03,WHITE,P,image_000005.jpg,training/P03/WHITE/P/images/image_000005.jpg,c17e164879229d83b2a3aa21d0c4951d7c5e075724c8d8939e8c60a39a0fc6b0,6467,,,true
P03_WHITE_P_000006,P03,WHITE,P,image_000006.jpg,training/P03/WHITE/P/images/image_000006.jpg,eccfb5df6dfc1797575102523505bbea4f6bc0595db6b7dc711e75f9332085d1,6483,,,true
P03_WHITE_P_000007,P03,WHITE,P,image_000007.jpg,training/P03/WHITE/P/images/image_000007.jpg,3fa7272462c45ffddd9ce8878d8a9a16d567bb627f2912584af8b60241e82777,6655,,,true
P03_WHITE_P_000008,P03,WHITE,P,image_000008.jpg,training/P03/WHITE/P/images/image_000008.jpg,e71439bde5d98d93a13a823773e9c669485c9518b3ee1d5948fd3431382045bf,6651,,,true
P03_WHITE_P_000009,P03,WHITE,P,image_000009.jpg,training/P03/WHITE/P/images/image_000009.jpg,3ebcaacf4ac2a7a461f72a1e311d4b8a5ffe3237e947e9bf71e2765ce7ccfb86,6194,,,true
P03_WHITE_P_000010,P03,WHITE,P,image_000010.jpg,training/P03/WHITE/P/images/image_000010.jpg,245787c693da20f780c787bd7ae1e59bdd216ba65e504ef887f31ea84b70a667,6053,,,true
P03_WHITE_P_000011,P03,WHITE,P,image_000011.jpg,training/P03/WHITE/P/images/image_000011.jpg,9002b48daec3d7fa580683d7ab337dd58355b1aafd051e70091204068fd96023,6151,,,true
P03_WHITE_P_000012,P03,WHITE,P,image_000012.jpg,training/P03/WHITE/P/images/image_000012.jpg,b6a1292defdbbd81695db43f9c194f035a5a3a34212ec099bbdfffe59ceeb858,6389,,,true
P03_WHITE_P_000013,P03,WHITE,P,image_000013.jpg,training/P03/WHITE/P/images/image_000013.jpg,5bd054bc519c3e974867b657f5a454c63abbf596d9a13c27fc085e0030f85a44,6600,,,true
P03_WHITE_P_000014,P03,WHITE,P,image_000014.jpg,training/P03/WHITE/P/images/image_000014.jpg,048350f88f6e4d04e74bbe5aa7b89e9158859ff1022d5ecbee958171358254e6,6383,,,true
P03_WHITE_P_000015,P03,WHITE,P,image_000015.jpg,training/P03/WHITE/P/images/image_000015.jpg,41bc0b1afee63683a300a675ca9972011c64014482ca93d5b4c6e0b411a901d2,6332,,,true
P03_WHITE_P_000016,P03,WHITE,P,image_000016.jpg,training/P03/WHITE/P/images/image_000016.jpg,398af67c341d74d4221ffa4b798e502ef376831111faf94445677984277378a9,6337,,,true
P03_WHITE_P_000017,P03,WHITE,P,image_000017.jpg,training/P03/WHITE/P/images/image_000017.jpg,d3ff1a28ac24dcaae65f5f8a701c32132806fd14d002f02873ed8855a2856236,6446,,,true
P03_WHITE_P_000018,P03,WHITE,P,image_000018.jpg,training/P03/WHITE/P/images/image_000018.jpg,2c749fdedef357dd77efced00773a35dba00a21d5855acfea49673aa304346b1,6637,,,true
P03_WHITE_P_000019,P03,WHITE,P,image_000019.jpg,training/P03/WHITE/P/images/image_000019.jpg,877f0b2f9562d043f09d7a3a36b11085bcdf11c547882d9f3174877078591546,6467,,,true
P03_WHITE_P_000020,P03,WHITE,P,image_000020.jpg,training/P03/WHITE/P/images/image_000020.jpg,3ec4d27ff53d31712a97f65b7f96b08a12b75f8db3a49a0d45e508a675e11874,6349,,,true
P03_WHITE_P_000021,P03,WHITE,P,image_000021.jpg,training/P03/WHITE/P/images/image_000021.jpg,3cbda2ed334f7b58164c13d0166009d2d58a7cf57f0692a2acc616a5b79dc3d0,6521,,,true
P03_WHITE_P_000022,P03,WHITE,P,image_000022.jpg,training/P03/WHITE/P/images/image_000022.jpg,208b3ac06525137d6cd01911e7b69963e54cfd8608fbe24a76339730f11da7e5,6285,,,true
P03_WHITE_P_000023,P03,WHITE,P,image_000023.jpg,training/P03/WHITE/P/images/image_000023.jpg,bfada7b3abfdd272ee8480b3fcfbed03fafc02b8f495d45de868c929c01d3003,6348,,,true
P03_WHITE_P_000024,P03,WHITE,P,image_000024.jpg,training/P03/WHITE/P/images/image_000024.jpg,bcbd6019070cc45996892ab6487070e1f0e47c17e1493e20f27c12fbbadfdf81,6549,,,true
P03_WHITE_P_000025,P03,WHITE,P,image_000025.jpg,training/P03/WHITE/P/images/image_000025.jpg,295c983c55b7c40ec72fad2c2639d925e7b35b10b8a63940fd009042358166c0,7642,,,true
P03_WHITE_R_000001,P03,WHITE,R,image_000001.jpg,training/P03/WHITE/R/images/image_000001.jpg,a8b9882925c54066cfebf6633e134fb70e7892dd87fe4213a55519a49519fc3a,6600,,,true
P03_WHITE_R_000002,P03,WHITE,R,image_000002.jpg,training/P03/WHITE/R/images/image_000002.jpg,1b2f1de588293d24839babfa4a6153285b50d5db362c543125097bace4d43d32,6530,,,true
P03_WHITE_R_000003,P03,WHITE,R,image_000003.jpg,training/P03/WHITE/R/images/image_000003.jpg,a0e0c51feeb6f243afdbfab238dafa18839f73411fe91c8b953f7649facf892b,6479,,,true
P03_WHITE_R_000004,P03,WHITE,R,image_000004.jpg,training/P03/WHITE/R/images/image_000004.jpg,fd76def1f401921ef0f54d6266163986fa0278867dabf5376bef31a131cf2c2a,6368,,,true
P03_WHITE_R_000005,P03,WHITE,R,image_000005.jpg,training/P03/WHITE/R/images/image_000005.jpg,f905381ed3a3f609f929761b0b7c9d4eefb895369f94a7903992acf575af6217,6468,,,true
P03_WHITE_R_000006,P03,WHITE,R,image_000006.jpg,training/P03/WHITE/R/images/image_000006.jpg,421e145a29614e17519c04eb1cb6f06018ccb2adcf8d3a3624cc768d8d4d96d0,6375,,,true
P03_WHITE_R_000007,P03,WHITE,R,image_000007.jpg,training/P03/WHITE/R/images/image_000007.jpg,b3c62156216266ebe8e20d4cf31437f043b85fbee961015c568976b42f947c63,6554,,,true
P03_WHITE_R_000008,P03,WHITE,R,image_000008.jpg,training/P03/WHITE/R/images/image_000008.jpg,514efe08f3cc1da8a769d751b30fc677c9d76c4d5446f0e70d1dc1942a0f18d7,6549,,,true
P03_WHITE_R_000009,P03,WHITE,R,image_000009.jpg,training/P03/WHITE/R/images/image_000009.jpg,3392bc6fc3cd748b72d905ec72181e8a97bb8654fb1eafdeffd3efe54c6ada8d,6244,,,true
P03_WHITE_R_000010,P03,WHITE,R,image_000010.jpg,training/P03/WHITE/R/images/image_000010.jpg,92e1080233b7ff4e495b7ee7a8abbd384db2a1c1490cb2f69fa30c047f930010,6193,,,true
P03_WHITE_R_000011,P03,WHITE,R,image_000011.jpg,training/P03/WHITE/R/images/image_000011.jpg,13acf15d852b2d3c4a469f61165beea0f90ccd96771b442152e56bb53f1f7d13,6281,,,true
P03_WHITE_R_000012,P03,WHITE,R,image_000012.jpg,training/P03/WHITE/R/images/image_000012.jpg,3d130e7889b3c269167fef912cd8cb2c1b3aa353d8a1767039312d13a37e9f13,6347,,,true
P03_WHITE_R_000013,P03,WHITE,R,image_000013.jpg,training/P03/WHITE/R/images/image_000013.jpg,c40e50bfc2096959f921114c580bfda62b4e1b80de1099d14302d4b0ca9f45dc,6484,,,true
P03_WHITE_R_000014,P03,WHITE,R,image_000014.jpg,training/P03/WHITE/R/images/image_000014.jpg,8111dc5c37f1d612e1825137b7b0fce03842ff364156a64b8107e9ba96823dd2,6710,,,true
P03_WHITE_R_000015,P03,WHITE,R,image_000015.jpg,training/P03/WHITE/R/images/image_000015.jpg,83023b4fc8733c525440a5eb5357025be713d26395c187ae9903257afef9d73a,6885,,,true
P03_WHITE_R_000016,P03,WHITE,R,image_000016.jpg,training/P03/WHITE/R/images/image_000016.jpg,322107efd31ddf3a1a8528dbf3e4fd36f14b1478f7c4aa3313b17cf4040857b2,6309,,,true
P03_WHITE_R_000017,P03,WHITE,R,image_000017.jpg,training/P03/WHITE/R/images/image_000017.jpg,6b056731f131debbc6d54757d4e5a2cd81f32ab408cdf604de9909d145cd650a,6465,,,true
P03_WHITE_R_000018,P03,WHITE,R,image_000018.jpg,training/P03/WHITE/R/images/image_000018.jpg,306d3db0f29d2bb3bae74c313b03336fa5da51ae2c9442d44aa8972162833db5,6110,,,true
P03_WHITE_R_000019,P03,WHITE,R,image_000019.jpg,training/P03/WHITE/R/images/image_000019.jpg,2ae0e17c81c063d6e078d972c585ca111a6d5ba6075b8d58a066b88ac45b5e4b,6071,,,true
P03_WHITE_R_000020,P03,WHITE,R,image_000020.jpg,training/P03/WHITE/R/images/image_000020.jpg,408b55a4ff76200763bfb54c7db9b31bc81d1f21b74c79a39936b020461e439a,6068,,,true
P03_WHITE_R_000021,P03,WHITE,R,image_000021.jpg,training/P03/WHITE/R/images/image_000021.jpg,ce5bd68beb3ec1ffced5dd891438502f3e3aac1d7c40ff6f3921bcfc79116bb6,5987,,,true
P03_WHITE_R_000022,P03,WHITE,R,image_000022.jpg,training/P03/WHITE/R/images/image_000022.jpg,cdeaadca6da1898b2bf4b1d90dd3a44dcbb48c3238a8ab01a89158299ed165dc,6268,,,true
P03_WHITE_R_000023,P03,WHITE,R,image_000023.jpg,training/P03/WHITE/R/images/image_000023.jpg,4413ac7afa033a799c902622ede845ce86ace4a909c065dedeee81f14aaf2c07,6154,,,true
P03_WHITE_R_000024,P03,WHITE,R,image_000024.jpg,training/P03/WHITE/R/images/image_000024.jpg,b276c4d4cc27cec6ec5660e014b9685d1814c12bd5b8d2474dc025a39aa2c22d,5984,,,true
P03_WHITE_R_000025,P03,WHITE,R,image_000025.jpg,training/P03/WHITE/R/images/image_000025.jpg,2e9f8afa1f35a0fc2ca0197fc8016877fef566d9750c57e6b24794760c2d7ed9,5991,,,true
P03_WHITE_S_000001,P03,WHITE,S,image_000001.jpg,training/P03/WHITE/S/images/image_000001.jpg,b870f71ec4be6ca0405ba65cfbe59b627546623e01f60aad4e0b9fd1a196e512,7633,,,true
P03_WHITE_S_000002,P03,WHITE,S,image_000002.jpg,training/P03/WHITE/S/images/image_000002.jpg,9ec45796ab807bb66f0ec875c1ca7deabfeb0d227970bc29a6eccda34ce02023,7574,,,true
P03_WHITE_S_000003,P03,WHITE,S,image_000003.jpg,training/P03/WHITE/S/images/image_000003.jpg,973716c3081c102a1a3f732d66f99b73fcec973cebe30c5e43d7ecad90ef6a86,7610,,,true
P03_WHITE_S_000004,P03,WHITE,S,image_000004.jpg,training/P03/WHITE/S/images/image_000004.jpg,cb3471b02cb4f01fa2104b85b1cd553d16a48f4ce7285065df80273d8e8cf7b8,6956,,,true
P03_WHITE_S_000005,P03,WHITE,S,image_000005.jpg,training/P03/WHITE/S/images/image_000005.jpg,a868b1a30e9b5501acf7481c0250daa77536bedec19f6620b2693ebac88a77ce,6917,,,true
P03_WHITE_S_000006,P03,WHITE,S,image_000006.jpg,training/P03/WHITE/S/images/image_000006.jpg,c34864d2428b23328b76503135d7a6146cd42a77f59bd94d2fde5d8d0fde311e,6895,,,true
P03_WHITE_S_000007,P03,WHITE,S,image_000007.jpg,training/P03/WHITE/S/images/image_000007.jpg,be19823eaa4e29e9935dca6f02778ecee2f3ffe54506bfb7643ccb319c866d6e,6948,,,true
P03_WHITE_S_000008,P03,WHITE,S,image_000008.jpg,training/P03/WHITE/S/images/image_000008.jpg,a4d01dcdd77dc1a18a3b8c2e59ec3e0ebbf502ce072c4293d677e3a8d7c1a269,7239,,,true
P03_WHITE_S_000009,P03,WHITE,S,image_000009.jpg,training/P03/WHITE/S/images/image_000009.jpg,f49d7dd59de206d61c95089b4c4332c149810ae9dcc963c163f8a324dc02686d,7050,,,true
P03_WHITE_S_000010,P03,WHITE,S,image_000010.jpg,training/P03/WHITE/S/images/image_000010.jpg,b457d96aba7e560595358a8d3bcefcd55cd6c03a1ed3b4bafea2309c947fcfec,6739,,,true
P03_WHITE_S_000011,P03,WHITE,S,image_000011.jpg,training/P03/WHITE/S/images/image_000011.jpg,e4295a687f1f249478ed7412fb642f038ea1033c3e5285d8675f73dcadc99c24,6951,,,true
P03_WHITE_S_000012,P03,WHITE,S,image_000012.jpg,training/P03/WHITE/S/images/image_000012.jpg,810add89500d4bb6ef0f3ea364bb1b508455debdda6afb2714550aa2367c3bc8,7279,,,true
P03_WHITE_S_000013,P03,WHITE,S,image_000013.jpg,training/P03/WHITE/S/images/image_000013.jpg,d99ce9bad95af57e36f9673efe79637aeb32f36507850aee3347011510ead392,6802,,,true
P03_WHITE_S_000014,P03,WHITE,S,image_000014.jpg,training/P03/WHITE/S/images/image_000014.jpg,5f3c6ab0c3e351052ddedbba3bc4b194be6ecfcbeb206d1dd888de92751be5cd,6807,,,true
P03_WHITE_S_000015,P03,WHITE,S,image_000015.jpg,training/P03/WHITE/S/images/image_000015.jpg,0258e257970974ba3c5de49c8f5e92e8587651575e14dd51cd50f91713b35d13,7088,,,true
P03_WHITE_S_000016,P03,WHITE,S,image_000016.jpg,training/P03/WHITE/S/images/image_000016.jpg,e7aa596c75b8eba79d09b47149f420161fb5b40c1771421962263b7ad1b105f1,7428,,,true
P03_WHITE_S_000017,P03,WHITE,S,image_000017.jpg,training/P03/WHITE/S/images/image_000017.jpg,9c07037ffc427752f71359f5868366d30e262f515b9fe6aac9a6cbf6759b7af8,7344,,,true
P03_WHITE_S_000018,P03,WHITE,S,image_000018.jpg,training/P03/WHITE/S/images/image_000018.jpg,b001a46beaddc5a90d621e58a3262e7d208bf1bd6e90e01dcd6628a731ba4053,7841,,,true
P03_WHITE_S_000019,P03,WHITE,S,image_000019.jpg,training/P03/WHITE/S/images/image_000019.jpg,c70a7f0aa3bf8274bc7202a36ebe338f8030e545b0c1734e7ab314530b1b41c4,7297,,,true
P03_WHITE_S_000020,P03,WHITE,S,image_000020.jpg,training/P03/WHITE/S/images/image_000020.jpg,19611ba903a6fdc045ed606d3763e2d91e3d1dfb2aa7961e6f7922f8d93ee8c4,7081,,,true
P03_WHITE_S_000021,P03,WHITE,S,image_000021.jpg,training/P03/WHITE/S/images/image_000021.jpg,096e3fd2b455df684027001cd524912e06a73fdba3daf6b21b06e3ec04452d12,6863,,,true
P03_WHITE_S_000022,P03,WHITE,S,image_000022.jpg,training/P03/WHITE/S/images/image_000022.jpg,c7435a09603576ead484b24afa882cd95ce2b75093f30dc0aa6cbbaf33d3832a,6651,,,true
P03_WHITE_S_000023,P03,WHITE,S,image_000023.jpg,training/P03/WHITE/S/images/image_000023.jpg,acf6a07ef10f70eea09b1c8635d2e784a1788cb529f756c694b2ec169e0fcb52,7174,,,true
P03_WHITE_S_000024,P03,WHITE,S,image_000024.jpg,training/P03/WHITE/S/images/image_000024.jpg,5b6e6ea79939673caa8ae0e4d32aab4c8be62d46a36edab7626527101c7749c5,6563,,,true
P03_WHITE_S_000025,P03,WHITE,S,image_000025.jpg,training/P03/WHITE/S/images/image_000025.jpg,9408e76979df6e199c51ee394b2d5924fa68874c46c8a593eaf9a49dfda2dac9,6862,,,true
P03_WHITE_T_000001,P03,WHITE,T,image_000001.jpg,training/P03/WHITE/T/images/image_000001.jpg,27a70533ced6143c0b380090fdaab01d1a6e896d9e7ed0e13faf89c0d07100d0,7296,,,true
P03_WHITE_T_000002,P03,WHITE,T,image_000002.jpg,training/P03/WHITE/T/images/image_000002.jpg,6b99da789f586da28bcfdd23717ee684aeeb008738eba94814de03976fc2e06f,7460,,,true
P03_WHITE_T_000003,P03,WHITE,T,image_000003.jpg,training/P03/WHITE/T/images/image_000003.jpg,77819cc54920c8070c1409d075c23c9a2faacb28328d0d7be07e0c9696b8c656,7177,,,true
P03_WHITE_T_000004,P03,WHITE,T,image_000004.jpg,training/P03/WHITE/T/images/image_000004.jpg,1df9ae53f7aa485422d056663b5af17fdf886fad67757798114fa00d5c56fad8,7180,,,true
P03_WHITE_T_000005,P03,WHITE,T,image_000005.jpg,training/P03/WHITE/T/images/image_000005.jpg,aebbe31a686787406b1175b9cdffddb06f4b4d3aa82d50585fa6c7a696dc7202,6998,,,true
P03_WHITE_T_000006,P03,WHITE,T,image_000006.jpg,training/P03/WHITE/T/images/image_000006.jpg,beae90cbc54971976fed66219428061c3f02bdd0726d175e5599abac6911776c,7026,,,true
P03_WHITE_T_000007,P03,WHITE,T,image_000007.jpg,training/P03/WHITE/T/images/image_000007.jpg,3e60b31af29be7aa1d94f95e1bc3f9defe97cfa3e8a0282467b85bff0c3858bc,6854,,,true
P03_WHITE_T_000008,P03,WHITE,T,image_000008.jpg,training/P03/WHITE/T/images/image_000008.jpg,818e2d1a593c17d84c0046a9257c742c4eb55a6d2816d8ecef1718a71d78bad6,7039,,,true
P03_WHITE_T_000009,P03,WHITE,T,image_000009.jpg,training/P03/WHITE/T/images/image_000009.jpg,1ba8390aff191cbcfdd1dd1e339356b2f0ef7c2fd4a7901ba286546f969606c0,7091,,,true
P03_WHITE_T_000010,P03,WHITE,T,image_000010.jpg,training/P03/WHITE/T/images/image_000010.jpg,bb32aa0f670ec41cccca828f78f9ef91dd3494a54b9e83ec9978c4d4b1810676,6947,,,true
P03_WHITE_T_000011,P03,WHITE,T,image_000011.jpg,training/P03/WHITE/T/images/image_000011.jpg,fa8002e80bfe080008f022cd2eea475db6cf3d64707b61cb512b116a36b280be,7107,,,true
P03_WHITE_T_000012,P03,WHITE,T,image_000012.jpg,training/P03/WHITE/T/images/image_000012.jpg,ff078fa15d2274e9fc4224e171d5c2716fae7ca3c19edf31faaf6b1b5f2e5747,7113,,,true
P03_WHITE_T_000013,P03,WHITE,T,image_000013.jpg,training/P03/WHITE/T/images/image_000013.jpg,d30a4badba415e30b337108562ece58edc4d4b7fe23639886b6ca26b64c7e11b,6679,,,true
P03_WHITE_T_000014,P03,WHITE,T,image_000014.jpg,training/P03/WHITE/T/images/image_000014.jpg,a34ebcd10441b4fe43e24e5bb595e85be71d9a1cc5789f8e8f895748c0712c1e,7011,,,true
P03_WHITE_T_000015,P03,WHITE,T,image_000015.jpg,training/P03/WHITE/T/images/image_000015.jpg,ca5d82f2eab7c1af1e8b200c8cc755185d44de4865f981359f86b208a9ee36fa,6822,,,true
P03_WHITE_T_000016,P03,WHITE,T,image_000016.jpg,training/P03/WHITE/T/images/image_000016.jpg,dccc94806e938cea4c1ca25f17b07ed9107cb27d532cde4d043150e09e07a4a0,6909,,,true
P03_WHITE_T_000017,P03,WHITE,T,image_000017.jpg,training/P03/WHITE/T/images/image_000017.jpg,c3d3812c72beaf332e1b94cc0c90c31ed048b40b7119d716737fd90dc3ed49c1,6949,,,true
P03_WHITE_T_000018,P03,WHITE,T,image_000018.jpg,training/P03/WHITE/T/images/image_000018.jpg,bb2fe1633c1f97b43a59280ecc04d33c72b8f14c8df2c51613a6933e0c82fbc3,6817,,,true
P03_WHITE_T_000019,P03,WHITE,T,image_000019.jpg,training/P03/WHITE/T/images/image_000019.jpg,222ae1d9f0aa0ab6efcb17c773f49ada59358282c1ee4b5f2c71b0d47d41d397,6692,,,true
P03_WHITE_T_000020,P03,WHITE,T,image_000020.jpg,training/P03/WHITE/T/images/image_000020.jpg,5ab687fdac4d3158a547dd69693ac9987bad64edb3d20f1b7e79e4da47ced84f,6914,,,true
P03_WHITE_T_000021,P03,WHITE,T,image_000021.jpg,training/P03/WHITE/T/images/image_000021.jpg,2e21d2c4879089656ad35c48ab362b0abb6c7bf55d03cf69efce2213afc28685,6977,,,true
P03_WHITE_T_000022,P03,WHITE,T,image_000022.jpg,training/P03/WHITE/T/images/image_000022.jpg,406b73a5239bd093fdc543b52fd9a04ce1e645f461b2449d8c78c31de9d120f5,6963,,,true
P03_WHITE_T_000023,P03,WHITE,T,image_000023.jpg,training/P03/WHITE/T/images/image_000023.jpg,32721dde5e433a3697ba4ed181fc199aca273b2652e4bda76f84c923460c8742,7080,,,true
P03_WHITE_T_000024,P03,WHITE,T,image_000024.jpg,training/P03/WHITE/T/images/image_000024.jpg,d11fe1a37eda6d8fc5f479ecc78a031fc9cabab52121b27a27820c0284a02596,7009,,,true
P03_WHITE_T_000025,P03,WHITE,T,image_000025.jpg,training/P03/WHITE/T/images/image_000025.jpg,3762fb48645de15e16171493ac58e9216a34940aa02e7c83f6d95225fa0bf4d7,7272,,,true
P03_WHITE_U_000001,P03,WHITE,U,image_000001.jpg,training/P03/WHITE/U/images/image_000001.jpg,a8677285e091c843d4adcdfeaa175f0aeaaf51bb78ffcba10dcb041d73662776,5889,,,true
P03_WHITE_U_000002,P03,WHITE,U,image_000002.jpg,training/P03/WHITE/U/images/image_000002.jpg,bd98f1416f0b56028956449130d7fd4a8980064d4dfdb5931eac6e1dec129726,5875,,,true
P03_WHITE_U_000003,P03,WHITE,U,image_000003.jpg,training/P03/WHITE/U/images/image_000003.jpg,2e1ac8ab2e6afde18ea2799b958ebdf44d7d11062402d02d853298dca8b0d2e7,6048,,,true
P03_WHITE_U_000004,P03,WHITE,U,image_000004.jpg,training/P03/WHITE/U/images/image_000004.jpg,2ed8b97e4efd52c0f3dbfcb7ed576393d860111eecbe0da8060d4485a4101ef0,5836,,,true
P03_WHITE_U_000005,P03,WHITE,U,image_000005.jpg,training/P03/WHITE/U/images/image_000005.jpg,7aa3ba94068ad429ca16f5bfab817e0b540515f5c89fa30cf2fcbbb80b34f6d2,5778,,,true
P03_WHITE_U_000006,P03,WHITE,U,image_000006.jpg,training/P03/WHITE/U/images/image_000006.jpg,050fbe96db86c54548e8d6796ffdda0d4606784367342863de9e86b21aabde9f,5517,,,true
P03_WHITE_U_000007,P03,WHITE,U,image_000007.jpg,training/P03/WHITE/U/images/image_000007.jpg,7fa143b394566a040483b81a3f386a72912a8150854c420bd92274fa171f7ca6,5961,,,true
P03_WHITE_U_000008,P03,WHITE,U,image_000008.jpg,training/P03/WHITE/U/images/image_000008.jpg,05b554cbe8e83067a99bf377bd4cff580363c4d5e04103577d03bdbfe55f4ac2,5895,,,true
P03_WHITE_U_000009,P03,WHITE,U,image_000009.jpg,training/P03/WHITE/U/images/image_000009.jpg,5672d7b424661918123aba3421552831cf5b4f3952472cd3cefea2ba8c1cba01,5918,,,true
P03_WHITE_U_000010,P03,WHITE,U,image_000010.jpg,training/P03/WHITE/U/images/image_000010.jpg,d023c0ae4065f913df94f8563e0c38a2ee844f9e7ae824a98cc38f552a08b181,5882,,,true
P03_WHITE_U_000011,P03,WHITE,U,image_000011.jpg,training/P03/WHITE/U/images/image_000011.jpg,d05270bf4a5235dbc2d2b39a85a8424509669dd8854caf04091a251aad3980f2,5752,,,true
P03_WHITE_U_000012,P03,WHITE,U,image_000012.jpg,training/P03/WHITE/U/images/image_000012.jpg,7b5b0ec9eca64c779f96ee230999b17067b89f760fc4e772d01ff27846bd5d76,5664,,,true
P03_WHITE_U_000013,P03,WHITE,U,image_000013.jpg,training/P03/WHITE/U/images/image_000013.jpg,56fd2090ff0d8dd7e4c771d144e07e6d904fbfe7ad2c310b6d2d887444a60007,5734,,,true
P03_WHITE_U_000014,P03,WHITE,U,image_000014.jpg,training/P03/WHITE/U/images/image_000014.jpg,623caed3726091a41565b14b36d8665e8b29b6dd997a78e5abd07bf8edbab480,5746,,,true
P03_WHITE_U_000015,P03,WHITE,U,image_000015.jpg,training/P03/WHITE/U/images/image_000015.jpg,ec7318d95c6de8df3a1e63cdb70f66915de932e49dbe60dd34aaf37731435d12,5955,,,true
P03_WHITE_U_000016,P03,WHITE,U,image_000016.jpg,training/P03/WHITE/U/images/image_000016.jpg,667357bf7d9695e3c67a75c23e4e46bade04f774bd975a28d8beb8036b861c8d,5666,,,true
P03_WHITE_U_000017,P03,WHITE,U,image_000017.jpg,training/P03/WHITE/U/images/image_000017.jpg,3544958b8af10d8eb636d3ce8056fb0a487d0fbf304a39c8e3c3d66a814bf903,5752,,,true
P03_WHITE_U_000018,P03,WHITE,U,image_000018.jpg,training/P03/WHITE/U/images/image_000018.jpg,4351555a826a88e80b0ac301ed8e432700eef8ab85c17c9fca5dc7b28a5feed3,5683,,,true
P03_WHITE_U_000019,P03,WHITE,U,image_000019.jpg,training/P03/WHITE/U/images/image_000019.jpg,7c6d735b672ca5536cbcf73177d10323f47e0dd3d9fe8128c15b760459c380f5,6038,,,true
P03_WHITE_U_000020,P03,WHITE,U,image_000020.jpg,training/P03/WHITE/U/images/image_000020.jpg,32c976373729e0fc8fe25405fda8a002e436ca393820073b9d7cf6d5fc5359a5,6086,,,true
P03_WHITE_U_000021,P03,WHITE,U,image_000021.jpg,training/P03/WHITE/U/images/image_000021.jpg,3cbb0249dacb1d10090e9bae516cb7a237fbde16f6770133c6827b1319e7ce7e,6353,,,true
P03_WHITE_U_000022,P03,WHITE,U,image_000022.jpg,training/P03/WHITE/U/images/image_000022.jpg,84e656146a6ea13cd18a705eb27ee77622550a16aec8d382af1872055a180bcc,6076,,,true
P03_WHITE_U_000023,P03,WHITE,U,image_000023.jpg,training/P03/WHITE/U/images/image_000023.jpg,c8a690978c512dbc1793d3a54c5c98db0cc8e75ea37c65bf9effa9ac7eacc239,6071,,,true
P03_WHITE_U_000024,P03,WHITE,U,image_000024.jpg,training/P03/WHITE/U/images/image_000024.jpg,5e7b9dc1673f58271625044bfa2607d7c0851acc3444b366b06a779985bbe605,6002,,,true
P03_WHITE_U_000025,P03,WHITE,U,image_000025.jpg,training/P03/WHITE/U/images/image_000025.jpg,7527e49cabbd62d965b44eb1ac95125a6baf4c76aad496c4e7fe1d7e46d4934b,6518,,,true
P03_WHITE_V_000001,P03,WHITE,V,image_000001.jpg,training/P03/WHITE/V/images/image_000001.jpg,0986c2255ed1e3d46e2184df52e4998ea45ceba20438cf2ce7477448f4b68a38,8047,,,true
P03_WHITE_V_000002,P03,WHITE,V,image_000002.jpg,training/P03/WHITE/V/images/image_000002.jpg,71361ea57c6b9c406d789a24464856e7338e9d5cfaa7ce2eee30955a93f0a785,7311,,,true
P03_WHITE_V_000003,P03,WHITE,V,image_000003.jpg,training/P03/WHITE/V/images/image_000003.jpg,c6de97ad7ec0636146966f0fb6f955bcf3368c99aaa7355a9b31e21287e48098,7450,,,true
P03_WHITE_V_000004,P03,WHITE,V,image_000004.jpg,training/P03/WHITE/V/images/image_000004.jpg,722e75647f632dd0dad3c53dab550f89bf2e76cee9da2fc375c22385a775e6aa,7431,,,true
P03_WHITE_V_000005,P03,WHITE,V,image_000005.jpg,training/P03/WHITE/V/images/image_000005.jpg,d490f0c1ed4715cc7254e84a4ce9348bd4240d293e39a75a728e4112949b72dd,7632,,,true
P03_WHITE_V_000006,P03,WHITE,V,image_000006.jpg,training/P03/WHITE/V/images/image_000006.jpg,7c41a0f8153bbd0cfafad62a2e245c1b7e62380f28ae019f9f46ec6393bd6fcb,7217,,,true
P03_WHITE_V_000007,P03,WHITE,V,image_000007.jpg,training/P03/WHITE/V/images/image_000007.jpg,cc90403ea89ab0072e269d4eaa47924fa792d6d3fe6f4f16e1a955abc59a6f5f,7423,,,true
P03_WHITE_V_000008,P03,WHITE,V,image_000008.jpg,training/P03/WHITE/V/images/image_000008.jpg,ec893bdd588b82e674ea66faf9988a4577cf3c7fa0ba414e3055c821055abd51,7093,,,true
P03_WHITE_V_000009,P03,WHITE,V,image_000009.jpg,training/P03/WHITE/V/images/image_000009.jpg,38d10e6a2f80a9ad0e8f0a29cd35db48680729f9f80451058eb79098130c70a4,7248,,,true
P03_WHITE_V_000010,P03,WHITE,V,image_000010.jpg,training/P03/WHITE/V/images/image_000010.jpg,a95c1c727a64d9be5e6e3584578e987de0ca8a355576d5fb9b0a7705d769ecd6,7148,,,true
P03_WHITE_V_000011,P03,WHITE,V,image_000011.jpg,training/P03/WHITE/V/images/image_000011.jpg,5200ee4f17ed2d6b6cdaa6ec123b28387f744f8b763cc9dea00095465b93e209,7466,,,true
P03_WHITE_V_000012,P03,WHITE,V,image_000012.jpg,training/P03/WHITE/V/images/image_000012.jpg,8a2d3e0eaf44ed1bc639708f049c1c18cbe41cb57d365ba47b05d67f0032c584,7559,,,true
P03_WHITE_V_000013,P03,WHITE,V,image_000013.jpg,training/P03/WHITE/V/images/image_000013.jpg,38538fe4dc80a05a438496b52ded5ee534faf4fee6edcfeedcd7fe101177534e,7190,,,true
P03_WHITE_V_000014,P03,WHITE,V,image_000014.jpg,training/P03/WHITE/V/images/image_000014.jpg,be807eb4ab3872a6fabb3710c506d9d01fc1df4c431af1fa381d5f855ea0e737,6054,,,true
P03_WHITE_V_000015,P03,WHITE,V,image_000015.jpg,training/P03/WHITE/V/images/image_000015.jpg,02801325fab659129d87e5678da4de0488e747caa396cc8fe6c6d6715b6f5f1e,6602,,,true
P03_WHITE_V_000016,P03,WHITE,V,image_000016.jpg,training/P03/WHITE/V/images/image_000016.jpg,b7d7e4ed9d946a4edf5106c11befd31681524bdbd305496a99db84dbda0e36f5,6443,,,true
P03_WHITE_V_000017,P03,WHITE,V,image_000017.jpg,training/P03/WHITE/V/images/image_000017.jpg,d8a7471c635b76c7a3c8da069fdbfd20040912fd60093f63e0a63e5a77fb078f,6253,,,true
P03_WHITE_V_000018,P03,WHITE,V,image_000018.jpg,training/P03/WHITE/V/images/image_000018.jpg,a5812e29bb172121f1776dcd8cd895152f328a0ec054cd04fefa82f9965085c1,6596,,,true
P03_WHITE_V_000019,P03,WHITE,V,image_000019.jpg,training/P03/WHITE/V/images/image_000019.jpg,3f2966a48cbc4b9ef4a8a860405d013916d583892a5069ed3b83f2cf3b103e22,6207,,,true
P03_WHITE_V_000020,P03,WHITE,V,image_000020.jpg,training/P03/WHITE/V/images/image_000020.jpg,ccb678fa0970918febc0e59d9e1d21473978c854562f2c1d6f275e7e44990dc3,6180,,,true
P03_WHITE_V_000021,P03,WHITE,V,image_000021.jpg,training/P03/WHITE/V/images/image_000021.jpg,519389f20e7d09a3f6b01e65aa2f42435031a7438ce6f5b7d82bf6896fc00122,6146,,,true
P03_WHITE_V_000022,P03,WHITE,V,image_000022.jpg,training/P03/WHITE/V/images/image_000022.jpg,18775fe3ec43577028bccb0fe9d2987cc4445c5c7ba0593b5bd55042249dcabb,6161,,,true
P03_WHITE_V_000023,P03,WHITE,V,image_000023.jpg,training/P03/WHITE/V/images/image_000023.jpg,624c94df8ce250f91b70f77279acec4e5d780ab23ba982d1bdc4fc56503ef5cf,6177,,,true
P03_WHITE_V_000024,P03,WHITE,V,image_000024.jpg,training/P03/WHITE/V/images/image_000024.jpg,ea6dfdd58e53633b3ee06ac9ff875aad1b92260022ade019f5d8e8ee531b488b,6554,,,true
P03_WHITE_V_000025,P03,WHITE,V,image_000025.jpg,training/P03/WHITE/V/images/image_000025.jpg,5496b2b4bcfdcc07489f82b6cb50ccf7b123e59cffac127132c1773480d0e001,6332,,,true
P03_WHITE_W_000001,P03,WHITE,W,image_000001.jpg,training/P03/WHITE/W/images/image_000001.jpg,407c9bd7334efafbd5157abd7b922aee73a32f7e21faf637ac39909a9ba41a66,7517,,,true
P03_WHITE_W_000002,P03,WHITE,W,image_000002.jpg,training/P03/WHITE/W/images/image_000002.jpg,38a07a1df50c341ca4c750a14f4c79e1125eb58821dc999d68902e6a90fc537a,8183,,,true
P03_WHITE_W_000003,P03,WHITE,W,image_000003.jpg,training/P03/WHITE/W/images/image_000003.jpg,047282c1d708fc3f605f7689a5458b3585f0860a14ab15b79e2fa65e46b30533,8349,,,true
P03_WHITE_W_000004,P03,WHITE,W,image_000004.jpg,training/P03/WHITE/W/images/image_000004.jpg,a0edb036edc77420c04a7cf3aebe43d26e0acf167b2a19b2ab13ce112361f0e0,8228,,,true
P03_WHITE_W_000005,P03,WHITE,W,image_000005.jpg,training/P03/WHITE/W/images/image_000005.jpg,6547e6afadcdcff1f529d52e07af36349a8307a4c526dcc95fee5206c2e62048,8052,,,true
P03_WHITE_W_000006,P03,WHITE,W,image_000006.jpg,training/P03/WHITE/W/images/image_000006.jpg,28ba6866b9449a5d2c00e5255196390eac420e6d9a33d637f858101ad13557d2,8371,,,true
P03_WHITE_W_000007,P03,WHITE,W,image_000007.jpg,training/P03/WHITE/W/images/image_000007.jpg,c6f10c3c83bdd39342992a53115f4f6aeb670d901c0e10028b4579c21d364afc,8043,,,true
P03_WHITE_W_000008,P03,WHITE,W,image_000008.jpg,training/P03/WHITE/W/images/image_000008.jpg,2b83193014a54c3bb65073ada405e471de5da9ccccd6a003310de0f92047b92e,8243,,,true
P03_WHITE_W_000009,P03,WHITE,W,image_000009.jpg,training/P03/WHITE/W/images/image_000009.jpg,d7833370058f452edc45a7ee71eeb750ac5293fca35be90c2a2920fc3c05abc3,7767,,,true
P03_WHITE_W_000010,P03,WHITE,W,image_000010.jpg,training/P03/WHITE/W/images/image_000010.jpg,d2df0b665436a1c7c65aa292077db6c8069a14a097af06885ddb54e9e284cefa,7301,,,true
P03_WHITE_W_000011,P03,WHITE,W,image_000011.jpg,training/P03/WHITE/W/images/image_000011.jpg,32031c624f51a3396b47c5817c3fd54df7cc993b49a6cfee8b07adfbd26e31fb,7298,,,true
P03_WHITE_W_000012,P03,WHITE,W,image_000012.jpg,training/P03/WHITE/W/images/image_000012.jpg,2966f7167296e378947683966140c61f152f49c8fb60ca0053942461ea46f839,7414,,,true
P03_WHITE_W_000013,P03,WHITE,W,image_000013.jpg,training/P03/WHITE/W/images/image_000013.jpg,57ad100847e4260d43dd9f2e8e9f029909d3b601f5d96a5df6cd0798865d564f,7625,,,true
P03_WHITE_W_000014,P03,WHITE,W,image_000014.jpg,training/P03/WHITE/W/images/image_000014.jpg,16a879931e46b1a4b2103c6414359da329cbaad8ffb4421c650532c7df229343,7717,,,true
P03_WHITE_W_000015,P03,WHITE,W,image_000015.jpg,training/P03/WHITE/W/images/image_000015.jpg,ceb9ca634bd7627d09020690410edcb33b70627ed6cb710c220bca7b4abc344b,7631,,,true
P03_WHITE_W_000016,P03,WHITE,W,image_000016.jpg,training/P03/WHITE/W/images/image_000016.jpg,cc8a70fff45ceff90ebf19ae7dfe63aeed9fffa07fbd7c74ee3259d0e46b29c6,8135,,,true
P03_WHITE_W_000017,P03,WHITE,W,image_000017.jpg,training/P03/WHITE/W/images/image_000017.jpg,a9f428fc37aee7a80d4f2eb8f77ea07ddb83c566d13d313919c6dfe0e6f1a1d3,7739,,,true
P03_WHITE_W_000018,P03,WHITE,W,image_000018.jpg,training/P03/WHITE/W/images/image_000018.jpg,ce913c6a866df886de75c089a02be5668c3fb30d827652316d951b652c1a36d4,7827,,,true
P03_WHITE_W_000019,P03,WHITE,W,image_000019.jpg,training/P03/WHITE/W/images/image_000019.jpg,edf12accf3d1433c66d4b545dac13be9591100997ccb732ceabcdc0608cf5a80,7432,,,true
P03_WHITE_W_000020,P03,WHITE,W,image_000020.jpg,training/P03/WHITE/W/images/image_000020.jpg,76792a34ffa59e1413747ddc0ad24c76be524b0c3053e157375d818568b3800d,7522,,,true
P03_WHITE_W_000021,P03,WHITE,W,image_000021.jpg,training/P03/WHITE/W/images/image_000021.jpg,b5ada6bca4f3107090d40d1692e7b0d93bf8ca3066adda62c03cd31db373649a,7509,,,true
P03_WHITE_W_000022,P03,WHITE,W,image_000022.jpg,training/P03/WHITE/W/images/image_000022.jpg,362e8cca4b205f5e82940099b9591e85de9e8e1ebcfc10f879b41b25c657a686,7521,,,true
P03_WHITE_W_000023,P03,WHITE,W,image_000023.jpg,training/P03/WHITE/W/images/image_000023.jpg,ff6fac44a80e14aabc5f488ea108f27fa88015721d11f52923d4589238f4a554,7223,,,true
P03_WHITE_W_000024,P03,WHITE,W,image_000024.jpg,training/P03/WHITE/W/images/image_000024.jpg,917ce8a577a07b23def8178f962105df67f2bc9772f843df833eb435eb388edf,7540,,,true
P03_WHITE_W_000025,P03,WHITE,W,image_000025.jpg,training/P03/WHITE/W/images/image_000025.jpg,b71571833e087b23f27a0ff8d6dadf8df76ed6ba35bb549885958f0b2b4d6efc,7229,,,true
P03_WHITE_Y_000001,P03,WHITE,Y,image_000001.jpg,training/P03/WHITE/Y/images/image_000001.jpg,868513858e17e242fc0fa9c5ad5dd71d94197e8332409c60ff5fc15564ac216c,7017,,,true
P03_WHITE_Y_000002,P03,WHITE,Y,image_000002.jpg,training/P03/WHITE/Y/images/image_000002.jpg,23f8be28e4c93abe3b5650a92fe952f6022b5e7764fce0801446d9bff1d0fe7e,6450,,,true
P03_WHITE_Y_000003,P03,WHITE,Y,image_000003.jpg,training/P03/WHITE/Y/images/image_000003.jpg,8f00d17ad6e775f1f1a2074c68fe2afe329dfda1cc95490dd9703c59bbb789e3,6445,,,true
P03_WHITE_Y_000004,P03,WHITE,Y,image_000004.jpg,training/P03/WHITE/Y/images/image_000004.jpg,01d40b784cdbfeb3466a1429e72f9c536ec81289f52822d778919dd7c0eb2e38,6459,,,true
P03_WHITE_Y_000005,P03,WHITE,Y,image_000005.jpg,training/P03/WHITE/Y/images/image_000005.jpg,3d2d765977fc20a719a0f265ef78efac2cee79790b24bb8051c14b9092c043a8,6497,,,true
P03_WHITE_Y_000006,P03,WHITE,Y,image_000006.jpg,training/P03/WHITE/Y/images/image_000006.jpg,db691199e72c5f0d153400c60a96e84c5879cfaf7064631ee2e2c099cf316149,6476,,,true
P03_WHITE_Y_000007,P03,WHITE,Y,image_000007.jpg,training/P03/WHITE/Y/images/image_000007.jpg,66646c7279bac20e37bb0c4594bda0261bca40766de12e531e66c24c25e8b5d7,6411,,,true
P03_WHITE_Y_000008,P03,WHITE,Y,image_000008.jpg,training/P03/WHITE/Y/images/image_000008.jpg,7cb60b13794637115d3b48d9c4fd3c9f15c1fac6080b3d9b274772582ae41c1a,6431,,,true
P03_WHITE_Y_000009,P03,WHITE,Y,image_000009.jpg,training/P03/WHITE/Y/images/image_000009.jpg,7715ea0c8119b60cce320bf0cb5a5c53d2c354f0cedb2c768de8366407a7a090,6422,,,true
P03_WHITE_Y_000010,P03,WHITE,Y,image_000010.jpg,training/P03/WHITE/Y/images/image_000010.jpg,effffdee9090350d5a05d0805f598db84893fc5058544d30e1f7d6474cfa3cba,6440,,,true
P03_WHITE_Y_000011,P03,WHITE,Y,image_000011.jpg,training/P03/WHITE/Y/images/image_000011.jpg,1630049e2dd8b63002f6d4f424d06985a1bb43d68d24f87ae460ac62dc54459d,6410,,,true
P03_WHITE_Y_000012,P03,WHITE,Y,image_000012.jpg,training/P03/WHITE/Y/images/image_000012.jpg,65f221bf852199d308df14bfafe758598d1d615447f1c5e23e044db0e26dc5a2,6283,,,true
P03_WHITE_Y_000013,P03,WHITE,Y,image_000013.jpg,training/P03/WHITE/Y/images/image_000013.jpg,20b6ce975ee00ab578f75b69138f8808dd74e5f541fd497c341659be2e70120d,6319,,,true
P03_WHITE_Y_000014,P03,WHITE,Y,image_000014.jpg,training/P03/WHITE/Y/images/image_000014.jpg,7054049af9fbea1d302dd7069989d490f7c556f5d60a288fd85ffe56a0ffa00c,6206,,,true
P03_WHITE_Y_000015,P03,WHITE,Y,image_000015.jpg,training/P03/WHITE/Y/images/image_000015.jpg,4d5538bebc9a2b35ace5459b378d33b791c3db750f55ec0ae9515b3d968adf79,6164,,,true
P03_WHITE_Y_000016,P03,WHITE,Y,image_000016.jpg,training/P03/WHITE/Y/images/image_000016.jpg,67e29ff212bfa412e0e5c89ed76c26578946cbc28acf01ae5e9c2ad2133ef4f5,6255,,,true
P03_WHITE_Y_000017,P03,WHITE,Y,image_000017.jpg,training/P03/WHITE/Y/images/image_000017.jpg,2e967686beccd6f67437cb4c5f8cde39b4478a2a655f982aaa213794712364bd,6143,,,true
P03_WHITE_Y_000018,P03,WHITE,Y,image_000018.jpg,training/P03/WHITE/Y/images/image_000018.jpg,e40b44dfb0425dd50ec6dd8b347cd03c9f451e543f91dffa13cfb729144f654a,5956,,,true
P03_WHITE_Y_000019,P03,WHITE,Y,image_000019.jpg,training/P03/WHITE/Y/images/image_000019.jpg,26958c06ed3c7a7a49c0527ed91baf75a90a7252b98c1240522e3670cde75bc2,6124,,,true
P03_WHITE_Y_000020,P03,WHITE,Y,image_000020.jpg,training/P03/WHITE/Y/images/image_000020.jpg,1e136bef88162a6a65c99691fbb02eeac3768bf8280d343dc132872033aa65df,6122,,,true
P03_WHITE_Y_000021,P03,WHITE,Y,image_000021.jpg,training/P03/WHITE/Y/images/image_000021.jpg,ed4bb9125f50b2039a75889dc36bc23a414ffc6019b19e849a915a9c58aff89b,6092,,,true
P03_WHITE_Y_000022,P03,WHITE,Y,image_000022.jpg,training/P03/WHITE/Y/images/image_000022.jpg,b70cd7316ec70aa7abc101688d04e011cf9f0340cd0f21b987446d06b6bc3f30,6133,,,true
P03_WHITE_Y_000023,P03,WHITE,Y,image_000023.jpg,training/P03/WHITE/Y/images/image_000023.jpg,3531e257ee46a347f3acf9801307cbd21e009c69f5f6ee4ae791b897d8b8f1a2,6165,,,true
P03_WHITE_Y_000024,P03,WHITE,Y,image_000024.jpg,training/P03/WHITE/Y/images/image_000024.jpg,3a4996a65f14ae277170d4b18d105434e9988e186da0a42638f715028f1856c8,6877,,,true
P03_WHITE_Y_000025,P03,WHITE,Y,image_000025.jpg,training/P03/WHITE/Y/images/image_000025.jpg,1a8c14079345bf1a6ef37db2e6b803f099eda2aaca2c4a67cdbadfb919f82bbb,6519,,,true
P04_BLACK_A_000001,P04,BLACK,A,image_000001.jpg,training/P04/BLACK/A/images/image_000001.jpg,63ce8baaab971f138c83b5f36bee785745af079cc5489e33c12ac8737e20e3a2,5711,,,true
P04_BLACK_A_000002,P04,BLACK,A,image_000002.jpg,training/P04/BLACK/A/images/image_000002.jpg,56f54d9d337c6b8580d08abbe9aac8db22f0cd7ca75c0555fe581fc3a39c933b,6484,,,true
P04_BLACK_A_000003,P04,BLACK,A,image_000003.jpg,training/P04/BLACK/A/images/image_000003.jpg,8aec04237385352251989a082e3f1b2639083f0a3ceae3e61e9d9120d4a7b5df,5172,,,true
P04_BLACK_A_000004,P04,BLACK,A,image_000004.jpg,training/P04/BLACK/A/images/image_000004.jpg,abb1e20ad0c70460d2a4b7e64f9c80098815472b56135a9a6044a92beb3a6b46,5841,,,true
P04_BLACK_A_000005,P04,BLACK,A,image_000005.jpg,training/P04/BLACK/A/images/image_000005.jpg,36da52bca47e3f55a36583188119e7f04e2d59bf28e6f41131975fb467d02c31,10223,,,true
P04_BLACK_A_000006,P04,BLACK,A,image_000006.jpg,training/P04/BLACK/A/images/image_000006.jpg,e4e49fd283a2292b3462477d9df395de748c1ba5cc28f54a1c0d81c214940ab7,10631,,,true
P04_BLACK_A_000007,P04,BLACK,A,image_000007.jpg,training/P04/BLACK/A/images/image_000007.jpg,61b79009507eebd091dfac0e1b8b9780efa3fbf39c1882339dfdf92304fb2143,10598,,,true
P04_BLACK_A_000008,P04,BLACK,A,image_000008.jpg,training/P04/BLACK/A/images/image_000008.jpg,dd250ceb953b4e16b4c564e1b33b6953b8c57fdfaf4ede03f12b14427cdf2a8e,11432,,,true
P04_BLACK_A_000009,P04,BLACK,A,image_000009.jpg,training/P04/BLACK/A/images/image_000009.jpg,c629c55e3a8bea1665743be6904c558107ea89031d56b111935515904ce4c80a,11432,,,true
P04_BLACK_A_000010,P04,BLACK,A,image_000010.jpg,training/P04/BLACK/A/images/image_000010.jpg,6c910a2cf34823c34c2b7e0482d5c5e8fc7b9eca60b10bf9dcc0ae788c1b88a6,11197,,,true
P04_BLACK_A_000011,P04,BLACK,A,image_000011.jpg,training/P04/BLACK/A/images/image_000011.jpg,dfb9f6438de930d80516a56283a843aca6ed8b8b6b953bbb614d43072fff3dc1,10009,,,true
P04_BLACK_A_000012,P04,BLACK,A,image_000012.jpg,training/P04/BLACK/A/images/image_000012.jpg,66c683f90db7fbf9845300587d8c131282406142f250889715cbacdc1778e3d5,9975,,,true
P04_BLACK_A_000013,P04,BLACK,A,image_000013.jpg,training/P04/BLACK/A/images/image_000013.jpg,925cefc2e4b22ae8cf08065c2bef6d88e5aaaae0426739bd8ce771d9550e4629,10279,,,true
P04_BLACK_A_000014,P04,BLACK,A,image_000014.jpg,training/P04/BLACK/A/images/image_000014.jpg,ab995385a2fcdb63a0be58c7f0d848b063155942570cfb46ef5a848b5120d290,10195,,,true
P04_BLACK_A_000015,P04,BLACK,A,image_000015.jpg,training/P04/BLACK/A/images/image_000015.jpg,40b909d51009b2128e59c1c1f31c175d678bcfac8a483548612b62dbb66449a7,10710,,,true
P04_BLACK_A_000016,P04,BLACK,A,image_000016.jpg,training/P04/BLACK/A/images/image_000016.jpg,e69888f1693d4fa4c10249e19fd38c409999593ca00d0f21b5d1426253f9d6b0,10773,,,true
P04_BLACK_A_000017,P04,BLACK,A,image_000017.jpg,training/P04/BLACK/A/images/image_000017.jpg,b14145324c5ecb28417139c0f9988d9a6563641762ecae646cd05164b9fda84e,11072,,,true
P04_BLACK_A_000018,P04,BLACK,A,image_000018.jpg,training/P04/BLACK/A/images/image_000018.jpg,3ee51b9a12887895db0fdf4b90cc846a564c780cdd22a337db50a61e76bc9979,10333,,,true
P04_BLACK_A_000019,P04,BLACK,A,image_000019.jpg,training/P04/BLACK/A/images/image_000019.jpg,65b3c12e9eab69d5e5abf7d015af4427eb4956a76843fe82ac8000eb224eceb4,10509,,,true
P04_BLACK_A_000020,P04,BLACK,A,image_000020.jpg,training/P04/BLACK/A/images/image_000020.jpg,6eb2ed0da6828a5c60ebb6e5fba7c189985dd9dee0bd388990b2766d063c83b7,10314,,,true
P04_BLACK_A_000021,P04,BLACK,A,image_000021.jpg,training/P04/BLACK/A/images/image_000021.jpg,e02a44d5fb241fc81eaec70c3384d4cd3eb489028ebe903f8e915872fff0907b,10013,,,true
P04_BLACK_A_000022,P04,BLACK,A,image_000022.jpg,training/P04/BLACK/A/images/image_000022.jpg,80e3bdb6b78922807d7f0fc48b2f24784f837b00fd6dc384558b1c6d1ddf1c62,9914,,,true
P04_BLACK_A_000023,P04,BLACK,A,image_000023.jpg,training/P04/BLACK/A/images/image_000023.jpg,8512542f3c31b8dbd292df8f8bf759a941b34a600d2decab479fc23b61cda47c,10297,,,true
P04_BLACK_A_000024,P04,BLACK,A,image_000024.jpg,training/P04/BLACK/A/images/image_000024.jpg,ec5c845afd363363cc9a73cc6abd13494950079f53ce5f9dd3e4e469d1f48571,9992,,,true
P04_BLACK_A_000025,P04,BLACK,A,image_000025.jpg,training/P04/BLACK/A/images/image_000025.jpg,f9a023436f95c39f98e46f6b4d32bda108c38c969b980279ed280ad2801b1943,10654,,,true
P04_BLACK_B_000001,P04,BLACK,B,image_000001.jpg,training/P04/BLACK/B/images/image_000001.jpg,2e4abae77162d22662777c13a0ffa5052b04d1acb0744efb1057d6e5ea0ec1b0,5493,,,true
P04_BLACK_B_000002,P04,BLACK,B,image_000002.jpg,training/P04/BLACK/B/images/image_000002.jpg,cadd3399a3e24d3ebbe011ae6de6da50380594a7b2f185ccfc490fe98285697c,5317,,,true
P04_BLACK_B_000003,P04,BLACK,B,image_000003.jpg,training/P04/BLACK/B/images/image_000003.jpg,01ff30960b4231a9cd1efd15df139b65793b3db95ef5ce6f35283fcde3bddc92,5569,,,true
P04_BLACK_B_000004,P04,BLACK,B,image_000004.jpg,training/P04/BLACK/B/images/image_000004.jpg,7ee212e0eddc589f947d2f5ee308d0dda8142c350c74c99fb045100714083bb4,6536,,,true
P04_BLACK_B_000005,P04,BLACK,B,image_000005.jpg,training/P04/BLACK/B/images/image_000005.jpg,200a1107c446230c0a1321baed33d0ce78a47e9d8fd94d494d285abdb84aa55e,6239,,,true
P04_BLACK_B_000006,P04,BLACK,B,image_000006.jpg,training/P04/BLACK/B/images/image_000006.jpg,984a1870f4aa5d006d9229206a12b8d30b21d5c34d9fc02127fcf1c302bf2bac,11489,,,true
P04_BLACK_B_000007,P04,BLACK,B,image_000007.jpg,training/P04/BLACK/B/images/image_000007.jpg,5f978d630400a78aeed3f27bce87f53d31009ea1d99145ddbf3600979b5b327f,11447,,,true
P04_BLACK_B_000008,P04,BLACK,B,image_000008.jpg,training/P04/BLACK/B/images/image_000008.jpg,c8ee3f284f9b308ca7de781e0648cabadc669ebea0350cb2818710c127e37b89,10894,,,true
P04_BLACK_B_000009,P04,BLACK,B,image_000009.jpg,training/P04/BLACK/B/images/image_000009.jpg,7103e21378cef8abad86e72a72c4130e8980f8c046cd129f80f45f80658297cd,10791,,,true
P04_BLACK_B_000010,P04,BLACK,B,image_000010.jpg,training/P04/BLACK/B/images/image_000010.jpg,76a337c01ee258e6595522d612a6473f9380d75582f943168e73d8c43749eb8a,10694,,,true
P04_BLACK_B_000011,P04,BLACK,B,image_000011.jpg,training/P04/BLACK/B/images/image_000011.jpg,4aa5c627396e2a51cd91331db49867e2ce3f32376c23ba29174b5aef8b3998c8,10763,,,true
P04_BLACK_B_000012,P04,BLACK,B,image_000012.jpg,training/P04/BLACK/B/images/image_000012.jpg,75927b8b29e6a6d733554d0729ad242d1fa4ed684e44a73ed2314b8ff434a712,10975,,,true
P04_BLACK_B_000013,P04,BLACK,B,image_000013.jpg,training/P04/BLACK/B/images/image_000013.jpg,b7d3b589729971f0f68b0599e260114dcc243e528470d34269c71195f377cb25,10781,,,true
P04_BLACK_B_000014,P04,BLACK,B,image_000014.jpg,training/P04/BLACK/B/images/image_000014.jpg,b7ff4d47b29d09f9e4e6862d0c1ecc051795e64092deafe63148323bbbc88c8a,11600,,,true
P04_BLACK_B_000015,P04,BLACK,B,image_000015.jpg,training/P04/BLACK/B/images/image_000015.jpg,5daaa9774fc734cd4a8a92d0f180c5b789af9585b2579f5c5ee6c9a0e2f4af2d,11513,,,true
P04_BLACK_B_000016,P04,BLACK,B,image_000016.jpg,training/P04/BLACK/B/images/image_000016.jpg,3e241b0bdbe251acd4228c662c23cd4fad78509b3967d0e1e8113eb2993e3425,11544,,,true
P04_BLACK_B_000017,P04,BLACK,B,image_000017.jpg,training/P04/BLACK/B/images/image_000017.jpg,bb1ca7eaa8b0f0d54f876f968b8821f2660b148897edb580367607d5cef7dcc2,11345,,,true
P04_BLACK_B_000018,P04,BLACK,B,image_000018.jpg,training/P04/BLACK/B/images/image_000018.jpg,35b9f3dbf881a507e74399ffdf2546edc7cfb2f82a6dbd0ee080bb90920c2f8f,11407,,,true
P04_BLACK_B_000019,P04,BLACK,B,image_000019.jpg,training/P04/BLACK/B/images/image_000019.jpg,36fd967084b901b90880d1a5bf2b7427744e0dbde26cb88ee347568ed4aabc2a,11458,,,true
P04_BLACK_B_000020,P04,BLACK,B,image_000020.jpg,training/P04/BLACK/B/images/image_000020.jpg,0dec7a3a94b5634f3a2d3d06494915396e93bc4413265f3a18aa2b88e4d5518c,11428,,,true
P04_BLACK_B_000021,P04,BLACK,B,image_000021.jpg,training/P04/BLACK/B/images/image_000021.jpg,466ffa338fff96fa53f2693ba8c3bbaf29509c94af95a8e162c5514218f2ba02,11471,,,true
P04_BLACK_B_000022,P04,BLACK,B,image_000022.jpg,training/P04/BLACK/B/images/image_000022.jpg,d3b519f0915ad512f6761f0a878d75b5540b08fcad3174aec70bc79b1c9151aa,11391,,,true
P04_BLACK_B_000023,P04,BLACK,B,image_000023.jpg,training/P04/BLACK/B/images/image_000023.jpg,888aa2763dae1930034ddc39b7fa3026db1eaab9619a762cf5a695454a0cac43,11310,,,true
P04_BLACK_B_000024,P04,BLACK,B,image_000024.jpg,training/P04/BLACK/B/images/image_000024.jpg,1e04a04eff8e1c1f85ec2f6a4264baa8b7f0562cf5c25df82699b48f583308f8,10906,,,true
P04_BLACK_B_000025,P04,BLACK,B,image_000025.jpg,training/P04/BLACK/B/images/image_000025.jpg,8b0c5fab430cda94575929d54af2399b8a1f972d17707137baff08d3ac14648f,11095,,,true
P04_BLACK_C_000001,P04,BLACK,C,image_000001.jpg,training/P04/BLACK/C/images/image_000001.jpg,aca53b06e207781c597b7dfa7fe0ed38da13cd39f76787df59c4eca3a0504396,6347,,,true
P04_BLACK_C_000002,P04,BLACK,C,image_000002.jpg,training/P04/BLACK/C/images/image_000002.jpg,916b105f7c465d51d8556af98afb31ce170da2b6a32f38cd0aefed24290b8c3c,6773,,,true
P04_BLACK_C_000003,P04,BLACK,C,image_000003.jpg,training/P04/BLACK/C/images/image_000003.jpg,913aa465d5742d430c36be43439e00484cb4e067ff566f1d45aa794377a19ff7,6803,,,true
P04_BLACK_C_000004,P04,BLACK,C,image_000004.jpg,training/P04/BLACK/C/images/image_000004.jpg,d1760cff2e62e093a3eb3d645dc1102b85bba3fb8c31aba90575d19a1b8dc1e6,6148,,,true
P04_BLACK_C_000005,P04,BLACK,C,image_000005.jpg,training/P04/BLACK/C/images/image_000005.jpg,c86c509f404a8474a59efb1fc3d656a81ac6067ecba5edf82d2181e4a2af6ccb,5639,,,true
P04_BLACK_C_000006,P04,BLACK,C,image_000006.jpg,training/P04/BLACK/C/images/image_000006.jpg,1a3bf0788377e0cdbc0c54d66d3f80c6ccb48ed4311e3fc238187c989bea9130,11405,,,true
P04_BLACK_C_000007,P04,BLACK,C,image_000007.jpg,training/P04/BLACK/C/images/image_000007.jpg,2cf35c5945416bef27d4370684f5d457e0b3e805146c4a499eec1c90c08e7cc0,11420,,,true
P04_BLACK_C_000008,P04,BLACK,C,image_000008.jpg,training/P04/BLACK/C/images/image_000008.jpg,dd7f399c727acc8a840bc2811389a853a4e45b23276ead6fb55f6bc0b84fa54f,11408,,,true
P04_BLACK_C_000009,P04,BLACK,C,image_000009.jpg,training/P04/BLACK/C/images/image_000009.jpg,3ec4786ec1792201d3ff993d096a548e41f99feac76317f16b1eb2b88005049a,11361,,,true
P04_BLACK_C_000010,P04,BLACK,C,image_000010.jpg,training/P04/BLACK/C/images/image_000010.jpg,f836d80ba15792dd1485409eb443e003d0d6b0472e1e381c0733e5ef44fcdc1c,11579,,,true
P04_BLACK_C_000011,P04,BLACK,C,image_000011.jpg,training/P04/BLACK/C/images/image_000011.jpg,5ce85ac7738b33513d7581fb4da7c9c1562f6e6f0fd44927fcf760564fe69b4c,11266,,,true
P04_BLACK_C_000012,P04,BLACK,C,image_000012.jpg,training/P04/BLACK/C/images/image_000012.jpg,2cca1ce665b8ac3ee235b811bd2de1e6765e5f9e9e60783ab5bae965f3cbab2c,12016,,,true
P04_BLACK_C_000013,P04,BLACK,C,image_000013.jpg,training/P04/BLACK/C/images/image_000013.jpg,d4faa840e2803d76c820c5346e285a1c5a8f52cbdaadd8bead905c07cc2358e2,11921,,,true
P04_BLACK_C_000014,P04,BLACK,C,image_000014.jpg,training/P04/BLACK/C/images/image_000014.jpg,dabde745c8ee58f659878158da298e4ff5c1eb0dfde2ebb678ee1eced23a7f66,12055,,,true
P04_BLACK_C_000015,P04,BLACK,C,image_000015.jpg,training/P04/BLACK/C/images/image_000015.jpg,45cf154d763f172203be95c74df83456413a74c0c10f59a6448b7e7005a1dd5a,10451,,,true
P04_BLACK_C_000016,P04,BLACK,C,image_000016.jpg,training/P04/BLACK/C/images/image_000016.jpg,b361e9691eac234e2ff2dc44c2f9159d19ea6925fb768005e2f68280f95bed20,10595,,,true
P04_BLACK_C_000017,P04,BLACK,C,image_000017.jpg,training/P04/BLACK/C/images/image_000017.jpg,20d2403222731d962dc607b7c95f9f9209e6a73ecc7007e68f7350f3f8738c93,10579,,,true
P04_BLACK_C_000018,P04,BLACK,C,image_000018.jpg,training/P04/BLACK/C/images/image_000018.jpg,269ca39a17b0b560d50123c2b6aac3eef4805dea84e958783961c9ab1f7ac919,10897,,,true
P04_BLACK_C_000019,P04,BLACK,C,image_000019.jpg,training/P04/BLACK/C/images/image_000019.jpg,a1c9a9ebd6f8423b683d62e3944b3c516b1d8c48a6f3b1aca8ae67505a70838f,11029,,,true
P04_BLACK_C_000020,P04,BLACK,C,image_000020.jpg,training/P04/BLACK/C/images/image_000020.jpg,125aa8c1139d8929048b6dc09f504e4fdb83f4ff2f624145adcd3b8bbf0bd938,11156,,,true
P04_BLACK_C_000021,P04,BLACK,C,image_000021.jpg,training/P04/BLACK/C/images/image_000021.jpg,a062f13795c8e1a807aba81a66936aa134179db0221b442df896978bfaa3ae5e,10463,,,true
P04_BLACK_C_000022,P04,BLACK,C,image_000022.jpg,training/P04/BLACK/C/images/image_000022.jpg,512e9457a291b04cdbd6579dc78afdf816283aff6a327a257fcd225f5eefafa4,10682,,,true
P04_BLACK_C_000023,P04,BLACK,C,image_000023.jpg,training/P04/BLACK/C/images/image_000023.jpg,156bddda4446b60da6362c924e13d59550eb64059ed64a4df65c85e8bcd7528b,10707,,,true
P04_BLACK_C_000024,P04,BLACK,C,image_000024.jpg,training/P04/BLACK/C/images/image_000024.jpg,d94e07e7141a1f5c0466efd5b073cf8f6afa1076d21a347dcdf45323e60d4ccc,10656,,,true
P04_BLACK_C_000025,P04,BLACK,C,image_000025.jpg,training/P04/BLACK/C/images/image_000025.jpg,39629c714616336c9cc2941e36dfd1782a2a3033c600f237765e7ada8ce05d47,11347,,,true
P04_BLACK_E_000001,P04,BLACK,E,image_000001.jpg,training/P04/BLACK/E/images/image_000001.jpg,f3722e0cd731bf445a81bf7f3e47219c26cde04cdd12ce49860e9bee7cf16968,5777,,,true
P04_BLACK_E_000002,P04,BLACK,E,image_000002.jpg,training/P04/BLACK/E/images/image_000002.jpg,4545e530235fb9e8f72c2e6907db210ae5f1e0e065af072e102977adefb7f203,5856,,,true
P04_BLACK_E_000003,P04,BLACK,E,image_000003.jpg,training/P04/BLACK/E/images/image_000003.jpg,9f684105333387c6cbd8dc9891dec0d580b27661b92e0b783fcec7b5835ffd3c,5908,,,true
P04_BLACK_E_000004,P04,BLACK,E,image_000004.jpg,training/P04/BLACK/E/images/image_000004.jpg,c7417e27c11fe74aa0f7c46900eea7052e82259943424588e6a8196aae3cb7d1,5597,,,true
P04_BLACK_E_000005,P04,BLACK,E,image_000005.jpg,training/P04/BLACK/E/images/image_000005.jpg,7339e43a468538fbe620d1d3761ce8f64ec3c9aa7d2d922b2bd617001d5c031d,6141,,,true
P04_BLACK_E_000006,P04,BLACK,E,image_000006.jpg,training/P04/BLACK/E/images/image_000006.jpg,25d3c050f3fded6bb904a936d17146a7e3058f93c04eb5c39ecdfc0ff89a099d,6143,,,true
P04_BLACK_E_000007,P04,BLACK,E,image_000007.jpg,training/P04/BLACK/E/images/image_000007.jpg,21dcbf65a820b047c2301197e8a2d647d24a0b4bada75d088481a04acd5c513e,6125,,,true
P04_BLACK_E_000008,P04,BLACK,E,image_000008.jpg,training/P04/BLACK/E/images/image_000008.jpg,d7f5810e71ea5b216adb4ae5d840334d46b1e14233c8b6eb5e5f30eee976d26e,6267,,,true
P04_BLACK_E_000009,P04,BLACK,E,image_000009.jpg,training/P04/BLACK/E/images/image_000009.jpg,47a53fcd4f799941ba5d9ae8a67d34dad4f11be128823d66640c8320e069f750,10136,,,true
P04_BLACK_E_000010,P04,BLACK,E,image_000010.jpg,training/P04/BLACK/E/images/image_000010.jpg,a30eea74fd7aa75d982d571aea838e658fe4b3dfeb53a83f369c148d6a6b3a79,10607,,,true
P04_BLACK_E_000011,P04,BLACK,E,image_000011.jpg,training/P04/BLACK/E/images/image_000011.jpg,c69bb55df217299c25ea86ff9cb8a3acae941bb8f15ea8bad141d512993375f3,10415,,,true
P04_BLACK_E_000012,P04,BLACK,E,image_000012.jpg,training/P04/BLACK/E/images/image_000012.jpg,4213a8fe2ac9795f13354a7c273cad0f39a4c866aa0afbd855aea18ba8737a70,10286,,,true
P04_BLACK_E_000013,P04,BLACK,E,image_000013.jpg,training/P04/BLACK/E/images/image_000013.jpg,b894219a725ef53a57be56d1610379fa0d812964a71e48c360a1f4c553606009,9763,,,true
P04_BLACK_E_000014,P04,BLACK,E,image_000014.jpg,training/P04/BLACK/E/images/image_000014.jpg,07ce98639f287f6a185882fe70e13ce27737c0e4a67bd0227d24c194f18aeeea,10334,,,true
P04_BLACK_E_000015,P04,BLACK,E,image_000015.jpg,training/P04/BLACK/E/images/image_000015.jpg,e520b147f34bd7ebfb92ca22c0a12f9ff30451457caa207947834bc84056b8f7,10498,,,true
P04_BLACK_E_000016,P04,BLACK,E,image_000016.jpg,training/P04/BLACK/E/images/image_000016.jpg,321caac548725b81dad01444b8f4bdcd8b934f2751085484961c32b3e2dd03c9,10712,,,true
P04_BLACK_E_000017,P04,BLACK,E,image_000017.jpg,training/P04/BLACK/E/images/image_000017.jpg,d8130a036ee7544f8c0ce654f1b96667b3f2b1c906fe49b0c02d1948264791c5,10685,,,true
P04_BLACK_E_000018,P04,BLACK,E,image_000018.jpg,training/P04/BLACK/E/images/image_000018.jpg,f3286787f2957c18759713b5d237ecb01b85a6f20cba3eabbf3c61165da562f0,10957,,,true
P04_BLACK_E_000019,P04,BLACK,E,image_000019.jpg,training/P04/BLACK/E/images/image_000019.jpg,182237d6c12236cdb7eb1a2c78bd02113698d80f6bb0245ad0c038eb1276773f,10665,,,true
P04_BLACK_E_000020,P04,BLACK,E,image_000020.jpg,training/P04/BLACK/E/images/image_000020.jpg,6581bb47427eb60e9130fb2c964b5a65b68e9ab083a54857a7c4b280ecad8320,10528,,,true
P04_BLACK_E_000021,P04,BLACK,E,image_000021.jpg,training/P04/BLACK/E/images/image_000021.jpg,b28caf438bf7ac5ec2f16bfd996ace7d82dbdd10c8a7c1f1991ecb275d64a621,10714,,,true
P04_BLACK_E_000022,P04,BLACK,E,image_000022.jpg,training/P04/BLACK/E/images/image_000022.jpg,2b2b072d83c4e0f27a8c3cb2ca2287ec6f1add37089fbb919d989e2ef939060c,10826,,,true
P04_BLACK_E_000023,P04,BLACK,E,image_000023.jpg,training/P04/BLACK/E/images/image_000023.jpg,0622f2839282aff33e8da4254046bed01d410ea1ce04b26a9183450765fdbd67,10802,,,true
P04_BLACK_E_000024,P04,BLACK,E,image_000024.jpg,training/P04/BLACK/E/images/image_000024.jpg,e496354a361766ef0b4cf4d5c357de7117272432a5c4c15bac03ea8d8d380244,10626,,,true
P04_BLACK_E_000025,P04,BLACK,E,image_000025.jpg,training/P04/BLACK/E/images/image_000025.jpg,ffdb1a12da93cb0c3a12dcc850fb4832102663417a95152d17b9adff3f3e8a97,10726,,,true
P04_BLACK_I_000001,P04,BLACK,I,image_000001.jpg,training/P04/BLACK/I/images/image_000001.jpg,b4a095277cb4d50de504a41361841676c87e874db44e613937adb94d956330a3,6464,,,true
P04_BLACK_I_000002,P04,BLACK,I,image_000002.jpg,training/P04/BLACK/I/images/image_000002.jpg,6a3cca5a65c335a0ae6ed975b82d2959a101baf32a0f67a3f7792343269a8f23,5863,,,true
P04_BLACK_I_000003,P04,BLACK,I,image_000003.jpg,training/P04/BLACK/I/images/image_000003.jpg,822343a966b72bfd2d8267a1b67171e116c7a570c8be674a1e7cbeaa40acd237,6538,,,true
P04_BLACK_I_000004,P04,BLACK,I,image_000004.jpg,training/P04/BLACK/I/images/image_000004.jpg,7f690bbb57e467d29a70caef067627deae7337bd27446c0f661156dfdd2aa305,5529,,,true
P04_BLACK_I_000005,P04,BLACK,I,image_000005.jpg,training/P04/BLACK/I/images/image_000005.jpg,8c9508a4ed179f671c8a46de7b6d1cef8c802e373e81fef6befa469639ff408f,10016,,,true
P04_BLACK_I_000006,P04,BLACK,I,image_000006.jpg,training/P04/BLACK/I/images/image_000006.jpg,76fe3acd1a36a898a03dc8c786b9bfe009d6d7b1293c716b145bd1c139e60f70,10925,,,true
P04_BLACK_I_000007,P04,BLACK,I,image_000007.jpg,training/P04/BLACK/I/images/image_000007.jpg,e48a7f9f695864215bf2857168f3c4c4d01e9aa8f07826a7d97b6a098ef8e9df,10784,,,true
P04_BLACK_I_000008,P04,BLACK,I,image_000008.jpg,training/P04/BLACK/I/images/image_000008.jpg,d54d1b4db8ff9c30cdaf56b7127310f9a52d9ed193c35269cc4da835404edf29,10775,,,true
P04_BLACK_I_000009,P04,BLACK,I,image_000009.jpg,training/P04/BLACK/I/images/image_000009.jpg,febb3ac4041125a99342da3255fa87f1e7e2371cdb301daab6035273abe8d93d,10805,,,true
P04_BLACK_I_000010,P04,BLACK,I,image_000010.jpg,training/P04/BLACK/I/images/image_000010.jpg,3e8f0009c771893d24eaaa1d180c87ed746d1bc4c3f307f9a9bc586879dacf7a,10856,,,true
P04_BLACK_I_000011,P04,BLACK,I,image_000011.jpg,training/P04/BLACK/I/images/image_000011.jpg,e6041e3a778c2e0bd7c7c1c63cbbc433071b6bfdf0d6258a0f19e8653a0cc99a,10798,,,true
P04_BLACK_I_000012,P04,BLACK,I,image_000012.jpg,training/P04/BLACK/I/images/image_000012.jpg,1c61a308d225eb58dcd182bc79cb242c8605550f4c4074ce3d0c002f2c93ad35,11014,,,true
P04_BLACK_I_000013,P04,BLACK,I,image_000013.jpg,training/P04/BLACK/I/images/image_000013.jpg,f7288bf4612e62bb7d200cd22684e479c53b637fc0f1df1cb3fd8bd47391f40c,10684,,,true
P04_BLACK_I_000014,P04,BLACK,I,image_000014.jpg,training/P04/BLACK/I/images/image_000014.jpg,9bcf194d7b395764636619f78476b13d2022f7421ed84437b5c8a059965dbd1e,10290,,,true
P04_BLACK_I_000015,P04,BLACK,I,image_000015.jpg,training/P04/BLACK/I/images/image_000015.jpg,429f47f2af96a73c390d999d3e1cb912d6df066b8f88a92089144ee971a2601c,10139,,,true
P04_BLACK_I_000016,P04,BLACK,I,image_000016.jpg,training/P04/BLACK/I/images/image_000016.jpg,25df21766d79cf6f4a852f4f103fac38f0046209a05e96db3ca01da36487bf6f,11910,,,true
P04_BLACK_I_000017,P04,BLACK,I,image_000017.jpg,training/P04/BLACK/I/images/image_000017.jpg,e4039d924e9a2723371dd9fcf74eaf6460c7cc5b99886b33013bad9ae07add34,11424,,,true
P04_BLACK_I_000018,P04,BLACK,I,image_000018.jpg,training/P04/BLACK/I/images/image_000018.jpg,8e26a692708539b54c2a0a452d186aaa8e1be758ab4ec11a2e7f5e9b2d2e211f,11042,,,true
P04_BLACK_I_000019,P04,BLACK,I,image_000019.jpg,training/P04/BLACK/I/images/image_000019.jpg,a75d26c0face8eeb845ce65a4c2483f8392972cce95597267eaf32d7b824fffd,10806,,,true
P04_BLACK_I_000020,P04,BLACK,I,image_000020.jpg,training/P04/BLACK/I/images/image_000020.jpg,67a1b38fdf319c8befd15424f16ba18a2e6f1e89520056d27e5ebb6c6f15d99c,11094,,,true
P04_BLACK_I_000021,P04,BLACK,I,image_000021.jpg,training/P04/BLACK/I/images/image_000021.jpg,73efa6bb67cda2e233b5ec69d4ec8bae62a3be6921360c85acd38164239de0a0,11250,,,true
P04_BLACK_I_000022,P04,BLACK,I,image_000022.jpg,training/P04/BLACK/I/images/image_000022.jpg,ee4ae217bbf089402774aa6cd649254c60805fa38266b1c1e25639233754e689,10037,,,true
P04_BLACK_I_000023,P04,BLACK,I,image_000023.jpg,training/P04/BLACK/I/images/image_000023.jpg,fb5e01baa0c31fa2db515f652b8df16572157da2daed1c8009cd9aa33f3b34d6,10022,,,true
P04_BLACK_I_000024,P04,BLACK,I,image_000024.jpg,training/P04/BLACK/I/images/image_000024.jpg,d0d32f59c94000aa678ea5e46074319c99376e22aac14a42b56153eaee11ef6b,10255,,,true
P04_BLACK_I_000025,P04,BLACK,I,image_000025.jpg,training/P04/BLACK/I/images/image_000025.jpg,d26769a1f841d59810d67148a1dfcc138fc5941d34a7bf2511f8c38e5c9992ec,10312,,,true
P04_BLACK_L_000001,P04,BLACK,L,image_000001.jpg,training/P04/BLACK/L/images/image_000001.jpg,7498c02c0b0c37517a5036e04e530090fc58debd81347b671aa1d5f6e189ec51,10916,,,true
P04_BLACK_L_000002,P04,BLACK,L,image_000002.jpg,training/P04/BLACK/L/images/image_000002.jpg,019119ed1ab1133a73451134ff014012cb58ba6e7c957ed841e642c853a8025a,10924,,,true
P04_BLACK_L_000003,P04,BLACK,L,image_000003.jpg,training/P04/BLACK/L/images/image_000003.jpg,19aa63ac581d6060cd0b5f68f6dea6d2553c1313c8fb7511182555e2cfe51254,10861,,,true
P04_BLACK_L_000004,P04,BLACK,L,image_000004.jpg,training/P04/BLACK/L/images/image_000004.jpg,b67f7eba24e45b5b9d679e89d63ab77d96bd1a15bcf2e6685494e4585cb6669d,10851,,,true
P04_BLACK_L_000005,P04,BLACK,L,image_000005.jpg,training/P04/BLACK/L/images/image_000005.jpg,61565ca8609d5f3376562bf2dbaa21039ebc433585cd232dc988feff4f9c68d0,10797,,,true
P04_BLACK_L_000006,P04,BLACK,L,image_000006.jpg,training/P04/BLACK/L/images/image_000006.jpg,1ca9c44dfda3c2336c2bb759daf85e34723dfc3ea2b8f11c10b198211e4a2dc9,10898,,,true
P04_BLACK_L_000007,P04,BLACK,L,image_000007.jpg,training/P04/BLACK/L/images/image_000007.jpg,f96a0eaedac3a52b1317f2090bc8ad67b503bea9f8f77c13d74b593acabdbd77,10845,,,true
P04_BLACK_L_000008,P04,BLACK,L,image_000008.jpg,training/P04/BLACK/L/images/image_000008.jpg,35c9fc58cac6108c0e3ada3d059e0a546d1c0d7095294f03cf90fbc82235b043,10564,,,true
P04_BLACK_L_000009,P04,BLACK,L,image_000009.jpg,training/P04/BLACK/L/images/image_000009.jpg,c8b46eacb2453ccfa07e389968fbee12dd9b227b31e92fd94af20f8114a8630e,10589,,,true
P04_BLACK_L_000010,P04,BLACK,L,image_000010.jpg,training/P04/BLACK/L/images/image_000010.jpg,f5fd7ff020911977b523fb761b456fe5f53e2d5ea2211cac60a2b9d45b3b25f5,10213,,,true
P04_BLACK_L_000011,P04,BLACK,L,image_000011.jpg,training/P04/BLACK/L/images/image_000011.jpg,b5d871dc9cd1671c4b64a13bc2a14d048775dd21d32e5cb82cfe99c00b448ff9,10396,,,true
P04_BLACK_L_000012,P04,BLACK,L,image_000012.jpg,training/P04/BLACK/L/images/image_000012.jpg,aaa0d91036125aa7fabda7c84775d3e66e4236ea6122a09b836a4833140eb9b6,10122,,,true
P04_BLACK_L_000013,P04,BLACK,L,image_000013.jpg,training/P04/BLACK/L/images/image_000013.jpg,9c9291cfb5c48c9931516f69cf9faa5d735d2f8732e6962121c20e16638e354a,10827,,,true
P04_BLACK_L_000014,P04,BLACK,L,image_000014.jpg,training/P04/BLACK/L/images/image_000014.jpg,0f9da9448f973ee6feb1873e41262ff811f34ca1e28185aaf09db6504dc7ceb9,10534,,,true
P04_BLACK_L_000015,P04,BLACK,L,image_000015.jpg,training/P04/BLACK/L/images/image_000015.jpg,574e75bf2d40e3d9dbbd827cdb871b7d16395165fe555b17af2e1ff535b135f2,10351,,,true
P04_BLACK_L_000016,P04,BLACK,L,image_000016.jpg,training/P04/BLACK/L/images/image_000016.jpg,f312eecba1bdb0e734e67676de94cdd57afb1828ec7a166c782cc5e68df30019,10908,,,true
P04_BLACK_L_000017,P04,BLACK,L,image_000017.jpg,training/P04/BLACK/L/images/image_000017.jpg,9331df856b8818f596e463a6ba0c674dddf07922605161c0b0db920d820a273b,10840,,,true
P04_BLACK_L_000018,P04,BLACK,L,image_000018.jpg,training/P04/BLACK/L/images/image_000018.jpg,cfa903811a8e291ca5766e4af16d6d7a5327eb018a7c6f6b8ca054ac3892671c,10784,,,true
P04_BLACK_L_000019,P04,BLACK,L,image_000019.jpg,training/P04/BLACK/L/images/image_000019.jpg,8151a907f04e3b56b74883d6589d84b33a443a9e921b56f5c26f050da08ef120,10579,,,true
P04_BLACK_L_000020,P04,BLACK,L,image_000020.jpg,training/P04/BLACK/L/images/image_000020.jpg,a21cbac48e7f6ff1a0489dcd8822b20c177d23e9a387355b8db57b5ba6c91ab5,10692,,,true
P04_BLACK_L_000021,P04,BLACK,L,image_000021.jpg,training/P04/BLACK/L/images/image_000021.jpg,6d33ec2a3a8d43573f3263605aadb417c44ace9566116d7cf185e0728a2ac394,10787,,,true
P04_BLACK_L_000022,P04,BLACK,L,image_000022.jpg,training/P04/BLACK/L/images/image_000022.jpg,080c51ee4551e81a5cf619ba6f9c1fef6f969969dc296d5690d8cf3fe39467d2,10294,,,true
P04_BLACK_L_000023,P04,BLACK,L,image_000023.jpg,training/P04/BLACK/L/images/image_000023.jpg,a315ce8ef47574be4323e83d90da555abead5b01e6e31d614cf168a4b817a4f2,10373,,,true
P04_BLACK_L_000024,P04,BLACK,L,image_000024.jpg,training/P04/BLACK/L/images/image_000024.jpg,238842b34ecb410e9c397ebd1e0e73a82391d1a7a2ce005ac056507b51a58e49,10614,,,true
P04_BLACK_L_000025,P04,BLACK,L,image_000025.jpg,training/P04/BLACK/L/images/image_000025.jpg,5fab9b66946e55f19f84a2a567afaee8510c8aaa5a98982d5d17218d5a306b33,10456,,,true
P04_BLACK_M_000001,P04,BLACK,M,image_000001.jpg,training/P04/BLACK/M/images/image_000001.jpg,dfe76b8da43ee82d44fcdce8dcf96b9af2026d303bcb00828ea99c2c50343db4,5862,,,true
P04_BLACK_M_000002,P04,BLACK,M,image_000002.jpg,training/P04/BLACK/M/images/image_000002.jpg,9e4f4c293087fcd7604536fb28aca6db0872a2248d449733332d24255877a4e5,6080,,,true
P04_BLACK_M_000003,P04,BLACK,M,image_000003.jpg,training/P04/BLACK/M/images/image_000003.jpg,5be028d98451b79f0716ee79a26bc8a9787fd7f27b599c9778e685f9be23cd20,5979,,,true
P04_BLACK_M_000004,P04,BLACK,M,image_000004.jpg,training/P04/BLACK/M/images/image_000004.jpg,b44fa68b7130eabe4b285e77feeb131676211958088f52a967c38ec3234f8a1c,7166,,,true
P04_BLACK_M_000005,P04,BLACK,M,image_000005.jpg,training/P04/BLACK/M/images/image_000005.jpg,adb156b429bdd36401d5c93e2f31608ab8e7ce163c2acf95593a49e3b926c04d,6251,,,true
P04_BLACK_M_000006,P04,BLACK,M,image_000006.jpg,training/P04/BLACK/M/images/image_000006.jpg,4b7091e8af27cab1194b99b799f28c1c3967515caa98c0eedec3b88f14e05c90,10466,,,true
P04_BLACK_M_000007,P04,BLACK,M,image_000007.jpg,training/P04/BLACK/M/images/image_000007.jpg,befd91034f8a129544577fe99495a18e6227a71243f94ef280da0d9374588468,10154,,,true
P04_BLACK_M_000008,P04,BLACK,M,image_000008.jpg,training/P04/BLACK/M/images/image_000008.jpg,e36cb686acee7072cf583c3914f46454ad85b596a15ff792baf221ef917e1dc4,10336,,,true
P04_BLACK_M_000009,P04,BLACK,M,image_000009.jpg,training/P04/BLACK/M/images/image_000009.jpg,3644fa50ac77f29240809ca0bee2a1614fd2bcf537743f082cf431b4da230706,10397,,,true
P04_BLACK_M_000010,P04,BLACK,M,image_000010.jpg,training/P04/BLACK/M/images/image_000010.jpg,2bc40fb7fd229ccec370b3eaa1a581aa388db540495ac40f89ed5113c7933d5f,10346,,,true
P04_BLACK_M_000011,P04,BLACK,M,image_000011.jpg,training/P04/BLACK/M/images/image_000011.jpg,6eb3b2d6a6bf5dfdb2a1d4a16c33d07aedef8bd1f72475ae3d975237ce2f856e,9990,,,true
P04_BLACK_M_000012,P04,BLACK,M,image_000012.jpg,training/P04/BLACK/M/images/image_000012.jpg,9c3bc47266e4d45fb4a168771b355a53f20906803a583529887e34b67d871820,11286,,,true
P04_BLACK_M_000013,P04,BLACK,M,image_000013.jpg,training/P04/BLACK/M/images/image_000013.jpg,11ba730c6431d304037cde72f1a87c16b9aab72fe854023f25c7b81ab90e7126,11240,,,true
P04_BLACK_M_000014,P04,BLACK,M,image_000014.jpg,training/P04/BLACK/M/images/image_000014.jpg,98f4f1cb9b0929079e7473c207619c8297d79d662a48d911575efd0bc6d0482a,11394,,,true
P04_BLACK_M_000015,P04,BLACK,M,image_000015.jpg,training/P04/BLACK/M/images/image_000015.jpg,ee46d4e82bf0ab2da2543ee10c2bd0ab8732d9634ee4c08210e8cd8d2ddf879a,11174,,,true
P04_BLACK_M_000016,P04,BLACK,M,image_000016.jpg,training/P04/BLACK/M/images/image_000016.jpg,9fefa044e2dbfd4d9974c704d59a3aea12a5810d51bbb4fa15c4939f0217112b,9916,,,true
P04_BLACK_M_000017,P04,BLACK,M,image_000017.jpg,training/P04/BLACK/M/images/image_000017.jpg,870ce7d5df160d89ec9b46ff665cafa9fd194a7b02ef6969646a2c686414c095,9992,,,true
P04_BLACK_M_000018,P04,BLACK,M,image_000018.jpg,training/P04/BLACK/M/images/image_000018.jpg,cad9cfbb05ab0add04908a8664b3b6fa9e9e7b5c45acb8153b97c4bae518e65e,10398,,,true
P04_BLACK_M_000019,P04,BLACK,M,image_000019.jpg,training/P04/BLACK/M/images/image_000019.jpg,fcdd79b3c09bb1844d25d66c3c6fd906c17b5ab4f195d939957266e2547807f3,10498,,,true
P04_BLACK_M_000020,P04,BLACK,M,image_000020.jpg,training/P04/BLACK/M/images/image_000020.jpg,53adf07b8ba1852f525d75bef75d8e396d13091b8f174500e85ceb5829ea6e5f,10550,,,true
P04_BLACK_M_000021,P04,BLACK,M,image_000021.jpg,training/P04/BLACK/M/images/image_000021.jpg,d819f4062c27011cfd1ff21d45fd4945bdb396cce9dfb664c7c77fb0a2d58ced,10537,,,true
P04_BLACK_M_000022,P04,BLACK,M,image_000022.jpg,training/P04/BLACK/M/images/image_000022.jpg,2fddfe7bcdbbef2cb1b065f7fdf3fd6975c1d6d259564c060f36428d8dcb4daa,10200,,,true
P04_BLACK_M_000023,P04,BLACK,M,image_000023.jpg,training/P04/BLACK/M/images/image_000023.jpg,7dbbb5d72edd7a68c82d143970d230437c73c22ddbbc34396dd64ad6b34357a5,10288,,,true
P04_BLACK_M_000024,P04,BLACK,M,image_000024.jpg,training/P04/BLACK/M/images/image_000024.jpg,cb08147c5f9482deb44119f7b5517eb56d5d0d2af65006a653525eeb622eb030,10613,,,true
P04_BLACK_M_000025,P04,BLACK,M,image_000025.jpg,training/P04/BLACK/M/images/image_000025.jpg,2a74a71288883515972f0902cb73aa961d5a8497d582c27841b2c57e0d1a2f1e,11296,,,true
P04_BLACK_N_000001,P04,BLACK,N,image_000001.jpg,training/P04/BLACK/N/images/image_000001.jpg,db4f0a758f6b719dbb92eebdb3b7ac0e3ef045f9f517c3d3e058e1ef88e1c3b4,6456,,,true
P04_BLACK_N_000002,P04,BLACK,N,image_000002.jpg,training/P04/BLACK/N/images/image_000002.jpg,a8a676f62237cc6ea7ee26faedeb3a79904bfa3d412f39c5cda410a30ef62c36,10016,,,true
P04_BLACK_N_000003,P04,BLACK,N,image_000003.jpg,training/P04/BLACK/N/images/image_000003.jpg,ab4d52a1241c831378365f2c3c214561182cfa7ceefdfdc34b794e1f0b4d2ff5,9836,,,true
P04_BLACK_N_000004,P04,BLACK,N,image_000004.jpg,training/P04/BLACK/N/images/image_000004.jpg,e6eedac9f8acb041f29f85a0e259121ba189a0fc94a31a08c4f0535d2e0fcb80,9929,,,true
P04_BLACK_N_000005,P04,BLACK,N,image_000005.jpg,training/P04/BLACK/N/images/image_000005.jpg,9c7ae153b15865bcf4899ca5815b3be28f8b66cc9094662c83af278f8d001242,10973,,,true
P04_BLACK_N_000006,P04,BLACK,N,image_000006.jpg,training/P04/BLACK/N/images/image_000006.jpg,d3e17a50cb4af260faf5f913b4f44680bf2bdb8d1d939bd02645a85e1407f357,11083,,,true
P04_BLACK_N_000007,P04,BLACK,N,image_000007.jpg,training/P04/BLACK/N/images/image_000007.jpg,cb4b28398d1cc830190f90977d4ed076612acb2c1eaab7586bcb0871c5789df5,10974,,,true
P04_BLACK_N_000008,P04,BLACK,N,image_000008.jpg,training/P04/BLACK/N/images/image_000008.jpg,ba577db715849092811d2780246819688da7e118dbdff4474fbff0c46d10b11e,10874,,,true
P04_BLACK_N_000009,P04,BLACK,N,image_000009.jpg,training/P04/BLACK/N/images/image_000009.jpg,105fcf19712ae72dc5cd1f6007b009258a3dccb78a44be0d289214943ee068d8,10631,,,true
P04_BLACK_N_000010,P04,BLACK,N,image_000010.jpg,training/P04/BLACK/N/images/image_000010.jpg,66570f263b65745741c21803085acf5ff2414b3951c1411e56a49a2541d8c01e,10684,,,true
P04_BLACK_N_000011,P04,BLACK,N,image_000011.jpg,training/P04/BLACK/N/images/image_000011.jpg,c6e2293982ec070252bce50b753d1e49e3ea6f5a78ba7cb33ca03f29cedfeefb,10964,,,true
P04_BLACK_N_000012,P04,BLACK,N,image_000012.jpg,training/P04/BLACK/N/images/image_000012.jpg,b4a13a9208c1aefa2d61bf416beeb5a953b0ef3b8e180c88174c27334bd5077c,10560,,,true
P04_BLACK_N_000013,P04,BLACK,N,image_000013.jpg,training/P04/BLACK/N/images/image_000013.jpg,ab179ad53cd9572b29a4f23c2ff5520e0585bfd5bfcaa5d77d180a961c81695e,10658,,,true
P04_BLACK_N_000014,P04,BLACK,N,image_000014.jpg,training/P04/BLACK/N/images/image_000014.jpg,dbf580c84d9de4936fcfcbac8150e208c93bafd5ec3577770e01d45a489b5927,10805,,,true
P04_BLACK_N_000015,P04,BLACK,N,image_000015.jpg,training/P04/BLACK/N/images/image_000015.jpg,9178a70bf7a3575cf19a0efb19160ef41fa542b8b6df597994f41f9b7e839d88,11527,,,true
P04_BLACK_N_000016,P04,BLACK,N,image_000016.jpg,training/P04/BLACK/N/images/image_000016.jpg,06c1bd5a08453a4e1b70b49c1ac703b3ef9f99e66d6f3b244e0e9f9e041a14ca,9811,,,true
P04_BLACK_N_000017,P04,BLACK,N,image_000017.jpg,training/P04/BLACK/N/images/image_000017.jpg,ac3c5c2a17ab341e716fb119f28a0d68969b41dc77eaa6978a63867a00cd289e,9617,,,true
P04_BLACK_N_000018,P04,BLACK,N,image_000018.jpg,training/P04/BLACK/N/images/image_000018.jpg,5839116a90ebfd8dbdfe023e787eb742bbd4429b73eed6565e8cb410bdf33724,10189,,,true
P04_BLACK_N_000019,P04,BLACK,N,image_000019.jpg,training/P04/BLACK/N/images/image_000019.jpg,5c1c369bb290b1cb2ae06f800e6ef449f0618df893ea5eab9c2fb6712d62c390,9980,,,true
P04_BLACK_N_000020,P04,BLACK,N,image_000020.jpg,training/P04/BLACK/N/images/image_000020.jpg,98a440b2b5b49a9f65e1141e4055ca3491c13a35557f2952eaaa4a630b648966,10203,,,true
P04_BLACK_N_000021,P04,BLACK,N,image_000021.jpg,training/P04/BLACK/N/images/image_000021.jpg,108937edef9659774e3fb584ccdb5d726143ee67ee676cfd57ac6e4d0c45ff11,10470,,,true
P04_BLACK_N_000022,P04,BLACK,N,image_000022.jpg,training/P04/BLACK/N/images/image_000022.jpg,d70467a68faadfbb92e6cd0cc9f147334c32b685abc9153c28600e43e60bfaf6,10494,,,true
P04_BLACK_N_000023,P04,BLACK,N,image_000023.jpg,training/P04/BLACK/N/images/image_000023.jpg,6c94260a3a269d962cd3fcac543ffdde4dc30540f98c1bbf18391baf0f1a2b7c,10485,,,true
P04_BLACK_N_000024,P04,BLACK,N,image_000024.jpg,training/P04/BLACK/N/images/image_000024.jpg,55023d4d7c9796f4a0b0793fc165361c5adc9ee1150f97a4b24c23db4ef04ff1,10621,,,true
P04_BLACK_N_000025,P04,BLACK,N,image_000025.jpg,training/P04/BLACK/N/images/image_000025.jpg,b4b856471db2669ba0e2b8cde725e0428eb1eed8ba5844ee0c3876f0b6607186,10892,,,true
P04_BLACK_O_000001,P04,BLACK,O,image_000001.jpg,training/P04/BLACK/O/images/image_000001.jpg,1e188cb7237cbe1d99af61a895e2b2f8618b9360b1a265e036f9e7c7b67400ca,6594,,,true
P04_BLACK_O_000002,P04,BLACK,O,image_000002.jpg,training/P04/BLACK/O/images/image_000002.jpg,f16518d0950964d7573a0172060e375a1fba7316e4bf3e628034bb908e36a7ae,6767,,,true
P04_BLACK_O_000003,P04,BLACK,O,image_000003.jpg,training/P04/BLACK/O/images/image_000003.jpg,56d07d4542c248e9e8b987cd9eacd92586bc75a76fdee5f7897969acd164278a,11719,,,true
P04_BLACK_O_000004,P04,BLACK,O,image_000004.jpg,training/P04/BLACK/O/images/image_000004.jpg,dae44e72cf91f13a07ae0f367edbe27f604c3418e2810f4ef0346eea6ac2d277,11635,,,true
P04_BLACK_O_000005,P04,BLACK,O,image_000005.jpg,training/P04/BLACK/O/images/image_000005.jpg,3691156ec7abdc33d6723821ef2219a9a2104074bc4bde13fa870a2637e2bbba,11878,,,true
P04_BLACK_O_000006,P04,BLACK,O,image_000006.jpg,training/P04/BLACK/O/images/image_000006.jpg,e1e1f3b5f3a3f03394ca1b3eecc3cb5c224f4cfd20c324f05aba67edd927ce27,11797,,,true
P04_BLACK_O_000007,P04,BLACK,O,image_000007.jpg,training/P04/BLACK/O/images/image_000007.jpg,55139b3aef4dd6e33e7a04bcc84224924a58bcaa363072be39aa0a6f0fbed405,10653,,,true
P04_BLACK_O_000008,P04,BLACK,O,image_000008.jpg,training/P04/BLACK/O/images/image_000008.jpg,3d588bfcd2fe4675add54ecda1991974e727f98be829f4ecfb56d4f9f97a4d7b,10738,,,true
P04_BLACK_O_000009,P04,BLACK,O,image_000009.jpg,training/P04/BLACK/O/images/image_000009.jpg,df4d4717f437307e8fa7e533e7036532039f83d789dc006b868058108646a0bb,10756,,,true
P04_BLACK_O_000010,P04,BLACK,O,image_000010.jpg,training/P04/BLACK/O/images/image_000010.jpg,2dff2327ae9ade084f679becc7316751a16db374839a27193bde74700e002c2d,10620,,,true
P04_BLACK_O_000011,P04,BLACK,O,image_000011.jpg,training/P04/BLACK/O/images/image_000011.jpg,6aa1722e7199a050070472889d684613d297c10fcf2df3670513a16376bbe3bd,10650,,,true
P04_BLACK_O_000012,P04,BLACK,O,image_000012.jpg,training/P04/BLACK/O/images/image_000012.jpg,8600caf8d9dc96e0a219de465eed80b6f3dbc4321cb8e44c1a5f6054ea159a59,10917,,,true
P04_BLACK_O_000013,P04,BLACK,O,image_000013.jpg,training/P04/BLACK/O/images/image_000013.jpg,3dcbb5c9b106a77453a89c29c853b9626fde42eab699656fbe222274416a10a2,11267,,,true
P04_BLACK_O_000014,P04,BLACK,O,image_000014.jpg,training/P04/BLACK/O/images/image_000014.jpg,5c6c416349ed12f77876b3ae347a098f7a6c144933eb01ae543fe253c5ca8711,10968,,,true
P04_BLACK_O_000015,P04,BLACK,O,image_000015.jpg,training/P04/BLACK/O/images/image_000015.jpg,21b4426f32f58887db438cf6b6c7a9361b7f3d3d6ca3c95379b0c4d2a4df22ff,10786,,,true
P04_BLACK_O_000016,P04,BLACK,O,image_000016.jpg,training/P04/BLACK/O/images/image_000016.jpg,643aa94f49b2fb99f6248f37bfc666c7432b886688723df11c76e8727eafde41,10857,,,true
P04_BLACK_O_000017,P04,BLACK,O,image_000017.jpg,training/P04/BLACK/O/images/image_000017.jpg,80d6a15d742ab9b8e4de005b5e54cbacc254c648f6d092d403dc3f0fbb0e93cb,10588,,,true
P04_BLACK_O_000018,P04,BLACK,O,image_000018.jpg,training/P04/BLACK/O/images/image_000018.jpg,874814cfce94837db299b698ad50f9c27568a09f75b283c47dbc8b37cec5fa63,11076,,,true
P04_BLACK_O_000019,P04,BLACK,O,image_000019.jpg,training/P04/BLACK/O/images/image_000019.jpg,bc8e01f81a9af76bc76bf3589969551e2cba906d2762a8383fb349718ceb9572,11161,,,true
P04_BLACK_O_000020,P04,BLACK,O,image_000020.jpg,training/P04/BLACK/O/images/image_000020.jpg,619be0cbe2ffbee281494984e97d67bf79885377073c70c0a1821d9debe94956,10916,,,true
P04_BLACK_O_000021,P04,BLACK,O,image_000021.jpg,training/P04/BLACK/O/images/image_000021.jpg,9237c7d1fb734bf0de68fd658e149ef62626d69bc6682a8729d03a9d2e1bf7ca,10941,,,true
P04_BLACK_O_000022,P04,BLACK,O,image_000022.jpg,training/P04/BLACK/O/images/image_000022.jpg,4cb94e12067bb20326f6a0b565249223aa96f435b0ac57da866bae6c22fcf542,10794,,,true
P04_BLACK_O_000023,P04,BLACK,O,image_000023.jpg,training/P04/BLACK/O/images/image_000023.jpg,a8d5c3d8b6f6477cc15b79b61c0f9f6e2c860dc90b3add134f94c367eb030e15,10855,,,true
P04_BLACK_O_000024,P04,BLACK,O,image_000024.jpg,training/P04/BLACK/O/images/image_000024.jpg,9ecc933c828a0762ab8da962cc308fcc9b29ced4143e7cfec8211743d3dac041,10961,,,true
P04_BLACK_O_000025,P04,BLACK,O,image_000025.jpg,training/P04/BLACK/O/images/image_000025.jpg,ca915db8e22b19b1f658779c7db9442a24a096c54baf0b64bb4a890e775816a7,10947,,,true
P04_BLACK_P_000001,P04,BLACK,P,image_000001.jpg,training/P04/BLACK/P/images/image_000001.jpg,1ef1a06bf4f4dc46017cf25a96b6d91dc8f7c6c2e937fc6ceb049214993d39b7,10646,,,true
P04_BLACK_P_000002,P04,BLACK,P,image_000002.jpg,training/P04/BLACK/P/images/image_000002.jpg,9133f83030bbd348974cec8d282380e67c32bf595df4686923fd1b48ee669066,10435,,,true
P04_BLACK_P_000003,P04,BLACK,P,image_000003.jpg,training/P04/BLACK/P/images/image_000003.jpg,53c0f91bf64cf6108f745d322b9eaedc907a03bdbd64be95ccdf02c594da3e9e,10641,,,true
P04_BLACK_P_000004,P04,BLACK,P,image_000004.jpg,training/P04/BLACK/P/images/image_000004.jpg,3dbe3a621c994b8d88fb4692a852d2c4bcc621c8cdea49cf595c74006942e35e,9771,,,true
P04_BLACK_P_000005,P04,BLACK,P,image_000005.jpg,training/P04/BLACK/P/images/image_000005.jpg,becc1671f36ed9d1ca5fe64c73089bfae9d8a097b45f0ae6e113b728a0d69049,11162,,,true
P04_BLACK_P_000006,P04,BLACK,P,image_000006.jpg,training/P04/BLACK/P/images/image_000006.jpg,526a88787604c320c0d07b696ebd9dfe9306e23a4813c32b1955f9c45aa5d2fc,10991,,,true
P04_BLACK_P_000007,P04,BLACK,P,image_000007.jpg,training/P04/BLACK/P/images/image_000007.jpg,505f53d9cafb27ed4c6d994addd6f95ba84b873a396cd6981035cd92ff9b8b05,10638,,,true
P04_BLACK_P_000008,P04,BLACK,P,image_000008.jpg,training/P04/BLACK/P/images/image_000008.jpg,e91326670d443712f1a42ee7634b3818a4d0d95f400f0c00fb79c2bca15dd74d,10531,,,true
P04_BLACK_P_000009,P04,BLACK,P,image_000009.jpg,training/P04/BLACK/P/images/image_000009.jpg,88ba259bb42674d5e021a06191828fc5f6122dbb015173df1ccd3f826a73ea68,10749,,,true
P04_BLACK_P_000010,P04,BLACK,P,image_000010.jpg,training/P04/BLACK/P/images/image_000010.jpg,8791fb070b46bebffc6610613972e2d5d9501d2951262b593c7cfa3bc71d0d9d,10458,,,true
P04_BLACK_P_000011,P04,BLACK,P,image_000011.jpg,training/P04/BLACK/P/images/image_000011.jpg,826c88ed89878d651f9147eeb47db7eed3f814dcd1c1b2b3d0bc6df749659e2e,10498,,,true
P04_BLACK_P_000012,P04,BLACK,P,image_000012.jpg,training/P04/BLACK/P/images/image_000012.jpg,11f183315b0835d53fc5c061c083856a9c1ba9d2b10bc6210f62934eaeca5936,10144,,,true
P04_BLACK_P_000013,P04,BLACK,P,image_000013.jpg,training/P04/BLACK/P/images/image_000013.jpg,1c184b2f420eaff3d84f20d7427093d3f4dacf6763fdd060f99f22c479a87f62,10491,,,true
P04_BLACK_P_000014,P04,BLACK,P,image_000014.jpg,training/P04/BLACK/P/images/image_000014.jpg,52f6c83ce97dfb1ee672d51b3cf8d3e6a749670125bad43f52b2672abeabe0bf,10355,,,true
P04_BLACK_P_000015,P04,BLACK,P,image_000015.jpg,training/P04/BLACK/P/images/image_000015.jpg,1d1a97442673d7b5fcdd4ce5fc8bb4b2300f554de03fd82f932de3c804455992,10312,,,true
P04_BLACK_P_000016,P04,BLACK,P,image_000016.jpg,training/P04/BLACK/P/images/image_000016.jpg,5149cf5f1c6d0694e425f35212dbf0325a9ff1d0011d9433eaf6957450a8335d,10292,,,true
P04_BLACK_P_000017,P04,BLACK,P,image_000017.jpg,training/P04/BLACK/P/images/image_000017.jpg,6d463b863665e265af2b6f8669c2d7f22607ea28b8e3f8822fb9058759e44ae9,10283,,,true
P04_BLACK_P_000018,P04,BLACK,P,image_000018.jpg,training/P04/BLACK/P/images/image_000018.jpg,8f25cf78bae40a62b4ab138f5381338d8134b5a9114415fa65027cd8e75dcb6f,10294,,,true
P04_BLACK_P_000019,P04,BLACK,P,image_000019.jpg,training/P04/BLACK/P/images/image_000019.jpg,99c4195faf68eafcdf90e9be76b8c49536cdb18b300cc7167185475ca5390588,10417,,,true
P04_BLACK_P_000020,P04,BLACK,P,image_000020.jpg,training/P04/BLACK/P/images/image_000020.jpg,4927a47cbc8a86bc4ae4a8be2fed1d8073287523284ed8ac68dc09a76ef5768b,10430,,,true
P04_BLACK_P_000021,P04,BLACK,P,image_000021.jpg,training/P04/BLACK/P/images/image_000021.jpg,df539a376a8c228f934894dd992ad36e7f4018b854ad9265e187da0b19477beb,10357,,,true
P04_BLACK_P_000022,P04,BLACK,P,image_000022.jpg,training/P04/BLACK/P/images/image_000022.jpg,8efff0a337e4b4c67d0cea70d1b400b0f8f00da457c85811f45add37113de07e,10428,,,true
P04_BLACK_P_000023,P04,BLACK,P,image_000023.jpg,training/P04/BLACK/P/images/image_000023.jpg,c40fb960e5ad0dcbbd621f90437ef080a4cc928744b7568d1093f3ae52831faa,10354,,,true
P04_BLACK_P_000024,P04,BLACK,P,image_000024.jpg,training/P04/BLACK/P/images/image_000024.jpg,9001e6bcd711996cce98156e92029fd39ab5e9de191ccfaa9989e191bc64b550,10557,,,true
P04_BLACK_P_000025,P04,BLACK,P,image_000025.jpg,training/P04/BLACK/P/images/image_000025.jpg,9ee751f3210a790afa22fcbb0bb8efe6f9199a8ccad6cd485ead87f6ee210838,10263,,,true
P04_BLACK_R_000001,P04,BLACK,R,image_000001.jpg,training/P04/BLACK/R/images/image_000001.jpg,8801c13754e177a750a40ce3ceec20e6370a21314ffdd603e308d47ac10e67b2,10220,,,true
P04_BLACK_R_000002,P04,BLACK,R,image_000002.jpg,training/P04/BLACK/R/images/image_000002.jpg,a82dc35b37336168375e4a52eccfa066a441734156442a5e4a32b455ad8caa93,10001,,,true
P04_BLACK_R_000003,P04,BLACK,R,image_000003.jpg,training/P04/BLACK/R/images/image_000003.jpg,06161275ad356ac73e5679896730677883c47a6c7acc869efa4fd8616d047005,9905,,,true
P04_BLACK_R_000004,P04,BLACK,R,image_000004.jpg,training/P04/BLACK/R/images/image_000004.jpg,43f13ee6983ec75fdba3c85a39df8b9783886f21d4109f9be5faecc3e7d3ebee,9908,,,true
P04_BLACK_R_000005,P04,BLACK,R,image_000005.jpg,training/P04/BLACK/R/images/image_000005.jpg,6893c63cddbdc7306443ba5fa36999d9388b56dcfcb509a0e92ec3ae283db586,9961,,,true
P04_BLACK_R_000006,P04,BLACK,R,image_000006.jpg,training/P04/BLACK/R/images/image_000006.jpg,d3b4935c61e14ef535d88d6db7331a8c335e014adb2beb6855fd1bc1c2124992,9907,,,true
P04_BLACK_R_000007,P04,BLACK,R,image_000007.jpg,training/P04/BLACK/R/images/image_000007.jpg,9cce570cec6ef146d510c3cf902770d8925bb268a07b97706dd012bb331ca969,10228,,,true
P04_BLACK_R_000008,P04,BLACK,R,image_000008.jpg,training/P04/BLACK/R/images/image_000008.jpg,fbd6fe5dea4b53a063bfbf8b4c83b18b86c7390d949519bf956c69f82c8e004c,10463,,,true
P04_BLACK_R_000009,P04,BLACK,R,image_000009.jpg,training/P04/BLACK/R/images/image_000009.jpg,e8080b8d507c18acdca9086d8f38e9a24a89745de90dfbaca6d00582acca9417,10603,,,true
P04_BLACK_R_000010,P04,BLACK,R,image_000010.jpg,training/P04/BLACK/R/images/image_000010.jpg,59bb3c6c7451c901fbb80b1f70699c5907812b8d9af4a89dde7378e874dcc34b,10806,,,true
P04_BLACK_R_000011,P04,BLACK,R,image_000011.jpg,training/P04/BLACK/R/images/image_000011.jpg,cf324d245c379dcffd7e18dfb477a97d7b82e1d3a302d416ff26ed03d90e8540,10086,,,true
P04_BLACK_R_000012,P04,BLACK,R,image_000012.jpg,training/P04/BLACK/R/images/image_000012.jpg,3f86f0aa3f0982ace31c0ffb7782516f165c3891ea78b8f1518f937831c6565b,10051,,,true
P04_BLACK_R_000013,P04,BLACK,R,image_000013.jpg,training/P04/BLACK/R/images/image_000013.jpg,45bbc089a0c35000c2cc93796f66b8d0a33dec9fb2384c007186709c32c1ec4a,10284,,,true
P04_BLACK_R_000014,P04,BLACK,R,image_000014.jpg,training/P04/BLACK/R/images/image_000014.jpg,e7b909ae6e1fad7fa9dd0d70aa1e96a6ae8d823cf655a673ead634058125e8fb,10285,,,true
P04_BLACK_R_000015,P04,BLACK,R,image_000015.jpg,training/P04/BLACK/R/images/image_000015.jpg,4c5a19646cc13bb718b068fe6a014b02957a7c801e49aac425a7be31e15275bc,10454,,,true
P04_BLACK_R_000016,P04,BLACK,R,image_000016.jpg,training/P04/BLACK/R/images/image_000016.jpg,204ef9255774eb9b9d646d300ff6bafe8ed4c9a2ea5ae391f6738171165fdc4d,10647,,,true
P04_BLACK_R_000017,P04,BLACK,R,image_000017.jpg,training/P04/BLACK/R/images/image_000017.jpg,6a3b23804b90a1684a2979034e72b295bd74c0bbf1c1a7d0abb56011f4131182,10440,,,true
P04_BLACK_R_000018,P04,BLACK,R,image_000018.jpg,training/P04/BLACK/R/images/image_000018.jpg,56b26b7e81a431c034afebb754d8f3f8c8b6e8f834bb50fae02d1aab4b296a80,10518,,,true
P04_BLACK_R_000019,P04,BLACK,R,image_000019.jpg,training/P04/BLACK/R/images/image_000019.jpg,94bda78863144a4f232c131b861931d84675f71a9aa3a96b92a20d05f3909465,10787,,,true
P04_BLACK_R_000020,P04,BLACK,R,image_000020.jpg,training/P04/BLACK/R/images/image_000020.jpg,4d3766ada2a489ee8c33f1c170105bd790d1e3aea41336f524e97a864a161c4c,10743,,,true
P04_BLACK_R_000021,P04,BLACK,R,image_000021.jpg,training/P04/BLACK/R/images/image_000021.jpg,63234327719c8fea0ddb9b874c79c85ba2c137a8fcba5c3445d5320c79355e13,10318,,,true
P04_BLACK_R_000022,P04,BLACK,R,image_000022.jpg,training/P04/BLACK/R/images/image_000022.jpg,174b3adcc51d005c5249886e9692ba26c8aa1e60050b79ea6b056ed17549d0d1,10586,,,true
P04_BLACK_R_000023,P04,BLACK,R,image_000023.jpg,training/P04/BLACK/R/images/image_000023.jpg,8ae3fae69b792e42713d1618eaecfb0b38de6fde2cef2522661eeca585fcf4e4,10117,,,true
P04_BLACK_R_000024,P04,BLACK,R,image_000024.jpg,training/P04/BLACK/R/images/image_000024.jpg,ff88b2cf9c5b2d22e087b15173e0987af7ddcbe9268c5f26efb2f2561e00a0e7,10308,,,true
P04_BLACK_R_000025,P04,BLACK,R,image_000025.jpg,training/P04/BLACK/R/images/image_000025.jpg,e03622e895f54485bc3a6bb24496bd56512f20e6054298eb3dff90bdeb6b3ee7,10498,,,true
P04_BLACK_S_000001,P04,BLACK,S,image_000001.jpg,training/P04/BLACK/S/images/image_000001.jpg,937feb558837b9416e4536ca7895146489776e376cd91d526778330c684402d4,10509,,,true
P04_BLACK_S_000002,P04,BLACK,S,image_000002.jpg,training/P04/BLACK/S/images/image_000002.jpg,12d23ce2daf4347b67333d47c4875170f841d808fb606e897e8e0523c51ce49d,10971,,,true
P04_BLACK_S_000003,P04,BLACK,S,image_000003.jpg,training/P04/BLACK/S/images/image_000003.jpg,5a0534a80f45080cee501aad1ade6c8c5dfe1827d0c06dea429d4df8b20468a4,10790,,,true
P04_BLACK_S_000004,P04,BLACK,S,image_000004.jpg,training/P04/BLACK/S/images/image_000004.jpg,035bc6a94b5f63aa12c86d18fb6db4bef6185bf42a5e09e7eac7c108762f1d24,10405,,,true
P04_BLACK_S_000005,P04,BLACK,S,image_000005.jpg,training/P04/BLACK/S/images/image_000005.jpg,b233c9b26d6b357ac40a1d316c25ce0aee50d7cd14df83f5e9e09250aacf1121,10434,,,true
P04_BLACK_S_000006,P04,BLACK,S,image_000006.jpg,training/P04/BLACK/S/images/image_000006.jpg,6edfb94cf2507330d5170cc65eb6fa00deac3ec0819b5321e36dc72ca6b3697f,11148,,,true
P04_BLACK_S_000007,P04,BLACK,S,image_000007.jpg,training/P04/BLACK/S/images/image_000007.jpg,c7c358c256b359b66473c3622496ef077784169b684ddf234298651205e4b3bd,11632,,,true
P04_BLACK_S_000008,P04,BLACK,S,image_000008.jpg,training/P04/BLACK/S/images/image_000008.jpg,efe365e8cca028cbb695c30278194cc3c8440ea718c86ed4d9957e5a60c49cb2,11680,,,true
P04_BLACK_S_000009,P04,BLACK,S,image_000009.jpg,training/P04/BLACK/S/images/image_000009.jpg,9137a3fece6dcfd5cbee5b10beb7cde011289fac6732359a06e1f2e53ec14e80,11436,,,true
P04_BLACK_S_000010,P04,BLACK,S,image_000010.jpg,training/P04/BLACK/S/images/image_000010.jpg,f71459019630fbefce808a9704e0ed82405f0ebc35372b08eeafd377b4fc1095,11389,,,true
P04_BLACK_S_000011,P04,BLACK,S,image_000011.jpg,training/P04/BLACK/S/images/image_000011.jpg,6ce9c8287b4dd3e1ac11d7d146ee1f58ffbd5a1456785e5b16f4479f6c50b962,11280,,,true
P04_BLACK_S_000012,P04,BLACK,S,image_000012.jpg,training/P04/BLACK/S/images/image_000012.jpg,c047a19f0b030c57954c5cd301d17113e38ae5870056e06ebcf9a73c028d7bf4,11461,,,true
P04_BLACK_S_000013,P04,BLACK,S,image_000013.jpg,training/P04/BLACK/S/images/image_000013.jpg,5d8688c38a317524f3c699beb490ec750ff771b5bb967baca3657b7cb7b698ed,11168,,,true
P04_BLACK_S_000014,P04,BLACK,S,image_000014.jpg,training/P04/BLACK/S/images/image_000014.jpg,b49705e8f90a9077246e402a00afd647534b3884b586c61317d8c8831d900583,10832,,,true
P04_BLACK_S_000015,P04,BLACK,S,image_000015.jpg,training/P04/BLACK/S/images/image_000015.jpg,1bb8ade08528feec2f85cb5809b3d3bef4a86f6049aba6f5188e435e51da7d48,10366,,,true
P04_BLACK_S_000016,P04,BLACK,S,image_000016.jpg,training/P04/BLACK/S/images/image_000016.jpg,fc64c95b365d6b9afd962bae58432ec5b87d8bb662bfa1e162dd17026c428ca7,11245,,,true
P04_BLACK_S_000017,P04,BLACK,S,image_000017.jpg,training/P04/BLACK/S/images/image_000017.jpg,aca21daa3092ebd16147c1656ca354412cd4743eaa9776643f1065dcfe60d96e,11226,,,true
P04_BLACK_S_000018,P04,BLACK,S,image_000018.jpg,training/P04/BLACK/S/images/image_000018.jpg,e497382cd037baf8f322c19e3db29c63c3cf99ac74487cf551c69089d1b6d9c9,11834,,,true
P04_BLACK_S_000019,P04,BLACK,S,image_000019.jpg,training/P04/BLACK/S/images/image_000019.jpg,deff53f5481615a0bd211bbdf126aa87dca74a91d893d0f37e66a4fc961ec986,11266,,,true
P04_BLACK_S_000020,P04,BLACK,S,image_000020.jpg,training/P04/BLACK/S/images/image_000020.jpg,6c704d917342814f83255639da2120e1d444105090554a49b1cfaf8d6ec0f66d,11380,,,true
P04_BLACK_S_000021,P04,BLACK,S,image_000021.jpg,training/P04/BLACK/S/images/image_000021.jpg,a645d1f38d8a97ce74ef7ad33a46427bf35d9be034c850dc014bf42ef7b57d30,11634,,,true
P04_BLACK_S_000022,P04,BLACK,S,image_000022.jpg,training/P04/BLACK/S/images/image_000022.jpg,c9c34aa6cad7852e155b151a474b51972333ab37e09f812643aaa30783a97c77,11526,,,true
P04_BLACK_S_000023,P04,BLACK,S,image_000023.jpg,training/P04/BLACK/S/images/image_000023.jpg,ff3dbfc032a1adab9fdd6a3268a02d8d6c8690515cf6e7ff5ff50a42b5977029,11679,,,true
P04_BLACK_S_000024,P04,BLACK,S,image_000024.jpg,training/P04/BLACK/S/images/image_000024.jpg,00f20fc2fac1439935731c054bc4472fbdea087c861555ef077453b29f8969f4,11032,,,true
P04_BLACK_S_000025,P04,BLACK,S,image_000025.jpg,training/P04/BLACK/S/images/image_000025.jpg,705354bec1ce6065b806c72dd5fbfba400c6b868b7419bcda641e6a4fd795641,11706,,,true
P04_BLACK_T_000001,P04,BLACK,T,image_000001.jpg,training/P04/BLACK/T/images/image_000001.jpg,7dbe02cce32339bd740746ef0f8d589b643882c3daee79d03e95f63bcc3f2fc0,6738,,,true
P04_BLACK_T_000002,P04,BLACK,T,image_000002.jpg,training/P04/BLACK/T/images/image_000002.jpg,500c8cacf3e0653f7e2c7d3fc00c992e14802903712843633dc92738f9d0d583,11253,,,true
P04_BLACK_T_000003,P04,BLACK,T,image_000003.jpg,training/P04/BLACK/T/images/image_000003.jpg,c5c5db778150fea19b2cfa91b48a2a2aaf483a7767e5ba5dded73bd9616ec3d9,10855,,,true
P04_BLACK_T_000004,P04,BLACK,T,image_000004.jpg,training/P04/BLACK/T/images/image_000004.jpg,4843b7dd238e31715c3d758590c15de12757b0ec7bff06819332d1acae9e4fe2,10663,,,true
P04_BLACK_T_000005,P04,BLACK,T,image_000005.jpg,training/P04/BLACK/T/images/image_000005.jpg,508655709d3a3d443e6d75c5b0d2b369d05ec015eb0edde87bff2a9768c7ff6b,11277,,,true
P04_BLACK_T_000006,P04,BLACK,T,image_000006.jpg,training/P04/BLACK/T/images/image_000006.jpg,893ee5004b625a13f03e215bb0ea2b5460d5d390ac0ac13a14b97dafd5d5342f,11123,,,true
P04_BLACK_T_000007,P04,BLACK,T,image_000007.jpg,training/P04/BLACK/T/images/image_000007.jpg,88ff3ae28e92d2404aea74f3c3c5785e837dd2d40a485bb00defcd023ad279ea,11116,,,true
P04_BLACK_T_000008,P04,BLACK,T,image_000008.jpg,training/P04/BLACK/T/images/image_000008.jpg,465bc5c7e46c4a0a96317b56c2cd156eae37fa20b5951ca8f6ff20dd65007657,11006,,,true
P04_BLACK_T_000009,P04,BLACK,T,image_000009.jpg,training/P04/BLACK/T/images/image_000009.jpg,9622ac89f0313232cf9ac340a19653a12f514d1a3cbe36926885306f8aaac0cf,10612,,,true
P04_BLACK_T_000010,P04,BLACK,T,image_000010.jpg,training/P04/BLACK/T/images/image_000010.jpg,d7b970ea720edad1f71df650e8ced9c1642de300fa0cd78866a3fa806436386e,11483,,,true
P04_BLACK_T_000011,P04,BLACK,T,image_000011.jpg,training/P04/BLACK/T/images/image_000011.jpg,aa66f48a9152031df6177a5313f59b602e2357bcfe8ec60579d214f03e6f4252,11357,,,true
P04_BLACK_T_000012,P04,BLACK,T,image_000012.jpg,training/P04/BLACK/T/images/image_000012.jpg,e27e9f8755f7d28d12b14ea2048af3634d273bb91cf727d912d8c1d38877464b,11860,,,true
P04_BLACK_T_000013,P04,BLACK,T,image_000013.jpg,training/P04/BLACK/T/images/image_000013.jpg,8205b8c80eb3b342371a37ed9dc6258d330e99d2030409d26550bd5ff26f3c1e,11899,,,true
P04_BLACK_T_000014,P04,BLACK,T,image_000014.jpg,training/P04/BLACK/T/images/image_000014.jpg,52159e211144635e14351eb8b2682c022a5ffcee5dda6a90e12627c76f849fde,11821,,,true
P04_BLACK_T_000015,P04,BLACK,T,image_000015.jpg,training/P04/BLACK/T/images/image_000015.jpg,a80ae684ac2616b11ee3f7de4c123bc8c180acdd142ca21d2b40674a3df51d5a,11742,,,true
P04_BLACK_T_000016,P04,BLACK,T,image_000016.jpg,training/P04/BLACK/T/images/image_000016.jpg,ecf67eb02bdf526a774e4f0ed4bfe103af03fb9c9a7dd1ae175e02f0db5e0c4c,10841,,,true
P04_BLACK_T_000017,P04,BLACK,T,image_000017.jpg,training/P04/BLACK/T/images/image_000017.jpg,13ac3536f95189c4c0297e5e2e4ccb0fadccaab69e215ee3ba01c39aefeecc76,11161,,,true
P04_BLACK_T_000018,P04,BLACK,T,image_000018.jpg,training/P04/BLACK/T/images/image_000018.jpg,5e991603b92a1934392928dc1909775aaee2de880bcc212c770b6a08d710885c,11007,,,true
P04_BLACK_T_000019,P04,BLACK,T,image_000019.jpg,training/P04/BLACK/T/images/image_000019.jpg,051c0f5ca6a8df2f817a4adb9bda2089a129e286f46ed461568a4807fbc36bda,11218,,,true
P04_BLACK_T_000020,P04,BLACK,T,image_000020.jpg,training/P04/BLACK/T/images/image_000020.jpg,8b1372893c917cd7e88c4301192e1acc064a4cb99a1ec77343b383eb106e37a2,11106,,,true
P04_BLACK_T_000021,P04,BLACK,T,image_000021.jpg,training/P04/BLACK/T/images/image_000021.jpg,1fc317d8fa24829e60782fc94e9ed40dd8526cb905c81d79bdf1373bf74aadfa,11387,,,true
P04_BLACK_T_000022,P04,BLACK,T,image_000022.jpg,training/P04/BLACK/T/images/image_000022.jpg,6713290a1e62047a079c6a432875f67d48b462191c15b9d1520a346cdcda1f81,11533,,,true
P04_BLACK_T_000023,P04,BLACK,T,image_000023.jpg,training/P04/BLACK/T/images/image_000023.jpg,59cee0e8289af49cdab97b100edb5f3c0f687f5ebdbdf06abd7296f716d54acb,11580,,,true
P04_BLACK_T_000024,P04,BLACK,T,image_000024.jpg,training/P04/BLACK/T/images/image_000024.jpg,c1da065a7efa43daefa2283906f0b7c7b40ebd7cc6f839a51d4db9a136576667,11488,,,true
P04_BLACK_T_000025,P04,BLACK,T,image_000025.jpg,training/P04/BLACK/T/images/image_000025.jpg,5b343f403626e59a04cfb7d0a60eeb61b0b40cca4e177c62ef1ac1a78b38dea5,6599,,,true
P04_BLACK_U_000001,P04,BLACK,U,image_000001.jpg,training/P04/BLACK/U/images/image_000001.jpg,51c8e238e0df580bf1512a6e1489c2fbd3916f25b36f97af6e0d87eab85fb0f4,7236,,,true
P04_BLACK_U_000002,P04,BLACK,U,image_000002.jpg,training/P04/BLACK/U/images/image_000002.jpg,921aecb9e9646665d7028f934a748bf684cad4d9c5ce9682ec91eb75e50ebd6f,11662,,,true
P04_BLACK_U_000003,P04,BLACK,U,image_000003.jpg,training/P04/BLACK/U/images/image_000003.jpg,1b238683265f5ceb5cca26c20aefeaf9a6ba1e987bc18accde43e5cbf0b79134,11606,,,true
P04_BLACK_U_000004,P04,BLACK,U,image_000004.jpg,training/P04/BLACK/U/images/image_000004.jpg,4401ee0b1fe857e5ca6a1fac0121ef59718f77009d4260a78e074f86d8ee7cad,11921,,,true
P04_BLACK_U_000005,P04,BLACK,U,image_000005.jpg,training/P04/BLACK/U/images/image_000005.jpg,ea20ee1990a6382c71f44b5bebc51949a900715e1498e72dc019a3d7744f421c,11643,,,true
P04_BLACK_U_000006,P04,BLACK,U,image_000006.jpg,training/P04/BLACK/U/images/image_000006.jpg,ff9ac9fd0f6558fce966498bdc9cb170cd8d8ef04f1554b96832f07cded2d101,11469,,,true
P04_BLACK_U_000007,P04,BLACK,U,image_000007.jpg,training/P04/BLACK/U/images/image_000007.jpg,bdf5d89094d84edb5ae8ff6ec9e2b2cc15674eb3e5976c3b13f044ef2f12eb3e,11077,,,true
P04_BLACK_U_000008,P04,BLACK,U,image_000008.jpg,training/P04/BLACK/U/images/image_000008.jpg,5453454cab2d464dcb61e9e69a67edcd900d4266a90e4003d29bf54692b7dc86,11280,,,true
P04_BLACK_U_000009,P04,BLACK,U,image_000009.jpg,training/P04/BLACK/U/images/image_000009.jpg,13bd86b1d9e1b9f114b416e3c434ad4a3be3508269ab840cd41bf81096d23cfb,10286,,,true
P04_BLACK_U_000010,P04,BLACK,U,image_000010.jpg,training/P04/BLACK/U/images/image_000010.jpg,85e447f619641ff4e9fada518f96848e5fa95361620e1945d4f7d41ab0990ab8,10733,,,true
P04_BLACK_U_000011,P04,BLACK,U,image_000011.jpg,training/P04/BLACK/U/images/image_000011.jpg,5140b9b8e457840a7a939d219ebbac8ed204d30f20e18f153ab50378a6b6597f,10454,,,true
P04_BLACK_U_000012,P04,BLACK,U,image_000012.jpg,training/P04/BLACK/U/images/image_000012.jpg,33da4713ccfdeef39b70bdaa4166abe936b01fce9f6037395f0acc946b7693f7,10353,,,true
P04_BLACK_U_000013,P04,BLACK,U,image_000013.jpg,training/P04/BLACK/U/images/image_000013.jpg,108d99a0f73761eb48805bc56554c48315ad1544a29c08387d791376d6ce8435,11085,,,true
P04_BLACK_U_000014,P04,BLACK,U,image_000014.jpg,training/P04/BLACK/U/images/image_000014.jpg,02ad026fe23ee5bf03541ef3580f16ab311bb06ed8ce0a145750f0656889402d,10769,,,true
P04_BLACK_U_000015,P04,BLACK,U,image_000015.jpg,training/P04/BLACK/U/images/image_000015.jpg,473b898778294bc149f2f37ce13f402439e6ee4c0f1119e7df3dd1bb06330efe,10841,,,true
P04_BLACK_U_000016,P04,BLACK,U,image_000016.jpg,training/P04/BLACK/U/images/image_000016.jpg,95661d69f9310fff43d36e18f74bf575069a09103d73aa55cfde1ad0fa5d34b1,10836,,,true
P04_BLACK_U_000017,P04,BLACK,U,image_000017.jpg,training/P04/BLACK/U/images/image_000017.jpg,b6221585cab475ee2db7ee98c1eaddcf9fd07b4ccf29b5b470132a644c352c97,11555,,,true
P04_BLACK_U_000018,P04,BLACK,U,image_000018.jpg,training/P04/BLACK/U/images/image_000018.jpg,aab6ab58a96ee2dcae997155b0d46216e850b1f5141b68fe499bfd0568bea78f,10179,,,true
P04_BLACK_U_000019,P04,BLACK,U,image_000019.jpg,training/P04/BLACK/U/images/image_000019.jpg,241f9ba29abf4a9c0f0c742057b97d64124112d1e06ad55ac0fa51967f827d13,10460,,,true
P04_BLACK_U_000020,P04,BLACK,U,image_000020.jpg,training/P04/BLACK/U/images/image_000020.jpg,d1fa598b03cf41a9242209fc7e090ed6b8b188cfb3c9f70a053d9919fa820452,10421,,,true
P04_BLACK_U_000021,P04,BLACK,U,image_000021.jpg,training/P04/BLACK/U/images/image_000021.jpg,32195073f6b61c2d5cfb307500f51e6bebb0de3eb45e33e57f46d5334e2c180d,10438,,,true
P04_BLACK_U_000022,P04,BLACK,U,image_000022.jpg,training/P04/BLACK/U/images/image_000022.jpg,2ed0d6f26d216874795ffb065e332a8aa16f176febc490cdeacc31c76e373d34,10725,,,true
P04_BLACK_U_000023,P04,BLACK,U,image_000023.jpg,training/P04/BLACK/U/images/image_000023.jpg,8ef35c8ed542df3060798c342c8267f55b4b707aed4a86c9d4f517844a335fa4,10758,,,true
P04_BLACK_U_000024,P04,BLACK,U,image_000024.jpg,training/P04/BLACK/U/images/image_000024.jpg,2953af321b73252647bc5e245964bfec82fd53f1f00f2eefa46308028814791a,10668,,,true
P04_BLACK_U_000025,P04,BLACK,U,image_000025.jpg,training/P04/BLACK/U/images/image_000025.jpg,3da11561e1cd8536bc25a9e5994b9517bc5cf5b3337907e3a3c3054ea0907784,6313,,,true
P04_BLACK_V_000001,P04,BLACK,V,image_000001.jpg,training/P04/BLACK/V/images/image_000001.jpg,f41bb1730bd4441b1c71170db4c089a7cfb87027a02f5dd4f7d94f78307bed60,6611,,,true
P04_BLACK_V_000002,P04,BLACK,V,image_000002.jpg,training/P04/BLACK/V/images/image_000002.jpg,3cad2cd228e746adbca476055d8cac4d7c854ca2e436f3e387702bde1668e40d,10511,,,true
P04_BLACK_V_000003,P04,BLACK,V,image_000003.jpg,training/P04/BLACK/V/images/image_000003.jpg,fa74acbcee065d0e3a55c8fee31d3d372810e5fcded6b9d4834172786fcab4c0,10807,,,true
P04_BLACK_V_000004,P04,BLACK,V,image_000004.jpg,training/P04/BLACK/V/images/image_000004.jpg,8d366d6944cf789c34aca6f090860229a93c8e9a022b69ff12f4ac93b48e02d7,10772,,,true
P04_BLACK_V_000005,P04,BLACK,V,image_000005.jpg,training/P04/BLACK/V/images/image_000005.jpg,8fc7adc93397cf657a27b0de3d6a57e810e0f56c839ce858f2e17c1071aa763a,10536,,,true
P04_BLACK_V_000006,P04,BLACK,V,image_000006.jpg,training/P04/BLACK/V/images/image_000006.jpg,88490ad4557a993411456c0923b2a11fd8486d680e056c2e37383d22f3dfd815,11337,,,true
P04_BLACK_V_000007,P04,BLACK,V,image_000007.jpg,training/P04/BLACK/V/images/image_000007.jpg,5629684a05b1efe6752a8e1459674872f9e470ca82d5e37861fc6554160abd93,11544,,,true
P04_BLACK_V_000008,P04,BLACK,V,image_000008.jpg,training/P04/BLACK/V/images/image_000008.jpg,ef4f96be5d25c85587ff48edec4a9c3e6783939123ea0067d2c1e7cfc5993ca0,11394,,,true
P04_BLACK_V_000009,P04,BLACK,V,image_000009.jpg,training/P04/BLACK/V/images/image_000009.jpg,23ea26d7cc25f8c1ee1ae278729c79f0022588ed75d62a37d0f510072255331a,11440,,,true
P04_BLACK_V_000010,P04,BLACK,V,image_000010.jpg,training/P04/BLACK/V/images/image_000010.jpg,002daf2194f161baa755028c73f4a2238a8d021e81bb91f0d3ba307370eeeb13,11253,,,true
P04_BLACK_V_000011,P04,BLACK,V,image_000011.jpg,training/P04/BLACK/V/images/image_000011.jpg,8fcbb0b695e6a7588443190820734d9c45c915c3cb1d1c0397696991fb5a5deb,11418,,,true
P04_BLACK_V_000012,P04,BLACK,V,image_000012.jpg,training/P04/BLACK/V/images/image_000012.jpg,24500bb30c645615f70d56a1e527267c8ab1b2ab2fd773356c12a31a117ce556,11553,,,true
P04_BLACK_V_000013,P04,BLACK,V,image_000013.jpg,training/P04/BLACK/V/images/image_000013.jpg,660facd664c32a7c3abbb781ff3ec6b390030e14915c6716636dfedd16ca5b82,11223,,,true
P04_BLACK_V_000014,P04,BLACK,V,image_000014.jpg,training/P04/BLACK/V/images/image_000014.jpg,24ee0b80cc8926717cad76aefa6ebadb39082d0fe882801cba8d1e9a6a7477f9,10327,,,true
P04_BLACK_V_000015,P04,BLACK,V,image_000015.jpg,training/P04/BLACK/V/images/image_000015.jpg,c7e27a57f495565bbd01781b8d3fdb2599445a5300cc4453b861ea0fd8571f80,10278,,,true
P04_BLACK_V_000016,P04,BLACK,V,image_000016.jpg,training/P04/BLACK/V/images/image_000016.jpg,59924ef57dc8c3148bca47ff7793b60b187720a07a9ed63860553174658c87d5,10236,,,true
P04_BLACK_V_000017,P04,BLACK,V,image_000017.jpg,training/P04/BLACK/V/images/image_000017.jpg,fdeccbd3e8a9729c997a560230d5f31d9665907abad79374c72960aba5aeecb7,10307,,,true
P04_BLACK_V_000018,P04,BLACK,V,image_000018.jpg,training/P04/BLACK/V/images/image_000018.jpg,e4744b9d8ee327e6064f9279c6c2478ace2465f5d04902e050d180969eabaff1,10646,,,true
P04_BLACK_V_000019,P04,BLACK,V,image_000019.jpg,training/P04/BLACK/V/images/image_000019.jpg,6f08b13f14f56848ad00beba99857375a69853c83e278aba56ebc6e725c1b67e,10789,,,true
P04_BLACK_V_000020,P04,BLACK,V,image_000020.jpg,training/P04/BLACK/V/images/image_000020.jpg,598cec88308886684322e4e5eb70a769352f0937fbe87bf4884e5a078ad609c8,10501,,,true
P04_BLACK_V_000021,P04,BLACK,V,image_000021.jpg,training/P04/BLACK/V/images/image_000021.jpg,6f4c568906f9c23c9d75c4398906a5ea46a59bda670e486309cfa8dfd1625004,10835,,,true
P04_BLACK_V_000022,P04,BLACK,V,image_000022.jpg,training/P04/BLACK/V/images/image_000022.jpg,fd2915b30a52157a45ac182ee0329f1e0002f300e42f3e731fb2f539c3a8c354,10724,,,true
P04_BLACK_V_000023,P04,BLACK,V,image_000023.jpg,training/P04/BLACK/V/images/image_000023.jpg,54b25f53e0fdfd18eed59d8112d82599e4cb9f04d8f9682d05cf93e9d98c6316,10626,,,true
P04_BLACK_V_000024,P04,BLACK,V,image_000024.jpg,training/P04/BLACK/V/images/image_000024.jpg,d6c6f7fd141350dd2f33f403af39a0f3e281873ed89914e0eb04336a80b1fb6c,10339,,,true
P04_BLACK_V_000025,P04,BLACK,V,image_000025.jpg,training/P04/BLACK/V/images/image_000025.jpg,c50770c3cf8d96c1b4d5791272748ad319aafcd1fd710ff8afd682f09f610b26,10505,,,true
P04_BLACK_W_000001,P04,BLACK,W,image_000001.jpg,training/P04/BLACK/W/images/image_000001.jpg,2741cc2a92c1324440e6b7c1a083459fb0f22ddf9f7e6c4d5cd777391d4018a2,5929,,,true
P04_BLACK_W_000002,P04,BLACK,W,image_000002.jpg,training/P04/BLACK/W/images/image_000002.jpg,289e1185d13a2d8c1aac80aba5fbc380f85c5789be89caaac9f121625a65d914,6551,,,true
P04_BLACK_W_000003,P04,BLACK,W,image_000003.jpg,training/P04/BLACK/W/images/image_000003.jpg,48288eccddeee9d1361e313e3bfcdd048bbee1232e7dad14619e57e560119f5c,5637,,,true
P04_BLACK_W_000004,P04,BLACK,W,image_000004.jpg,training/P04/BLACK/W/images/image_000004.jpg,f39e3baf5b4f981d356396c3a6e685f4f03540a8a8f8fbf6ef541852c5c0ede0,6042,,,true
P04_BLACK_W_000005,P04,BLACK,W,image_000005.jpg,training/P04/BLACK/W/images/image_000005.jpg,4efedeb164934cb4cb44a39f2b5846f2ce04c101f6897ed840efa6427feb8c23,11211,,,true
P04_BLACK_W_000006,P04,BLACK,W,image_000006.jpg,training/P04/BLACK/W/images/image_000006.jpg,2330ab16c731854928e987093ac928c5662728c2ea9e5107a3818f34800cc9f6,11100,,,true
P04_BLACK_W_000007,P04,BLACK,W,image_000007.jpg,training/P04/BLACK/W/images/image_000007.jpg,4fb74cae536c84eb0f08aa462a6235d2dc4a852ba5d0e8e7c55507af6619ad19,11195,,,true
P04_BLACK_W_000008,P04,BLACK,W,image_000008.jpg,training/P04/BLACK/W/images/image_000008.jpg,3c286f6fd255f8496417221ff5deab0ac1bd21a0162056290c086ca9a0cd8e90,11221,,,true
P04_BLACK_W_000009,P04,BLACK,W,image_000009.jpg,training/P04/BLACK/W/images/image_000009.jpg,b8b1b7303913bbda86af1f4dfae4e3c7396f6c4e551a581ba9e041e4c98fd458,10951,,,true
P04_BLACK_W_000010,P04,BLACK,W,image_000010.jpg,training/P04/BLACK/W/images/image_000010.jpg,b6e78487ff1fecde26568e719d733829baa8b7a7e4fb17a0a4a16d5ac72ed380,11014,,,true
P04_BLACK_W_000011,P04,BLACK,W,image_000011.jpg,training/P04/BLACK/W/images/image_000011.jpg,f006bf2affc2effedbce0a7ff49200ebf6138f9bbfbec052d5bfd5bb33954d55,10087,,,true
P04_BLACK_W_000012,P04,BLACK,W,image_000012.jpg,training/P04/BLACK/W/images/image_000012.jpg,1102afdb87a41dd48d2e93c26281459d65a54a545517501177f9aa753a42d1bd,10247,,,true
P04_BLACK_W_000013,P04,BLACK,W,image_000013.jpg,training/P04/BLACK/W/images/image_000013.jpg,4448161f0cdac3c90b3a8cca690699634a9e3a1b5e959a1eebf39c53fff911b4,10285,,,true
P04_BLACK_W_000014,P04,BLACK,W,image_000014.jpg,training/P04/BLACK/W/images/image_000014.jpg,ba49a4b810366c26cc6c1f0702b0ebc392c24add4a3bf7e1398392cc85233e60,10320,,,true
P04_BLACK_W_000015,P04,BLACK,W,image_000015.jpg,training/P04/BLACK/W/images/image_000015.jpg,8b13f3a99d4a1f1740cbe404aec3ff3cffd3694cfc296e5e9e0b4f515ac84543,10221,,,true
P04_BLACK_W_000016,P04,BLACK,W,image_000016.jpg,training/P04/BLACK/W/images/image_000016.jpg,4039e0c80d209b7e256348aa920f700d5e3bb7295711b72186a910e2d3642771,10158,,,true
P04_BLACK_W_000017,P04,BLACK,W,image_000017.jpg,training/P04/BLACK/W/images/image_000017.jpg,b10061eaa64d28c393fc29d27add70ef4f99e942752d6d53de49cfe2d7f0c298,10774,,,true
P04_BLACK_W_000018,P04,BLACK,W,image_000018.jpg,training/P04/BLACK/W/images/image_000018.jpg,693e1ce07644e3a4d0ef37d9f4e45c1f80488cb4cf8c9931db7bb0f2e6b74ced,10864,,,true
P04_BLACK_W_000019,P04,BLACK,W,image_000019.jpg,training/P04/BLACK/W/images/image_000019.jpg,f6c65609231f71dcf0b4468ad0873194308971c7472b31d13df66f7b9602106a,10702,,,true
P04_BLACK_W_000020,P04,BLACK,W,image_000020.jpg,training/P04/BLACK/W/images/image_000020.jpg,e6d5e6ab2126bae191dbaa075af805df94177c48da21e2ef86258354227aecc3,10365,,,true
P04_BLACK_W_000021,P04,BLACK,W,image_000021.jpg,training/P04/BLACK/W/images/image_000021.jpg,cc80437afa8aba42d568cad8afbd081f684083ef39ab026cbdb424101502bd50,10499,,,true
P04_BLACK_W_000022,P04,BLACK,W,image_000022.jpg,training/P04/BLACK/W/images/image_000022.jpg,5ab009e12a746c3fe85e648e393786ba741569cc939404c787768ee32c2d65ed,10594,,,true
P04_BLACK_W_000023,P04,BLACK,W,image_000023.jpg,training/P04/BLACK/W/images/image_000023.jpg,3aad383dcc0b98d2cfa3ae71747f056a44ac0292eabccef0a619a7b33836ba96,10437,,,true
P04_BLACK_W_000024,P04,BLACK,W,image_000024.jpg,training/P04/BLACK/W/images/image_000024.jpg,32651fda6fbc8e608ead154e79e9be877b952405d1723ab18a9e50ec71323e45,10411,,,true
P04_BLACK_W_000025,P04,BLACK,W,image_000025.jpg,training/P04/BLACK/W/images/image_000025.jpg,f817472b859f9cafef729ef0860f6bd164960ff05f9d36f00e8970dbdf1b3bd8,10534,,,true
P04_BLACK_Y_000001,P04,BLACK,Y,image_000001.jpg,training/P04/BLACK/Y/images/image_000001.jpg,dae22b74fd403b9fdf6cb86f9deeeae523b9082f3ef6042280da0d79f01eaeb7,5773,,,true
P04_BLACK_Y_000002,P04,BLACK,Y,image_000002.jpg,training/P04/BLACK/Y/images/image_000002.jpg,07c14b05af66e254f6580e16711bffc4aa94469977578c1632ec029a06f75c07,10061,,,true
P04_BLACK_Y_000003,P04,BLACK,Y,image_000003.jpg,training/P04/BLACK/Y/images/image_000003.jpg,cfc28788a435e81d65d39651c57c51d4fd1e40aed872fae1db78ff37004099e6,10106,,,true
P04_BLACK_Y_000004,P04,BLACK,Y,image_000004.jpg,training/P04/BLACK/Y/images/image_000004.jpg,421ef94941189250a21b3ca6320e2eac6a95c89bec95363aeda9dfb1afed8732,10481,,,true
P04_BLACK_Y_000005,P04,BLACK,Y,image_000005.jpg,training/P04/BLACK/Y/images/image_000005.jpg,7f143d8e6cb7f9e25e34f759acebe4b5867c9ef27154341a45bcd95efd715958,10701,,,true
P04_BLACK_Y_000006,P04,BLACK,Y,image_000006.jpg,training/P04/BLACK/Y/images/image_000006.jpg,1c68bb70247a098b871e8720283e892f9fe5050357b9d66cc36e5c39f6b80bbd,10634,,,true
P04_BLACK_Y_000007,P04,BLACK,Y,image_000007.jpg,training/P04/BLACK/Y/images/image_000007.jpg,961cdd7721d3367ded0874e87c69eaba3c2357f488017dd2c673cca16c8e6028,10833,,,true
P04_BLACK_Y_000008,P04,BLACK,Y,image_000008.jpg,training/P04/BLACK/Y/images/image_000008.jpg,cba7aba38e22453e82396cde347ae89130c792cecfc3adac2e2babcc2c0f99cf,11035,,,true
P04_BLACK_Y_000009,P04,BLACK,Y,image_000009.jpg,training/P04/BLACK/Y/images/image_000009.jpg,10dc356d4c2a00420555b1f7e3da387c5a9529c05426651bd7fd4406a2742de9,10918,,,true
P04_BLACK_Y_000010,P04,BLACK,Y,image_000010.jpg,training/P04/BLACK/Y/images/image_000010.jpg,838eea9fba0511bf5093080936a4899f9291a34a9ed4a725e8d9dd1e55701a1e,11007,,,true
P04_BLACK_Y_000011,P04,BLACK,Y,image_000011.jpg,training/P04/BLACK/Y/images/image_000011.jpg,4f71310e5c7994d43069416c7bbb285698584cd8703d0c042d57d36030085872,11029,,,true
P04_BLACK_Y_000012,P04,BLACK,Y,image_000012.jpg,training/P04/BLACK/Y/images/image_000012.jpg,f705d5a735a76b11f0d6a0c866fc851bd61cdfa1c206bf9b640ce57d3f8e6cc7,10792,,,true
P04_BLACK_Y_000013,P04,BLACK,Y,image_000013.jpg,training/P04/BLACK/Y/images/image_000013.jpg,e41c764574d23c20f3f81689b618dc449f3eedd5f9a10435d7c7d43525a9a1a8,10878,,,true
P04_BLACK_Y_000014,P04,BLACK,Y,image_000014.jpg,training/P04/BLACK/Y/images/image_000014.jpg,72896dd31225b37ec8b93d9a4bfc8e9438181faabefb5bce3b94637887b25cc5,10854,,,true
P04_BLACK_Y_000015,P04,BLACK,Y,image_000015.jpg,training/P04/BLACK/Y/images/image_000015.jpg,160e675446756bcfa12bea4e0edfc162c9ddba3e8d6f8e1108a24cff4069b814,10853,,,true
P04_BLACK_Y_000016,P04,BLACK,Y,image_000016.jpg,training/P04/BLACK/Y/images/image_000016.jpg,d45a32b3775e2e69d12b0368fc0038cf5e3af6038d24a395b374a95faa6c08dc,10659,,,true
P04_BLACK_Y_000017,P04,BLACK,Y,image_000017.jpg,training/P04/BLACK/Y/images/image_000017.jpg,e0c814760873d54b45ecea5f2eb4f2fe3a6c87b86f35ae9fdc6a4c6b5b546992,11143,,,true
P04_BLACK_Y_000018,P04,BLACK,Y,image_000018.jpg,training/P04/BLACK/Y/images/image_000018.jpg,736ade0cc1576a2a6887d9e3f87e04c98dfb7e5990986a900eccf7eee0183a4d,10966,,,true
P04_BLACK_Y_000019,P04,BLACK,Y,image_000019.jpg,training/P04/BLACK/Y/images/image_000019.jpg,1176aefcb076a11011fcd312fa7dc586bdabf10a8846cb8f5d5727b44d73361f,10704,,,true
P04_BLACK_Y_000020,P04,BLACK,Y,image_000020.jpg,training/P04/BLACK/Y/images/image_000020.jpg,1d996677d17503781ceaf29d0753b424402db377eb2838f3fd8d0434e28fb6cd,10681,,,true
P04_BLACK_Y_000021,P04,BLACK,Y,image_000021.jpg,training/P04/BLACK/Y/images/image_000021.jpg,c91b6eeccb338f6b2b71cf012a11cdc194cf2235b57a14d78c1f57cc95b310a3,11033,,,true
P04_BLACK_Y_000022,P04,BLACK,Y,image_000022.jpg,training/P04/BLACK/Y/images/image_000022.jpg,ca51ff16d49e0084aeb4d06959708307884accd6ea9447e1ee3fb8d71cc3cdc9,5434,,,true
P04_BLACK_Y_000023,P04,BLACK,Y,image_000023.jpg,training/P04/BLACK/Y/images/image_000023.jpg,37b5e6013072eb186e085dde63a9a77d0f33e20fc3f6aa69920a8e6dd0d1eaf5,6460,,,true
P04_BLACK_Y_000024,P04,BLACK,Y,image_000024.jpg,training/P04/BLACK/Y/images/image_000024.jpg,b8f4c439de2020c478e3063b29729c7bee9fb3d46ae7fbdca6d97ef7c3c36208,6416,,,true
P04_BLACK_Y_000025,P04,BLACK,Y,image_000025.jpg,training/P04/BLACK/Y/images/image_000025.jpg,78b07b360b64668945429531c31c313113bdd82bfa502350c8890bfae055bc41,6449,,,true
P04_WHITE_A_000001,P04,WHITE,A,image_000001.jpg,training/P04/WHITE/A/images/image_000001.jpg,7be07db42b5ecfcb69bfc3cb34a45e14b309bf9a61feb2197c79e88120487b4f,6362,,,true
P04_WHITE_A_000002,P04,WHITE,A,image_000002.jpg,training/P04/WHITE/A/images/image_000002.jpg,04c77acac52b337c55f7177a356260087a0d6bc4741b6da2ee9f7313ff211df0,6344,,,true
P04_WHITE_A_000003,P04,WHITE,A,image_000003.jpg,training/P04/WHITE/A/images/image_000003.jpg,35d0b464a3294f9e7c12f98566d65d01e961e6bc7e522530d47c7417d885b65b,6612,,,true
P04_WHITE_A_000004,P04,WHITE,A,image_000004.jpg,training/P04/WHITE/A/images/image_000004.jpg,cc8d7c8c2dc2800c6af3194ba554478d1e45a5ce86afab69c51cf5d02acf6f5d,7172,,,true
P04_WHITE_A_000005,P04,WHITE,A,image_000005.jpg,training/P04/WHITE/A/images/image_000005.jpg,fbd6246e534f88c0836e13b73549ee38dd85754971231e336b62dd301dd6f5c2,6773,,,true
P04_WHITE_A_000006,P04,WHITE,A,image_000006.jpg,training/P04/WHITE/A/images/image_000006.jpg,72dd5086bcd9992abf5a7e50bdea25024d59bfd9fd173db696a3e329d5643547,7811,,,true
P04_WHITE_A_000007,P04,WHITE,A,image_000007.jpg,training/P04/WHITE/A/images/image_000007.jpg,24dae5e2286c74d3e98c1596ce18bd5555bccfe2d9df565472bff126fca0e1da,7759,,,true
P04_WHITE_A_000008,P04,WHITE,A,image_000008.jpg,training/P04/WHITE/A/images/image_000008.jpg,11d0d38479282f3f596c3ec5fb9539d8f392f0fb1d77353e34b27028d924c82f,7642,,,true
P04_WHITE_A_000009,P04,WHITE,A,image_000009.jpg,training/P04/WHITE/A/images/image_000009.jpg,f9f3233adefef021cb76c6815a27a1400b60755d30a54610d8f2c5b6ac13b88f,7775,,,true
P04_WHITE_A_000010,P04,WHITE,A,image_000010.jpg,training/P04/WHITE/A/images/image_000010.jpg,1b8629ac462d71a3db06ce5fc7beee7d89eef207e870b68c81a3bf2a7cc61e2a,7589,,,true
P04_WHITE_A_000011,P04,WHITE,A,image_000011.jpg,training/P04/WHITE/A/images/image_000011.jpg,1aec0b0018e2d3aa03904c2b6000949fd303259c2335967a2cce55b2d7ad0ba0,7912,,,true
P04_WHITE_A_000012,P04,WHITE,A,image_000012.jpg,training/P04/WHITE/A/images/image_000012.jpg,ab9b82cab69bec10aaf17b138a4881e44215fa2df166b98134e2a89eeceb50f5,7648,,,true
P04_WHITE_A_000013,P04,WHITE,A,image_000013.jpg,training/P04/WHITE/A/images/image_000013.jpg,e2082e2cdd50143b9cf5cb695b7981174eac9f9b81c87d83cb865a3f2fab478b,6691,,,true
P04_WHITE_A_000014,P04,WHITE,A,image_000014.jpg,training/P04/WHITE/A/images/image_000014.jpg,0a35678288532beadd59b30b9bc8c77fb4f79bc81fb157da2ca5845236ed932c,6639,,,true
P04_WHITE_A_000015,P04,WHITE,A,image_000015.jpg,training/P04/WHITE/A/images/image_000015.jpg,4166baab0095e58526c93057f911135858abc95cfda71392f09ab70cc737eb62,6789,,,true
P04_WHITE_A_000016,P04,WHITE,A,image_000016.jpg,training/P04/WHITE/A/images/image_000016.jpg,e850396f2a68d313986dc6794dfa062bdba85604a2408ffa952ad22bad4c7213,7010,,,true
P04_WHITE_A_000017,P04,WHITE,A,image_000017.jpg,training/P04/WHITE/A/images/image_000017.jpg,a0c5482c341fccda522e5fd9b1d84a376083d26eb187fc65a566043a6c6d6015,7465,,,true
P04_WHITE_A_000018,P04,WHITE,A,image_000018.jpg,training/P04/WHITE/A/images/image_000018.jpg,596395dcbb1b763faf3b347735f6e416b059cc753c6168b70d441aa324970e90,7128,,,true
P04_WHITE_A_000019,P04,WHITE,A,image_000019.jpg,training/P04/WHITE/A/images/image_000019.jpg,37cfe30d509a5a174647dfcdb2ec8ff8ef368cf8390896770d08b95707402477,6940,,,true
P04_WHITE_A_000020,P04,WHITE,A,image_000020.jpg,training/P04/WHITE/A/images/image_000020.jpg,00f8cc1861ad524ee5a0aff959ae291b349541e272ba5702f8a9643dfa2cec13,7258,,,true
P04_WHITE_A_000021,P04,WHITE,A,image_000021.jpg,training/P04/WHITE/A/images/image_000021.jpg,b4848f216b24a0871c982f64ad46fc481c64dc1dfa87024bb14e47fa58b15367,7070,,,true
P04_WHITE_A_000022,P04,WHITE,A,image_000022.jpg,training/P04/WHITE/A/images/image_000022.jpg,6652a4fa3778eaad7d9b132dabd3f4746a2aeffef9857ab23c74cfe1d39ffd40,7067,,,true
P04_WHITE_A_000023,P04,WHITE,A,image_000023.jpg,training/P04/WHITE/A/images/image_000023.jpg,a1d369e7d811ea5ca97047e439e87a14d53951e8ccd4edaa65b30d62c1462414,7419,,,true
P04_WHITE_A_000024,P04,WHITE,A,image_000024.jpg,training/P04/WHITE/A/images/image_000024.jpg,8d434db5f286840e718dfaf4010ab0a20bcff785c600e2152afbbf58f450cdfe,7670,,,true
P04_WHITE_A_000025,P04,WHITE,A,image_000025.jpg,training/P04/WHITE/A/images/image_000025.jpg,8adca26a1e7b308c7af5c644ae00304bbf2ca9589c4240aa0edf414a4bf2ce34,7905,,,true
P04_WHITE_B_000001,P04,WHITE,B,image_000001.jpg,training/P04/WHITE/B/images/image_000001.jpg,59a8e75d2ae0f15688e6d335e599ffa63b288fa2e03697b9f6464049df4c1d13,7353,,,true
P04_WHITE_B_000002,P04,WHITE,B,image_000002.jpg,training/P04/WHITE/B/images/image_000002.jpg,ff2e82e4d1d2bdf79f90664f8379d99df246a83277bb34fc6d8cb527135f0ba6,7286,,,true
P04_WHITE_B_000003,P04,WHITE,B,image_000003.jpg,training/P04/WHITE/B/images/image_000003.jpg,d01f0db71ceb93a8a7b020f08e90c435b8100f572d44fe1578fe59a2b74dc16c,7376,,,true
P04_WHITE_B_000004,P04,WHITE,B,image_000004.jpg,training/P04/WHITE/B/images/image_000004.jpg,d909d3a6641bcbf6e3529e00eaf4bce933e5a41336f3c136324f73ed0e67ac83,7316,,,true
P04_WHITE_B_000005,P04,WHITE,B,image_000005.jpg,training/P04/WHITE/B/images/image_000005.jpg,b84462aa92ad0811ffb719b3223577003a2cb626c1bdc35d04508e6bf5b992e8,7243,,,true
P04_WHITE_B_000006,P04,WHITE,B,image_000006.jpg,training/P04/WHITE/B/images/image_000006.jpg,81a5a1a42b14d4c0ec069e0ef7916bcf8430bb8b656228687f75b658b984c100,7354,,,true
P04_WHITE_B_000007,P04,WHITE,B,image_000007.jpg,training/P04/WHITE/B/images/image_000007.jpg,49fc3fd4c22e6acd291051f3712c2b48a2e5eebf9355c743a9537c2d102898f6,7025,,,true
P04_WHITE_B_000008,P04,WHITE,B,image_000008.jpg,training/P04/WHITE/B/images/image_000008.jpg,1d815ddbc3b8ce214e4d1ecffde36073990a68b4f33db85e0813ae4b51dece00,6958,,,true
P04_WHITE_B_000009,P04,WHITE,B,image_000009.jpg,training/P04/WHITE/B/images/image_000009.jpg,eb4ca35535f7785e6a2edb425e5bd4af04e3e6963a7676a545165bb1bb04f188,7536,,,true
P04_WHITE_B_000010,P04,WHITE,B,image_000010.jpg,training/P04/WHITE/B/images/image_000010.jpg,f8e88ece51eeee2986bfdd162fea28398bcb38c02a89c7a69cd69b41cc795cc4,7096,,,true
P04_WHITE_B_000011,P04,WHITE,B,image_000011.jpg,training/P04/WHITE/B/images/image_000011.jpg,24fe0a238dbd08d810ead1f1bc5480f2b613beaed2ba3b10aa061ff53681e227,7275,,,true
P04_WHITE_B_000012,P04,WHITE,B,image_000012.jpg,training/P04/WHITE/B/images/image_000012.jpg,814f6fd9207eba0b040d8a67887c08a3c6030ced5b0e57e9a21f3f11966a1098,7233,,,true
P04_WHITE_B_000013,P04,WHITE,B,image_000013.jpg,training/P04/WHITE/B/images/image_000013.jpg,5bfcad6e935ea952331a6204e86a4fb9f8929d0a7bbfbb7afdbfbc2f60a3696e,7163,,,true
P04_WHITE_B_000014,P04,WHITE,B,image_000014.jpg,training/P04/WHITE/B/images/image_000014.jpg,226706d2b496f9cbdb0c49a6993f2dbf7d821890f0ec84cbbf0fc3aa635b8aa6,6957,,,true
P04_WHITE_B_000015,P04,WHITE,B,image_000015.jpg,training/P04/WHITE/B/images/image_000015.jpg,1434c130bb2d3e86d24ed6e8250784a192165244210863544c91e208d57935e2,7102,,,true
P04_WHITE_B_000016,P04,WHITE,B,image_000016.jpg,training/P04/WHITE/B/images/image_000016.jpg,5053b57e1afca2030e7134e7af0ea5cbbaf0803de842ddbe9a0736fcff2bc0f3,7288,,,true
P04_WHITE_B_000017,P04,WHITE,B,image_000017.jpg,training/P04/WHITE/B/images/image_000017.jpg,b5a34101ad5bf8b752014f869b676442884f8afe6980c22d5b847714cc318a63,7018,,,true
P04_WHITE_B_000018,P04,WHITE,B,image_000018.jpg,training/P04/WHITE/B/images/image_000018.jpg,fa44d1eb17d4cd82ab3a91501b3dcc84472fc14e035c8f1c3aa7a06bcaddf47e,7120,,,true
P04_WHITE_B_000019,P04,WHITE,B,image_000019.jpg,training/P04/WHITE/B/images/image_000019.jpg,2cb17486bec37227e2d69b89fabc1fb3cf756893dbfe8cdc1e4ca3cf7f9465c2,7168,,,true
P04_WHITE_B_000020,P04,WHITE,B,image_000020.jpg,training/P04/WHITE/B/images/image_000020.jpg,3fd23c2e536f73042d56f6b2208fdf691e06f849720437ea2bffdad99328ad4c,7011,,,true
P04_WHITE_B_000021,P04,WHITE,B,image_000021.jpg,training/P04/WHITE/B/images/image_000021.jpg,4271156e24bbbae9e1bf593d27503cd9649b01ed37713e6eb7a848384f8ec5fb,7123,,,true
P04_WHITE_B_000022,P04,WHITE,B,image_000022.jpg,training/P04/WHITE/B/images/image_000022.jpg,932740ae6853ee64def88fc174af374ba68962b4a3c0232e345f95c2f2e24421,7070,,,true
P04_WHITE_B_000023,P04,WHITE,B,image_000023.jpg,training/P04/WHITE/B/images/image_000023.jpg,82796709a0cd0382261038d73d63e72f0d598b5d976f3280deadf14c300f5e76,7217,,,true
P04_WHITE_B_000024,P04,WHITE,B,image_000024.jpg,training/P04/WHITE/B/images/image_000024.jpg,ec405294c20d69a84db64a6f3e730c76f25395475ae3871fe0e77f1c4075307c,6778,,,true
P04_WHITE_B_000025,P04,WHITE,B,image_000025.jpg,training/P04/WHITE/B/images/image_000025.jpg,0ec82f58939512dca6c7d935c748a60e9b209208a48f46623d5cea4417c9c905,6988,,,true
P04_WHITE_C_000001,P04,WHITE,C,image_000001.jpg,training/P04/WHITE/C/images/image_000001.jpg,bcbb00760c23bc94eeac384acd13b0fc9e62c5ae90f5846e754ffc4d4ab84467,7582,,,true
P04_WHITE_C_000002,P04,WHITE,C,image_000002.jpg,training/P04/WHITE/C/images/image_000002.jpg,2d4e7d6d445d8ed9121991908861c1ae2ddcd4f58de5583eb495fe3ee28a8c2c,7370,,,true
P04_WHITE_C_000003,P04,WHITE,C,image_000003.jpg,training/P04/WHITE/C/images/image_000003.jpg,51e5bf08e95b6047b5235e4142cb8883343f4ba26c97731900c842e4fe4477ff,7660,,,true
P04_WHITE_C_000004,P04,WHITE,C,image_000004.jpg,training/P04/WHITE/C/images/image_000004.jpg,2622981edd15d4e18df1164999cc9ea596884e22a44d442d840f1d29f9fc551a,7594,,,true
P04_WHITE_C_000005,P04,WHITE,C,image_000005.jpg,training/P04/WHITE/C/images/image_000005.jpg,8633dd2bf449701ff5bd029ab72e24107b1d244986aea42095fc8bce9c8eb157,7689,,,true
P04_WHITE_C_000006,P04,WHITE,C,image_000006.jpg,training/P04/WHITE/C/images/image_000006.jpg,a10b6f19d8d2d87d0fe7351c5c0c16a0c9095e095166f7c9dca44177a6f9cbe0,7311,,,true
P04_WHITE_C_000007,P04,WHITE,C,image_000007.jpg,training/P04/WHITE/C/images/image_000007.jpg,ffbe9abaadd06d8f30c0eec2d897346d1dd19b5e6bb707d4b0f418748a195452,7070,,,true
P04_WHITE_C_000008,P04,WHITE,C,image_000008.jpg,training/P04/WHITE/C/images/image_000008.jpg,24d5a3d80ce2fc1fa01f8510a4e47d3c096907c64a31d18a287028d6fc2b4fac,7063,,,true
P04_WHITE_C_000009,P04,WHITE,C,image_000009.jpg,training/P04/WHITE/C/images/image_000009.jpg,3ba204c84f06edf0c11053fd0b5cd125f31d9b10d0b60b64ff32692fcdec24c5,7266,,,true
P04_WHITE_C_000010,P04,WHITE,C,image_000010.jpg,training/P04/WHITE/C/images/image_000010.jpg,fd046b66c8bd868a1c3dbf7bfb22b32fca8157c65f0ba503889930967d4185eb,7157,,,true
P04_WHITE_C_000011,P04,WHITE,C,image_000011.jpg,training/P04/WHITE/C/images/image_000011.jpg,e09c5c6e02473c1757739bfb4f5bcb6f1f375ff036b22c117b42816227016fd4,7065,,,true
P04_WHITE_C_000012,P04,WHITE,C,image_000012.jpg,training/P04/WHITE/C/images/image_000012.jpg,9e1104b3840eb99ae228e7c140d752109bd667d126a442c2d4279eba8702da92,7455,,,true
P04_WHITE_C_000013,P04,WHITE,C,image_000013.jpg,training/P04/WHITE/C/images/image_000013.jpg,de81f1e12af4d025ed0595d90c1d069870edd99e4e30a35b9b7e18cc4f99e0ef,7581,,,true
P04_WHITE_C_000014,P04,WHITE,C,image_000014.jpg,training/P04/WHITE/C/images/image_000014.jpg,c71f2b77d88889aaa62a619c05f6eac91746d9cebff20daebff5173c04719344,7591,,,true
P04_WHITE_C_000015,P04,WHITE,C,image_000015.jpg,training/P04/WHITE/C/images/image_000015.jpg,71df3e0390bbf15b70cacd8740c7358ef6227440273b7a2aed660584026adc40,7788,,,true
P04_WHITE_C_000016,P04,WHITE,C,image_000016.jpg,training/P04/WHITE/C/images/image_000016.jpg,c97774d5f9ac677612ca02dbe049b51421f97f5a0565bb0b82eb92cb56badaa5,7310,,,true
P04_WHITE_C_000017,P04,WHITE,C,image_000017.jpg,training/P04/WHITE/C/images/image_000017.jpg,474741e45aeb239796fb72a229e139ac6284b3bb2aad2d350e17330a06939cab,7725,,,true
P04_WHITE_C_000018,P04,WHITE,C,image_000018.jpg,training/P04/WHITE/C/images/image_000018.jpg,560be08ba011cd977223125cbefe6d281fadb3831dd43706facc80bf888a7f2a,7843,,,true
P04_WHITE_C_000019,P04,WHITE,C,image_000019.jpg,training/P04/WHITE/C/images/image_000019.jpg,8a6f4b43462fe68aa66dd2e5832b58bf35e86d257740091004c3a11366cbe479,7438,,,true
P04_WHITE_C_000020,P04,WHITE,C,image_000020.jpg,training/P04/WHITE/C/images/image_000020.jpg,ecc78e31159900b5d056ca012a33a4c8de974ff17be36f4d23e4efc0b9eb841c,7627,,,true
P04_WHITE_C_000021,P04,WHITE,C,image_000021.jpg,training/P04/WHITE/C/images/image_000021.jpg,bd96989919c67bd67524a8b43ba3289d65c095d8f0f232455f11174b23a26e38,7627,,,true
P04_WHITE_C_000022,P04,WHITE,C,image_000022.jpg,training/P04/WHITE/C/images/image_000022.jpg,099ef3aa087174f580d308745379eb8f75c7fd646392d4b3fe794e1cf3cdf263,7488,,,true
P04_WHITE_C_000023,P04,WHITE,C,image_000023.jpg,training/P04/WHITE/C/images/image_000023.jpg,4daa4296b514f947891e38d764b488221b7637467433dfa4bc01b6b44e7bd70b,7228,,,true
P04_WHITE_C_000024,P04,WHITE,C,image_000024.jpg,training/P04/WHITE/C/images/image_000024.jpg,fb5c155eadbfbb7b12a13b1020ac76068ce8bfbeb598b631994da3ee46daf45a,7199,,,true
P04_WHITE_C_000025,P04,WHITE,C,image_000025.jpg,training/P04/WHITE/C/images/image_000025.jpg,db0a29084540115b409fd5ace5836f8bafc9f83c6b74a19c17ea8e13a0c6b7a4,7362,,,true
P04_WHITE_E_000001,P04,WHITE,E,image_000001.jpg,training/P04/WHITE/E/images/image_000001.jpg,9db349525e440ceb7dd1ecfb4e6225fe613cebebfe306900c8fa34a26c41ba90,6536,,,true
P04_WHITE_E_000002,P04,WHITE,E,image_000002.jpg,training/P04/WHITE/E/images/image_000002.jpg,9081f6eb1561820068310a8b21c1a68a93c00f26b97a53dde722a0457f1f0901,6575,,,true
P04_WHITE_E_000003,P04,WHITE,E,image_000003.jpg,training/P04/WHITE/E/images/image_000003.jpg,0f5b91ee13deedc45382174f61d08f51bfe63079cf0e25e2b5101792c26b1cb1,6797,,,true
P04_WHITE_E_000004,P04,WHITE,E,image_000004.jpg,training/P04/WHITE/E/images/image_000004.jpg,436637a4db542b9589377f92f7379be32799dfe55c231e521925884a04ec656e,6517,,,true
P04_WHITE_E_000005,P04,WHITE,E,image_000005.jpg,training/P04/WHITE/E/images/image_000005.jpg,9b52b2bee4b95117c054175265e4e3c299f8e0a90d42a39dd7a2209503f06928,6644,,,true
P04_WHITE_E_000006,P04,WHITE,E,image_000006.jpg,training/P04/WHITE/E/images/image_000006.jpg,59e06ea97ebd4bf48f2e2ca1ba9c333d3b617876ac399c4b48bcbf6731988312,6420,,,true
P04_WHITE_E_000007,P04,WHITE,E,image_000007.jpg,training/P04/WHITE/E/images/image_000007.jpg,951964022a22dfe75081a86e28c0e9dc6eec60840515bdd27cbdaf1480cc06b4,6619,,,true
P04_WHITE_E_000008,P04,WHITE,E,image_000008.jpg,training/P04/WHITE/E/images/image_000008.jpg,0c512248720df2ac87dd507a7438fbbf05bfa83d48ba3ec3d975d8b98274d9f6,6928,,,true
P04_WHITE_E_000009,P04,WHITE,E,image_000009.jpg,training/P04/WHITE/E/images/image_000009.jpg,e07a799495c44566d7fe4c8c77ca808202a29d0a45995a5cfce10975119e1e88,6567,,,true
P04_WHITE_E_000010,P04,WHITE,E,image_000010.jpg,training/P04/WHITE/E/images/image_000010.jpg,970c56f188f47fe0d2aa099e206633f9f9aa87cc8bcefc276862b6fdfcac0bfb,6511,,,true
P04_WHITE_E_000011,P04,WHITE,E,image_000011.jpg,training/P04/WHITE/E/images/image_000011.jpg,828ce6cb3148d767dc6fb01e4556e283edfadb9b9d6af66d3d686fc3fccbe335,6585,,,true
P04_WHITE_E_000012,P04,WHITE,E,image_000012.jpg,training/P04/WHITE/E/images/image_000012.jpg,d9752b3f4f3e1caa873b3ac60fa03012ba4c7097c1e9b104f2180da71cfb1835,6712,,,true
P04_WHITE_E_000013,P04,WHITE,E,image_000013.jpg,training/P04/WHITE/E/images/image_000013.jpg,1a5e56fabbc31e87245a02f51a1a42da04a0074537d0a40f9dc201cdf164a70b,7133,,,true
P04_WHITE_E_000014,P04,WHITE,E,image_000014.jpg,training/P04/WHITE/E/images/image_000014.jpg,682fa0b650a45bc241f0a26ad872ca7aa9dd8ab8f43712550c4fb451149b720e,7191,,,true
P04_WHITE_E_000015,P04,WHITE,E,image_000015.jpg,training/P04/WHITE/E/images/image_000015.jpg,dfebc72976274671431efcc5886531e1dc73243df56736aa75f1ff35e8c1e6ec,7010,,,true
P04_WHITE_E_000016,P04,WHITE,E,image_000016.jpg,training/P04/WHITE/E/images/image_000016.jpg,1f9fdd1a0249dd722580dd0477e6751974d1c53213ff382a00f7e892e7b45267,7239,,,true
P04_WHITE_E_000017,P04,WHITE,E,image_000017.jpg,training/P04/WHITE/E/images/image_000017.jpg,4d0aeaa4e3cfcd0b70bd1ba5566666f35f320f703652272211b178373f4e128a,7407,,,true
P04_WHITE_E_000018,P04,WHITE,E,image_000018.jpg,training/P04/WHITE/E/images/image_000018.jpg,403b1e011084a429f9acf2e584959cc21787b3557e280b060000e138c3b0911f,7238,,,true
P04_WHITE_E_000019,P04,WHITE,E,image_000019.jpg,training/P04/WHITE/E/images/image_000019.jpg,6168d03df156ee286fe83f98f87046f185730401148f8bb0f561e2aefb86aa1f,7215,,,true
P04_WHITE_E_000020,P04,WHITE,E,image_000020.jpg,training/P04/WHITE/E/images/image_000020.jpg,56a442faf72b179ae221dc9df55eaea5f7cfd21f8adeee64cad8b38fd991d67f,7132,,,true
P04_WHITE_E_000021,P04,WHITE,E,image_000021.jpg,training/P04/WHITE/E/images/image_000021.jpg,66a85fabdf5467d00c351d98ccb5aa765b23d3b456780829e75a5ebf295d8061,7409,,,true
P04_WHITE_E_000022,P04,WHITE,E,image_000022.jpg,training/P04/WHITE/E/images/image_000022.jpg,7f48bb67aed7867cdf97eb6970067ab6e5fa128bdf54b2c45bc43c2c397f6c5f,7260,,,true
P04_WHITE_E_000023,P04,WHITE,E,image_000023.jpg,training/P04/WHITE/E/images/image_000023.jpg,9331f359b1348e2cbcd3962b86209a3d3be084374eed1bcc67ac205950e7bf46,7303,,,true
P04_WHITE_E_000024,P04,WHITE,E,image_000024.jpg,training/P04/WHITE/E/images/image_000024.jpg,51a97cd1a0a4bbd58af994acd4bbd8dd40faf31590e3e2d547504a941507582a,7186,,,true
P04_WHITE_E_000025,P04,WHITE,E,image_000025.jpg,training/P04/WHITE/E/images/image_000025.jpg,bce496180e0c2963a63d29458f4f47b52172e36b0a2700b941bc18c0dade7d75,6619,,,true
P04_WHITE_I_000001,P04,WHITE,I,image_000001.jpg,training/P04/WHITE/I/images/image_000001.jpg,e8da8db1f59b92708eebf8dbb5244df9ebaf05c2309ea44fc103cd736ffaaf05,6901,,,true
P04_WHITE_I_000002,P04,WHITE,I,image_000002.jpg,training/P04/WHITE/I/images/image_000002.jpg,85f5f9e9b5c1ec24972eca69fe31cbd72ee0bdb0d3325462fab9c2c25a72d833,6885,,,true
P04_WHITE_I_000003,P04,WHITE,I,image_000003.jpg,training/P04/WHITE/I/images/image_000003.jpg,d17eccba877aa74af6628e7eae3ce090a83aee71cfaa0c7763c3447707becf69,7388,,,true
P04_WHITE_I_000004,P04,WHITE,I,image_000004.jpg,training/P04/WHITE/I/images/image_000004.jpg,968aa24f168e7e3488185abca6c319c8201434c40f4bc377b953b7f84ed92d0c,7070,,,true
P04_WHITE_I_000005,P04,WHITE,I,image_000005.jpg,training/P04/WHITE/I/images/image_000005.jpg,3a5600f5b80e8100e4f960fb5ac5f5390895aa00362e9dadd00727959fe51a22,7081,,,true
P04_WHITE_I_000006,P04,WHITE,I,image_000006.jpg,training/P04/WHITE/I/images/image_000006.jpg,a75b62f67bd5ffaa6f84f525a3c651d1d39b0a4b9b1dc3ad8a8aeda36d16d220,6766,,,true
P04_WHITE_I_000007,P04,WHITE,I,image_000007.jpg,training/P04/WHITE/I/images/image_000007.jpg,2ba0b33fc816c0928c1ad2e2b28d343df1a1eb487b1e348607760942a8e03aaf,6766,,,true
P04_WHITE_I_000008,P04,WHITE,I,image_000008.jpg,training/P04/WHITE/I/images/image_000008.jpg,96e087921c1d0ff5ff5b5941a8f8ced5e1e083a1fc5355444777ac1ab98ba766,6628,,,true
P04_WHITE_I_000009,P04,WHITE,I,image_000009.jpg,training/P04/WHITE/I/images/image_000009.jpg,89171589692177a8b4fd6ae5d2101e0670dcb6450152486b23dcd7cedd687d24,7125,,,true
P04_WHITE_I_000010,P04,WHITE,I,image_000010.jpg,training/P04/WHITE/I/images/image_000010.jpg,aee2cda15600a6a3037bf3018e6eab5ab05d74a257d94f3230b9e9a987f0dfaf,7281,,,true
P04_WHITE_I_000011,P04,WHITE,I,image_000011.jpg,training/P04/WHITE/I/images/image_000011.jpg,66b92e6dc5a9f1f63966813a92bfb652adcd0420b0aa122c36bd3af3de20d580,6593,,,true
P04_WHITE_I_000012,P04,WHITE,I,image_000012.jpg,training/P04/WHITE/I/images/image_000012.jpg,b2f61da03467770309dfb277ef3f914b36fa69e3c66c26f8d95032a203d7d537,6307,,,true
P04_WHITE_I_000013,P04,WHITE,I,image_000013.jpg,training/P04/WHITE/I/images/image_000013.jpg,6224ce21054886c1570ddea3934999ce547d6497d9627a238d3b1db112bec71d,6569,,,true
P04_WHITE_I_000014,P04,WHITE,I,image_000014.jpg,training/P04/WHITE/I/images/image_000014.jpg,f8c221df8ff7895ea4b20904a0f38c87b3196e9e38b44d425527817590bb9bd0,7289,,,true
P04_WHITE_I_000015,P04,WHITE,I,image_000015.jpg,training/P04/WHITE/I/images/image_000015.jpg,88568a039448632014510166504c38fb4fec9f0e1918867cbb2aa91bbefdde46,6653,,,true
P04_WHITE_I_000016,P04,WHITE,I,image_000016.jpg,training/P04/WHITE/I/images/image_000016.jpg,772ba1f1e6962f4276cf770ccd1b01556526e3dabce638ce2f2cda797a8abd40,6612,,,true
P04_WHITE_I_000017,P04,WHITE,I,image_000017.jpg,training/P04/WHITE/I/images/image_000017.jpg,8dbf6d171265d46dab98ed5d0421c5621147f69d020d25b7c230d265acc28f7b,6621,,,true
P04_WHITE_I_000018,P04,WHITE,I,image_000018.jpg,training/P04/WHITE/I/images/image_000018.jpg,9c6b2678cbd88f39cb0b698c4dbb8a48158fde44860e3a634823195c1a2fa8d3,6571,,,true
P04_WHITE_I_000019,P04,WHITE,I,image_000019.jpg,training/P04/WHITE/I/images/image_000019.jpg,1ae363aa644489ff051265261ad5d28f04b16a75e6fd3516e989c43dcc019a54,7470,,,true
P04_WHITE_I_000020,P04,WHITE,I,image_000020.jpg,training/P04/WHITE/I/images/image_000020.jpg,35683e44254bc14bb2a9ece5b59c997d29fa1e794122d39ce7bfbb69f8a6f259,7144,,,true
P04_WHITE_I_000021,P04,WHITE,I,image_000021.jpg,training/P04/WHITE/I/images/image_000021.jpg,5ab158b53a95c246019e7088872b73afc548c11cb110d317454a6d0d699bcfb8,7324,,,true
P04_WHITE_I_000022,P04,WHITE,I,image_000022.jpg,training/P04/WHITE/I/images/image_000022.jpg,a101223efdf800eaa04977b205f7f16459e0e0b9f60bf968a53af7f49f7bfa0f,7538,,,true
P04_WHITE_I_000023,P04,WHITE,I,image_000023.jpg,training/P04/WHITE/I/images/image_000023.jpg,00f36208f2b492e4b2c04d4c3e7962ccbfbdb41463396df31966a104ef753f73,7166,,,true
P04_WHITE_I_000024,P04,WHITE,I,image_000024.jpg,training/P04/WHITE/I/images/image_000024.jpg,9948569acd904b6ff7eb5f5248c512a7ca5b10661f2d19de19467492e597606c,6946,,,true
P04_WHITE_I_000025,P04,WHITE,I,image_000025.jpg,training/P04/WHITE/I/images/image_000025.jpg,7b0e08a1f6103b53b1405cebc1a4990b94686329f0f929c78b55e07be335ac61,6996,,,true
P04_WHITE_L_000001,P04,WHITE,L,image_000001.jpg,training/P04/WHITE/L/images/image_000001.jpg,0c1a7d1679522beec1c01a9abe8eedd6dde9bdbfb9a0d7b78d3556cdf50237c0,6814,,,true
P04_WHITE_L_000002,P04,WHITE,L,image_000002.jpg,training/P04/WHITE/L/images/image_000002.jpg,0e18a5ec0e4c3621e7a2bc2caafe527170b63367c8e055053edee558618e3af1,6753,,,true
P04_WHITE_L_000003,P04,WHITE,L,image_000003.jpg,training/P04/WHITE/L/images/image_000003.jpg,558d7812d658510f23686e53f7ba7fac798b51104f67568af7d23e7e0262bc95,6637,,,true
P04_WHITE_L_000004,P04,WHITE,L,image_000004.jpg,training/P04/WHITE/L/images/image_000004.jpg,31a6522485a2b0f1d08383443fb7eb157dc9d94f36683d7344de2439f965c4d9,6935,,,true
P04_WHITE_L_000005,P04,WHITE,L,image_000005.jpg,training/P04/WHITE/L/images/image_000005.jpg,8a32771ae921799a437f068c6fab62a60b51acbbcc2b3df10c4bed899232fad5,7187,,,true
P04_WHITE_L_000006,P04,WHITE,L,image_000006.jpg,training/P04/WHITE/L/images/image_000006.jpg,e2f6cf0b14529f254dbc3e612737ff07b6cfaa645477c74b0656ca23804ff043,7029,,,true
P04_WHITE_L_000007,P04,WHITE,L,image_000007.jpg,training/P04/WHITE/L/images/image_000007.jpg,20f0d5306ece6ddb693355a8dc44d4a12e6748ed023973725874b2e27f1fe0c9,7042,,,true
P04_WHITE_L_000008,P04,WHITE,L,image_000008.jpg,training/P04/WHITE/L/images/image_000008.jpg,8ec490da7c738a382e995a0edb2866d1d4cbdd147e45fd6862a90fe370cf4c3e,6966,,,true
P04_WHITE_L_000009,P04,WHITE,L,image_000009.jpg,training/P04/WHITE/L/images/image_000009.jpg,f289d8274ae7e06fc4a70e7aa55a8dd61f0375cd438205c1ce21387cc22ef873,7037,,,true
P04_WHITE_L_000010,P04,WHITE,L,image_000010.jpg,training/P04/WHITE/L/images/image_000010.jpg,17aef51e5df4342ffa24a583eac9529df82f0da816ad13d23a717e1f63319f8c,7074,,,true
P04_WHITE_L_000011,P04,WHITE,L,image_000011.jpg,training/P04/WHITE/L/images/image_000011.jpg,1063eb4fadf6fbedc6faaba5880b99b13cb0cfdac90b75223573fadcad1dd3ce,7023,,,true
P04_WHITE_L_000012,P04,WHITE,L,image_000012.jpg,training/P04/WHITE/L/images/image_000012.jpg,5e56dea1bd3977611354ae2baec7b049ead22e46378d052d99d926c4ccac666c,6891,,,true
P04_WHITE_L_000013,P04,WHITE,L,image_000013.jpg,training/P04/WHITE/L/images/image_000013.jpg,8ea6a63bd896b0ecb7ce927fae767e4913826b4ec49694bca5ad3a5d7b200771,7352,,,true
P04_WHITE_L_000014,P04,WHITE,L,image_000014.jpg,training/P04/WHITE/L/images/image_000014.jpg,9d1e5810e7d66d9ba5e2c03d6ac49debd2da727eda2cc28e9ec8be86ec577f22,7334,,,true
P04_WHITE_L_000015,P04,WHITE,L,image_000015.jpg,training/P04/WHITE/L/images/image_000015.jpg,d76c892e99e7fe9e46af6f1daac885cbee5751bddc25059709aa1e345547ecc4,7237,,,true
P04_WHITE_L_000016,P04,WHITE,L,image_000016.jpg,training/P04/WHITE/L/images/image_000016.jpg,8a237ae4db8abe80ddfac1b7ac2a804f427b5aa9b7e3919f4a7c21c747c508eb,7411,,,true
P04_WHITE_L_000017,P04,WHITE,L,image_000017.jpg,training/P04/WHITE/L/images/image_000017.jpg,615ed5fa1671016363d33008939b2a91fd1de6cba13dadc098f1add7385296a0,7241,,,true
P04_WHITE_L_000018,P04,WHITE,L,image_000018.jpg,training/P04/WHITE/L/images/image_000018.jpg,bf9778e28c89b7664ee68ac2fa27f95c06610711516a6ad6a8c0d467c6c765e3,7225,,,true
P04_WHITE_L_000019,P04,WHITE,L,image_000019.jpg,training/P04/WHITE/L/images/image_000019.jpg,8aa39b2a17f1edd02fe0f8ad2179438feb6c7160f4fa98d5134dd54ed8f5fbb0,7359,,,true
P04_WHITE_L_000020,P04,WHITE,L,image_000020.jpg,training/P04/WHITE/L/images/image_000020.jpg,c744aedcb753098e57c343078ce0bad689895c818c4f1959b8a14d83716e97ea,7255,,,true
P04_WHITE_L_000021,P04,WHITE,L,image_000021.jpg,training/P04/WHITE/L/images/image_000021.jpg,796eb9d467e4890f531a300b077f5979c788d9ee780e6962ea692625a29b7efa,7306,,,true
P04_WHITE_L_000022,P04,WHITE,L,image_000022.jpg,training/P04/WHITE/L/images/image_000022.jpg,77b43c9e559047a2f55a36da09658d9db7cbdc53e7453a6cbfa190ece0c0923f,7315,,,true
P04_WHITE_L_000023,P04,WHITE,L,image_000023.jpg,training/P04/WHITE/L/images/image_000023.jpg,5ab229b8692cec1ba8adf80e30a14a26e9ddf768b10fb89af9ec5399a2a52ff2,7279,,,true
P04_WHITE_L_000024,P04,WHITE,L,image_000024.jpg,training/P04/WHITE/L/images/image_000024.jpg,1933270c54e716c052b87e5cb7f2cba010b90a5601b98d56289abd571c91d75d,7154,,,true
P04_WHITE_L_000025,P04,WHITE,L,image_000025.jpg,training/P04/WHITE/L/images/image_000025.jpg,c8825951d1764711fa9d17f9f3f7bf95bae1074c707ff8c03d4eb4c8d2951ae3,7465,,,true
P04_WHITE_M_000001,P04,WHITE,M,image_000001.jpg,training/P04/WHITE/M/images/image_000001.jpg,270a7c7287bc94155553ecd9a45f31b0b78b4d616b3bce2311a486389f091346,4377,,,true
P04_WHITE_M_000002,P04,WHITE,M,image_000002.jpg,training/P04/WHITE/M/images/image_000002.jpg,02334cdd2b349c9a43d531649b0c493cf506f88b22c9b74b033ae204dd876ca6,4791,,,true
P04_WHITE_M_000003,P04,WHITE,M,image_000003.jpg,training/P04/WHITE/M/images/image_000003.jpg,4821de843ec61adcbc249e75df13dba48c58a982512f396f8d4efdfa9c941d23,4157,,,true
P04_WHITE_M_000004,P04,WHITE,M,image_000004.jpg,training/P04/WHITE/M/images/image_000004.jpg,e3fbf7d0750822d4c7fa6d5bb77a74d0cf3174053dfd7bc4aea2230097a1310e,7683,,,true
P04_WHITE_M_000005,P04,WHITE,M,image_000005.jpg,training/P04/WHITE/M/images/image_000005.jpg,1b3b4aaa5057dffc89daa2723263f488d1da8c6044084be4d0ac75f99553c1da,7533,,,true
P04_WHITE_M_000006,P04,WHITE,M,image_000006.jpg,training/P04/WHITE/M/images/image_000006.jpg,cccc1dc3cb79936aba7331496d6f1cf4654a29f9bfa85fb8de00f826dc6a61c9,7743,,,true
P04_WHITE_M_000007,P04,WHITE,M,image_000007.jpg,training/P04/WHITE/M/images/image_000007.jpg,cc8b7bd9ab0d5d0f887dce1fd2510d7ced70c9ff0ee630e8d9388fa8add6b676,8080,,,true
P04_WHITE_M_000008,P04,WHITE,M,image_000008.jpg,training/P04/WHITE/M/images/image_000008.jpg,4abce68b398172f8ea51c6ad687f1f83c9634e5822eff8bf518154b9b97d7335,7237,,,true
P04_WHITE_M_000009,P04,WHITE,M,image_000009.jpg,training/P04/WHITE/M/images/image_000009.jpg,0da8af7edbfa6b7b5b9fad05e275570c36a7f16c8e1f0efd2a3ed5f8bbb08274,6860,,,true
P04_WHITE_M_000010,P04,WHITE,M,image_000010.jpg,training/P04/WHITE/M/images/image_000010.jpg,4d0eb1084a58684f15af9b027c057cac1f5932315e724d8dc8a67429d0e2ae69,6544,,,true
P04_WHITE_M_000011,P04,WHITE,M,image_000011.jpg,training/P04/WHITE/M/images/image_000011.jpg,f2391591c859b1b78a4be24d6ed653c41078dd806a0b4ccefb4f9bf6f6a45c67,7010,,,true
P04_WHITE_M_000012,P04,WHITE,M,image_000012.jpg,training/P04/WHITE/M/images/image_000012.jpg,caec30e3923f1f5c265d7c10327cc1ce3d602f78acc3410d2b50094f044d0ecf,7215,,,true
P04_WHITE_M_000013,P04,WHITE,M,image_000013.jpg,training/P04/WHITE/M/images/image_000013.jpg,5c0ea8c38cd04c299157105913bf4620201710efe54e348a5414efc7f34d2eff,6931,,,true
P04_WHITE_M_000014,P04,WHITE,M,image_000014.jpg,training/P04/WHITE/M/images/image_000014.jpg,0d758bfb5885f2fbddd1509cbcac1e4e321af75fe28f3392a2c575f9cc223812,6791,,,true
P04_WHITE_M_000015,P04,WHITE,M,image_000015.jpg,training/P04/WHITE/M/images/image_000015.jpg,c43dc2ec1719e9fff768ca2e5d40a780afae770aa1af80ad30f9b1678dec6939,6620,,,true
P04_WHITE_M_000016,P04,WHITE,M,image_000016.jpg,training/P04/WHITE/M/images/image_000016.jpg,5a435cf3f4367690c052a873017b9af036d320990bf47162b47bb8ad95babf13,6761,,,true
P04_WHITE_M_000017,P04,WHITE,M,image_000017.jpg,training/P04/WHITE/M/images/image_000017.jpg,6f3d70f186c7c7f45034a3fe2c571da1272e227edcbfa23dfd1b70349a37f161,6848,,,true
P04_WHITE_M_000018,P04,WHITE,M,image_000018.jpg,training/P04/WHITE/M/images/image_000018.jpg,d389be62d89a5e230279b23ceb2b92fe0f4a2032e517f1d02dfc290c376a9d92,6763,,,true
P04_WHITE_M_000019,P04,WHITE,M,image_000019.jpg,training/P04/WHITE/M/images/image_000019.jpg,b177280a2ad805e28d46719b14cd5e1311f31cedfa250d50b97e31bcc7ad4e76,6993,,,true
P04_WHITE_M_000020,P04,WHITE,M,image_000020.jpg,training/P04/WHITE/M/images/image_000020.jpg,246b5e7cdc6d6bae2228a45130901aa439d9b9761f672403d180a5be6bd2843e,7231,,,true
P04_WHITE_M_000021,P04,WHITE,M,image_000021.jpg,training/P04/WHITE/M/images/image_000021.jpg,1c97d81c6f43e469e7cdfdea5a57d03c7714352c6b173bd2556b3ac876ffec9e,7439,,,true
P04_WHITE_M_000022,P04,WHITE,M,image_000022.jpg,training/P04/WHITE/M/images/image_000022.jpg,71a88b413a266ebe570423aba91c303b088f8024bb9d8516733f73e90ef4a3b0,7115,,,true
P04_WHITE_M_000023,P04,WHITE,M,image_000023.jpg,training/P04/WHITE/M/images/image_000023.jpg,738e68db52e84ddbb2e048473cfc8e015b07b91b57fcfe2d24d6aa32b41256c7,7310,,,true
P04_WHITE_M_000024,P04,WHITE,M,image_000024.jpg,training/P04/WHITE/M/images/image_000024.jpg,26aa7bb638abf876474a8a287d0dcfa8cbafe4b612b76173f9a16fb58ba4e1e3,7340,,,true
P04_WHITE_M_000025,P04,WHITE,M,image_000025.jpg,training/P04/WHITE/M/images/image_000025.jpg,ab2fde7416e56f189c9c19d60dfc26f7e2e7ab63c1d5b2d92a725dd29b462126,7686,,,true
P04_WHITE_N_000001,P04,WHITE,N,image_000001.jpg,training/P04/WHITE/N/images/image_000001.jpg,f3c51e592c764ef1e5e7f1ba83be7bf64e111c23e6c6a61ae1d97bdbb2d46989,7990,,,true
P04_WHITE_N_000002,P04,WHITE,N,image_000002.jpg,training/P04/WHITE/N/images/image_000002.jpg,3939e7514c85d526e4dee1fbb4d6259eb8d1e7f5b6822d838e67a29c05d78880,8241,,,true
P04_WHITE_N_000003,P04,WHITE,N,image_000003.jpg,training/P04/WHITE/N/images/image_000003.jpg,814021407798186d0aa320d2ad983a2bd92072f754c9fb87b2324e5a9b8a1ddf,7994,,,true
P04_WHITE_N_000004,P04,WHITE,N,image_000004.jpg,training/P04/WHITE/N/images/image_000004.jpg,bdbd386a2605cfc4b0e8e7c87c7b5c25bf4e4333a363d6dec9c2801a0c330e25,7320,,,true
P04_WHITE_N_000005,P04,WHITE,N,image_000005.jpg,training/P04/WHITE/N/images/image_000005.jpg,bd9e931809f631d4a359dc0d6f944900480806cfa470a814e63fa099b3af8d8a,8020,,,true
P04_WHITE_N_000006,P04,WHITE,N,image_000006.jpg,training/P04/WHITE/N/images/image_000006.jpg,ce5bd43bfdf02f172e16e76b3c46ebd031c21b71cb5c451d7f4d41ea6085d520,7956,,,true
P04_WHITE_N_000007,P04,WHITE,N,image_000007.jpg,training/P04/WHITE/N/images/image_000007.jpg,4a8152691386049a4d4dab1a37dfe80ba205cc605f745b12e807b7c730c6080c,8147,,,true
P04_WHITE_N_000008,P04,WHITE,N,image_000008.jpg,training/P04/WHITE/N/images/image_000008.jpg,f52b655adb088be4ca4c64174f558fa973c67aa7421697b25ff0ae1fc6aa91f0,8096,,,true
P04_WHITE_N_000009,P04,WHITE,N,image_000009.jpg,training/P04/WHITE/N/images/image_000009.jpg,7c73c7a6259dc23ea3fd489da1468033e55fdb9c00804025c08fe55a9048ae12,7478,,,true
P04_WHITE_N_000010,P04,WHITE,N,image_000010.jpg,training/P04/WHITE/N/images/image_000010.jpg,c04e58f352cbef3cee702fbee20228ab931aa8a844b6972a710260eb37cf3bc2,8349,,,true
P04_WHITE_N_000011,P04,WHITE,N,image_000011.jpg,training/P04/WHITE/N/images/image_000011.jpg,0223ca474581a318f77c70f9c0df32f740d1c049e7839409738da26f855e03a5,8539,,,true
P04_WHITE_N_000012,P04,WHITE,N,image_000012.jpg,training/P04/WHITE/N/images/image_000012.jpg,422c8f279f56e556bfe17da7b471e65def0642b79a6630a2278ef46e47aa41c0,8625,,,true
P04_WHITE_N_000013,P04,WHITE,N,image_000013.jpg,training/P04/WHITE/N/images/image_000013.jpg,59ec0ef032e3561253d1eed1c25d8d6639d4ef366d2cc20d0a7550b9fe97a072,8495,,,true
P04_WHITE_N_000014,P04,WHITE,N,image_000014.jpg,training/P04/WHITE/N/images/image_000014.jpg,86611d060c2d7a577bc8a5855d6e4b2f1d30c240e271a5b3ee1c62469abd5251,8210,,,true
P04_WHITE_N_000015,P04,WHITE,N,image_000015.jpg,training/P04/WHITE/N/images/image_000015.jpg,e2e86b31d2e9eedc75919e9d33a3ca100b347a56d9d2ddcdaf5bc94e0f512fb5,7113,,,true
P04_WHITE_N_000016,P04,WHITE,N,image_000016.jpg,training/P04/WHITE/N/images/image_000016.jpg,40d953483060e781c16b87ac0188e84bfdef4eafcc6f6064fb1bb50e4e94778f,7000,,,true
P04_WHITE_N_000017,P04,WHITE,N,image_000017.jpg,training/P04/WHITE/N/images/image_000017.jpg,0ca27233c460025c8df0de9fc4e4f2d400234bfc261764a93105bfc8251c4235,7295,,,true
P04_WHITE_N_000018,P04,WHITE,N,image_000018.jpg,training/P04/WHITE/N/images/image_000018.jpg,a80702ebea1db8a376aa48ac4e5509ea2c5d3c3e4529ba308a03a926c19e897c,7549,,,true
P04_WHITE_N_000019,P04,WHITE,N,image_000019.jpg,training/P04/WHITE/N/images/image_000019.jpg,6f8e88c06a8181ffab0a1eea38f068e0a5b6256126d33d1d86755ccce74ce6d6,7383,,,true
P04_WHITE_N_000020,P04,WHITE,N,image_000020.jpg,training/P04/WHITE/N/images/image_000020.jpg,a14551df50bcc22b2867bee4840e3b460ea3302185e4c28b684d3baf213349aa,7494,,,true
P04_WHITE_N_000021,P04,WHITE,N,image_000021.jpg,training/P04/WHITE/N/images/image_000021.jpg,70d84b3e3b2e78f1d86ab744d226e057815c5eac217ff4b87b5bc3644ae002c6,7409,,,true
P04_WHITE_N_000022,P04,WHITE,N,image_000022.jpg,training/P04/WHITE/N/images/image_000022.jpg,a4ee6f93a29c6ce10c45c90d7e1380e9a36eae888cbf359d15eb4fb5630a148d,7540,,,true
P04_WHITE_N_000023,P04,WHITE,N,image_000023.jpg,training/P04/WHITE/N/images/image_000023.jpg,480a9928db843b1f49caba514832ee9136ed26f66fa716f37fee96ce1047100c,7741,,,true
P04_WHITE_N_000024,P04,WHITE,N,image_000024.jpg,training/P04/WHITE/N/images/image_000024.jpg,014fb622bd42af8be4c1066167865d4141557706dd0cc10ef31d7f680c0d6aae,7535,,,true
P04_WHITE_N_000025,P04,WHITE,N,image_000025.jpg,training/P04/WHITE/N/images/image_000025.jpg,30f6b0511cc0d77b4ad8313c3cedee434c39f3f799045d90d319e2d354bcabc1,7500,,,true
P04_WHITE_O_000001,P04,WHITE,O,image_000001.jpg,training/P04/WHITE/O/images/image_000001.jpg,62e4d51d31ff129b9a8f59ee472f78f297b1fab19887e0ebc42c4d3c7f57797b,8214,,,true
P04_WHITE_O_000002,P04,WHITE,O,image_000002.jpg,training/P04/WHITE/O/images/image_000002.jpg,be9d195cceee880b017cc45510ccd278f1cc0fb23842bbdad8d8e5b952d087c8,7823,,,true
P04_WHITE_O_000003,P04,WHITE,O,image_000003.jpg,training/P04/WHITE/O/images/image_000003.jpg,9a50e017c22790669404d7a0f9229f389e72c537deb26406d29571fd05b8bd7d,7711,,,true
P04_WHITE_O_000004,P04,WHITE,O,image_000004.jpg,training/P04/WHITE/O/images/image_000004.jpg,a845ede0d0e80e030ba71cf93eb9002fd8ff5fd90a1209beea5ee422a2b4925a,7555,,,true
P04_WHITE_O_000005,P04,WHITE,O,image_000005.jpg,training/P04/WHITE/O/images/image_000005.jpg,8a8027e082e5f1cc244a4197d9be78906f1b0ab992e6bcfe866ba29cc841dbdf,7522,,,true
P04_WHITE_O_000006,P04,WHITE,O,image_000006.jpg,training/P04/WHITE/O/images/image_000006.jpg,65e81ecac27a4fd8d460c40b11a51d68758388411e6655e4fbce41d55483c343,8201,,,true
P04_WHITE_O_000007,P04,WHITE,O,image_000007.jpg,training/P04/WHITE/O/images/image_000007.jpg,168d12909bdfc31eedd0bbe8897e45c73e4950064b9de63814a2369032d7e98a,8154,,,true
P04_WHITE_O_000008,P04,WHITE,O,image_000008.jpg,training/P04/WHITE/O/images/image_000008.jpg,24717e0ef9345be1de2ef876957366543448f72637ea55d396bde39810725a40,8157,,,true
P04_WHITE_O_000009,P04,WHITE,O,image_000009.jpg,training/P04/WHITE/O/images/image_000009.jpg,649cd1f0b014d4573f67a7f974473c66fc298ab2164f8b45530c8834dd0fc241,8033,,,true
P04_WHITE_O_000010,P04,WHITE,O,image_000010.jpg,training/P04/WHITE/O/images/image_000010.jpg,6f8e2c1d8c2231c9e1a04f35404c6236fb35945a76f7a9a68840b81254871f93,7881,,,true
P04_WHITE_O_000011,P04,WHITE,O,image_000011.jpg,training/P04/WHITE/O/images/image_000011.jpg,a3cb9892ffab1c481c68cd779eebd5ad168e69cf5cac784adbe4c955fa42a1bd,8268,,,true
P04_WHITE_O_000012,P04,WHITE,O,image_000012.jpg,training/P04/WHITE/O/images/image_000012.jpg,c4267560a74b621ee863e300af4373aa98356b5b99dad903e6adfbe99c325fc0,8113,,,true
P04_WHITE_O_000013,P04,WHITE,O,image_000013.jpg,training/P04/WHITE/O/images/image_000013.jpg,027f48b4addeb2283247a6d220d03c76789f31ac6650e2df59b34d0b7105a795,8073,,,true
P04_WHITE_O_000014,P04,WHITE,O,image_000014.jpg,training/P04/WHITE/O/images/image_000014.jpg,fafebda48d68d534ae13e3f8e333f25ed479654271256e583155f9dca66b31c7,7553,,,true
P04_WHITE_O_000015,P04,WHITE,O,image_000015.jpg,training/P04/WHITE/O/images/image_000015.jpg,54384134bed48f443ac64bee42cf2389e6be032ac3cd15dfc0dbbe87b04f08e8,7626,,,true
P04_WHITE_O_000016,P04,WHITE,O,image_000016.jpg,training/P04/WHITE/O/images/image_000016.jpg,61dbd38f776dc43fc882824ff790669df55aa8ee5a0f502500bee2ca8e325641,7303,,,true
P04_WHITE_O_000017,P04,WHITE,O,image_000017.jpg,training/P04/WHITE/O/images/image_000017.jpg,dff1c56551195d2559eea4f56903f2db462f8601d3fb82db800975a58f6addb3,7380,,,true
P04_WHITE_O_000018,P04,WHITE,O,image_000018.jpg,training/P04/WHITE/O/images/image_000018.jpg,85921458d10d2056242a5a7489facab571ea0c766acb34469b173425f16fdd41,7651,,,true
P04_WHITE_O_000019,P04,WHITE,O,image_000019.jpg,training/P04/WHITE/O/images/image_000019.jpg,eef4ed587e5a30a9561d4def2ecfbb9db3ab5f6db8a1c5d2c936037f5969e22c,8172,,,true
P04_WHITE_O_000020,P04,WHITE,O,image_000020.jpg,training/P04/WHITE/O/images/image_000020.jpg,35fc86a47ab8531d154b55e7e7cd39cc92508f9824cb4eb0670cebbe6f465c63,7865,,,true
P04_WHITE_O_000021,P04,WHITE,O,image_000021.jpg,training/P04/WHITE/O/images/image_000021.jpg,c6722cd031df813a0694338c12045dcf99e8b5f9970254ba2f47fb0bec5ef6d8,7540,,,true
P04_WHITE_O_000022,P04,WHITE,O,image_000022.jpg,training/P04/WHITE/O/images/image_000022.jpg,4a220dfd745a36bc18f771f315eae54af58ec526925ff31ff6599f9b7c7a64ea,8001,,,true
P04_WHITE_O_000023,P04,WHITE,O,image_000023.jpg,training/P04/WHITE/O/images/image_000023.jpg,f944fa265d6e49d1620a1562a9a524f730437ebe16010bf6af3fb9bc0d79c29a,7947,,,true
P04_WHITE_O_000024,P04,WHITE,O,image_000024.jpg,training/P04/WHITE/O/images/image_000024.jpg,de7a57da9f475a6baa7c70b52c91c8ffca974ff1599d5a50cbbc9af347a53ec0,7692,,,true
P04_WHITE_O_000025,P04,WHITE,O,image_000025.jpg,training/P04/WHITE/O/images/image_000025.jpg,b731ce6327830f3d270a28bf23ad04883c45e42c2678f8a89f7eaf6f06022873,7427,,,true
P04_WHITE_P_000001,P04,WHITE,P,image_000001.jpg,training/P04/WHITE/P/images/image_000001.jpg,4b18c65b17d2a657f27b9082c8f8993df968743b1054f966abc30fc7a378e327,6774,,,true
P04_WHITE_P_000002,P04,WHITE,P,image_000002.jpg,training/P04/WHITE/P/images/image_000002.jpg,cb45f41dbdc6b26d3d85c3bfba6470785278305c488d3a9d89c30b9968bb24c0,6568,,,true
P04_WHITE_P_000003,P04,WHITE,P,image_000003.jpg,training/P04/WHITE/P/images/image_000003.jpg,f6b538ca51ba6b263a6657d1689e28c2358a17f5117bf24c0e347a08cafabd6d,6502,,,true
P04_WHITE_P_000004,P04,WHITE,P,image_000004.jpg,training/P04/WHITE/P/images/image_000004.jpg,477124e328197ff313bbc7108a890585708953d541b5f2efae8aa4d3646bae92,6393,,,true
P04_WHITE_P_000005,P04,WHITE,P,image_000005.jpg,training/P04/WHITE/P/images/image_000005.jpg,c0bcbe5cb2dc029fc0de402387bc239b685e1d9091abfa05932933df07c471ba,6608,,,true
P04_WHITE_P_000006,P04,WHITE,P,image_000006.jpg,training/P04/WHITE/P/images/image_000006.jpg,72988776863a5b74027ea6a0fe515add6dd75376fe3b77b26ac209ce747f3d1d,6373,,,true
P04_WHITE_P_000007,P04,WHITE,P,image_000007.jpg,training/P04/WHITE/P/images/image_000007.jpg,f00fc54502c00e24f39eb620f4083fca3aa9d6f77284e96f42b0619d9e791442,6224,,,true
P04_WHITE_P_000008,P04,WHITE,P,image_000008.jpg,training/P04/WHITE/P/images/image_000008.jpg,c5336b62e2af0a10068ca5e6e64d261dcd9bb9b972d72b86d831bebd80e3912b,6227,,,true
P04_WHITE_P_000009,P04,WHITE,P,image_000009.jpg,training/P04/WHITE/P/images/image_000009.jpg,ab90e735ee3cc41cbce03b9eee0c6f976b78030a094673a348b4afc664c9bddc,6839,,,true
P04_WHITE_P_000010,P04,WHITE,P,image_000010.jpg,training/P04/WHITE/P/images/image_000010.jpg,6f7d060f22390022ca2ff8cd49a7f77475949eaac851cf1ba7038856b96a77a1,7406,,,true
P04_WHITE_P_000011,P04,WHITE,P,image_000011.jpg,training/P04/WHITE/P/images/image_000011.jpg,0095c4685541d9ad8b553e0ddd9cd285f2cd6d28f19dae5708b70486689ccd94,6631,,,true
P04_WHITE_P_000012,P04,WHITE,P,image_000012.jpg,training/P04/WHITE/P/images/image_000012.jpg,01c6a79930a381a87a054c1c24e1c1dec8976862ae43a86f63491e22ef90f195,6549,,,true
P04_WHITE_P_000013,P04,WHITE,P,image_000013.jpg,training/P04/WHITE/P/images/image_000013.jpg,867804af3d6f5b5c7bc82f71e3396cf84b747651e56d131b666d1ddb1216f84b,6516,,,true
P04_WHITE_P_000014,P04,WHITE,P,image_000014.jpg,training/P04/WHITE/P/images/image_000014.jpg,781fa2149c2a8638d1be555e34ff42fcfc52510884f46e740b6a41b170d7cee5,7104,,,true
P04_WHITE_P_000015,P04,WHITE,P,image_000015.jpg,training/P04/WHITE/P/images/image_000015.jpg,601c95a2c34ceecd5516a3ed2eb6ee887e1b6d3bbe04047ad63e4c3883398516,6795,,,true
P04_WHITE_P_000016,P04,WHITE,P,image_000016.jpg,training/P04/WHITE/P/images/image_000016.jpg,b8043cd3e7549b5ed8082f61ecde9e609459847dd1416482c602567c8f34874e,6737,,,true
P04_WHITE_P_000017,P04,WHITE,P,image_000017.jpg,training/P04/WHITE/P/images/image_000017.jpg,853579922780e0249d75ceb5a079898aaf44373f5715154d8b47f33b594c9f9d,6926,,,true
P04_WHITE_P_000018,P04,WHITE,P,image_000018.jpg,training/P04/WHITE/P/images/image_000018.jpg,848cb1d519a8f09213dedf0100db28bbf48f044c8c415732bf2c83a94274228e,7040,,,true
P04_WHITE_P_000019,P04,WHITE,P,image_000019.jpg,training/P04/WHITE/P/images/image_000019.jpg,04fe04cc6cd2799634248419a3bd8a3c86c357fbf3d7df8b30b1e17e80414892,6966,,,true
P04_WHITE_P_000020,P04,WHITE,P,image_000020.jpg,training/P04/WHITE/P/images/image_000020.jpg,df81d12fdaab30e05c24dd6d00d1ccc936141eb079a65ea93ccd732a96b82b56,6643,,,true
P04_WHITE_P_000021,P04,WHITE,P,image_000021.jpg,training/P04/WHITE/P/images/image_000021.jpg,b4e47e901308a248299e5b7f9bc3f3595593f9e46ba562fb28797d053913b52f,6923,,,true
P04_WHITE_P_000022,P04,WHITE,P,image_000022.jpg,training/P04/WHITE/P/images/image_000022.jpg,b5f89a3f117e00b0f131345404ce9be727335c713c95a39e6cbf54aa314ce984,6990,,,true
P04_WHITE_P_000023,P04,WHITE,P,image_000023.jpg,training/P04/WHITE/P/images/image_000023.jpg,96870e6bc2f4cbcb7d6a5792a89f5f35fb9e9f0b940fa088366283a65229fcb5,6518,,,true
P04_WHITE_P_000024,P04,WHITE,P,image_000024.jpg,training/P04/WHITE/P/images/image_000024.jpg,a61d58735d9b5c79c45cdce7c0f4f027aa001416e6e12b023d7b725d8bc1dfa2,6677,,,true
P04_WHITE_P_000025,P04,WHITE,P,image_000025.jpg,training/P04/WHITE/P/images/image_000025.jpg,e20531820223ddac1aceaf2b6bc6ecabda866349cbf3bc1cc7bc02e0cf4ff9db,6725,,,true
P04_WHITE_R_000001,P04,WHITE,R,image_000001.jpg,training/P04/WHITE/R/images/image_000001.jpg,1fa4ddd93c486c48588659050735a298953663b11f8c167e5728fc68a510c6c8,6792,,,true
P04_WHITE_R_000002,P04,WHITE,R,image_000002.jpg,training/P04/WHITE/R/images/image_000002.jpg,8c9da89df0a7e2686ae4f6d603f7b88b45d0654163754f5d84e177d4c9747c5e,6610,,,true
P04_WHITE_R_000003,P04,WHITE,R,image_000003.jpg,training/P04/WHITE/R/images/image_000003.jpg,b5a5b5a0485d9bca11a1afb2e0fb79b0995a505ff909beefdd5e0e054ff6b22a,6504,,,true
P04_WHITE_R_000004,P04,WHITE,R,image_000004.jpg,training/P04/WHITE/R/images/image_000004.jpg,7c0a40a6a0af7eac1fae85ce5ab26beecd83449bc456722f954c2a2d6e231350,7107,,,true
P04_WHITE_R_000005,P04,WHITE,R,image_000005.jpg,training/P04/WHITE/R/images/image_000005.jpg,0e8c4447126b425cd20acf642f276e601f5e41d6918c7b9207dabeccc0a2f993,6819,,,true
P04_WHITE_R_000006,P04,WHITE,R,image_000006.jpg,training/P04/WHITE/R/images/image_000006.jpg,f230c601bfea00edcee2a5ecb66717a9f49e03cd13562a6e8b65915b9430cbdf,6649,,,true
P04_WHITE_R_000007,P04,WHITE,R,image_000007.jpg,training/P04/WHITE/R/images/image_000007.jpg,6cf89f488bf6aecc76546c15fc0e86eff6716aa06ba4a629774d9c7fbad4c66f,6538,,,true
P04_WHITE_R_000008,P04,WHITE,R,image_000008.jpg,training/P04/WHITE/R/images/image_000008.jpg,41b1ff7283fbdffe1e424ac46c03d9d5378d100661ec3ce5afd61a426b52cd71,6550,,,true
P04_WHITE_R_000009,P04,WHITE,R,image_000009.jpg,training/P04/WHITE/R/images/image_000009.jpg,fafd2c8da067d27cea85be9ab831e0270fd7e3696f37338e81a68c38c64caf80,6582,,,true
P04_WHITE_R_000010,P04,WHITE,R,image_000010.jpg,training/P04/WHITE/R/images/image_000010.jpg,778ed37498b2e7cfcd03cf939a1514dfe54c2d0a05ca1e337eb69690e275cafe,6492,,,true
P04_WHITE_R_000011,P04,WHITE,R,image_000011.jpg,training/P04/WHITE/R/images/image_000011.jpg,8f8f78b88bf996b0d376ff1ccd1280c9e1a7c6fcee52243964f75c7e7fc4fa9c,6409,,,true
P04_WHITE_R_000012,P04,WHITE,R,image_000012.jpg,training/P04/WHITE/R/images/image_000012.jpg,87aa7e67d1cd5c0a20a39bcc2d86bd3d1b9e69e5a911d2764e2dc76290430d02,6879,,,true
P04_WHITE_R_000013,P04,WHITE,R,image_000013.jpg,training/P04/WHITE/R/images/image_000013.jpg,7ac3887bb4041c0ac16a8b9d147049ad10629c8cfde2ae70f932067be737f274,6833,,,true
P04_WHITE_R_000014,P04,WHITE,R,image_000014.jpg,training/P04/WHITE/R/images/image_000014.jpg,856457dd3a77568ead50e233737d93c32a8978a360c0081bf959f24fe6b59cb1,6698,,,true
P04_WHITE_R_000015,P04,WHITE,R,image_000015.jpg,training/P04/WHITE/R/images/image_000015.jpg,6e292213771585ad8dc5097757e2a629b2308ae664a8928eb9bd98560395696d,6608,,,true
P04_WHITE_R_000016,P04,WHITE,R,image_000016.jpg,training/P04/WHITE/R/images/image_000016.jpg,5eccf4a83cf114fdbb87456f10cd4a286e4ce65370ecba33bdf373aa849a45a1,7357,,,true
P04_WHITE_R_000017,P04,WHITE,R,image_000017.jpg,training/P04/WHITE/R/images/image_000017.jpg,abd45bbddc9d5e7897a170ae8e81ca56fd24b1f13e4d85e6613670cfe52a2de9,7058,,,true
P04_WHITE_R_000018,P04,WHITE,R,image_000018.jpg,training/P04/WHITE/R/images/image_000018.jpg,985ac3342593c72f8caa11f50fc47f812ba6dec0933b4cd1d5d4ec5f1457d0fd,6947,,,true
P04_WHITE_R_000019,P04,WHITE,R,image_000019.jpg,training/P04/WHITE/R/images/image_000019.jpg,3b09486f94ba3764fb012ff1ae329bf76333c37f58ac4a067735aed86a67b9f0,7013,,,true
P04_WHITE_R_000020,P04,WHITE,R,image_000020.jpg,training/P04/WHITE/R/images/image_000020.jpg,d1534532040dba9ea99b8f353e4cbdd7c4caec6585a61eca1caee079e6341bd7,7058,,,true
P04_WHITE_R_000021,P04,WHITE,R,image_000021.jpg,training/P04/WHITE/R/images/image_000021.jpg,3735e3e7b3c5fcfef521f8930ae3b3e375eee9948f660d25d508a873c50e5086,6854,,,true
P04_WHITE_R_000022,P04,WHITE,R,image_000022.jpg,training/P04/WHITE/R/images/image_000022.jpg,f831b86841338bc767a1f5fa771ce932b48849e0243da5b4e83942dec9c430b9,6863,,,true
P04_WHITE_R_000023,P04,WHITE,R,image_000023.jpg,training/P04/WHITE/R/images/image_000023.jpg,d72d7212b2c62ae985060ca86518b52f470341258707049a1dc79be6936634d3,6858,,,true
P04_WHITE_R_000024,P04,WHITE,R,image_000024.jpg,training/P04/WHITE/R/images/image_000024.jpg,2f6e646155365bdcc324766937b286f63ae12fd859c4637d171cbab303671bb2,6840,,,true
P04_WHITE_R_000025,P04,WHITE,R,image_000025.jpg,training/P04/WHITE/R/images/image_000025.jpg,a97a9e8e0fd81a67d58670cb9cb7fb6366031dca0d4751a623b0cdcde266bbf0,6684,,,true
P04_WHITE_S_000001,P04,WHITE,S,image_000001.jpg,training/P04/WHITE/S/images/image_000001.jpg,ad4643e2c2abb7884f98017c999a55f7b8d90810a079492e9f15d68ce0c34c9a,6742,,,true
P04_WHITE_S_000002,P04,WHITE,S,image_000002.jpg,training/P04/WHITE/S/images/image_000002.jpg,bf0edd29002bb1165287d0739970653f3e92add36a117e71df50a08769afa056,6649,,,true
P04_WHITE_S_000003,P04,WHITE,S,image_000003.jpg,training/P04/WHITE/S/images/image_000003.jpg,900f14ca1ab86ddafb51faf16f1d24561dead482b3c780fa4b0d1ab1223140aa,7526,,,true
P04_WHITE_S_000004,P04,WHITE,S,image_000004.jpg,training/P04/WHITE/S/images/image_000004.jpg,8030c6db83c8c992390064f817a7a399ad479f981365bffe2775c16de7d4a8f9,7256,,,true
P04_WHITE_S_000005,P04,WHITE,S,image_000005.jpg,training/P04/WHITE/S/images/image_000005.jpg,cbccd55d65bd9fe9d293ec749e35317007e4518d12ea836c1b50c7397a70d7e7,6963,,,true
P04_WHITE_S_000006,P04,WHITE,S,image_000006.jpg,training/P04/WHITE/S/images/image_000006.jpg,0d8bd4eb0177d57b28e023a5f209d6910a439fb7607fae50c5a27c449289231a,7315,,,true
P04_WHITE_S_000007,P04,WHITE,S,image_000007.jpg,training/P04/WHITE/S/images/image_000007.jpg,427719fb97bc388883840333839c815a47cb4f2a4bc3f8b2806bb0481ccd6b4a,7730,,,true
P04_WHITE_S_000008,P04,WHITE,S,image_000008.jpg,training/P04/WHITE/S/images/image_000008.jpg,ecd8e4e716512b5a77aa0ac35f857531f042250493db52ccacb6cd5e19c72c43,7905,,,true
P04_WHITE_S_000009,P04,WHITE,S,image_000009.jpg,training/P04/WHITE/S/images/image_000009.jpg,8595907606e1747643d792fa9f8459e7c480e36b5ed2af10c8714611ceb5ccda,7634,,,true
P04_WHITE_S_000010,P04,WHITE,S,image_000010.jpg,training/P04/WHITE/S/images/image_000010.jpg,c5fe2fd23e7944cf07cba53201da72d71cd67279ee668397be0b64a3bb82472b,7548,,,true
P04_WHITE_S_000011,P04,WHITE,S,image_000011.jpg,training/P04/WHITE/S/images/image_000011.jpg,f22bb50093c2f1a2e74a6d818519ff87257e99decc2233fbe63eb23a7e41eedd,7430,,,true
P04_WHITE_S_000012,P04,WHITE,S,image_000012.jpg,training/P04/WHITE/S/images/image_000012.jpg,0a55e76e4d88a054cba323ae30163d0e74380d7f5cac28d2351495736f67f536,7516,,,true
P04_WHITE_S_000013,P04,WHITE,S,image_000013.jpg,training/P04/WHITE/S/images/image_000013.jpg,ab4f416505d6861a3629bffcf34fd85b23c73884c532c3ade1b6418865cd5217,7455,,,true
P04_WHITE_S_000014,P04,WHITE,S,image_000014.jpg,training/P04/WHITE/S/images/image_000014.jpg,17b08f756a0123cf6d009025c7568292030ebe6f3c4c26fcb392740702d1c47d,7446,,,true
P04_WHITE_S_000015,P04,WHITE,S,image_000015.jpg,training/P04/WHITE/S/images/image_000015.jpg,127f4014c06e1efd767691f81fa9538fb92a93148574c5f538123d952cea7127,7325,,,true
P04_WHITE_S_000016,P04,WHITE,S,image_000016.jpg,training/P04/WHITE/S/images/image_000016.jpg,90637c053560f9b42cdef78fd983b9717788a8a88911e90bee8acafd20f3a40f,6842,,,true
P04_WHITE_S_000017,P04,WHITE,S,image_000017.jpg,training/P04/WHITE/S/images/image_000017.jpg,02cd3ac0248059c67cf584ef1d6dee7515e90d62a361ea494e94f15063006004,7254,,,true
P04_WHITE_S_000018,P04,WHITE,S,image_000018.jpg,training/P04/WHITE/S/images/image_000018.jpg,db20af3ebd53ad734c37508f9e8ec8e4b6bfc9ba4ae97e4ce86d6637539e3ece,6869,,,true
P04_WHITE_S_000019,P04,WHITE,S,image_000019.jpg,training/P04/WHITE/S/images/image_000019.jpg,08b72f2feccd9d14d6d06a184e8416962cb00f4a7c26a7d899a2fa4f24911e79,6807,,,true
P04_WHITE_S_000020,P04,WHITE,S,image_000020.jpg,training/P04/WHITE/S/images/image_000020.jpg,109ff4d9603c0d9bebd94f71412177b3b4c5d72aa418d8b0e972d758e4ae2dc5,7260,,,true
P04_WHITE_S_000021,P04,WHITE,S,image_000021.jpg,training/P04/WHITE/S/images/image_000021.jpg,432c9e10deed183cb8dec8aaf3f09c692c457d7d6713002fc56aaa84f349911c,7143,,,true
P04_WHITE_S_000022,P04,WHITE,S,image_000022.jpg,training/P04/WHITE/S/images/image_000022.jpg,d1aa3bc1f97f84c0b726ede76df93f4cef41d3ad25c42732ead2ce79e419a165,7889,,,true
P04_WHITE_S_000023,P04,WHITE,S,image_000023.jpg,training/P04/WHITE/S/images/image_000023.jpg,204ae2cb83d779e9eb9f7dcd2064f71ca7764cf3abe4c7d1f8df2325b9a773da,7524,,,true
P04_WHITE_S_000024,P04,WHITE,S,image_000024.jpg,training/P04/WHITE/S/images/image_000024.jpg,66f7b33b5937b43a7943c72dfc206665b442179ec60dbae32ba616a0ce00e2c0,6987,,,true
P04_WHITE_S_000025,P04,WHITE,S,image_000025.jpg,training/P04/WHITE/S/images/image_000025.jpg,66c408fc0f14a8696ad6675e7ef1edde14f27061d0d52644cd0f6b3631c07e9e,7925,,,true
P04_WHITE_T_000001,P04,WHITE,T,image_000001.jpg,training/P04/WHITE/T/images/image_000001.jpg,ea7c65cf9f93e4b28a4e445e2d8d42892f8c2cc149efefdbcfe543b27ebe2aa2,6986,,,true
P04_WHITE_T_000002,P04,WHITE,T,image_000002.jpg,training/P04/WHITE/T/images/image_000002.jpg,47bc7657234adfd28de75d8576a4b232f3cb33dc7e67a812eb9408be90048e84,6819,,,true
P04_WHITE_T_000003,P04,WHITE,T,image_000003.jpg,training/P04/WHITE/T/images/image_000003.jpg,4b1bd5947c5c35f782705681fad6ff131094eff9c3e6bdc8c3c6ff60d4513015,6715,,,true
P04_WHITE_T_000004,P04,WHITE,T,image_000004.jpg,training/P04/WHITE/T/images/image_000004.jpg,059d72c8b37050ff59c685f5e428c43b1376d2b26ecad1d982bb13ed6cb5cdb6,7087,,,true
P04_WHITE_T_000005,P04,WHITE,T,image_000005.jpg,training/P04/WHITE/T/images/image_000005.jpg,8c6a7ad0501445e416228bab4ff0385bd2a1110442cd38fd0ae111e290894da7,6840,,,true
P04_WHITE_T_000006,P04,WHITE,T,image_000006.jpg,training/P04/WHITE/T/images/image_000006.jpg,7e838c4d9f5ddb6a41b4e23bd7fcdb0cd4a2ffc926898a4e38e9e1363c0a302b,6611,,,true
P04_WHITE_T_000007,P04,WHITE,T,image_000007.jpg,training/P04/WHITE/T/images/image_000007.jpg,f8df0e27e4ac686c6a359f381649a61c339fd22331cc0b6f8f12c07894846399,7020,,,true
P04_WHITE_T_000008,P04,WHITE,T,image_000008.jpg,training/P04/WHITE/T/images/image_000008.jpg,825b82e0f318b6fbcc987efbff512da10c4f3302f48de627960eaa6d9e5fa6ff,7315,,,true
P04_WHITE_T_000009,P04,WHITE,T,image_000009.jpg,training/P04/WHITE/T/images/image_000009.jpg,efede08a4012ef77ebd4f72330173cecf897b9ea162ca8ad0277f1edab977b0b,7574,,,true
P04_WHITE_T_000010,P04,WHITE,T,image_000010.jpg,training/P04/WHITE/T/images/image_000010.jpg,3232b24716cd8a22a17afa131df1273fb37486b039a69e1e0a7e5022c38d7b04,6996,,,true
P04_WHITE_T_000011,P04,WHITE,T,image_000011.jpg,training/P04/WHITE/T/images/image_000011.jpg,24fd188db2385266573e1a593cd836b29ce128db09da21db0978d091d58b95ec,6888,,,true
P04_WHITE_T_000012,P04,WHITE,T,image_000012.jpg,training/P04/WHITE/T/images/image_000012.jpg,7a2df2e334ad3158b6a6ffcb6129e1d9bf26d6519aef8b68e6d71a8014a7fe8a,6937,,,true
P04_WHITE_T_000013,P04,WHITE,T,image_000013.jpg,training/P04/WHITE/T/images/image_000013.jpg,0c4fbe847a14ff82056592dd889a9c582716a3ec9a3ca06882ec023fa1acec5a,7170,,,true
P04_WHITE_T_000014,P04,WHITE,T,image_000014.jpg,training/P04/WHITE/T/images/image_000014.jpg,7eeac8e9f495c93dc2caf8de0f9087b52c50c661807c113ebe3bfa77ab416f5f,6694,,,true
P04_WHITE_T_000015,P04,WHITE,T,image_000015.jpg,training/P04/WHITE/T/images/image_000015.jpg,3447f10c967df32c7579cd2855cc4c79ce0d49d69ff034f1980752ef309ced9a,6855,,,true
P04_WHITE_T_000016,P04,WHITE,T,image_000016.jpg,training/P04/WHITE/T/images/image_000016.jpg,5145483d66dcbef565e8836d761b025eeadd942139621f8419f5c1da555528d9,6936,,,true
P04_WHITE_T_000017,P04,WHITE,T,image_000017.jpg,training/P04/WHITE/T/images/image_000017.jpg,85406876dd9980429793c67100ca2197bf44124a99caab62f24f39c3a7a58f66,6790,,,true
P04_WHITE_T_000018,P04,WHITE,T,image_000018.jpg,training/P04/WHITE/T/images/image_000018.jpg,9af6fa49cff3590a34a6aa4c826153a5bb7fd7383486a050afca10f059bea352,6830,,,true
P04_WHITE_T_000019,P04,WHITE,T,image_000019.jpg,training/P04/WHITE/T/images/image_000019.jpg,cc0748f34887aada2af10df7b0214c14fc22fda8bfb16f83960ef37f555eb5aa,6763,,,true
P04_WHITE_T_000020,P04,WHITE,T,image_000020.jpg,training/P04/WHITE/T/images/image_000020.jpg,7f0f2db1c5da2f284559ada0d9921c6f641cd1fbfac9dc0efc9fdb35eb716790,6617,,,true
P04_WHITE_T_000021,P04,WHITE,T,image_000021.jpg,training/P04/WHITE/T/images/image_000021.jpg,8712f043d6737efe40310927ba1d89ea94c8e687dd37ba93ae4f9b3aef4a24f1,6265,,,true
P04_WHITE_T_000022,P04,WHITE,T,image_000022.jpg,training/P04/WHITE/T/images/image_000022.jpg,22de0a4cde7aa164e7ea0c72a47e2ed11ff595c424c67ce85a8a6e6ccc93b3b2,6955,,,true
P04_WHITE_T_000023,P04,WHITE,T,image_000023.jpg,training/P04/WHITE/T/images/image_000023.jpg,752621ae99b58f76296d50c7bdbb9686fa2017f0efd6c04c63650b25c48499df,6415,,,true
P04_WHITE_T_000024,P04,WHITE,T,image_000024.jpg,training/P04/WHITE/T/images/image_000024.jpg,a2be26e404098c00d54b184c88dfce51fdb89aaec0761c91f62eb75aad46f92e,6615,,,true
P04_WHITE_T_000025,P04,WHITE,T,image_000025.jpg,training/P04/WHITE/T/images/image_000025.jpg,73e58b21b1848aa2be46419421c3416bdcf85b4b64e2cb5f10f8f3155548a283,6702,,,true
P04_WHITE_U_000001,P04,WHITE,U,image_000001.jpg,training/P04/WHITE/U/images/image_000001.jpg,53770477afcd393ebd487fabba1411125bae283b2a2f11af4300da1395c771d7,6765,,,true
P04_WHITE_U_000002,P04,WHITE,U,image_000002.jpg,training/P04/WHITE/U/images/image_000002.jpg,07af6c62aa5e5ec52f089f7d76c407bb83cfacdcedc3f2e8dcbe86ab3efb4bad,6696,,,true
P04_WHITE_U_000003,P04,WHITE,U,image_000003.jpg,training/P04/WHITE/U/images/image_000003.jpg,85436cb0a28d13b4549302a3ea9a1d8e35a71df87340290779860b519bb2ecfb,6803,,,true
P04_WHITE_U_000004,P04,WHITE,U,image_000004.jpg,training/P04/WHITE/U/images/image_000004.jpg,5638f54e74cdcd676f67c3862289effa3d4f288258d16752332e33fdf704448f,7230,,,true
P04_WHITE_U_000005,P04,WHITE,U,image_000005.jpg,training/P04/WHITE/U/images/image_000005.jpg,d38e588bbe96e362bdf645b3ec38fefb440ca2519534b39aee5335ab268173a8,6853,,,true
P04_WHITE_U_000006,P04,WHITE,U,image_000006.jpg,training/P04/WHITE/U/images/image_000006.jpg,2b07aa7f3d6e3ff484b33f46f0c106297e7e2e8bc8225d4e6d3211203cb43ebb,6594,,,true
P04_WHITE_U_000007,P04,WHITE,U,image_000007.jpg,training/P04/WHITE/U/images/image_000007.jpg,bbee0709f68f8499ed785b33a06bccbde0a9d9db6f5f32a4f177857dc7dd1f07,6472,,,true
P04_WHITE_U_000008,P04,WHITE,U,image_000008.jpg,training/P04/WHITE/U/images/image_000008.jpg,24a80acb24e5275856765314f6e8161df0632f5e61fb9447729f87150774dde3,6586,,,true
P04_WHITE_U_000009,P04,WHITE,U,image_000009.jpg,training/P04/WHITE/U/images/image_000009.jpg,f92ece9c17fd7a8e12fa68265c1499f71184da97c9ae7dd7996c35874a84ad2b,6853,,,true
P04_WHITE_U_000010,P04,WHITE,U,image_000010.jpg,training/P04/WHITE/U/images/image_000010.jpg,07264339cd056b51b29ba55b52db7ffa5beb3abed2c9af5440cdb59e3d051d2b,6821,,,true
P04_WHITE_U_000011,P04,WHITE,U,image_000011.jpg,training/P04/WHITE/U/images/image_000011.jpg,2e9ec96a6b567c953c8d943a3c31bb33d1f4e55985801d511e1eaa6b0dc2ba0b,7201,,,true
P04_WHITE_U_000012,P04,WHITE,U,image_000012.jpg,training/P04/WHITE/U/images/image_000012.jpg,923aaa382bccd1a23436250d1a9df4476ab8e564f633999113adb62b3cb09462,7325,,,true
P04_WHITE_U_000013,P04,WHITE,U,image_000013.jpg,training/P04/WHITE/U/images/image_000013.jpg,b6d35c4728205cb78aab14efddf476080c0aa3fe5b0fbd66b01d9f6964a94c80,7919,,,true
P04_WHITE_U_000014,P04,WHITE,U,image_000014.jpg,training/P04/WHITE/U/images/image_000014.jpg,4f059bf53de2f525e9aae5f79f7c6e67b733177b895caeda9282042f4f7388fa,7736,,,true
P04_WHITE_U_000015,P04,WHITE,U,image_000015.jpg,training/P04/WHITE/U/images/image_000015.jpg,560c7807e7ca8854e1127ebb9903c21835ace65a6dcc786ce13f4e69556bdda1,3313,,,true
P04_WHITE_U_000016,P04,WHITE,U,image_000016.jpg,training/P04/WHITE/U/images/image_000016.jpg,8c48be11a335e917af09bcf9905ce79610b8b62b56615ae83e7d613bf42a92a0,4186,,,true
P04_WHITE_U_000017,P04,WHITE,U,image_000017.jpg,training/P04/WHITE/U/images/image_000017.jpg,bd95e1b516aadb7c8bd5aeaea62445e0682d0892326f2855b6b58fd592919d77,7063,,,true
P04_WHITE_U_000018,P04,WHITE,U,image_000018.jpg,training/P04/WHITE/U/images/image_000018.jpg,4c0e746065cda43b82b97b8cbc55708f483cf38f9c6c52b85dee0973e73b856f,6752,,,true
P04_WHITE_U_000019,P04,WHITE,U,image_000019.jpg,training/P04/WHITE/U/images/image_000019.jpg,f2e4e9819967a797ec645989e4786a11361d05775f1e6a54c434d8c0f1b0790d,6978,,,true
P04_WHITE_U_000020,P04,WHITE,U,image_000020.jpg,training/P04/WHITE/U/images/image_000020.jpg,3569b1522907c15a0369efb1ccf4e19e39cf54bd1920e4f836c34a28303f6204,6990,,,true
P04_WHITE_U_000021,P04,WHITE,U,image_000021.jpg,training/P04/WHITE/U/images/image_000021.jpg,38f8fd71ce609a8d827659146d0f7af4a55ddd0fe8084caff1ea2a353ecf1bc5,7309,,,true
P04_WHITE_U_000022,P04,WHITE,U,image_000022.jpg,training/P04/WHITE/U/images/image_000022.jpg,c4d9d481188f64a113e1bf2fc248b19f27110412554cd5490057058dea565bb7,7681,,,true
P04_WHITE_U_000023,P04,WHITE,U,image_000023.jpg,training/P04/WHITE/U/images/image_000023.jpg,3693808a144aa0db91904738e2a79279d11945d339a0aad2e9b5f9fe86e84c9b,7446,,,true
P04_WHITE_U_000024,P04,WHITE,U,image_000024.jpg,training/P04/WHITE/U/images/image_000024.jpg,db5fc76b5adee31361b40f02e1111e61d2c8298940cad0fa946e066288993091,7614,,,true
P04_WHITE_U_000025,P04,WHITE,U,image_000025.jpg,training/P04/WHITE/U/images/image_000025.jpg,7d98c70d755c90cf94fdc89c3670c846af50b6fb300e06dae1dc49a81c2dcfa0,7414,,,true
P04_WHITE_V_000001,P04,WHITE,V,image_000001.jpg,training/P04/WHITE/V/images/image_000001.jpg,4700615f9936d01eb9db8397f09e51a76e6d5b5a87f6069c36bc5ca8bd1bf768,6962,,,true
P04_WHITE_V_000002,P04,WHITE,V,image_000002.jpg,training/P04/WHITE/V/images/image_000002.jpg,0b13b33c482442a129ddb5dda87efe37998a38180138d1e8531692526e8732e1,6828,,,true
P04_WHITE_V_000003,P04,WHITE,V,image_000003.jpg,training/P04/WHITE/V/images/image_000003.jpg,d27c95c58318850efa7dd67d248b48f0ce56a77d11168d8ffcfa7e6ea9517db9,6661,,,true
P04_WHITE_V_000004,P04,WHITE,V,image_000004.jpg,training/P04/WHITE/V/images/image_000004.jpg,2e1e6db23816c55a151c041e782aaa41eafa11a72c7dce864fad47c5d5e7f60c,6654,,,true
P04_WHITE_V_000005,P04,WHITE,V,image_000005.jpg,training/P04/WHITE/V/images/image_000005.jpg,56fe22ecff59884b4f91369996501f60dd998bbd154c4d9f4b6270aee1ccf3e7,6793,,,true
P04_WHITE_V_000006,P04,WHITE,V,image_000006.jpg,training/P04/WHITE/V/images/image_000006.jpg,53e634b4764304aeae6ad02f1368516b41301a531bf18ac9ea82e557f8ec5760,6709,,,true
P04_WHITE_V_000007,P04,WHITE,V,image_000007.jpg,training/P04/WHITE/V/images/image_000007.jpg,5d6ac9e1f18d83ad3cd5872975f636eaddc7fb0eaa3fd9c4c73ce276795f43c3,7173,,,true
P04_WHITE_V_000008,P04,WHITE,V,image_000008.jpg,training/P04/WHITE/V/images/image_000008.jpg,7cb323fc884e125deb27fff4d79d35bb481037ac8205b44c676555df4c82a4b0,7040,,,true
P04_WHITE_V_000009,P04,WHITE,V,image_000009.jpg,training/P04/WHITE/V/images/image_000009.jpg,f5b260d8747a7c14be103a9dbc4c41e7efeb46f4fb1cff4ed04c243396926c2d,6937,,,true
P04_WHITE_V_000010,P04,WHITE,V,image_000010.jpg,training/P04/WHITE/V/images/image_000010.jpg,f71cbd5a35994ec7317bcede3f6ead9df712566dcee0cd12ee3ce3992d050170,6831,,,true
P04_WHITE_V_000011,P04,WHITE,V,image_000011.jpg,training/P04/WHITE/V/images/image_000011.jpg,3481f99b053e7066506a9c916c1a4a2bd5060b2c5248c89acf0c5bb48e89d40d,7061,,,true
P04_WHITE_V_000012,P04,WHITE,V,image_000012.jpg,training/P04/WHITE/V/images/image_000012.jpg,ef94aa52ce49edf13cd19509a32a949fa086cab3aa299df43b3780f19a805835,7002,,,true
P04_WHITE_V_000013,P04,WHITE,V,image_000013.jpg,training/P04/WHITE/V/images/image_000013.jpg,7b85e894c315386d731d801f92a4015939db0b3d6a17eaba6c9fb5be870cd1e1,6976,,,true
P04_WHITE_V_000014,P04,WHITE,V,image_000014.jpg,training/P04/WHITE/V/images/image_000014.jpg,3a78c6de1b413ab29effd157750db2d0b4e08dc592213cbe9eca51d13fde1acb,6867,,,true
P04_WHITE_V_000015,P04,WHITE,V,image_000015.jpg,training/P04/WHITE/V/images/image_000015.jpg,9635678e45fbf2e67aff93fe00a081d9ce0724bf42f20a8d043bfe5ca9f4ec4c,6993,,,true
P04_WHITE_V_000016,P04,WHITE,V,image_000016.jpg,training/P04/WHITE/V/images/image_000016.jpg,0c689af738a60228d41002af484ea223a2851a422387aaf37a880de34f45a332,7102,,,true
P04_WHITE_V_000017,P04,WHITE,V,image_000017.jpg,training/P04/WHITE/V/images/image_000017.jpg,0a4e4cdd3ae611d567674ceae234bd1ae25b4a0ab387ceba518b67a09c5f1a99,7241,,,true
P04_WHITE_V_000018,P04,WHITE,V,image_000018.jpg,training/P04/WHITE/V/images/image_000018.jpg,4ecdebc0614cac4c0a40bfc8424f9bed80eb2d1358b01ba98f5e737bd335c742,6977,,,true
P04_WHITE_V_000019,P04,WHITE,V,image_000019.jpg,training/P04/WHITE/V/images/image_000019.jpg,c18a037868a491a3822ca15fcc249e304241cf3f7371586b7d39d318572c27bd,7138,,,true
P04_WHITE_V_000020,P04,WHITE,V,image_000020.jpg,training/P04/WHITE/V/images/image_000020.jpg,8c6af78b30926e3c3536fd8394e44a1456edcba9767ad55eb8fe349776b315db,6709,,,true
P04_WHITE_V_000021,P04,WHITE,V,image_000021.jpg,training/P04/WHITE/V/images/image_000021.jpg,1f5b3e19c0c405391f6996e225785d93f6c0f07231e6b4eba0a5293f33fe1200,7068,,,true
P04_WHITE_V_000022,P04,WHITE,V,image_000022.jpg,training/P04/WHITE/V/images/image_000022.jpg,6d517613b5f54e34aeddc123858850c6cfe96e99e72583e4dd5ebae958eadacc,7079,,,true
P04_WHITE_V_000023,P04,WHITE,V,image_000023.jpg,training/P04/WHITE/V/images/image_000023.jpg,6e3512d87459cec81430c6c37880978330d83efe9c929b1e2e6c72c9ff3b23a8,6700,,,true
P04_WHITE_V_000024,P04,WHITE,V,image_000024.jpg,training/P04/WHITE/V/images/image_000024.jpg,53f0dc7bf4d0a4c35e22e6968e2a75709f84a16eefa56cfb5c3fbf3ac9a35c71,6980,,,true
P04_WHITE_V_000025,P04,WHITE,V,image_000025.jpg,training/P04/WHITE/V/images/image_000025.jpg,16b5caa7d61de22727121bd61d7dbd067f513ca68d596658bdff5040799bb151,6834,,,true
P04_WHITE_W_000001,P04,WHITE,W,image_000001.jpg,training/P04/WHITE/W/images/image_000001.jpg,0cd5373227a52283b2cebc3223db11407e3e055c04179bdc32cf001160dd226f,7116,,,true
P04_WHITE_W_000002,P04,WHITE,W,image_000002.jpg,training/P04/WHITE/W/images/image_000002.jpg,a383d5caca15052ecc88214d735bd3d1fca48ecee24ebdb39e2957f1595f218e,6933,,,true
P04_WHITE_W_000003,P04,WHITE,W,image_000003.jpg,training/P04/WHITE/W/images/image_000003.jpg,9cada4fe73f47200b8d45b31e311a7764579b03e8803e1bf84104cfb806f581a,6812,,,true
P04_WHITE_W_000004,P04,WHITE,W,image_000004.jpg,training/P04/WHITE/W/images/image_000004.jpg,09bba1cae71cb9375df0d9efd1188aa87bac3b81201ca763b29c2b1eea051404,6816,,,true
P04_WHITE_W_000005,P04,WHITE,W,image_000005.jpg,training/P04/WHITE/W/images/image_000005.jpg,e8d4206fba26d0cec584423a31a1c067a1a54ce83a81ee3592ad9a97367f8e4f,7380,,,true
P04_WHITE_W_000006,P04,WHITE,W,image_000006.jpg,training/P04/WHITE/W/images/image_000006.jpg,414b5e4a5e44ed6765f098d3d65ef31a40b06bdd75e3f2840abd06f5facdbb06,7431,,,true
P04_WHITE_W_000007,P04,WHITE,W,image_000007.jpg,training/P04/WHITE/W/images/image_000007.jpg,0eb2c0107fb63e260c1b4199852f92445a5eb9fef553b8dcacbd18ff1a89c9bc,7264,,,true
P04_WHITE_W_000008,P04,WHITE,W,image_000008.jpg,training/P04/WHITE/W/images/image_000008.jpg,18c711c8514f228e7a36f3f0f7c42883eecf517205bc6cf85537cec0aa43692a,7241,,,true
P04_WHITE_W_000009,P04,WHITE,W,image_000009.jpg,training/P04/WHITE/W/images/image_000009.jpg,88861f548ca25b2e73e516c78c2ae00f429bcb3b8ce2ebe52a037f992afc1bdd,6727,,,true
P04_WHITE_W_000010,P04,WHITE,W,image_000010.jpg,training/P04/WHITE/W/images/image_000010.jpg,cce64e0c74974b4673d738f649ffbf87931666414b605bfe93a3024e92091da2,6577,,,true
P04_WHITE_W_000011,P04,WHITE,W,image_000011.jpg,training/P04/WHITE/W/images/image_000011.jpg,a4051d62e51a64414f0acddafe91fd26c14da1b3b01181029515dec952d03675,6789,,,true
P04_WHITE_W_000012,P04,WHITE,W,image_000012.jpg,training/P04/WHITE/W/images/image_000012.jpg,13d3fd2cc3655437697462dd60696c1bc960eb90cc4194652e8a581e8bdc4042,6798,,,true
P04_WHITE_W_000013,P04,WHITE,W,image_000013.jpg,training/P04/WHITE/W/images/image_000013.jpg,9c4d95d8b6e9a3ce45ad8960ddcb0a83ad3dbcb41947152a4fbcf1be378fd992,6834,,,true
P04_WHITE_W_000014,P04,WHITE,W,image_000014.jpg,training/P04/WHITE/W/images/image_000014.jpg,796fc7dec19e5a268a351eb0938b27cea643698c67753224995675d8c355b14c,6808,,,true
P04_WHITE_W_000015,P04,WHITE,W,image_000015.jpg,training/P04/WHITE/W/images/image_000015.jpg,21f208d8c9f69716715f1ee179d017b6095830f5a0da6841ef5e59b4d2e17684,7231,,,true
P04_WHITE_W_000016,P04,WHITE,W,image_000016.jpg,training/P04/WHITE/W/images/image_000016.jpg,3681aac5aaec3e152d0b20de1143882ccf12dcbfc28b8e8c16f91bf9047ed417,6674,,,true
P04_WHITE_W_000017,P04,WHITE,W,image_000017.jpg,training/P04/WHITE/W/images/image_000017.jpg,3579630a0af772eabec860c2ad2afbd59c86d404ec05a60d84a88b49f6356101,7266,,,true
P04_WHITE_W_000018,P04,WHITE,W,image_000018.jpg,training/P04/WHITE/W/images/image_000018.jpg,f93bfeff1db97d556d171077df7cf8a7bec9fe804d4dc195738cb06da97578c8,7323,,,true
P04_WHITE_W_000019,P04,WHITE,W,image_000019.jpg,training/P04/WHITE/W/images/image_000019.jpg,059d0c45e44007a13677f1dc19f25dc105aa27b8da821510b85a01190b092502,7238,,,true
P04_WHITE_W_000020,P04,WHITE,W,image_000020.jpg,training/P04/WHITE/W/images/image_000020.jpg,7b539600546568647bbfd4f6bf73b1bf4d2a311bc606d45ec625bead93909a15,7018,,,true
P04_WHITE_W_000021,P04,WHITE,W,image_000021.jpg,training/P04/WHITE/W/images/image_000021.jpg,fac0ff826839901124df732fb1a030753b72d16937f830a77ea660bb2a4411a5,6975,,,true
P04_WHITE_W_000022,P04,WHITE,W,image_000022.jpg,training/P04/WHITE/W/images/image_000022.jpg,eea0900d5db84ca26dc090db17dfab4a46441afb29457d495a5f37b0540434bc,7178,,,true
P04_WHITE_W_000023,P04,WHITE,W,image_000023.jpg,training/P04/WHITE/W/images/image_000023.jpg,c397fa393b909180c9724da7ad7cbcbab205b0a5d84a37d1a52e287467e5cc17,6911,,,true
P04_WHITE_W_000024,P04,WHITE,W,image_000024.jpg,training/P04/WHITE/W/images/image_000024.jpg,3980a42a4927ec9604fd841c7ae2b4400b3d90c6dc5ea126dc3c39dacaad8e9a,7206,,,true
P04_WHITE_W_000025,P04,WHITE,W,image_000025.jpg,training/P04/WHITE/W/images/image_000025.jpg,dcb748c93dfe8d55ffa98bdd8b47f3098d7c01c7e04021df71c4f54b24c24e33,7245,,,true
P04_WHITE_Y_000001,P04,WHITE,Y,image_000001.jpg,training/P04/WHITE/Y/images/image_000001.jpg,2ee2c0e497400a7dc7b391ebc9a82728a723b285165e1fdd6ada60fda524eaac,6741,,,true
P04_WHITE_Y_000002,P04,WHITE,Y,image_000002.jpg,training/P04/WHITE/Y/images/image_000002.jpg,656723c222832fd3f1e2e95529ad72091660f82afdbe0693549c19295181aa18,6886,,,true
P04_WHITE_Y_000003,P04,WHITE,Y,image_000003.jpg,training/P04/WHITE/Y/images/image_000003.jpg,85a6d1c012e44e9c7a23c7001b8da4f6baf2d0494c9efb02f16488ef81588624,6779,,,true
P04_WHITE_Y_000004,P04,WHITE,Y,image_000004.jpg,training/P04/WHITE/Y/images/image_000004.jpg,37a2eb51b2d925ffaa0e42005c83cfbef4d942d1106dda6e1b1f0002460536e4,6617,,,true
P04_WHITE_Y_000005,P04,WHITE,Y,image_000005.jpg,training/P04/WHITE/Y/images/image_000005.jpg,3024acfd820a8a94a2ccdd018ea50ba1d1bd93c2988658d6779283854fdffc33,6420,,,true
P04_WHITE_Y_000006,P04,WHITE,Y,image_000006.jpg,training/P04/WHITE/Y/images/image_000006.jpg,2a36346f2873633b350033bd903ee3bb3fa465edb612b928e276e103e1305824,6617,,,true
P04_WHITE_Y_000007,P04,WHITE,Y,image_000007.jpg,training/P04/WHITE/Y/images/image_000007.jpg,fc86a8d0ec5c97df0040a5bda938eef21dfc0368f2364ed8cfa19cf3ceca045a,6894,,,true
P04_WHITE_Y_000008,P04,WHITE,Y,image_000008.jpg,training/P04/WHITE/Y/images/image_000008.jpg,cdb2927ab9bb3f7bc1df882a56584dc7b2f4d0cf1ab9b9d118717466b36c8902,6630,,,true
P04_WHITE_Y_000009,P04,WHITE,Y,image_000009.jpg,training/P04/WHITE/Y/images/image_000009.jpg,5f15b7604210a14c012192035b2dc7ee606e81f107fa241f58568743c27768ec,6538,,,true
P04_WHITE_Y_000010,P04,WHITE,Y,image_000010.jpg,training/P04/WHITE/Y/images/image_000010.jpg,1d0f1ad7348b8a75fc7cff109ef2da15c2ab0cdd74428720fe3fdb0e6a6ec317,6320,,,true
P04_WHITE_Y_000011,P04,WHITE,Y,image_000011.jpg,training/P04/WHITE/Y/images/image_000011.jpg,bd849855f3dbc78c96401b17a21823715b359a174c59b9eca3cfb3711c9407c2,6416,,,true
P04_WHITE_Y_000012,P04,WHITE,Y,image_000012.jpg,training/P04/WHITE/Y/images/image_000012.jpg,71c0153d437fa0922d95d60bac6d51a4e86536b54e4f3f7780b0b27a39f1effb,6889,,,true
P04_WHITE_Y_000013,P04,WHITE,Y,image_000013.jpg,training/P04/WHITE/Y/images/image_000013.jpg,08c47bec8acbbaa6884d858491b0699989f16e82025c302bd92f5ac1bf5a2fdf,6972,,,true
P04_WHITE_Y_000014,P04,WHITE,Y,image_000014.jpg,training/P04/WHITE/Y/images/image_000014.jpg,b504cefc9dbb8ef7484c95f9ed05952babe735831391f3447613647cc507f8fa,6894,,,true
P04_WHITE_Y_000015,P04,WHITE,Y,image_000015.jpg,training/P04/WHITE/Y/images/image_000015.jpg,9762b520c8af4d87aeb2ad56e7fd85abded7ef684a20c9a45f167d0232749f38,6772,,,true
P04_WHITE_Y_000016,P04,WHITE,Y,image_000016.jpg,training/P04/WHITE/Y/images/image_000016.jpg,1266efc3a719ffeca61b7282203ad9fe4df6afed739ce47116a7b99caaaab384,6799,,,true
P04_WHITE_Y_000017,P04,WHITE,Y,image_000017.jpg,training/P04/WHITE/Y/images/image_000017.jpg,c15e983af232e90a7c9bd3729df41847694095793d4fcae0c69222ea120448ad,6898,,,true
P04_WHITE_Y_000018,P04,WHITE,Y,image_000018.jpg,training/P04/WHITE/Y/images/image_000018.jpg,57417b1f3b78ce34fe52a7417d06904db1fd5b726513d8739afdec7c8c3406de,6796,,,true
P04_WHITE_Y_000019,P04,WHITE,Y,image_000019.jpg,training/P04/WHITE/Y/images/image_000019.jpg,dc0f55e9c8b331206ae1a77c9b1f19ea1a6501a405021b606ae2d24cab7618ce,6872,,,true
P04_WHITE_Y_000020,P04,WHITE,Y,image_000020.jpg,training/P04/WHITE/Y/images/image_000020.jpg,144ebf207765380fc2f15fa26c18902baf565eeee6f8c5850e0d9717797152de,6694,,,true
P04_WHITE_Y_000021,P04,WHITE,Y,image_000021.jpg,training/P04/WHITE/Y/images/image_000021.jpg,7ebed761c337ffb7a303f82f6837475d88005b5d488e803754f89f68cc200305,7074,,,true
P04_WHITE_Y_000022,P04,WHITE,Y,image_000022.jpg,training/P04/WHITE/Y/images/image_000022.jpg,9aa899aa57c637543bf1673de515e0115755eb9cdfd84023814668de41320ddf,6981,,,true
P04_WHITE_Y_000023,P04,WHITE,Y,image_000023.jpg,training/P04/WHITE/Y/images/image_000023.jpg,f288f43be62a19179cb795d110f1d3675147d25c9c4cf4da6bb8247cb3167d55,6872,,,true
P04_WHITE_Y_000024,P04,WHITE,Y,image_000024.jpg,training/P04/WHITE/Y/images/image_000024.jpg,cd76a807c6a5ce29b1e568889d372e3ce4690792e8473097965d2b6d5b3bb17e,7106,,,true
P04_WHITE_Y_000025,P04,WHITE,Y,image_000025.jpg,training/P04/WHITE/Y/images/image_000025.jpg,791ae7b812c02f926c6900f5a83ad0d10660415078bbc39656673041aa443aa2,7028,,,true
P05_BLACK_A_000001,P05,BLACK,A,image_000001.jpg,training/P05/BLACK/A/images/image_000001.jpg,5832beb25d5814acee04bb835d2112d2855ebf991276df697979d31fd83b57ba,8719,,,true
P05_BLACK_A_000002,P05,BLACK,A,image_000002.jpg,training/P05/BLACK/A/images/image_000002.jpg,c790950d4ef187dbabeba2d227e2286bb89823b81561d25b84e1d6d96dc2eb1a,8854,,,true
P05_BLACK_A_000003,P05,BLACK,A,image_000003.jpg,training/P05/BLACK/A/images/image_000003.jpg,cf69e30e6da9c1ba4a6cc1b5ac0eb1a52d50910d115cc0821f07703ed8a242fe,8592,,,true
P05_BLACK_A_000004,P05,BLACK,A,image_000004.jpg,training/P05/BLACK/A/images/image_000004.jpg,57bc6777742646f1a7e5c8876f5747f764d733473c85c8e8258c49908246e137,9197,,,true
P05_BLACK_A_000005,P05,BLACK,A,image_000005.jpg,training/P05/BLACK/A/images/image_000005.jpg,db098406624fe0f4b9300280fc8dc7ec05d2b9ac0a143ec624d26ac93d5659c7,8183,,,true
P05_BLACK_A_000006,P05,BLACK,A,image_000006.jpg,training/P05/BLACK/A/images/image_000006.jpg,9d49c67a7815de46347f078c45683a98d305727493941f2c68d1d4a1f28d48f8,8947,,,true
P05_BLACK_A_000007,P05,BLACK,A,image_000007.jpg,training/P05/BLACK/A/images/image_000007.jpg,90c58c6c6e1b276cf71dd9df91d254aa95661e693a1d55532acd6e2d18aa0316,9485,,,true
P05_BLACK_A_000008,P05,BLACK,A,image_000008.jpg,training/P05/BLACK/A/images/image_000008.jpg,f836f128394b190ce6693995bcf72651695ec977e8bca3d5b4502e302f0323cb,8662,,,true
P05_BLACK_A_000009,P05,BLACK,A,image_000009.jpg,training/P05/BLACK/A/images/image_000009.jpg,9b2ef8ca84192217886851fba8bbc135f5d2353d5e7a035b3bb7c0562b6f53ae,9281,,,true
P05_BLACK_A_000010,P05,BLACK,A,image_000010.jpg,training/P05/BLACK/A/images/image_000010.jpg,6c675b791badc467b2e64b860dd634beff3f0f40ea9637703602def980ab5b1a,9589,,,true
P05_BLACK_A_000011,P05,BLACK,A,image_000011.jpg,training/P05/BLACK/A/images/image_000011.jpg,601ac9cda037dbc238c54669caa4968c7f880339df06ccb1bce6c12dc5274543,8142,,,true
P05_BLACK_A_000012,P05,BLACK,A,image_000012.jpg,training/P05/BLACK/A/images/image_000012.jpg,38f2c92e43593e9d5679a977ca410983f240987bbfd7093f40eae208888c8ab4,8082,,,true
P05_BLACK_A_000013,P05,BLACK,A,image_000013.jpg,training/P05/BLACK/A/images/image_000013.jpg,8ab1e52ef457cf8e820ac93bb7b26b37efd34632a93ce8536487d099bc81739d,7814,,,true
P05_BLACK_A_000014,P05,BLACK,A,image_000014.jpg,training/P05/BLACK/A/images/image_000014.jpg,537359230e27c2d4cd98516deaa8c90b89925dd22eb50ac828e54272b687b655,7695,,,true
P05_BLACK_A_000015,P05,BLACK,A,image_000015.jpg,training/P05/BLACK/A/images/image_000015.jpg,550fceebdc7ea1eca862b21660d817103776d0d872403a721a7e81b39b7d1904,8134,,,true
P05_BLACK_A_000016,P05,BLACK,A,image_000016.jpg,training/P05/BLACK/A/images/image_000016.jpg,4c1a3be5578f54e4002f6771b6ce82abf68461a544f6ccbd87ab830d613c0e1f,8093,,,true
P05_BLACK_A_000017,P05,BLACK,A,image_000017.jpg,training/P05/BLACK/A/images/image_000017.jpg,550bf175fb68cb8db8f15b4a3ef23255059a39e9a09c413713d00e54e83e7765,8432,,,true
P05_BLACK_A_000018,P05,BLACK,A,image_000018.jpg,training/P05/BLACK/A/images/image_000018.jpg,9dbe954bf0bc512f8e148f45b45a739a7475068ba37f71a9a1e4725f45fde62c,8091,,,true
P05_BLACK_A_000019,P05,BLACK,A,image_000019.jpg,training/P05/BLACK/A/images/image_000019.jpg,70a2b4f1c0d139ad9897a13c7ec4bc49ec85ed6e788d33fdfd5be9eba669db22,8226,,,true
P05_BLACK_A_000020,P05,BLACK,A,image_000020.jpg,training/P05/BLACK/A/images/image_000020.jpg,d92f9505d5069d2da252c143e894127427b7cd94b1a5afc325b987d465bc4922,8609,,,true
P05_BLACK_A_000021,P05,BLACK,A,image_000021.jpg,training/P05/BLACK/A/images/image_000021.jpg,b631ac2e5a88f1aa37555fbcdebd18cda6225b4e6209f0232381d594b3f7681d,8303,,,true
P05_BLACK_A_000022,P05,BLACK,A,image_000022.jpg,training/P05/BLACK/A/images/image_000022.jpg,844a21c5ebbfcface98abf56dc3f100ea9b7b6ed2e46813654c0cfdd0b1d2c1a,9284,,,true
P05_BLACK_A_000023,P05,BLACK,A,image_000023.jpg,training/P05/BLACK/A/images/image_000023.jpg,807e89b30922d879d160901a2d6de070566da3f988b5e140af08186d273dac0a,8075,,,true
P05_BLACK_A_000024,P05,BLACK,A,image_000024.jpg,training/P05/BLACK/A/images/image_000024.jpg,843b611a99046feddcb13d2d0e73e3af9fca58e1e69a66950a128eb9ee7ea459,8256,,,true
P05_BLACK_A_000025,P05,BLACK,A,image_000025.jpg,training/P05/BLACK/A/images/image_000025.jpg,bbd6a7e729e84b04a1ca154b677cdc605c3a057a27509ad2e644196d93db2603,8000,,,true
P05_BLACK_B_000001,P05,BLACK,B,image_000001.jpg,training/P05/BLACK/B/images/image_000001.jpg,05570be52209abd5d16da7c228d481e8fbf8534ed052fdfc92f046a912537fb8,7902,,,true
P05_BLACK_B_000002,P05,BLACK,B,image_000002.jpg,training/P05/BLACK/B/images/image_000002.jpg,45d804720fce17a210ce86280319352c2f6fa4d31198fad71f68a6a152a0640d,8412,,,true
P05_BLACK_B_000003,P05,BLACK,B,image_000003.jpg,training/P05/BLACK/B/images/image_000003.jpg,9a045f1c758d59b9ada8594980e817d1d8a9bac4f0e93c7b2733dc095d0efc7c,8656,,,true
P05_BLACK_B_000004,P05,BLACK,B,image_000004.jpg,training/P05/BLACK/B/images/image_000004.jpg,438b7cde6b45aa23ffd9a1dfa24187b75bc5dd5baa041fb72887a7f84e77e054,8294,,,true
P05_BLACK_B_000005,P05,BLACK,B,image_000005.jpg,training/P05/BLACK/B/images/image_000005.jpg,fdcd09b8b2af9e36aeab8b2a94c88e6e0bf9abc4f0cfa806a5c000901446580b,7873,,,true
P05_BLACK_B_000006,P05,BLACK,B,image_000006.jpg,training/P05/BLACK/B/images/image_000006.jpg,fadf411c96cb903555012a4e3b46a1d8ae356ada042a91c0c32d2c3c674eeb9c,9014,,,true
P05_BLACK_B_000007,P05,BLACK,B,image_000007.jpg,training/P05/BLACK/B/images/image_000007.jpg,a74dcbc1246af0049742e77aa2c76f51a69c09e4bbec140acc5653c3cf4b1d49,9230,,,true
P05_BLACK_B_000008,P05,BLACK,B,image_000008.jpg,training/P05/BLACK/B/images/image_000008.jpg,00edb868220186d51a5f79c753e1239ec5454fa32a75cd3ec46a9a141fbc780e,8000,,,true
P05_BLACK_B_000009,P05,BLACK,B,image_000009.jpg,training/P05/BLACK/B/images/image_000009.jpg,3141f046c15f906b25e480258e3a037ca8be3b25c19a04951b1ee2192778b028,8456,,,true
P05_BLACK_B_000010,P05,BLACK,B,image_000010.jpg,training/P05/BLACK/B/images/image_000010.jpg,f4773b60b1757ee2c57e63d987ddee1f5b9627fa3831a39c1acb5fafb2c73f75,8510,,,true
P05_BLACK_B_000011,P05,BLACK,B,image_000011.jpg,training/P05/BLACK/B/images/image_000011.jpg,ce942701521e0838fe2d8119d8cfbcb6f7ba55a74172af2d5d13e3ca3627eefd,8605,,,true
P05_BLACK_B_000012,P05,BLACK,B,image_000012.jpg,training/P05/BLACK/B/images/image_000012.jpg,0a6509ca8c8b0be493dd14040110108c1e2c28e8589ff63d654d1a2fc579cdd2,8445,,,true
P05_BLACK_B_000013,P05,BLACK,B,image_000013.jpg,training/P05/BLACK/B/images/image_000013.jpg,489f1bcf719a5a950060aac669f79b7795a5113a1e30e8faaa348c0eaab45f3f,8533,,,true
P05_BLACK_B_000014,P05,BLACK,B,image_000014.jpg,training/P05/BLACK/B/images/image_000014.jpg,81f34c6b8549ac5dac8a563da172ed14a656d428e3f5136ae45b5cc513f4f890,8414,,,true
P05_BLACK_B_000015,P05,BLACK,B,image_000015.jpg,training/P05/BLACK/B/images/image_000015.jpg,a241657a66208dd2f2ee9d61dbbf836ebafda980c2d4a0446f9ba16141b11986,8321,,,true
P05_BLACK_B_000016,P05,BLACK,B,image_000016.jpg,training/P05/BLACK/B/images/image_000016.jpg,354cb82feb3f23cff34f777aae01af9cd27b3cc0f2b937ef343bf7ea645325e3,7801,,,true
P05_BLACK_B_000017,P05,BLACK,B,image_000017.jpg,training/P05/BLACK/B/images/image_000017.jpg,0a64974d32d537784157eda84d1c8d1ba020e1a7669cc3e849b2dafffaf67eea,7893,,,true
P05_BLACK_B_000018,P05,BLACK,B,image_000018.jpg,training/P05/BLACK/B/images/image_000018.jpg,0fcaf6ba27263ad18eb5b59d5cb1c501e70fa0b327dd739f35d9e6b678b5c2d3,8503,,,true
P05_BLACK_B_000019,P05,BLACK,B,image_000019.jpg,training/P05/BLACK/B/images/image_000019.jpg,b690c2459d067a3222066932a58944e78a3d92a4f242a0b1cd4938a7ebc49987,9074,,,true
P05_BLACK_B_000020,P05,BLACK,B,image_000020.jpg,training/P05/BLACK/B/images/image_000020.jpg,6852762fc67d0131ded4486e6b1dd8d524305c04126cfc6756ff2dd914b2dcfc,8683,,,true
P05_BLACK_B_000021,P05,BLACK,B,image_000021.jpg,training/P05/BLACK/B/images/image_000021.jpg,8dd853be0b94f6286c2c68233050678381a77f6e58e937279a4c81b98884e80e,9188,,,true
P05_BLACK_B_000022,P05,BLACK,B,image_000022.jpg,training/P05/BLACK/B/images/image_000022.jpg,09668e6836d36ec454c877e383bdcc0a73279bf7bc0662db40261a313b8908f1,8598,,,true
P05_BLACK_B_000023,P05,BLACK,B,image_000023.jpg,training/P05/BLACK/B/images/image_000023.jpg,5421ba5912afc1800261168c11414eb06cfc3fb904112fa3edf72dc0651d016d,8978,,,true
P05_BLACK_B_000024,P05,BLACK,B,image_000024.jpg,training/P05/BLACK/B/images/image_000024.jpg,f0416cfd065e31cf32d8c757e2f099a3ded63587e2f5ec4e55c0a24e085988f8,8531,,,true
P05_BLACK_B_000025,P05,BLACK,B,image_000025.jpg,training/P05/BLACK/B/images/image_000025.jpg,ded0da063ac7ebe0ca48bf1b6bf92ccbec63569a78a10c44cd49aada9a0325dd,8834,,,true
P05_BLACK_C_000001,P05,BLACK,C,image_000001.jpg,training/P05/BLACK/C/images/image_000001.jpg,63a98317dde6428b13f7e495b73e3b3ddad6c7264a7bb21cc3fcf61f131bf814,8905,,,true
P05_BLACK_C_000002,P05,BLACK,C,image_000002.jpg,training/P05/BLACK/C/images/image_000002.jpg,101431abdc80c0eec76bd80abdfacc787f220bdc5f8152c80dfbd32aa089b059,9298,,,true
P05_BLACK_C_000003,P05,BLACK,C,image_000003.jpg,training/P05/BLACK/C/images/image_000003.jpg,96685c874c4e325d4356a553f9a450baba996a71fd93dde0c4c71e5551ed1e05,8779,,,true
P05_BLACK_C_000004,P05,BLACK,C,image_000004.jpg,training/P05/BLACK/C/images/image_000004.jpg,2af81f117636c92a4cd0c8b903c15c735cd9209c1d0ab3cc016bc542f8fcc9e3,9091,,,true
P05_BLACK_C_000005,P05,BLACK,C,image_000005.jpg,training/P05/BLACK/C/images/image_000005.jpg,4b161bf668564aab3caa6ae3ca70642c89d4be45e103ce3b4db0fabfe99bcf66,9176,,,true
P05_BLACK_C_000006,P05,BLACK,C,image_000006.jpg,training/P05/BLACK/C/images/image_000006.jpg,df9e8041551dbcaedcb33a83abd570bb0b71b2bfe551032ada290e103084e102,8433,,,true
P05_BLACK_C_000007,P05,BLACK,C,image_000007.jpg,training/P05/BLACK/C/images/image_000007.jpg,f819f7a544e8ed104450df42ac8db91743f5f831f863447a31150689a9246aa0,8821,,,true
P05_BLACK_C_000008,P05,BLACK,C,image_000008.jpg,training/P05/BLACK/C/images/image_000008.jpg,32932adc2a957cd1f347e50608993ce61b7d3804f09d00606ee3bc9ca8637547,9222,,,true
P05_BLACK_C_000009,P05,BLACK,C,image_000009.jpg,training/P05/BLACK/C/images/image_000009.jpg,1b89fcb2c7769a5f2f0424e5f029a165ca6d454276b2aba0a29beff4a902c0fd,9130,,,true
P05_BLACK_C_000010,P05,BLACK,C,image_000010.jpg,training/P05/BLACK/C/images/image_000010.jpg,0ea6c8284aab3202e7996b721ea574705a64dfed3a3213bab6d54eff102576ce,8434,,,true
P05_BLACK_C_000011,P05,BLACK,C,image_000011.jpg,training/P05/BLACK/C/images/image_000011.jpg,c7ae0dce089af9b0931e6e7747d5ee789b32a06bd6dd8c7b3c803dd7de982bfb,9501,,,true
P05_BLACK_C_000012,P05,BLACK,C,image_000012.jpg,training/P05/BLACK/C/images/image_000012.jpg,7bd167f873697fda4752668623c9455fa898cb61bfc38a6a9de3414a18691cb2,9496,,,true
P05_BLACK_C_000013,P05,BLACK,C,image_000013.jpg,training/P05/BLACK/C/images/image_000013.jpg,d6571be78c760787aad204861652f3707972be8d19248279c4ff4857410f4d03,8496,,,true
P05_BLACK_C_000014,P05,BLACK,C,image_000014.jpg,training/P05/BLACK/C/images/image_000014.jpg,75a434a02b47b3d9e07e692a4ad93964e411ebc4341be4102f7a5c92b3018ba2,8537,,,true
P05_BLACK_C_000015,P05,BLACK,C,image_000015.jpg,training/P05/BLACK/C/images/image_000015.jpg,2e4ccd09cebb543133498caea784b9289d06f1c4f5d8e81f469111bd403c847e,8937,,,true
P05_BLACK_C_000016,P05,BLACK,C,image_000016.jpg,training/P05/BLACK/C/images/image_000016.jpg,246c222cc49a1d7fda878c2ac017e1883188d85d4e553a4c21ece612095141f4,8389,,,true
P05_BLACK_C_000017,P05,BLACK,C,image_000017.jpg,training/P05/BLACK/C/images/image_000017.jpg,661410560d89d7e876314a3a48a03bdfa6ac98e79cd46d3ec07f9074727ba913,8832,,,true
P05_BLACK_C_000018,P05,BLACK,C,image_000018.jpg,training/P05/BLACK/C/images/image_000018.jpg,e1d61d59ffdb4c0733b777dddbb356c9b437896e1a465955d7e1d8be8de98319,9333,,,true
P05_BLACK_C_000019,P05,BLACK,C,image_000019.jpg,training/P05/BLACK/C/images/image_000019.jpg,8c311cf32bd2b76ccb8d025c11769fa62d40744d6a4196bcde5faacc2ddf4be9,7766,,,true
P05_BLACK_C_000020,P05,BLACK,C,image_000020.jpg,training/P05/BLACK/C/images/image_000020.jpg,09112732c7d428284e36043f9ac035940a8f95f6cf26b600bb9e0d2de3a12472,8043,,,true
P05_BLACK_C_000021,P05,BLACK,C,image_000021.jpg,training/P05/BLACK/C/images/image_000021.jpg,1702ee6321492ce40d4c309d36748f2ab18b87e47a74b1111461713b9d6030ec,8392,,,true
P05_BLACK_C_000022,P05,BLACK,C,image_000022.jpg,training/P05/BLACK/C/images/image_000022.jpg,69ca42aec201056f3bf89c2484f464910de733cdf689e4e456010558cc6ebe06,8912,,,true
P05_BLACK_C_000023,P05,BLACK,C,image_000023.jpg,training/P05/BLACK/C/images/image_000023.jpg,52eb4c225aac42ed8b25e4fc02a1aec069efc8bd9b1dd199a12240b7899ef19a,8508,,,true
P05_BLACK_C_000024,P05,BLACK,C,image_000024.jpg,training/P05/BLACK/C/images/image_000024.jpg,8fd16d44d08c054cd26f6b4b5126b3219645cb6e38a2baa15f30b4733065ad5d,8565,,,true
P05_BLACK_C_000025,P05,BLACK,C,image_000025.jpg,training/P05/BLACK/C/images/image_000025.jpg,785fc66974a3cee380a05c07f349002cf77c9f00c74939c5380914a0c8469d26,8985,,,true
P05_BLACK_E_000001,P05,BLACK,E,image_000001.jpg,training/P05/BLACK/E/images/image_000001.jpg,17f94d4b1fbc8ad114d58518d0483802de0dce712177d4156cd1dce1a74e607d,8439,,,true
P05_BLACK_E_000002,P05,BLACK,E,image_000002.jpg,training/P05/BLACK/E/images/image_000002.jpg,7b73ade448632cf92ddd6a662bd4c157a86b10de7fda543700f4a84a6388ce93,8931,,,true
P05_BLACK_E_000003,P05,BLACK,E,image_000003.jpg,training/P05/BLACK/E/images/image_000003.jpg,47aefc28719238c4c9ad00367a29677fc459765d1981493accf18a1a3a91d08d,8568,,,true
P05_BLACK_E_000004,P05,BLACK,E,image_000004.jpg,training/P05/BLACK/E/images/image_000004.jpg,d26dc106ecf62091fef7f26322098ecceab4caf55f00a497c6860a8baef9ba4d,9266,,,true
P05_BLACK_E_000005,P05,BLACK,E,image_000005.jpg,training/P05/BLACK/E/images/image_000005.jpg,55a0236ed2d2c689605fe8797fa9e30662b7aff422d2c8e9e789c67811f782ea,8378,,,true
P05_BLACK_E_000006,P05,BLACK,E,image_000006.jpg,training/P05/BLACK/E/images/image_000006.jpg,1aae8090c1d71a6a128ec270ce56c6999cf67f184bf64599a51142397d9bd62a,8531,,,true
P05_BLACK_E_000007,P05,BLACK,E,image_000007.jpg,training/P05/BLACK/E/images/image_000007.jpg,162c3c84b1c44149e96cee6df90cf50cb9992bd56c0679b90efe09ff71089fdf,8403,,,true
P05_BLACK_E_000008,P05,BLACK,E,image_000008.jpg,training/P05/BLACK/E/images/image_000008.jpg,e24afde91a343f941c886ac66b88dcb3d869c16a324080a62b92dbc14b2d33b1,8403,,,true
P05_BLACK_E_000009,P05,BLACK,E,image_000009.jpg,training/P05/BLACK/E/images/image_000009.jpg,8bdc0fbb1d7ffb021b2f0ff35ac59b994ad83c6e26947f702704efc09a060232,8423,,,true
P05_BLACK_E_000010,P05,BLACK,E,image_000010.jpg,training/P05/BLACK/E/images/image_000010.jpg,8bc12aebca671408626c644d84e5d0f37d39e3d5c7f9149ccccabf61707a0490,8633,,,true
P05_BLACK_E_000011,P05,BLACK,E,image_000011.jpg,training/P05/BLACK/E/images/image_000011.jpg,0311afe52b79b8b211d3daf9f8f21d3627929e23d7097924155673a344971d79,8633,,,true
P05_BLACK_E_000012,P05,BLACK,E,image_000012.jpg,training/P05/BLACK/E/images/image_000012.jpg,3cf91de697e5e842abca8fe164459d482e856e8afffc0a125ead698496daa8d3,8854,,,true
P05_BLACK_E_000013,P05,BLACK,E,image_000013.jpg,training/P05/BLACK/E/images/image_000013.jpg,9228a9b5cbc68d9442ab4c7224c6cfefee28df81a01fe73b1ac5b6f3940fface,8702,,,true
P05_BLACK_E_000014,P05,BLACK,E,image_000014.jpg,training/P05/BLACK/E/images/image_000014.jpg,1ce48f7dd2be5389488d21123afdd6bd67655dca83025dec195956969c64f27c,8902,,,true
P05_BLACK_E_000015,P05,BLACK,E,image_000015.jpg,training/P05/BLACK/E/images/image_000015.jpg,e87b8896fbba4d85569b0280e72bff6c45440c6bb107da5d9f009a35f4dfdda3,8314,,,true
P05_BLACK_E_000016,P05,BLACK,E,image_000016.jpg,training/P05/BLACK/E/images/image_000016.jpg,2715363d90763863885d41061213a10e6b4a7224036cb7039f576e0604aa2b49,8648,,,true
P05_BLACK_E_000017,P05,BLACK,E,image_000017.jpg,training/P05/BLACK/E/images/image_000017.jpg,d4e9104cb64fc94161b31815a78d66052ae8bd0c9e44b89af60850800d18a66d,8544,,,true
P05_BLACK_E_000018,P05,BLACK,E,image_000018.jpg,training/P05/BLACK/E/images/image_000018.jpg,b864839a804e8f3988316a7097bc8849d73f2a89605a04366c21a03ab45a2a04,9059,,,true
P05_BLACK_E_000019,P05,BLACK,E,image_000019.jpg,training/P05/BLACK/E/images/image_000019.jpg,cd819f0d0078f29f5ed3eb3b1d53d84fb3f242b87f1530bf0d2dcb8cd1b4b9d0,9122,,,true
P05_BLACK_E_000020,P05,BLACK,E,image_000020.jpg,training/P05/BLACK/E/images/image_000020.jpg,453e9bf8d6fd7ed6e9a731ee4869099c8d5b7f68e143c5b82dcc5c10d3c21eff,8816,,,true
P05_BLACK_E_000021,P05,BLACK,E,image_000021.jpg,training/P05/BLACK/E/images/image_000021.jpg,10a4dfc598485276b172b42db0d3fbb7a96d65ab0cebdeb1394ee04006da46d4,9462,,,true
P05_BLACK_E_000022,P05,BLACK,E,image_000022.jpg,training/P05/BLACK/E/images/image_000022.jpg,2b26b380ad8df4343324adaae5ea8932c1fe8292b4c5bc7a66747fbb1a9fe4cb,9281,,,true
P05_BLACK_E_000023,P05,BLACK,E,image_000023.jpg,training/P05/BLACK/E/images/image_000023.jpg,162aa3d9442723045a3ea6ea9d34424b6f56e096b5e4341cfbdd57fdd4da1c1c,9109,,,true
P05_BLACK_E_000024,P05,BLACK,E,image_000024.jpg,training/P05/BLACK/E/images/image_000024.jpg,46d81fa1f8c5676d867e0eee718973b307aa723a2dc44b267a6de0522292324d,8989,,,true
P05_BLACK_E_000025,P05,BLACK,E,image_000025.jpg,training/P05/BLACK/E/images/image_000025.jpg,b40c20a9e3a07f96ce0f2e094b4b807b8ea85432373a7b47bf72a35394164ead,9310,,,true
P05_BLACK_I_000001,P05,BLACK,I,image_000001.jpg,training/P05/BLACK/I/images/image_000001.jpg,76ed8fc9fe3826db186831ec64c0470506cfa22db8bdc8873d74aaf5af9a05ac,8775,,,true
P05_BLACK_I_000002,P05,BLACK,I,image_000002.jpg,training/P05/BLACK/I/images/image_000002.jpg,21f2bc6d684251274b052c9854574499efbb618b753e85100f9b67571d029ca1,9109,,,true
P05_BLACK_I_000003,P05,BLACK,I,image_000003.jpg,training/P05/BLACK/I/images/image_000003.jpg,5a910df7e3d30d0ed6a0a1843c8edbfaa4dc7aa61cc59ce938e7f2109b3276ac,9431,,,true
P05_BLACK_I_000004,P05,BLACK,I,image_000004.jpg,training/P05/BLACK/I/images/image_000004.jpg,35c49effec85e6c9234b5bce2733d54eaf534c667fd0630ef6309e11a09c2177,8490,,,true
P05_BLACK_I_000005,P05,BLACK,I,image_000005.jpg,training/P05/BLACK/I/images/image_000005.jpg,3af362ee2189d4f4cf1608a1e7887e716ff03d616390eba50e0274fa9a9574d8,8223,,,true
P05_BLACK_I_000006,P05,BLACK,I,image_000006.jpg,training/P05/BLACK/I/images/image_000006.jpg,1766f88b874d44190c43d0e4ae25857845aa96cbb58f90bc5372c45731c28e0d,8569,,,true
P05_BLACK_I_000007,P05,BLACK,I,image_000007.jpg,training/P05/BLACK/I/images/image_000007.jpg,e6ff82520e33bc3bc18ea34757d8114987b6b489eab0a78463421aecda1701d0,9210,,,true
P05_BLACK_I_000008,P05,BLACK,I,image_000008.jpg,training/P05/BLACK/I/images/image_000008.jpg,5f9a0c9f5912708e8362a2d32995a070799098961136038cb7cc1fd7e36df8b2,8060,,,true
P05_BLACK_I_000009,P05,BLACK,I,image_000009.jpg,training/P05/BLACK/I/images/image_000009.jpg,71fa239341f860644588f34a548412b6f4f723558c607f3eddf5ddbf19c1729b,8245,,,true
P05_BLACK_I_000010,P05,BLACK,I,image_000010.jpg,training/P05/BLACK/I/images/image_000010.jpg,00db03fe1c30c41833d104329cdc0f849fcb80e2e0976eed63960b89aabdbf8e,7698,,,true
P05_BLACK_I_000011,P05,BLACK,I,image_000011.jpg,training/P05/BLACK/I/images/image_000011.jpg,8bd4deee1b8b6282bca6dcfa6eb7bfc4aa16d3124835154e82e5aefb6851c1c8,8122,,,true
P05_BLACK_I_000012,P05,BLACK,I,image_000012.jpg,training/P05/BLACK/I/images/image_000012.jpg,559dca14f68131cbac92b811393789aa8e70666651f5059e4e43cea6e27dfb22,8687,,,true
P05_BLACK_I_000013,P05,BLACK,I,image_000013.jpg,training/P05/BLACK/I/images/image_000013.jpg,f6a64391786adc47610969aa212bf8af8b400a13e7a81e4d05746bb7608140a5,8126,,,true
P05_BLACK_I_000014,P05,BLACK,I,image_000014.jpg,training/P05/BLACK/I/images/image_000014.jpg,0d43f93c99c6784b880580882c054ce94247464bd34eeaa7de559b3937b58c79,8730,,,true
P05_BLACK_I_000015,P05,BLACK,I,image_000015.jpg,training/P05/BLACK/I/images/image_000015.jpg,9e7fe106a8113eb2a5e36fd15999cf10f6d56d9976a95358437ca26240047a70,9203,,,true
P05_BLACK_I_000016,P05,BLACK,I,image_000016.jpg,training/P05/BLACK/I/images/image_000016.jpg,d0c12a310b0879217cb6ee4dcae8d055d9ec7070b35cf2105a3e2f015140af8a,8608,,,true
P05_BLACK_I_000017,P05,BLACK,I,image_000017.jpg,training/P05/BLACK/I/images/image_000017.jpg,72406c5deab97867edf2291b0b10e9f3bc765ce2995898404fd4426e9961ad05,9468,,,true
P05_BLACK_I_000018,P05,BLACK,I,image_000018.jpg,training/P05/BLACK/I/images/image_000018.jpg,8d2b5e5a487f46406a197e425f7032a9d68476125b4ec2aee7d50793fdf2e8fc,9562,,,true
P05_BLACK_I_000019,P05,BLACK,I,image_000019.jpg,training/P05/BLACK/I/images/image_000019.jpg,03ae2a17675122326a08b50253b8c059993ec7a211552551da9938f4606b0c0e,8380,,,true
P05_BLACK_I_000020,P05,BLACK,I,image_000020.jpg,training/P05/BLACK/I/images/image_000020.jpg,7997a2cdc33b070a61bc6d177e242e461b1b034c92402c1b610f1e59e28bb4ce,8541,,,true
P05_BLACK_I_000021,P05,BLACK,I,image_000021.jpg,training/P05/BLACK/I/images/image_000021.jpg,b54c79d53664d5fb12f907fc621ee2facf4b2bd6de96d4b88347c4c5a018d764,8870,,,true
P05_BLACK_I_000022,P05,BLACK,I,image_000022.jpg,training/P05/BLACK/I/images/image_000022.jpg,f4043abaefc4f4212478534a3cd7255288128fafbf04ec359bdbebde2f3fa090,8550,,,true
P05_BLACK_I_000023,P05,BLACK,I,image_000023.jpg,training/P05/BLACK/I/images/image_000023.jpg,9f5795552a091439576a964a81b9b9d63732470c4c492738631fbe6d1353521f,9750,,,true
P05_BLACK_I_000024,P05,BLACK,I,image_000024.jpg,training/P05/BLACK/I/images/image_000024.jpg,816d02943b03f1d22e5c406a9b77ee1acbefa636c6d4ebf62c86093b4d5194e3,8935,,,true
P05_BLACK_I_000025,P05,BLACK,I,image_000025.jpg,training/P05/BLACK/I/images/image_000025.jpg,6bb500e23bfe37dc13bcb94079016651fe1036ea40de6e22875786d2e811f4f9,9586,,,true
P05_BLACK_L_000001,P05,BLACK,L,image_000001.jpg,training/P05/BLACK/L/images/image_000001.jpg,6fbf4806d4db026a139e7dc8dc31d97ff89e0d505c43ea5de06e748a9ab39d8f,9211,,,true
P05_BLACK_L_000002,P05,BLACK,L,image_000002.jpg,training/P05/BLACK/L/images/image_000002.jpg,ded8df8da29729d9ac4296e9999e04f84229934a6bafa5d44700f4677b2c8d71,9695,,,true
P05_BLACK_L_000003,P05,BLACK,L,image_000003.jpg,training/P05/BLACK/L/images/image_000003.jpg,9353a45bc022f9d1b8b9f313cb5c1d0d60d29ff35edab2299961e206b9cfaeaf,7867,,,true
P05_BLACK_L_000004,P05,BLACK,L,image_000004.jpg,training/P05/BLACK/L/images/image_000004.jpg,a6698c7f7b67b4eae33d3947995010e5778ab5351e25da0157502ed9bb63334a,9334,,,true
P05_BLACK_L_000005,P05,BLACK,L,image_000005.jpg,training/P05/BLACK/L/images/image_000005.jpg,efab40675b8d1b4b18169cd720cb1ff2d0fea22fe1a2be398f566e7e1e46955a,7890,,,true
P05_BLACK_L_000006,P05,BLACK,L,image_000006.jpg,training/P05/BLACK/L/images/image_000006.jpg,d5d0a244accb1d4234a4ee7c6ed447da5e6b7ccdb5bbb2c8f2038b07ace66542,8924,,,true
P05_BLACK_L_000007,P05,BLACK,L,image_000007.jpg,training/P05/BLACK/L/images/image_000007.jpg,25b431d06f96f798af89300174e41676fcaccf50dbcb328046913429a90b7273,9289,,,true
P05_BLACK_L_000008,P05,BLACK,L,image_000008.jpg,training/P05/BLACK/L/images/image_000008.jpg,9f6f8d7fe12bc28177c05585bd2e1c6e8c1bde3703ed1a9ed7909c8846e48cd4,8939,,,true
P05_BLACK_L_000009,P05,BLACK,L,image_000009.jpg,training/P05/BLACK/L/images/image_000009.jpg,7fdbf8fac7d8f544a6654e74549c08b12a51fd6a759f7b63d0e31e5c19336825,9337,,,true
P05_BLACK_L_000010,P05,BLACK,L,image_000010.jpg,training/P05/BLACK/L/images/image_000010.jpg,e937369eb6481ff8700ab022245ff0672f835078833b19e41b8f5a39a1d2aaaf,8996,,,true
P05_BLACK_L_000011,P05,BLACK,L,image_000011.jpg,training/P05/BLACK/L/images/image_000011.jpg,dcedb98a1efbd9bb45736cbab7f0cc5d616f273f9b21a2e6322feb5c77eae6f6,9534,,,true
P05_BLACK_L_000012,P05,BLACK,L,image_000012.jpg,training/P05/BLACK/L/images/image_000012.jpg,ef2a132e19e831939886f8970c80f6248a1e352ef6427e4366cfef2589456c8a,8366,,,true
P05_BLACK_L_000013,P05,BLACK,L,image_000013.jpg,training/P05/BLACK/L/images/image_000013.jpg,f11da0930bbc94fdd9dcb077f6df52e2acb0a98d635f35416844ffeb5abf3117,8348,,,true
P05_BLACK_L_000014,P05,BLACK,L,image_000014.jpg,training/P05/BLACK/L/images/image_000014.jpg,948c135a971d703728780e429879a21d408576cb4ea05fc4d61fcb901d828fff,8466,,,true
P05_BLACK_L_000015,P05,BLACK,L,image_000015.jpg,training/P05/BLACK/L/images/image_000015.jpg,0634e8060816cb71134058bc718f87ebe8c8086e5f6171dcf4f6e84e50dd6b40,8518,,,true
P05_BLACK_L_000016,P05,BLACK,L,image_000016.jpg,training/P05/BLACK/L/images/image_000016.jpg,ac31b7779784dbad8737e2eac21753f9d558020cc1826b66c552affb1fd4489a,8593,,,true
P05_BLACK_L_000017,P05,BLACK,L,image_000017.jpg,training/P05/BLACK/L/images/image_000017.jpg,4ff196f6c45d34b08203b0163e57bd798f84db7f038b04dddcb6e346d4ce463f,8832,,,true
P05_BLACK_L_000018,P05,BLACK,L,image_000018.jpg,training/P05/BLACK/L/images/image_000018.jpg,a69ff7d0445e164432d16864ced0fddb60bd6d367cb418251e8899d52565b44c,8685,,,true
P05_BLACK_L_000019,P05,BLACK,L,image_000019.jpg,training/P05/BLACK/L/images/image_000019.jpg,41660533a1c3dfe6229d83914bde81a44f9b0abe192d596f3d430cabe8e47a3f,8118,,,true
P05_BLACK_L_000020,P05,BLACK,L,image_000020.jpg,training/P05/BLACK/L/images/image_000020.jpg,ffad93cee41d97ee2dad7d04b8d614d536a8571f15a6927177adca45e1fd8fae,8406,,,true
P05_BLACK_L_000021,P05,BLACK,L,image_000021.jpg,training/P05/BLACK/L/images/image_000021.jpg,1fa48ea8579aa454c48f7f099f7208c660ee4fea89b4dc59b44ee650561793c8,8382,,,true
P05_BLACK_L_000022,P05,BLACK,L,image_000022.jpg,training/P05/BLACK/L/images/image_000022.jpg,73137ec7c7415a4afb17e19205d1d118c4f5c59a84bd110eeca2f20c99ffc552,8914,,,true
P05_BLACK_L_000023,P05,BLACK,L,image_000023.jpg,training/P05/BLACK/L/images/image_000023.jpg,9977cc2bae396b1d322dec71c652a11b055d11b89e670c8fc8aac25f5e44c90a,9498,,,true
P05_BLACK_L_000024,P05,BLACK,L,image_000024.jpg,training/P05/BLACK/L/images/image_000024.jpg,7d1509cd272a964b07c2e0843bfe8b13a7d8ba2da6beb17e0b8aa8e959c8068b,9378,,,true
P05_BLACK_L_000025,P05,BLACK,L,image_000025.jpg,training/P05/BLACK/L/images/image_000025.jpg,e10735900551512d85431527f2682fd52e0d96544391d273e8dca0d959dab974,9358,,,true
P05_BLACK_M_000001,P05,BLACK,M,image_000001.jpg,training/P05/BLACK/M/images/image_000001.jpg,2342c13a17ae6f749d34170c5b9c8d24e2c2bff53bea41f8557c667705bd89ff,9462,,,true
P05_BLACK_M_000002,P05,BLACK,M,image_000002.jpg,training/P05/BLACK/M/images/image_000002.jpg,1818028d45a39213a64c56a23a1da5b20fe0fca710a3702efb7bce52afb8d033,9823,,,true
P05_BLACK_M_000003,P05,BLACK,M,image_000003.jpg,training/P05/BLACK/M/images/image_000003.jpg,4ebe7972001c98a79f3e23a80cc466255512f379ee668a0dae8975000088dbb6,9430,,,true
P05_BLACK_M_000004,P05,BLACK,M,image_000004.jpg,training/P05/BLACK/M/images/image_000004.jpg,8efdff50ef1adedec32fb3f60c3f8f4b8e0310fecf82e0f6ae621853b0072f54,9828,,,true
P05_BLACK_M_000005,P05,BLACK,M,image_000005.jpg,training/P05/BLACK/M/images/image_000005.jpg,69ba432164fe0bba77450b57b50b4fb38a9b6f918a2a158e98884589ad7c3c77,9198,,,true
P05_BLACK_M_000006,P05,BLACK,M,image_000006.jpg,training/P05/BLACK/M/images/image_000006.jpg,067bfb848a72599d9ef0f3c86ffcda929914437362b8fa99924a13fcfde2e90b,9787,,,true
P05_BLACK_M_000007,P05,BLACK,M,image_000007.jpg,training/P05/BLACK/M/images/image_000007.jpg,12cf00cc2beb974b60576e1b61b920e4d0c1edddfbbcb09b37b354e199f4cfc8,8814,,,true
P05_BLACK_M_000008,P05,BLACK,M,image_000008.jpg,training/P05/BLACK/M/images/image_000008.jpg,b6924a21f893a8a0b1c1332310e59cd76b6f899c4d7726143ee658d743c97744,7761,,,true
P05_BLACK_M_000009,P05,BLACK,M,image_000009.jpg,training/P05/BLACK/M/images/image_000009.jpg,efaa6a5a3bf612999d2e00f9e383c1a086c6bebbba376a85c18e7d1f10fb9986,7782,,,true
P05_BLACK_M_000010,P05,BLACK,M,image_000010.jpg,training/P05/BLACK/M/images/image_000010.jpg,aff91ede88fa6d97b6fd6cc24d3cfa78c02cf9ffca6e6c340b1b4755c9eda377,9701,,,true
P05_BLACK_M_000011,P05,BLACK,M,image_000011.jpg,training/P05/BLACK/M/images/image_000011.jpg,50433c7a8a3fae28984151cade1c13d4abfbbf8458770e2656820ec121228641,8389,,,true
P05_BLACK_M_000012,P05,BLACK,M,image_000012.jpg,training/P05/BLACK/M/images/image_000012.jpg,884cc4a8ab6bb7aa7daa1c38b3bcb0e71ba02777e5be506f7d8968d8e066e8d2,9010,,,true
P05_BLACK_M_000013,P05,BLACK,M,image_000013.jpg,training/P05/BLACK/M/images/image_000013.jpg,4cae1b94bddbe05bd5fc340c67ec0671bf083cbf9d86bcc022c9dc573fca250b,8292,,,true
P05_BLACK_M_000014,P05,BLACK,M,image_000014.jpg,training/P05/BLACK/M/images/image_000014.jpg,9725429962f01f59180a79aafc2f42b716c84973d5f2b8068b7f119ec183cbeb,9038,,,true
P05_BLACK_M_000015,P05,BLACK,M,image_000015.jpg,training/P05/BLACK/M/images/image_000015.jpg,eb7c4f9fb6fca1eb33f12fd3627a548c384618dc72703043c27924eb706fe6c5,9580,,,true
P05_BLACK_M_000016,P05,BLACK,M,image_000016.jpg,training/P05/BLACK/M/images/image_000016.jpg,2a7a525285537fe22aa4fb72c8a406cfb91e69f86e932cce40e0426eea815cc0,9468,,,true
P05_BLACK_M_000017,P05,BLACK,M,image_000017.jpg,training/P05/BLACK/M/images/image_000017.jpg,1d60fc72b344f70434ae32939f5ad98a147940258ccc9fc4f079685a5fb46f3a,9045,,,true
P05_BLACK_M_000018,P05,BLACK,M,image_000018.jpg,training/P05/BLACK/M/images/image_000018.jpg,d00a6803bf10da2e3e9d7d12627c91c207cc7f58dee23da5ead17324b775f990,8630,,,true
P05_BLACK_M_000019,P05,BLACK,M,image_000019.jpg,training/P05/BLACK/M/images/image_000019.jpg,675c0e79d3c4120337f8019e8bb11c60ac944db3a19f87c9a93ea9da0eaa833b,9425,,,true
P05_BLACK_M_000020,P05,BLACK,M,image_000020.jpg,training/P05/BLACK/M/images/image_000020.jpg,081be91ac157784f696b09b9de5b2e32dae656c637abd7280dac9db8bddfc34b,9249,,,true
P05_BLACK_M_000021,P05,BLACK,M,image_000021.jpg,training/P05/BLACK/M/images/image_000021.jpg,4fafd79b26de1b1b5fc1c69da4525156ecabe6c7f1233dcfbfc989d07746d2aa,8656,,,true
P05_BLACK_M_000022,P05,BLACK,M,image_000022.jpg,training/P05/BLACK/M/images/image_000022.jpg,e9df1ddaffeb2dc6b294d2ee35d7b373a03547238f87541f4876b8a2609b581d,8976,,,true
P05_BLACK_M_000023,P05,BLACK,M,image_000023.jpg,training/P05/BLACK/M/images/image_000023.jpg,a9eb51230d2bc74de88584b599dabc27941d6f818a9260c461ecfdbc52680b29,8237,,,true
P05_BLACK_M_000024,P05,BLACK,M,image_000024.jpg,training/P05/BLACK/M/images/image_000024.jpg,08f4b716a93cd20ebb4637fd71438bf076091b47a2d2d686ea475c66d3d4e66b,8445,,,true
P05_BLACK_M_000025,P05,BLACK,M,image_000025.jpg,training/P05/BLACK/M/images/image_000025.jpg,838d5ddf8884365321a6e593a3d66f0e39179dcac2cc6d9c5d46b63dbf882297,9310,,,true
P05_BLACK_N_000001,P05,BLACK,N,image_000001.jpg,training/P05/BLACK/N/images/image_000001.jpg,9ec88cae3397bc6637db38fda22963df40a07d8ab4cb8408738b76a440cb0fc7,8990,,,true
P05_BLACK_N_000002,P05,BLACK,N,image_000002.jpg,training/P05/BLACK/N/images/image_000002.jpg,75a7d084378cc4bb3ad95216682cce2f8d95292674c2b7ec23836be47b1de502,8683,,,true
P05_BLACK_N_000003,P05,BLACK,N,image_000003.jpg,training/P05/BLACK/N/images/image_000003.jpg,0afa8656abcd75a7ecf83611a914ecb43acdeedb52c9706ccb10ee2f5037d786,9068,,,true
P05_BLACK_N_000004,P05,BLACK,N,image_000004.jpg,training/P05/BLACK/N/images/image_000004.jpg,a90add708b7d1603f6c24ee590f4853cedf02699fbde939e3da52acdf526f526,9004,,,true
P05_BLACK_N_000005,P05,BLACK,N,image_000005.jpg,training/P05/BLACK/N/images/image_000005.jpg,69f3f870468d669a7a63b8cb48e8bb04a63572e665979e2540b5e44100449e25,8753,,,true
P05_BLACK_N_000006,P05,BLACK,N,image_000006.jpg,training/P05/BLACK/N/images/image_000006.jpg,8c35492a98eced477bd8534ad27e78d3ed0f0d8c22ad6cf2575c9c83edd8fdcb,9507,,,true
P05_BLACK_N_000007,P05,BLACK,N,image_000007.jpg,training/P05/BLACK/N/images/image_000007.jpg,ccb0e6898f251db8d9298f1cb7167bf81714caa8581f51cc986ee389f4d8ee15,9237,,,true
P05_BLACK_N_000008,P05,BLACK,N,image_000008.jpg,training/P05/BLACK/N/images/image_000008.jpg,710a33bc0ca6e1b329d20d7d0b9a7cf784e4141dc43eeff3403bbac1954252a1,9673,,,true
P05_BLACK_N_000009,P05,BLACK,N,image_000009.jpg,training/P05/BLACK/N/images/image_000009.jpg,766cc4c917b2113a682f670a775d1aaf99ee8af7305a363bd95fc6b165b3f106,8834,,,true
P05_BLACK_N_000010,P05,BLACK,N,image_000010.jpg,training/P05/BLACK/N/images/image_000010.jpg,ea957441f956e89ee3db4ba234538c5389559bdca6aaeb9b09989ae090425a4d,8736,,,true
P05_BLACK_N_000011,P05,BLACK,N,image_000011.jpg,training/P05/BLACK/N/images/image_000011.jpg,f5fccc6f6ee667a5c12326045130ae0ae41c7424d0390f34cefccc6e6b8d80d5,8953,,,true
P05_BLACK_N_000012,P05,BLACK,N,image_000012.jpg,training/P05/BLACK/N/images/image_000012.jpg,6d84d61d041641c0f2c5bf8e063b6ba1b2f569627a27f708c055472eaf7cf9d1,8863,,,true
P05_BLACK_N_000013,P05,BLACK,N,image_000013.jpg,training/P05/BLACK/N/images/image_000013.jpg,66b50c59510c11bd4ba8f008cb9d1071b0754cd04205bbed41ab7b5291457e17,9158,,,true
P05_BLACK_N_000014,P05,BLACK,N,image_000014.jpg,training/P05/BLACK/N/images/image_000014.jpg,ee6bb8814f52301fcc53611d464d4013fc21769b5beeacd44ee4d7f03c45dee6,8141,,,true
P05_BLACK_N_000015,P05,BLACK,N,image_000015.jpg,training/P05/BLACK/N/images/image_000015.jpg,c0e1d49e756a21f263e87f535cdf9be6332753a3fdaa4b2ffb4e4d63ce5bddb5,9863,,,true
P05_BLACK_N_000016,P05,BLACK,N,image_000016.jpg,training/P05/BLACK/N/images/image_000016.jpg,7e8d61bb383bee20bab42009e67fd3e7066dbc369b4850bd9655054d3dc1fda9,8529,,,true
P05_BLACK_N_000017,P05,BLACK,N,image_000017.jpg,training/P05/BLACK/N/images/image_000017.jpg,f11997dbef7d95a7c4eb1b0763b9ca5f344f4b5308ffa7560758c35d425ffa43,8841,,,true
P05_BLACK_N_000018,P05,BLACK,N,image_000018.jpg,training/P05/BLACK/N/images/image_000018.jpg,732d7d17b46750f4ab453cd9e20882ab41e4f2ba9e85d37870ce3f7122bfeeb1,8950,,,true
P05_BLACK_N_000019,P05,BLACK,N,image_000019.jpg,training/P05/BLACK/N/images/image_000019.jpg,1f4e5071caae52d4b0797847c25a88bf34a40a7c07ccb270c6149d5959233ed6,8715,,,true
P05_BLACK_N_000020,P05,BLACK,N,image_000020.jpg,training/P05/BLACK/N/images/image_000020.jpg,5ecf7318945f9133efcf416f06a3a22da6c3379ee3d1e07d64f1f60066d4ae3a,9060,,,true
P05_BLACK_N_000021,P05,BLACK,N,image_000021.jpg,training/P05/BLACK/N/images/image_000021.jpg,088559eb3800fc1e7ed65eaade15ee2db831f1149ef91a4afb4254130e65b0f6,8651,,,true
P05_BLACK_N_000022,P05,BLACK,N,image_000022.jpg,training/P05/BLACK/N/images/image_000022.jpg,7956832473cb4c891be73555d6ab0ed3e7f2409d1505ef2d3b498fd940fe4d20,9005,,,true
P05_BLACK_N_000023,P05,BLACK,N,image_000023.jpg,training/P05/BLACK/N/images/image_000023.jpg,bc1b13fee7c29c7694189a6a8d46423f6758dc81420aaa48a5443f98391fd0c9,9227,,,true
P05_BLACK_N_000024,P05,BLACK,N,image_000024.jpg,training/P05/BLACK/N/images/image_000024.jpg,1bd6282c9de12f3ccea31cbcbe514456cfc7de44ad0de2233f550baba5c81ada,10070,,,true
P05_BLACK_N_000025,P05,BLACK,N,image_000025.jpg,training/P05/BLACK/N/images/image_000025.jpg,83d7ee2ec061590414fffa3681146143d6241d134d4f9472c0493a26189bf0fb,9149,,,true
P05_BLACK_O_000001,P05,BLACK,O,image_000001.jpg,training/P05/BLACK/O/images/image_000001.jpg,66c010a098a6ca8ce0acdc2198b6b8915eb603e9053ba2170d8dd9b1dea4043e,9487,,,true
P05_BLACK_O_000002,P05,BLACK,O,image_000002.jpg,training/P05/BLACK/O/images/image_000002.jpg,035ab6c55cd49bf4addc8c10dbd35eca94d6be05225149bca635956a55b5141f,9202,,,true
P05_BLACK_O_000003,P05,BLACK,O,image_000003.jpg,training/P05/BLACK/O/images/image_000003.jpg,df91be114e41c4a6a6cd9d2658193f0ec2ca29bb3172b061bec693ff4166b8dd,8895,,,true
P05_BLACK_O_000004,P05,BLACK,O,image_000004.jpg,training/P05/BLACK/O/images/image_000004.jpg,f3b55ec2d8945a73ee1d6dbad8d7f0891a21ed9e646eb6f6ac8a95e3d7dd8bfb,9303,,,true
P05_BLACK_O_000005,P05,BLACK,O,image_000005.jpg,training/P05/BLACK/O/images/image_000005.jpg,c35eb8444f89838bc89ca52abc58fd57eb28cf3e70be6f8085bc01d33a36e8ee,8561,,,true
P05_BLACK_O_000006,P05,BLACK,O,image_000006.jpg,training/P05/BLACK/O/images/image_000006.jpg,4b44e84e0f41dffbefa4402d0e7e2e7ea4a6408af431ae7600ecd23c6241bca5,8672,,,true
P05_BLACK_O_000007,P05,BLACK,O,image_000007.jpg,training/P05/BLACK/O/images/image_000007.jpg,c02a97e0221e500ef67fd725bc65c96c74ec50584e0e51175e61b24e1d558a12,8342,,,true
P05_BLACK_O_000008,P05,BLACK,O,image_000008.jpg,training/P05/BLACK/O/images/image_000008.jpg,513380019c8d5173796e25e29dc11309d0de8ef35c71422cf8e2212ccb90b7b1,8733,,,true
P05_BLACK_O_000009,P05,BLACK,O,image_000009.jpg,training/P05/BLACK/O/images/image_000009.jpg,eda7fcc743eac08f8aea0835695b557223ba4545be9a7651de2139a5288f37b7,8700,,,true
P05_BLACK_O_000010,P05,BLACK,O,image_000010.jpg,training/P05/BLACK/O/images/image_000010.jpg,011eba21458c9461441bd26bb068306b66bdc211899b04fa709426b6c2c6abe6,8056,,,true
P05_BLACK_O_000011,P05,BLACK,O,image_000011.jpg,training/P05/BLACK/O/images/image_000011.jpg,29be9d621c653e257f16c22851144c674485b5411e30066ea4ef055787cfcc9a,9563,,,true
P05_BLACK_O_000012,P05,BLACK,O,image_000012.jpg,training/P05/BLACK/O/images/image_000012.jpg,f9cb07e37c8871b9f1129878ef2d552081664c9962ea94bc7038c87abbe7497f,9574,,,true
P05_BLACK_O_000013,P05,BLACK,O,image_000013.jpg,training/P05/BLACK/O/images/image_000013.jpg,b19ab32fed7e73c78cf5afbbfc9f47e91afa3d35cd990806560b9d2d3f367fd3,8575,,,true
P05_BLACK_O_000014,P05,BLACK,O,image_000014.jpg,training/P05/BLACK/O/images/image_000014.jpg,a8170ef8ec7f53fa7427c0133c9fc8f52c10f2b6983522aa3d249c8a775e5de0,8680,,,true
P05_BLACK_O_000015,P05,BLACK,O,image_000015.jpg,training/P05/BLACK/O/images/image_000015.jpg,aded30cd5bf48599c1f0613386973c88ccc638e95fa1559be8c97af2e33b2b41,9511,,,true
P05_BLACK_O_000016,P05,BLACK,O,image_000016.jpg,training/P05/BLACK/O/images/image_000016.jpg,f513adea759f670e7159fcfd85adc9b981ecff542883b15268f4bf3ac8cc743f,8597,,,true
P05_BLACK_O_000017,P05,BLACK,O,image_000017.jpg,training/P05/BLACK/O/images/image_000017.jpg,fa744c3b18e0e20b45b8b1b2ed3980e1be8ffc6dc33a37a2c72f5e3b7960f16e,9108,,,true
P05_BLACK_O_000018,P05,BLACK,O,image_000018.jpg,training/P05/BLACK/O/images/image_000018.jpg,0aa5d48718457df8e0379a079c213897c8d2b0abc540d9e6c6ac66574cc7703b,9790,,,true
P05_BLACK_O_000019,P05,BLACK,O,image_000019.jpg,training/P05/BLACK/O/images/image_000019.jpg,a80bc268096d7c8887cb2772c9e32174287e6d6c5bf3fb546b6fbcf8e45b4347,9239,,,true
P05_BLACK_O_000020,P05,BLACK,O,image_000020.jpg,training/P05/BLACK/O/images/image_000020.jpg,f92c55042a1265afd22832b1cf0a47469cd6c6dec01a77aae550971df5db73ec,8542,,,true
P05_BLACK_O_000021,P05,BLACK,O,image_000021.jpg,training/P05/BLACK/O/images/image_000021.jpg,1cd92928be8425e64d0da3a620c7e972b7643347a62d0011b39f6e84def7499c,8225,,,true
P05_BLACK_O_000022,P05,BLACK,O,image_000022.jpg,training/P05/BLACK/O/images/image_000022.jpg,0782632e49525fafedc69fc84e9022fbcbc612ddfff2b34cf99996686d35be09,8275,,,true
P05_BLACK_O_000023,P05,BLACK,O,image_000023.jpg,training/P05/BLACK/O/images/image_000023.jpg,bac0ca8ec3159c1824ffb1dbebc30b983e9b4f0de7612f210d00ffd0600ec47f,8995,,,true
P05_BLACK_O_000024,P05,BLACK,O,image_000024.jpg,training/P05/BLACK/O/images/image_000024.jpg,c319f7fb513d846f7acda692d9b0abc5a843bb33d5139233a201b60b48a37630,8613,,,true
P05_BLACK_O_000025,P05,BLACK,O,image_000025.jpg,training/P05/BLACK/O/images/image_000025.jpg,98be72f3354d703507955da06acbdd43bbdfdeba0453efe080e220127e0bfb73,8302,,,true
P05_BLACK_P_000001,P05,BLACK,P,image_000001.jpg,training/P05/BLACK/P/images/image_000001.jpg,22a243341caf044d43a4200433ff862e2fdc29088f171f953ed9c56a9d1e02e0,8244,,,true
P05_BLACK_P_000002,P05,BLACK,P,image_000002.jpg,training/P05/BLACK/P/images/image_000002.jpg,ddafc5c27c81a2be320ded3302932cfb8a98f871148c545e13abcf0cb933e3ae,8129,,,true
P05_BLACK_P_000003,P05,BLACK,P,image_000003.jpg,training/P05/BLACK/P/images/image_000003.jpg,eb6ec82812849067b2c0bc9fca2320057ea4f6d5f494b77b47666963799b1490,8481,,,true
P05_BLACK_P_000004,P05,BLACK,P,image_000004.jpg,training/P05/BLACK/P/images/image_000004.jpg,92c169b0b8ef77c1e4e9298903199e94a387933079306e81a58f8fdb4dbad79a,8500,,,true
P05_BLACK_P_000005,P05,BLACK,P,image_000005.jpg,training/P05/BLACK/P/images/image_000005.jpg,115e58a7eb66efe810473d364ca7f139e25189d8cb1421bf1e9d3812c80f7c2e,9222,,,true
P05_BLACK_P_000006,P05,BLACK,P,image_000006.jpg,training/P05/BLACK/P/images/image_000006.jpg,5d01f87593bed2159b0aab49636139f4f8238fc7fd93e5d1ba2e8a01ba7c2417,9154,,,true
P05_BLACK_P_000007,P05,BLACK,P,image_000007.jpg,training/P05/BLACK/P/images/image_000007.jpg,0e51c37c86a96ca02435c6d954ddcef3835b3e048d09a1cfdd9c94b82e4b0236,9383,,,true
P05_BLACK_P_000008,P05,BLACK,P,image_000008.jpg,training/P05/BLACK/P/images/image_000008.jpg,6e9e1a4f8f63c7fc4cb307ba45392431c39e0a4c275a2386f1f143848d0ca395,8244,,,true
P05_BLACK_P_000009,P05,BLACK,P,image_000009.jpg,training/P05/BLACK/P/images/image_000009.jpg,de5a4489a01f8f2a3485c1aad5f740d391caa22f8d76249fc9b1ae9c7641bab4,8651,,,true
P05_BLACK_P_000010,P05,BLACK,P,image_000010.jpg,training/P05/BLACK/P/images/image_000010.jpg,f340b46ca0a5e261341f2e02ea64acb32d078d17b9244afd7006effe028cef59,8590,,,true
P05_BLACK_P_000011,P05,BLACK,P,image_000011.jpg,training/P05/BLACK/P/images/image_000011.jpg,9df10fcc2a88aff1233e5d37f0d4254259051f1b5c04773056ed0f9385755aa6,7625,,,true
P05_BLACK_P_000012,P05,BLACK,P,image_000012.jpg,training/P05/BLACK/P/images/image_000012.jpg,5b5bae2413f8c1ab951a17fd04f878d09ef6687a5f2eb653ec1cac9bb26ee0d1,8040,,,true
P05_BLACK_P_000013,P05,BLACK,P,image_000013.jpg,training/P05/BLACK/P/images/image_000013.jpg,39d94f54c5cb3e5f1d11b6baac30520a52efff8bd303fa2311e76643ac84b879,8805,,,true
P05_BLACK_P_000014,P05,BLACK,P,image_000014.jpg,training/P05/BLACK/P/images/image_000014.jpg,56ca439ef8a3d692ffe8feda2705557527b82fe54a6d83db5c17e191ba5c56a5,8324,,,true
P05_BLACK_P_000015,P05,BLACK,P,image_000015.jpg,training/P05/BLACK/P/images/image_000015.jpg,10530a554a0dc7b9d7f5437b9794cf6b54ff8671b3fac09a2c2d82dd5393a62a,8771,,,true
P05_BLACK_P_000016,P05,BLACK,P,image_000016.jpg,training/P05/BLACK/P/images/image_000016.jpg,6ba45c3d5c1651c97001068a19e4f4421cc9b03f1d1cbb9339e8907606f9775d,8635,,,true
P05_BLACK_P_000017,P05,BLACK,P,image_000017.jpg,training/P05/BLACK/P/images/image_000017.jpg,6d8a643fa595250a187ce6c185bca995b7b06507e265b1d1829006c0c2a0adb0,8716,,,true
P05_BLACK_P_000018,P05,BLACK,P,image_000018.jpg,training/P05/BLACK/P/images/image_000018.jpg,ad6c9d896a4ad60ce5465c6c25313b96960c353bc36eb584dacdc15a822922b5,8086,,,true
P05_BLACK_P_000019,P05,BLACK,P,image_000019.jpg,training/P05/BLACK/P/images/image_000019.jpg,e427c2e5c16e84cd11f6f4c5b5f3f58fe21c201cf7783d0ce7862b4d75ab618a,8943,,,true
P05_BLACK_P_000020,P05,BLACK,P,image_000020.jpg,training/P05/BLACK/P/images/image_000020.jpg,1fa3405a50b47df5e7ee5fefe8e1de9538404af5932eac368281686005f084df,9125,,,true
P05_BLACK_P_000021,P05,BLACK,P,image_000021.jpg,training/P05/BLACK/P/images/image_000021.jpg,8301cc733437179201051a388270dc81001b38242ba3a67f28635d6099afe0f2,9208,,,true
P05_BLACK_P_000022,P05,BLACK,P,image_000022.jpg,training/P05/BLACK/P/images/image_000022.jpg,cd4b73d0e92f9fd581414968b66eea7dbb71e7c963538a11f7a60f0a955ef8e8,8446,,,true
P05_BLACK_P_000023,P05,BLACK,P,image_000023.jpg,training/P05/BLACK/P/images/image_000023.jpg,fd02d182c2dfc48f95be2522b70a8929553b484e3d84aa40e29cc65858333aff,9551,,,true
P05_BLACK_P_000024,P05,BLACK,P,image_000024.jpg,training/P05/BLACK/P/images/image_000024.jpg,a0570989471562e2452bf32bac0d603dad88b1aa7d045a1f7f1b6f4a0fec67e3,8382,,,true
P05_BLACK_P_000025,P05,BLACK,P,image_000025.jpg,training/P05/BLACK/P/images/image_000025.jpg,0ddf424408cb70936a212649ef461a8606601d4944c6a94c99ff325857cb79bf,9249,,,true
P05_BLACK_R_000001,P05,BLACK,R,image_000001.jpg,training/P05/BLACK/R/images/image_000001.jpg,a4e26c2f410b136ae4b207ffe255901ae84c4d92fcaf3d9bc426b7e70ddbdd87,9217,,,true
P05_BLACK_R_000002,P05,BLACK,R,image_000002.jpg,training/P05/BLACK/R/images/image_000002.jpg,50849e5879822ff610d5e2d1816f736f958a2333018451e34e2902bd4cedd7f4,8531,,,true
P05_BLACK_R_000003,P05,BLACK,R,image_000003.jpg,training/P05/BLACK/R/images/image_000003.jpg,00b1492dea9aa6c51802635c598666b3d016d0a5d9b1fbee40b426ba3fdb1ad5,9010,,,true
P05_BLACK_R_000004,P05,BLACK,R,image_000004.jpg,training/P05/BLACK/R/images/image_000004.jpg,3266f8a73c59e3107fcabd04eb9c9582025fcb2d90016410dabd816ad4fa6b02,8483,,,true
P05_BLACK_R_000005,P05,BLACK,R,image_000005.jpg,training/P05/BLACK/R/images/image_000005.jpg,fe85e83acdcfb37b928035a2568f72730fbdc03f8c22a62c1ba15867f047d9c8,8341,,,true
P05_BLACK_R_000006,P05,BLACK,R,image_000006.jpg,training/P05/BLACK/R/images/image_000006.jpg,66bed4d6e8cede54594cc934b753733678c9ac2441a40ba0f8e8d92ca6df241e,8181,,,true
P05_BLACK_R_000007,P05,BLACK,R,image_000007.jpg,training/P05/BLACK/R/images/image_000007.jpg,f883ec1297f2e9af753e618cf6dc2218713192f98ea9fcf58a54097c3d3d9283,8485,,,true
P05_BLACK_R_000008,P05,BLACK,R,image_000008.jpg,training/P05/BLACK/R/images/image_000008.jpg,17fc39a7b39b40c3bd8081283f702593806f206db5f170b7d6a8d17bee3a2893,7946,,,true
P05_BLACK_R_000009,P05,BLACK,R,image_000009.jpg,training/P05/BLACK/R/images/image_000009.jpg,02372f628370c723d09b135ad4b642727e658f9f9c2dc00c118763816b41996d,8408,,,true
P05_BLACK_R_000010,P05,BLACK,R,image_000010.jpg,training/P05/BLACK/R/images/image_000010.jpg,202e18ab599d39a7623b4e96dfca68fa087ea72f1f364b615445d190184e1fbe,8271,,,true
P05_BLACK_R_000011,P05,BLACK,R,image_000011.jpg,training/P05/BLACK/R/images/image_000011.jpg,4d0a1b283253501f01546934ad201ca9789294e9d4bafb1d9970208372119258,8411,,,true
P05_BLACK_R_000012,P05,BLACK,R,image_000012.jpg,training/P05/BLACK/R/images/image_000012.jpg,b083e8e0901151381dd56b69a55340b76dd11b2f4f16f3630540776a0e609867,8487,,,true
P05_BLACK_R_000013,P05,BLACK,R,image_000013.jpg,training/P05/BLACK/R/images/image_000013.jpg,396c8b6a7f71841d63296d1970cd7d8e7e2d8ba1064d8237a1dcae229b378c94,8345,,,true
P05_BLACK_R_000014,P05,BLACK,R,image_000014.jpg,training/P05/BLACK/R/images/image_000014.jpg,2388d362cb09ebc936a319bbd0b789ebcea9c5cc884d6fd58bc15f3842bd6bfa,8272,,,true
P05_BLACK_R_000015,P05,BLACK,R,image_000015.jpg,training/P05/BLACK/R/images/image_000015.jpg,24bcfeb6573d4b30f0d5818780ea527af5a2f62962a516adac7c0e3a7ad06cb8,7889,,,true
P05_BLACK_R_000016,P05,BLACK,R,image_000016.jpg,training/P05/BLACK/R/images/image_000016.jpg,7a5dd713a3781cb01080135474a905db7894ddc100ef47500a40c753186f799c,9107,,,true
P05_BLACK_R_000017,P05,BLACK,R,image_000017.jpg,training/P05/BLACK/R/images/image_000017.jpg,e26a492af1cb57a15ade109991638cba7c244c845f4a1fed9b2cad8d09fad5e8,8608,,,true
P05_BLACK_R_000018,P05,BLACK,R,image_000018.jpg,training/P05/BLACK/R/images/image_000018.jpg,60c4fd6e22b64e481ea6b1e5adff1960c83276382a002276118f3bafeb151673,9404,,,true
P05_BLACK_R_000019,P05,BLACK,R,image_000019.jpg,training/P05/BLACK/R/images/image_000019.jpg,084fd337224067da35340d3e29dab7769dfd30283e451a9f13efedccaeb63641,8801,,,true
P05_BLACK_R_000020,P05,BLACK,R,image_000020.jpg,training/P05/BLACK/R/images/image_000020.jpg,ac5331a13b4596ebe1ed04238881756823e7047d9760cfd27f6f44f5b89bb435,8822,,,true
P05_BLACK_R_000021,P05,BLACK,R,image_000021.jpg,training/P05/BLACK/R/images/image_000021.jpg,e913fcd0a716ccba33d91cb837a8d48716b81e741f5b4be7bf53905a1ca89b61,8797,,,true
P05_BLACK_R_000022,P05,BLACK,R,image_000022.jpg,training/P05/BLACK/R/images/image_000022.jpg,e3111a4bc07450dbc82a176f3c1f4ec7e778b562b80ba91d90153d44a2b9118c,9255,,,true
P05_BLACK_R_000023,P05,BLACK,R,image_000023.jpg,training/P05/BLACK/R/images/image_000023.jpg,4d29d88aaecf520c4097f589e8b14c57635a70ed0dd72fca6d02c747fec839ad,9273,,,true
P05_BLACK_R_000024,P05,BLACK,R,image_000024.jpg,training/P05/BLACK/R/images/image_000024.jpg,c7b13f71f53bb5dd96f6435d02819ec453b02edacc831879f8d1f4c90f8eb444,9355,,,true
P05_BLACK_R_000025,P05,BLACK,R,image_000025.jpg,training/P05/BLACK/R/images/image_000025.jpg,07186dad1acffc7282a25085bf29c36cccee935d35190be9af49f3eb3a0dc6fd,8936,,,true
P05_BLACK_S_000001,P05,BLACK,S,image_000001.jpg,training/P05/BLACK/S/images/image_000001.jpg,2bebb86b0b1ba167c88add572ba0dc1846a558374dca2809363dbc4396ed219d,9775,,,true
P05_BLACK_S_000002,P05,BLACK,S,image_000002.jpg,training/P05/BLACK/S/images/image_000002.jpg,8c7257cfa8d66f299b81a419b56f092ac1b0fdb0b1a3cd6c8b9143e5217ab1b1,9815,,,true
P05_BLACK_S_000003,P05,BLACK,S,image_000003.jpg,training/P05/BLACK/S/images/image_000003.jpg,a5d23c6130fe1704e17a7c8c07d7761cab989d98685419a1010f3b293820a9a3,9302,,,true
P05_BLACK_S_000004,P05,BLACK,S,image_000004.jpg,training/P05/BLACK/S/images/image_000004.jpg,5c5589a62a86de69cc9badcc606f87b54ce744e111176cb25db41128bfed0394,9427,,,true
P05_BLACK_S_000005,P05,BLACK,S,image_000005.jpg,training/P05/BLACK/S/images/image_000005.jpg,c052b93fbfba59f77f94c338027f2d9314704669a618b96b2fedf628b46af1d0,8753,,,true
P05_BLACK_S_000006,P05,BLACK,S,image_000006.jpg,training/P05/BLACK/S/images/image_000006.jpg,6deaf3e0632c3f6cd82cd260ae1c86c80274c1eaca8722ba5e713605f53a455c,9072,,,true
P05_BLACK_S_000007,P05,BLACK,S,image_000007.jpg,training/P05/BLACK/S/images/image_000007.jpg,d695e050faa7c16f6641aa88801a7fea6d278593f340aa250003ffdb0749b29f,9625,,,true
P05_BLACK_S_000008,P05,BLACK,S,image_000008.jpg,training/P05/BLACK/S/images/image_000008.jpg,d1bbd5020e1c59d822384e87fcde2fc20011ef8bcfcaf8751cd3c3a317bcb08d,8764,,,true
P05_BLACK_S_000009,P05,BLACK,S,image_000009.jpg,training/P05/BLACK/S/images/image_000009.jpg,2f64961ede1774a615cb1a5c7cf5b059ed2efd2256a9f1246e532184ad4aab84,8651,,,true
P05_BLACK_S_000010,P05,BLACK,S,image_000010.jpg,training/P05/BLACK/S/images/image_000010.jpg,745b9050c133d8227f2c902b12e6544de89186afaa4094a0ce611f39b21280a9,8181,,,true
P05_BLACK_S_000011,P05,BLACK,S,image_000011.jpg,training/P05/BLACK/S/images/image_000011.jpg,a980b18d33b46e2e7fe73e715b7f60a77d2e5f15947bbe82566e4699a28b9758,8648,,,true
P05_BLACK_S_000012,P05,BLACK,S,image_000012.jpg,training/P05/BLACK/S/images/image_000012.jpg,dfbce98e9d7cc681933c4325cf1201c3d091e78f72ef4ce9a35e190b0bd0b9da,9638,,,true
P05_BLACK_S_000013,P05,BLACK,S,image_000013.jpg,training/P05/BLACK/S/images/image_000013.jpg,27169ab6128e3d3cc941201b3f9c83192017e4d59d63d6b8c5fae9bdb94baed8,9587,,,true
P05_BLACK_S_000014,P05,BLACK,S,image_000014.jpg,training/P05/BLACK/S/images/image_000014.jpg,45e151d707bdc132b1007640eb0e0292e8db1761ba447d4010c4c3cf2e503411,9305,,,true
P05_BLACK_S_000015,P05,BLACK,S,image_000015.jpg,training/P05/BLACK/S/images/image_000015.jpg,cb11ff302177503324d56ef55a5d6a0853dbd8309fc95d7a1a2b899b6d53675a,9506,,,true
P05_BLACK_S_000016,P05,BLACK,S,image_000016.jpg,training/P05/BLACK/S/images/image_000016.jpg,192d8f999f654944b149df3763acd16af166b0066bd6fd84441fb71e4f506b5c,8052,,,true
P05_BLACK_S_000017,P05,BLACK,S,image_000017.jpg,training/P05/BLACK/S/images/image_000017.jpg,01a0b5d01430068b374825db472debd0510ba141c86db40fa36b0d8b678fd608,8042,,,true
P05_BLACK_S_000018,P05,BLACK,S,image_000018.jpg,training/P05/BLACK/S/images/image_000018.jpg,5452a202e794c69861cf92ceef406fd1614e2f9c53174ee45794d705b37aadd9,8389,,,true
P05_BLACK_S_000019,P05,BLACK,S,image_000019.jpg,training/P05/BLACK/S/images/image_000019.jpg,8d07c22e3f11ea283c71dc613819dbdb34a8359ac6070be29972a59a4dcafb56,8350,,,true
P05_BLACK_S_000020,P05,BLACK,S,image_000020.jpg,training/P05/BLACK/S/images/image_000020.jpg,a283b5bf60c6e577f1755b5e7b38a0b6ecec7d33736f0317887c43c72d3b476b,8475,,,true
P05_BLACK_S_000021,P05,BLACK,S,image_000021.jpg,training/P05/BLACK/S/images/image_000021.jpg,776328855ec24d4f70e9eb21cafd37b583a5061b7e142d0775d3b20f7ed5232a,8216,,,true
P05_BLACK_S_000022,P05,BLACK,S,image_000022.jpg,training/P05/BLACK/S/images/image_000022.jpg,88503dfc0e54e0cfb86d0cea9492ba5ba9f780069fb838904fb3f60dd34eaf21,8102,,,true
P05_BLACK_S_000023,P05,BLACK,S,image_000023.jpg,training/P05/BLACK/S/images/image_000023.jpg,77cffe1140d8a5ff8963b279f1075b93c267eb847a94b76c3f4d11178ba6ed6a,9545,,,true
P05_BLACK_S_000024,P05,BLACK,S,image_000024.jpg,training/P05/BLACK/S/images/image_000024.jpg,b66453e85fad5f77dcdf87a26e1ca661079f0eca192fcac91f9abd8bc5d8cb1c,9565,,,true
P05_BLACK_S_000025,P05,BLACK,S,image_000025.jpg,training/P05/BLACK/S/images/image_000025.jpg,f7ab73732b21087c34995cb4b2ed36338de4a9f8924928f04cce0885dd56256a,9650,,,true
P05_BLACK_T_000001,P05,BLACK,T,image_000001.jpg,training/P05/BLACK/T/images/image_000001.jpg,2138b4d0b9960982d12109f428a49cae843be0572c53726a4709a5f73b9781a6,9711,,,true
P05_BLACK_T_000002,P05,BLACK,T,image_000002.jpg,training/P05/BLACK/T/images/image_000002.jpg,4e19919875e448b356aeba2b8c1017583be2ca430b38e8dda46579020848ec75,8219,,,true
P05_BLACK_T_000003,P05,BLACK,T,image_000003.jpg,training/P05/BLACK/T/images/image_000003.jpg,fa56df01d72cc8d1bccdfe627b54b6e89c914bd466cec786b70454bb52c1a0a5,8982,,,true
P05_BLACK_T_000004,P05,BLACK,T,image_000004.jpg,training/P05/BLACK/T/images/image_000004.jpg,76d4fd3a516eb21eac6e16e171cd8d0f28231fc7746cd37e320468870769cc94,8575,,,true
P05_BLACK_T_000005,P05,BLACK,T,image_000005.jpg,training/P05/BLACK/T/images/image_000005.jpg,8c56d0f5bb6704bffb5d2cc7f15933304fdda53cf36baa52820f57119d69bf47,9084,,,true
P05_BLACK_T_000006,P05,BLACK,T,image_000006.jpg,training/P05/BLACK/T/images/image_000006.jpg,2c265036f6403704acac47ca5b70a665ae9d00a9be91e3bb59dbff8b62e9b3b4,8067,,,true
P05_BLACK_T_000007,P05,BLACK,T,image_000007.jpg,training/P05/BLACK/T/images/image_000007.jpg,16ef4b21866f6ea67e281be84f1983b01a123b0b61aa052117d51e535dd58abd,8699,,,true
P05_BLACK_T_000008,P05,BLACK,T,image_000008.jpg,training/P05/BLACK/T/images/image_000008.jpg,a4ec38bda5bcca538022e59b9723eef4c7508fa08b7e457bf64c636d7e0f0378,8344,,,true
P05_BLACK_T_000009,P05,BLACK,T,image_000009.jpg,training/P05/BLACK/T/images/image_000009.jpg,6b0706140f35f7d3d3843f04839a68a065f8f6d06071bebeffcb4665a12f4376,9154,,,true
P05_BLACK_T_000010,P05,BLACK,T,image_000010.jpg,training/P05/BLACK/T/images/image_000010.jpg,a5e4e88beda28c537839949b611a4306714ff4a509d8c55b79a5984bf12549c0,8485,,,true
P05_BLACK_T_000011,P05,BLACK,T,image_000011.jpg,training/P05/BLACK/T/images/image_000011.jpg,a59d885bf3f46032b236aed24c351dfb39c09cfa88a35028042ba3e8048562d1,9214,,,true
P05_BLACK_T_000012,P05,BLACK,T,image_000012.jpg,training/P05/BLACK/T/images/image_000012.jpg,67c82bbb66b25c669f807a085201f4b463fa74e2999283bb72626096c1d47a83,8980,,,true
P05_BLACK_T_000013,P05,BLACK,T,image_000013.jpg,training/P05/BLACK/T/images/image_000013.jpg,5f3d9051ca7e3667fdd548d820c103acb72121cb287c6c8d8df4e89403710a96,8619,,,true
P05_BLACK_T_000014,P05,BLACK,T,image_000014.jpg,training/P05/BLACK/T/images/image_000014.jpg,3625aac486169666fd0c521803cd8101ce9bce54a472036180c3d190a6ba001f,9169,,,true
P05_BLACK_T_000015,P05,BLACK,T,image_000015.jpg,training/P05/BLACK/T/images/image_000015.jpg,4d137511e2405470747a0abd9139bc6807a5709979c97ba456fccb092c4a6468,9022,,,true
P05_BLACK_T_000016,P05,BLACK,T,image_000016.jpg,training/P05/BLACK/T/images/image_000016.jpg,f2ba65a3203c8145724779c2b542be930611bad9edaf25544cb801ca762093a3,9201,,,true
P05_BLACK_T_000017,P05,BLACK,T,image_000017.jpg,training/P05/BLACK/T/images/image_000017.jpg,bb7376006698ed68ffa47b91328cdcbdecc81b3cd02878cef0f8dba318f7a67c,9056,,,true
P05_BLACK_T_000018,P05,BLACK,T,image_000018.jpg,training/P05/BLACK/T/images/image_000018.jpg,1cff461d6d4de61a5103ed2da84dc952a4d9fc4f146ca31d3937b7f92737f70a,8241,,,true
P05_BLACK_T_000019,P05,BLACK,T,image_000019.jpg,training/P05/BLACK/T/images/image_000019.jpg,4b838c03b06650b5578f2cb1d776355e3c64a19afc76efbde554fc8c8f1bbe47,8838,,,true
P05_BLACK_T_000020,P05,BLACK,T,image_000020.jpg,training/P05/BLACK/T/images/image_000020.jpg,9e2b002be2e36ffc496934ea6fc71b73e0ec5e919b7a87050a6a1eb009b56921,8504,,,true
P05_BLACK_T_000021,P05,BLACK,T,image_000021.jpg,training/P05/BLACK/T/images/image_000021.jpg,560388a38afb022c4cb17f61444cbf0f385022c230569cdbf32d8acfa2c39627,8342,,,true
P05_BLACK_T_000022,P05,BLACK,T,image_000022.jpg,training/P05/BLACK/T/images/image_000022.jpg,404f2ae9c23315e131018e17e95bb37f1d0b86b0b569e354810206b4dcfe5d49,8314,,,true
P05_BLACK_T_000023,P05,BLACK,T,image_000023.jpg,training/P05/BLACK/T/images/image_000023.jpg,5e8eae70e298c1909c24d6955d8913659cfee930d0b0bfc649ef8abd9709f149,8553,,,true
P05_BLACK_T_000024,P05,BLACK,T,image_000024.jpg,training/P05/BLACK/T/images/image_000024.jpg,732bd2397f63756293728bf9f4b3e1e1d0a191cc5a665646703f3f1e9167c6cc,8700,,,true
P05_BLACK_T_000025,P05,BLACK,T,image_000025.jpg,training/P05/BLACK/T/images/image_000025.jpg,d9aad7029aa91b93ff7eb2ede2fb2641f47e0a075a0aff11e4775aa7482035af,8665,,,true
P05_BLACK_U_000001,P05,BLACK,U,image_000001.jpg,training/P05/BLACK/U/images/image_000001.jpg,127e82058fefe7a376a3dcfabfaf3308b40d802240dec206d2a006bb7a079e87,9797,,,true
P05_BLACK_U_000002,P05,BLACK,U,image_000002.jpg,training/P05/BLACK/U/images/image_000002.jpg,59b8a306781fc9514647e0a9e55a8823a2cbddbe1c7f805f42dd4475bf7b8efe,9439,,,true
P05_BLACK_U_000003,P05,BLACK,U,image_000003.jpg,training/P05/BLACK/U/images/image_000003.jpg,8d291cac3f0982c222044a0d62ffa9ec0aed2573a335937a1ccaf6949c27c496,9389,,,true
P05_BLACK_U_000004,P05,BLACK,U,image_000004.jpg,training/P05/BLACK/U/images/image_000004.jpg,9c2950353debe5a5546b9e51d59b4f1aede10398c90b482701bffd4b6ca923a8,8542,,,true
P05_BLACK_U_000005,P05,BLACK,U,image_000005.jpg,training/P05/BLACK/U/images/image_000005.jpg,3fbb7324d9a3a90b26f89345ce76e553d99ebecdef2fc8b8b89562d97222924d,8314,,,true
P05_BLACK_U_000006,P05,BLACK,U,image_000006.jpg,training/P05/BLACK/U/images/image_000006.jpg,4301d2761f515b705c2903f7186f56213613083fc5194a53a6b36d7e26611aaf,7682,,,true
P05_BLACK_U_000007,P05,BLACK,U,image_000007.jpg,training/P05/BLACK/U/images/image_000007.jpg,5122433d7a53118fe4dc211756f496a9c20e9eeb5e1006e7f6c2e69c4c807f82,8314,,,true
P05_BLACK_U_000008,P05,BLACK,U,image_000008.jpg,training/P05/BLACK/U/images/image_000008.jpg,6dbdf98ed622011130ba147d5b38698169c6acc67237294313849b74ed5b116f,8631,,,true
P05_BLACK_U_000009,P05,BLACK,U,image_000009.jpg,training/P05/BLACK/U/images/image_000009.jpg,7f3b47402aeb4c17911b6139e1559c112ab71c15bb4005ea73a3d77be349446c,8676,,,true
P05_BLACK_U_000010,P05,BLACK,U,image_000010.jpg,training/P05/BLACK/U/images/image_000010.jpg,9748ddaa7975b2b7f4be6fc425626d195e5481a519a517da5809e96605781fbc,8698,,,true
P05_BLACK_U_000011,P05,BLACK,U,image_000011.jpg,training/P05/BLACK/U/images/image_000011.jpg,7e282344097840c312758ee02c4c5d5380d528f6255511931b8084ee90ac9f93,8884,,,true
P05_BLACK_U_000012,P05,BLACK,U,image_000012.jpg,training/P05/BLACK/U/images/image_000012.jpg,23faeb92d1b913bb95e1ab7b52ce0640633513d44d60014b36e783316657b9b2,10031,,,true
P05_BLACK_U_000013,P05,BLACK,U,image_000013.jpg,training/P05/BLACK/U/images/image_000013.jpg,feb5e0fc29124fa09631d9fc8cf2060ec44d540fa8943b7f104446056fa60b8d,9220,,,true
P05_BLACK_U_000014,P05,BLACK,U,image_000014.jpg,training/P05/BLACK/U/images/image_000014.jpg,28d312f37757ab0478b9163d76abdc2fc3654b52ef251ef7eec1da01916bdfaf,8894,,,true
P05_BLACK_U_000015,P05,BLACK,U,image_000015.jpg,training/P05/BLACK/U/images/image_000015.jpg,6be2cb2c9e57969c2b6edf1f3d93871c7e00076a10c04e2bf090ebb9ed79943a,8496,,,true
P05_BLACK_U_000016,P05,BLACK,U,image_000016.jpg,training/P05/BLACK/U/images/image_000016.jpg,3ab5bf52bad3f297c222f27271e79c14dd7a9840635d9d702ca7116020631ba4,8620,,,true
P05_BLACK_U_000017,P05,BLACK,U,image_000017.jpg,training/P05/BLACK/U/images/image_000017.jpg,80c9c0165867c7e6b97adf33f1adbb0674b8cac7852a4852f6ecf8bfe1a42f0e,8054,,,true
P05_BLACK_U_000018,P05,BLACK,U,image_000018.jpg,training/P05/BLACK/U/images/image_000018.jpg,02cdf09a542b76ae4eaf846e7a9e7f1bd959d933ad5e32584773c5e68dc8f46a,7630,,,true
P05_BLACK_U_000019,P05,BLACK,U,image_000019.jpg,training/P05/BLACK/U/images/image_000019.jpg,0a8fe5a1916e3a14fbc428b461f9dc229141a9aceaad9690338b39ebac03ad1b,8200,,,true
P05_BLACK_U_000020,P05,BLACK,U,image_000020.jpg,training/P05/BLACK/U/images/image_000020.jpg,034fbc21d33906143666a0ab23bfd087df6cc554db1e6a5a737f07ac294395eb,7159,,,true
P05_BLACK_U_000021,P05,BLACK,U,image_000021.jpg,training/P05/BLACK/U/images/image_000021.jpg,67d50dae6276731251cb0a7e71bfcc26da75f786769f9a06805a1670095452ff,8755,,,true
P05_BLACK_U_000022,P05,BLACK,U,image_000022.jpg,training/P05/BLACK/U/images/image_000022.jpg,8accbec4917856291bab50ac9f2dd0b42345a4b21b483e679d9abb4381bb3475,9189,,,true
P05_BLACK_U_000023,P05,BLACK,U,image_000023.jpg,training/P05/BLACK/U/images/image_000023.jpg,24533bf6afe56913c95fa2c470482d6d29f70619a74882d43a791b60553b2510,8556,,,true
P05_BLACK_U_000024,P05,BLACK,U,image_000024.jpg,training/P05/BLACK/U/images/image_000024.jpg,417d49f9ec93efd0f1ab70330825bff6e93db629061f45deb072edcd920f1794,9275,,,true
P05_BLACK_U_000025,P05,BLACK,U,image_000025.jpg,training/P05/BLACK/U/images/image_000025.jpg,fb27a02fdf6a98d3b395dea57f0c1198aed9e9850e6dada0f8bd1072fd06afed,9345,,,true
P05_BLACK_V_000001,P05,BLACK,V,image_000001.jpg,training/P05/BLACK/V/images/image_000001.jpg,4488c75cda9d822748c93bdb7fbcf8a0f90ce70102cc301ecf9b1fd1f95d6c86,8915,,,true
P05_BLACK_V_000002,P05,BLACK,V,image_000002.jpg,training/P05/BLACK/V/images/image_000002.jpg,31554817a0f418c84ce49e65cea9a740e8ddb0a25f74cc9ed30c9025bc57603f,8752,,,true
P05_BLACK_V_000003,P05,BLACK,V,image_000003.jpg,training/P05/BLACK/V/images/image_000003.jpg,5344f3795cfc374b8f1a07b501d3383369f6940cc8ac12add5c533e0a8346a2b,8902,,,true
P05_BLACK_V_000004,P05,BLACK,V,image_000004.jpg,training/P05/BLACK/V/images/image_000004.jpg,0d8b05bf41eea306ef107cd7bd5d0b9c76e73cdbb402285b2d803710e9999d9a,9218,,,true
P05_BLACK_V_000005,P05,BLACK,V,image_000005.jpg,training/P05/BLACK/V/images/image_000005.jpg,912b65c37793036b58803ee06d6eb28fe480dca9552ca864a1c2b0fef04d4cdb,9441,,,true
P05_BLACK_V_000006,P05,BLACK,V,image_000006.jpg,training/P05/BLACK/V/images/image_000006.jpg,c756b385ad8058ea81fbcf882783ac26871dca6a37396cedae43c51432023ed9,9833,,,true
P05_BLACK_V_000007,P05,BLACK,V,image_000007.jpg,training/P05/BLACK/V/images/image_000007.jpg,ebfa8068aa4b84c13f571ccbfe9670fd4e7db306daf6218575fc4bb78f9952a7,9007,,,true
P05_BLACK_V_000008,P05,BLACK,V,image_000008.jpg,training/P05/BLACK/V/images/image_000008.jpg,2895cd5479e62ffa2f611f286fbbeb9986153bbdfcbceb7fa78a0b45a6bac4f5,9021,,,true
P05_BLACK_V_000009,P05,BLACK,V,image_000009.jpg,training/P05/BLACK/V/images/image_000009.jpg,ec22e5c237b975f8b54f51a8f1418849548ae5c333d865963dad828bdfa0e30d,8980,,,true
P05_BLACK_V_000010,P05,BLACK,V,image_000010.jpg,training/P05/BLACK/V/images/image_000010.jpg,7b6136563ba80b51c8c60c72df9ed2bc791fa0e9a31efd4692da8fad78eeb8cb,8774,,,true
P05_BLACK_V_000011,P05,BLACK,V,image_000011.jpg,training/P05/BLACK/V/images/image_000011.jpg,0429976ecd8dd4885dc390a362eddcb263dc81a24f2c5f71824b6d78590357d7,8773,,,true
P05_BLACK_V_000012,P05,BLACK,V,image_000012.jpg,training/P05/BLACK/V/images/image_000012.jpg,503272c1c3d51a91bbe0d2f4790488769218f3330d4adb06e737f4ae20a24058,8768,,,true
P05_BLACK_V_000013,P05,BLACK,V,image_000013.jpg,training/P05/BLACK/V/images/image_000013.jpg,2416d128dab4f46bf08d203605abcc34a174cfe86428aabc8bc3dc5776f27969,9214,,,true
P05_BLACK_V_000014,P05,BLACK,V,image_000014.jpg,training/P05/BLACK/V/images/image_000014.jpg,07975e33282bd3b2f0f09ad8dda9c2f83adc4596df03f8bf6ae8ef6f3f97c772,8968,,,true
P05_BLACK_V_000015,P05,BLACK,V,image_000015.jpg,training/P05/BLACK/V/images/image_000015.jpg,e6f4141c7eaf40e95f5d216dc062760840320204b275641950056b4be20c38c8,8799,,,true
P05_BLACK_V_000016,P05,BLACK,V,image_000016.jpg,training/P05/BLACK/V/images/image_000016.jpg,5adc6e8a600689623d854fffedc5809676d0a4e6bf78a8ba40d5740bb2527298,8964,,,true
P05_BLACK_V_000017,P05,BLACK,V,image_000017.jpg,training/P05/BLACK/V/images/image_000017.jpg,db0f82b15b3ed8d2e8ff2a995c099cc4ae68e923e196114d5db285d976aac545,9246,,,true
P05_BLACK_V_000018,P05,BLACK,V,image_000018.jpg,training/P05/BLACK/V/images/image_000018.jpg,14305c8b7c89001e23a437ff8fed5e35a6d3650b5280ecae6dfe53199e530615,8441,,,true
P05_BLACK_V_000019,P05,BLACK,V,image_000019.jpg,training/P05/BLACK/V/images/image_000019.jpg,4fd3e9859cfb5a7f79b93aea722e5f75727553a486978e66f52b2fbb92924ecc,8886,,,true
P05_BLACK_V_000020,P05,BLACK,V,image_000020.jpg,training/P05/BLACK/V/images/image_000020.jpg,c6aa6723eb794da7b3d27710525811c496ceae52af4337d8e9ec8d24c9ebd0b4,8783,,,true
P05_BLACK_V_000021,P05,BLACK,V,image_000021.jpg,training/P05/BLACK/V/images/image_000021.jpg,0c35cf5c2e3dbcdf470be69468a113bd6ef7d095f86c2b8ff2992151ba647bb7,7641,,,true
P05_BLACK_V_000022,P05,BLACK,V,image_000022.jpg,training/P05/BLACK/V/images/image_000022.jpg,e4a924011236db07b93c826eacb1909b4c548f2564513852c2cbb02c497319b5,8162,,,true
P05_BLACK_V_000023,P05,BLACK,V,image_000023.jpg,training/P05/BLACK/V/images/image_000023.jpg,525af5334aac5b5ace67064356a9c92e69e578be6858cb167dbdb1ad4c09e1d6,8294,,,true
P05_BLACK_V_000024,P05,BLACK,V,image_000024.jpg,training/P05/BLACK/V/images/image_000024.jpg,464417a2caf2bd6bc77e312f746ffe843aded7e4b59fd7fe6bb0787ef997b754,8385,,,true
P05_BLACK_V_000025,P05,BLACK,V,image_000025.jpg,training/P05/BLACK/V/images/image_000025.jpg,313a86dd1fb026bcd6907ea10809610b84504130a4d50a275d5801763930d89e,8226,,,true
P05_BLACK_W_000001,P05,BLACK,W,image_000001.jpg,training/P05/BLACK/W/images/image_000001.jpg,cc122bf1b0ef8f087c4cf5ed8860d8eb33e0cdcd4fade89cbc0afc14d12d1f54,8199,,,true
P05_BLACK_W_000002,P05,BLACK,W,image_000002.jpg,training/P05/BLACK/W/images/image_000002.jpg,b990f9d9fdfaa574a67fb3653d823193b7f6c64435aa7e7fb57061a0cf3cb1b0,8275,,,true
P05_BLACK_W_000003,P05,BLACK,W,image_000003.jpg,training/P05/BLACK/W/images/image_000003.jpg,3f041f33e0a67b7c99fe2d6bd9b602058f219a363cfebafaeba00b50e27da465,8438,,,true
P05_BLACK_W_000004,P05,BLACK,W,image_000004.jpg,training/P05/BLACK/W/images/image_000004.jpg,04cf028ff2702f122671761bfc635c1d78f1c1225823083c74e74465e5341c87,9068,,,true
P05_BLACK_W_000005,P05,BLACK,W,image_000005.jpg,training/P05/BLACK/W/images/image_000005.jpg,c5ae04791eba6f94125ba6c896eb6b823eaaec8d7b9566df753b5b6f711baf98,8213,,,true
P05_BLACK_W_000006,P05,BLACK,W,image_000006.jpg,training/P05/BLACK/W/images/image_000006.jpg,2ddee7af5e05024de32d6fac2e2277736fc33e7d0cb230d11ebb8f7afceb9ec0,8521,,,true
P05_BLACK_W_000007,P05,BLACK,W,image_000007.jpg,training/P05/BLACK/W/images/image_000007.jpg,d4891074e36ce7aed4344bbf4f069358cbbe311a1412ead7c837d7d0c75f21b7,8186,,,true
P05_BLACK_W_000008,P05,BLACK,W,image_000008.jpg,training/P05/BLACK/W/images/image_000008.jpg,f58320a071c47523e95dfa63269c8ca7679d85b36b2418dcb799278e7c06103c,8422,,,true
P05_BLACK_W_000009,P05,BLACK,W,image_000009.jpg,training/P05/BLACK/W/images/image_000009.jpg,4d453ab35d663d72c828d382e07d40ef6c63105193409f67d6ecb548bb5ab229,8535,,,true
P05_BLACK_W_000010,P05,BLACK,W,image_000010.jpg,training/P05/BLACK/W/images/image_000010.jpg,704c9414e0f04a83cd1456e6e16bc8cd544646d9c0e45a358cf6561d608ab0d9,8151,,,true
P05_BLACK_W_000011,P05,BLACK,W,image_000011.jpg,training/P05/BLACK/W/images/image_000011.jpg,68b5cd6cee7a08c029531f15ac7251b55203599f052d99179d1f5756a7858880,8667,,,true
P05_BLACK_W_000012,P05,BLACK,W,image_000012.jpg,training/P05/BLACK/W/images/image_000012.jpg,5f9bd806e6ebebbc4971fb3dbfdc195cc3440ee177649a48e3d6234985c0b76f,8744,,,true
P05_BLACK_W_000013,P05,BLACK,W,image_000013.jpg,training/P05/BLACK/W/images/image_000013.jpg,44845e9a56fb178cf4715dc7afc4e2bc39815bad6652f1840cabad7f2cff5422,8499,,,true
P05_BLACK_W_000014,P05,BLACK,W,image_000014.jpg,training/P05/BLACK/W/images/image_000014.jpg,aed802c2e5568e91cad8ee8add334e38dd70fee89999d9e267a2bb4009bb932a,8575,,,true
P05_BLACK_W_000015,P05,BLACK,W,image_000015.jpg,training/P05/BLACK/W/images/image_000015.jpg,4dac32210b738eefdc4206020f3a1a64d132a370144eef0ccb25bd360a02f3be,9411,,,true
P05_BLACK_W_000016,P05,BLACK,W,image_000016.jpg,training/P05/BLACK/W/images/image_000016.jpg,ce9049fd4de02aabe28d900d103eeec223419d38c5ef7c0fa93c11e21be46261,9052,,,true
P05_BLACK_W_000017,P05,BLACK,W,image_000017.jpg,training/P05/BLACK/W/images/image_000017.jpg,7616069ec05290856b663385034fcf65c74d383b6793cf1cbe96e30433d119e6,9003,,,true
P05_BLACK_W_000018,P05,BLACK,W,image_000018.jpg,training/P05/BLACK/W/images/image_000018.jpg,fc2b7ed1c8dacdbfc54435c22d374399c9a1dc89b75b1f9ec4005c02cbfa5329,9147,,,true
P05_BLACK_W_000019,P05,BLACK,W,image_000019.jpg,training/P05/BLACK/W/images/image_000019.jpg,3db03168f6ca5a3f47919178fac7eb3d3f32f8a6c52e17c4ce749421f7052f6c,8386,,,true
P05_BLACK_W_000020,P05,BLACK,W,image_000020.jpg,training/P05/BLACK/W/images/image_000020.jpg,0092e465d95e825fafa3a4e7bd6fbfdbefa76f6299cba46a98734f7f2629c78d,9063,,,true
P05_BLACK_W_000021,P05,BLACK,W,image_000021.jpg,training/P05/BLACK/W/images/image_000021.jpg,d1855f100e155228ab3436b342095fff0078cd8c77df63854e4d49f35a69ce43,8602,,,true
P05_BLACK_W_000022,P05,BLACK,W,image_000022.jpg,training/P05/BLACK/W/images/image_000022.jpg,62c1a0c72d1de31145d06ca164a641e63c422990ab9a016a67cb49ce1187a56f,8551,,,true
P05_BLACK_W_000023,P05,BLACK,W,image_000023.jpg,training/P05/BLACK/W/images/image_000023.jpg,dd765f9a47367b451e143a38dc44daede384f12a3875487c6f50b59394c7248c,8551,,,true
P05_BLACK_W_000024,P05,BLACK,W,image_000024.jpg,training/P05/BLACK/W/images/image_000024.jpg,405a7521fbd38a281a5be62416bd333881d7e46dd288ba5083155f59d4312735,8670,,,true
P05_BLACK_W_000025,P05,BLACK,W,image_000025.jpg,training/P05/BLACK/W/images/image_000025.jpg,24c1c1378f319d61b36be0554cbd680ced1dba890e32eab6556fa45d509fb417,8755,,,true
P05_BLACK_Y_000001,P05,BLACK,Y,image_000001.jpg,training/P05/BLACK/Y/images/image_000001.jpg,36f385302e5e14b510d8503d77d2a54a8d73afd97a191a616f598317faa50139,8876,,,true
P05_BLACK_Y_000002,P05,BLACK,Y,image_000002.jpg,training/P05/BLACK/Y/images/image_000002.jpg,a962d5f9ddbfbeab4fa5359dbde1143c05e3b774c17a25187023bc3b898ab707,8994,,,true
P05_BLACK_Y_000003,P05,BLACK,Y,image_000003.jpg,training/P05/BLACK/Y/images/image_000003.jpg,4603bc3bd093d93ea85e6619eaa8d897e3a95898cba331a012d28e9a8c8a53ee,8948,,,true
P05_BLACK_Y_000004,P05,BLACK,Y,image_000004.jpg,training/P05/BLACK/Y/images/image_000004.jpg,b752fc712202169aca8de902bbad985ab74476baf1637cc36c88b29fd2b0b6ce,8995,,,true
P05_BLACK_Y_000005,P05,BLACK,Y,image_000005.jpg,training/P05/BLACK/Y/images/image_000005.jpg,e5c95059e8daa3cb0eb769da6cad95b10908bee633be8c982dd7ad0acdaabad7,8732,,,true
P05_BLACK_Y_000006,P05,BLACK,Y,image_000006.jpg,training/P05/BLACK/Y/images/image_000006.jpg,839fde2d8138d9982fb0e07a42740de769544a40d7d83dc4d1e3e8709373cf40,8725,,,true
P05_BLACK_Y_000007,P05,BLACK,Y,image_000007.jpg,training/P05/BLACK/Y/images/image_000007.jpg,04b4b1b26e55bd0df3b929632502b3c518fb8fbc8f93719c24fbae0c40640316,7925,,,true
P05_BLACK_Y_000008,P05,BLACK,Y,image_000008.jpg,training/P05/BLACK/Y/images/image_000008.jpg,f8fd8ed8a3219728bd33ef1852e1851ba741a4c09ea2661d4d32b1e9275a4971,8235,,,true
P05_BLACK_Y_000009,P05,BLACK,Y,image_000009.jpg,training/P05/BLACK/Y/images/image_000009.jpg,b7e9c0aa63b4f3afe53e02c58d32612025a56ae87f10f2d4c9bbd9de6886725a,8111,,,true
P05_BLACK_Y_000010,P05,BLACK,Y,image_000010.jpg,training/P05/BLACK/Y/images/image_000010.jpg,44ba9a90284da91448b1ccfe810edb82e3a54ff40fd6734795222a965ec03e83,7966,,,true
P05_BLACK_Y_000011,P05,BLACK,Y,image_000011.jpg,training/P05/BLACK/Y/images/image_000011.jpg,6870be151d33973ca942ffd163d335047b185cc5db9984381cd66ddcf8bc2dbb,8400,,,true
P05_BLACK_Y_000012,P05,BLACK,Y,image_000012.jpg,training/P05/BLACK/Y/images/image_000012.jpg,7ff082c1ffcf5d2151a930772504ebe7218ea7616f7787a8ee2b1bfb9cd58c72,8945,,,true
P05_BLACK_Y_000013,P05,BLACK,Y,image_000013.jpg,training/P05/BLACK/Y/images/image_000013.jpg,c427182672a02ca7304add82d9356d6ddbc7cfa347179994d9936d145ed15870,8368,,,true
P05_BLACK_Y_000014,P05,BLACK,Y,image_000014.jpg,training/P05/BLACK/Y/images/image_000014.jpg,61bb496b6ec9ff0ecfc8ecbb0df830fca1ac4a1ffb347ed75c06b01ff232785a,7699,,,true
P05_BLACK_Y_000015,P05,BLACK,Y,image_000015.jpg,training/P05/BLACK/Y/images/image_000015.jpg,5d24820bcaaa1d5395de0a3029a60cfa6ce4537ee85598845981d0cf082252a9,8400,,,true
P05_BLACK_Y_000016,P05,BLACK,Y,image_000016.jpg,training/P05/BLACK/Y/images/image_000016.jpg,14badc5ef2b81376c51d37a61fb6133b64ca72c0beff4718e676eb7bd6ca9228,8510,,,true
P05_BLACK_Y_000017,P05,BLACK,Y,image_000017.jpg,training/P05/BLACK/Y/images/image_000017.jpg,c00179d426ae574a61449748004998420083793e04aaa1f1c3aa394b2ba98421,8567,,,true
P05_BLACK_Y_000018,P05,BLACK,Y,image_000018.jpg,training/P05/BLACK/Y/images/image_000018.jpg,37c45c853d51baf201df532b8a8ce471c72389f3fb49eb85b02aa974e67573c4,8464,,,true
P05_BLACK_Y_000019,P05,BLACK,Y,image_000019.jpg,training/P05/BLACK/Y/images/image_000019.jpg,84aff7c909e0d5ed719714b9b9e73cfd0b59f791b516ab3d1e459879962e3fe1,8423,,,true
P05_BLACK_Y_000020,P05,BLACK,Y,image_000020.jpg,training/P05/BLACK/Y/images/image_000020.jpg,e8311ef32b9af1fc38adc130d8116c52dc49b5c7cf9391829a33f627b76d691a,8160,,,true
P05_BLACK_Y_000021,P05,BLACK,Y,image_000021.jpg,training/P05/BLACK/Y/images/image_000021.jpg,f326f1aaaec35d56376c17b0df6947ce61a84b5dc51c2dd6781f2d2d0856c38e,8771,,,true
P05_BLACK_Y_000022,P05,BLACK,Y,image_000022.jpg,training/P05/BLACK/Y/images/image_000022.jpg,8270c84d19deecb23cd2a2f6d55036cd7abb0608bac9f816068f6f948d7af855,7941,,,true
P05_BLACK_Y_000023,P05,BLACK,Y,image_000023.jpg,training/P05/BLACK/Y/images/image_000023.jpg,151b0ec55b63f7ab9969f2a4e34afce315ac6ab8683959519fb335e3fd49cc4b,8088,,,true
P05_BLACK_Y_000024,P05,BLACK,Y,image_000024.jpg,training/P05/BLACK/Y/images/image_000024.jpg,db70fbaf0d0b061d3b9e91a1aefbceb3d5ca6709f41360bd0b1277f94df2750b,8080,,,true
P05_BLACK_Y_000025,P05,BLACK,Y,image_000025.jpg,training/P05/BLACK/Y/images/image_000025.jpg,e332f22152d98e8fbc4219dd4d201fc8fb33edc4c61a95a0cd77674f80b2878e,8984,,,true
P05_WHITE_A_000001,P05,WHITE,A,image_000001.jpg,training/P05/WHITE/A/images/image_000001.jpg,777bc25ee767b897ebff1e5fc32016c9e1e3cbd218618bddd70a487212b46a6c,8566,,,true
P05_WHITE_A_000002,P05,WHITE,A,image_000002.jpg,training/P05/WHITE/A/images/image_000002.jpg,b89ca6fdceeed9e212c023ff2ba27a31f02fe4b9431820d1892d1f711f27f876,9022,,,true
P05_WHITE_A_000003,P05,WHITE,A,image_000003.jpg,training/P05/WHITE/A/images/image_000003.jpg,c48e924918898a513bae450ab9adc479fb9be1187e43bd12e5154ab5db702ebe,8929,,,true
P05_WHITE_A_000004,P05,WHITE,A,image_000004.jpg,training/P05/WHITE/A/images/image_000004.jpg,89c390fa80595624bdeeb4ca3219ca17427c666addaace41ce68c2db3a0037fc,8145,,,true
P05_WHITE_A_000005,P05,WHITE,A,image_000005.jpg,training/P05/WHITE/A/images/image_000005.jpg,05a529fa92f98d26ac63b9df82e092ea83a67f9825c2ee552ff5515a8486e59c,8163,,,true
P05_WHITE_A_000006,P05,WHITE,A,image_000006.jpg,training/P05/WHITE/A/images/image_000006.jpg,dfb56180115a0a888c044477c6b0734c431439a3853152b1f9045481d8be719e,8138,,,true
P05_WHITE_A_000007,P05,WHITE,A,image_000007.jpg,training/P05/WHITE/A/images/image_000007.jpg,e108fd5a3501d87194832b12e68f2aa4db59f18c446c7dd5a3a12b9e44df8732,8683,,,true
P05_WHITE_A_000008,P05,WHITE,A,image_000008.jpg,training/P05/WHITE/A/images/image_000008.jpg,55bd139fde4a7389fe206f9b6bc153286ee528a46b8049b4b98c2ca862cd827e,8628,,,true
P05_WHITE_A_000009,P05,WHITE,A,image_000009.jpg,training/P05/WHITE/A/images/image_000009.jpg,3a43cc6813848d28994d628aeb516654faef705fa1b9dd5360e97f214b4b4786,7184,,,true
P05_WHITE_A_000010,P05,WHITE,A,image_000010.jpg,training/P05/WHITE/A/images/image_000010.jpg,976cc53b259e9eb66ef03ed58aebabcf67e04b72bb1aa72d1f85ebf06287b40d,7304,,,true
P05_WHITE_A_000011,P05,WHITE,A,image_000011.jpg,training/P05/WHITE/A/images/image_000011.jpg,4a28ff9f76e6aebb54eff0f13f05676a3179783f3f0adf2df2d9db421ff4d68d,8112,,,true
P05_WHITE_A_000012,P05,WHITE,A,image_000012.jpg,training/P05/WHITE/A/images/image_000012.jpg,d13df053f3fe845d7ab18c4b5d7a1e53930f14c31c4e95c3f770c9bc7b8fe47e,6988,,,true
P05_WHITE_A_000013,P05,WHITE,A,image_000013.jpg,training/P05/WHITE/A/images/image_000013.jpg,fb80f9e5a93301cf6cb1b56aa05e9d1611d062ba9a0b39b936f1c7ad4b1c664d,7156,,,true
P05_WHITE_A_000014,P05,WHITE,A,image_000014.jpg,training/P05/WHITE/A/images/image_000014.jpg,3b9d7203197ee28dba7e806398e9ba91b59a6e9edb1eabb972b6de61f24b30fc,6609,,,true
P05_WHITE_A_000015,P05,WHITE,A,image_000015.jpg,training/P05/WHITE/A/images/image_000015.jpg,d65dee422f2b24158e38b274fe726e8b5a5cfc3caceb41a61f49d21be464691a,7772,,,true
P05_WHITE_A_000016,P05,WHITE,A,image_000016.jpg,training/P05/WHITE/A/images/image_000016.jpg,e535a8bea34b5e667eb6bef032e267059595cafcce9d0d1f1baa0d98799f4c0f,7969,,,true
P05_WHITE_A_000017,P05,WHITE,A,image_000017.jpg,training/P05/WHITE/A/images/image_000017.jpg,9d5e37915355c972fe36276d62da287cd7300997012db3fc791772447490a24d,6112,,,true
P05_WHITE_A_000018,P05,WHITE,A,image_000018.jpg,training/P05/WHITE/A/images/image_000018.jpg,c5f93644f967989fcf50a9cd0086ef371c065784f048ae0fb532a9da3c04694c,6293,,,true
P05_WHITE_A_000019,P05,WHITE,A,image_000019.jpg,training/P05/WHITE/A/images/image_000019.jpg,b609abbaa7f17da12dd80207d92629d99edc3c45cf6e1e3f37abd155beb660c4,7348,,,true
P05_WHITE_A_000020,P05,WHITE,A,image_000020.jpg,training/P05/WHITE/A/images/image_000020.jpg,0135a1451e46ab1660b6fb22cff6dc80628cf26115f18b4f53c631420b70c8a6,6688,,,true
P05_WHITE_A_000021,P05,WHITE,A,image_000021.jpg,training/P05/WHITE/A/images/image_000021.jpg,c12dbb3090d5519d338a81808d3cbfdd52a549cadfd22f3cbde88026fcd2704f,6596,,,true
P05_WHITE_A_000022,P05,WHITE,A,image_000022.jpg,training/P05/WHITE/A/images/image_000022.jpg,0c54b46186f8521265219eba6c69b9529a64f7b6be27beb35d59cdbe714017e8,7579,,,true
P05_WHITE_A_000023,P05,WHITE,A,image_000023.jpg,training/P05/WHITE/A/images/image_000023.jpg,e021be17a6a5260ccc2ed05e20828165473dc0e7f4046e83fed83a5565d1fcbc,8075,,,true
P05_WHITE_A_000024,P05,WHITE,A,image_000024.jpg,training/P05/WHITE/A/images/image_000024.jpg,ab5da39855653f277b97d6b4b3bdd94ac25079da9a1e06074741a56325b6b81c,7380,,,true
P05_WHITE_A_000025,P05,WHITE,A,image_000025.jpg,training/P05/WHITE/A/images/image_000025.jpg,57508d1e8aa6126127da6d83ea0a2d56ff04288e4207497521262e2cf6320d6f,7250,,,true
P05_WHITE_B_000001,P05,WHITE,B,image_000001.jpg,training/P05/WHITE/B/images/image_000001.jpg,15984ae2f3d8533dac7e13be256c357531e19ff80ec4712488e470dd4e001bdd,8822,,,true
P05_WHITE_B_000002,P05,WHITE,B,image_000002.jpg,training/P05/WHITE/B/images/image_000002.jpg,3c9cc159e47edc9721d05a81a07ee02a48dfafe1081ecaa905cd9212c6d62a67,7656,,,true
P05_WHITE_B_000003,P05,WHITE,B,image_000003.jpg,training/P05/WHITE/B/images/image_000003.jpg,5c9a7fae325f644a2eb454e238b123de582823ba7939063543c2e524036c064a,7883,,,true
P05_WHITE_B_000004,P05,WHITE,B,image_000004.jpg,training/P05/WHITE/B/images/image_000004.jpg,e9c9511cc33e565b8616ddbaae6f5926f4c428dbb06b0ed23f2afd26cca6e986,7518,,,true
P05_WHITE_B_000005,P05,WHITE,B,image_000005.jpg,training/P05/WHITE/B/images/image_000005.jpg,3f2beb66521c0d9943611c6c112690e7784aabb83c07e330942574a4db9d9f97,8005,,,true
P05_WHITE_B_000006,P05,WHITE,B,image_000006.jpg,training/P05/WHITE/B/images/image_000006.jpg,d65c4bb373e55dba004160d58b7d611b706da202cfb2fade01ee83a37efebd57,7857,,,true
P05_WHITE_B_000007,P05,WHITE,B,image_000007.jpg,training/P05/WHITE/B/images/image_000007.jpg,c737a8bc37ac3c4146e504ec903502a8284162886c57f63ac59d57271dc4e616,7527,,,true
P05_WHITE_B_000008,P05,WHITE,B,image_000008.jpg,training/P05/WHITE/B/images/image_000008.jpg,1768bc188e9d2f12177df1c1729a3aa3ef33ce6d204464adb6e1b20f3d79553d,7260,,,true
P05_WHITE_B_000009,P05,WHITE,B,image_000009.jpg,training/P05/WHITE/B/images/image_000009.jpg,351652789ce3e6ec0e38953cbda6c9338051f05ba2cb4a120280485e4042736b,7779,,,true
P05_WHITE_B_000010,P05,WHITE,B,image_000010.jpg,training/P05/WHITE/B/images/image_000010.jpg,63e60baf66c4dffa63d4b712ff3b97e27a96c2516ceaaa9cde54b558370d071b,7828,,,true
P05_WHITE_B_000011,P05,WHITE,B,image_000011.jpg,training/P05/WHITE/B/images/image_000011.jpg,ce76155a86f930c75fd29f47ca4ae8b2639a05db50c97fffedf2e7f002298276,8231,,,true
P05_WHITE_B_000012,P05,WHITE,B,image_000012.jpg,training/P05/WHITE/B/images/image_000012.jpg,61de987191719759dc5edb9e2ec0138875c10d033e0216c51d76833e1e3137f1,8095,,,true
P05_WHITE_B_000013,P05,WHITE,B,image_000013.jpg,training/P05/WHITE/B/images/image_000013.jpg,cdb5e1c90b62967f3d95f565c73825a6843158b1c45b9bcabc8bde24b58abf01,7918,,,true
P05_WHITE_B_000014,P05,WHITE,B,image_000014.jpg,training/P05/WHITE/B/images/image_000014.jpg,3d82272a4ead24ea8f726139b4ecae1cf2613e68a9dafaecc0b08eafa2d0aac0,7333,,,true
P05_WHITE_B_000015,P05,WHITE,B,image_000015.jpg,training/P05/WHITE/B/images/image_000015.jpg,0808ea32a764e41934c0ee09d58d1ff791931860b0ced2dbc5b16b32ee31f0a0,6926,,,true
P05_WHITE_B_000016,P05,WHITE,B,image_000016.jpg,training/P05/WHITE/B/images/image_000016.jpg,11b2f18ab3e2a2a891f21416fe5087bc57bd55126d9d7c28d73d5850b335ce91,7752,,,true
P05_WHITE_B_000017,P05,WHITE,B,image_000017.jpg,training/P05/WHITE/B/images/image_000017.jpg,6c518fd1b07962d57cc93bf235317aac97c392efa0fc50576fdd3445845c48b2,7810,,,true
P05_WHITE_B_000018,P05,WHITE,B,image_000018.jpg,training/P05/WHITE/B/images/image_000018.jpg,f3fc49a9e706191426f4080d07f5f6c9302c84318c3da485f9d5f18cc9e4b130,7348,,,true
P05_WHITE_B_000019,P05,WHITE,B,image_000019.jpg,training/P05/WHITE/B/images/image_000019.jpg,a4f80424f08510b2cf3e85b72a24b8fa027f3cf97107b76dd768ec9bd5e01458,7332,,,true
P05_WHITE_B_000020,P05,WHITE,B,image_000020.jpg,training/P05/WHITE/B/images/image_000020.jpg,b88fd6c3449e6324fbc44efcdd15ee9c8f748b39448db9222a79f06566d2ca8f,7100,,,true
P05_WHITE_B_000021,P05,WHITE,B,image_000021.jpg,training/P05/WHITE/B/images/image_000021.jpg,582911a8fad2607c281d0abdeb13aec6c59051138c59683d1e7b4124dda0e981,7294,,,true
P05_WHITE_B_000022,P05,WHITE,B,image_000022.jpg,training/P05/WHITE/B/images/image_000022.jpg,f7e4c9f95bdbd6aa9bdffa9a342b167de1055ccfd3cfb22451ec8104deb7b7ff,7641,,,true
P05_WHITE_B_000023,P05,WHITE,B,image_000023.jpg,training/P05/WHITE/B/images/image_000023.jpg,955f0e078f33419264adb7e85b6bc5d02c4622baf963152ffe2f9fe39fd17fbb,7960,,,true
P05_WHITE_B_000024,P05,WHITE,B,image_000024.jpg,training/P05/WHITE/B/images/image_000024.jpg,1f7a7c2fe1ef904fba529c8f7717335bcb2da10ad9572e81bd8381aefea69890,7043,,,true
P05_WHITE_B_000025,P05,WHITE,B,image_000025.jpg,training/P05/WHITE/B/images/image_000025.jpg,7e08701453b101401443f60c45cbca32fd594eae50e76c10749c2e39c3b6405e,7058,,,true
P05_WHITE_C_000001,P05,WHITE,C,image_000001.jpg,training/P05/WHITE/C/images/image_000001.jpg,dcc3d619c747d0ab477df7452b3f021cfd82e441508fdf2c287f24f0e3c527fa,7522,,,true
P05_WHITE_C_000002,P05,WHITE,C,image_000002.jpg,training/P05/WHITE/C/images/image_000002.jpg,9332727c50f414d341633200e5597ecfc915b283cbedbad0cd1de465071d98ed,7429,,,true
P05_WHITE_C_000003,P05,WHITE,C,image_000003.jpg,training/P05/WHITE/C/images/image_000003.jpg,ffb7ab98dfe215780a7313e6f4491b76020ea7e7b222de4b89c8c2df9d169a28,7905,,,true
P05_WHITE_C_000004,P05,WHITE,C,image_000004.jpg,training/P05/WHITE/C/images/image_000004.jpg,b9bf3ff35d289647961b2c71d58e301b7a3b2b995459167c24876e13170f86f4,8366,,,true
P05_WHITE_C_000005,P05,WHITE,C,image_000005.jpg,training/P05/WHITE/C/images/image_000005.jpg,cf9aeaa0f207a2e90d4ebd60a583c29fd8c2d4147096573855416715d45690c9,8177,,,true
P05_WHITE_C_000006,P05,WHITE,C,image_000006.jpg,training/P05/WHITE/C/images/image_000006.jpg,853ea99b0ed1e59ba358131e697c67469526d4c130655b7946d5d39511d16bce,8590,,,true
P05_WHITE_C_000007,P05,WHITE,C,image_000007.jpg,training/P05/WHITE/C/images/image_000007.jpg,b920fa301628037a9cf1214023af5a5b70c798d06df543c23ff637ff87496cf4,7275,,,true
P05_WHITE_C_000008,P05,WHITE,C,image_000008.jpg,training/P05/WHITE/C/images/image_000008.jpg,2249872a23395eed63847e1225573389fbd60e58419859bf6bbda28bc2fcdf45,7598,,,true
P05_WHITE_C_000009,P05,WHITE,C,image_000009.jpg,training/P05/WHITE/C/images/image_000009.jpg,12752c41a0c423fbbdcc79a633a69970c49f648560afcdcd7b7afbbec8267ab1,8564,,,true
P05_WHITE_C_000010,P05,WHITE,C,image_000010.jpg,training/P05/WHITE/C/images/image_000010.jpg,72b52b0c14115808e1a8dd3cf613540103ef878722dc204f09d51f7bb7133acc,7863,,,true
P05_WHITE_C_000011,P05,WHITE,C,image_000011.jpg,training/P05/WHITE/C/images/image_000011.jpg,4a26de78be03f423f9b7a54e54f6f732f63587351283d3bd93339aefcd33d36e,8365,,,true
P05_WHITE_C_000012,P05,WHITE,C,image_000012.jpg,training/P05/WHITE/C/images/image_000012.jpg,5043b60338bd4db856f25a1c571bfbf224ac9aab4493ebcee2c3296567b20ab2,8428,,,true
P05_WHITE_C_000013,P05,WHITE,C,image_000013.jpg,training/P05/WHITE/C/images/image_000013.jpg,1676d34ed4be1a50f8ef519ba3b8b99e62936e9261ad239793ff08096a2db788,7855,,,true
P05_WHITE_C_000014,P05,WHITE,C,image_000014.jpg,training/P05/WHITE/C/images/image_000014.jpg,83c641fe59eb2d95e5a71700ba633c6b003e9727cb38fd2370373c00fb2aad12,8314,,,true
P05_WHITE_C_000015,P05,WHITE,C,image_000015.jpg,training/P05/WHITE/C/images/image_000015.jpg,1e51df464634a20dd2805477e73ccc83f36898fbed91827aea449f3cb57e12f9,8752,,,true
P05_WHITE_C_000016,P05,WHITE,C,image_000016.jpg,training/P05/WHITE/C/images/image_000016.jpg,fd02dac462e51c2726329140de6172ed5958acce0ae9b84fb7aaa4e91ec945b8,8128,,,true
P05_WHITE_C_000017,P05,WHITE,C,image_000017.jpg,training/P05/WHITE/C/images/image_000017.jpg,300e4cf74f188b511966840305d1e875f304a98bdc1af3547cbdc684943802dc,8671,,,true
P05_WHITE_C_000018,P05,WHITE,C,image_000018.jpg,training/P05/WHITE/C/images/image_000018.jpg,78f7b52ab7deb84800a60e3108b486cc9f39b20c3aabe238c1e7f46f5cbd648e,8893,,,true
P05_WHITE_C_000019,P05,WHITE,C,image_000019.jpg,training/P05/WHITE/C/images/image_000019.jpg,869b478ed327ed9126cdf4448afa00f0f54a425d51df25215c89b05999d85c22,7780,,,true
P05_WHITE_C_000020,P05,WHITE,C,image_000020.jpg,training/P05/WHITE/C/images/image_000020.jpg,aa667f87f841ef1ba9b92f21c4978dec4d4dd5e0b6d3b7baf95f62a8da58a3a0,8258,,,true
P05_WHITE_C_000021,P05,WHITE,C,image_000021.jpg,training/P05/WHITE/C/images/image_000021.jpg,d8f95dd806f5b3bb1c280e44bb0d06812b17f8de497fba080f145f64735d455f,8110,,,true
P05_WHITE_C_000022,P05,WHITE,C,image_000022.jpg,training/P05/WHITE/C/images/image_000022.jpg,065d2c5f522edae16cb46f70ed858087ec7959c254d64c34f575b36b96f675a8,8500,,,true
P05_WHITE_C_000023,P05,WHITE,C,image_000023.jpg,training/P05/WHITE/C/images/image_000023.jpg,15bbb0ba7204a97e4df126fc5b01f36ac27a8a50aa9ca44af869a2b1e2736692,8127,,,true
P05_WHITE_C_000024,P05,WHITE,C,image_000024.jpg,training/P05/WHITE/C/images/image_000024.jpg,4bd42b42847d2fa4f353ff4ed42183c238cf0723d51b5e4cbe5b3e0ca1d85172,8149,,,true
P05_WHITE_C_000025,P05,WHITE,C,image_000025.jpg,training/P05/WHITE/C/images/image_000025.jpg,ec673bed71b1c5495d96f0531734f94ff9c916eeccf1104f7d2ea9c85d5d7fae,8830,,,true
P05_WHITE_E_000001,P05,WHITE,E,image_000001.jpg,training/P05/WHITE/E/images/image_000001.jpg,974a3926c12a0269554b27a6e0b7c76075e5e9d078852404f8da5efe1fb23a64,8418,,,true
P05_WHITE_E_000002,P05,WHITE,E,image_000002.jpg,training/P05/WHITE/E/images/image_000002.jpg,c65a26b5f9a7df6c447b2376a4a6e861ec32eabaa87136187c790fa6ed9d1731,7580,,,true
P05_WHITE_E_000003,P05,WHITE,E,image_000003.jpg,training/P05/WHITE/E/images/image_000003.jpg,7b6148ec98e3ade54b9d67489dc1055c5d34df350bdde3d903b490a660a62b09,7612,,,true
P05_WHITE_E_000004,P05,WHITE,E,image_000004.jpg,training/P05/WHITE/E/images/image_000004.jpg,fbdf821be99dbf189ecec154c9c1f946cbcd7d816735b46c6487d77129f99625,7812,,,true
P05_WHITE_E_000005,P05,WHITE,E,image_000005.jpg,training/P05/WHITE/E/images/image_000005.jpg,a598c14393a9ec1994b7adcbb30aacfdbc4392f81da3594a6888cfb75ca682f1,8194,,,true
P05_WHITE_E_000006,P05,WHITE,E,image_000006.jpg,training/P05/WHITE/E/images/image_000006.jpg,9812c03ddcb3a444a072d721512020408410f5a6a54f4cc4f347b35086090334,6981,,,true
P05_WHITE_E_000007,P05,WHITE,E,image_000007.jpg,training/P05/WHITE/E/images/image_000007.jpg,cae4cca9f1c468f314475af68ad7b10eb9ca6630584f3d3d1f8f219e25d62aaa,8871,,,true
P05_WHITE_E_000008,P05,WHITE,E,image_000008.jpg,training/P05/WHITE/E/images/image_000008.jpg,81f2f9ac8720c34ad4b98af314c209976ce5a89a8d8d3cb34ffa37fa09a75e10,9442,,,true
P05_WHITE_E_000009,P05,WHITE,E,image_000009.jpg,training/P05/WHITE/E/images/image_000009.jpg,4d66e9a5e6c2acddf1f19d44ec19d7b40598df08a19bad3fa204bf5da75c8903,9544,,,true
P05_WHITE_E_000010,P05,WHITE,E,image_000010.jpg,training/P05/WHITE/E/images/image_000010.jpg,0a1eac1190ca6accedd54fe608c7569c5818c77c9feb392ec350dea598af78e8,7814,,,true
P05_WHITE_E_000011,P05,WHITE,E,image_000011.jpg,training/P05/WHITE/E/images/image_000011.jpg,28cde9399c15b5554a5c30face5d1d6e638d9affc858e8715ade0656bc08b5c0,8421,,,true
P05_WHITE_E_000012,P05,WHITE,E,image_000012.jpg,training/P05/WHITE/E/images/image_000012.jpg,0fed0b14445ef1496d123a5f796d32deffeee045aeaf6e91a2171c8ad7d8f52e,7926,,,true
P05_WHITE_E_000013,P05,WHITE,E,image_000013.jpg,training/P05/WHITE/E/images/image_000013.jpg,0a3bb1f98e5c7cb2339346729ffc0eeee658b69b48ae613d981e7b495b727c1f,8267,,,true
P05_WHITE_E_000014,P05,WHITE,E,image_000014.jpg,training/P05/WHITE/E/images/image_000014.jpg,b84bad837b89adce6814874189e7f3493d80c31beb9491586c5036ab6ac5d3c8,7105,,,true
P05_WHITE_E_000015,P05,WHITE,E,image_000015.jpg,training/P05/WHITE/E/images/image_000015.jpg,3ffc6c880c9ee1eb7c1f9b751104c40b792a79d6b2c0f7bc86899b389a9d2e95,7623,,,true
P05_WHITE_E_000016,P05,WHITE,E,image_000016.jpg,training/P05/WHITE/E/images/image_000016.jpg,c1a544151fec6792be4919b60488a0946acaa8e246067acd55ef5af129435864,8783,,,true
P05_WHITE_E_000017,P05,WHITE,E,image_000017.jpg,training/P05/WHITE/E/images/image_000017.jpg,a9087f3f3b36c7f7ce6af3e2a7e7c550d89dcf3f078c44c3d67bd256d1b6fb1b,7709,,,true
P05_WHITE_E_000018,P05,WHITE,E,image_000018.jpg,training/P05/WHITE/E/images/image_000018.jpg,d40922667f535d1c8b3c92ef4ccf78fecc07958fd86a37c27096dead90cc1d3e,7816,,,true
P05_WHITE_E_000019,P05,WHITE,E,image_000019.jpg,training/P05/WHITE/E/images/image_000019.jpg,4b2de354949263963bd5287949fc0155f6eb03b608117cb7313907c8333f1a52,8298,,,true
P05_WHITE_E_000020,P05,WHITE,E,image_000020.jpg,training/P05/WHITE/E/images/image_000020.jpg,137174211090bdc26a07fda9f6750942be9e52eee506258b9bcfa3c4ff63e1db,7113,,,true
P05_WHITE_E_000021,P05,WHITE,E,image_000021.jpg,training/P05/WHITE/E/images/image_000021.jpg,cdfcf3329a0b899f7bc0a26f63d1b17f3a80d78907e5ab7f46686fa6be9a4971,7224,,,true
P05_WHITE_E_000022,P05,WHITE,E,image_000022.jpg,training/P05/WHITE/E/images/image_000022.jpg,50bd2c514e97562e1c7cdee046d2e385f642542b3a08c99d9f7d760206172f76,8557,,,true
P05_WHITE_E_000023,P05,WHITE,E,image_000023.jpg,training/P05/WHITE/E/images/image_000023.jpg,4ba3e8f7c86fa93b4f03b928e32032d44e02d506bda9895bd9d70ac1d4c51952,8205,,,true
P05_WHITE_E_000024,P05,WHITE,E,image_000024.jpg,training/P05/WHITE/E/images/image_000024.jpg,d9553a8252f8ee6737e90a1ad4cc3e98d8a07744118b6f4128385d18a938ee38,7790,,,true
P05_WHITE_E_000025,P05,WHITE,E,image_000025.jpg,training/P05/WHITE/E/images/image_000025.jpg,86a166df30563b45d46b3e64241e24fa254ad9dca03726975edb1a83ae633710,8292,,,true
P05_WHITE_I_000001,P05,WHITE,I,image_000001.jpg,training/P05/WHITE/I/images/image_000001.jpg,d1398f6de0bed7f6aedf72191ebc868af19b39344f04046c51d696a6cb0ac61a,8508,,,true
P05_WHITE_I_000002,P05,WHITE,I,image_000002.jpg,training/P05/WHITE/I/images/image_000002.jpg,7c1e81365e6df218dbee76aed554217ad67f4c5b8a530cc96c66e9c001abd916,7805,,,true
P05_WHITE_I_000003,P05,WHITE,I,image_000003.jpg,training/P05/WHITE/I/images/image_000003.jpg,279d8fc54f356b4f3a6e1d997671e9d92265030642ea8fec185de7cacd82cb4d,8140,,,true
P05_WHITE_I_000004,P05,WHITE,I,image_000004.jpg,training/P05/WHITE/I/images/image_000004.jpg,c3f83ab634465968843a3631d0f5d2b358eb9b014e4b202ae18f544be859e971,8548,,,true
P05_WHITE_I_000005,P05,WHITE,I,image_000005.jpg,training/P05/WHITE/I/images/image_000005.jpg,1b963aab9e55edf131af0dda07ac72fc56d244aa1c133467ac737009a3568746,7846,,,true
P05_WHITE_I_000006,P05,WHITE,I,image_000006.jpg,training/P05/WHITE/I/images/image_000006.jpg,3e2779434bb7398d21babdf410ab6b672def4b2ed285e4b3af32015f81e47e2b,8506,,,true
P05_WHITE_I_000007,P05,WHITE,I,image_000007.jpg,training/P05/WHITE/I/images/image_000007.jpg,4554db63e5d9f8b9be52eb14f753125138b5339144aad9a8056063f6bbe02742,8611,,,true
P05_WHITE_I_000008,P05,WHITE,I,image_000008.jpg,training/P05/WHITE/I/images/image_000008.jpg,f7a60a71244ebd464939013cdda5c2b9c3a7930998b43402573083365663367c,7365,,,true
P05_WHITE_I_000009,P05,WHITE,I,image_000009.jpg,training/P05/WHITE/I/images/image_000009.jpg,d4e8645bed96083ee2bee0be3e4e789f11cd2e631e9b4e19ff3e0db7e35d3442,8992,,,true
P05_WHITE_I_000010,P05,WHITE,I,image_000010.jpg,training/P05/WHITE/I/images/image_000010.jpg,65250e4953eb624503275d79341f5e9a057a70277c6a4c3953c00e9450840d4d,9176,,,true
P05_WHITE_I_000011,P05,WHITE,I,image_000011.jpg,training/P05/WHITE/I/images/image_000011.jpg,e5dfd7c77b22ab025708c9df11aefc5b01d42972c567fd3d0cc9281cae42a595,8771,,,true
P05_WHITE_I_000012,P05,WHITE,I,image_000012.jpg,training/P05/WHITE/I/images/image_000012.jpg,b36127f616ff363cdef88d4f8d6bb58aa3385b106c7efb0ae9408ca6ef3dba76,8052,,,true
P05_WHITE_I_000013,P05,WHITE,I,image_000013.jpg,training/P05/WHITE/I/images/image_000013.jpg,86f0fc814816b679f7898627dc19a3b831332aa11cf172b4a64ecea95b3047ad,7322,,,true
P05_WHITE_I_000014,P05,WHITE,I,image_000014.jpg,training/P05/WHITE/I/images/image_000014.jpg,426c493502df3e780a780d41ff5fda3d3d316c3a310cd6bc1c688fd714d1d594,7152,,,true
P05_WHITE_I_000015,P05,WHITE,I,image_000015.jpg,training/P05/WHITE/I/images/image_000015.jpg,07f6d05dbf62ee574814cd813f7b898b83085c7a20d84d73ad619727806d10e0,7731,,,true
P05_WHITE_I_000016,P05,WHITE,I,image_000016.jpg,training/P05/WHITE/I/images/image_000016.jpg,0dc721fd7ce8d6c0acacea7782f17c00061b22a8f1f7565a8687920eedcafc49,8001,,,true
P05_WHITE_I_000017,P05,WHITE,I,image_000017.jpg,training/P05/WHITE/I/images/image_000017.jpg,99969ad5480299555a8d9f47af9fdd61e99f84c7ff080649a3641a7729b02837,8838,,,true
P05_WHITE_I_000018,P05,WHITE,I,image_000018.jpg,training/P05/WHITE/I/images/image_000018.jpg,547b1f9bb7ec051b04ca38b65d7c13f3ac2d25aaaa009a096f40fc0db0898f2e,7443,,,true
P05_WHITE_I_000019,P05,WHITE,I,image_000019.jpg,training/P05/WHITE/I/images/image_000019.jpg,e3312559bf4f2fdaf7a4770a932e5b1f2a918bf39503ad4fe27214ebfac5e98d,7360,,,true
P05_WHITE_I_000020,P05,WHITE,I,image_000020.jpg,training/P05/WHITE/I/images/image_000020.jpg,fad6a6dcf552262429beecac545256202c8a91c7e9ecef13ca6ae7cd801bbcea,8020,,,true
P05_WHITE_I_000021,P05,WHITE,I,image_000021.jpg,training/P05/WHITE/I/images/image_000021.jpg,d392f073122628db114fe8cd4b2397abe5c7ee84df6985f5b9979548c3b318be,8103,,,true
P05_WHITE_I_000022,P05,WHITE,I,image_000022.jpg,training/P05/WHITE/I/images/image_000022.jpg,0375f1ecc62e5862714a02a5e7e35b84f4d6c187cbddaf98d365aff5245d9d64,8641,,,true
P05_WHITE_I_000023,P05,WHITE,I,image_000023.jpg,training/P05/WHITE/I/images/image_000023.jpg,1ed717a02ffad2f1934a40848c674aa2c8e90b3c0bcc82d95ac61c1dd2587c23,7599,,,true
P05_WHITE_I_000024,P05,WHITE,I,image_000024.jpg,training/P05/WHITE/I/images/image_000024.jpg,b31f2b3e62e62843b7267ee02fe61a9b34ca786770b52f26687c2bc0223bd17f,6748,,,true
P05_WHITE_I_000025,P05,WHITE,I,image_000025.jpg,training/P05/WHITE/I/images/image_000025.jpg,8368c6b6af171cafe14c4ba510e4cd79ef87ec7c432569a41b3ce8575f0177f7,7796,,,true
P05_WHITE_L_000001,P05,WHITE,L,image_000001.jpg,training/P05/WHITE/L/images/image_000001.jpg,d33df87f58e0ab61cb3e09f72cd0623043d38066fa1fd18fd298fe67d262eddb,7845,,,true
P05_WHITE_L_000002,P05,WHITE,L,image_000002.jpg,training/P05/WHITE/L/images/image_000002.jpg,e8a95485f5133ba114f896fae4d4413e9cb050630a449170da48656d92312796,8471,,,true
P05_WHITE_L_000003,P05,WHITE,L,image_000003.jpg,training/P05/WHITE/L/images/image_000003.jpg,8fe255aaac3250c70ddcfea69a023ee33e849babe225e984fa63ba982cce8ad2,8271,,,true
P05_WHITE_L_000004,P05,WHITE,L,image_000004.jpg,training/P05/WHITE/L/images/image_000004.jpg,b4f038f376c978b12bba4642fa1d9bad9f6749139de56b7a312bb7d144226d5d,7406,,,true
P05_WHITE_L_000005,P05,WHITE,L,image_000005.jpg,training/P05/WHITE/L/images/image_000005.jpg,facd6d51effcdc7e3a71a35b5d257b7201b4afee1aff36b8d264457736154505,8879,,,true
P05_WHITE_L_000006,P05,WHITE,L,image_000006.jpg,training/P05/WHITE/L/images/image_000006.jpg,8acd9ff76889472c73efd62ccc6da5eecc854850d297bf696406c732217e59f2,7952,,,true
P05_WHITE_L_000007,P05,WHITE,L,image_000007.jpg,training/P05/WHITE/L/images/image_000007.jpg,b66ec9f49e3bad918b45c993602c7a671fb3daaeb4f5dec0879a14f4441d1d72,8407,,,true
P05_WHITE_L_000008,P05,WHITE,L,image_000008.jpg,training/P05/WHITE/L/images/image_000008.jpg,58babdb9b7775e2a392395a59542a54637a3061783b4a999c6e51f627e21b4fd,8118,,,true
P05_WHITE_L_000009,P05,WHITE,L,image_000009.jpg,training/P05/WHITE/L/images/image_000009.jpg,2ec47182eb0290fda8c2288e171809e55994c391ec804ca4c03a4587ccad67f3,7864,,,true
P05_WHITE_L_000010,P05,WHITE,L,image_000010.jpg,training/P05/WHITE/L/images/image_000010.jpg,12512476f014adaf8f5af47cbc6ea64411b17d89cfa6ae7eae51918b823769e6,8827,,,true
P05_WHITE_L_000011,P05,WHITE,L,image_000011.jpg,training/P05/WHITE/L/images/image_000011.jpg,f6815a83607122512aeb68bb1e8c9756be873819bd48662228a4a0948a5f4611,8391,,,true
P05_WHITE_L_000012,P05,WHITE,L,image_000012.jpg,training/P05/WHITE/L/images/image_000012.jpg,d1a84442c0eeb52764c02f99270bd0b8451f07f00a90dd79f4d7c6adbdb4b45b,8480,,,true
P05_WHITE_L_000013,P05,WHITE,L,image_000013.jpg,training/P05/WHITE/L/images/image_000013.jpg,aef04933b8c4c0e4c5f1b63991fc6a2f35a46d67de1199211c4358978a954d90,7478,,,true
P05_WHITE_L_000014,P05,WHITE,L,image_000014.jpg,training/P05/WHITE/L/images/image_000014.jpg,c46eaa4b303b0e507faf52b4590c6e13c32c32e598b3006913c2a904980efc81,7560,,,true
P05_WHITE_L_000015,P05,WHITE,L,image_000015.jpg,training/P05/WHITE/L/images/image_000015.jpg,c4fd9ce50caf5ed188b12b013e28bcc3888ed20f597ed21289d9ae39d7961425,8470,,,true
P05_WHITE_L_000016,P05,WHITE,L,image_000016.jpg,training/P05/WHITE/L/images/image_000016.jpg,fa3953d1aeff3570d5cd9c8a0851154bf0c3916b2c8d296a263ee3352156c8be,7944,,,true
P05_WHITE_L_000017,P05,WHITE,L,image_000017.jpg,training/P05/WHITE/L/images/image_000017.jpg,9b8c463ebeb91298e65ea65fe058222b8f871ddc43d877402cd6b822c2c28459,8535,,,true
P05_WHITE_L_000018,P05,WHITE,L,image_000018.jpg,training/P05/WHITE/L/images/image_000018.jpg,607c2a6da0ba8aea7adac0e2e9b7f0ce188448c7bec73f82a4bc43c0796847af,8293,,,true
P05_WHITE_L_000019,P05,WHITE,L,image_000019.jpg,training/P05/WHITE/L/images/image_000019.jpg,bcefaf2f48b5780c4fd3e8dd0a51dea296df24213b8ed47cf5fa535460cc4895,7582,,,true
P05_WHITE_L_000020,P05,WHITE,L,image_000020.jpg,training/P05/WHITE/L/images/image_000020.jpg,76ca09cf20ce016040238c10ed6fc7047b49be693852b3df76cae29485cf340b,7971,,,true
P05_WHITE_L_000021,P05,WHITE,L,image_000021.jpg,training/P05/WHITE/L/images/image_000021.jpg,d5f90a4da46fabb942c8b42bb7378a1256c9628281809c1a48955427dd7c5b67,7965,,,true
P05_WHITE_L_000022,P05,WHITE,L,image_000022.jpg,training/P05/WHITE/L/images/image_000022.jpg,a792338aae54981fe430053d6f65a7c43759ff5de626da90ef9c838903780ca6,8387,,,true
P05_WHITE_L_000023,P05,WHITE,L,image_000023.jpg,training/P05/WHITE/L/images/image_000023.jpg,f1e0b3f159e0bdaf8de6fbe35a9b438af95ff17cbc3a3549038373ddccb065f9,8204,,,true
P05_WHITE_L_000024,P05,WHITE,L,image_000024.jpg,training/P05/WHITE/L/images/image_000024.jpg,4ab41e5f370afe8185050559722d28b4f837af4e26bbbbbcebbd2342533c8629,8311,,,true
P05_WHITE_L_000025,P05,WHITE,L,image_000025.jpg,training/P05/WHITE/L/images/image_000025.jpg,d6819c8ca619445c34aca9d1434de665bf1f299626f2073a7ee230ac521d2544,7285,,,true
P05_WHITE_M_000001,P05,WHITE,M,image_000001.jpg,training/P05/WHITE/M/images/image_000001.jpg,582e3325f1a4408f0d856b74f555a3d4b0e0a2c5b270803597249dd523bc13ca,9003,,,true
P05_WHITE_M_000002,P05,WHITE,M,image_000002.jpg,training/P05/WHITE/M/images/image_000002.jpg,16835f403ca995ae3dc8adf5d8295b9e627491dc5a827b3dec7a72cf092e6741,8387,,,true
P05_WHITE_M_000003,P05,WHITE,M,image_000003.jpg,training/P05/WHITE/M/images/image_000003.jpg,53a236fe2568dfe82a3efacb76d5a819538a549fc6beaa153bd6906c05d42a14,8596,,,true
P05_WHITE_M_000004,P05,WHITE,M,image_000004.jpg,training/P05/WHITE/M/images/image_000004.jpg,8156a3813aa79a692c1065a656302fc7601ffd272419482385b0addbb5cf0f4d,9012,,,true
P05_WHITE_M_000005,P05,WHITE,M,image_000005.jpg,training/P05/WHITE/M/images/image_000005.jpg,94d5e19306982d039982d5b9dd75517b2abc315158de526274a7e739e0800f9a,7686,,,true
P05_WHITE_M_000006,P05,WHITE,M,image_000006.jpg,training/P05/WHITE/M/images/image_000006.jpg,74192353173788124aa03cd673626754da6a11ca6309db8032fbe78536edd3ab,7863,,,true
P05_WHITE_M_000007,P05,WHITE,M,image_000007.jpg,training/P05/WHITE/M/images/image_000007.jpg,0fe578ad07ce62948dd82c8a412cc41741f06a2639dd4f2fc874a300af7cd22b,8381,,,true
P05_WHITE_M_000008,P05,WHITE,M,image_000008.jpg,training/P05/WHITE/M/images/image_000008.jpg,fdb1ac1f7ed86b7808eaeefb1bb1cd1581f8d3a59ad729b18fe8969c2074575b,8365,,,true
P05_WHITE_M_000009,P05,WHITE,M,image_000009.jpg,training/P05/WHITE/M/images/image_000009.jpg,05ae7f6afeee116e3a67191c43a22565b28d0c0edce2b32cd09fb050ebe38309,9529,,,true
P05_WHITE_M_000010,P05,WHITE,M,image_000010.jpg,training/P05/WHITE/M/images/image_000010.jpg,1fd144b9318cbfee4204b94a26e59cc2bd7f87480254998351b0cce6da9ca4b1,7824,,,true
P05_WHITE_M_000011,P05,WHITE,M,image_000011.jpg,training/P05/WHITE/M/images/image_000011.jpg,462ea1828ca6b11b0105e75aa70fd4778b971d5644283e60ed49ade5d61cee17,8417,,,true
P05_WHITE_M_000012,P05,WHITE,M,image_000012.jpg,training/P05/WHITE/M/images/image_000012.jpg,b79376b738dfdc83c298f7f2c56c5ef63b03cc057fe895041060b86ace5ef9c2,8714,,,true
P05_WHITE_M_000013,P05,WHITE,M,image_000013.jpg,training/P05/WHITE/M/images/image_000013.jpg,cddfb9618cd4395d8fbf959764571944599a62f3537c2006f7b4277b1cfc1226,8144,,,true
P05_WHITE_M_000014,P05,WHITE,M,image_000014.jpg,training/P05/WHITE/M/images/image_000014.jpg,94214aaba27cccc4945ccf239d20f459297217a6eefdfc4f966bc18012c609c2,8432,,,true
P05_WHITE_M_000015,P05,WHITE,M,image_000015.jpg,training/P05/WHITE/M/images/image_000015.jpg,e3ac4405dd7ba1a8788b589184b803ffe71bbdef818987d45017ad57753a39d0,8623,,,true
P05_WHITE_M_000016,P05,WHITE,M,image_000016.jpg,training/P05/WHITE/M/images/image_000016.jpg,a97944f742ed7c63222d7d74e722a90359453fa1689388258fd7d1fe01bfa09f,7648,,,true
P05_WHITE_M_000017,P05,WHITE,M,image_000017.jpg,training/P05/WHITE/M/images/image_000017.jpg,b3d9bbcf2a9d5177bf215b1cbd32fb3280ed74238a383e7dd7d2dd503e1c855c,7612,,,true
P05_WHITE_M_000018,P05,WHITE,M,image_000018.jpg,training/P05/WHITE/M/images/image_000018.jpg,70886d8bae7cd1893cf02e2fadc47c4aa5d4dee953d5628fea2f0634afda38f3,9011,,,true
P05_WHITE_M_000019,P05,WHITE,M,image_000019.jpg,training/P05/WHITE/M/images/image_000019.jpg,ca17dd1ff5c8f7994b2baea3dc235da8865945d0655748e343e692f69069c0a8,9614,,,true
P05_WHITE_M_000020,P05,WHITE,M,image_000020.jpg,training/P05/WHITE/M/images/image_000020.jpg,6c1b82a1fad2dd55d3da379be968093ed8468aa45d0ba50501611bf9dbc3924b,8106,,,true
P05_WHITE_M_000021,P05,WHITE,M,image_000021.jpg,training/P05/WHITE/M/images/image_000021.jpg,21e102a36f78f59345a16438c68762b3b263a1fd474f176d16ea21e7ee6fd1ab,8365,,,true
P05_WHITE_M_000022,P05,WHITE,M,image_000022.jpg,training/P05/WHITE/M/images/image_000022.jpg,ad310f17efde575f02594a3a6932ed68e0ab40b116f1dd7dd7fbdcb1c168325c,8784,,,true
P05_WHITE_M_000023,P05,WHITE,M,image_000023.jpg,training/P05/WHITE/M/images/image_000023.jpg,0a79c7a495045125ad462c3ebacb6f45da340150d407fb6c19bdfc148546eb6f,9025,,,true
P05_WHITE_M_000024,P05,WHITE,M,image_000024.jpg,training/P05/WHITE/M/images/image_000024.jpg,90d408d45ebf5f85b1bfd169311e513ba37aa9cca4b0fc61e9a99774b1acefda,8350,,,true
P05_WHITE_M_000025,P05,WHITE,M,image_000025.jpg,training/P05/WHITE/M/images/image_000025.jpg,d5550215e3c1fde59a6e08514f34b7c0456b91cd128e489c39121a0e17835b3b,8169,,,true
P05_WHITE_N_000001,P05,WHITE,N,image_000001.jpg,training/P05/WHITE/N/images/image_000001.jpg,8b7031d115e5b652c74b36cbfa834cec748abde6402098c7c4ccc343adbc681f,8850,,,true
P05_WHITE_N_000002,P05,WHITE,N,image_000002.jpg,training/P05/WHITE/N/images/image_000002.jpg,ff22e16ea63acdaefd6e4d69e96740e7ef79eaa7b4f44673f7acfb0d72dd3aaf,9088,,,true
P05_WHITE_N_000003,P05,WHITE,N,image_000003.jpg,training/P05/WHITE/N/images/image_000003.jpg,b58b82e3e1fc2f3d4226ce47c2fcb544d1159fd5549682526e1e77221832076c,8793,,,true
P05_WHITE_N_000004,P05,WHITE,N,image_000004.jpg,training/P05/WHITE/N/images/image_000004.jpg,683de660f8871ddaf2c2ab480d18604dcc4fced683edc5a1677c08c415c7b6b6,9331,,,true
P05_WHITE_N_000005,P05,WHITE,N,image_000005.jpg,training/P05/WHITE/N/images/image_000005.jpg,98381959d98afe5710f603ba6657bee657ab09b6c49003f2d40f1d99506702e8,8385,,,true
P05_WHITE_N_000006,P05,WHITE,N,image_000006.jpg,training/P05/WHITE/N/images/image_000006.jpg,a26367d54a61136c09812820ba6926df0a2b97b6ea3fa34217c3ff595f5c2210,8498,,,true
P05_WHITE_N_000007,P05,WHITE,N,image_000007.jpg,training/P05/WHITE/N/images/image_000007.jpg,d92ab503872a0f98398f1b592777bdbcc6e78c30232b0e17f154e60161be5f67,8157,,,true
P05_WHITE_N_000008,P05,WHITE,N,image_000008.jpg,training/P05/WHITE/N/images/image_000008.jpg,9e4b88834e877178567f8168dccb9e91266b0b4988d976df8284202b980cbbd6,8519,,,true
P05_WHITE_N_000009,P05,WHITE,N,image_000009.jpg,training/P05/WHITE/N/images/image_000009.jpg,6bb7a6c4191f0d495992dd71dbb6f26147f27bfe278465128805d864cf88b72a,8847,,,true
P05_WHITE_N_000010,P05,WHITE,N,image_000010.jpg,training/P05/WHITE/N/images/image_000010.jpg,b05f35b2a43eb2b20e97e93433284101005b01d8f1955f8c5821e75f09cc58a6,8003,,,true
P05_WHITE_N_000011,P05,WHITE,N,image_000011.jpg,training/P05/WHITE/N/images/image_000011.jpg,2883039ecf6d155833cee00279f7d3d2a8927fc37e8979a2daaefa0661199da0,7698,,,true
P05_WHITE_N_000012,P05,WHITE,N,image_000012.jpg,training/P05/WHITE/N/images/image_000012.jpg,57c15d20b2498317e9504f9d2d249137dbe358f560bd3aa9300707485f91c534,9151,,,true
P05_WHITE_N_000013,P05,WHITE,N,image_000013.jpg,training/P05/WHITE/N/images/image_000013.jpg,64d78d96113ea88ec2f1a3a598ae5353cfc0ae512bf9479554a554d9927de4b2,8543,,,true
P05_WHITE_N_000014,P05,WHITE,N,image_000014.jpg,training/P05/WHITE/N/images/image_000014.jpg,9b1b34e09206e70897ad4097e21b99bb0a5ec4f5fad0b1c2fc08332ab5f13a26,8811,,,true
P05_WHITE_N_000015,P05,WHITE,N,image_000015.jpg,training/P05/WHITE/N/images/image_000015.jpg,97648c4e0d5265a0a44a34a610ea00b12dee45d525c6bac5087d808fb76b4895,8842,,,true
P05_WHITE_N_000016,P05,WHITE,N,image_000016.jpg,training/P05/WHITE/N/images/image_000016.jpg,59213caa79bfde161f333cd73da7ec19b7c3919b80ff9985e70d1dde78a3438a,8945,,,true
P05_WHITE_N_000017,P05,WHITE,N,image_000017.jpg,training/P05/WHITE/N/images/image_000017.jpg,4060e560024650367c5f969b30ff4b25547a406089dd4f2d4a59a56bc1b967bb,7768,,,true
P05_WHITE_N_000018,P05,WHITE,N,image_000018.jpg,training/P05/WHITE/N/images/image_000018.jpg,77c349f8065e97bf7eba7a4d0f0a1cd316647c025fdff6b18f45a50e75009557,8220,,,true
P05_WHITE_N_000019,P05,WHITE,N,image_000019.jpg,training/P05/WHITE/N/images/image_000019.jpg,57f0459f2ded34e66e5ee7e926e7591f1289ed62c1934392062376b52d6ddd37,8800,,,true
P05_WHITE_N_000020,P05,WHITE,N,image_000020.jpg,training/P05/WHITE/N/images/image_000020.jpg,53574d27ce24606baee864a210293ac994eb90a6c45a0e052417a05973b1e789,9292,,,true
P05_WHITE_N_000021,P05,WHITE,N,image_000021.jpg,training/P05/WHITE/N/images/image_000021.jpg,68dcc57662854b9d841d3235a797e3a627852a990327560ece4da3ff8ad5ff8e,8159,,,true
P05_WHITE_N_000022,P05,WHITE,N,image_000022.jpg,training/P05/WHITE/N/images/image_000022.jpg,60b26cb4d4a2aaf71fb4f367ca503b620acf55b3b67681e49391da6d357d8738,8021,,,true
P05_WHITE_N_000023,P05,WHITE,N,image_000023.jpg,training/P05/WHITE/N/images/image_000023.jpg,6f0e85e2b1f4b149b7c1df4c5c9ae895710a7bd49cd623db4850b7a0f8449088,8553,,,true
P05_WHITE_N_000024,P05,WHITE,N,image_000024.jpg,training/P05/WHITE/N/images/image_000024.jpg,a456115f0edf864de694018ef460abd6cd3de9d60a157873cdb305aad40982f3,8169,,,true
P05_WHITE_N_000025,P05,WHITE,N,image_000025.jpg,training/P05/WHITE/N/images/image_000025.jpg,4ef956e336d1329f1db76a004f465b1450d2735cc5e38dd41af0fc1f39ea283f,8250,,,true
P05_WHITE_O_000001,P05,WHITE,O,image_000001.jpg,training/P05/WHITE/O/images/image_000001.jpg,6c2fd62471e646facfe151723a06bfb1a1d4990eea505949ad26675310882406,9203,,,true
P05_WHITE_O_000002,P05,WHITE,O,image_000002.jpg,training/P05/WHITE/O/images/image_000002.jpg,015801154a3b3dfeff55fef064de91e56e1ece5c8b3efc634b0678ad6430f639,9125,,,true
P05_WHITE_O_000003,P05,WHITE,O,image_000003.jpg,training/P05/WHITE/O/images/image_000003.jpg,bc4cdca5d9d5ab5bcab1449a91eebc4b318c4069a1c8846389054d90d0036edc,9719,,,true
P05_WHITE_O_000004,P05,WHITE,O,image_000004.jpg,training/P05/WHITE/O/images/image_000004.jpg,9841e1467f3f59a9a20c599e9b742eff56b448546960db035a5a60de8d25523c,10251,,,true
P05_WHITE_O_000005,P05,WHITE,O,image_000005.jpg,training/P05/WHITE/O/images/image_000005.jpg,9f75c1ea32993307cd8bc71bf3f8e5a9ec8653aa55642c21ffa0dbd5d7efa223,9836,,,true
P05_WHITE_O_000006,P05,WHITE,O,image_000006.jpg,training/P05/WHITE/O/images/image_000006.jpg,d99c26d495150ea7b371425f14444d5b3aa23a25d94df05d5c35800959821aeb,8717,,,true
P05_WHITE_O_000007,P05,WHITE,O,image_000007.jpg,training/P05/WHITE/O/images/image_000007.jpg,95135b9104f0ef57e15b43eb4c6c7154a5102da5b38e79c26ae0af5654dd7e90,9406,,,true
P05_WHITE_O_000008,P05,WHITE,O,image_000008.jpg,training/P05/WHITE/O/images/image_000008.jpg,2b1f4a49a18b0c67321ee3f2e60f2ca2f8e29dc560edfad96759c6a19bc2d316,9568,,,true
P05_WHITE_O_000009,P05,WHITE,O,image_000009.jpg,training/P05/WHITE/O/images/image_000009.jpg,b13a1c3e39197e067bd9bde664e65591dd24f9852f874cb20f1682cf9180fbe2,9509,,,true
P05_WHITE_O_000010,P05,WHITE,O,image_000010.jpg,training/P05/WHITE/O/images/image_000010.jpg,c62a4632cd285358e829354079bcfde5368907c8ddcffed5b2ff93aa8c9e7a23,8061,,,true
P05_WHITE_O_000011,P05,WHITE,O,image_000011.jpg,training/P05/WHITE/O/images/image_000011.jpg,f702de93fe925e05578e74a664ccec5efd23f8bad53661a2758094d9eef4995a,8015,,,true
P05_WHITE_O_000012,P05,WHITE,O,image_000012.jpg,training/P05/WHITE/O/images/image_000012.jpg,f2c1a4207f0bd08fc4513dcfa3113af8ef1128c39383535bdf25914568a72d15,10068,,,true
P05_WHITE_O_000013,P05,WHITE,O,image_000013.jpg,training/P05/WHITE/O/images/image_000013.jpg,eaec902e742c6512e628a04b54ccf376588e28ffe8692f80f62957b60d8cefd1,9719,,,true
P05_WHITE_O_000014,P05,WHITE,O,image_000014.jpg,training/P05/WHITE/O/images/image_000014.jpg,3dca8e7d48f39dba7585e713a995d83e2b2e89c7103eda8acda05297a9b0c642,8661,,,true
P05_WHITE_O_000015,P05,WHITE,O,image_000015.jpg,training/P05/WHITE/O/images/image_000015.jpg,d71049b8b08121d2420aef396bb5d22e00a15f4d2c56ca23b5d311f57a6ac9b7,9452,,,true
P05_WHITE_O_000016,P05,WHITE,O,image_000016.jpg,training/P05/WHITE/O/images/image_000016.jpg,20fdcfe7e7e6f879ed1754afe9b6a474fea425e16c835133aad3a5e47f98a858,9147,,,true
P05_WHITE_O_000017,P05,WHITE,O,image_000017.jpg,training/P05/WHITE/O/images/image_000017.jpg,b314a449794b2ed6cd90bed43bcbbb6b0bb3a3dd8c4e1c9550207bebb6c03fef,9142,,,true
P05_WHITE_O_000018,P05,WHITE,O,image_000018.jpg,training/P05/WHITE/O/images/image_000018.jpg,26f484e28dd7b1d09cc7f8b19b07e92db56e5293dcde1018dc8d22ac23335c22,8885,,,true
P05_WHITE_O_000019,P05,WHITE,O,image_000019.jpg,training/P05/WHITE/O/images/image_000019.jpg,c5090f7ec97ac74d9935bfcb4d7e734f72bcff009388b0f6ee0e03b36547c9e2,8486,,,true
P05_WHITE_O_000020,P05,WHITE,O,image_000020.jpg,training/P05/WHITE/O/images/image_000020.jpg,71225936f920bbb3f291839b7485ad9c6a78b9defac9f675c84e1c68ca6b0bb7,8727,,,true
P05_WHITE_O_000021,P05,WHITE,O,image_000021.jpg,training/P05/WHITE/O/images/image_000021.jpg,cb205c6d82099ae52da3f81d4027b58b2f00091d7ce9f0404ddf415eef6a9200,8622,,,true
P05_WHITE_O_000022,P05,WHITE,O,image_000022.jpg,training/P05/WHITE/O/images/image_000022.jpg,367861930130b8e25283c987df8617ef2481c4297947f6f328ff28fdccc841f2,9045,,,true
P05_WHITE_O_000023,P05,WHITE,O,image_000023.jpg,training/P05/WHITE/O/images/image_000023.jpg,b704314fb63a953c771457c333ef539d57d7f32ecc52569d674d9381467a7352,8077,,,true
P05_WHITE_O_000024,P05,WHITE,O,image_000024.jpg,training/P05/WHITE/O/images/image_000024.jpg,7d4f65d5b90bd0e5488e1908ce9411729027aa4c39211e38ff18958ea998091f,8376,,,true
P05_WHITE_O_000025,P05,WHITE,O,image_000025.jpg,training/P05/WHITE/O/images/image_000025.jpg,de05a21cc905a571ed713589510bac7c53909abea9bd0afb92c6823569229831,8348,,,true
P05_WHITE_P_000001,P05,WHITE,P,image_000001.jpg,training/P05/WHITE/P/images/image_000001.jpg,590949f00a1dcad66981038a7a514f6944ec88149e26fee3746189c9ab0e5da2,8786,,,true
P05_WHITE_P_000002,P05,WHITE,P,image_000002.jpg,training/P05/WHITE/P/images/image_000002.jpg,6bab45de9ec6b610651c058c07c6dd4db4787859cad18dc25bbd68357b1e5102,8862,,,true
P05_WHITE_P_000003,P05,WHITE,P,image_000003.jpg,training/P05/WHITE/P/images/image_000003.jpg,38eabb5912d3df3fbeed70b61a6839649779107cd335bbbf6784221a9b504e73,9628,,,true
P05_WHITE_P_000004,P05,WHITE,P,image_000004.jpg,training/P05/WHITE/P/images/image_000004.jpg,c92412d2d2d4f607ee015967872e9a63c0f9b6c56d6300b6237872338b04e7a1,7420,,,true
P05_WHITE_P_000005,P05,WHITE,P,image_000005.jpg,training/P05/WHITE/P/images/image_000005.jpg,94636bd31b2c5c56d576745155a518cc764d93918f19b8446639ce80e8550087,7803,,,true
P05_WHITE_P_000006,P05,WHITE,P,image_000006.jpg,training/P05/WHITE/P/images/image_000006.jpg,20a2a81478a65869e1a2d7839e5d2dad72e617c286c4f8a95dec11ce37074a1a,7461,,,true
P05_WHITE_P_000007,P05,WHITE,P,image_000007.jpg,training/P05/WHITE/P/images/image_000007.jpg,9f62c6cfbeb05e8db152300833d546bed738037b3719b0feef0bf0710d10247d,7325,,,true
P05_WHITE_P_000008,P05,WHITE,P,image_000008.jpg,training/P05/WHITE/P/images/image_000008.jpg,1f1f866766dc998c0782c7a1116097f2d7ab8cfc0ea0190c473a9da4d35d5305,8119,,,true
P05_WHITE_P_000009,P05,WHITE,P,image_000009.jpg,training/P05/WHITE/P/images/image_000009.jpg,22d997c7a992a71484edb1a9cd43530b9ccbe654e65ccf1df4844613a82154c9,8261,,,true
P05_WHITE_P_000010,P05,WHITE,P,image_000010.jpg,training/P05/WHITE/P/images/image_000010.jpg,8a30ce4ca17b82d046b0facc22a9983539b3c7a4ed134883c10a80b4ea79767a,8348,,,true
P05_WHITE_P_000011,P05,WHITE,P,image_000011.jpg,training/P05/WHITE/P/images/image_000011.jpg,ab7ba5c5d349e263903d3c8a2ff319f5ed96a962ee1ac791f1642eefdc5b1e36,8028,,,true
P05_WHITE_P_000012,P05,WHITE,P,image_000012.jpg,training/P05/WHITE/P/images/image_000012.jpg,3ae4ed49c30c28b4ec42b34456e89b537ba81928cface9326472aea51dae6c2c,7259,,,true
P05_WHITE_P_000013,P05,WHITE,P,image_000013.jpg,training/P05/WHITE/P/images/image_000013.jpg,74393c3f371c6158326e4101b1b79921560e0b248bb04238834fcfbc100025b4,7648,,,true
P05_WHITE_P_000014,P05,WHITE,P,image_000014.jpg,training/P05/WHITE/P/images/image_000014.jpg,8680feaa752f1f641f561a7453707267f8531d660cd5e23821e4c228234acdb2,8273,,,true
P05_WHITE_P_000015,P05,WHITE,P,image_000015.jpg,training/P05/WHITE/P/images/image_000015.jpg,dd99c4a3104039b013ea9859b6d8b905e88b40d56ce11be656f95ea3da54168e,8196,,,true
P05_WHITE_P_000016,P05,WHITE,P,image_000016.jpg,training/P05/WHITE/P/images/image_000016.jpg,023b8af28635e758f2995f92d0bb026226a12adc859afc00670574f78462ac80,8571,,,true
P05_WHITE_P_000017,P05,WHITE,P,image_000017.jpg,training/P05/WHITE/P/images/image_000017.jpg,4dfb6ef7f9ea63e7a25697b4a7b6832718a52afd4a9a646ecfb0b50b6c7e94f7,8202,,,true
P05_WHITE_P_000018,P05,WHITE,P,image_000018.jpg,training/P05/WHITE/P/images/image_000018.jpg,e6a0b8d7c557eb850914afad4356cf5340a6343d2aeb221b959e94652ce20dfc,8236,,,true
P05_WHITE_P_000019,P05,WHITE,P,image_000019.jpg,training/P05/WHITE/P/images/image_000019.jpg,4a1ffbd589f20bbdcee37c0d1b7f1f751d95bd9a0249774913c1564107f5011f,7269,,,true
P05_WHITE_P_000020,P05,WHITE,P,image_000020.jpg,training/P05/WHITE/P/images/image_000020.jpg,a033700e15577e4a2c1fdce31acb285f6f97bb5bd907f1cc5242fb8507b5ecb5,8050,,,true
P05_WHITE_P_000021,P05,WHITE,P,image_000021.jpg,training/P05/WHITE/P/images/image_000021.jpg,45e2ca225f5c0eee0b0e2a3f402b0378594d1ff3ff2e2fc91f1d92093eadb53a,7797,,,true
P05_WHITE_P_000022,P05,WHITE,P,image_000022.jpg,training/P05/WHITE/P/images/image_000022.jpg,422d4c0f99109477740748f0741e8468739acb31217b14b7adc168a2fb80428b,7654,,,true
P05_WHITE_P_000023,P05,WHITE,P,image_000023.jpg,training/P05/WHITE/P/images/image_000023.jpg,3697aa935ba480b1b8a237ebdf5c9930f8cb7006a954da7a80a45b21cf929105,7567,,,true
P05_WHITE_P_000024,P05,WHITE,P,image_000024.jpg,training/P05/WHITE/P/images/image_000024.jpg,d61221685bbe65e6fcbb00fcfabc6db501ee870d84b0e22b398c1812193eb6d5,8301,,,true
P05_WHITE_P_000025,P05,WHITE,P,image_000025.jpg,training/P05/WHITE/P/images/image_000025.jpg,c6f7a0709bd70e48ba9751b37ce6c9edf2c77de0d25fe98a5382b0e27debd3e5,9415,,,true
P05_WHITE_R_000001,P05,WHITE,R,image_000001.jpg,training/P05/WHITE/R/images/image_000001.jpg,83f2658753ad01a2575c0e2b774a5e7b7f19776dd9336c1919d7cfacfae665a9,7600,,,true
P05_WHITE_R_000002,P05,WHITE,R,image_000002.jpg,training/P05/WHITE/R/images/image_000002.jpg,191c4a6e5275bf94ae501c40b8cfae3602a06ddd1d8670c6ea756b6155a17721,7727,,,true
P05_WHITE_R_000003,P05,WHITE,R,image_000003.jpg,training/P05/WHITE/R/images/image_000003.jpg,6c7e183ed41e99afe5ea127cab3a8d3761bdc1ca890b79f96f0a8836e60ce497,8086,,,true
P05_WHITE_R_000004,P05,WHITE,R,image_000004.jpg,training/P05/WHITE/R/images/image_000004.jpg,b953606c1ce04099b3356779d09136526299076fd4bd00c794030eed91846a11,7323,,,true
P05_WHITE_R_000005,P05,WHITE,R,image_000005.jpg,training/P05/WHITE/R/images/image_000005.jpg,c71dbeec0300f341d571a7a3bd00cc90f33309b8bd6e0b7bffae7db75c68c295,8235,,,true
P05_WHITE_R_000006,P05,WHITE,R,image_000006.jpg,training/P05/WHITE/R/images/image_000006.jpg,1e790545e055e699879249ac7960b7fec3ebf636a7bf9c3dbb70ece2fd855d33,8069,,,true
P05_WHITE_R_000007,P05,WHITE,R,image_000007.jpg,training/P05/WHITE/R/images/image_000007.jpg,195543819bca37c0dc5dd10796716cd2ccc23fc6c4285411dd2432afdff14bd4,7679,,,true
P05_WHITE_R_000008,P05,WHITE,R,image_000008.jpg,training/P05/WHITE/R/images/image_000008.jpg,84734669280b8e25f59f518b7645d80ce7c75bebf9e2e68c016402ed229e64a2,8376,,,true
P05_WHITE_R_000009,P05,WHITE,R,image_000009.jpg,training/P05/WHITE/R/images/image_000009.jpg,40193fb7c8890ef9b220bd62de695704895915dcbdd6346c2378c9736e7d7ec8,7762,,,true
P05_WHITE_R_000010,P05,WHITE,R,image_000010.jpg,training/P05/WHITE/R/images/image_000010.jpg,cbf1668d422f5713eda5aa5fc873022703d2ee474ab6b25d4c29c96b763cc00f,7090,,,true
P05_WHITE_R_000011,P05,WHITE,R,image_000011.jpg,training/P05/WHITE/R/images/image_000011.jpg,32a08f17d1a42828cd489b3f40c8caba58fb37919f0544d0bab9e18f136ac9cb,7177,,,true
P05_WHITE_R_000012,P05,WHITE,R,image_000012.jpg,training/P05/WHITE/R/images/image_000012.jpg,46f1e052215847b8660fd0f232d81391190bc9d56e863a7b20f359647871dfd6,7156,,,true
P05_WHITE_R_000013,P05,WHITE,R,image_000013.jpg,training/P05/WHITE/R/images/image_000013.jpg,cf9a6df30d37541d30f3548e3b71ff4644b02d2251795ab4f7365248275c76c7,7179,,,true
P05_WHITE_R_000014,P05,WHITE,R,image_000014.jpg,training/P05/WHITE/R/images/image_000014.jpg,6e9155bd0d47529c25c1e99483b2731caf708365cbb23f6a5052b5738ed98f0a,7902,,,true
P05_WHITE_R_000015,P05,WHITE,R,image_000015.jpg,training/P05/WHITE/R/images/image_000015.jpg,996206c823642f18b63699f70a8eb74382f49846699708e0e6d50ea1c7eef133,7942,,,true
P05_WHITE_R_000016,P05,WHITE,R,image_000016.jpg,training/P05/WHITE/R/images/image_000016.jpg,d1e768a3bbee60c392be4ad57b1769eca3c8bee592f0961de81164e2cea45a44,8053,,,true
P05_WHITE_R_000017,P05,WHITE,R,image_000017.jpg,training/P05/WHITE/R/images/image_000017.jpg,fd3f0724a5ac43f83c9caaf7c8d75d42661b5bd887eeee7ec20400eaf8b5647a,7830,,,true
P05_WHITE_R_000018,P05,WHITE,R,image_000018.jpg,training/P05/WHITE/R/images/image_000018.jpg,e259a95cca3ef59ecb7a9d71bdccdff20c786da482b024c2403959c42215ae42,7115,,,true
P05_WHITE_R_000019,P05,WHITE,R,image_000019.jpg,training/P05/WHITE/R/images/image_000019.jpg,ec32c3048d634ce54f5cea46764b4d42a3dcfd06aeb8d09e89e64f6a3eb2350e,7847,,,true
P05_WHITE_R_000020,P05,WHITE,R,image_000020.jpg,training/P05/WHITE/R/images/image_000020.jpg,58005e585cf83114a8823a68eef8dbd452bb0c480b67514aac4377fa95acc04c,8066,,,true
P05_WHITE_R_000021,P05,WHITE,R,image_000021.jpg,training/P05/WHITE/R/images/image_000021.jpg,68748ee312e4e3ee2c28c7bb74f2471726d8b540e5f037e34366669638d8efc8,8223,,,true
P05_WHITE_R_000022,P05,WHITE,R,image_000022.jpg,training/P05/WHITE/R/images/image_000022.jpg,26321a0233394e36455b887c5bfaf0acce673352002ab1999768a671cf3b23f2,8237,,,true
P05_WHITE_R_000023,P05,WHITE,R,image_000023.jpg,training/P05/WHITE/R/images/image_000023.jpg,c5640e293c57c568898fea72d2681f4366fa21a0f4b028955919a6d371314908,7661,,,true
P05_WHITE_R_000024,P05,WHITE,R,image_000024.jpg,training/P05/WHITE/R/images/image_000024.jpg,92fe53107aeb101f140410c4b5ac8f45651cf679b86e1e56c354a08a71deb128,7873,,,true
P05_WHITE_R_000025,P05,WHITE,R,image_000025.jpg,training/P05/WHITE/R/images/image_000025.jpg,1b92fa9dc4ada7b72c24d864024e0c3b283d4b189d68061a608b7a6a8f4312a0,7919,,,true
P05_WHITE_S_000001,P05,WHITE,S,image_000001.jpg,training/P05/WHITE/S/images/image_000001.jpg,dc3d4fd01cd44d444865a660e238a07d4d6cf673e472ca5aa813e33f89d4931f,9421,,,true
P05_WHITE_S_000002,P05,WHITE,S,image_000002.jpg,training/P05/WHITE/S/images/image_000002.jpg,cf958a6ebd1c92f7f30dde98d85ef4e5dd091843d1f85a6b844f717b5f31e20d,8744,,,true
P05_WHITE_S_000003,P05,WHITE,S,image_000003.jpg,training/P05/WHITE/S/images/image_000003.jpg,e7d8a49c0c011a1e75fd25ce00c898009e38f8a2611be2c9b7c207e4902d6266,9522,,,true
P05_WHITE_S_000004,P05,WHITE,S,image_000004.jpg,training/P05/WHITE/S/images/image_000004.jpg,310cad79d9f94be6357885a3617e6d76d44b7eefffa31f79e5d5c7ec53cb0c70,8080,,,true
P05_WHITE_S_000005,P05,WHITE,S,image_000005.jpg,training/P05/WHITE/S/images/image_000005.jpg,5d9ab6bcfabd8deecac269adc6857a6f8afe8a0d1d4693b2e8a4eaf4b6bc89c3,8237,,,true
P05_WHITE_S_000006,P05,WHITE,S,image_000006.jpg,training/P05/WHITE/S/images/image_000006.jpg,9fb8a0967c2d13b35871600e7f0d9b908511640e343f1e5e8eb57121e7d55405,8923,,,true
P05_WHITE_S_000007,P05,WHITE,S,image_000007.jpg,training/P05/WHITE/S/images/image_000007.jpg,aa2560dc5d3d3c0240ef5be1cd44afd52292a99af7d45dddf3d40288fb0747a2,9125,,,true
P05_WHITE_S_000008,P05,WHITE,S,image_000008.jpg,training/P05/WHITE/S/images/image_000008.jpg,4793cf4025163c0ab300ff608532db151e15b9c628888121960d4ecf5031ca69,9260,,,true
P05_WHITE_S_000009,P05,WHITE,S,image_000009.jpg,training/P05/WHITE/S/images/image_000009.jpg,e2865a08ca9ab4db81fb984ef69c9616666ae2f6db092093702b9c38f31d7c0e,9129,,,true
P05_WHITE_S_000010,P05,WHITE,S,image_000010.jpg,training/P05/WHITE/S/images/image_000010.jpg,3e159c8ffade1e3f5afe51578280e51242955450cec8d8845f0e2b051b16185b,9436,,,true
P05_WHITE_S_000011,P05,WHITE,S,image_000011.jpg,training/P05/WHITE/S/images/image_000011.jpg,720d92c7bb328cb0926452511de4f0d3b59c2e427bb966e9bc99605fd977331a,8656,,,true
P05_WHITE_S_000012,P05,WHITE,S,image_000012.jpg,training/P05/WHITE/S/images/image_000012.jpg,781073005d3437e8f01113bcfd59c1f608d202cd8b17b3ee297fbd3084e08bf1,7903,,,true
P05_WHITE_S_000013,P05,WHITE,S,image_000013.jpg,training/P05/WHITE/S/images/image_000013.jpg,1ee2ecb4dc8a89afd2641e27d65b4e537ed9dd590b21ef19b489504d12d75a47,8723,,,true
P05_WHITE_S_000014,P05,WHITE,S,image_000014.jpg,training/P05/WHITE/S/images/image_000014.jpg,a1e17e06e9163ea86855c0cf0f6a857736a5b9c0539659a8bb9c1e67b8559ac4,8131,,,true
P05_WHITE_S_000015,P05,WHITE,S,image_000015.jpg,training/P05/WHITE/S/images/image_000015.jpg,ec4360364d3fd46d2230a23fc2a0645d546377a8185d0cda1861a89121bffa88,8175,,,true
P05_WHITE_S_000016,P05,WHITE,S,image_000016.jpg,training/P05/WHITE/S/images/image_000016.jpg,f8d9d235854589a06e0968acecedd1931c8011d846626182dabbfbd9c9f8e10e,8857,,,true
P05_WHITE_S_000017,P05,WHITE,S,image_000017.jpg,training/P05/WHITE/S/images/image_000017.jpg,8567c7f2fd86c2817add1b87e899aa257a34f9441997da098d16eca8932d3a23,9013,,,true
P05_WHITE_S_000018,P05,WHITE,S,image_000018.jpg,training/P05/WHITE/S/images/image_000018.jpg,6c9a836174b5b1c914b6335f6ad49bc69c40f757c9950057ac28ef8808027d0a,8980,,,true
P05_WHITE_S_000019,P05,WHITE,S,image_000019.jpg,training/P05/WHITE/S/images/image_000019.jpg,809aa5ed6cd448f61c5d4a1f4b85d5a3aca61a3e80adab9dacb352b5ccfb9b9e,7933,,,true
P05_WHITE_S_000020,P05,WHITE,S,image_000020.jpg,training/P05/WHITE/S/images/image_000020.jpg,34624af4057b215e618623be966fd0203210558f7d09210f85279f9027277ebd,8271,,,true
P05_WHITE_S_000021,P05,WHITE,S,image_000021.jpg,training/P05/WHITE/S/images/image_000021.jpg,0baa96c89969281294b9842e121c7fa6a86828870fc6acba6c17c7d9fcac8820,8065,,,true
P05_WHITE_S_000022,P05,WHITE,S,image_000022.jpg,training/P05/WHITE/S/images/image_000022.jpg,00c355b5425adc19a796a731c825eb5c15b0960db04b833fa52f2b68178c9084,8815,,,true
P05_WHITE_S_000023,P05,WHITE,S,image_000023.jpg,training/P05/WHITE/S/images/image_000023.jpg,61f9feaf472204165bf38dc6ec337f13b312f7021b3641b1163084a0b1a2017f,7254,,,true
P05_WHITE_S_000024,P05,WHITE,S,image_000024.jpg,training/P05/WHITE/S/images/image_000024.jpg,e10a04aee114b2ae0af202608449adb7234b84b5c3f7158c23103e03fc6a33db,7721,,,true
P05_WHITE_S_000025,P05,WHITE,S,image_000025.jpg,training/P05/WHITE/S/images/image_000025.jpg,b480aafc5742e90b4d8c3ee5187861f40e3e5a60496c4ae0456d6f51f1c49a26,7527,,,true
P05_WHITE_T_000001,P05,WHITE,T,image_000001.jpg,training/P05/WHITE/T/images/image_000001.jpg,5b293eeca85d94b4af28d349b3c9360bcf99112a75c91497c5a486ddaaa51777,7236,,,true
P05_WHITE_T_000002,P05,WHITE,T,image_000002.jpg,training/P05/WHITE/T/images/image_000002.jpg,7581304485ab8e903075662bec0c08aa2cc367367dd5021b25a38f945334d69b,7798,,,true
P05_WHITE_T_000003,P05,WHITE,T,image_000003.jpg,training/P05/WHITE/T/images/image_000003.jpg,c820cb0970d4e4ca9dd75983a0a2fec41cc613737e0c97c6cfcaf93be06d85c2,7866,,,true
P05_WHITE_T_000004,P05,WHITE,T,image_000004.jpg,training/P05/WHITE/T/images/image_000004.jpg,cdca414d96c8e73c8438daef7e291ee44fb0d55a6de98f8e32a4f62a41739c9f,7952,,,true
P05_WHITE_T_000005,P05,WHITE,T,image_000005.jpg,training/P05/WHITE/T/images/image_000005.jpg,4b04a43352b0262ac363c20eb09523f3cc07639e4573f13f288ad5bce0152a69,6765,,,true
P05_WHITE_T_000006,P05,WHITE,T,image_000006.jpg,training/P05/WHITE/T/images/image_000006.jpg,75b971d9cd969f58ac9c8cba9bff58f93cc4e1c3426364f7856aee41c0dc4239,7173,,,true
P05_WHITE_T_000007,P05,WHITE,T,image_000007.jpg,training/P05/WHITE/T/images/image_000007.jpg,5f496d96094cdcb29880f00e7181c28c5eca0b36e5427b87e8fda60f6617e798,7061,,,true
P05_WHITE_T_000008,P05,WHITE,T,image_000008.jpg,training/P05/WHITE/T/images/image_000008.jpg,b99609e1884bd3f97deea546a5890da83a0f8d10b4e4da51b7b035f8e6150f88,7889,,,true
P05_WHITE_T_000009,P05,WHITE,T,image_000009.jpg,training/P05/WHITE/T/images/image_000009.jpg,270fd0af6c13fb14927819323943844d6aa7291bbc16eb10c8aa95b6b681c245,6592,,,true
P05_WHITE_T_000010,P05,WHITE,T,image_000010.jpg,training/P05/WHITE/T/images/image_000010.jpg,9f2eaf167ef1a3b8c95747fe416a257a0e2b941022982e95b6b9825f8b5330a9,7757,,,true
P05_WHITE_T_000011,P05,WHITE,T,image_000011.jpg,training/P05/WHITE/T/images/image_000011.jpg,3ec7b9e5cac6564d87059214a1ed49e239599c275a56f321e5498ecc974c8375,7122,,,true
P05_WHITE_T_000012,P05,WHITE,T,image_000012.jpg,training/P05/WHITE/T/images/image_000012.jpg,211b230ee7beb45bee5b744415b6bd9f2e1e3d4ddcbb195a542498275ebf00fe,7417,,,true
P05_WHITE_T_000013,P05,WHITE,T,image_000013.jpg,training/P05/WHITE/T/images/image_000013.jpg,a4e183a3fb6e902c649ba0cb18af6d8df251d937a6bca1bb435cc7f98d9980ca,7629,,,true
P05_WHITE_T_000014,P05,WHITE,T,image_000014.jpg,training/P05/WHITE/T/images/image_000014.jpg,fe489dedabbea809dcbf7c8d5c235e355805cdb082180c1c0742eb3405e1400f,7992,,,true
P05_WHITE_T_000015,P05,WHITE,T,image_000015.jpg,training/P05/WHITE/T/images/image_000015.jpg,b2a2cad90f2e64b1e2323a4182259d2926632193e9707ffee2212d7414389802,7265,,,true
P05_WHITE_T_000016,P05,WHITE,T,image_000016.jpg,training/P05/WHITE/T/images/image_000016.jpg,554131513edfaa46c587234c7f2d7cf6af5291a628f7db36e7cc159c8c8c0195,7653,,,true
P05_WHITE_T_000017,P05,WHITE,T,image_000017.jpg,training/P05/WHITE/T/images/image_000017.jpg,c542986d8c9904b57fc1e7044e1b004ed10970cdc477606e6f2fa32c323caed7,8583,,,true
P05_WHITE_T_000018,P05,WHITE,T,image_000018.jpg,training/P05/WHITE/T/images/image_000018.jpg,21f5bf250015e4994b8dce4bd7159ddc0624d53b5ee364ce0e00d0cf85ffade1,8303,,,true
P05_WHITE_T_000019,P05,WHITE,T,image_000019.jpg,training/P05/WHITE/T/images/image_000019.jpg,cb44ac7f4da7fa4f9807fe461487b04e23bc63f04de058f941619e7851747466,8730,,,true
P05_WHITE_T_000020,P05,WHITE,T,image_000020.jpg,training/P05/WHITE/T/images/image_000020.jpg,f94d531500b623bb71d8d9f6f6365e8a57d8ebc5710120d6b4ebd4e10326e95e,7842,,,true
P05_WHITE_T_000021,P05,WHITE,T,image_000021.jpg,training/P05/WHITE/T/images/image_000021.jpg,a59eb74fdd057bf60366be9c20397e9396361686b2b1c5c5bce798562fff41d2,7365,,,true
P05_WHITE_T_000022,P05,WHITE,T,image_000022.jpg,training/P05/WHITE/T/images/image_000022.jpg,b908d1967e19fef72c4830d90a0b82ca0dab3cce9c8c1d9c5d73677ce4dd78fd,7114,,,true
P05_WHITE_T_000023,P05,WHITE,T,image_000023.jpg,training/P05/WHITE/T/images/image_000023.jpg,351eae8c8915ef96975ab33cb9c9000895da5229f7bd4e4c5709d6ec68de247f,7117,,,true
P05_WHITE_T_000024,P05,WHITE,T,image_000024.jpg,training/P05/WHITE/T/images/image_000024.jpg,ed9069d77fef86ad33a09b7e3b72d4c750d8379d5bab5a61ce4f9ce8de11e578,7608,,,true
P05_WHITE_T_000025,P05,WHITE,T,image_000025.jpg,training/P05/WHITE/T/images/image_000025.jpg,0100c2f6700bee4627e8eb283a6334a5a676efe0907dad69121f9bd837bafd6b,6813,,,true
P05_WHITE_U_000001,P05,WHITE,U,image_000001.jpg,training/P05/WHITE/U/images/image_000001.jpg,0d7b3abcc6fa2e615aedf701d627814c2f90bd59d861cbcef8c3cf97c61b557f,8582,,,true
P05_WHITE_U_000002,P05,WHITE,U,image_000002.jpg,training/P05/WHITE/U/images/image_000002.jpg,9455c49ec6f54820f8eaf3f7b67e9b43e02523599efe1319188ab961bd720eeb,7337,,,true
P05_WHITE_U_000003,P05,WHITE,U,image_000003.jpg,training/P05/WHITE/U/images/image_000003.jpg,918a7ad7276e66ae585b6c0432f7cf28238fad5021c44239dc53053db6a19c17,8134,,,true
P05_WHITE_U_000004,P05,WHITE,U,image_000004.jpg,training/P05/WHITE/U/images/image_000004.jpg,ec9f9844f6c396b95552b8bc75c4c9eda9a78bd57bb9176e1dadc76d970993bc,7706,,,true
P05_WHITE_U_000005,P05,WHITE,U,image_000005.jpg,training/P05/WHITE/U/images/image_000005.jpg,3f634068dab12b0e16f49a2c5768c0589b586c5b6187f98b03c680e3de77d4a3,8313,,,true
P05_WHITE_U_000006,P05,WHITE,U,image_000006.jpg,training/P05/WHITE/U/images/image_000006.jpg,fd6dcdce2b3add7751d0b8e300c94e30c28b2b5bf57811c8beb7688beac8c9a5,7865,,,true
P05_WHITE_U_000007,P05,WHITE,U,image_000007.jpg,training/P05/WHITE/U/images/image_000007.jpg,94b123f8d98e473ed77dd8bb49dcdaea9c51f189f70885486ce6e6535c6c55e1,8352,,,true
P05_WHITE_U_000008,P05,WHITE,U,image_000008.jpg,training/P05/WHITE/U/images/image_000008.jpg,a250693dd9ddd8b78f16509ff734818a7e16a766557505cf36f69bbe1ef18090,7856,,,true
P05_WHITE_U_000009,P05,WHITE,U,image_000009.jpg,training/P05/WHITE/U/images/image_000009.jpg,9856adb44e946de5dedde900f04fe6ad2cc4bfd300de3655897f852a68e53827,6219,,,true
P05_WHITE_U_000010,P05,WHITE,U,image_000010.jpg,training/P05/WHITE/U/images/image_000010.jpg,dd4a042f905175825b24647cc2ad1e2afc80defa24919c4fdf8c9a1a90d0113f,5614,,,true
P05_WHITE_U_000011,P05,WHITE,U,image_000011.jpg,training/P05/WHITE/U/images/image_000011.jpg,627b99f0097eb74bb779817107cc5ae5c6d224909292059bfb7a10d2943b2f9f,7936,,,true
P05_WHITE_U_000012,P05,WHITE,U,image_000012.jpg,training/P05/WHITE/U/images/image_000012.jpg,a529d6d18f9716f5bf21efc76519aa015b3944f045d7dfad2d819f0b69632555,7336,,,true
P05_WHITE_U_000013,P05,WHITE,U,image_000013.jpg,training/P05/WHITE/U/images/image_000013.jpg,5da816533d24c492368075c58a603f93890a3fc8305b47db0462493c01fafe78,7278,,,true
P05_WHITE_U_000014,P05,WHITE,U,image_000014.jpg,training/P05/WHITE/U/images/image_000014.jpg,b0dc78b018b766bf67f2e58294181d3559ade1057dbb6884bf76233e81275017,7665,,,true
P05_WHITE_U_000015,P05,WHITE,U,image_000015.jpg,training/P05/WHITE/U/images/image_000015.jpg,e5ed2c11425ab96b3d3bd2d666542db5db099b465c08c7173f6f852a5360965c,6902,,,true
P05_WHITE_U_000016,P05,WHITE,U,image_000016.jpg,training/P05/WHITE/U/images/image_000016.jpg,c6fd1ebea48bc6f037f61c7370e47cd9aeaacbb06d70fbc1fabae5fcc268588a,7597,,,true
P05_WHITE_U_000017,P05,WHITE,U,image_000017.jpg,training/P05/WHITE/U/images/image_000017.jpg,4d80200cb8be38757c92f217131f2a7217613e3f9d948f57049aeda5cb428049,7928,,,true
P05_WHITE_U_000018,P05,WHITE,U,image_000018.jpg,training/P05/WHITE/U/images/image_000018.jpg,b7b46d8eac188a4d44b8fb0cfe14dec9fa51bd7ebb2b83650b34213739ffc340,8269,,,true
P05_WHITE_U_000019,P05,WHITE,U,image_000019.jpg,training/P05/WHITE/U/images/image_000019.jpg,d694e8e1eeb3c4ce67427cbd686c59e9767b4efbbc0cc0c7ff8686bb38bd7847,7230,,,true
P05_WHITE_U_000020,P05,WHITE,U,image_000020.jpg,training/P05/WHITE/U/images/image_000020.jpg,94bfe4c165094670b37422103ebcc7e2a8907fb063a40634039349914bc64200,7427,,,true
P05_WHITE_U_000021,P05,WHITE,U,image_000021.jpg,training/P05/WHITE/U/images/image_000021.jpg,a0d216d5dd21610d1e88b400b0e991956690bb075b4c78eb9a2352a53c6e1d2e,7168,,,true
P05_WHITE_U_000022,P05,WHITE,U,image_000022.jpg,training/P05/WHITE/U/images/image_000022.jpg,1095a0855d699458579880807f7856d0feea50685f2084844ffcbc11aa769875,6258,,,true
P05_WHITE_U_000023,P05,WHITE,U,image_000023.jpg,training/P05/WHITE/U/images/image_000023.jpg,043474153c720775a29f95e2063abe66181990fe879c0717c110bdb8db371157,6883,,,true
P05_WHITE_U_000024,P05,WHITE,U,image_000024.jpg,training/P05/WHITE/U/images/image_000024.jpg,1d5ce9ae44d96fcbc44a92fdf7bcb5b816ba6b486422393067a3d432c8abf59d,7121,,,true
P05_WHITE_U_000025,P05,WHITE,U,image_000025.jpg,training/P05/WHITE/U/images/image_000025.jpg,46ef79bf72347ee2d5ac3c3b3614fbc15e797cbb62ea082ce1cde22fd069824d,7192,,,true
P05_WHITE_V_000001,P05,WHITE,V,image_000001.jpg,training/P05/WHITE/V/images/image_000001.jpg,7d8bccf9ec698e2c4518f6e980183825259dd68292aae68eed1be6ac5ab694fc,7559,,,true
P05_WHITE_V_000002,P05,WHITE,V,image_000002.jpg,training/P05/WHITE/V/images/image_000002.jpg,2c03781a4635da097ae6fa7d74f675af67d870a783362d56aa674f58c6e99ef0,7377,,,true
P05_WHITE_V_000003,P05,WHITE,V,image_000003.jpg,training/P05/WHITE/V/images/image_000003.jpg,31915c699ab1a4b7a9e204ef8ed7e5eaa282c0f2ab88f064f89f53c04068c622,7840,,,true
P05_WHITE_V_000004,P05,WHITE,V,image_000004.jpg,training/P05/WHITE/V/images/image_000004.jpg,d910c390e05a7dc1fba0cb3f4fcafacb4e76d207d1a6ac5bfb38db46c84fabdf,6599,,,true
P05_WHITE_V_000005,P05,WHITE,V,image_000005.jpg,training/P05/WHITE/V/images/image_000005.jpg,b7345d1998fd7c7e2d807b4451c7e1b26dc87d218991b1df2ab7f853d1bded32,6803,,,true
P05_WHITE_V_000006,P05,WHITE,V,image_000006.jpg,training/P05/WHITE/V/images/image_000006.jpg,53417ef2a066e0ac8fe3f7520d530dd7c2c4493c8b0aed41113dafb7ec302775,7070,,,true
P05_WHITE_V_000007,P05,WHITE,V,image_000007.jpg,training/P05/WHITE/V/images/image_000007.jpg,5db592412006d6d2ced1d74b161ad56b0bd7d7f3ca45a551dafb0507eeb4aa6e,7630,,,true
P05_WHITE_V_000008,P05,WHITE,V,image_000008.jpg,training/P05/WHITE/V/images/image_000008.jpg,b0c0de3cc991f273c992c5c5a86a60e5eba0521abe12b5f54181481bf893b161,7539,,,true
P05_WHITE_V_000009,P05,WHITE,V,image_000009.jpg,training/P05/WHITE/V/images/image_000009.jpg,425ed1724fa75500424ae7e6d7a6d2c0b82f615c1c34c45a9e7500fe78dd335f,7588,,,true
P05_WHITE_V_000010,P05,WHITE,V,image_000010.jpg,training/P05/WHITE/V/images/image_000010.jpg,b198315f93f218aa9c4b8fd05d9ebb4297e95f60f409e1345d58151e2d1a00bb,6695,,,true
P05_WHITE_V_000011,P05,WHITE,V,image_000011.jpg,training/P05/WHITE/V/images/image_000011.jpg,7fb070bb204ca12d913d0f18e54daace7eb06a4be14448fc7d35c50083a0eb50,6700,,,true
P05_WHITE_V_000012,P05,WHITE,V,image_000012.jpg,training/P05/WHITE/V/images/image_000012.jpg,92c78799aaf59bc37ef84d338294d25b3584180434e0d1e83248476b20f81fc0,7073,,,true
P05_WHITE_V_000013,P05,WHITE,V,image_000013.jpg,training/P05/WHITE/V/images/image_000013.jpg,5f1483665a70c586bac3451e2c6e2d0bbef41c2e65c7aa80c21c1de34be2cabd,7337,,,true
P05_WHITE_V_000014,P05,WHITE,V,image_000014.jpg,training/P05/WHITE/V/images/image_000014.jpg,9753a8c6db1c2ed32d8d52983b1c5c113801893ade50f6bd55b93de24d408133,7326,,,true
P05_WHITE_V_000015,P05,WHITE,V,image_000015.jpg,training/P05/WHITE/V/images/image_000015.jpg,a765427aa885cd5e4b7e83247c38c3aa6a90499d9a29fb2f4cca6a13874fd491,7359,,,true
P05_WHITE_V_000016,P05,WHITE,V,image_000016.jpg,training/P05/WHITE/V/images/image_000016.jpg,7c511d6623f1cf3f4b9094bf911d4809225a836b7e362dea1bf7dc61cd8f4f04,7270,,,true
P05_WHITE_V_000017,P05,WHITE,V,image_000017.jpg,training/P05/WHITE/V/images/image_000017.jpg,908cac8853d9bf48c8db8df7876433104d53dae0ec23c66ef14f437fe43dbfdb,7195,,,true
P05_WHITE_V_000018,P05,WHITE,V,image_000018.jpg,training/P05/WHITE/V/images/image_000018.jpg,fe69b5c9dbeabc3e058f59a27027cd17da22b011113e0bd426db9407c4d9329e,6434,,,true
P05_WHITE_V_000019,P05,WHITE,V,image_000019.jpg,training/P05/WHITE/V/images/image_000019.jpg,e68f6e850dfb005dabd0cb494b09743e00682d3fcca8fd071e469f182afb0bf6,6590,,,true
P05_WHITE_V_000020,P05,WHITE,V,image_000020.jpg,training/P05/WHITE/V/images/image_000020.jpg,a9bb959f2a0f0456337502bdf323712e4ba3099257d1eff9ba65913e673b3056,7038,,,true
P05_WHITE_V_000021,P05,WHITE,V,image_000021.jpg,training/P05/WHITE/V/images/image_000021.jpg,3f9f2bab04f5645169c6075fa6a019cebb5f0138a565ec993d6324dda94e8d40,7095,,,true
P05_WHITE_V_000022,P05,WHITE,V,image_000022.jpg,training/P05/WHITE/V/images/image_000022.jpg,bb7ed36aaa036e7055a069540f16c302ac8b03ef44597c0847913eb93da0af42,6899,,,true
P05_WHITE_V_000023,P05,WHITE,V,image_000023.jpg,training/P05/WHITE/V/images/image_000023.jpg,66e3e6f40168c0034f8a14e5c152d2b9cc28f797273d82b019aa12a60a77d1e4,6136,,,true
P05_WHITE_V_000024,P05,WHITE,V,image_000024.jpg,training/P05/WHITE/V/images/image_000024.jpg,26d8c8b77dd72369c15008accd54bbf2982c333ff973535b07d30f1e7dda8ac7,6513,,,true
P05_WHITE_V_000025,P05,WHITE,V,image_000025.jpg,training/P05/WHITE/V/images/image_000025.jpg,4cf2d279d2b778c5ce3927edf05fb8ae900e26be4ab751cbbdc2742cff5d525e,6777,,,true
P05_WHITE_W_000001,P05,WHITE,W,image_000001.jpg,training/P05/WHITE/W/images/image_000001.jpg,5640b984b4d9d74c29a5e478e493fd2f23fc524050dacb1e9697ae82af156a27,8058,,,true
P05_WHITE_W_000002,P05,WHITE,W,image_000002.jpg,training/P05/WHITE/W/images/image_000002.jpg,405a8ddbf1c859ddce51f7be134061fbdd74d638ee9dce7df1a017fa4b134282,8438,,,true
P05_WHITE_W_000003,P05,WHITE,W,image_000003.jpg,training/P05/WHITE/W/images/image_000003.jpg,e2cc47f458feb66de2ed5f206723a805a94badee1bf6fcfcec4a1d7bdbfa1336,8221,,,true
P05_WHITE_W_000004,P05,WHITE,W,image_000004.jpg,training/P05/WHITE/W/images/image_000004.jpg,de87fbbf5d709557328275297a6ae5a616ceba03d0fef4df4401bb1eb490cdf8,9067,,,true
P05_WHITE_W_000005,P05,WHITE,W,image_000005.jpg,training/P05/WHITE/W/images/image_000005.jpg,e5709a23cd5bcd322accc90ae01c703c517fc927017f68d16bb895b9076ceaac,9465,,,true
P05_WHITE_W_000006,P05,WHITE,W,image_000006.jpg,training/P05/WHITE/W/images/image_000006.jpg,00157848588bf95636c2aa9a3fab84c1aa22f2ebc706a1d99d0d1a8080c28fb6,8181,,,true
P05_WHITE_W_000007,P05,WHITE,W,image_000007.jpg,training/P05/WHITE/W/images/image_000007.jpg,6b5452fcffc67d6f957c48addedc4e79de4cfaae62a341cd1bc60d3e9b941888,7484,,,true
P05_WHITE_W_000008,P05,WHITE,W,image_000008.jpg,training/P05/WHITE/W/images/image_000008.jpg,3940c9e01cce944320b3e8df78e6337883511433b5958da850860ac497152588,7691,,,true
P05_WHITE_W_000009,P05,WHITE,W,image_000009.jpg,training/P05/WHITE/W/images/image_000009.jpg,653d570e15ffcabe36bd48b7fc34829caa158201f680e60ca1eeb23103daecba,7755,,,true
P05_WHITE_W_000010,P05,WHITE,W,image_000010.jpg,training/P05/WHITE/W/images/image_000010.jpg,78e548b39a296b3bf94083b65f5b08a6967845ad310f2cd9561294363392cfde,7789,,,true
P05_WHITE_W_000011,P05,WHITE,W,image_000011.jpg,training/P05/WHITE/W/images/image_000011.jpg,2832a46993b34f35b0e5133e00d61d95f857b308d1e26a32c1d1ed464b272dea,7927,,,true
P05_WHITE_W_000012,P05,WHITE,W,image_000012.jpg,training/P05/WHITE/W/images/image_000012.jpg,ebe5d88e99605005d1516631f09cc21163835a7c6146cda1a7f82158da9375ed,8348,,,true
P05_WHITE_W_000013,P05,WHITE,W,image_000013.jpg,training/P05/WHITE/W/images/image_000013.jpg,7cbdcc85095bef074e6825686b7f24937284cb549fd6c5ca2637f84d17ce6501,8218,,,true
P05_WHITE_W_000014,P05,WHITE,W,image_000014.jpg,training/P05/WHITE/W/images/image_000014.jpg,991bde51309c6c4107413ea80a39a2cf0dfb0982f8515edf8e75c8b2f652da99,8715,,,true
P05_WHITE_W_000015,P05,WHITE,W,image_000015.jpg,training/P05/WHITE/W/images/image_000015.jpg,73fcd8878b79925c20f0cc45b8ea2d5f6e3687e99db470cb304314f268d90228,8598,,,true
P05_WHITE_W_000016,P05,WHITE,W,image_000016.jpg,training/P05/WHITE/W/images/image_000016.jpg,7ec47fb2c7b5fa4c39b1a17ebb39815381c589de5ea38cfb7bb3da315d9f288a,7623,,,true
P05_WHITE_W_000017,P05,WHITE,W,image_000017.jpg,training/P05/WHITE/W/images/image_000017.jpg,19fce0c1af34c5077735c99951d5dcf5b373e32eb62b9b1c66a8c085b10d02c4,7960,,,true
P05_WHITE_W_000018,P05,WHITE,W,image_000018.jpg,training/P05/WHITE/W/images/image_000018.jpg,299db0d57b3f6289c885fa04e6b40c1dd785332bf086f6180275390096da7024,8302,,,true
P05_WHITE_W_000019,P05,WHITE,W,image_000019.jpg,training/P05/WHITE/W/images/image_000019.jpg,e08c294c1da380e5f2dc57d6d865ff326d52d043c7d4c59917a5fa0fd7e0fac9,8700,,,true
P05_WHITE_W_000020,P05,WHITE,W,image_000020.jpg,training/P05/WHITE/W/images/image_000020.jpg,14f993557cab120d0b5dad6050075cc84a5abdf03847319790667bf559f058f7,9113,,,true
P05_WHITE_W_000021,P05,WHITE,W,image_000021.jpg,training/P05/WHITE/W/images/image_000021.jpg,ac862ff91ba5f2df9e207e89391d68499e0b2e759a87ff92415468a90b6f3b77,8243,,,true
P05_WHITE_W_000022,P05,WHITE,W,image_000022.jpg,training/P05/WHITE/W/images/image_000022.jpg,6a87e7b2f1479eb805f59edd44a9e8fe42c09baab509c4fe532a2ab2372e2279,8706,,,true
P05_WHITE_W_000023,P05,WHITE,W,image_000023.jpg,training/P05/WHITE/W/images/image_000023.jpg,3b23a88b475e8c3c65f4239f7d40f3db4a4bb5e784374ef98244da689848010b,7446,,,true
P05_WHITE_W_000024,P05,WHITE,W,image_000024.jpg,training/P05/WHITE/W/images/image_000024.jpg,3b04873a27422a31793e39804f4db3b8c23a8e2cb93160a974a5e88f4a30d26d,7473,,,true
P05_WHITE_W_000025,P05,WHITE,W,image_000025.jpg,training/P05/WHITE/W/images/image_000025.jpg,ca4a3d8e70d6381dfe85ca3e50a300db9d363aabf256c74d9c465b511e00b20c,8183,,,true
P05_WHITE_Y_000001,P05,WHITE,Y,image_000001.jpg,training/P05/WHITE/Y/images/image_000001.jpg,a798d02e7ab709a072f845c33cda59021b6fbf02ec5b688458ee95356ca98778,6643,,,true
P05_WHITE_Y_000002,P05,WHITE,Y,image_000002.jpg,training/P05/WHITE/Y/images/image_000002.jpg,30ad7f8f111969b182798d71fbbaf5b3961e9cb5dd3f40b4defb060283170b2c,6940,,,true
P05_WHITE_Y_000003,P05,WHITE,Y,image_000003.jpg,training/P05/WHITE/Y/images/image_000003.jpg,e43add3c8b952211d569d33c99850f10aaac6e3d5e64b5972315e014e3876105,7553,,,true
P05_WHITE_Y_000004,P05,WHITE,Y,image_000004.jpg,training/P05/WHITE/Y/images/image_000004.jpg,e52f1f819b5ca5e06d01e295fa36b18b356cef65e28d3dee6f61e3acf3703894,7345,,,true
P05_WHITE_Y_000005,P05,WHITE,Y,image_000005.jpg,training/P05/WHITE/Y/images/image_000005.jpg,77c63f2a6b6cd0b2bd7ed8c947268f57b6f4bbdae3a262ef6b0e1ace14fdc5e0,7501,,,true
P05_WHITE_Y_000006,P05,WHITE,Y,image_000006.jpg,training/P05/WHITE/Y/images/image_000006.jpg,bf5ba84556c696f1c42c20584a6622fd545ee1322836c748141da22da50247d1,8103,,,true
P05_WHITE_Y_000007,P05,WHITE,Y,image_000007.jpg,training/P05/WHITE/Y/images/image_000007.jpg,ec827446f5dfc699201ac0fc5c5463d7bc709827f25fc1d0dc07ac5d305e7382,7192,,,true
P05_WHITE_Y_000008,P05,WHITE,Y,image_000008.jpg,training/P05/WHITE/Y/images/image_000008.jpg,acf55981a58e101913dd8385f21ec484df1e291a2da7cfb483deac202b4545a0,7730,,,true
P05_WHITE_Y_000009,P05,WHITE,Y,image_000009.jpg,training/P05/WHITE/Y/images/image_000009.jpg,1709d921af990dcfad257d22b87c18c2275cfabdb1d93e77442f3db08452edbc,6313,,,true
P05_WHITE_Y_000010,P05,WHITE,Y,image_000010.jpg,training/P05/WHITE/Y/images/image_000010.jpg,08a88e4a4b384676f11c6c5624d3252e41a0aba2f674239df255be5026a01a3f,7357,,,true
P05_WHITE_Y_000011,P05,WHITE,Y,image_000011.jpg,training/P05/WHITE/Y/images/image_000011.jpg,e124a9bf90a26f69b89a537bfa933ede421ab701ab524469535cd3b0c8aee339,6660,,,true
P05_WHITE_Y_000012,P05,WHITE,Y,image_000012.jpg,training/P05/WHITE/Y/images/image_000012.jpg,e1c51004ea8326397208a7cf01707137fff8194cc9efee3ca896fefb4883906d,6967,,,true
P05_WHITE_Y_000013,P05,WHITE,Y,image_000013.jpg,training/P05/WHITE/Y/images/image_000013.jpg,6d26228788979311f3db167a17648ca2a27790208c8be4a644e9854fe42b214c,6830,,,true
P05_WHITE_Y_000014,P05,WHITE,Y,image_000014.jpg,training/P05/WHITE/Y/images/image_000014.jpg,50be0078f9fe2bb24d07b82c7c98666818d254f906bf96e581180357e11115eb,6844,,,true
P05_WHITE_Y_000015,P05,WHITE,Y,image_000015.jpg,training/P05/WHITE/Y/images/image_000015.jpg,5b838d4c006e28b05211951458e2ead9cf025445ff9d064b32d94e397bbd5d39,7342,,,true
P05_WHITE_Y_000016,P05,WHITE,Y,image_000016.jpg,training/P05/WHITE/Y/images/image_000016.jpg,6315c34422a717ca5abf8735b4c023265044cc35f69cbe47e6f397993a797a41,6736,,,true
P05_WHITE_Y_000017,P05,WHITE,Y,image_000017.jpg,training/P05/WHITE/Y/images/image_000017.jpg,e3b65fc0005f36521809fc21cf94c80d96f5653b6e2ee2883575144ba6165ff2,6993,,,true
P05_WHITE_Y_000018,P05,WHITE,Y,image_000018.jpg,training/P05/WHITE/Y/images/image_000018.jpg,45c9c6189f7e17e00101c1475491cad1773d18040446e40f9c1c01fcb6e66bab,7555,,,true
P05_WHITE_Y_000019,P05,WHITE,Y,image_000019.jpg,training/P05/WHITE/Y/images/image_000019.jpg,a2559a2b05bd8df3532ad86554374c7ae3f5e9e1386395b4b49d3efed2655c4a,5895,,,true
P05_WHITE_Y_000020,P05,WHITE,Y,image_000020.jpg,training/P05/WHITE/Y/images/image_000020.jpg,f8a4288f1ae3197e6f49d68b76d7a23fcf3792c7e1a0ca8218ddcd4ce6b59456,6414,,,true
P05_WHITE_Y_000021,P05,WHITE,Y,image_000021.jpg,training/P05/WHITE/Y/images/image_000021.jpg,3314df17b415e3e218b5e6ac0ef23a7c7f69785b31d8d91d2ad25ba520654a1b,6918,,,true
P05_WHITE_Y_000022,P05,WHITE,Y,image_000022.jpg,training/P05/WHITE/Y/images/image_000022.jpg,f5aa914262e80d6bdedb32bc1bf76fbfee17168cf7f610d4b8b5f4e7e672061a,6445,,,true
P05_WHITE_Y_000023,P05,WHITE,Y,image_000023.jpg,training/P05/WHITE/Y/images/image_000023.jpg,aec6755ebeca0d75b5ae79e1e0bc3339319c4d971aff113f0a9a6d6128795e94,6970,,,true
P05_WHITE_Y_000024,P05,WHITE,Y,image_000024.jpg,training/P05/WHITE/Y/images/image_000024.jpg,26eb041125f66725e74514ef0baf023ab9737cd64341d6710d3ce78a3e96677f,6390,,,true
P05_WHITE_Y_000025,P05,WHITE,Y,image_000025.jpg,training/P05/WHITE/Y/images/image_000025.jpg,ee2227f7386ab93ea8c03b01c2b34dace6caee9a8a3c9771b8582e70e32dc539,7314,,,true
