image_id,public_subject_id,background,gesture_id,filename,relative_path,sha256,size_bytes,width,height,input_is_mirrored
P01_BLACK_A_000001,P01,BLACK,A,image_000001.jpg,training/P01/BLACK/A/images/image_000001.jpg,f5c4e1e9f4ab44d48953b819653af5ffa854c94da64bdfea9c72b5368699a785,8933,,,true
P01_BLACK_A_000002,P01,BLACK,A,image_000002.jpg,training/P01/BLACK/A/images/image_000002.jpg,03be64312c2729c61da83948b6956e12410e9cf5387cf953be683654554ff249,8597,,,true
P01_BLACK_A_000003,P01,BLACK,A,image_000003.jpg,training/P01/BLACK/A/images/image_000003.jpg,693e366d931eac8222607347bc5fb7dfdef078358e0b27afe334151e3007f2b6,8625,,,true
P01_BLACK_A_000004,P01,BLACK,A,image_000004.jpg,training/P01/BLACK/A/images/image_000004.jpg,a599acdb10d26cac19927a33b8e27611f4940326c77899562b54cae53dda15f7,8629,,,true
P01_BLACK_A_000005,P01,BLACK,A,image_000005.jpg,training/P01/BLACK/A/images/image_000005.jpg,bdd3d11f059b8f1facf80e1dc3913ffa66310dcf5a03a40c8c692404d6418d1d,8594,,,true
P01_BLACK_A_000006,P01,BLACK,A,image_000006.jpg,training/P01/BLACK/A/images/image_000006.jpg,7b0853dcf7c65bb007a734fba449e486b42230f99b7438354095973a92563ca9,8552,,,true
P01_BLACK_A_000007,P01,BLACK,A,image_000007.jpg,training/P01/BLACK/A/images/image_000007.jpg,0a8acc07cbe280ac30011a4c4cac880d34bbcfbdf75367326f3dd56d7b9ac54d,8676,,,true
P01_BLACK_A_000008,P01,BLACK,A,image_000008.jpg,training/P01/BLACK/A/images/image_000008.jpg,c2c3536c24e4488ecbd2028fc891e17e224b84bd8db1b9b2e435a783acad8bd0,8621,,,true
P01_BLACK_A_000009,P01,BLACK,A,image_000009.jpg,training/P01/BLACK/A/images/image_000009.jpg,1a90b11f319e8dc35c87d6887e7f36afec8123032f7a39bee13eb138206deeba,8790,,,true
P01_BLACK_A_000010,P01,BLACK,A,image_000010.jpg,training/P01/BLACK/A/images/image_000010.jpg,e93c9f75e9119f1d3ddbf59736b306176a3446bb5aa9c762d12944f425cf4018,8895,,,true
P01_BLACK_A_000011,P01,BLACK,A,image_000011.jpg,training/P01/BLACK/A/images/image_000011.jpg,d5c977d97e31a1240617e985312998f75b9d12f42d2e6453e7e0f5392e3e3bbd,8683,,,true
P01_BLACK_A_000012,P01,BLACK,A,image_000012.jpg,training/P01/BLACK/A/images/image_000012.jpg,0e2fb0d27682f94dfbbcd69a597847e6e75c1a3476fe415e6d90e3ca48a82b09,8968,,,true
P01_BLACK_A_000013,P01,BLACK,A,image_000013.jpg,training/P01/BLACK/A/images/image_000013.jpg,0ca39dbc6655909a61ce32fc01a0ee709fc027cf32a2fa6f9d0c295eb5178406,9074,,,true
P01_BLACK_A_000014,P01,BLACK,A,image_000014.jpg,training/P01/BLACK/A/images/image_000014.jpg,d7d357a876b1a94d2802c6a8473c3a767ed5625ab5bb71ec68a5ec57392a6666,9146,,,true
P01_BLACK_A_000015,P01,BLACK,A,image_000015.jpg,training/P01/BLACK/A/images/image_000015.jpg,d47240ec903458bb99413a2ed541e5b430ebf081dc68739ff2f5e09a36c33167,9077,,,true
P01_BLACK_A_000016,P01,BLACK,A,image_000016.jpg,training/P01/BLACK/A/images/image_000016.jpg,f0e46d6dc39db309fdaf66c2aa7cf448d062005691f7ccf6c95fc868acb0a75a,9163,,,true
P01_BLACK_A_000017,P01,BLACK,A,image_000017.jpg,training/P01/BLACK/A/images/image_000017.jpg,b54f04cc6dc7f66ccfb3aabed29e8e3d111f657385f18157ecc5470c41ae93a3,9221,,,true
P01_BLACK_A_000018,P01,BLACK,A,image_000018.jpg,training/P01/BLACK/A/images/image_000018.jpg,4238c55a57b4b2c115bc823151c39190e6594ef7daaf76a5c14c5802fa668c9b,9364,,,true
P01_BLACK_A_000019,P01,BLACK,A,image_000019.jpg,training/P01/BLACK/A/images/image_000019.jpg,2eaae1d120968eab493550758c20779eab789306c051f27caf0c3cf96472096b,9139,,,true
P01_BLACK_A_000020,P01,BLACK,A,image_000020.jpg,training/P01/BLACK/A/images/image_000020.jpg,b14e7c7a259009752acdbbaac9a85f7ba99eeaf9502654057d6fb0e81caf7c44,8625,,,true
P01_BLACK_A_000021,P01,BLACK,A,image_000021.jpg,training/P01/BLACK/A/images/image_000021.jpg,ab3f98ae33ccf54cf123f1d5cc274e607a87982d5155a74274f7de568371918e,8707,,,true
P01_BLACK_A_000022,P01,BLACK,A,image_000022.jpg,training/P01/BLACK/A/images/image_000022.jpg,71b86d69db9c00cd1987f0f7c8f98e3bd4c5c8060dcce789bdbd6a19235a8109,8789,,,true
P01_BLACK_A_000023,P01,BLACK,A,image_000023.jpg,training/P01/BLACK/A/images/image_000023.jpg,f4f4726d48e7b065957648eb360dafe700ec47531c6205fdb31923e01e96cbbb,8911,,,true
P01_BLACK_A_000024,P01,BLACK,A,image_000024.jpg,training/P01/BLACK/A/images/image_000024.jpg,a1d4c5902a20aee48cab11a9b95fb44c87d0aceb06942d5dad4351e375940f8e,8837,,,true
P01_BLACK_A_000025,P01,BLACK,A,image_000025.jpg,training/P01/BLACK/A/images/image_000025.jpg,bcdb11b1f0ed91a9bd4df632e30ebeb796c4f5b063aeef6dfd2f0b9e237b18d4,8917,,,true
P01_BLACK_B_000001,P01,BLACK,B,image_000001.jpg,training/P01/BLACK/B/images/image_000001.jpg,affcde7eb7a1b9f8e3fc1033f3c5e01c1bb129aa6be2018f428d256b45be3c8a,7375,,,true
P01_BLACK_B_000002,P01,BLACK,B,image_000002.jpg,training/P01/BLACK/B/images/image_000002.jpg,8b75872eb83016ed84f7cc3c262610521aa4705f218dcd3dcc9b8fa1203b5dcd,7353,,,true
P01_BLACK_B_000003,P01,BLACK,B,image_000003.jpg,training/P01/BLACK/B/images/image_000003.jpg,ca6f1c2f7760493c2a1ea447f9b25b6b1ffbb3294f38fa2ddea6cc8cf9c0afd1,7458,,,true
P01_BLACK_B_000004,P01,BLACK,B,image_000004.jpg,training/P01/BLACK/B/images/image_000004.jpg,21918586556d3a722cc60bd0681437b7430b178e6e91163ef7402dc205f1c12b,7992,,,true
P01_BLACK_B_000005,P01,BLACK,B,image_000005.jpg,training/P01/BLACK/B/images/image_000005.jpg,0ab21815b5ab923486acd2e1cf8a6bda442761a50023fe05d71ddc750743af15,8528,,,true
P01_BLACK_B_000006,P01,BLACK,B,image_000006.jpg,training/P01/BLACK/B/images/image_000006.jpg,c67d3c8770c4f85c652e9b3201fd71906fb8d524fd91f8007634fabbfb924271,8170,,,true
P01_BLACK_B_000007,P01,BLACK,B,image_000007.jpg,training/P01/BLACK/B/images/image_000007.jpg,579bd730c091a3ca37b3e737118bb43570fb6c748fa50cb7b14ed918f21a1350,7953,,,true
P01_BLACK_B_000008,P01,BLACK,B,image_000008.jpg,training/P01/BLACK/B/images/image_000008.jpg,6d06824fb7c3ef03afa81d4386149e721f6971fb04c6221b09ea58c21e8f6478,7734,,,true
P01_BLACK_B_000009,P01,BLACK,B,image_000009.jpg,training/P01/BLACK/B/images/image_000009.jpg,d45f1f9fc834f0c2cf5d2b5cc5bd7885938aee1c5959de9d01fbf88420f7308e,8114,,,true
P01_BLACK_B_000010,P01,BLACK,B,image_000010.jpg,training/P01/BLACK/B/images/image_000010.jpg,12a9bb926d39d8af89afe04607560657519df4bb1753b7186f5873111175f665,8533,,,true
P01_BLACK_B_000011,P01,BLACK,B,image_000011.jpg,training/P01/BLACK/B/images/image_000011.jpg,c1cf2e5a24ebc1de68f290b0c8e78916560c81643859dee965c1d32387ed30e1,8836,,,true
P01_BLACK_B_000012,P01,BLACK,B,image_000012.jpg,training/P01/BLACK/B/images/image_000012.jpg,c71b22c68a89bdf494128d3113be10b277f551085c999d5784760f77626a4a57,9037,,,true
P01_BLACK_B_000013,P01,BLACK,B,image_000013.jpg,training/P01/BLACK/B/images/image_000013.jpg,6d0fc51377d8efc20d424951b6f25809dd655b6ff81dc4b71f1958839ff6a0c3,7820,,,true
P01_BLACK_B_000014,P01,BLACK,B,image_000014.jpg,training/P01/BLACK/B/images/image_000014.jpg,45dee27262b982a8aac7919c26872e5be1fee3d5af70e26c9993ba21222b4472,7562,,,true
P01_BLACK_B_000015,P01,BLACK,B,image_000015.jpg,training/P01/BLACK/B/images/image_000015.jpg,9581082894366a63d0174dbbb799b4ca5eb90fb095a6667cd2991d1881698dee,8417,,,true
P01_BLACK_B_000016,P01,BLACK,B,image_000016.jpg,training/P01/BLACK/B/images/image_000016.jpg,fd322906adb525576e261fe123ca5db705da8cd763a81e2168b96673b5ba6154,9149,,,true
P01_BLACK_B_000017,P01,BLACK,B,image_000017.jpg,training/P01/BLACK/B/images/image_000017.jpg,45489574f218c3ff74c0d983607db29ed58fc31f35e0fa8e8738dca3f5fb7a93,8574,,,true
P01_BLACK_B_000018,P01,BLACK,B,image_000018.jpg,training/P01/BLACK/B/images/image_000018.jpg,e43dd77a7ba5e6bf0f305e2d0f437069f8baf268a2c1fc97e5d7b01b2670c05f,8476,,,true
P01_BLACK_B_000019,P01,BLACK,B,image_000019.jpg,training/P01/BLACK/B/images/image_000019.jpg,adf7d4259ae3e76ba3d0889ebe8c4e8471679d4da1a110829040c26b7a1a5547,7907,,,true
P01_BLACK_B_000020,P01,BLACK,B,image_000020.jpg,training/P01/BLACK/B/images/image_000020.jpg,10e2c3996dd89207b37654677f1c3e43e0d0ca6fad93babe2916be55e06a2bc5,8106,,,true
P01_BLACK_B_000021,P01,BLACK,B,image_000021.jpg,training/P01/BLACK/B/images/image_000021.jpg,355f3f7a8c9e2aec2d4aa54020a6a19a760535b4bdf26de3c3f9bf60e745468e,9150,,,true
P01_BLACK_B_000022,P01,BLACK,B,image_000022.jpg,training/P01/BLACK/B/images/image_000022.jpg,c002afec9f50014dceecafd78e0485d2819d1e9c3dae33be807c8a5e0f510de2,9064,,,true
P01_BLACK_B_000023,P01,BLACK,B,image_000023.jpg,training/P01/BLACK/B/images/image_000023.jpg,4b80bfb5b2de4a16eee2e3bc5b19ca80d3061aff2b444dcd0d9de0ea63dd9cfe,8873,,,true
P01_BLACK_B_000024,P01,BLACK,B,image_000024.jpg,training/P01/BLACK/B/images/image_000024.jpg,b43043eaaab7ac7dab9274a28fbbfebd86190fa57881d117271d23de461ca9b6,9393,,,true
P01_BLACK_B_000025,P01,BLACK,B,image_000025.jpg,training/P01/BLACK/B/images/image_000025.jpg,0fbe3de5621c680364dbd764b619523ac68ef0a51e7b96a4dfc74440851d0b17,9134,,,true
P01_BLACK_C_000001,P01,BLACK,C,image_000001.jpg,training/P01/BLACK/C/images/image_000001.jpg,82316a8273a6317f723cacfc084680263382686da62fa25ae0131fde04ef312a,9125,,,true
P01_BLACK_C_000002,P01,BLACK,C,image_000002.jpg,training/P01/BLACK/C/images/image_000002.jpg,4d83f016d007c2f5af72ed5c95265d9ca75a3fcbfe5f010fe6ec17e2726984a8,9679,,,true
P01_BLACK_C_000003,P01,BLACK,C,image_000003.jpg,training/P01/BLACK/C/images/image_000003.jpg,8965c136c2f1b5e1f9b3855c6340af6108953cb44acdac831dfdc236a36f2f0d,9404,,,true
P01_BLACK_C_000004,P01,BLACK,C,image_000004.jpg,training/P01/BLACK/C/images/image_000004.jpg,0c453bf42f1b9eb221581f0265a7093d20159e1d8f9ade139fd34a84e73d3315,9571,,,true
P01_BLACK_C_000005,P01,BLACK,C,image_000005.jpg,training/P01/BLACK/C/images/image_000005.jpg,1840bb97fa17d4d1371c1bfaf86ee527ad145e0a10b3c42cfce0c00dbb5f6c9e,9585,,,true
P01_BLACK_C_000006,P01,BLACK,C,image_000006.jpg,training/P01/BLACK/C/images/image_000006.jpg,2c63263e685f9da008a53a08972227a1f52f214288a2a3e10d8c0715adf8c84a,9576,,,true
P01_BLACK_C_000007,P01,BLACK,C,image_000007.jpg,training/P01/BLACK/C/images/image_000007.jpg,947b68b5a8d070657b66d2ca3c259d1f5fc18e1abedc13fb14ff7853f438c9a1,9472,,,true
P01_BLACK_C_000008,P01,BLACK,C,image_000008.jpg,training/P01/BLACK/C/images/image_000008.jpg,9d51469e3e456bc997b813a4290cc7b76953ba0cfab7b56e88fa140ca76b5e4c,9359,,,true
P01_BLACK_C_000009,P01,BLACK,C,image_000009.jpg,training/P01/BLACK/C/images/image_000009.jpg,1aad302644dac2f0601dd47def05e3fe6c970341fb8d0cbd5bffa87687943450,9276,,,true
P01_BLACK_C_000010,P01,BLACK,C,image_000010.jpg,training/P01/BLACK/C/images/image_000010.jpg,a05ef880767a3ef579d03b32a786f0cd727c9703f3e8044ee2c32eb98ca60540,9476,,,true
P01_BLACK_C_000011,P01,BLACK,C,image_000011.jpg,training/P01/BLACK/C/images/image_000011.jpg,0e7c5d9dc26de779baecaae99cde1913a68eecd502d98df80f73b17f0c442da5,9075,,,true
P01_BLACK_C_000012,P01,BLACK,C,image_000012.jpg,training/P01/BLACK/C/images/image_000012.jpg,8bb0eb70ea25f1a4d307694316c7cde17499e8081d2aab549d36ccef117449ac,9329,,,true
P01_BLACK_C_000013,P01,BLACK,C,image_000013.jpg,training/P01/BLACK/C/images/image_000013.jpg,8597a479cf91e33cfbacb93057d9d763ca857b784b3a67672f84cf192a522bf5,9640,,,true
P01_BLACK_C_000014,P01,BLACK,C,image_000014.jpg,training/P01/BLACK/C/images/image_000014.jpg,346acad55078b9f8e809a2cc5dc5a9de6168331db804cd120beeee79f20b4af6,9953,,,true
P01_BLACK_C_000015,P01,BLACK,C,image_000015.jpg,training/P01/BLACK/C/images/image_000015.jpg,d5f510ac0ea08c99c6f7784ece04cd22ae3167b788c90a801be7c0827cd1f9e5,9481,,,true
P01_BLACK_C_000016,P01,BLACK,C,image_000016.jpg,training/P01/BLACK/C/images/image_000016.jpg,ee2cb8195fd4075903d7a2697033190e7c4e5f04fdfc5708cbbff9f0b551b666,9609,,,true
P01_BLACK_C_000017,P01,BLACK,C,image_000017.jpg,training/P01/BLACK/C/images/image_000017.jpg,40a537ae05163ebd45ba5f66cb6f1d26df4e3685d7062a390b3679c2cc2ce781,9749,,,true
P01_BLACK_C_000018,P01,BLACK,C,image_000018.jpg,training/P01/BLACK/C/images/image_000018.jpg,95502116a8fd2bd585b06e82b695d9454a4003453fe7ce17664e10c8a406e82b,9646,,,true
P01_BLACK_C_000019,P01,BLACK,C,image_000019.jpg,training/P01/BLACK/C/images/image_000019.jpg,09332359242f5b6659e5bd27fae70e536780fad3a4e0ea698523b5a2f8fd373d,9958,,,true
P01_BLACK_C_000020,P01,BLACK,C,image_000020.jpg,training/P01/BLACK/C/images/image_000020.jpg,cd19076b50257e2cd238f129042a3284847edd516c6a6c7c836dfa4c2fd3caf3,9852,,,true
P01_BLACK_C_000021,P01,BLACK,C,image_000021.jpg,training/P01/BLACK/C/images/image_000021.jpg,92256e949a98c10733ec1034c801ac18798f1ea4b3df3c6267c9855673d5a002,9620,,,true
P01_BLACK_C_000022,P01,BLACK,C,image_000022.jpg,training/P01/BLACK/C/images/image_000022.jpg,b5622e05e9e5491d81af2843711963860ee7a39396471df23a9cbb1bd2758f51,9531,,,true
P01_BLACK_C_000023,P01,BLACK,C,image_000023.jpg,training/P01/BLACK/C/images/image_000023.jpg,b4664ff712d4f2e6376f6f078f55b5dd808eb04dbe061e77f6726d54b4f9a867,9392,,,true
P01_BLACK_C_000024,P01,BLACK,C,image_000024.jpg,training/P01/BLACK/C/images/image_000024.jpg,9f7e7d66c69c14ae0bddcead56ab8c47b2d798470ca256b31a5701c055325109,9549,,,true
P01_BLACK_C_000025,P01,BLACK,C,image_000025.jpg,training/P01/BLACK/C/images/image_000025.jpg,b12c00f716d9ac4ca9240cbbde5f349888e646cd4bb5f324d54f33ec4c91b169,9700,,,true
P01_BLACK_E_000001,P01,BLACK,E,image_000001.jpg,training/P01/BLACK/E/images/image_000001.jpg,b8820e8757b4f412980b2f820a686408be2c1a7eee4db71795de95a87618716d,8470,,,true
P01_BLACK_E_000002,P01,BLACK,E,image_000002.jpg,training/P01/BLACK/E/images/image_000002.jpg,35a8c3e75f6558c500f43f7bec060476b00b18a477a64311a11d2de65716bcaf,8423,,,true
P01_BLACK_E_000003,P01,BLACK,E,image_000003.jpg,training/P01/BLACK/E/images/image_000003.jpg,acf50a9c889a3fe215d59733f934d3f86b44e96c709ec5de65d6f369962fbb81,8393,,,true
P01_BLACK_E_000004,P01,BLACK,E,image_000004.jpg,training/P01/BLACK/E/images/image_000004.jpg,3a1018c60b33b7d33c8f362fa98566df43af4eeb4f46c57e15fef5f993e2829d,8356,,,true
P01_BLACK_E_000005,P01,BLACK,E,image_000005.jpg,training/P01/BLACK/E/images/image_000005.jpg,0026b13b69796df7038d851e1ac91854433569b733006f191e3695c36341a978,8879,,,true
P01_BLACK_E_000006,P01,BLACK,E,image_000006.jpg,training/P01/BLACK/E/images/image_000006.jpg,f15122379069f7d668b27ad54c96e3467de79881d522666639ecbf0b1902a749,8862,,,true
P01_BLACK_E_000007,P01,BLACK,E,image_000007.jpg,training/P01/BLACK/E/images/image_000007.jpg,221a30da69a2296a46252d5fe45e6c1e6bcafb79e4626eb8eb8b25db9e0e67b2,9032,,,true
P01_BLACK_E_000008,P01,BLACK,E,image_000008.jpg,training/P01/BLACK/E/images/image_000008.jpg,ba90c5e9e8de90d861e932ea6aba76d323ed1d243212258a96a0beb46bbf10b7,8807,,,true
P01_BLACK_E_000009,P01,BLACK,E,image_000009.jpg,training/P01/BLACK/E/images/image_000009.jpg,41c9e03dc358ecd44084bb00febde23f84ff19d2fceebf1136b5f538f6f255e3,8884,,,true
P01_BLACK_E_000010,P01,BLACK,E,image_000010.jpg,training/P01/BLACK/E/images/image_000010.jpg,16a93b23c6b4b00f2bdbef270af48584598be2c8dd530e3f0d9dd3b375c27587,9099,,,true
P01_BLACK_E_000011,P01,BLACK,E,image_000011.jpg,training/P01/BLACK/E/images/image_000011.jpg,d26693c919eeca08c70e3b160e310e8511719591e1a23fcbc51ec96f83cc5f47,8792,,,true
P01_BLACK_E_000012,P01,BLACK,E,image_000012.jpg,training/P01/BLACK/E/images/image_000012.jpg,cb27d52a2bb6b91b2e43d0db44f56908f36fe2a0e66ec378e958fdfabd1b373d,8703,,,true
P01_BLACK_E_000013,P01,BLACK,E,image_000013.jpg,training/P01/BLACK/E/images/image_000013.jpg,bb6ea2347d637c5af7d7b9a439ace1d3d1be7bcc601a08bd5652cd73cf4a2981,8891,,,true
P01_BLACK_E_000014,P01,BLACK,E,image_000014.jpg,training/P01/BLACK/E/images/image_000014.jpg,7302455b6e312ad4d1446e0b7859ca045c238e91f3b8a564b7210d424ad9e5f5,9011,,,true
P01_BLACK_E_000015,P01,BLACK,E,image_000015.jpg,training/P01/BLACK/E/images/image_000015.jpg,b38b63f8f9fa9eee00b8d6a24c4dc092dcff7b4704d7a1800a3ac2c8ed39c5be,9041,,,true
P01_BLACK_E_000016,P01,BLACK,E,image_000016.jpg,training/P01/BLACK/E/images/image_000016.jpg,7b791c0eb7d57fbb462794225acd9c39f08b51121dbf9dc90a3e6d55f35919bf,8954,,,true
P01_BLACK_E_000017,P01,BLACK,E,image_000017.jpg,training/P01/BLACK/E/images/image_000017.jpg,c77ed050e0ee259ef1b9b33ab39d5dc6f6769d2390423cdb5016772cb7dc7c2f,8962,,,true
P01_BLACK_E_000018,P01,BLACK,E,image_000018.jpg,training/P01/BLACK/E/images/image_000018.jpg,99292a7460a3b48db5a5db29bcf57e71c246d03b420d234b784fa82f0f924a94,8758,,,true
P01_BLACK_E_000019,P01,BLACK,E,image_000019.jpg,training/P01/BLACK/E/images/image_000019.jpg,a1cbdaa80f94781247a45d2575148be11dd4f59db6612c1ee8a83c29e3f0ad25,8983,,,true
P01_BLACK_E_000020,P01,BLACK,E,image_000020.jpg,training/P01/BLACK/E/images/image_000020.jpg,55efafd74fd6dc5ae681d5affbf71f7f6cd01026b7d7d4423c3ca6b27e308f4d,8848,,,true
P01_BLACK_E_000021,P01,BLACK,E,image_000021.jpg,training/P01/BLACK/E/images/image_000021.jpg,8fc69cfbc77669cdb0a957fe81c09d6d97c225fa27ebab83a225c5b307cf7449,8979,,,true
P01_BLACK_E_000022,P01,BLACK,E,image_000022.jpg,training/P01/BLACK/E/images/image_000022.jpg,697a32d09e89c02c896cd74acdce6bfa7a0214e9a146cfb95188a922d8f3ec39,8904,,,true
P01_BLACK_E_000023,P01,BLACK,E,image_000023.jpg,training/P01/BLACK/E/images/image_000023.jpg,0c60b554d23e39c50fcc8a13d88333df9bd9bcd4892696094a9da3c5438b0221,9130,,,true
P01_BLACK_E_000024,P01,BLACK,E,image_000024.jpg,training/P01/BLACK/E/images/image_000024.jpg,3d470eafd99afe6d46eda8d0e5fe62e291c55e400e5b75d090014eb925cd509a,8528,,,true
P01_BLACK_E_000025,P01,BLACK,E,image_000025.jpg,training/P01/BLACK/E/images/image_000025.jpg,67fc5b3b04acaf9cbd9b55a00be8fe5c7a645b835e54fe7d45ef3bf0a8f38c78,8933,,,true
P01_BLACK_I_000001,P01,BLACK,I,image_000001.jpg,training/P01/BLACK/I/images/image_000001.jpg,90a804ea7e0d44138fa63d4d70ccd7dbed0a005944721552222edc6959a34426,8967,,,true
P01_BLACK_I_000002,P01,BLACK,I,image_000002.jpg,training/P01/BLACK/I/images/image_000002.jpg,1ed0c90b33f861898a3ab4a6ca508f4e44d4e16d6e2ed090fc3ad0eb7afa713f,8888,,,true
P01_BLACK_I_000003,P01,BLACK,I,image_000003.jpg,training/P01/BLACK/I/images/image_000003.jpg,a3fcd50edc7e572d3380e19b79be2be2a9b2872f22edfef0707420fd40be3ca3,9050,,,true
P01_BLACK_I_000004,P01,BLACK,I,image_000004.jpg,training/P01/BLACK/I/images/image_000004.jpg,66e15958aaf7ca841bbda4f9f5318c5f9f8928129ed26c1fe336ded578e70c4a,9177,,,true
P01_BLACK_I_000005,P01,BLACK,I,image_000005.jpg,training/P01/BLACK/I/images/image_000005.jpg,b0a0935c55f6f800d9e8f679181ec5b623cbad238a4cd556dbc47a38a3ebef0d,9145,,,true
P01_BLACK_I_000006,P01,BLACK,I,image_000006.jpg,training/P01/BLACK/I/images/image_000006.jpg,2e5770f35109d6182d0ad1fa95ae20569462db888654bfe2088ff5ece2372a7f,9078,,,true
P01_BLACK_I_000007,P01,BLACK,I,image_000007.jpg,training/P01/BLACK/I/images/image_000007.jpg,210a5b1ca1be0900514fce14452eab17c96c25384e5180f576228ee2ea7f14fc,9029,,,true
P01_BLACK_I_000008,P01,BLACK,I,image_000008.jpg,training/P01/BLACK/I/images/image_000008.jpg,f7cbe075e1f687538acfe36b1786d7740663e7f911f60fa2b22161603d4a2dc5,9055,,,true
P01_BLACK_I_000009,P01,BLACK,I,image_000009.jpg,training/P01/BLACK/I/images/image_000009.jpg,f2539e5129056162da2ff3c50429de6c0d3a0acf65a5f07db51b87012003da78,8904,,,true
P01_BLACK_I_000010,P01,BLACK,I,image_000010.jpg,training/P01/BLACK/I/images/image_000010.jpg,163fc23ebd8e3083c83752cc5340d78b67d997b333748f3cd904260bf919d8be,9007,,,true
P01_BLACK_I_000011,P01,BLACK,I,image_000011.jpg,training/P01/BLACK/I/images/image_000011.jpg,784cfeff558d2b811e6047f971b1343bcaccdc8e8af9b4d6b0633c474eb07849,7912,,,true
P01_BLACK_I_000012,P01,BLACK,I,image_000012.jpg,training/P01/BLACK/I/images/image_000012.jpg,2c6f1ed9554cad131f9d39dabad672bc70f46b6ce4318335ae8c477210c5ecb3,8959,,,true
P01_BLACK_I_000013,P01,BLACK,I,image_000013.jpg,training/P01/BLACK/I/images/image_000013.jpg,55c9f1771ce4c3b2e37e9e7babc654eb72c11994c0a4799a06a0344b7c00fcfa,8957,,,true
P01_BLACK_I_000014,P01,BLACK,I,image_000014.jpg,training/P01/BLACK/I/images/image_000014.jpg,4c767ce26fd50b092dd82f2e646674602eac1b2bdf0bce823df8571a89407337,9321,,,true
P01_BLACK_I_000015,P01,BLACK,I,image_000015.jpg,training/P01/BLACK/I/images/image_000015.jpg,85627e85cccc4d290a139afa2a10e0b132137c19da1d7eea984a3de80820756f,9086,,,true
P01_BLACK_I_000016,P01,BLACK,I,image_000016.jpg,training/P01/BLACK/I/images/image_000016.jpg,09df50f1769c772f35ded27ec6aa6204c9cf93d5a97df8548cd5a08487aa2e14,9264,,,true
P01_BLACK_I_000017,P01,BLACK,I,image_000017.jpg,training/P01/BLACK/I/images/image_000017.jpg,d9c0e1a539b19d07857dba93ed6bd44d39fda2600e52f18395f18dee56bdf492,9078,,,true
P01_BLACK_I_000018,P01,BLACK,I,image_000018.jpg,training/P01/BLACK/I/images/image_000018.jpg,826d61e34e5bcae85c15c526098b1a8f661be914c11a53f6833b05d74ac48f5a,9184,,,true
P01_BLACK_I_000019,P01,BLACK,I,image_000019.jpg,training/P01/BLACK/I/images/image_000019.jpg,6d992e49db1d58145d7792e2bd0c3cabbe801d3cd629b9d423632d69c3abc3e5,8951,,,true
P01_BLACK_I_000020,P01,BLACK,I,image_000020.jpg,training/P01/BLACK/I/images/image_000020.jpg,005c2f4118b4d9a9620ff8a2dbd43f0a8e3392aeede35347b96555856fa2d8ed,9320,,,true
P01_BLACK_I_000021,P01,BLACK,I,image_000021.jpg,training/P01/BLACK/I/images/image_000021.jpg,cc7da2cfd52fef5e46f33127960cc2600ca67b64d456fcdfc85ec60be7bab7e8,8673,,,true
P01_BLACK_I_000022,P01,BLACK,I,image_000022.jpg,training/P01/BLACK/I/images/image_000022.jpg,13ef6e6c14bb88af95b2ab67b484c495123c191902abba864e9ff46822455f6e,9253,,,true
P01_BLACK_I_000023,P01,BLACK,I,image_000023.jpg,training/P01/BLACK/I/images/image_000023.jpg,8b02e5c7ab24a5fec08c38aa0e4601b03d0ece9a8dd0a550c85ad27d39eadf5d,8799,,,true
P01_BLACK_I_000024,P01,BLACK,I,image_000024.jpg,training/P01/BLACK/I/images/image_000024.jpg,9a9568217aee82b9ef791fc5821c2e8bcbb08938b684733f7bbb026af49a11c4,8933,,,true
P01_BLACK_I_000025,P01,BLACK,I,image_000025.jpg,training/P01/BLACK/I/images/image_000025.jpg,53e5f96c08047306e19cb89578560d4716718f7ae67923db9a120e55e489c21c,9073,,,true
P01_BLACK_L_000001,P01,BLACK,L,image_000001.jpg,training/P01/BLACK/L/images/image_000001.jpg,735edf450eb63ddbb74f27c4a5793006c0e703096cc48fb3e1498cefaee95f07,9478,,,true
P01_BLACK_L_000002,P01,BLACK,L,image_000002.jpg,training/P01/BLACK/L/images/image_000002.jpg,3dd029f7bbef566fa7e0da999b53927f8c793269933ebe550654d2729947658f,9487,,,true
P01_BLACK_L_000003,P01,BLACK,L,image_000003.jpg,training/P01/BLACK/L/images/image_000003.jpg,5bebbf957e3f8aa67350be1586bb532fcaf1380cda6589c9ff95524393b73f54,9513,,,true
P01_BLACK_L_000004,P01,BLACK,L,image_000004.jpg,training/P01/BLACK/L/images/image_000004.jpg,ca71f902949c2a0fc6f8b28bc316b58950982b731aa9139032dcf895797eff3b,9565,,,true
P01_BLACK_L_000005,P01,BLACK,L,image_000005.jpg,training/P01/BLACK/L/images/image_000005.jpg,81b73e4afed9725f4baab36def4f5b5b44c5e1f1541390969eea1a585caf4107,9510,,,true
P01_BLACK_L_000006,P01,BLACK,L,image_000006.jpg,training/P01/BLACK/L/images/image_000006.jpg,9224459bf8babb1b7e670541b81a1349162af4d1c68fdd3384ba971bed4cfcb1,9553,,,true
P01_BLACK_L_000007,P01,BLACK,L,image_000007.jpg,training/P01/BLACK/L/images/image_000007.jpg,d5f116cb4dd3f1a47573c1eaab83ae2f16d508f620471107497ab8cbe6c79e2f,9434,,,true
P01_BLACK_L_000008,P01,BLACK,L,image_000008.jpg,training/P01/BLACK/L/images/image_000008.jpg,dc36dbc650c27caefcd7e8a89b81da97b025369ca6df4d839601342532a82fe9,9647,,,true
P01_BLACK_L_000009,P01,BLACK,L,image_000009.jpg,training/P01/BLACK/L/images/image_000009.jpg,ba8d79e8bc48856b836e9111e35ae4a57b16e8e858dda0770306b98447c38862,9655,,,true
P01_BLACK_L_000010,P01,BLACK,L,image_000010.jpg,training/P01/BLACK/L/images/image_000010.jpg,ee51b75bb5a4728114c6f60e0342321f3e8adaf9bab824b3023d136655341ea2,9424,,,true
P01_BLACK_L_000011,P01,BLACK,L,image_000011.jpg,training/P01/BLACK/L/images/image_000011.jpg,64ae84b23aa843f5a993d4394be839fb39038a87c6b6b1d5566adc5ee22247e9,9579,,,true
P01_BLACK_L_000012,P01,BLACK,L,image_000012.jpg,training/P01/BLACK/L/images/image_000012.jpg,8b3dd8281d2f8fabf2b4159d9a603c7fcebba16d1280119cde4cf8e6a77283a9,9615,,,true
P01_BLACK_L_000013,P01,BLACK,L,image_000013.jpg,training/P01/BLACK/L/images/image_000013.jpg,1dc4a4a211202891ededc327937ae28600e8b5e3b50de6335ce1aa4c8dc24991,9612,,,true
P01_BLACK_L_000014,P01,BLACK,L,image_000014.jpg,training/P01/BLACK/L/images/image_000014.jpg,54b737a40efdfac46693ca9ff9bde0c3e779cadb038400ee605d361c4b0b131e,8574,,,true
P01_BLACK_L_000015,P01,BLACK,L,image_000015.jpg,training/P01/BLACK/L/images/image_000015.jpg,fd4ebb45a5ff596378e6218166916790fb898132217c6455ba00fe5b8797d900,8601,,,true
P01_BLACK_L_000016,P01,BLACK,L,image_000016.jpg,training/P01/BLACK/L/images/image_000016.jpg,a028c595177644aa98eb3fc2b2b644996a6e0b6e7e3035fdd41b47d52431c329,9085,,,true
P01_BLACK_L_000017,P01,BLACK,L,image_000017.jpg,training/P01/BLACK/L/images/image_000017.jpg,df3c23e0261273671b195f7ca617acaf0a5642cf82b62289c06132e447883293,9027,,,true
P01_BLACK_L_000018,P01,BLACK,L,image_000018.jpg,training/P01/BLACK/L/images/image_000018.jpg,32119630a979035a545d8e483f6c61e463652e71ceae098ccc2ef725cf7e6d22,8777,,,true
P01_BLACK_L_000019,P01,BLACK,L,image_000019.jpg,training/P01/BLACK/L/images/image_000019.jpg,de39b9460be9fe9696bf25341f0fe19f1eaa66f1d6666d8861d6e79581768528,8773,,,true
P01_BLACK_L_000020,P01,BLACK,L,image_000020.jpg,training/P01/BLACK/L/images/image_000020.jpg,01655043d3ec664bf146fba66141bde1203a90a3526b2548b280b21724839a17,9304,,,true
P01_BLACK_L_000021,P01,BLACK,L,image_000021.jpg,training/P01/BLACK/L/images/image_000021.jpg,b4903e76ae692ae90027eb2a19529a10ba84e8790178a75d286cc9b59fe916a2,9532,,,true
P01_BLACK_L_000022,P01,BLACK,L,image_000022.jpg,training/P01/BLACK/L/images/image_000022.jpg,96e1aceadb73e7b5060abc382d7d51ba62e5ab11b513f5e6d6f42e9ba10c0598,8684,,,true
P01_BLACK_L_000023,P01,BLACK,L,image_000023.jpg,training/P01/BLACK/L/images/image_000023.jpg,d519f4dcc5b678f63f5866897940bffcf147a86f98fe37de63b1b38f0b8fcdf2,9195,,,true
P01_BLACK_L_000024,P01,BLACK,L,image_000024.jpg,training/P01/BLACK/L/images/image_000024.jpg,e956518e2f2924b3f3552700438263cb16796ec383feefcd9ebfd33164000159,9095,,,true
P01_BLACK_L_000025,P01,BLACK,L,image_000025.jpg,training/P01/BLACK/L/images/image_000025.jpg,7d1ce4d7698b6122047b304809587221c47bece7de08e00e81f5edcf8dc68a90,9130,,,true
P01_BLACK_M_000001,P01,BLACK,M,image_000001.jpg,training/P01/BLACK/M/images/image_000001.jpg,c5664e2b97e52044293fd8fa7db3c6940d0a8233b2b830d0c33bceaee6ae8858,9496,,,true
P01_BLACK_M_000002,P01,BLACK,M,image_000002.jpg,training/P01/BLACK/M/images/image_000002.jpg,a5da28dd99deef7203f9388979f467cedef2584d154035becee0db5f3c357ede,9201,,,true
P01_BLACK_M_000003,P01,BLACK,M,image_000003.jpg,training/P01/BLACK/M/images/image_000003.jpg,cb73b3c127714824bf46dd2cf1b769f8b1e8a38841e35efaf8ecd5f3916bbe9f,9252,,,true
P01_BLACK_M_000004,P01,BLACK,M,image_000004.jpg,training/P01/BLACK/M/images/image_000004.jpg,7860a3fdbbb312cb86af3e96333eca65978f7729019581439db051013a99f355,9432,,,true
P01_BLACK_M_000005,P01,BLACK,M,image_000005.jpg,training/P01/BLACK/M/images/image_000005.jpg,bca6b422bbd174f2435b526b3c601c98232c056317e6cb17c451508acd459fba,9594,,,true
P01_BLACK_M_000006,P01,BLACK,M,image_000006.jpg,training/P01/BLACK/M/images/image_000006.jpg,471a339f7562fc7d47ba448d9ed2881542eef1d93a3e6ec793424826e16e8989,9476,,,true
P01_BLACK_M_000007,P01,BLACK,M,image_000007.jpg,training/P01/BLACK/M/images/image_000007.jpg,ed776a46797b845895cd7453f32fb53eb45336aece0f11b9e38c15a8270eca46,9345,,,true
P01_BLACK_M_000008,P01,BLACK,M,image_000008.jpg,training/P01/BLACK/M/images/image_000008.jpg,eaca8f4634d62d961d44e30b0beb922697143e656009d85ddec314a2e2d8511a,9210,,,true
P01_BLACK_M_000009,P01,BLACK,M,image_000009.jpg,training/P01/BLACK/M/images/image_000009.jpg,d341c733082c7db821bda1a42918be61b55e63443df74ab1ecd49f5cd8c29ce5,9193,,,true
P01_BLACK_M_000010,P01,BLACK,M,image_000010.jpg,training/P01/BLACK/M/images/image_000010.jpg,8ec1835ac704eadf951d2efd8c8d3fbe7a654f06db9124e798ff131f4eae53e8,9636,,,true
P01_BLACK_M_000011,P01,BLACK,M,image_000011.jpg,training/P01/BLACK/M/images/image_000011.jpg,9a0d773700c6809fd92d293016d84d9f3327c86e90d4335ed3c2a818c384367d,9378,,,true
P01_BLACK_M_000012,P01,BLACK,M,image_000012.jpg,training/P01/BLACK/M/images/image_000012.jpg,9f430008fd11afcf52bd519af7c595d7ea52fdab96e91ebddb1b59acf03037c2,9069,,,true
P01_BLACK_M_000013,P01,BLACK,M,image_000013.jpg,training/P01/BLACK/M/images/image_000013.jpg,b88048a055b8d889dc2d350b23eb43ecaca284f85eb08f8f57cc67eada9ba510,9550,,,true
P01_BLACK_M_000014,P01,BLACK,M,image_000014.jpg,training/P01/BLACK/M/images/image_000014.jpg,370d10d797c9fe521b2d9492e95501b63682832132e79469e27390eb74d48212,9415,,,true
P01_BLACK_M_000015,P01,BLACK,M,image_000015.jpg,training/P01/BLACK/M/images/image_000015.jpg,4cfb730649f97d03b4ce62a5dd8338693de57147bea5e3dd9a97b68efce4cd8c,9354,,,true
P01_BLACK_M_000016,P01,BLACK,M,image_000016.jpg,training/P01/BLACK/M/images/image_000016.jpg,0bd583281b92cc55c27eb88ffc8660f8198487d47d9c1a67a9e7a66b905e11c3,9463,,,true
P01_BLACK_M_000017,P01,BLACK,M,image_000017.jpg,training/P01/BLACK/M/images/image_000017.jpg,669d53071968bd4810bc713d76d3df4cdcb676ab8a3b0f3cf78dddd9f2b10a98,9235,,,true
P01_BLACK_M_000018,P01,BLACK,M,image_000018.jpg,training/P01/BLACK/M/images/image_000018.jpg,3a3e61e45e86fd86d5bd496ad6efbed7abd6fdc0bcaedbc079afc5a27ff66b1c,9265,,,true
P01_BLACK_M_000019,P01,BLACK,M,image_000019.jpg,training/P01/BLACK/M/images/image_000019.jpg,40fe877b682acd811ed74e124a954644c735ec77b479f629f1ebdd29a13d7566,9280,,,true
P01_BLACK_M_000020,P01,BLACK,M,image_000020.jpg,training/P01/BLACK/M/images/image_000020.jpg,1bafeee173493feccf15bd07947af575a798bd22d1e3fefbd80f295297ce24a8,9631,,,true
P01_BLACK_M_000021,P01,BLACK,M,image_000021.jpg,training/P01/BLACK/M/images/image_000021.jpg,4bf7f2d90b037770fb3d2af3854316b4e20c9d3a506fc6e56d87a15877aa16e0,9782,,,true
P01_BLACK_M_000022,P01,BLACK,M,image_000022.jpg,training/P01/BLACK/M/images/image_000022.jpg,850bf0b17636f47bb17bceb67e92ed7fab222c94e8b42d3b865b2e4c7b380a43,9621,,,true
P01_BLACK_M_000023,P01,BLACK,M,image_000023.jpg,training/P01/BLACK/M/images/image_000023.jpg,9b395a0ad21d0a0ea18e8d62dda2af74549ef8324c8307fb857aa26d5ebf097e,9644,,,true
P01_BLACK_M_000024,P01,BLACK,M,image_000024.jpg,training/P01/BLACK/M/images/image_000024.jpg,eb51a61bd7cb9c45a8178c6f15bdf2d56eaf4f0665c831ffeebaaf4fb3a32312,9545,,,true
P01_BLACK_M_000025,P01,BLACK,M,image_000025.jpg,training/P01/BLACK/M/images/image_000025.jpg,42843244870ad58c55ff7a4b5b540c645c8bb60678f61e4be66453dd7f62689e,9511,,,true
P01_BLACK_N_000001,P01,BLACK,N,image_000001.jpg,training/P01/BLACK/N/images/image_000001.jpg,4e09085ee568025b4f58d0b723542d3df044467fa4af1ae279d7527c5b29dad3,8988,,,true
P01_BLACK_N_000002,P01,BLACK,N,image_000002.jpg,training/P01/BLACK/N/images/image_000002.jpg,4dd1e92d151560aef3fdce804062ba6a95c7a2b6fb9b419eb1e63e7d349186a4,8981,,,true
P01_BLACK_N_000003,P01,BLACK,N,image_000003.jpg,training/P01/BLACK/N/images/image_000003.jpg,04d80300ca7da1a787cbdffb2316be485315bb1a82456066220ffdf57b134b44,9281,,,true
P01_BLACK_N_000004,P01,BLACK,N,image_000004.jpg,training/P01/BLACK/N/images/image_000004.jpg,3986fddcd32dfc3b98a9025dfc8e894bf0c11bac6088c8bf36f757dfe0f38d32,9333,,,true
P01_BLACK_N_000005,P01,BLACK,N,image_000005.jpg,training/P01/BLACK/N/images/image_000005.jpg,58c72eeebf8f1928a9c527154cda5ffcd2e613dc3406ec77f81fbc2e1ee5afc2,9273,,,true
P01_BLACK_N_000006,P01,BLACK,N,image_000006.jpg,training/P01/BLACK/N/images/image_000006.jpg,5c8401420704092f4385859b44dbf977a3e8991400efc842635066a58ab422c1,9180,,,true
P01_BLACK_N_000007,P01,BLACK,N,image_000007.jpg,training/P01/BLACK/N/images/image_000007.jpg,a35ba2d768ef12267f59ad116eb77c5c5955d0f353eee68d6bcea1f41d51e7c2,9081,,,true
P01_BLACK_N_000008,P01,BLACK,N,image_000008.jpg,training/P01/BLACK/N/images/image_000008.jpg,ed2bc3cfd2e518164d7b6fb565fe9c470f6b18d165d9a9ba74831bb742200d71,8956,,,true
P01_BLACK_N_000009,P01,BLACK,N,image_000009.jpg,training/P01/BLACK/N/images/image_000009.jpg,9b6711698476e7e97accaf0d8c3c75f4705ecf06dcc150cf407cececea2b7a86,9160,,,true
P01_BLACK_N_000010,P01,BLACK,N,image_000010.jpg,training/P01/BLACK/N/images/image_000010.jpg,09c48acc890864492e1b66b2835875cd0a59de0f0820f0fc75c582a7693ef5b2,9189,,,true
P01_BLACK_N_000011,P01,BLACK,N,image_000011.jpg,training/P01/BLACK/N/images/image_000011.jpg,4bcfc89f2f4b4a43e2f6959285198b1d39591d55015146c722c9867dd99b0843,9153,,,true
P01_BLACK_N_000012,P01,BLACK,N,image_000012.jpg,training/P01/BLACK/N/images/image_000012.jpg,66f7a53823e1331173c0462941a45a42721d13e4c4e142a9b5e0b6859c34fdad,9199,,,true
P01_BLACK_N_000013,P01,BLACK,N,image_000013.jpg,training/P01/BLACK/N/images/image_000013.jpg,18e915f4422f3f999647ea68a6d272089eb8f17c9a67a91efc7c682b4b018c7e,8980,,,true
P01_BLACK_N_000014,P01,BLACK,N,image_000014.jpg,training/P01/BLACK/N/images/image_000014.jpg,96e385e97458f2cc0f4ef174f78e05302f5fced0c4642bcd73f59d108ec783c2,9138,,,true
P01_BLACK_N_000015,P01,BLACK,N,image_000015.jpg,training/P01/BLACK/N/images/image_000015.jpg,a05a360609b42403fd55ecdc07b468473e88551af6fde8e944a507365676194e,9279,,,true
P01_BLACK_N_000016,P01,BLACK,N,image_000016.jpg,training/P01/BLACK/N/images/image_000016.jpg,f0f722108a9d5721cfdcf8fad06fb720429567ca44754f240bc579db724c3880,9363,,,true
P01_BLACK_N_000017,P01,BLACK,N,image_000017.jpg,training/P01/BLACK/N/images/image_000017.jpg,b08f2cbd405020e8ad9265205c96cdc0217bba031617fe6ff6d888f203e4d4a9,9243,,,true
P01_BLACK_N_000018,P01,BLACK,N,image_000018.jpg,training/P01/BLACK/N/images/image_000018.jpg,700533504179e1c9c44b3a59768bc71bc6d64f18a69f1c1e24eb70e2f71619e1,9324,,,true
P01_BLACK_N_000019,P01,BLACK,N,image_000019.jpg,training/P01/BLACK/N/images/image_000019.jpg,b1dafa7d833b8158201d91ce311f6c8507703983daa8651648e533cb74c936c2,8935,,,true
P01_BLACK_N_000020,P01,BLACK,N,image_000020.jpg,training/P01/BLACK/N/images/image_000020.jpg,023ff4ed9047774dbee243a2692280d6a0e667305943fd3e1a7210301ef30341,8982,,,true
P01_BLACK_N_000021,P01,BLACK,N,image_000021.jpg,training/P01/BLACK/N/images/image_000021.jpg,4c25696f8806b0074b1e834cd92742788fa94cc53289061a34e9e842b4eeb9ef,9289,,,true
P01_BLACK_N_000022,P01,BLACK,N,image_000022.jpg,training/P01/BLACK/N/images/image_000022.jpg,ba14943ff01b0fda228711a66b46e0664db06c91bf3da78f1198a20d539cf886,9314,,,true
P01_BLACK_N_000023,P01,BLACK,N,image_000023.jpg,training/P01/BLACK/N/images/image_000023.jpg,2903c73e4ddc64a11a94ecdee38604caa219d787c39c1bc9a426bd0922d03841,8953,,,true
P01_BLACK_N_000024,P01,BLACK,N,image_000024.jpg,training/P01/BLACK/N/images/image_000024.jpg,010f773ea1d7dd3b36d3122d09cace35b95df041c0c93bba05c651a236807729,8954,,,true
P01_BLACK_N_000025,P01,BLACK,N,image_000025.jpg,training/P01/BLACK/N/images/image_000025.jpg,e0e514b3422d9db2e5697b08aa0cfc5ae562332ea6bbd265d44f3d64576ec787,9102,,,true
P01_BLACK_O_000001,P01,BLACK,O,image_000001.jpg,training/P01/BLACK/O/images/image_000001.jpg,6ff0d20eaa2454f515d56f6062da7ae1b4cc3364f2ff3aad42972539ea3c94fc,9513,,,true
P01_BLACK_O_000002,P01,BLACK,O,image_000002.jpg,training/P01/BLACK/O/images/image_000002.jpg,f00d50a172c9a03936295b56e70f38e734645abe84ca64d7c7ff526101b68fe9,9474,,,true
P01_BLACK_O_000003,P01,BLACK,O,image_000003.jpg,training/P01/BLACK/O/images/image_000003.jpg,badb3f7570b321757dc7923459eb7640a5d4a82ff5aba886146182c6c52c59fb,9491,,,true
P01_BLACK_O_000004,P01,BLACK,O,image_000004.jpg,training/P01/BLACK/O/images/image_000004.jpg,45daba18ac65a8bb1b3dda78e9819728d7987fe3be19a3f946c3807db82053c7,9300,,,true
P01_BLACK_O_000005,P01,BLACK,O,image_000005.jpg,training/P01/BLACK/O/images/image_000005.jpg,9e02e73a984ce1b959279e4934d88f28b0399a861dd92e0793df4bf81574256a,9182,,,true
P01_BLACK_O_000006,P01,BLACK,O,image_000006.jpg,training/P01/BLACK/O/images/image_000006.jpg,49a5654841461e2ac7498f7ee80a989bc2a2abddb2178784474b7f5929f43bc2,9104,,,true
P01_BLACK_O_000007,P01,BLACK,O,image_000007.jpg,training/P01/BLACK/O/images/image_000007.jpg,9de701b2834e4b25b890ac1029d56617f16d4b81af6bea9d5009b397519c349f,9397,,,true
P01_BLACK_O_000008,P01,BLACK,O,image_000008.jpg,training/P01/BLACK/O/images/image_000008.jpg,2ac8283d7533e3d9d8ae6bb19ea1250ad05acfd82a3fbbd5242ca6907757ff0a,9452,,,true
P01_BLACK_O_000009,P01,BLACK,O,image_000009.jpg,training/P01/BLACK/O/images/image_000009.jpg,53a6c49f05927be955589e5f8de05bbe5fc48b026bc72bff1ad5cd71aa0d57d3,9512,,,true
P01_BLACK_O_000010,P01,BLACK,O,image_000010.jpg,training/P01/BLACK/O/images/image_000010.jpg,4e7c1ac12af37a148fd1666005cd777c8c8155a2006293e01801ded9990bec06,9459,,,true
P01_BLACK_O_000011,P01,BLACK,O,image_000011.jpg,training/P01/BLACK/O/images/image_000011.jpg,bfc6e2f7618d855643b913ec25046c119ff424938c6cf202d4f7decd3eedea39,9464,,,true
P01_BLACK_O_000012,P01,BLACK,O,image_000012.jpg,training/P01/BLACK/O/images/image_000012.jpg,b24b5415b8f33a0302074cf91159282179255e3377918f02d02131b081767ede,9027,,,true
P01_BLACK_O_000013,P01,BLACK,O,image_000013.jpg,training/P01/BLACK/O/images/image_000013.jpg,3805f4134a0a5db68b215c2125d21a2022930b4803e4b4d850bf386e0ca3636e,9121,,,true
P01_BLACK_O_000014,P01,BLACK,O,image_000014.jpg,training/P01/BLACK/O/images/image_000014.jpg,2ba69a6b50c3be84786b84e211de8a41973848b7c05ffdd555e5f3889a841d84,9313,,,true
P01_BLACK_O_000015,P01,BLACK,O,image_000015.jpg,training/P01/BLACK/O/images/image_000015.jpg,b12721a88aefe993cb10d2441962b91d5aaa58ef3f4669fc242bb1d2e1f90d45,8478,,,true
P01_BLACK_O_000016,P01,BLACK,O,image_000016.jpg,training/P01/BLACK/O/images/image_000016.jpg,b9f5d81dcfa1c2aec3583798fd984e9e1e684dd294af3d1679998fc0cdd09487,9126,,,true
P01_BLACK_O_000017,P01,BLACK,O,image_000017.jpg,training/P01/BLACK/O/images/image_000017.jpg,83ebd85224abdad49fe607d927079da1c843ca2dcd310b37c0e0ae072e6e0e0f,9065,,,true
P01_BLACK_O_000018,P01,BLACK,O,image_000018.jpg,training/P01/BLACK/O/images/image_000018.jpg,79e73d061be6c803f93a7246b26629cb045a8ad180cc54f6b6f8ddc70b64695f,9541,,,true
P01_BLACK_O_000019,P01,BLACK,O,image_000019.jpg,training/P01/BLACK/O/images/image_000019.jpg,aed10d742553760cc977ed5aebe9651fbe97cc13e600e0d0ed82ee3d2f280f40,9465,,,true
P01_BLACK_O_000020,P01,BLACK,O,image_000020.jpg,training/P01/BLACK/O/images/image_000020.jpg,93eeb3305fb2932a25315fcd4a26c16c24849debb3ee200f75ee65438714bc28,9341,,,true
P01_BLACK_O_000021,P01,BLACK,O,image_000021.jpg,training/P01/BLACK/O/images/image_000021.jpg,cb3f0f40f1222ac0cc3c4b8036f2965d09461e91534a62e6f3a7e1d59809d23e,9378,,,true
P01_BLACK_O_000022,P01,BLACK,O,image_000022.jpg,training/P01/BLACK/O/images/image_000022.jpg,81e7aba8f9ad07c0c64c2d004128caac73b5edf8cbc6483487c5abef04ba4d1f,9464,,,true
P01_BLACK_O_000023,P01,BLACK,O,image_000023.jpg,training/P01/BLACK/O/images/image_000023.jpg,ba90cedd97f28b1c725c17aaa51499b94068bd3e39083adda1747a9ef0c6778b,9651,,,true
P01_BLACK_O_000024,P01,BLACK,O,image_000024.jpg,training/P01/BLACK/O/images/image_000024.jpg,7ecefda2b1d43957437af6946f26a4e18af715bed5c4873eb9b4f03409225f79,9566,,,true
P01_BLACK_O_000025,P01,BLACK,O,image_000025.jpg,training/P01/BLACK/O/images/image_000025.jpg,f9531b1035ca7b51fa6b646c282c8663c884897bd942f5d36fa6c6eb7edd5e6a,10131,,,true
P01_BLACK_P_000001,P01,BLACK,P,image_000001.jpg,training/P01/BLACK/P/images/image_000001.jpg,9039248504218b1028fc410190777cae5a35da685073096d6ec958e95a947550,7545,,,true
P01_BLACK_P_000002,P01,BLACK,P,image_000002.jpg,training/P01/BLACK/P/images/image_000002.jpg,c98135aeae462bb499e52325a98f31a49e9b1c117abddb28e2d5ff120cf2543e,7536,,,true
P01_BLACK_P_000003,P01,BLACK,P,image_000003.jpg,training/P01/BLACK/P/images/image_000003.jpg,bb20d16124e7e8e98bdfc4ef4764720840872f3e2eb52b7091ecba7a6bd1c8e8,8459,,,true
P01_BLACK_P_000004,P01,BLACK,P,image_000004.jpg,training/P01/BLACK/P/images/image_000004.jpg,8507dcd7e1defd3571c646803fd81ebd87df3b71e557a75eccfe69a2728170b5,8704,,,true
P01_BLACK_P_000005,P01,BLACK,P,image_000005.jpg,training/P01/BLACK/P/images/image_000005.jpg,34239ee9ebe83d0b406b22af3526e03af41402b60cae9f7b98cb77f6dd243a52,8590,,,true
P01_BLACK_P_000006,P01,BLACK,P,image_000006.jpg,training/P01/BLACK/P/images/image_000006.jpg,d94143363b81bf1c5bbb42780db13547bee02593ab2ff3808fd46de3565d409f,8431,,,true
P01_BLACK_P_000007,P01,BLACK,P,image_000007.jpg,training/P01/BLACK/P/images/image_000007.jpg,e3dd9de350b7483542c2536a4c3de8417915fc2606f79754a45f8f31233cfd1b,8260,,,true
P01_BLACK_P_000008,P01,BLACK,P,image_000008.jpg,training/P01/BLACK/P/images/image_000008.jpg,c45f3bc0682388a080464a18a1de679a182fcb610d67e387841526a010b3b73e,8440,,,true
P01_BLACK_P_000009,P01,BLACK,P,image_000009.jpg,training/P01/BLACK/P/images/image_000009.jpg,86087c58b1aa9326b0d96e2aec40f1f33d9d42cd2acf10fc9f9ab20eb8c9d8b3,8222,,,true
P01_BLACK_P_000010,P01,BLACK,P,image_000010.jpg,training/P01/BLACK/P/images/image_000010.jpg,4963d7ff7e13d7f91c8eb9a65322d87c4c231f511e37156e04a4b45b190da156,8158,,,true
P01_BLACK_P_000011,P01,BLACK,P,image_000011.jpg,training/P01/BLACK/P/images/image_000011.jpg,55a90ef2f38327c08e12186e27b70d9eabdff8c36a64388103c99bf85a0691ad,7841,,,true
P01_BLACK_P_000012,P01,BLACK,P,image_000012.jpg,training/P01/BLACK/P/images/image_000012.jpg,ff4107760e234bf6d9d2cdd06fc6a50503be1046fcfc2ed7284a35b4d0b5f90d,8091,,,true
P01_BLACK_P_000013,P01,BLACK,P,image_000013.jpg,training/P01/BLACK/P/images/image_000013.jpg,33aca93c13dae54bfa26b79254c8b5e642b95d372042698933e91db1829f5ab2,8443,,,true
P01_BLACK_P_000014,P01,BLACK,P,image_000014.jpg,training/P01/BLACK/P/images/image_000014.jpg,e409be4352f66c9bc762621c5b2994709760716a6c9580f2e4c2c34cdf2ed746,8788,,,true
P01_BLACK_P_000015,P01,BLACK,P,image_000015.jpg,training/P01/BLACK/P/images/image_000015.jpg,af2528036722e79048cfc618dd3282a2734e00a4e43b048057155f0e2a799c11,8741,,,true
P01_BLACK_P_000016,P01,BLACK,P,image_000016.jpg,training/P01/BLACK/P/images/image_000016.jpg,020f6b67d73e4aabafe0fbac9d0223817cddbfc97d085431da6b78d70ea418a4,8910,,,true
P01_BLACK_P_000017,P01,BLACK,P,image_000017.jpg,training/P01/BLACK/P/images/image_000017.jpg,49a6493de7327cc7e2c098d300707e892e421a369ffc8eacf77bc2fcc89b143c,8769,,,true
P01_BLACK_P_000018,P01,BLACK,P,image_000018.jpg,training/P01/BLACK/P/images/image_000018.jpg,0e80d0990a681a5940fc8558407ba1c50e203020677e283e333b9f83f8eed0ad,8773,,,true
P01_BLACK_P_000019,P01,BLACK,P,image_000019.jpg,training/P01/BLACK/P/images/image_000019.jpg,e8de8c868d6460fca4eb9018d446e267a7d21f9ca121f95ab8d106408351a8d5,8756,,,true
P01_BLACK_P_000020,P01,BLACK,P,image_000020.jpg,training/P01/BLACK/P/images/image_000020.jpg,da450de3af857871800a2e4314de56324f702584ab1a16b48dac8d91c20995ea,8185,,,true
P01_BLACK_P_000021,P01,BLACK,P,image_000021.jpg,training/P01/BLACK/P/images/image_000021.jpg,f45bba0776fa6b09b91b152ce946c7f8b571d58acc3e1a0c8860b100c56fb628,8816,,,true
P01_BLACK_P_000022,P01,BLACK,P,image_000022.jpg,training/P01/BLACK/P/images/image_000022.jpg,c1e548e62e15d9fd6653c8effbdd8d4d10885d70285617b8c204395e906253df,8603,,,true
P01_BLACK_P_000023,P01,BLACK,P,image_000023.jpg,training/P01/BLACK/P/images/image_000023.jpg,38236ee95042f6ccb317e169e606b7420bf45146bca6abaf54ed7dfa12062f68,8963,,,true
P01_BLACK_P_000024,P01,BLACK,P,image_000024.jpg,training/P01/BLACK/P/images/image_000024.jpg,4117729c6daf6800d9a626b7ab72d68fc331187d63bda76bf605fac21b08bed4,9056,,,true
P01_BLACK_P_000025,P01,BLACK,P,image_000025.jpg,training/P01/BLACK/P/images/image_000025.jpg,abb52c153d49e357c730a266660b7f100dab8c6bcbd7021687fda4cd5e4ac491,8721,,,true
P01_BLACK_R_000001,P01,BLACK,R,image_000001.jpg,training/P01/BLACK/R/images/image_000001.jpg,2d83b47022aa19a8ce1b8638eef1e53018cc8757d94d2618faa65e687aaa6876,8974,,,true
P01_BLACK_R_000002,P01,BLACK,R,image_000002.jpg,training/P01/BLACK/R/images/image_000002.jpg,63bd5484f96cc92541e9334c7fdd8a8b2e2acbbbca62311a7ad3bdd3289c6090,8839,,,true
P01_BLACK_R_000003,P01,BLACK,R,image_000003.jpg,training/P01/BLACK/R/images/image_000003.jpg,230987f32a4c2f8ceffe5c06b7b3e1f8c8eee38e69194aa89dc9ac8f5c338747,8866,,,true
P01_BLACK_R_000004,P01,BLACK,R,image_000004.jpg,training/P01/BLACK/R/images/image_000004.jpg,0b0d2a8140059a8a136132eda53439e26ee2069b73daaeff1be0454d0e43841b,9010,,,true
P01_BLACK_R_000005,P01,BLACK,R,image_000005.jpg,training/P01/BLACK/R/images/image_000005.jpg,6ecd1a275e2f8b3c3080968f68c91c14c07ed9cf6dea8803fba20bed28b364c6,9011,,,true
P01_BLACK_R_000006,P01,BLACK,R,image_000006.jpg,training/P01/BLACK/R/images/image_000006.jpg,10e5e6ed98e366b7a88ad30b2dd76e327048d5edfd11df8af12205eb27ff9b29,8907,,,true
P01_BLACK_R_000007,P01,BLACK,R,image_000007.jpg,training/P01/BLACK/R/images/image_000007.jpg,ab74e6b2c911e3dfb13f081106c436108ade903f039228914d3f59c338ab3fad,8901,,,true
P01_BLACK_R_000008,P01,BLACK,R,image_000008.jpg,training/P01/BLACK/R/images/image_000008.jpg,ac72181b3696c7461f78b460f7a298c8bf649ced86f99350571addea90116d92,8706,,,true
P01_BLACK_R_000009,P01,BLACK,R,image_000009.jpg,training/P01/BLACK/R/images/image_000009.jpg,1569fd5c5b2f32f0be0a18313f3b524a8ab5389ef52179c0bc5dbf4c7e9aba62,8857,,,true
P01_BLACK_R_000010,P01,BLACK,R,image_000010.jpg,training/P01/BLACK/R/images/image_000010.jpg,240401f758ab87b441f9a845271d0e68ff27c2d23631901c2a8f385f4a3ab6d5,8820,,,true
P01_BLACK_R_000011,P01,BLACK,R,image_000011.jpg,training/P01/BLACK/R/images/image_000011.jpg,fd01bfe3e2f7d863dfbf85e8ea444598dfcdb6c1e606352565aefc58b8db4a3f,8920,,,true
P01_BLACK_R_000012,P01,BLACK,R,image_000012.jpg,training/P01/BLACK/R/images/image_000012.jpg,6625550bb36d49c2016e6131ecab3b09955eb2866847595ff6560aafff98653f,8734,,,true
P01_BLACK_R_000013,P01,BLACK,R,image_000013.jpg,training/P01/BLACK/R/images/image_000013.jpg,a80b1ad39c9e79eb8866e50b6e035fa9a5d1e44766fae1f4482e7c443eb9e268,8749,,,true
P01_BLACK_R_000014,P01,BLACK,R,image_000014.jpg,training/P01/BLACK/R/images/image_000014.jpg,5e05b636b24721dd596cf20e71e908e1f5dc840d596684bf04114c87e1fb1516,8756,,,true
P01_BLACK_R_000015,P01,BLACK,R,image_000015.jpg,training/P01/BLACK/R/images/image_000015.jpg,a86e09c5701472131b33669c700c90b41078043adf0e3a25a4c521da9bad3879,8760,,,true
P01_BLACK_R_000016,P01,BLACK,R,image_000016.jpg,training/P01/BLACK/R/images/image_000016.jpg,59ed87d6def8af1748cef4e2d6ec21246a94343be3865e723701911f78000b2b,8899,,,true
P01_BLACK_R_000017,P01,BLACK,R,image_000017.jpg,training/P01/BLACK/R/images/image_000017.jpg,cef123e7c02ee9f39bab0554089ba0b4035860dc424ff5d86ae36c48f0674778,8958,,,true
P01_BLACK_R_000018,P01,BLACK,R,image_000018.jpg,training/P01/BLACK/R/images/image_000018.jpg,0d51b741ee92bb2a0d7345d2ebdd0125f150e36c5684a5b596fab2e58c9506bb,8864,,,true
P01_BLACK_R_000019,P01,BLACK,R,image_000019.jpg,training/P01/BLACK/R/images/image_000019.jpg,bc7ffd6d2125b46cd152bedac329d0a8aa085d5bc77c71bbe6b6875c257085d6,8811,,,true
P01_BLACK_R_000020,P01,BLACK,R,image_000020.jpg,training/P01/BLACK/R/images/image_000020.jpg,c876cf9becd881cf9b38c2cd4050746e9b726678e3e3f1c6e028d798d2bfafae,8922,,,true
P01_BLACK_R_000021,P01,BLACK,R,image_000021.jpg,training/P01/BLACK/R/images/image_000021.jpg,8598b254340150df6bb901f4752d39889a677b5eda420bfea7a5a92c1f31e716,9153,,,true
P01_BLACK_R_000022,P01,BLACK,R,image_000022.jpg,training/P01/BLACK/R/images/image_000022.jpg,b474f9fef003b740fc18e471f19561efc6a9f5f82c1bd472ec6480523ec12940,8889,,,true
P01_BLACK_R_000023,P01,BLACK,R,image_000023.jpg,training/P01/BLACK/R/images/image_000023.jpg,cbaa0fcbc6791a33d4653b8d17412ada8b9497359ed59a4b7bd2ed74bd86b875,8851,,,true
P01_BLACK_R_000024,P01,BLACK,R,image_000024.jpg,training/P01/BLACK/R/images/image_000024.jpg,e639ddce9cc1bc3b9fa45afc5bb29dcd58c3619335a4b11abd4c0d624f17e8e7,8832,,,true
P01_BLACK_R_000025,P01,BLACK,R,image_000025.jpg,training/P01/BLACK/R/images/image_000025.jpg,d7ea25ce63665dbd3119f5cfff3a830727026325ba9bc8e8df96dff567de1261,8892,,,true
P01_BLACK_S_000001,P01,BLACK,S,image_000001.jpg,training/P01/BLACK/S/images/image_000001.jpg,cc121dabad977c3fedd05a05b136065d2f78ab4dd06fe91c96dbf793c0d6a8e4,9137,,,true
P01_BLACK_S_000002,P01,BLACK,S,image_000002.jpg,training/P01/BLACK/S/images/image_000002.jpg,f8a3332dc1ae4700b8ddb310a07a0a2306d9cd7c29bd278d6a3a5db80d3d1367,9251,,,true
P01_BLACK_S_000003,P01,BLACK,S,image_000003.jpg,training/P01/BLACK/S/images/image_000003.jpg,8ddf5ebe2c65d67745f9478975efbc335a0482d423cd80ab714b2aae0a55073a,9572,,,true
P01_BLACK_S_000004,P01,BLACK,S,image_000004.jpg,training/P01/BLACK/S/images/image_000004.jpg,cae928519c7ef0f9c66a0ad17bd1d53b078026166e684e88ed633382ce62025b,9799,,,true
P01_BLACK_S_000005,P01,BLACK,S,image_000005.jpg,training/P01/BLACK/S/images/image_000005.jpg,bfb34d80b6a3cd3f8f9be9cfa0634079f2166b32a9235d88f81015d0603c3b8c,9850,,,true
P01_BLACK_S_000006,P01,BLACK,S,image_000006.jpg,training/P01/BLACK/S/images/image_000006.jpg,118e03ef26b008fecb83d4770837cf2c888459afb22b6e02a975365aa2e2e8ab,9656,,,true
P01_BLACK_S_000007,P01,BLACK,S,image_000007.jpg,training/P01/BLACK/S/images/image_000007.jpg,e60ce78ca01de5b5e43a4afed9fe8b92aff1082f43dcba440ecc5b8c99fc95a2,9188,,,true
P01_BLACK_S_000008,P01,BLACK,S,image_000008.jpg,training/P01/BLACK/S/images/image_000008.jpg,854960214ee83c60f5b20111a6d6277b1361968a3528fc43d784b1d9eb404032,8210,,,true
P01_BLACK_S_000009,P01,BLACK,S,image_000009.jpg,training/P01/BLACK/S/images/image_000009.jpg,fafbd93a5da5d4dead69d6dce6b670ed8e821defe5a8019e9d305a0bb06c7d4f,8500,,,true
P01_BLACK_S_000010,P01,BLACK,S,image_000010.jpg,training/P01/BLACK/S/images/image_000010.jpg,f841a0470e485cbb9583ec6a234d768ddb31a46b8194713a5c9663b0c03dc97f,9396,,,true
P01_BLACK_S_000011,P01,BLACK,S,image_000011.jpg,training/P01/BLACK/S/images/image_000011.jpg,03d07473d46c5e36b3151ee2de272a9e42c34ae57830e6e6e3a8a2f55166326b,9543,,,true
P01_BLACK_S_000012,P01,BLACK,S,image_000012.jpg,training/P01/BLACK/S/images/image_000012.jpg,df2bfb6fd78762def06cb672b29171add4e9dc9f700cd600af5d7a22cc797289,8922,,,true
P01_BLACK_S_000013,P01,BLACK,S,image_000013.jpg,training/P01/BLACK/S/images/image_000013.jpg,0b091e2015b4ea796f6eaf06c0d1627eccebeda94f327881133a30665cc1b5f6,9429,,,true
P01_BLACK_S_000014,P01,BLACK,S,image_000014.jpg,training/P01/BLACK/S/images/image_000014.jpg,64909ac2c0af904df6778e64478001a1a19c002d374573cf7db0e68779743b97,9610,,,true
P01_BLACK_S_000015,P01,BLACK,S,image_000015.jpg,training/P01/BLACK/S/images/image_000015.jpg,0bbf1141409906896fe132b160ecb7b41a667d89daa7224863488c571e714147,9671,,,true
P01_BLACK_S_000016,P01,BLACK,S,image_000016.jpg,training/P01/BLACK/S/images/image_000016.jpg,9d047dbc15110f09abcc544844e3985506e44a8fd616a5254d79d7fca2f427f2,9482,,,true
P01_BLACK_S_000017,P01,BLACK,S,image_000017.jpg,training/P01/BLACK/S/images/image_000017.jpg,b608146cb13e45c3c27309a88c2cc3258df2d5495660d578930159ef392ec83d,9417,,,true
P01_BLACK_S_000018,P01,BLACK,S,image_000018.jpg,training/P01/BLACK/S/images/image_000018.jpg,4a5953bcb44b1317f51979b10a599e75cad8e332d9edbde86a50cf2251621757,9673,,,true
P01_BLACK_S_000019,P01,BLACK,S,image_000019.jpg,training/P01/BLACK/S/images/image_000019.jpg,28c4d447309da29adb0a9c2352c26faf6b6c62fb4c589fa6cbaa28d021e97e81,9385,,,true
P01_BLACK_S_000020,P01,BLACK,S,image_000020.jpg,training/P01/BLACK/S/images/image_000020.jpg,612c499f0d9c25357832ee27c046971df5a0dccb3c67e02328c7318e0ea2f7b5,9584,,,true
P01_BLACK_S_000021,P01,BLACK,S,image_000021.jpg,training/P01/BLACK/S/images/image_000021.jpg,feffefe7bc6c67d394ca1862e2c99c5500badf9f66a54fe42a3a74874d71cb54,9120,,,true
P01_BLACK_S_000022,P01,BLACK,S,image_000022.jpg,training/P01/BLACK/S/images/image_000022.jpg,61680f237ae646683f5ae16d68caa5fa55c6d90ff7b35761226bdbd66a8f0d33,9280,,,true
P01_BLACK_S_000023,P01,BLACK,S,image_000023.jpg,training/P01/BLACK/S/images/image_000023.jpg,ec6d1a0bcdbea7936e431fda027abc1671a4c8c6ad4aa51ff5d5ec2cb2ea18d3,9425,,,true
P01_BLACK_S_000024,P01,BLACK,S,image_000024.jpg,training/P01/BLACK/S/images/image_000024.jpg,bad1b50eb14562973e70b7c5a1e633c82f693e773ba20660e7440557a88f5c2d,9386,,,true
P01_BLACK_S_000025,P01,BLACK,S,image_000025.jpg,training/P01/BLACK/S/images/image_000025.jpg,9dff4a1d588b1dc87405e89f6e8988c04cb8060708be378f686559786920827b,9265,,,true
P01_BLACK_T_000001,P01,BLACK,T,image_000001.jpg,training/P01/BLACK/T/images/image_000001.jpg,f6a2332b2b7ec5946c5d4658566c0a15d89836450ae3c0eb8f521125edf6db4b,9998,,,true
P01_BLACK_T_000002,P01,BLACK,T,image_000002.jpg,training/P01/BLACK/T/images/image_000002.jpg,5843cfcf97bbab4b47d0f899bc5e1b6e267d6386ff86a9cea1983ecf58f64720,9736,,,true
P01_BLACK_T_000003,P01,BLACK,T,image_000003.jpg,training/P01/BLACK/T/images/image_000003.jpg,c6dbcc98dc67167eecce2f177b8e14d51a368e985403b8a2be6dcee291b97cef,9843,,,true
P01_BLACK_T_000004,P01,BLACK,T,image_000004.jpg,training/P01/BLACK/T/images/image_000004.jpg,d943eb2fa94c9d74cf579028dbb56e5e307a3e46bb0ffc66484f8a3a38abdf95,9906,,,true
P01_BLACK_T_000005,P01,BLACK,T,image_000005.jpg,training/P01/BLACK/T/images/image_000005.jpg,1a2567c78023e4515fe2ceeebcc903a20bd161f2553f96ca54886bada3426d63,9794,,,true
P01_BLACK_T_000006,P01,BLACK,T,image_000006.jpg,training/P01/BLACK/T/images/image_000006.jpg,7efcc1f958f4e7411190fcc19a420ee790b2066287055459f19bf823ed96389a,9718,,,true
P01_BLACK_T_000007,P01,BLACK,T,image_000007.jpg,training/P01/BLACK/T/images/image_000007.jpg,dea54fff89eea8de8dbf6123f46448631b7ac182a555e57c31cc84738c00de4d,9788,,,true
P01_BLACK_T_000008,P01,BLACK,T,image_000008.jpg,training/P01/BLACK/T/images/image_000008.jpg,b47908f99d81fcc085391e67351b5c7d6ed42b96b55023a150a2afe9c9b01bfd,10168,,,true
P01_BLACK_T_000009,P01,BLACK,T,image_000009.jpg,training/P01/BLACK/T/images/image_000009.jpg,fb0dab12284f27eb32cf585553d3dc744eb9ff4bfc8996bfd9f213e1ec725b1c,8986,,,true
P01_BLACK_T_000010,P01,BLACK,T,image_000010.jpg,training/P01/BLACK/T/images/image_000010.jpg,c0f5cc84c92ae464760f338e9ade36da6bf7dfc398518fe779bc02b6fd070162,9110,,,true
P01_BLACK_T_000011,P01,BLACK,T,image_000011.jpg,training/P01/BLACK/T/images/image_000011.jpg,731591aae89757253dc49e03a0756090507f4b0dd71158c5f10183b084982d1d,9118,,,true
P01_BLACK_T_000012,P01,BLACK,T,image_000012.jpg,training/P01/BLACK/T/images/image_000012.jpg,a06778d4a9d6df7559708ef41579326da2000a3b3fba1e2e189585f23afd56f8,9370,,,true
P01_BLACK_T_000013,P01,BLACK,T,image_000013.jpg,training/P01/BLACK/T/images/image_000013.jpg,ccb97757da32dd82fddc0e1d97b772a68dfbbb090725d610317c7be192d3d2b7,9184,,,true
P01_BLACK_T_000014,P01,BLACK,T,image_000014.jpg,training/P01/BLACK/T/images/image_000014.jpg,1c7ed91cbad74ee24de5a11e87f504fc92e4da4c42add682568acba459b101f2,9199,,,true
P01_BLACK_T_000015,P01,BLACK,T,image_000015.jpg,training/P01/BLACK/T/images/image_000015.jpg,d62c8892f7e20fe3d89fad1d7c9016fab923e04898af1790426c602c25e56a9c,8923,,,true
P01_BLACK_T_000016,P01,BLACK,T,image_000016.jpg,training/P01/BLACK/T/images/image_000016.jpg,b716b9fbc0dfdc1dc408b29e0e417f098e1e692a6e719226dfe2f0ddd443a50e,9071,,,true
P01_BLACK_T_000017,P01,BLACK,T,image_000017.jpg,training/P01/BLACK/T/images/image_000017.jpg,a2d7f38c25787fbf3bb1c6daad0d8a3910968c159d09ed5e362d592a701f0d2c,9239,,,true
P01_BLACK_T_000018,P01,BLACK,T,image_000018.jpg,training/P01/BLACK/T/images/image_000018.jpg,6df7f2dbc64826c65e2b48094bc46d6318a29ca85b459350f9200f812af6a8b9,9328,,,true
P01_BLACK_T_000019,P01,BLACK,T,image_000019.jpg,training/P01/BLACK/T/images/image_000019.jpg,f266fb2d5e986ddacdb82b7ea1a3354139e1b30e304fa6b8d28f64274a0457da,9380,,,true
P01_BLACK_T_000020,P01,BLACK,T,image_000020.jpg,training/P01/BLACK/T/images/image_000020.jpg,c84409ef23e672a241b0568b0a53104dfedd49f4496c361b4a9c4419f179296e,9299,,,true
P01_BLACK_T_000021,P01,BLACK,T,image_000021.jpg,training/P01/BLACK/T/images/image_000021.jpg,eca152991ee60aea7bcfaf4bbe2d5afb7202409b1dfb5a5932ec24949d3d4f7e,9549,,,true
P01_BLACK_T_000022,P01,BLACK,T,image_000022.jpg,training/P01/BLACK/T/images/image_000022.jpg,4d44dd0237d713f06c6b6f1a61985eae2477f12f216e4b9780d41245116c7115,9095,,,true
P01_BLACK_T_000023,P01,BLACK,T,image_000023.jpg,training/P01/BLACK/T/images/image_000023.jpg,1e5a5862b2a3fb3cfb7f5e2885917c49be125c4ad43021f3c8ba929b7f919c00,9109,,,true
P01_BLACK_T_000024,P01,BLACK,T,image_000024.jpg,training/P01/BLACK/T/images/image_000024.jpg,19243f1184dc3b25b32e175d1640f8876def3e6db34b47b9d0d1417922359ab0,9004,,,true
P01_BLACK_T_000025,P01,BLACK,T,image_000025.jpg,training/P01/BLACK/T/images/image_000025.jpg,3cbfa47505844df9b9cd78c45f567411d68c35c4bb79c4fdcc16ef1672b5c4c4,8956,,,true
P01_BLACK_U_000001,P01,BLACK,U,image_000001.jpg,training/P01/BLACK/U/images/image_000001.jpg,68db4a06a04f8746baa1f3560065a96f6eea9ace3d15049ca9042a22450edabb,8033,,,true
P01_BLACK_U_000002,P01,BLACK,U,image_000002.jpg,training/P01/BLACK/U/images/image_000002.jpg,b335c17b35e30a378dcfa161328ba985143eef9e1b8cbb8d20f0d39c2d424fa2,8786,,,true
P01_BLACK_U_000003,P01,BLACK,U,image_000003.jpg,training/P01/BLACK/U/images/image_000003.jpg,f8b9b04de4d73845fcf1b9f8c44911e287e16502cc1f17340feed7cbe883ede9,8863,,,true
P01_BLACK_U_000004,P01,BLACK,U,image_000004.jpg,training/P01/BLACK/U/images/image_000004.jpg,5c31c4bf23816693e53b4cc432e9dd3adb0c2e309998208cba837c6910332371,8748,,,true
P01_BLACK_U_000005,P01,BLACK,U,image_000005.jpg,training/P01/BLACK/U/images/image_000005.jpg,dd698c7988719d198f49a2a3789c17356c1b508d25d0d700790094e19917ce56,8630,,,true
P01_BLACK_U_000006,P01,BLACK,U,image_000006.jpg,training/P01/BLACK/U/images/image_000006.jpg,ca14930cdabc43be3b171a7914dcfee559dd5934629aad1c69b9a8de11a09b78,8492,,,true
P01_BLACK_U_000007,P01,BLACK,U,image_000007.jpg,training/P01/BLACK/U/images/image_000007.jpg,e11934367d75741c6bd57572949d8fa6fe8b9373ccdc21a99d87a8a95305516b,8607,,,true
P01_BLACK_U_000008,P01,BLACK,U,image_000008.jpg,training/P01/BLACK/U/images/image_000008.jpg,0545171f8a383e350acc9654cb5e6ffa52002bef2c463543268bf41219ad166c,8561,,,true
P01_BLACK_U_000009,P01,BLACK,U,image_000009.jpg,training/P01/BLACK/U/images/image_000009.jpg,f3e845e86130d03b866d89e1c2d105d0cf874032729ec86fea0191496c76ed16,8717,,,true
P01_BLACK_U_000010,P01,BLACK,U,image_000010.jpg,training/P01/BLACK/U/images/image_000010.jpg,5f0056d5402c387592b748c0aa96f208c633e8454a5b59e6212fa9fe3a95db3a,8636,,,true
P01_BLACK_U_000011,P01,BLACK,U,image_000011.jpg,training/P01/BLACK/U/images/image_000011.jpg,eefb2e8f1d9649efb8dfe634b91747e06c31034475e4e6ef944676176a00c97f,8771,,,true
P01_BLACK_U_000012,P01,BLACK,U,image_000012.jpg,training/P01/BLACK/U/images/image_000012.jpg,c9af108ae75a58eb946e3cc3bbc0908c6f1f2abd0c95e0905b7b714af738eb0e,9019,,,true
P01_BLACK_U_000013,P01,BLACK,U,image_000013.jpg,training/P01/BLACK/U/images/image_000013.jpg,04aedb81c4c38b5c4c9e62fe2349dbad4e3cc8ccd177db5897c66430fd1b0ffe,8897,,,true
P01_BLACK_U_000014,P01,BLACK,U,image_000014.jpg,training/P01/BLACK/U/images/image_000014.jpg,e262620748cc33483bb03a0504685c86da1171ebda77fe49bdcd2fa135d07c4b,8915,,,true
P01_BLACK_U_000015,P01,BLACK,U,image_000015.jpg,training/P01/BLACK/U/images/image_000015.jpg,be344e3517fcd55ef6b9cf2cdff2b21211cef5db5991aa84de3f8356403ef8e7,8846,,,true
P01_BLACK_U_000016,P01,BLACK,U,image_000016.jpg,training/P01/BLACK/U/images/image_000016.jpg,aecfef0588d3a51f28bb66f986f5a4c01979bf45877905b75769a4b621863727,8831,,,true
P01_BLACK_U_000017,P01,BLACK,U,image_000017.jpg,training/P01/BLACK/U/images/image_000017.jpg,be0c85298e3aecf14a299cb8e9b9cb4d6a2622d39739475625c313a11d0936e4,8897,,,true
P01_BLACK_U_000018,P01,BLACK,U,image_000018.jpg,training/P01/BLACK/U/images/image_000018.jpg,04e9c90be67291fc9eb04d304e9db543671532d82c794fd32675c514935070fe,8866,,,true
P01_BLACK_U_000019,P01,BLACK,U,image_000019.jpg,training/P01/BLACK/U/images/image_000019.jpg,fd74e7b26a035c339ecf800d9b8326f57b7ff22a57d8ea6ad5382649c439ce32,8831,,,true
P01_BLACK_U_000020,P01,BLACK,U,image_000020.jpg,training/P01/BLACK/U/images/image_000020.jpg,c1f7df8cb044141c5cb67ebe534f60702610eaecf136939da31e6e617eba2c6a,8787,,,true
P01_BLACK_U_000021,P01,BLACK,U,image_000021.jpg,training/P01/BLACK/U/images/image_000021.jpg,01653b995375a3bea4d60745d21988ff3f45a1458e19c740401953752423ff99,8712,,,true
P01_BLACK_U_000022,P01,BLACK,U,image_000022.jpg,training/P01/BLACK/U/images/image_000022.jpg,fbe9a6681f1953df1d84c27d53f763a6ad8ef6a81d6dee0bb4f0b8ebb2be3132,8779,,,true
P01_BLACK_U_000023,P01,BLACK,U,image_000023.jpg,training/P01/BLACK/U/images/image_000023.jpg,99388d0faaddfc71d6d458118bc121f31b60b8fc8047a3ac92ca773d677ecf8a,8918,,,true
P01_BLACK_U_000024,P01,BLACK,U,image_000024.jpg,training/P01/BLACK/U/images/image_000024.jpg,e62176c93e4e86f15c76580768ac990f3b5582ac0da3745ef25c6e001a0e398b,8770,,,true
P01_BLACK_U_000025,P01,BLACK,U,image_000025.jpg,training/P01/BLACK/U/images/image_000025.jpg,1ace05a49c739e592633b3702b73f413c80aff1fa7c20ed4523ec410e10e8745,8777,,,true
P01_BLACK_V_000001,P01,BLACK,V,image_000001.jpg,training/P01/BLACK/V/images/image_000001.jpg,1c6c202c43b77b4547bed1f8f5c83e62dec936b223c21c46e49f4ccf163b8c91,8704,,,true
P01_BLACK_V_000002,P01,BLACK,V,image_000002.jpg,training/P01/BLACK/V/images/image_000002.jpg,b732fc64a4a4c503cdd7fa81f304ac1e81754a5a32728b8bb423014bfd921b7d,9049,,,true
P01_BLACK_V_000003,P01,BLACK,V,image_000003.jpg,training/P01/BLACK/V/images/image_000003.jpg,38449a71b98c6ba1898150d18d8d65776156b1914d1bd30c6bf81806d6484f13,9116,,,true
P01_BLACK_V_000004,P01,BLACK,V,image_000004.jpg,training/P01/BLACK/V/images/image_000004.jpg,e838d336940100f34498b8dee6b81bb9591c908d1bc4e246f635378e7c1d69cd,9199,,,true
P01_BLACK_V_000005,P01,BLACK,V,image_000005.jpg,training/P01/BLACK/V/images/image_000005.jpg,c1d0f2f12a9de665146aad77a39bd43caf782c59e87f0853424bcdb600f6863e,9060,,,true
P01_BLACK_V_000006,P01,BLACK,V,image_000006.jpg,training/P01/BLACK/V/images/image_000006.jpg,f97f917ed148834cdfcdc2d781997841a6f2a311edf5bdfe4511b0686984a7ed,9232,,,true
P01_BLACK_V_000007,P01,BLACK,V,image_000007.jpg,training/P01/BLACK/V/images/image_000007.jpg,99f3146b26b28967d2fc5ecc066673f4fa8fbfe1a079d8857d3e034d52b69110,9280,,,true
P01_BLACK_V_000008,P01,BLACK,V,image_000008.jpg,training/P01/BLACK/V/images/image_000008.jpg,127aa0629ef2478083ac5e04d114cef6968496b1680792fbeb994a725d9fe4e2,9279,,,true
P01_BLACK_V_000009,P01,BLACK,V,image_000009.jpg,training/P01/BLACK/V/images/image_000009.jpg,845e95f1a27ff09e4e582a4497939a9db77450cfefd5241b48bf9430986ae1f3,8847,,,true
P01_BLACK_V_000010,P01,BLACK,V,image_000010.jpg,training/P01/BLACK/V/images/image_000010.jpg,0f5cba3ce08a359b38e14bb4104778cf10f2944ffefd002a9fd9e7fb68b88cb1,9124,,,true
P01_BLACK_V_000011,P01,BLACK,V,image_000011.jpg,training/P01/BLACK/V/images/image_000011.jpg,14de12058fa28f8a2bedc49c09ef301b1d5ee5cf87cec6e73b4682d96d2c3bd5,9012,,,true
P01_BLACK_V_000012,P01,BLACK,V,image_000012.jpg,training/P01/BLACK/V/images/image_000012.jpg,220bd3617f7fd8e2917bff07222624d7379e7d5f898ea0e8f9f778258c8d3431,9036,,,true
P01_BLACK_V_000013,P01,BLACK,V,image_000013.jpg,training/P01/BLACK/V/images/image_000013.jpg,c13aa849ce63cc88b7ea92759ed8632a726a82c2c99bc0d84b4f5b7a12c81cb2,9048,,,true
P01_BLACK_V_000014,P01,BLACK,V,image_000014.jpg,training/P01/BLACK/V/images/image_000014.jpg,c8d6dc91d6f755325fdb6ecaebd5ef436a05b1003cb28f56079cb4ac1436dc3d,9042,,,true
P01_BLACK_V_000015,P01,BLACK,V,image_000015.jpg,training/P01/BLACK/V/images/image_000015.jpg,379e31ba79bed3a62fb6b4bd8b0abc0792f5c676defde987b4eb76da8aa64f28,9093,,,true
P01_BLACK_V_000016,P01,BLACK,V,image_000016.jpg,training/P01/BLACK/V/images/image_000016.jpg,8be26365453304417d7d7cc7132ac2185a920fbeb3f8c7d3e2c8a5d12ed0f11b,9249,,,true
P01_BLACK_V_000017,P01,BLACK,V,image_000017.jpg,training/P01/BLACK/V/images/image_000017.jpg,a8351956200e790c3b824732a2cbcc104d82524ae1e50ad54431c958f75a3f89,9253,,,true
P01_BLACK_V_000018,P01,BLACK,V,image_000018.jpg,training/P01/BLACK/V/images/image_000018.jpg,239d14035b9957ac9a2cb9608ab99b973a6ea547feec942a08b454cc17f08ef6,9294,,,true
P01_BLACK_V_000019,P01,BLACK,V,image_000019.jpg,training/P01/BLACK/V/images/image_000019.jpg,da3fcaf8a2d062c4804bc1e6c20029af413c32344a14186166bcd85f0f283747,9357,,,true
P01_BLACK_V_000020,P01,BLACK,V,image_000020.jpg,training/P01/BLACK/V/images/image_000020.jpg,ebfb0277d3b864a987acf5576b5d6799ff9c97f8847c67aab24441727d35d981,9200,,,true
P01_BLACK_V_000021,P01,BLACK,V,image_000021.jpg,training/P01/BLACK/V/images/image_000021.jpg,82640067ff7b376ce1596e6cc6eaf1496b21cd3749f5ad2aed776d11af9bf1f2,9173,,,true
P01_BLACK_V_000022,P01,BLACK,V,image_000022.jpg,training/P01/BLACK/V/images/image_000022.jpg,44f9d93c77a4e77d438997c607487bec61718463b247aafc793dc995341d707b,9343,,,true
P01_BLACK_V_000023,P01,BLACK,V,image_000023.jpg,training/P01/BLACK/V/images/image_000023.jpg,5126674a47d4c8a259342b2e30ce5e77303f9fcdfb5414bf9fa6267edc600fe4,9315,,,true
P01_BLACK_V_000024,P01,BLACK,V,image_000024.jpg,training/P01/BLACK/V/images/image_000024.jpg,2d224d0e2682e717a02b9b4919d804eadee5163aed813dae4518160c620ecfd5,9360,,,true
P01_BLACK_V_000025,P01,BLACK,V,image_000025.jpg,training/P01/BLACK/V/images/image_000025.jpg,a7dc6a207f69c9e27380d2b0cbe0c961b99fa350762e86da77e714ba6c5c541a,9130,,,true
P01_BLACK_W_000001,P01,BLACK,W,image_000001.jpg,training/P01/BLACK/W/images/image_000001.jpg,9b9fdf6826d4d7dede08fdeddbec0fd06e8e72e2c87c06ce9276e54f36db6076,9087,,,true
P01_BLACK_W_000002,P01,BLACK,W,image_000002.jpg,training/P01/BLACK/W/images/image_000002.jpg,6b60b7b0e8c3a6853a5366d69bc90cddf48185b945b66ea5c69cb3b7928b45f3,9295,,,true
P01_BLACK_W_000003,P01,BLACK,W,image_000003.jpg,training/P01/BLACK/W/images/image_000003.jpg,dfaf1317d2d51c17282fe444a32f0ca0c7cc89306bfa72f6dbd9f4b9f1c93c8b,9117,,,true
P01_BLACK_W_000004,P01,BLACK,W,image_000004.jpg,training/P01/BLACK/W/images/image_000004.jpg,24b0d4b6f56d4b91719bcce86a3aa2eecf61caf0efffedb05c2df78441a91f8b,9205,,,true
P01_BLACK_W_000005,P01,BLACK,W,image_000005.jpg,training/P01/BLACK/W/images/image_000005.jpg,8e655718af908efe0db6e7aefb468878f37482a2dc6a83e18052cfd297f43085,9121,,,true
P01_BLACK_W_000006,P01,BLACK,W,image_000006.jpg,training/P01/BLACK/W/images/image_000006.jpg,c01279df0ee2ee359584f0f1ed20aca1b3c4bc874335c5b35cfb1abf98c42d09,9407,,,true
P01_BLACK_W_000007,P01,BLACK,W,image_000007.jpg,training/P01/BLACK/W/images/image_000007.jpg,c02b608b4167f7623b969af54ea0d906b64393c48b9ea0d2d12d9666fd02846b,9128,,,true
P01_BLACK_W_000008,P01,BLACK,W,image_000008.jpg,training/P01/BLACK/W/images/image_000008.jpg,3dfba8cc2a53c1a178a7c2180f9866dcf52cfc19136262ca9216268522973dc6,9151,,,true
P01_BLACK_W_000009,P01,BLACK,W,image_000009.jpg,training/P01/BLACK/W/images/image_000009.jpg,6501cbcad9b4408cfb964fbf13cc39cd955790f9e7b0028885b7dd47451eb5ba,9262,,,true
P01_BLACK_W_000010,P01,BLACK,W,image_000010.jpg,training/P01/BLACK/W/images/image_000010.jpg,bdbe4642da4b32fc829309a655df12d3c8690fa6daac708eb1892e3e8180509b,9228,,,true
P01_BLACK_W_000011,P01,BLACK,W,image_000011.jpg,training/P01/BLACK/W/images/image_000011.jpg,a830380b10dcc4fe74e0759e15d09a357b66a01261b98b2a94c01c265f664178,9328,,,true
P01_BLACK_W_000012,P01,BLACK,W,image_000012.jpg,training/P01/BLACK/W/images/image_000012.jpg,2c7b7165fa371cfd93cfe39b877a38c6b1310ef0eef7fca495896a0fbf4ccffa,9302,,,true
P01_BLACK_W_000013,P01,BLACK,W,image_000013.jpg,training/P01/BLACK/W/images/image_000013.jpg,58d623b0b4bcc01c5cc5a29416abb5c2f074b33d303764c5878c179269f541ba,9217,,,true
P01_BLACK_W_000014,P01,BLACK,W,image_000014.jpg,training/P01/BLACK/W/images/image_000014.jpg,987846e963909a25db02f0747c9bf38f122e9f6fe4b15b236b92fc77488cc83d,9208,,,true
P01_BLACK_W_000015,P01,BLACK,W,image_000015.jpg,training/P01/BLACK/W/images/image_000015.jpg,ae944053a54169f65897a4fb3d3f6ef4d76fd03b171cb97d0e21020d4f6f5201,9226,,,true
P01_BLACK_W_000016,P01,BLACK,W,image_000016.jpg,training/P01/BLACK/W/images/image_000016.jpg,1e0c11e3edabd39516a405b838075c9f44b909df0af2d7c9fd6801630209fb6b,9336,,,true
P01_BLACK_W_000017,P01,BLACK,W,image_000017.jpg,training/P01/BLACK/W/images/image_000017.jpg,db54254fa650e3cbe50399fe34daf9a30c707854bf244a4c41522f09da692f19,9295,,,true
P01_BLACK_W_000018,P01,BLACK,W,image_000018.jpg,training/P01/BLACK/W/images/image_000018.jpg,d9ae31f12bc613a700084db9685651b8ebe096fc57301f34c2f29b9c2f9411df,9342,,,true
P01_BLACK_W_000019,P01,BLACK,W,image_000019.jpg,training/P01/BLACK/W/images/image_000019.jpg,01a24e1f6ef6d0dcc0a685ad37c2cdeba840b67a63c998d1fd885c4de3356b39,9296,,,true
P01_BLACK_W_000020,P01,BLACK,W,image_000020.jpg,training/P01/BLACK/W/images/image_000020.jpg,88741ed8b3b2d6b8814bff6be63bf64d246734d4fea333b43d3abc661ab85214,9103,,,true
P01_BLACK_W_000021,P01,BLACK,W,image_000021.jpg,training/P01/BLACK/W/images/image_000021.jpg,5aa82bc8e0ed8a8bd0a364dd9570a33e1f97c433a57f3fdd5833b8a699cb6b3f,8795,,,true
P01_BLACK_W_000022,P01,BLACK,W,image_000022.jpg,training/P01/BLACK/W/images/image_000022.jpg,e24c75a3b9accfe2585b27b5d9cf10fe378404a185fed3147f1ce9228d848f45,9193,,,true
P01_BLACK_W_000023,P01,BLACK,W,image_000023.jpg,training/P01/BLACK/W/images/image_000023.jpg,297f94708eb7e852870a465fd9939497b3e28343b69787edc1a13113c1768ba5,9425,,,true
P01_BLACK_W_000024,P01,BLACK,W,image_000024.jpg,training/P01/BLACK/W/images/image_000024.jpg,52c6be694c760d7c9d43d54874a78002c1372ad1d17355c685cd7970cd27da50,9329,,,true
P01_BLACK_W_000025,P01,BLACK,W,image_000025.jpg,training/P01/BLACK/W/images/image_000025.jpg,22bf510021b1c096d2f4cc94f02c28f1747d265969c3e02c6d9b53b5a6869c5f,9382,,,true
P01_BLACK_Y_000001,P01,BLACK,Y,image_000001.jpg,training/P01/BLACK/Y/images/image_000001.jpg,cf820555a58640e11e0031696c9e5d022636f615238bf7f9861665e8c125c733,8319,,,true
P01_BLACK_Y_000002,P01,BLACK,Y,image_000002.jpg,training/P01/BLACK/Y/images/image_000002.jpg,b324f859309a9ac41bdfc41151a9350141dc2729557136b29d68cb63280a7740,8821,,,true
P01_BLACK_Y_000003,P01,BLACK,Y,image_000003.jpg,training/P01/BLACK/Y/images/image_000003.jpg,78735e4b6401b7274c0b89ddaeb271ff174c02ed67b8ed42fff0c51c7262d8f0,8902,,,true
P01_BLACK_Y_000004,P01,BLACK,Y,image_000004.jpg,training/P01/BLACK/Y/images/image_000004.jpg,f0f3f3370c8b9725ea3d586aa1f8d6afa0c6cd31346127f77b87c7fa1da6b047,8942,,,true
P01_BLACK_Y_000005,P01,BLACK,Y,image_000005.jpg,training/P01/BLACK/Y/images/image_000005.jpg,ac10488472435ba4f06202235469bca8be625cd0b2db05179f49c4b35be9cc87,9184,,,true
P01_BLACK_Y_000006,P01,BLACK,Y,image_000006.jpg,training/P01/BLACK/Y/images/image_000006.jpg,fac15e035e329deb8648b8bd3d2d1656dc0cda4c1ed494628acb689031439726,9215,,,true
P01_BLACK_Y_000007,P01,BLACK,Y,image_000007.jpg,training/P01/BLACK/Y/images/image_000007.jpg,0dc1b36cfc0799d3c26bc90a7b45330b9396e1f9ef2e71c2976916ec9ea3dfc4,9372,,,true
P01_BLACK_Y_000008,P01,BLACK,Y,image_000008.jpg,training/P01/BLACK/Y/images/image_000008.jpg,0e233c1f61d09d2b9415658230a40fda7c42f0093b72663c68681852d9aa0f98,9296,,,true
P01_BLACK_Y_000009,P01,BLACK,Y,image_000009.jpg,training/P01/BLACK/Y/images/image_000009.jpg,5688fdeda7586d2eb151deca22f8c8c43f968fae74a0948c8f56edc8e5d6ead2,9284,,,true
P01_BLACK_Y_000010,P01,BLACK,Y,image_000010.jpg,training/P01/BLACK/Y/images/image_000010.jpg,8649be4f95c813365183e2138638d2b54096fa2e37941b1ea9b24f20ee88cbdf,9215,,,true
P01_BLACK_Y_000011,P01,BLACK,Y,image_000011.jpg,training/P01/BLACK/Y/images/image_000011.jpg,69d55970d3d567c61703fd1a7b84f7d29f03620caf0ae1ca4a587ac5d78dd0a9,9139,,,true
P01_BLACK_Y_000012,P01,BLACK,Y,image_000012.jpg,training/P01/BLACK/Y/images/image_000012.jpg,a8857cab7961a3a9529400750e6157ef4d90751ec54137ed98011fa0cc39576b,8792,,,true
P01_BLACK_Y_000013,P01,BLACK,Y,image_000013.jpg,training/P01/BLACK/Y/images/image_000013.jpg,d121fa70a9a1f3897e897dacb14d72af03df82dd85e4d48b15cbf159df64b547,8790,,,true
P01_BLACK_Y_000014,P01,BLACK,Y,image_000014.jpg,training/P01/BLACK/Y/images/image_000014.jpg,9d071602d1e937c16a7ee8c3911c6635d34c068d7583f73ed277c86a96d9663a,9208,,,true
P01_BLACK_Y_000015,P01,BLACK,Y,image_000015.jpg,training/P01/BLACK/Y/images/image_000015.jpg,733fd26165c7bd3b3068fcd5c4a66ec4263bae3dcbdb229ebbd6a8bf0afae6ea,9017,,,true
P01_BLACK_Y_000016,P01,BLACK,Y,image_000016.jpg,training/P01/BLACK/Y/images/image_000016.jpg,a28955fa9e92f7a58a4079b212abe988d9a225e18cdaa3fd94214e87329032b8,9052,,,true
P01_BLACK_Y_000017,P01,BLACK,Y,image_000017.jpg,training/P01/BLACK/Y/images/image_000017.jpg,3988f92a0717f574a10d3f2769bbba2a0a6c130191b7be66418cc370ca0d8b59,9080,,,true
P01_BLACK_Y_000018,P01,BLACK,Y,image_000018.jpg,training/P01/BLACK/Y/images/image_000018.jpg,3cf97151adfa8f6053444906bb3084d90740f9cfccbed212e08a1fb082ac3b16,8922,,,true
P01_BLACK_Y_000019,P01,BLACK,Y,image_000019.jpg,training/P01/BLACK/Y/images/image_000019.jpg,14d89735279ad4dfd846fb410448bcc3bbe2875ccade900050d98e54b6c63de1,9464,,,true
P01_BLACK_Y_000020,P01,BLACK,Y,image_000020.jpg,training/P01/BLACK/Y/images/image_000020.jpg,1d46f4b4d0e5d5e2da1c5f20a371cb39d92d453e854faa55e952b4fe1abb12a3,9430,,,true
P01_BLACK_Y_000021,P01,BLACK,Y,image_000021.jpg,training/P01/BLACK/Y/images/image_000021.jpg,47e7177dba9d7dbc7128dfa93a81fdd79025969932135b7808328737148a4b54,9390,,,true
P01_BLACK_Y_000022,P01,BLACK,Y,image_000022.jpg,training/P01/BLACK/Y/images/image_000022.jpg,e0fbddedbe54ef2717dc629380a47de50991b0a95032b337e855de6d09434c39,9288,,,true
P01_BLACK_Y_000023,P01,BLACK,Y,image_000023.jpg,training/P01/BLACK/Y/images/image_000023.jpg,e338287b2c73ace798a49305d18e78b4fc025c67584c2870e54f10db3d396a0a,9055,,,true
P01_BLACK_Y_000024,P01,BLACK,Y,image_000024.jpg,training/P01/BLACK/Y/images/image_000024.jpg,65e13ec1c7cb7481d0088dc7b8d37d35dfd38892003821df0f8be37e6e779518,9313,,,true
P01_BLACK_Y_000025,P01,BLACK,Y,image_000025.jpg,training/P01/BLACK/Y/images/image_000025.jpg,22d833710df467c492b10b8c4b060853cc870edadbfbc78dfc405cce5fdcae41,9288,,,true
P01_BLUE_A_000001,P01,BLUE,A,image_000001.jpg,training/P01/BLUE/A/images/image_000001.jpg,bec74523dff7846692c36501b36c572ebcf321e29547e025d63c5aaa0ce3154a,10060,,,true
P01_BLUE_A_000002,P01,BLUE,A,image_000002.jpg,training/P01/BLUE/A/images/image_000002.jpg,4be039a30685755d75ebaecef0b99757ead6c1853fb96144bab2212334e7c38a,10090,,,true
P01_BLUE_A_000003,P01,BLUE,A,image_000003.jpg,training/P01/BLUE/A/images/image_000003.jpg,70f1d164e46b68e1381cf859f48780aa784c6d3701b6e2afcdbf5e5ea17fe423,10093,,,true
P01_BLUE_A_000004,P01,BLUE,A,image_000004.jpg,training/P01/BLUE/A/images/image_000004.jpg,5e3f86e59661e0491c242ff15251856d60d9a5011b9d7c6be8ce6aa58e88e821,10004,,,true
P01_BLUE_A_000005,P01,BLUE,A,image_000005.jpg,training/P01/BLUE/A/images/image_000005.jpg,36d75d563fde7e4fe2d5df6a85ecd29bb0fd9a89adcbc454103ad9afd750675d,9793,,,true
P01_BLUE_A_000006,P01,BLUE,A,image_000006.jpg,training/P01/BLUE/A/images/image_000006.jpg,3254db6cb3a458cfbed2372249f240682efb162bee093f7a71240f63ab111f4a,10078,,,true
P01_BLUE_A_000007,P01,BLUE,A,image_000007.jpg,training/P01/BLUE/A/images/image_000007.jpg,8cad2f81f7bb29281ecf984c9b50752aa560694cbe649eb9f847fbf219286dd8,10061,,,true
P01_BLUE_A_000008,P01,BLUE,A,image_000008.jpg,training/P01/BLUE/A/images/image_000008.jpg,c00918475fddd77705f9f8e73b9a294ce10a4e86d210dbd0a1a0e5a6dc7ac20c,9976,,,true
P01_BLUE_A_000009,P01,BLUE,A,image_000009.jpg,training/P01/BLUE/A/images/image_000009.jpg,29e159e944857ddc7e15589e7b8d2038615acf889bcd1a2a60a5d924ffa00257,9832,,,true
P01_BLUE_A_000010,P01,BLUE,A,image_000010.jpg,training/P01/BLUE/A/images/image_000010.jpg,98a9a97c27f2ea74ca8974f1189f63d03971b14b22744f5022ec78d998cceb8b,9746,,,true
P01_BLUE_A_000011,P01,BLUE,A,image_000011.jpg,training/P01/BLUE/A/images/image_000011.jpg,39cdc04e10ae48e96a264eb2a5de4da865815610b3c9da85c61f07354d0306b3,9876,,,true
P01_BLUE_A_000012,P01,BLUE,A,image_000012.jpg,training/P01/BLUE/A/images/image_000012.jpg,bf2b17ec50fb4541ca79ab260848b1ac59bc2d3f96212c12677bf22abb96d943,9948,,,true
P01_BLUE_A_000013,P01,BLUE,A,image_000013.jpg,training/P01/BLUE/A/images/image_000013.jpg,42d748b2011600eefd0f3471613c941f45c392e9bc6792d2d2bd60e5d29a4945,9984,,,true
P01_BLUE_A_000014,P01,BLUE,A,image_000014.jpg,training/P01/BLUE/A/images/image_000014.jpg,2047501465bc31e01d0d0500a97f57d4fdcf931610dee44e4f103c1aced30c8c,9862,,,true
P01_BLUE_A_000015,P01,BLUE,A,image_000015.jpg,training/P01/BLUE/A/images/image_000015.jpg,32a2b5687f355fcced66190cd12cd9df18a0d7c101d4ff582676c35494054b6e,10007,,,true
P01_BLUE_A_000016,P01,BLUE,A,image_000016.jpg,training/P01/BLUE/A/images/image_000016.jpg,f5dc476af7de7aa2adf6a7c5efd8a4d99c8ed07661f64fed80a965e775ea8126,9994,,,true
P01_BLUE_A_000017,P01,BLUE,A,image_000017.jpg,training/P01/BLUE/A/images/image_000017.jpg,338e960ed401110fd9f5013a86505c588e6c8bda6d0d5aff7083b53f8d70670b,9884,,,true
P01_BLUE_A_000018,P01,BLUE,A,image_000018.jpg,training/P01/BLUE/A/images/image_000018.jpg,d640845242a1fc7918e3af9d0eddc788f0dd8ec13d9074407314b85abfe6d603,10026,,,true
P01_BLUE_A_000019,P01,BLUE,A,image_000019.jpg,training/P01/BLUE/A/images/image_000019.jpg,290b61d8731f71f36a9d608c4d3c92a3341c0dd567d34cb1da8f0d8fc03f89aa,10211,,,true
P01_BLUE_A_000020,P01,BLUE,A,image_000020.jpg,training/P01/BLUE/A/images/image_000020.jpg,262a826aca0583556b59d15a851a2c21b204599bd4b0cec226de01635e1d8b0d,10193,,,true
P01_BLUE_A_000021,P01,BLUE,A,image_000021.jpg,training/P01/BLUE/A/images/image_000021.jpg,47bb829a530de521353dcefc472dc34e6b612057abefeeb2327d0ddab2cc9966,10390,,,true
P01_BLUE_A_000022,P01,BLUE,A,image_000022.jpg,training/P01/BLUE/A/images/image_000022.jpg,7be2822a86ce9798149eefd89ad406e4629d0a785f29548421824fafdabb17da,10418,,,true
P01_BLUE_A_000023,P01,BLUE,A,image_000023.jpg,training/P01/BLUE/A/images/image_000023.jpg,c941fc10d287233d913d32896a5bddb9a36aad6a63aa2b81c8752a7060ffa034,10495,,,true
P01_BLUE_A_000024,P01,BLUE,A,image_000024.jpg,training/P01/BLUE/A/images/image_000024.jpg,ebc1124ec386f7a742ac98f8c9db4d8e5f355c9ffbe0204d865fe2a1266c5dc9,10361,,,true
P01_BLUE_A_000025,P01,BLUE,A,image_000025.jpg,training/P01/BLUE/A/images/image_000025.jpg,fa364f4cf2d0e8d9cb9796dd4c83b7f6161ec20e5dce86e26c3300b14cb0b414,10552,,,true
P01_BLUE_B_000001,P01,BLUE,B,image_000001.jpg,training/P01/BLUE/B/images/image_000001.jpg,0e13c9fc7cded394839aa64e0f9362a17eb9f53c0fb8e14ed6c32605f7a742a7,9826,,,true
P01_BLUE_B_000002,P01,BLUE,B,image_000002.jpg,training/P01/BLUE/B/images/image_000002.jpg,12d86e94a4b78b8348a3a63561cd91c301c06579b2bd2d6575a534582cbc1c2a,9977,,,true
P01_BLUE_B_000003,P01,BLUE,B,image_000003.jpg,training/P01/BLUE/B/images/image_000003.jpg,9b7c668be37df974a2f6c556564b58111fd01289e8e318d7b7c693a587fbd1fa,10211,,,true
P01_BLUE_B_000004,P01,BLUE,B,image_000004.jpg,training/P01/BLUE/B/images/image_000004.jpg,aa8a0c09e7fe4cf450d173eefc78946d28d704fa7c3f8ada835f9902de7fe221,10168,,,true
P01_BLUE_B_000005,P01,BLUE,B,image_000005.jpg,training/P01/BLUE/B/images/image_000005.jpg,04f94f89e82b19a855bea7bb96b393e96e46864a5b112299276141cf4507fed9,10102,,,true
P01_BLUE_B_000006,P01,BLUE,B,image_000006.jpg,training/P01/BLUE/B/images/image_000006.jpg,b7d735affb736dddf2483de38397aa5627ae133a8b4838653908b9f00483ce56,10323,,,true
P01_BLUE_B_000007,P01,BLUE,B,image_000007.jpg,training/P01/BLUE/B/images/image_000007.jpg,048b905294b2f08a56c142e3eabde6c5ebe9573294ae2d4c6e361e8a5403c483,10326,,,true
P01_BLUE_B_000008,P01,BLUE,B,image_000008.jpg,training/P01/BLUE/B/images/image_000008.jpg,5d13ab6f3b3d1631fe7b5db9f14e33dbf54f877229b81e78a5144ccf376580a1,10013,,,true
P01_BLUE_B_000009,P01,BLUE,B,image_000009.jpg,training/P01/BLUE/B/images/image_000009.jpg,16f69a054ea525a5257fd36d992672cc6f339ab1b73c5cdf2f7e337b81567656,9866,,,true
P01_BLUE_B_000010,P01,BLUE,B,image_000010.jpg,training/P01/BLUE/B/images/image_000010.jpg,08a54fb1c3e2b39697d09234055f0df91897a40a509133ce73d5f35acb439032,9793,,,true
P01_BLUE_B_000011,P01,BLUE,B,image_000011.jpg,training/P01/BLUE/B/images/image_000011.jpg,a435edf17a10765c471dcb141d12e83316cf941d470353bb68de6b5e7789795b,10038,,,true
P01_BLUE_B_000012,P01,BLUE,B,image_000012.jpg,training/P01/BLUE/B/images/image_000012.jpg,a72bb31b9b3ff2c42b3ce02dcd1de47400aaa4197ff08872ad0b234ef98888ab,10009,,,true
P01_BLUE_B_000013,P01,BLUE,B,image_000013.jpg,training/P01/BLUE/B/images/image_000013.jpg,f5ef8face6482ebb1fa97ae3db5284a31abcfe33ac5e1c4f7fb229afb051ee0a,10015,,,true
P01_BLUE_B_000014,P01,BLUE,B,image_000014.jpg,training/P01/BLUE/B/images/image_000014.jpg,a10d2efd813d9b8f732e835a94afff6881b87abfab430d356ef8655bbd5eb449,10120,,,true
P01_BLUE_B_000015,P01,BLUE,B,image_000015.jpg,training/P01/BLUE/B/images/image_000015.jpg,fad49d5a489a716077eb98d4a36188928aecf0bb7bc3501eb34419ee0c57d0d7,10116,,,true
P01_BLUE_B_000016,P01,BLUE,B,image_000016.jpg,training/P01/BLUE/B/images/image_000016.jpg,f0595633fbdc99f10ce7ef18ed8896644490c277ad49d0aa719d1977e5918cba,9992,,,true
P01_BLUE_B_000017,P01,BLUE,B,image_000017.jpg,training/P01/BLUE/B/images/image_000017.jpg,84372594b85590320126d4938a7e66ba900fd403b9923f20407976c432563032,9923,,,true
P01_BLUE_B_000018,P01,BLUE,B,image_000018.jpg,training/P01/BLUE/B/images/image_000018.jpg,f7c56e711b096b23a06582e8410af765cc163ba8948f924ce4d18f68c973a227,9807,,,true
P01_BLUE_B_000019,P01,BLUE,B,image_000019.jpg,training/P01/BLUE/B/images/image_000019.jpg,9d988d0759d55829c95c4ef254c7954afa3e2583768be75834e1f2081b2afcbd,9849,,,true
P01_BLUE_B_000020,P01,BLUE,B,image_000020.jpg,training/P01/BLUE/B/images/image_000020.jpg,52d300a76f3b426c932fb4e45526c159941dfb86481f3e9eeb9feb883a52a1a1,9791,,,true
P01_BLUE_B_000021,P01,BLUE,B,image_000021.jpg,training/P01/BLUE/B/images/image_000021.jpg,39265fcc8962b3c733c8c9989bbfe2d9bb490cb7fa5f4a89cfb1cc80166d47c1,9937,,,true
P01_BLUE_B_000022,P01,BLUE,B,image_000022.jpg,training/P01/BLUE/B/images/image_000022.jpg,6e4b856c0ad334de4d050a40f0b7a1bc1dac6f6ec52431ba671ee660415d93c7,9865,,,true
P01_BLUE_B_000023,P01,BLUE,B,image_000023.jpg,training/P01/BLUE/B/images/image_000023.jpg,9b5d74036e410f1fab9750762c638db30f38eff9c5977b963ca2f4bc380ac775,9763,,,true
P01_BLUE_B_000024,P01,BLUE,B,image_000024.jpg,training/P01/BLUE/B/images/image_000024.jpg,19761f114740f8c6f94ab0e1d5da19646d57494501fec916b89b6d73472b112d,9844,,,true
P01_BLUE_B_000025,P01,BLUE,B,image_000025.jpg,training/P01/BLUE/B/images/image_000025.jpg,65348bea9764818da72c128618bf9710a94b5652c8ca74a5500cf93b381d98bb,9982,,,true
P01_BLUE_C_000001,P01,BLUE,C,image_000001.jpg,training/P01/BLUE/C/images/image_000001.jpg,718b6bc943e23681e8b51c2f1dcb42cfa125d4710f4bcb4c45d8e2e659d8bf0d,10551,,,true
P01_BLUE_C_000002,P01,BLUE,C,image_000002.jpg,training/P01/BLUE/C/images/image_000002.jpg,14ebd5ef669c39afd04eee547feee7b747d0af937387efe7b1b6b6b1942ef0bb,10259,,,true
P01_BLUE_C_000003,P01,BLUE,C,image_000003.jpg,training/P01/BLUE/C/images/image_000003.jpg,f9839d225f45757ad9c5abef9011e6b371f9f62a4d2c1d6af8c78163d8bec1b5,10025,,,true
P01_BLUE_C_000004,P01,BLUE,C,image_000004.jpg,training/P01/BLUE/C/images/image_000004.jpg,2f31a2c26b34e3072dbfc81ee0b9a7e9128dba1c3e2a45208e480dab8acee1d7,10196,,,true
P01_BLUE_C_000005,P01,BLUE,C,image_000005.jpg,training/P01/BLUE/C/images/image_000005.jpg,1e9630e595b78d8d26f3ec34fdfac19e1973a116c90e3219c2ed0aa4b713f48f,10765,,,true
P01_BLUE_C_000006,P01,BLUE,C,image_000006.jpg,training/P01/BLUE/C/images/image_000006.jpg,f986268e27e82b25d9598e6e9658e19b9fc90473083677fa6d29de09760a9ca9,10829,,,true
P01_BLUE_C_000007,P01,BLUE,C,image_000007.jpg,training/P01/BLUE/C/images/image_000007.jpg,ce16563c391619d3d9564ef1570cfa4476c7a83dda4937e1c4c6f90beb6afcc9,10580,,,true
P01_BLUE_C_000008,P01,BLUE,C,image_000008.jpg,training/P01/BLUE/C/images/image_000008.jpg,a4ed04b15376dd5397c24442a22855161bf5319c9c4280404bff612687e2d704,10383,,,true
P01_BLUE_C_000009,P01,BLUE,C,image_000009.jpg,training/P01/BLUE/C/images/image_000009.jpg,06a3fa242be8a532f370ef2429b4c39bbc52b6e908b71b30666b145d7329f332,10349,,,true
P01_BLUE_C_000010,P01,BLUE,C,image_000010.jpg,training/P01/BLUE/C/images/image_000010.jpg,52647ccc9ede2a8639185cc3ad4dbe85c3c225accf5844408e027807a96e9131,10187,,,true
P01_BLUE_C_000011,P01,BLUE,C,image_000011.jpg,training/P01/BLUE/C/images/image_000011.jpg,fd58b71ada1f30fcd6b770c8c3d37c28b8d23e0c17ccdf8272860d3f56f960b8,10301,,,true
P01_BLUE_C_000012,P01,BLUE,C,image_000012.jpg,training/P01/BLUE/C/images/image_000012.jpg,09df95187dd98910e87fcf7e0db5cfc31dfc220c552a3abdd9181f8a42ab1f11,10470,,,true
P01_BLUE_C_000013,P01,BLUE,C,image_000013.jpg,training/P01/BLUE/C/images/image_000013.jpg,23d2946de96e0126cc3ab6db5cce595e160066ca8b4dbe924e6743a32f98c76b,10309,,,true
P01_BLUE_C_000014,P01,BLUE,C,image_000014.jpg,training/P01/BLUE/C/images/image_000014.jpg,afddb3bdede211afcc882ce78405f7ce8eed77638277310c85034d16f15705ce,10312,,,true
P01_BLUE_C_000015,P01,BLUE,C,image_000015.jpg,training/P01/BLUE/C/images/image_000015.jpg,92f46daea8c149ad8b2e5946e84ce8c9c1483e426bb3796561b0d7a94522ca5a,10222,,,true
P01_BLUE_C_000016,P01,BLUE,C,image_000016.jpg,training/P01/BLUE/C/images/image_000016.jpg,67dc70809d39d99044f921cc69120b1b58d01e937279d10e809486058359b990,10333,,,true
P01_BLUE_C_000017,P01,BLUE,C,image_000017.jpg,training/P01/BLUE/C/images/image_000017.jpg,f4a81c4b876ef095c0a12d15204bad3f81dc20f02512f1bd081bd4a38f52ebad,10697,,,true
P01_BLUE_C_000018,P01,BLUE,C,image_000018.jpg,training/P01/BLUE/C/images/image_000018.jpg,2e70475b0fb87c7446f4af2e27516cf229d8fa342a593ea94ce7957b89f41d73,10360,,,true
P01_BLUE_C_000019,P01,BLUE,C,image_000019.jpg,training/P01/BLUE/C/images/image_000019.jpg,b2c79c3a8bb763173144ba2832e1f4d862586f8bea7b681ce4d44cf9fb389eab,10398,,,true
P01_BLUE_C_000020,P01,BLUE,C,image_000020.jpg,training/P01/BLUE/C/images/image_000020.jpg,b9bf6f09ca2ddfa3b669657f7eaf27683d3dc1e36ebc09824c24dcfeb547bc49,10414,,,true
P01_BLUE_C_000021,P01,BLUE,C,image_000021.jpg,training/P01/BLUE/C/images/image_000021.jpg,a6013ab852ed2faff64d02bb316e49330c9d10e72920401d590118a01d26a1d1,10528,,,true
P01_BLUE_C_000022,P01,BLUE,C,image_000022.jpg,training/P01/BLUE/C/images/image_000022.jpg,604ece39eaa052a108055926b1c6fc73b363ff0210ca016408fa9adc7891bf03,10627,,,true
P01_BLUE_C_000023,P01,BLUE,C,image_000023.jpg,training/P01/BLUE/C/images/image_000023.jpg,bbd647df066561b4ea468ad4dbf6d1a181e9ec92515834b4e7e877a07bdcda53,10383,,,true
P01_BLUE_C_000024,P01,BLUE,C,image_000024.jpg,training/P01/BLUE/C/images/image_000024.jpg,9a57a590e4b9f6f4728166db0f74a4c97a328953e804c527bf60cb55f6abaf9f,9801,,,true
P01_BLUE_C_000025,P01,BLUE,C,image_000025.jpg,training/P01/BLUE/C/images/image_000025.jpg,e76a7fa9a62d4a76e27b9d59fe4ce270f55531937dc3323b1a3710084e29446a,9755,,,true
P01_BLUE_E_000001,P01,BLUE,E,image_000001.jpg,training/P01/BLUE/E/images/image_000001.jpg,38eaeb7828b938c1ac86635649ab73442bb20bfca45d5a76de57df99e29dc4a1,10263,,,true
P01_BLUE_E_000002,P01,BLUE,E,image_000002.jpg,training/P01/BLUE/E/images/image_000002.jpg,f8f9cc76ca778529970b21728a2cde98e4ba0e2e9123fc79f7c92d1ea2c8c2bd,10389,,,true
P01_BLUE_E_000003,P01,BLUE,E,image_000003.jpg,training/P01/BLUE/E/images/image_000003.jpg,4d97237b05377284fb964be5aefe5af60e24328973d6ff621f2e85d88aae3593,10235,,,true
P01_BLUE_E_000004,P01,BLUE,E,image_000004.jpg,training/P01/BLUE/E/images/image_000004.jpg,6e5b615d6b2cd1e89965c2830efc603850024c1bcd9b6bb9eb36c48bc6c5e9ac,10387,,,true
P01_BLUE_E_000005,P01,BLUE,E,image_000005.jpg,training/P01/BLUE/E/images/image_000005.jpg,eb6858b83f79f48922eec9a35653f626e5511425750f9fc8152a01cc5204ac06,9996,,,true
P01_BLUE_E_000006,P01,BLUE,E,image_000006.jpg,training/P01/BLUE/E/images/image_000006.jpg,ef78fa4dc0a932e1c84688d436d2d84ba853f4a2ed27ab59258c00022a74aa71,10203,,,true
P01_BLUE_E_000007,P01,BLUE,E,image_000007.jpg,training/P01/BLUE/E/images/image_000007.jpg,215dcdbc1e8f363dcc2bba88aad088fdcc5f8fe43eb56690564981a5a2377448,10261,,,true
P01_BLUE_E_000008,P01,BLUE,E,image_000008.jpg,training/P01/BLUE/E/images/image_000008.jpg,b58468d2dbc7f71ef194c81e220cf35966d9331b72c8577eff523b8917b8d888,10060,,,true
P01_BLUE_E_000009,P01,BLUE,E,image_000009.jpg,training/P01/BLUE/E/images/image_000009.jpg,16c32c87f269b09a5bb69d8141c3539f6c901af5a1762d6ebd35bf7ef9c93361,10461,,,true
P01_BLUE_E_000010,P01,BLUE,E,image_000010.jpg,training/P01/BLUE/E/images/image_000010.jpg,7450ba482b1c8eeda11d67ae339f46f45de5c02b7932f16d11d6cb7938530358,10364,,,true
P01_BLUE_E_000011,P01,BLUE,E,image_000011.jpg,training/P01/BLUE/E/images/image_000011.jpg,30aeed063a6c198070876e9b20410cd9a34c9fb6aeabc8b37311e02b4acda0f4,10615,,,true
P01_BLUE_E_000012,P01,BLUE,E,image_000012.jpg,training/P01/BLUE/E/images/image_000012.jpg,c9cc87719b19c3ec6ede3591e9ed73894384140f9beca07f1735b8788782f1d5,10379,,,true
P01_BLUE_E_000013,P01,BLUE,E,image_000013.jpg,training/P01/BLUE/E/images/image_000013.jpg,dd3e6ea58e94ff8a5c4e563f599d75300e1cef33e11ae9c3f99625e9ad3183ea,10593,,,true
P01_BLUE_E_000014,P01,BLUE,E,image_000014.jpg,training/P01/BLUE/E/images/image_000014.jpg,eef32e7dcb6d48026a32719ee221eb6fe70eb472b5b49b766918b9b9e283acfc,10645,,,true
P01_BLUE_E_000015,P01,BLUE,E,image_000015.jpg,training/P01/BLUE/E/images/image_000015.jpg,6f0a8d7d688902d901bfe169f7bf661ecba725027a952f63e29ab4db0fc40fe4,10585,,,true
P01_BLUE_E_000016,P01,BLUE,E,image_000016.jpg,training/P01/BLUE/E/images/image_000016.jpg,2c43c4fd1483c0fb21fc1c3db72e2b0fefdc5f0fab2515eedfe25117f74767fe,10446,,,true
P01_BLUE_E_000017,P01,BLUE,E,image_000017.jpg,training/P01/BLUE/E/images/image_000017.jpg,49ee17a0d798daf5cfc4b9b403e1de4d68af5d4d9fc300c386b524670ff2bd01,10396,,,true
P01_BLUE_E_000018,P01,BLUE,E,image_000018.jpg,training/P01/BLUE/E/images/image_000018.jpg,05e350059eb3c07df6a0cdd7697702243f3022bd68980c8f30e39d2c1c7a7571,10546,,,true
P01_BLUE_E_000019,P01,BLUE,E,image_000019.jpg,training/P01/BLUE/E/images/image_000019.jpg,e1d5408a34147b0c57d505cd282a28ec17f9b37ec23133fa90b7b0cb8d2782ef,10543,,,true
P01_BLUE_E_000020,P01,BLUE,E,image_000020.jpg,training/P01/BLUE/E/images/image_000020.jpg,6de3405080866678bf4dddc3d3d72c51870096b64b601f04b51d3730510f43d4,10490,,,true
P01_BLUE_E_000021,P01,BLUE,E,image_000021.jpg,training/P01/BLUE/E/images/image_000021.jpg,0617ab36270b84a9768b228a1bc1cc9d503d02b747c25d13f50085773a7f3b13,10785,,,true
P01_BLUE_E_000022,P01,BLUE,E,image_000022.jpg,training/P01/BLUE/E/images/image_000022.jpg,1dd682c76fbf13bbb0fb73cfff5bc73a83b8f4726f90c364ba739251041dcb79,10764,,,true
P01_BLUE_E_000023,P01,BLUE,E,image_000023.jpg,training/P01/BLUE/E/images/image_000023.jpg,2accd8311e7f4ae9abf86be69920b12228f4e5b43aa72c5cd08ca514d64f12a2,10648,,,true
P01_BLUE_E_000024,P01,BLUE,E,image_000024.jpg,training/P01/BLUE/E/images/image_000024.jpg,c4d405727fa99cf70bf69a02fdb0f547ce2a273cb0da1ec8b25352fb7128b607,10677,,,true
P01_BLUE_E_000025,P01,BLUE,E,image_000025.jpg,training/P01/BLUE/E/images/image_000025.jpg,6016fb28a4ae6da6cc8c7046f44014871e35c4eee3ca8197cc16ac041126559f,10731,,,true
P01_BLUE_I_000001,P01,BLUE,I,image_000001.jpg,training/P01/BLUE/I/images/image_000001.jpg,15bb3a1a4fe3d107a476d63f7942f678a8d403506bbbeb7eef37727f673108a8,10222,,,true
P01_BLUE_I_000002,P01,BLUE,I,image_000002.jpg,training/P01/BLUE/I/images/image_000002.jpg,98f3107bc40bd5c79c25dfa37b9da2f4865a591e7d2241498f60e230d9d42ccd,10310,,,true
P01_BLUE_I_000003,P01,BLUE,I,image_000003.jpg,training/P01/BLUE/I/images/image_000003.jpg,5e2d922afe1ca7819fe3f694f40830d5acbcf9fd95f57a7b7e898fe1556aba9b,10044,,,true
P01_BLUE_I_000004,P01,BLUE,I,image_000004.jpg,training/P01/BLUE/I/images/image_000004.jpg,8255def9154dc10de7e8a4db5d90549e721b495a24c284f77698d65977e40589,10038,,,true
P01_BLUE_I_000005,P01,BLUE,I,image_000005.jpg,training/P01/BLUE/I/images/image_000005.jpg,a0627ddbd7814b53ef5f6df8b4d1615aa88aaf2e6d0d1520896d478a28b7e9bc,10188,,,true
P01_BLUE_I_000006,P01,BLUE,I,image_000006.jpg,training/P01/BLUE/I/images/image_000006.jpg,4b7f204866f31bce7e7a4bfb87f2147ed5d998a141e83f0ec2171d9ba6972fa3,10322,,,true
P01_BLUE_I_000007,P01,BLUE,I,image_000007.jpg,training/P01/BLUE/I/images/image_000007.jpg,74b3d8fa47fd2f7113e4a7abe9e158af149695b9c4f135d84825de45e379e9da,10241,,,true
P01_BLUE_I_000008,P01,BLUE,I,image_000008.jpg,training/P01/BLUE/I/images/image_000008.jpg,9dac7798c30329d7a41a2b248499e6ad640cd364141f6d346c1bbe2d3a2e2260,10134,,,true
P01_BLUE_I_000009,P01,BLUE,I,image_000009.jpg,training/P01/BLUE/I/images/image_000009.jpg,e93f8202ec30a0090d2da40f0c9153dbe8de031e9676108ca761d3e48a400b8c,10417,,,true
P01_BLUE_I_000010,P01,BLUE,I,image_000010.jpg,training/P01/BLUE/I/images/image_000010.jpg,7ae2a98101d1363b559e47c0f8c03e4a492a930ee8f269526c1476369d1804fb,10422,,,true
P01_BLUE_I_000011,P01,BLUE,I,image_000011.jpg,training/P01/BLUE/I/images/image_000011.jpg,7ef38932aa6ae8c0b3cd21393d16ecbacb43e73cf530aa84964e2ff9228d9c33,10362,,,true
P01_BLUE_I_000012,P01,BLUE,I,image_000012.jpg,training/P01/BLUE/I/images/image_000012.jpg,f7a33835d7851dec225bf2b69b57ae54631a391ad98c9bfa5cf708de0afdc520,10489,,,true
P01_BLUE_I_000013,P01,BLUE,I,image_000013.jpg,training/P01/BLUE/I/images/image_000013.jpg,2d217488f47bb2620549bff1ec14392247fcddda8ba258a58f75688f669b91a2,10186,,,true
P01_BLUE_I_000014,P01,BLUE,I,image_000014.jpg,training/P01/BLUE/I/images/image_000014.jpg,5b491ffb96fafed47b73321b44196f32fd111641f91378714f7cc96b689440a2,10050,,,true
P01_BLUE_I_000015,P01,BLUE,I,image_000015.jpg,training/P01/BLUE/I/images/image_000015.jpg,604d6bb11b435d6d62a55d7a2b3ff2a0938e21d9b6fd644ae42423fadbd11730,10183,,,true
P01_BLUE_I_000016,P01,BLUE,I,image_000016.jpg,training/P01/BLUE/I/images/image_000016.jpg,fbe518924e6627fb6974f492a361f9fa3d5bf58835aad7cdb158e50d6dc9459d,10365,,,true
P01_BLUE_I_000017,P01,BLUE,I,image_000017.jpg,training/P01/BLUE/I/images/image_000017.jpg,0d220bdee2a6653dd05c86646aabbca32526f5b846f04215e1e1df2db4f96632,10244,,,true
P01_BLUE_I_000018,P01,BLUE,I,image_000018.jpg,training/P01/BLUE/I/images/image_000018.jpg,909eeaa12c91d3ca1cf3a7ae6c35bfec53e968c5be571b6eaad47fd295c4ebcc,10227,,,true
P01_BLUE_I_000019,P01,BLUE,I,image_000019.jpg,training/P01/BLUE/I/images/image_000019.jpg,6a3865ff96fa09abcd136ae77f5af315f3e1d762770a7507deb029d1f4f0a554,10064,,,true
P01_BLUE_I_000020,P01,BLUE,I,image_000020.jpg,training/P01/BLUE/I/images/image_000020.jpg,ed5967255625b2542abbdce52aa70008d299b7c07c0afffef7377ce2e15774cc,10315,,,true
P01_BLUE_I_000021,P01,BLUE,I,image_000021.jpg,training/P01/BLUE/I/images/image_000021.jpg,9c43224781f0a6787c5cc582528345c2c81e46eff32347531c85aa9cfb29cc54,10384,,,true
P01_BLUE_I_000022,P01,BLUE,I,image_000022.jpg,training/P01/BLUE/I/images/image_000022.jpg,8877571847cbd2fd9a44d80fa23b3ea7f6453fd0a582a6d41846ac4a87af7928,10068,,,true
P01_BLUE_I_000023,P01,BLUE,I,image_000023.jpg,training/P01/BLUE/I/images/image_000023.jpg,4c05285bac389b53c629a21416c075e19b1f2b3dc85608be8fab7445e0fa6fab,10202,,,true
P01_BLUE_I_000024,P01,BLUE,I,image_000024.jpg,training/P01/BLUE/I/images/image_000024.jpg,94d2e5b7c1a425fb6f043f33ddd2af2813a4d18e78163148dbe8de35fab21b83,10456,,,true
P01_BLUE_I_000025,P01,BLUE,I,image_000025.jpg,training/P01/BLUE/I/images/image_000025.jpg,ff22baeb32f20adcfb50281a840a56f1d2b2ff11d41a0705efde1e9c5ce284a8,10394,,,true
P01_BLUE_L_000001,P01,BLUE,L,image_000001.jpg,training/P01/BLUE/L/images/image_000001.jpg,4f0a12f7cef26c595c0351e0d9b69291ab2e2b927ab1112548185fcd9d701b7f,10711,,,true
P01_BLUE_L_000002,P01,BLUE,L,image_000002.jpg,training/P01/BLUE/L/images/image_000002.jpg,87b4d95c42c0f0cb0be688c7ddb148cc72f6caf2b55b5ea587bc28a8a7a0924b,10826,,,true
P01_BLUE_L_000003,P01,BLUE,L,image_000003.jpg,training/P01/BLUE/L/images/image_000003.jpg,85b2f2963326761a96b44ff8d9ed016135a1e37f4e634b073daad30810bd4061,10747,,,true
P01_BLUE_L_000004,P01,BLUE,L,image_000004.jpg,training/P01/BLUE/L/images/image_000004.jpg,6ecc0a65f4e3a8bbd0be3b513028e12afe7fdccc5ccc13dc6826a7ebda8e663e,9855,,,true
P01_BLUE_L_000005,P01,BLUE,L,image_000005.jpg,training/P01/BLUE/L/images/image_000005.jpg,50fd56735c1e0eeab0fbf58024318d0a48781d09069bbc51dd518ceb73365b0a,10231,,,true
P01_BLUE_L_000006,P01,BLUE,L,image_000006.jpg,training/P01/BLUE/L/images/image_000006.jpg,3988f0d8e03a77b58559325ce07e2a202d2d968cb659c23249875ba87fdd91d8,10178,,,true
P01_BLUE_L_000007,P01,BLUE,L,image_000007.jpg,training/P01/BLUE/L/images/image_000007.jpg,02f91c1a10cd73dc3b13fdc1aa22641cf3031f1a41db83ebe83d52e5dbdc8b4b,10392,,,true
P01_BLUE_L_000008,P01,BLUE,L,image_000008.jpg,training/P01/BLUE/L/images/image_000008.jpg,821b1e18c93a3ff5ad05a661354ae610e0cc9ed516bec70cc82fd3f1e43d4a86,10496,,,true
P01_BLUE_L_000009,P01,BLUE,L,image_000009.jpg,training/P01/BLUE/L/images/image_000009.jpg,a0e6f3af21f6c7fa141da99a16ed398fd52524456fcdf5763bc312be24821b57,10341,,,true
P01_BLUE_L_000010,P01,BLUE,L,image_000010.jpg,training/P01/BLUE/L/images/image_000010.jpg,984074bf8b580ded394912905c285696e9aaf52948a39110ecaae1e8a1c89e15,10602,,,true
P01_BLUE_L_000011,P01,BLUE,L,image_000011.jpg,training/P01/BLUE/L/images/image_000011.jpg,18197f0b553e6a3a2e0877eb3ef68b102564b72f1f01dff6768dfc8e76a23360,10680,,,true
P01_BLUE_L_000012,P01,BLUE,L,image_000012.jpg,training/P01/BLUE/L/images/image_000012.jpg,51a1ad5f748b8ebbe4a480091bb4cafc9554dcf5919b50299da9e18411854dee,10493,,,true
P01_BLUE_L_000013,P01,BLUE,L,image_000013.jpg,training/P01/BLUE/L/images/image_000013.jpg,86a2de1089e7752be6d9eb71da567c29600400bc0cf935962f7b02d09b19226d,10724,,,true
P01_BLUE_L_000014,P01,BLUE,L,image_000014.jpg,training/P01/BLUE/L/images/image_000014.jpg,e89b19853978f215ebec6fc36702c55b52297a7048c6af0bd29af8b1c581ae94,10384,,,true
P01_BLUE_L_000015,P01,BLUE,L,image_000015.jpg,training/P01/BLUE/L/images/image_000015.jpg,e5269c92b65f029027989722209f8b0c646cb39d425be4f6dc69728fe6d78ebc,10569,,,true
P01_BLUE_L_000016,P01,BLUE,L,image_000016.jpg,training/P01/BLUE/L/images/image_000016.jpg,17183dd512113dde3a0ffc3fe1bf4df648baf7f95dee48d71458048c1840508c,10321,,,true
P01_BLUE_L_000017,P01,BLUE,L,image_000017.jpg,training/P01/BLUE/L/images/image_000017.jpg,8abdd0e1a9826b9c8301a22574bef00da5009ead8416fcd80aa9b5081f887beb,10486,,,true
P01_BLUE_L_000018,P01,BLUE,L,image_000018.jpg,training/P01/BLUE/L/images/image_000018.jpg,3f7b32214c0d9290c55b065f1808c0b8d0fa4382fdcb5c1ba8c0d8a3aa7f35d2,10275,,,true
P01_BLUE_L_000019,P01,BLUE,L,image_000019.jpg,training/P01/BLUE/L/images/image_000019.jpg,6903855e72ddf5e8891dd395bf02708d596322f72fea21f075b983eb186267d2,10411,,,true
P01_BLUE_L_000020,P01,BLUE,L,image_000020.jpg,training/P01/BLUE/L/images/image_000020.jpg,7fdbfaaad6d0b7bdc3e7229a029c529cb8ce40148e459e10989ada2a7525de94,10195,,,true
P01_BLUE_L_000021,P01,BLUE,L,image_000021.jpg,training/P01/BLUE/L/images/image_000021.jpg,bff104df29aa911976d39a6e954e3f75c9b6ff4be7317d0f79c0f7d5ebc122e2,10219,,,true
P01_BLUE_L_000022,P01,BLUE,L,image_000022.jpg,training/P01/BLUE/L/images/image_000022.jpg,4c50e52f5f8bb12df5acd6cd2ea9830a04404bdba3506f679830bf9e85f380d5,10413,,,true
P01_BLUE_L_000023,P01,BLUE,L,image_000023.jpg,training/P01/BLUE/L/images/image_000023.jpg,c4a1cbbf04ef94815d016a4943f4a25b9613b923f8ba24b07aadaacece305ded,10326,,,true
P01_BLUE_L_000024,P01,BLUE,L,image_000024.jpg,training/P01/BLUE/L/images/image_000024.jpg,caab130ceb8ecf7236f8c984519a0950392dfa9d39a0306ab399d652f40e8692,10343,,,true
P01_BLUE_L_000025,P01,BLUE,L,image_000025.jpg,training/P01/BLUE/L/images/image_000025.jpg,aa9fe9abb4ffd5142ca9d5ee233c5c55ac81ade1868667b65580dee75bbd9682,10147,,,true
P01_BLUE_M_000001,P01,BLUE,M,image_000001.jpg,training/P01/BLUE/M/images/image_000001.jpg,1ca7f31bb4961b7308c82f84bc67032539ea4e45dbc4b5e3289c7ab63e74e52f,10362,,,true
P01_BLUE_M_000002,P01,BLUE,M,image_000002.jpg,training/P01/BLUE/M/images/image_000002.jpg,eea106b1726881a1fb85e1d51203383347592a65511aeb47da231f2db65380ee,10325,,,true
P01_BLUE_M_000003,P01,BLUE,M,image_000003.jpg,training/P01/BLUE/M/images/image_000003.jpg,49b31b4916b27031bf5ec24d76a3cb2a71a50a22bc00d6c72f6bd39ca6737dea,10236,,,true
P01_BLUE_M_000004,P01,BLUE,M,image_000004.jpg,training/P01/BLUE/M/images/image_000004.jpg,026c5b5529b144431efc32828bf8b8f4fcead15c3c8a4eb951142cfc616f8083,10306,,,true
P01_BLUE_M_000005,P01,BLUE,M,image_000005.jpg,training/P01/BLUE/M/images/image_000005.jpg,9fe60ce269e8de77dfcf939f444111262fe40285942a12afc142313afcc7ce4e,10477,,,true
P01_BLUE_M_000006,P01,BLUE,M,image_000006.jpg,training/P01/BLUE/M/images/image_000006.jpg,c074f1c03f60c74fdd4e83134bb2e4b817fde8a41ca58800b4166c87f5940c01,10484,,,true
P01_BLUE_M_000007,P01,BLUE,M,image_000007.jpg,training/P01/BLUE/M/images/image_000007.jpg,4d9463853dfde0e2214882cc6ae5ca7e70a2f5d9dbf7df7ee3f921238fe705b4,10734,,,true
P01_BLUE_M_000008,P01,BLUE,M,image_000008.jpg,training/P01/BLUE/M/images/image_000008.jpg,b8625c4308c5368ebe953f819c2e921caceedcb3d49a03acf294a212c6785a4f,10775,,,true
P01_BLUE_M_000009,P01,BLUE,M,image_000009.jpg,training/P01/BLUE/M/images/image_000009.jpg,0d67f0d1c3e848f4fea48a08954cf0cc7e81496941dd92d426b4c9d542ad7aed,10471,,,true
P01_BLUE_M_000010,P01,BLUE,M,image_000010.jpg,training/P01/BLUE/M/images/image_000010.jpg,387fcccf02b7df9427612acd7e5de65d968c9fcb8bc7aa7924b0793cd103f165,10653,,,true
P01_BLUE_M_000011,P01,BLUE,M,image_000011.jpg,training/P01/BLUE/M/images/image_000011.jpg,a376a9c45496baa3c27a7e3407e1e9bd095fdf7033e55a145306dc9c5c84ccd7,10317,,,true
P01_BLUE_M_000012,P01,BLUE,M,image_000012.jpg,training/P01/BLUE/M/images/image_000012.jpg,4a0fd9cb3d9d87973f4793bda122b59fad49bae1d30a794b746e54ca3052d702,10516,,,true
P01_BLUE_M_000013,P01,BLUE,M,image_000013.jpg,training/P01/BLUE/M/images/image_000013.jpg,da956a3bfd046cb0059eecf97d88097187e7010bf3d31ea8dd6ef26ed5315eab,10569,,,true
P01_BLUE_M_000014,P01,BLUE,M,image_000014.jpg,training/P01/BLUE/M/images/image_000014.jpg,aef9fd15dc61f0a59340824811b70c81cb101b9f069fcf0ed3b7da990377d911,10511,,,true
P01_BLUE_M_000015,P01,BLUE,M,image_000015.jpg,training/P01/BLUE/M/images/image_000015.jpg,af3cd30805efc6091e94131ec6a14b4290e670f0c4ebda4669a1249d57f4dda4,10597,,,true
P01_BLUE_M_000016,P01,BLUE,M,image_000016.jpg,training/P01/BLUE/M/images/image_000016.jpg,71a00b6e8f955bf020f695b637afb7a9ce1daa3351be77d4ab68d4e807a79551,10602,,,true
P01_BLUE_M_000017,P01,BLUE,M,image_000017.jpg,training/P01/BLUE/M/images/image_000017.jpg,02d3c591f3afc7062cec03a5391b9896e432efe75e22e362bebc7fc47ba1c552,10590,,,true
P01_BLUE_M_000018,P01,BLUE,M,image_000018.jpg,training/P01/BLUE/M/images/image_000018.jpg,20b9c5ddd3b25a4038ef411efced7fe5e2eb5174d666326b6fd9f12fb5be3b58,10782,,,true
P01_BLUE_M_000019,P01,BLUE,M,image_000019.jpg,training/P01/BLUE/M/images/image_000019.jpg,497dd7b328aef52213daa4e9c9c1f9d7c3354e891e3036f100cdf2c6e3b61165,10594,,,true
P01_BLUE_M_000020,P01,BLUE,M,image_000020.jpg,training/P01/BLUE/M/images/image_000020.jpg,d86fcb34e022b123b2ae64205d91d780af73657e2c745e11b890286303b71aa7,10541,,,true
P01_BLUE_M_000021,P01,BLUE,M,image_000021.jpg,training/P01/BLUE/M/images/image_000021.jpg,7857d83c88423e9fc282f6265a7068748debaa84cfedd35196e4aacd23ab63de,10441,,,true
P01_BLUE_M_000022,P01,BLUE,M,image_000022.jpg,training/P01/BLUE/M/images/image_000022.jpg,23d3585ae9aa1f712fb8f6c6a13cd65a5f1c0df842d7d3ab168a7f7deae1ce3e,10587,,,true
P01_BLUE_M_000023,P01,BLUE,M,image_000023.jpg,training/P01/BLUE/M/images/image_000023.jpg,00f05552a9d19e40a0df50430fed47d719824442a9db197e30decea6e802cbfa,10450,,,true
P01_BLUE_M_000024,P01,BLUE,M,image_000024.jpg,training/P01/BLUE/M/images/image_000024.jpg,20e6c6b9ab589186079f2cf68171dc203524f5dc95b8def9d0ab718d8404edbd,10327,,,true
P01_BLUE_M_000025,P01,BLUE,M,image_000025.jpg,training/P01/BLUE/M/images/image_000025.jpg,e0e26f8e5d707bca52b9d2f732b3f4303757f38c13dd550c570f8cd631d5ac82,10473,,,true
P01_BLUE_N_000001,P01,BLUE,N,image_000001.jpg,training/P01/BLUE/N/images/image_000001.jpg,508c148356a0f54d29505e3b0f31a03d9222a8a407db2a893a6ce5babbe178f4,10772,,,true
P01_BLUE_N_000002,P01,BLUE,N,image_000002.jpg,training/P01/BLUE/N/images/image_000002.jpg,01c24acc13a9a7852b4648853f7b184d1a4be6fd0e36a97745b3163a1bcc8d87,10760,,,true
P01_BLUE_N_000003,P01,BLUE,N,image_000003.jpg,training/P01/BLUE/N/images/image_000003.jpg,ee4828ee9e0b76fe4f09a9a2812d4cb40e9325cbab250fe268573e37bf47e1b3,10841,,,true
P01_BLUE_N_000004,P01,BLUE,N,image_000004.jpg,training/P01/BLUE/N/images/image_000004.jpg,6631e949ecba9ac50d81cd983f9e9dc41fdc8375ce947206c49b8df3fe15710a,10906,,,true
P01_BLUE_N_000005,P01,BLUE,N,image_000005.jpg,training/P01/BLUE/N/images/image_000005.jpg,216528a393621c8e4eedcd7c3ea9fed41f0a9eef08b2f2c8b5192fbaa04c1a58,10818,,,true
P01_BLUE_N_000006,P01,BLUE,N,image_000006.jpg,training/P01/BLUE/N/images/image_000006.jpg,18bd98f211e78ef45076571a5ee597c41990160f504b7a3eee3023d9b9c8e18b,10840,,,true
P01_BLUE_N_000007,P01,BLUE,N,image_000007.jpg,training/P01/BLUE/N/images/image_000007.jpg,388723721ef8aac5a72e76ca0be81531ea58ac66b1af346117a0bff2ff798578,10840,,,true
P01_BLUE_N_000008,P01,BLUE,N,image_000008.jpg,training/P01/BLUE/N/images/image_000008.jpg,f59f0c9d87fb0cf83ec9afd3608c71d314e99f67506a63ae6ae5ec6e08487753,10747,,,true
P01_BLUE_N_000009,P01,BLUE,N,image_000009.jpg,training/P01/BLUE/N/images/image_000009.jpg,97fd2ba43ce1bc53327f27417ee61f40535e3e024965c4ce51de2a83ce0078bc,10516,,,true
P01_BLUE_N_000010,P01,BLUE,N,image_000010.jpg,training/P01/BLUE/N/images/image_000010.jpg,c2a43ff404996f81fe7909c3ea71ede990be6bb1e54c0c28d34ec0bc1340b98d,10571,,,true
P01_BLUE_N_000011,P01,BLUE,N,image_000011.jpg,training/P01/BLUE/N/images/image_000011.jpg,805ffc542fcfe81e3dd08e527fed076d7ecf8966942f1a00c21035842ab8883e,10477,,,true
P01_BLUE_N_000012,P01,BLUE,N,image_000012.jpg,training/P01/BLUE/N/images/image_000012.jpg,468b7930974f959915aa5ea7a8f23983546356be227fabd182184bd326937479,10520,,,true
P01_BLUE_N_000013,P01,BLUE,N,image_000013.jpg,training/P01/BLUE/N/images/image_000013.jpg,082ca29b8dd279469fea2e88acd2541ac8e25f3410a23614d2ebb5e6f2a52d65,10531,,,true
P01_BLUE_N_000014,P01,BLUE,N,image_000014.jpg,training/P01/BLUE/N/images/image_000014.jpg,13f44fd45c47d8257de6dda4d53adefaf50158ca0d91ca424618e190059221b5,10560,,,true
P01_BLUE_N_000015,P01,BLUE,N,image_000015.jpg,training/P01/BLUE/N/images/image_000015.jpg,2ae1e96774bc07e627e40836725446493a7b32db844316b4acd25134c1aacf2c,10435,,,true
P01_BLUE_N_000016,P01,BLUE,N,image_000016.jpg,training/P01/BLUE/N/images/image_000016.jpg,2849c528407b91836793fa600f5bec10f5622d018aa1825452ef819881129965,10454,,,true
P01_BLUE_N_000017,P01,BLUE,N,image_000017.jpg,training/P01/BLUE/N/images/image_000017.jpg,810fe4b496c6390c3e5406a1cce609c816f4bd1d4b5ed51f56f04aa03af68d56,10441,,,true
P01_BLUE_N_000018,P01,BLUE,N,image_000018.jpg,training/P01/BLUE/N/images/image_000018.jpg,9cb66339635e7badce1df60f672d37aea09fc17cfe4e39bb53642137ef9bd870,10123,,,true
P01_BLUE_N_000019,P01,BLUE,N,image_000019.jpg,training/P01/BLUE/N/images/image_000019.jpg,9466d240cd420cd9a9146176c7601f9016e5d7ca5f09d2beca1904890112af47,10489,,,true
P01_BLUE_N_000020,P01,BLUE,N,image_000020.jpg,training/P01/BLUE/N/images/image_000020.jpg,377d0b5c576aedb0564e7d5bf41310a168378d6d0c3a9b795d03bffb32a3c516,10499,,,true
P01_BLUE_N_000021,P01,BLUE,N,image_000021.jpg,training/P01/BLUE/N/images/image_000021.jpg,0ea9753352db9366054bc30516e379b6385ec39f46766aaaf96410cccab36e53,10542,,,true
P01_BLUE_N_000022,P01,BLUE,N,image_000022.jpg,training/P01/BLUE/N/images/image_000022.jpg,cb7c536781989de59138f37bb2d32ad148f242ff021372a4ce65306cb0bb8a82,10767,,,true
P01_BLUE_N_000023,P01,BLUE,N,image_000023.jpg,training/P01/BLUE/N/images/image_000023.jpg,f435a2b0ec4cd6e056a7b9e11a8b682c01e164076c49e2edbc12bacc3760cd8b,10778,,,true
P01_BLUE_N_000024,P01,BLUE,N,image_000024.jpg,training/P01/BLUE/N/images/image_000024.jpg,e279da8fae5c06e77ebf09ecfed93ed143c130156b16190a556bfd9b937ddcd6,10693,,,true
P01_BLUE_N_000025,P01,BLUE,N,image_000025.jpg,training/P01/BLUE/N/images/image_000025.jpg,2a401af37c5de2220597a9f2a384b6e32ca6d627cf163c0544c982d32e0d1995,10687,,,true
P01_BLUE_O_000001,P01,BLUE,O,image_000001.jpg,training/P01/BLUE/O/images/image_000001.jpg,c083187c92bc5502703c8a59964260e48ef4fe7101594c4154c69fbfc0ea57ec,10518,,,true
P01_BLUE_O_000002,P01,BLUE,O,image_000002.jpg,training/P01/BLUE/O/images/image_000002.jpg,91e0d9f1aab9ea72dcc8ef6fbc0915cfd214ecd271a138c756f365ee8576bd5c,10381,,,true
P01_BLUE_O_000003,P01,BLUE,O,image_000003.jpg,training/P01/BLUE/O/images/image_000003.jpg,2b379e22c0d5057475e84ec58725c3df27e4c9acce46911a9986ab79fe4ca91b,10445,,,true
P01_BLUE_O_000004,P01,BLUE,O,image_000004.jpg,training/P01/BLUE/O/images/image_000004.jpg,6a53118e3c72215942b8f12549a680e040c4a186ea793d02268fe7e1f2b23402,10341,,,true
P01_BLUE_O_000005,P01,BLUE,O,image_000005.jpg,training/P01/BLUE/O/images/image_000005.jpg,1697e9c28f9512a1d4ae08b32e2f4ea82a2c8aaa16bced79a960b2e585d57ebd,10259,,,true
P01_BLUE_O_000006,P01,BLUE,O,image_000006.jpg,training/P01/BLUE/O/images/image_000006.jpg,5008a5c05bd789c3d7397e129bb87507b8e9edb5135454ad5dcc846aa72203ae,10380,,,true
P01_BLUE_O_000007,P01,BLUE,O,image_000007.jpg,training/P01/BLUE/O/images/image_000007.jpg,6d05f1c33f288013cfd36b48896aa1e3563219b0e513ef00ec5b6b4fff86e6f3,10431,,,true
P01_BLUE_O_000008,P01,BLUE,O,image_000008.jpg,training/P01/BLUE/O/images/image_000008.jpg,77313b9d00cd6a51593bf377218095f6751cb4bdf2e912c574ba9d1ecc509f6b,10332,,,true
P01_BLUE_O_000009,P01,BLUE,O,image_000009.jpg,training/P01/BLUE/O/images/image_000009.jpg,e6ba3b3c01b4ccbd4af9e7141077dcf19056e2d1151dd8acd9b19e76e393a590,10436,,,true
P01_BLUE_O_000010,P01,BLUE,O,image_000010.jpg,training/P01/BLUE/O/images/image_000010.jpg,cd1b039a8d556c5d7eb75dda50b096798a988953d609be2c7bf386c9061dba42,10344,,,true
P01_BLUE_O_000011,P01,BLUE,O,image_000011.jpg,training/P01/BLUE/O/images/image_000011.jpg,1f0000e86b106b8e6472c44f25ff5230d2b4d1af25fd529b71133aeed65f996a,10607,,,true
P01_BLUE_O_000012,P01,BLUE,O,image_000012.jpg,training/P01/BLUE/O/images/image_000012.jpg,6b9aa6a8623ec7df93ddb85904b24d0598c90d72f0804132735ed43f6b109fcd,10331,,,true
P01_BLUE_O_000013,P01,BLUE,O,image_000013.jpg,training/P01/BLUE/O/images/image_000013.jpg,89ab6b92dc19156e021ad04f42215f8e2e248fae1ef1c284bf2b988d55884f95,10533,,,true
P01_BLUE_O_000014,P01,BLUE,O,image_000014.jpg,training/P01/BLUE/O/images/image_000014.jpg,e4149fe7243f1be035a957bf21da604eceb925b1f441f61c1c58c8bf1f0a9171,10378,,,true
P01_BLUE_O_000015,P01,BLUE,O,image_000015.jpg,training/P01/BLUE/O/images/image_000015.jpg,bafc63cb15ee64f76fecf7375ce4789ba2cc877a998e337f0b176dbc6cbfe3dc,10439,,,true
P01_BLUE_O_000016,P01,BLUE,O,image_000016.jpg,training/P01/BLUE/O/images/image_000016.jpg,81562285e12cf996b55c4349887d678e740935b4c05339a4afe7b044308e8662,10532,,,true
P01_BLUE_O_000017,P01,BLUE,O,image_000017.jpg,training/P01/BLUE/O/images/image_000017.jpg,a3f043dbc8fb09ff2ab35f741d12e8142e2cfbee7b721775a9a27b8ddb239d04,10411,,,true
P01_BLUE_O_000018,P01,BLUE,O,image_000018.jpg,training/P01/BLUE/O/images/image_000018.jpg,2c665a1c7309f6146f2adfa7e8a0c8f1cee1fcef6d95a485186e9a88191f0f49,10544,,,true
P01_BLUE_O_000019,P01,BLUE,O,image_000019.jpg,training/P01/BLUE/O/images/image_000019.jpg,d355bad47731977810d70801779b396f329129b269d0549baf61500e2f3cabda,10235,,,true
P01_BLUE_O_000020,P01,BLUE,O,image_000020.jpg,training/P01/BLUE/O/images/image_000020.jpg,4cd1a1702ae5de8ed17af6fe4a7260cfb39dfe9ed7a6642d6d68d484110bdd7c,10642,,,true
P01_BLUE_O_000021,P01,BLUE,O,image_000021.jpg,training/P01/BLUE/O/images/image_000021.jpg,a190fe1702dba2f52bdf0aad6a5923b85f64472c69b09f19c83deb3cb64a4852,10579,,,true
P01_BLUE_O_000022,P01,BLUE,O,image_000022.jpg,training/P01/BLUE/O/images/image_000022.jpg,39b8b80fc0394d0f38d60266d4268970c028199b81f4bfd6d801d63ce1e5b899,10534,,,true
P01_BLUE_O_000023,P01,BLUE,O,image_000023.jpg,training/P01/BLUE/O/images/image_000023.jpg,4e15ab97914b41da2e2ff2bbeb522612cbdc2b8f5378c5bdcc5a7907ecc66c80,10898,,,true
P01_BLUE_O_000024,P01,BLUE,O,image_000024.jpg,training/P01/BLUE/O/images/image_000024.jpg,50b113aefb5a40abb6b79976d415e7794b037721d159672540eac45b604e4eac,10926,,,true
P01_BLUE_O_000025,P01,BLUE,O,image_000025.jpg,training/P01/BLUE/O/images/image_000025.jpg,eccb377d367002639d345849364830124200ee5419b974e40463d9bf8e7f30c4,10898,,,true
P01_BLUE_P_000001,P01,BLUE,P,image_000001.jpg,training/P01/BLUE/P/images/image_000001.jpg,5f2404baa5eae8b2f025f4709be47ffccfdaf65defd3416dc5bcbe283558d502,10983,,,true
P01_BLUE_P_000002,P01,BLUE,P,image_000002.jpg,training/P01/BLUE/P/images/image_000002.jpg,394c3f62d967d246d44ef1d69ec2ef2f3acd45c3f3ee107a42e504c24121faac,10754,,,true
P01_BLUE_P_000003,P01,BLUE,P,image_000003.jpg,training/P01/BLUE/P/images/image_000003.jpg,df8866a70d7fd85862d35426c85a9cbd98380b990a3991a9df2001d8601fbd9d,10652,,,true
P01_BLUE_P_000004,P01,BLUE,P,image_000004.jpg,training/P01/BLUE/P/images/image_000004.jpg,8e19b324bc3dc9c812aaedd2482ef7559ac850c8b45f8c15b4c3ffa3f34f533c,10581,,,true
P01_BLUE_P_000005,P01,BLUE,P,image_000005.jpg,training/P01/BLUE/P/images/image_000005.jpg,d6b4276cf8e869825075258da18243b9307eade4d8c7237572a4ec92e22dba72,10546,,,true
P01_BLUE_P_000006,P01,BLUE,P,image_000006.jpg,training/P01/BLUE/P/images/image_000006.jpg,cae73fa68f55d7270f0eba3096b2baf365b5c6ee6589519deb5189e89f7554ac,10651,,,true
P01_BLUE_P_000007,P01,BLUE,P,image_000007.jpg,training/P01/BLUE/P/images/image_000007.jpg,83bd47788196376b8ac335ff9f0f11fce0efbcd349e7fe79b5c4e8084e152a42,10739,,,true
P01_BLUE_P_000008,P01,BLUE,P,image_000008.jpg,training/P01/BLUE/P/images/image_000008.jpg,4aeb878f5118b7c61f0c09c20803752af9cd3e7a1597b516279dac2ca195b609,10676,,,true
P01_BLUE_P_000009,P01,BLUE,P,image_000009.jpg,training/P01/BLUE/P/images/image_000009.jpg,85cf7712cf6d876ff659c7e230b20c4d2d7e9de41d1fc0a8d4bcba9e4c486864,10570,,,true
P01_BLUE_P_000010,P01,BLUE,P,image_000010.jpg,training/P01/BLUE/P/images/image_000010.jpg,d190e49c702ec867422e291587ccb2436a14651c8efdf6edd19b27d01af40e31,10504,,,true
P01_BLUE_P_000011,P01,BLUE,P,image_000011.jpg,training/P01/BLUE/P/images/image_000011.jpg,a7c21c0b3cb868393a684ac6f8b5817722665943a8ef9155d6a6cdd58cd5c5e6,10643,,,true
P01_BLUE_P_000012,P01,BLUE,P,image_000012.jpg,training/P01/BLUE/P/images/image_000012.jpg,7be0ddf62e8df09eeda91fe423e1e656158c90b0aa60530f31a953d811eab947,10576,,,true
P01_BLUE_P_000013,P01,BLUE,P,image_000013.jpg,training/P01/BLUE/P/images/image_000013.jpg,6e3d3a43def21b5b00e6165e10b89611511fa3e0c197bbf24c60177393f008df,10648,,,true
P01_BLUE_P_000014,P01,BLUE,P,image_000014.jpg,training/P01/BLUE/P/images/image_000014.jpg,cc71040fb837b59623db878609221f837a32ff9a0d67d61cdc8e7f3494dee94d,10623,,,true
P01_BLUE_P_000015,P01,BLUE,P,image_000015.jpg,training/P01/BLUE/P/images/image_000015.jpg,4eee6dde014d419f2fedecafb0a71e76cf5f3e0bf0d5f2af90a01538cd173660,10895,,,true
P01_BLUE_P_000016,P01,BLUE,P,image_000016.jpg,training/P01/BLUE/P/images/image_000016.jpg,200b9c9331769c25de067021a4bd074b97891d88a1dad991744118f301c069c9,10696,,,true
P01_BLUE_P_000017,P01,BLUE,P,image_000017.jpg,training/P01/BLUE/P/images/image_000017.jpg,3f7f8b7851ca2269687b3d8cbe918b08662b4986320172b56fd0156dbe83b7ae,10649,,,true
P01_BLUE_P_000018,P01,BLUE,P,image_000018.jpg,training/P01/BLUE/P/images/image_000018.jpg,d8f22b4ec85a7099ce520acf13ca65513877d5a050ee9e9d49783b27d1ac8840,10646,,,true
P01_BLUE_P_000019,P01,BLUE,P,image_000019.jpg,training/P01/BLUE/P/images/image_000019.jpg,9b61397a2a03082ecd93dad6882e6632a1be9f66a4981f05cd5236e881c4c079,10802,,,true
P01_BLUE_P_000020,P01,BLUE,P,image_000020.jpg,training/P01/BLUE/P/images/image_000020.jpg,f38d3770fb941754133f1b4c0ef0c03db786842b88cadf3117e790c7360bed78,10595,,,true
P01_BLUE_P_000021,P01,BLUE,P,image_000021.jpg,training/P01/BLUE/P/images/image_000021.jpg,a5b858fe746e664ac0d8f380ff11b842525a5d7427a9ce8569f1c3eabe8da811,10664,,,true
P01_BLUE_P_000022,P01,BLUE,P,image_000022.jpg,training/P01/BLUE/P/images/image_000022.jpg,7b8302b48b349ac03e29a2e4839cf3fbe01b6e89d0e7a25d0de1ee52766a72fd,10633,,,true
P01_BLUE_P_000023,P01,BLUE,P,image_000023.jpg,training/P01/BLUE/P/images/image_000023.jpg,156458040a0cc3df9e5f007774007963f606b2ac5c867795ceb4f7efd6993f23,10859,,,true
P01_BLUE_P_000024,P01,BLUE,P,image_000024.jpg,training/P01/BLUE/P/images/image_000024.jpg,a7f3961c87d37159ce01fe246e028abdc795a7e84ea00790d45d6ad7013da38d,10674,,,true
P01_BLUE_P_000025,P01,BLUE,P,image_000025.jpg,training/P01/BLUE/P/images/image_000025.jpg,493ccfa46b790d490dab60c3f30855982b01edd45c0aac540d4d9479060fa854,10797,,,true
P01_BLUE_R_000001,P01,BLUE,R,image_000001.jpg,training/P01/BLUE/R/images/image_000001.jpg,4e0e0b52222a66485d17363bb7b90069808845fd91334f6210360da199cc7144,10335,,,true
P01_BLUE_R_000002,P01,BLUE,R,image_000002.jpg,training/P01/BLUE/R/images/image_000002.jpg,49979561d5bdac399670d1ea66ea9cd4613981c85f0874e949230e6d9a1923e4,10148,,,true
P01_BLUE_R_000003,P01,BLUE,R,image_000003.jpg,training/P01/BLUE/R/images/image_000003.jpg,1815dab11e7d5841731e5eede574b50a19e4740ef29c77e52ea3a4ec25786b4a,10016,,,true
P01_BLUE_R_000004,P01,BLUE,R,image_000004.jpg,training/P01/BLUE/R/images/image_000004.jpg,9c67b0b8a763e720053316d495f98c6875ce90954be79dfceb0c660790c4636c,10180,,,true
P01_BLUE_R_000005,P01,BLUE,R,image_000005.jpg,training/P01/BLUE/R/images/image_000005.jpg,2651f2157295ed9207447a119d7273840ea3919e91d60d354f850545c8d3d6ca,10215,,,true
P01_BLUE_R_000006,P01,BLUE,R,image_000006.jpg,training/P01/BLUE/R/images/image_000006.jpg,3cfcfc4f08304a995228a4cc9a4fd9a00a1446dcb277009af2991b2d2fa4ea3d,9976,,,true
P01_BLUE_R_000007,P01,BLUE,R,image_000007.jpg,training/P01/BLUE/R/images/image_000007.jpg,0cc826c6c3cc7cfa1cee4a7f57cac45b29ab51e6b14f911122dcb97a8e1562ef,10095,,,true
P01_BLUE_R_000008,P01,BLUE,R,image_000008.jpg,training/P01/BLUE/R/images/image_000008.jpg,3d8c2700d9dca77c2fd181c669034249b2f9e3638e9c57566b671f3409e01b04,10236,,,true
P01_BLUE_R_000009,P01,BLUE,R,image_000009.jpg,training/P01/BLUE/R/images/image_000009.jpg,44c1b9c2a4b89a7ea49c8767a5abd6daa64776cfb5dd7df24c482ee51bd2bf2d,9670,,,true
P01_BLUE_R_000010,P01,BLUE,R,image_000010.jpg,training/P01/BLUE/R/images/image_000010.jpg,ad1cd33083b462fcea6c4e2b579f7f5f693b9b2cd092ae0d2f08c7d734bc384f,10068,,,true
P01_BLUE_R_000011,P01,BLUE,R,image_000011.jpg,training/P01/BLUE/R/images/image_000011.jpg,b36db5a35994d2f2ef4ab27fa8b3769be848a44fb5ed5db627daf4fde3ebcf9b,9991,,,true
P01_BLUE_R_000012,P01,BLUE,R,image_000012.jpg,training/P01/BLUE/R/images/image_000012.jpg,278d108cb4951e25e19fe6d06579c8b4cd6c8d00e356e224114b2ef68694523a,10133,,,true
P01_BLUE_R_000013,P01,BLUE,R,image_000013.jpg,training/P01/BLUE/R/images/image_000013.jpg,39406f5e4d6c44994883c1fc6b87277a505f0a6557481979cad157238194c6cf,10062,,,true
P01_BLUE_R_000014,P01,BLUE,R,image_000014.jpg,training/P01/BLUE/R/images/image_000014.jpg,e4c04eab5b46fa932bd05da381b27ee939c0ac3a0adb14901963e49d5924f1f7,9931,,,true
P01_BLUE_R_000015,P01,BLUE,R,image_000015.jpg,training/P01/BLUE/R/images/image_000015.jpg,5fcfda3f666ece775280986229231531f3b65ad7c3d1ed4aeac3198518ee5405,10052,,,true
P01_BLUE_R_000016,P01,BLUE,R,image_000016.jpg,training/P01/BLUE/R/images/image_000016.jpg,d174331bc227306e199a32bde3b1b7e1a9bc2767ab40fb84f771a8914dfac57d,9786,,,true
P01_BLUE_R_000017,P01,BLUE,R,image_000017.jpg,training/P01/BLUE/R/images/image_000017.jpg,58f45528b5919fd946eda74f2f86608b4a221da3f69865808a90844a80db1aa3,9841,,,true
P01_BLUE_R_000018,P01,BLUE,R,image_000018.jpg,training/P01/BLUE/R/images/image_000018.jpg,2438347d2d432a13449f9c9170593567a3d93c2b7f7f1a5561ade1a5739b5745,10021,,,true
P01_BLUE_R_000019,P01,BLUE,R,image_000019.jpg,training/P01/BLUE/R/images/image_000019.jpg,dba93f6c4e2ba7f0bc3c392be7523092df941f4b7dc0852f690c529faf69b9a3,9989,,,true
P01_BLUE_R_000020,P01,BLUE,R,image_000020.jpg,training/P01/BLUE/R/images/image_000020.jpg,8c5d7a6b9d0be234bfe4e6d6866665557ee9aba88c19c601cb07d39bbdd7d892,9682,,,true
P01_BLUE_R_000021,P01,BLUE,R,image_000021.jpg,training/P01/BLUE/R/images/image_000021.jpg,b57a51eb1cd9de6dd376cb322c2b5b536487c8e8dee21ee581de64df38d26727,10146,,,true
P01_BLUE_R_000022,P01,BLUE,R,image_000022.jpg,training/P01/BLUE/R/images/image_000022.jpg,f4f95f6158ae3c1d3a2abc739dc6886c6e684f567f9ece31afc8f898f2253756,10043,,,true
P01_BLUE_R_000023,P01,BLUE,R,image_000023.jpg,training/P01/BLUE/R/images/image_000023.jpg,2713373f7f6949203c87a0f26c6bcafea7f6b7e6a8fd281fec41b90403f77c43,10045,,,true
P01_BLUE_R_000024,P01,BLUE,R,image_000024.jpg,training/P01/BLUE/R/images/image_000024.jpg,9bab56e8a301843bcf49d8fb2425c6798d623af8597cbeedc671211b83c57e8e,10065,,,true
P01_BLUE_R_000025,P01,BLUE,R,image_000025.jpg,training/P01/BLUE/R/images/image_000025.jpg,33339037c1a66c4b879fe88f0b40d368a6203eeca6da3d581d9773a051f01682,9781,,,true
P01_BLUE_S_000001,P01,BLUE,S,image_000001.jpg,training/P01/BLUE/S/images/image_000001.jpg,3c2b5fb2fc0f0878864ee9c8be1e77c6a3039553a253212e4990e8eaf88fe7d4,10560,,,true
P01_BLUE_S_000002,P01,BLUE,S,image_000002.jpg,training/P01/BLUE/S/images/image_000002.jpg,c07590fc969f4a0edf56ba887274ea9e0ca042675aaec0d329bfa0c2f705903c,10341,,,true
P01_BLUE_S_000003,P01,BLUE,S,image_000003.jpg,training/P01/BLUE/S/images/image_000003.jpg,4ccd8160ef1817ec35cf0d7d3690d993fb104326e484a497634987215c107d90,10447,,,true
P01_BLUE_S_000004,P01,BLUE,S,image_000004.jpg,training/P01/BLUE/S/images/image_000004.jpg,84d2e9e652e30b364c08a76d16300d56cd0dbe00b8b5cf6b4f951890b11e8762,10260,,,true
P01_BLUE_S_000005,P01,BLUE,S,image_000005.jpg,training/P01/BLUE/S/images/image_000005.jpg,09eb54299fc6e3643b7638806cdc08038dad6f4cd8b7d43150e4427dc6fedfdd,11057,,,true
P01_BLUE_S_000006,P01,BLUE,S,image_000006.jpg,training/P01/BLUE/S/images/image_000006.jpg,19497e876eefbe8ab4df429827ff457f828a396935b8431e004f65bf0b667632,10510,,,true
P01_BLUE_S_000007,P01,BLUE,S,image_000007.jpg,training/P01/BLUE/S/images/image_000007.jpg,20f7a74da3e6741bd1b3a47defcedd7dda3c686a37d80ef345fb15258e07d2c7,10378,,,true
P01_BLUE_S_000008,P01,BLUE,S,image_000008.jpg,training/P01/BLUE/S/images/image_000008.jpg,ef2c744d1b3e00ed6cf506b81e7965e7b2f3b5a2210a5353f75b921adb6b3adb,10705,,,true
P01_BLUE_S_000009,P01,BLUE,S,image_000009.jpg,training/P01/BLUE/S/images/image_000009.jpg,6afabbcdb52536883ba0f3d933fdbf8536dda166e402465ffe83f113d42e914c,10385,,,true
P01_BLUE_S_000010,P01,BLUE,S,image_000010.jpg,training/P01/BLUE/S/images/image_000010.jpg,b0cbcbabe16662c157bdd473686e957995ae92ff2b7447c7b6de21f254c3001c,10430,,,true
P01_BLUE_S_000011,P01,BLUE,S,image_000011.jpg,training/P01/BLUE/S/images/image_000011.jpg,a188482e8413f384f4d845737e516b753e35c04042b2dcfecd632e131510f897,10529,,,true
P01_BLUE_S_000012,P01,BLUE,S,image_000012.jpg,training/P01/BLUE/S/images/image_000012.jpg,86dfcaa1bb90371b0cca6e49f1b00974492add151f73005211d7de1199234814,10543,,,true
P01_BLUE_S_000013,P01,BLUE,S,image_000013.jpg,training/P01/BLUE/S/images/image_000013.jpg,982ac552043d9ba379ba6825cb203033893201f16eb19b4f26ca84a89f5e32bc,10297,,,true
P01_BLUE_S_000014,P01,BLUE,S,image_000014.jpg,training/P01/BLUE/S/images/image_000014.jpg,a78c6af6081a5f85ce45076f14f0bde5fde24bc7db96878dac61bbda66efcadb,10640,,,true
P01_BLUE_S_000015,P01,BLUE,S,image_000015.jpg,training/P01/BLUE/S/images/image_000015.jpg,b9aa2788fa6502f1971f349496b59cdeabda793dd9662e00a16e8f0ae9028726,10727,,,true
P01_BLUE_S_000016,P01,BLUE,S,image_000016.jpg,training/P01/BLUE/S/images/image_000016.jpg,1d1609f481d48df07f024d7d54068f5b163a42d523ae652f740c40b49d6f9e1a,10719,,,true
P01_BLUE_S_000017,P01,BLUE,S,image_000017.jpg,training/P01/BLUE/S/images/image_000017.jpg,ce9be87a092843412463abbb4adaee48c81b02004daa2f7eb7868611cf7902a3,10727,,,true
P01_BLUE_S_000018,P01,BLUE,S,image_000018.jpg,training/P01/BLUE/S/images/image_000018.jpg,1b42f92d40db48d3a416372683264bd3fd48b9889909d1eb3f68210bbe9deea4,10673,,,true
P01_BLUE_S_000019,P01,BLUE,S,image_000019.jpg,training/P01/BLUE/S/images/image_000019.jpg,35b9de7bfcd8df14df0bea33c1f369cac4344818857d077d6ca027f0d75ec3e8,10624,,,true
P01_BLUE_S_000020,P01,BLUE,S,image_000020.jpg,training/P01/BLUE/S/images/image_000020.jpg,8fd1c9d17b853c6ae7c735ccd26f898ea8106147bd21f665af010cd28f88af57,10792,,,true
P01_BLUE_S_000021,P01,BLUE,S,image_000021.jpg,training/P01/BLUE/S/images/image_000021.jpg,f672fe62bb27073cba24253287a757c89acbb97ee89e1608f6d13d211efe0610,10497,,,true
P01_BLUE_S_000022,P01,BLUE,S,image_000022.jpg,training/P01/BLUE/S/images/image_000022.jpg,c59fb6036fa8007cfaf557496506d08421b649c60e33c423f0528abb7fbdc109,10404,,,true
P01_BLUE_S_000023,P01,BLUE,S,image_000023.jpg,training/P01/BLUE/S/images/image_000023.jpg,2363a065235d511545dc63dd3c134fa3dafb1f5c3842728f383c0471d3067e47,10581,,,true
P01_BLUE_S_000024,P01,BLUE,S,image_000024.jpg,training/P01/BLUE/S/images/image_000024.jpg,916f7784bd7839a08cdce38b1527fb8800a614ab7659afef4ea56e60a1ea5363,10623,,,true
P01_BLUE_S_000025,P01,BLUE,S,image_000025.jpg,training/P01/BLUE/S/images/image_000025.jpg,45f56ed0b4e9f1feb5048d492668255928b47f93d97a8152add5f7581352be7d,10544,,,true
P01_BLUE_T_000001,P01,BLUE,T,image_000001.jpg,training/P01/BLUE/T/images/image_000001.jpg,803ecd3a39e857af5dbebe41177ed95efaab94b803665256da6503adfa256e5d,10655,,,true
P01_BLUE_T_000002,P01,BLUE,T,image_000002.jpg,training/P01/BLUE/T/images/image_000002.jpg,2e4fa1385c9329243a2e72392dae0149974b5b2a1532fb09c1b74b3d86fc067d,10505,,,true
P01_BLUE_T_000003,P01,BLUE,T,image_000003.jpg,training/P01/BLUE/T/images/image_000003.jpg,c77b33f2416f55cf0d2c0e4bd60b15da5a63eea52a1c818ddab48ac1d4594fd7,10450,,,true
P01_BLUE_T_000004,P01,BLUE,T,image_000004.jpg,training/P01/BLUE/T/images/image_000004.jpg,72a1c6217e9ce739abe6fe1ee7fed661c4c84e676993729eb25326a299924d68,10595,,,true
P01_BLUE_T_000005,P01,BLUE,T,image_000005.jpg,training/P01/BLUE/T/images/image_000005.jpg,960bbea3c110deb1e1f3966ea292ec200b3f44e753bc0ca4a5c2546269142d7c,10288,,,true
P01_BLUE_T_000006,P01,BLUE,T,image_000006.jpg,training/P01/BLUE/T/images/image_000006.jpg,8f313831f19d94ec48cab87ee4b1a312c19a352113e745b9b0ed66b53e3abed6,10391,,,true
P01_BLUE_T_000007,P01,BLUE,T,image_000007.jpg,training/P01/BLUE/T/images/image_000007.jpg,49e38edf85a8af9ca1cbcaf2d6123601a2a109444da397315f5b6a9d482721e8,10420,,,true
P01_BLUE_T_000008,P01,BLUE,T,image_000008.jpg,training/P01/BLUE/T/images/image_000008.jpg,b860143426a0dca31a85423cc2e2344d8bf92431b12ef2c67cd0619a053be152,10631,,,true
P01_BLUE_T_000009,P01,BLUE,T,image_000009.jpg,training/P01/BLUE/T/images/image_000009.jpg,fe0e393616752a31734c54ec13202f3a2c9561783fec047e4512f91e63193d97,10045,,,true
P01_BLUE_T_000010,P01,BLUE,T,image_000010.jpg,training/P01/BLUE/T/images/image_000010.jpg,51324d6915290de34fc28154653751f8aee2967e3875e82870f053c5007d1952,10477,,,true
P01_BLUE_T_000011,P01,BLUE,T,image_000011.jpg,training/P01/BLUE/T/images/image_000011.jpg,daaad510459783810cfb2ef43be5adfe87d78f8ddfd9558b7fe950258b89af1b,10498,,,true
P01_BLUE_T_000012,P01,BLUE,T,image_000012.jpg,training/P01/BLUE/T/images/image_000012.jpg,1f71131747b1c91aeee8cbed009a1512f7ef5566ed9cf049a2fb1dcadd8fc0e4,10490,,,true
P01_BLUE_T_000013,P01,BLUE,T,image_000013.jpg,training/P01/BLUE/T/images/image_000013.jpg,a0939d819eeaed6c094701dd053b8f24ef53a48bdb22f016ff7175acf1ca2c61,10497,,,true
P01_BLUE_T_000014,P01,BLUE,T,image_000014.jpg,training/P01/BLUE/T/images/image_000014.jpg,cfc1d99ad069304e61a739006581c676dafff2c6dce303ce37e95bfdb79e675a,10534,,,true
P01_BLUE_T_000015,P01,BLUE,T,image_000015.jpg,training/P01/BLUE/T/images/image_000015.jpg,d3abbe2fa37e88aec65ba286c6e3ec8f05c37d296f28f63a22071ed1598466e7,10495,,,true
P01_BLUE_T_000016,P01,BLUE,T,image_000016.jpg,training/P01/BLUE/T/images/image_000016.jpg,31bc1ade0be59670527caa023e42c8e3b79487a6b2a739eede635cf5f2d22b47,10438,,,true
P01_BLUE_T_000017,P01,BLUE,T,image_000017.jpg,training/P01/BLUE/T/images/image_000017.jpg,661a874dd6439e76f76256417ba5798a5e0327d874f3ca1e5352a6851e4ab825,10183,,,true
P01_BLUE_T_000018,P01,BLUE,T,image_000018.jpg,training/P01/BLUE/T/images/image_000018.jpg,f884a7896b92ea925df04180824a4859fd4da0de36a92fced7c609d5f4f0dc84,10258,,,true
P01_BLUE_T_000019,P01,BLUE,T,image_000019.jpg,training/P01/BLUE/T/images/image_000019.jpg,a8f5911ce214f30509bebb606e34274454bbb417c58023d20d3ee03503c8b649,10724,,,true
P01_BLUE_T_000020,P01,BLUE,T,image_000020.jpg,training/P01/BLUE/T/images/image_000020.jpg,d43447c087934d780057d8bcf292da07818f683799ab48699d20e5f092e0ec91,10478,,,true
P01_BLUE_T_000021,P01,BLUE,T,image_000021.jpg,training/P01/BLUE/T/images/image_000021.jpg,01585d7123c16b6b6fd2af79507926bac64fa25e4b3d8ca35a32d0af86234df8,10461,,,true
P01_BLUE_T_000022,P01,BLUE,T,image_000022.jpg,training/P01/BLUE/T/images/image_000022.jpg,409296728be72ae78dc4f202aa57814d0b91f8ec649a5c88e66baccd6c2c931d,10226,,,true
P01_BLUE_T_000023,P01,BLUE,T,image_000023.jpg,training/P01/BLUE/T/images/image_000023.jpg,acf73d38e7184745c842be9ed0929378c5ec8bd82017a229177363fcb197e180,10535,,,true
P01_BLUE_T_000024,P01,BLUE,T,image_000024.jpg,training/P01/BLUE/T/images/image_000024.jpg,4c0f8c4e30019b6528aa5ac865745b82097104dc5f17087bed93b45608c04ece,10481,,,true
P01_BLUE_T_000025,P01,BLUE,T,image_000025.jpg,training/P01/BLUE/T/images/image_000025.jpg,7b7a676995ab93f1c887ee76f843e16095358261812920222a0442af36be1837,10465,,,true
P01_BLUE_U_000001,P01,BLUE,U,image_000001.jpg,training/P01/BLUE/U/images/image_000001.jpg,519e823d269b549e231b6a756ab626a64df8e973d988bb2694c9c87c970c0145,10358,,,true
P01_BLUE_U_000002,P01,BLUE,U,image_000002.jpg,training/P01/BLUE/U/images/image_000002.jpg,bdb828b7b22c78e2046f2ef1e7c9116e8c944ea53b52ed7ac466311f37dc023b,10452,,,true
P01_BLUE_U_000003,P01,BLUE,U,image_000003.jpg,training/P01/BLUE/U/images/image_000003.jpg,6a9e50d62f6645ec648b5a06c1a09bc01fcc9a787b232cb4ab99412c30ca66e8,10217,,,true
P01_BLUE_U_000004,P01,BLUE,U,image_000004.jpg,training/P01/BLUE/U/images/image_000004.jpg,aa10a1c485d7af24b72192faab093dc21f14c0901aadd5198ca3594572ff1ddf,10283,,,true
P01_BLUE_U_000005,P01,BLUE,U,image_000005.jpg,training/P01/BLUE/U/images/image_000005.jpg,983e4cf3ecc943f32c63a8dd7bd69433cd4f360ca8c05c64beb7e49999c94abe,10265,,,true
P01_BLUE_U_000006,P01,BLUE,U,image_000006.jpg,training/P01/BLUE/U/images/image_000006.jpg,2849878a186d5892c9c23014121787fb3618c1e7d595fcbf1e317154b5e4f1d2,10135,,,true
P01_BLUE_U_000007,P01,BLUE,U,image_000007.jpg,training/P01/BLUE/U/images/image_000007.jpg,86c89f9b2db9b0f9004e2016a99db08c202a9111c2f75ebd7f8dd2aa9fc6a4a6,10425,,,true
P01_BLUE_U_000008,P01,BLUE,U,image_000008.jpg,training/P01/BLUE/U/images/image_000008.jpg,7c31891b99983d6b8f2a949e5b5d4333a6e360bff9aacee45d8a33c29e03b0e4,9869,,,true
P01_BLUE_U_000009,P01,BLUE,U,image_000009.jpg,training/P01/BLUE/U/images/image_000009.jpg,3bcf02da406c387af8f965264751a8a82016b0772598f4a47de363399e6c1483,10255,,,true
P01_BLUE_U_000010,P01,BLUE,U,image_000010.jpg,training/P01/BLUE/U/images/image_000010.jpg,e75adb5e4fe9ed18fe4ba0c27b6cf374463317438080f7f18f15c3e37438e42a,10226,,,true
P01_BLUE_U_000011,P01,BLUE,U,image_000011.jpg,training/P01/BLUE/U/images/image_000011.jpg,02091199ac506f1c5705ec180eaa75b87904430151df03794f4b58303a21d498,10408,,,true
P01_BLUE_U_000012,P01,BLUE,U,image_000012.jpg,training/P01/BLUE/U/images/image_000012.jpg,c29e78dc3e59d0c017ca4b9e28b2e99dac70a621a0d49d9fa448c3dad58d634f,10158,,,true
P01_BLUE_U_000013,P01,BLUE,U,image_000013.jpg,training/P01/BLUE/U/images/image_000013.jpg,25ae5f02e1138e030b2094d0bd93214fc9268d2a264b60f585200ba423e35d12,10045,,,true
P01_BLUE_U_000014,P01,BLUE,U,image_000014.jpg,training/P01/BLUE/U/images/image_000014.jpg,7aaeab268267000d92bade29958b14f076604a51a8488c84aaf9bb7268d6b53d,9894,,,true
P01_BLUE_U_000015,P01,BLUE,U,image_000015.jpg,training/P01/BLUE/U/images/image_000015.jpg,ce4a97b8768aad10223c2fdcafa26fdf3d988c6836d4cdd258bd764026ec85d1,10336,,,true
P01_BLUE_U_000016,P01,BLUE,U,image_000016.jpg,training/P01/BLUE/U/images/image_000016.jpg,ff26e4ec48aa870ecf18ef2c46ce63af46e9e6bc62b6da89ed6fd38f74c954cc,10351,,,true
P01_BLUE_U_000017,P01,BLUE,U,image_000017.jpg,training/P01/BLUE/U/images/image_000017.jpg,a5efb8f7d0b9eb2697abc22c7c870db99b8ab4bf5ea75783bf66cfe27342b9d2,10689,,,true
P01_BLUE_U_000018,P01,BLUE,U,image_000018.jpg,training/P01/BLUE/U/images/image_000018.jpg,a0d67f3d1183e5858e936d730de8919fe8af22ab2ba30a0d054bb32db402304c,10973,,,true
P01_BLUE_U_000019,P01,BLUE,U,image_000019.jpg,training/P01/BLUE/U/images/image_000019.jpg,dd5eee18dc63828cb1b88b7f6feb3d822f155fbb89ac08724a935eeef6d06717,10718,,,true
P01_BLUE_U_000020,P01,BLUE,U,image_000020.jpg,training/P01/BLUE/U/images/image_000020.jpg,8e370e9aa7802fb3049c6031e85a5255ba34f4e94484af39bdacefbd077e5c22,10736,,,true
P01_BLUE_U_000021,P01,BLUE,U,image_000021.jpg,training/P01/BLUE/U/images/image_000021.jpg,e9ab77b7754172cf089305590b6b7ca115cd140f892b87be4faffe2b0bee080a,10465,,,true
P01_BLUE_U_000022,P01,BLUE,U,image_000022.jpg,training/P01/BLUE/U/images/image_000022.jpg,608aab158f3032030c7a3093bb24c1926738960ac3a4bcff0982508ac9b384e8,10466,,,true
P01_BLUE_U_000023,P01,BLUE,U,image_000023.jpg,training/P01/BLUE/U/images/image_000023.jpg,8a55ec6580987f97f24ddedb9d69d927bac6b84968edd445a97eefca5a9ec9e5,10648,,,true
P01_BLUE_U_000024,P01,BLUE,U,image_000024.jpg,training/P01/BLUE/U/images/image_000024.jpg,b609416234163eb193d097b4aeb1e2cdf65f9dcc9e3aee35a883e2148f1a984f,10731,,,true
P01_BLUE_U_000025,P01,BLUE,U,image_000025.jpg,training/P01/BLUE/U/images/image_000025.jpg,e19f0ecbd3b8b3acda84a951f257d223ba9b0de9ff88b8b0c8ef2ba28723b831,10693,,,true
P01_BLUE_V_000001,P01,BLUE,V,image_000001.jpg,training/P01/BLUE/V/images/image_000001.jpg,7272ef4fba11f43d17949fa5c3005b685e6defa5ca53efa07604a5fed47181c8,10078,,,true
P01_BLUE_V_000002,P01,BLUE,V,image_000002.jpg,training/P01/BLUE/V/images/image_000002.jpg,fee2c140e55a2ab4b030f082da41e23f92248eb7554d805d35ec61ac19598700,10231,,,true
P01_BLUE_V_000003,P01,BLUE,V,image_000003.jpg,training/P01/BLUE/V/images/image_000003.jpg,4e579d947c444764a3c8c369071fcb5e108647588c732139df363a68675278fd,10103,,,true
P01_BLUE_V_000004,P01,BLUE,V,image_000004.jpg,training/P01/BLUE/V/images/image_000004.jpg,c0554d418c812d27fd8d9d162d491079251d6d91617f729fd09c7baf65698ceb,10019,,,true
P01_BLUE_V_000005,P01,BLUE,V,image_000005.jpg,training/P01/BLUE/V/images/image_000005.jpg,32a0b15e1ba61925906d75c368c617d7b2db5fadca2da70606b06a9bce243dcc,10131,,,true
P01_BLUE_V_000006,P01,BLUE,V,image_000006.jpg,training/P01/BLUE/V/images/image_000006.jpg,6f30fa8ffc487e9da53904af72040d78a0037cf9e09efe5462664a41c0e75612,10232,,,true
P01_BLUE_V_000007,P01,BLUE,V,image_000007.jpg,training/P01/BLUE/V/images/image_000007.jpg,33ded56b918811b5c086b853c19a652efe83c4d1162d7d8f5693d360e9577922,10209,,,true
P01_BLUE_V_000008,P01,BLUE,V,image_000008.jpg,training/P01/BLUE/V/images/image_000008.jpg,82833e46f16d334b9a1e41a0042ddffc730560f515acc12fc2fc33b5210da63a,10320,,,true
P01_BLUE_V_000009,P01,BLUE,V,image_000009.jpg,training/P01/BLUE/V/images/image_000009.jpg,ad26f552bdf6fec6df6b09b1477b7ee89f2732e73c06df33e0b930ca28266389,10279,,,true
P01_BLUE_V_000010,P01,BLUE,V,image_000010.jpg,training/P01/BLUE/V/images/image_000010.jpg,be87bbc9d9952cdb70f5b95a3e468d485d0945043ee8f103aea62bcf3e58a4ab,10202,,,true
P01_BLUE_V_000011,P01,BLUE,V,image_000011.jpg,training/P01/BLUE/V/images/image_000011.jpg,e9389378803e359e096c72529362226140d866f82b426612418763b4b1d89243,10164,,,true
P01_BLUE_V_000012,P01,BLUE,V,image_000012.jpg,training/P01/BLUE/V/images/image_000012.jpg,bc7154c72e67795e90a93b1c305adbe263b575341579f902f84cdc8da7746b1b,10115,,,true
P01_BLUE_V_000013,P01,BLUE,V,image_000013.jpg,training/P01/BLUE/V/images/image_000013.jpg,0403bffc8dc56e50a91d6c7db769602bf0930fae3234f6c0c77593c47d9ac4be,9908,,,true
P01_BLUE_V_000014,P01,BLUE,V,image_000014.jpg,training/P01/BLUE/V/images/image_000014.jpg,f55c635d6b8168963b3c21074030471c9be60ddecbdf60df80e607095ccf451a,10163,,,true
P01_BLUE_V_000015,P01,BLUE,V,image_000015.jpg,training/P01/BLUE/V/images/image_000015.jpg,afb0299b23d69339b5396f9c3c3fce664fd246aa19b52b757afbac6eb3adc0ad,10146,,,true
P01_BLUE_V_000016,P01,BLUE,V,image_000016.jpg,training/P01/BLUE/V/images/image_000016.jpg,f6701ea8c5fed94d0ba9edaa2d2dc71c5b4b4bea7f86c29b365f2586e601a4b7,10150,,,true
P01_BLUE_V_000017,P01,BLUE,V,image_000017.jpg,training/P01/BLUE/V/images/image_000017.jpg,f943a88441e264942c8233bea59fd2d77420f253a0ee336dc58044c878b5d686,10006,,,true
P01_BLUE_V_000018,P01,BLUE,V,image_000018.jpg,training/P01/BLUE/V/images/image_000018.jpg,c59f5d74bfb1c84fb5950cb5d5f0e42222228d7f8b847d320e7dca62a46f4b38,10057,,,true
P01_BLUE_V_000019,P01,BLUE,V,image_000019.jpg,training/P01/BLUE/V/images/image_000019.jpg,6d3d86052ac1a1b500d8bde91b3d1b0b1e4b7b86fd11e0a265f94371ce0ff054,9818,,,true
P01_BLUE_V_000020,P01,BLUE,V,image_000020.jpg,training/P01/BLUE/V/images/image_000020.jpg,3281c581d55c0432af2e124169aa3ce6e6145f2763ae261d8d1d97576b16b337,9907,,,true
P01_BLUE_V_000021,P01,BLUE,V,image_000021.jpg,training/P01/BLUE/V/images/image_000021.jpg,ea810d91b6325592703bd8c143dc0a1100fab90de80a16ccb3b01b28d970f54d,10140,,,true
P01_BLUE_V_000022,P01,BLUE,V,image_000022.jpg,training/P01/BLUE/V/images/image_000022.jpg,a3d3e32aad525e8d3ae735ef278db9cb20318ff74b70258fe0ec0242ea4382b6,10122,,,true
P01_BLUE_V_000023,P01,BLUE,V,image_000023.jpg,training/P01/BLUE/V/images/image_000023.jpg,26fc253bdfa271ad0b7c9ea26f54b1d6922c47c0181f085d64cd3ecc67bf228e,10170,,,true
P01_BLUE_V_000024,P01,BLUE,V,image_000024.jpg,training/P01/BLUE/V/images/image_000024.jpg,c957fbeaaea98f11830b6d2ac286c34a244582f7aaf8f4a1aa3a06a02b9f56e4,10039,,,true
P01_BLUE_V_000025,P01,BLUE,V,image_000025.jpg,training/P01/BLUE/V/images/image_000025.jpg,8c5a1014554ae62c0598056709c07e8eda76fd9e82280104a82723b8e648f146,9796,,,true
P01_BLUE_W_000001,P01,BLUE,W,image_000001.jpg,training/P01/BLUE/W/images/image_000001.jpg,8aac7d58f478b4541bfaed1c6a098173a5a17b926acd0cd97f2e8ae4e8123da5,9323,,,true
P01_BLUE_W_000002,P01,BLUE,W,image_000002.jpg,training/P01/BLUE/W/images/image_000002.jpg,2da7f63fa9c4055e7ef7b92e31ff535a051581dcd9bac9637fa5d5d098ec2382,9333,,,true
P01_BLUE_W_000003,P01,BLUE,W,image_000003.jpg,training/P01/BLUE/W/images/image_000003.jpg,88954f2ca064d84b1043bc773f407dc5d60dda9513a9825a7b6a9abff6de54bb,10182,,,true
P01_BLUE_W_000004,P01,BLUE,W,image_000004.jpg,training/P01/BLUE/W/images/image_000004.jpg,da614b90f5bd51ea15b50c35c1a32d2f85e8231c7ff14811e77b8b9068f4c466,9757,,,true
P01_BLUE_W_000005,P01,BLUE,W,image_000005.jpg,training/P01/BLUE/W/images/image_000005.jpg,1d4b4120ce9a821fc0094ee633d429ce011dda67f2b79398f3dcd77175d1f26b,9967,,,true
P01_BLUE_W_000006,P01,BLUE,W,image_000006.jpg,training/P01/BLUE/W/images/image_000006.jpg,52599c7174307b0d29763ec196c5446888124a904f1aa87f0b832e13a2dbfc65,10067,,,true
P01_BLUE_W_000007,P01,BLUE,W,image_000007.jpg,training/P01/BLUE/W/images/image_000007.jpg,a73f15d2847c1de77e844b722312e46d9073616463c9a80cc6e3eb85d7794282,9946,,,true
P01_BLUE_W_000008,P01,BLUE,W,image_000008.jpg,training/P01/BLUE/W/images/image_000008.jpg,c4ef8679f6cd4f36d9a4abdfbad5e29516cc9bf187b42a0a8f63a93c0c2bdec8,10202,,,true
P01_BLUE_W_000009,P01,BLUE,W,image_000009.jpg,training/P01/BLUE/W/images/image_000009.jpg,ba24898d266d29a812b84667ddf333622ccbebfd06b9ab3cc157dafae12f92e2,10126,,,true
P01_BLUE_W_000010,P01,BLUE,W,image_000010.jpg,training/P01/BLUE/W/images/image_000010.jpg,8fef8e4df03e38a8c34ac73358e74b9639e99dbb7daefb89e312ad49d707eba7,10010,,,true
P01_BLUE_W_000011,P01,BLUE,W,image_000011.jpg,training/P01/BLUE/W/images/image_000011.jpg,13b6609652563f4b59d66c657d4c2fc7a61af5fba9483626424d8ff9306dc14e,10117,,,true
P01_BLUE_W_000012,P01,BLUE,W,image_000012.jpg,training/P01/BLUE/W/images/image_000012.jpg,08352469f4f7a16d7c79fef5aaba5d22ac8adb49778ba28d5253775e6f784b95,10124,,,true
P01_BLUE_W_000013,P01,BLUE,W,image_000013.jpg,training/P01/BLUE/W/images/image_000013.jpg,a8d2459ee1f8d0587b3f95cbc07ea731cf08838f046a4535cbc5e3e61e555ae0,10039,,,true
P01_BLUE_W_000014,P01,BLUE,W,image_000014.jpg,training/P01/BLUE/W/images/image_000014.jpg,e376d783150b21942a09501a36f8109188517843a61db6344c7f7dfe075a9b85,10271,,,true
P01_BLUE_W_000015,P01,BLUE,W,image_000015.jpg,training/P01/BLUE/W/images/image_000015.jpg,e2be014ed8da628a627d833a9eaa303e99135a3eab2e78ed4dfe057a5329f196,10471,,,true
P01_BLUE_W_000016,P01,BLUE,W,image_000016.jpg,training/P01/BLUE/W/images/image_000016.jpg,b02ae02c4f90b810dc7eff25113b54b7e924ae43fd9b9b1e87c50e20b07e0187,10561,,,true
P01_BLUE_W_000017,P01,BLUE,W,image_000017.jpg,training/P01/BLUE/W/images/image_000017.jpg,01d79f6e9332d6b39f1e3137bd1c0338d88bd88bd7b8f7ca1684d7903086c56c,10260,,,true
P01_BLUE_W_000018,P01,BLUE,W,image_000018.jpg,training/P01/BLUE/W/images/image_000018.jpg,b1a37cc6610d0c7ca40e5cbe36b0265645e1e9c8b35fa51095f9661be73bf331,10318,,,true
P01_BLUE_W_000019,P01,BLUE,W,image_000019.jpg,training/P01/BLUE/W/images/image_000019.jpg,2aca735f0af848a04890e6740206ce70ab015ebc4bdc0d1ac23cbf04b5d54c4f,10224,,,true
P01_BLUE_W_000020,P01,BLUE,W,image_000020.jpg,training/P01/BLUE/W/images/image_000020.jpg,86be8238129d063bc0a11b8319f648ba103966a68880c12e17e712443a120824,10418,,,true
P01_BLUE_W_000021,P01,BLUE,W,image_000021.jpg,training/P01/BLUE/W/images/image_000021.jpg,87c49b86a2b87d4ca373c0225798294009f334281092442132dbf1b397dfb774,10100,,,true
P01_BLUE_W_000022,P01,BLUE,W,image_000022.jpg,training/P01/BLUE/W/images/image_000022.jpg,e0ec7baaef21bc12c81e54b19637b1a3d531edc4f9fa596bbdc8125d252ae055,10268,,,true
P01_BLUE_W_000023,P01,BLUE,W,image_000023.jpg,training/P01/BLUE/W/images/image_000023.jpg,f8d58cbac4ad914023441c1408927dcb80b1b9081f22a94f2cccfd72e3c05f39,10260,,,true
P01_BLUE_W_000024,P01,BLUE,W,image_000024.jpg,training/P01/BLUE/W/images/image_000024.jpg,4bbb58ceda4b9bf0a65f197934541774a3c8d64e0e8acc6a9eb8eb0ebb282562,10390,,,true
P01_BLUE_W_000025,P01,BLUE,W,image_000025.jpg,training/P01/BLUE/W/images/image_000025.jpg,465e349b8d4e2b49f76fb90fe4775d6253973f4efe7ab2a703033e1531e78d20,10263,,,true
P01_BLUE_Y_000001,P01,BLUE,Y,image_000001.jpg,training/P01/BLUE/Y/images/image_000001.jpg,890553264905f69c70fae4c567fe5faf2ce51eab2ec8f7c9ec576039947b93b4,9252,,,true
P01_BLUE_Y_000002,P01,BLUE,Y,image_000002.jpg,training/P01/BLUE/Y/images/image_000002.jpg,ca8ee8e0c4e7089ef661272ed4e98cfeda6e998d433a0a93124287b695492fc6,9544,,,true
P01_BLUE_Y_000003,P01,BLUE,Y,image_000003.jpg,training/P01/BLUE/Y/images/image_000003.jpg,8b7a91c2c0909ece346c3e4900e30812a44ef66fab47c23aea2ee1adc5dc606f,10058,,,true
P01_BLUE_Y_000004,P01,BLUE,Y,image_000004.jpg,training/P01/BLUE/Y/images/image_000004.jpg,adcb4ba946cb3145b8a0bfd56aa91e7c9ad05469e53c8e6ad98b4a2a2ecc71a4,10481,,,true
P01_BLUE_Y_000005,P01,BLUE,Y,image_000005.jpg,training/P01/BLUE/Y/images/image_000005.jpg,31d86f72497bc0cfe0b1460ef322cc30171e1b2ce6976073469b8ffa8b4c9e63,10355,,,true
P01_BLUE_Y_000006,P01,BLUE,Y,image_000006.jpg,training/P01/BLUE/Y/images/image_000006.jpg,9f983d1bc718029306110d9bd40f2149b13035533f88a8a232497b22e52e6e23,10356,,,true
P01_BLUE_Y_000007,P01,BLUE,Y,image_000007.jpg,training/P01/BLUE/Y/images/image_000007.jpg,3d7fd79ff51622268688346b13d7e6d034f6ce0ba6732fad5de7c21eea773c07,10123,,,true
P01_BLUE_Y_000008,P01,BLUE,Y,image_000008.jpg,training/P01/BLUE/Y/images/image_000008.jpg,c4e3df5e91bcf340802a8193308dba7380be070b4a8649ee3222e0abe991abdc,10249,,,true
P01_BLUE_Y_000009,P01,BLUE,Y,image_000009.jpg,training/P01/BLUE/Y/images/image_000009.jpg,bda601d19c8e68f304ecebdaf51c532d183f437ae9e42e201c49195ba9f2e38e,10368,,,true
P01_BLUE_Y_000010,P01,BLUE,Y,image_000010.jpg,training/P01/BLUE/Y/images/image_000010.jpg,278e5f3785e0185ecb261b3d8d826fa6897868193aef31799f214dc46615ca31,10253,,,true
P01_BLUE_Y_000011,P01,BLUE,Y,image_000011.jpg,training/P01/BLUE/Y/images/image_000011.jpg,3bac1da84624703f20d235ef95199ede9eaa7266d45f36230de752472f55db21,10511,,,true
P01_BLUE_Y_000012,P01,BLUE,Y,image_000012.jpg,training/P01/BLUE/Y/images/image_000012.jpg,943f9e1da05da28e24e1f0a280c4882c590b0afa8cc2c5e7f337ce710a94e7cd,10428,,,true
P01_BLUE_Y_000013,P01,BLUE,Y,image_000013.jpg,training/P01/BLUE/Y/images/image_000013.jpg,37a54d4fc4980133dde2b9d4987995ed80bdf74cebeb3f22a5bb75afcf5d6e70,10265,,,true
P01_BLUE_Y_000014,P01,BLUE,Y,image_000014.jpg,training/P01/BLUE/Y/images/image_000014.jpg,7a7ec45d8151cee4d8ba0cfda8ebb58f8a042232a0194918b7a351174fa932c9,10347,,,true
P01_BLUE_Y_000015,P01,BLUE,Y,image_000015.jpg,training/P01/BLUE/Y/images/image_000015.jpg,2d28ffe1908bd681f70f1d201f300edfd029f16b3298ffa8f66f346faaaf617a,10228,,,true
P01_BLUE_Y_000016,P01,BLUE,Y,image_000016.jpg,training/P01/BLUE/Y/images/image_000016.jpg,332c18b3d69b011efe38decd120dfce0dd38a3f1f22b820fab69d56c3f35b0a2,10330,,,true
P01_BLUE_Y_000017,P01,BLUE,Y,image_000017.jpg,training/P01/BLUE/Y/images/image_000017.jpg,031f37416156491453113de3a9ebbb93a0ad8ffd99e028dbca4fee306dbdf76b,10278,,,true
P01_BLUE_Y_000018,P01,BLUE,Y,image_000018.jpg,training/P01/BLUE/Y/images/image_000018.jpg,3701356ad00d303b6c824b1f9420a39ca9b31d73a0bc4b50a6d50da3ef9cfb4b,10510,,,true
P01_BLUE_Y_000019,P01,BLUE,Y,image_000019.jpg,training/P01/BLUE/Y/images/image_000019.jpg,b10255056b401514674f465784d4d5dbafbe4614c784639e4be24ed4d046487d,10143,,,true
P01_BLUE_Y_000020,P01,BLUE,Y,image_000020.jpg,training/P01/BLUE/Y/images/image_000020.jpg,a55394d1dd58ab35455a7e49bb661a357fe3cd09a0c28e2499e17aa1241267bd,10569,,,true
P01_BLUE_Y_000021,P01,BLUE,Y,image_000021.jpg,training/P01/BLUE/Y/images/image_000021.jpg,f57da8afd004ea8408b9481b3827f9d740371f9875782188147a4b77043642ce,10303,,,true
P01_BLUE_Y_000022,P01,BLUE,Y,image_000022.jpg,training/P01/BLUE/Y/images/image_000022.jpg,871f0a4dedf87bf62e11ebc84b2e2de2dea12a6466ef01cc12223020b6e19ef4,10417,,,true
P01_BLUE_Y_000023,P01,BLUE,Y,image_000023.jpg,training/P01/BLUE/Y/images/image_000023.jpg,d6d40ef4d40fac8de2cab20ebdd5c938ada17d92dce58596eb4bd04496390973,10508,,,true
P01_BLUE_Y_000024,P01,BLUE,Y,image_000024.jpg,training/P01/BLUE/Y/images/image_000024.jpg,2584ff080fa6dc0b3d27d8b95898b5cc16a56a4ad31a192ac851252d1cf3ca28,10231,,,true
P01_BLUE_Y_000025,P01,BLUE,Y,image_000025.jpg,training/P01/BLUE/Y/images/image_000025.jpg,a4043129bad5b9a2d810626246cfb568f1383b0b120bf397c70a37f5aca281c3,10352,,,true
P02_BLACK_A_000001,P02,BLACK,A,image_000001.jpg,training/P02/BLACK/A/images/image_000001.jpg,beb0c92309ba67fdd0e162dcc448648a932a76fc7908327d4e206d24500194f6,8402,,,true
P02_BLACK_A_000002,P02,BLACK,A,image_000002.jpg,training/P02/BLACK/A/images/image_000002.jpg,85e5b928ea506c8e8434d579dcf07799ec971f47de19929e742f3cd43e7948ec,8365,,,true
P02_BLACK_A_000003,P02,BLACK,A,image_000003.jpg,training/P02/BLACK/A/images/image_000003.jpg,d42b542591bfb4c115d2df52b18c9a916eaf166d800bcdbf449d050be2a9ed5f,8399,,,true
P02_BLACK_A_000004,P02,BLACK,A,image_000004.jpg,training/P02/BLACK/A/images/image_000004.jpg,56542c068e5cdd87a52ba8810d750668843fdd55a662358a14faf3413ce38143,8498,,,true
P02_BLACK_A_000005,P02,BLACK,A,image_000005.jpg,training/P02/BLACK/A/images/image_000005.jpg,daf236fbabd2466a24e2d57f8d572ac6a0518479bee296f5024aa291ad2da4d8,8450,,,true
P02_BLACK_A_000006,P02,BLACK,A,image_000006.jpg,training/P02/BLACK/A/images/image_000006.jpg,57397993f9ae87c005828971b0472b8f34206e2ab12cc61157401bdc3c140b99,8185,,,true
P02_BLACK_A_000007,P02,BLACK,A,image_000007.jpg,training/P02/BLACK/A/images/image_000007.jpg,b13e5b5d92338ea534bb40849bcd98439f21118a10238f28264dd7c915e52c20,8378,,,true
P02_BLACK_A_000008,P02,BLACK,A,image_000008.jpg,training/P02/BLACK/A/images/image_000008.jpg,6b97e302a04ae9ef06f2af6be62de461cfcb0d66abf3549637b147f3512719e7,8051,,,true
P02_BLACK_A_000009,P02,BLACK,A,image_000009.jpg,training/P02/BLACK/A/images/image_000009.jpg,19840052cab4f0251f1c33ace487ee89eebc4a5bc6ede98f8422ce5d00479ae5,8607,,,true
P02_BLACK_A_000010,P02,BLACK,A,image_000010.jpg,training/P02/BLACK/A/images/image_000010.jpg,c13e45b9bd06f5bf0c5cc26f92cc2206e25fd7e573d4dce9344daf195f538d81,10384,,,true
P02_BLACK_A_000011,P02,BLACK,A,image_000011.jpg,training/P02/BLACK/A/images/image_000011.jpg,fbc8ed2dca0c4495c6a7c1ee3cc40d88dc478a841ac3ee3f23e4f931b36f0e2b,8941,,,true
P02_BLACK_A_000012,P02,BLACK,A,image_000012.jpg,training/P02/BLACK/A/images/image_000012.jpg,5eea53adc88ab617a4e888406b57fd454f6d0250548d64ffe8a61432f687468d,8536,,,true
P02_BLACK_A_000013,P02,BLACK,A,image_000013.jpg,training/P02/BLACK/A/images/image_000013.jpg,5ac5be26a4e450bfcab9553826f560877c87769890c4f29aa5d6ffafac1c38d3,9555,,,true
P02_BLACK_A_000014,P02,BLACK,A,image_000014.jpg,training/P02/BLACK/A/images/image_000014.jpg,626838d79b6272682ab918406ef4950bb3e871f568c93f02f264bbf503d780ea,8278,,,true
P02_BLACK_A_000015,P02,BLACK,A,image_000015.jpg,training/P02/BLACK/A/images/image_000015.jpg,0f16f2e3290dae8a39a007ee864764724df1790b4d944f5521576a6c81ae3898,8113,,,true
P02_BLACK_A_000016,P02,BLACK,A,image_000016.jpg,training/P02/BLACK/A/images/image_000016.jpg,d625a6d97c3bcb14a439ea3da7386018a13b57537ed48cec4651c28119478326,7765,,,true
P02_BLACK_A_000017,P02,BLACK,A,image_000017.jpg,training/P02/BLACK/A/images/image_000017.jpg,a7a9a62da4f64c01ab96ffe3dbce408062237fec4d0d0d2f96f0271416ab0e12,7167,,,true
P02_BLACK_A_000018,P02,BLACK,A,image_000018.jpg,training/P02/BLACK/A/images/image_000018.jpg,1d817ab695d104d0580938df5d5ba65fad1547041676c91da1f300a4778a1138,8135,,,true
P02_BLACK_A_000019,P02,BLACK,A,image_000019.jpg,training/P02/BLACK/A/images/image_000019.jpg,f9d9cd81cbcfa0e2b92ca25c72ecdb2110b2b341b604269f71c8b970048adecf,7840,,,true
P02_BLACK_A_000020,P02,BLACK,A,image_000020.jpg,training/P02/BLACK/A/images/image_000020.jpg,26db050b77001ad10bc1825313194dcb76c613b3f235a7b13aa04571234f1c08,8387,,,true
P02_BLACK_A_000021,P02,BLACK,A,image_000021.jpg,training/P02/BLACK/A/images/image_000021.jpg,28cbdafc6cb42158407ba906f0c6fd6ff9551e8f0b515a3980ac9f49fb2e5741,8667,,,true
P02_BLACK_A_000022,P02,BLACK,A,image_000022.jpg,training/P02/BLACK/A/images/image_000022.jpg,9fc7abc27eae938cbbd1a09e4b1e55b6be152fac4973a329a060598f2a88f11e,8612,,,true
P02_BLACK_A_000023,P02,BLACK,A,image_000023.jpg,training/P02/BLACK/A/images/image_000023.jpg,662640188679d9ae5510c64cc916b79d599b0a70ada67e4eb77019941b3b73f7,8266,,,true
P02_BLACK_A_000024,P02,BLACK,A,image_000024.jpg,training/P02/BLACK/A/images/image_000024.jpg,efd6a6d9dd4dc05f49d2b726b63939e5100252cd0fcfdb36cc6ef6529433928f,8088,,,true
P02_BLACK_A_000025,P02,BLACK,A,image_000025.jpg,training/P02/BLACK/A/images/image_000025.jpg,d552b164b965964bd17595dd8ab46c9239cf58441057dbbacc7a23a4dd3bc717,6870,,,true
P02_BLACK_B_000001,P02,BLACK,B,image_000001.jpg,training/P02/BLACK/B/images/image_000001.jpg,f1e327fab9accfc79e52503183e5000f282122d93d2bcb8a766eee2aa0387dee,8019,,,true
P02_BLACK_B_000002,P02,BLACK,B,image_000002.jpg,training/P02/BLACK/B/images/image_000002.jpg,58d4ad0f67f8a271688d3180e35fb1d9270816e4961660305f20279665ffe54d,8026,,,true
P02_BLACK_B_000003,P02,BLACK,B,image_000003.jpg,training/P02/BLACK/B/images/image_000003.jpg,0eba1518f57833e825275d0784edc39f7065d978f861f2b03a7acd1708f92a49,8468,,,true
P02_BLACK_B_000004,P02,BLACK,B,image_000004.jpg,training/P02/BLACK/B/images/image_000004.jpg,6183ff20d65ec9fc1c40687cca7a40db3798501b4401c387d727f0acb455d3e0,8892,,,true
P02_BLACK_B_000005,P02,BLACK,B,image_000005.jpg,training/P02/BLACK/B/images/image_000005.jpg,91287448a1d6750906b81c45e709f8ca4e0024d5f3ad5f5a36737ac029f226cf,8690,,,true
P02_BLACK_B_000006,P02,BLACK,B,image_000006.jpg,training/P02/BLACK/B/images/image_000006.jpg,f5c2bf1a4286cbcde8f76c51fdcd4aa86f9c3bdb18dca014bd3d51a37b2ab211,8591,,,true
P02_BLACK_B_000007,P02,BLACK,B,image_000007.jpg,training/P02/BLACK/B/images/image_000007.jpg,911538f8fd55b610eed187f5c7fbf47e9c36a6b7d44a6cd2b5de2b14c8acd04a,8413,,,true
P02_BLACK_B_000008,P02,BLACK,B,image_000008.jpg,training/P02/BLACK/B/images/image_000008.jpg,b5b2e1795e56359d2141838f1ede294b8b1b51ecf021a4cd40da07f6848b4235,8258,,,true
P02_BLACK_B_000009,P02,BLACK,B,image_000009.jpg,training/P02/BLACK/B/images/image_000009.jpg,3d2ae32615b0c0ebda4b082c48ec2efeb9c009fef955f842dd78b6154037f13d,8873,,,true
P02_BLACK_B_000010,P02,BLACK,B,image_000010.jpg,training/P02/BLACK/B/images/image_000010.jpg,65fffeac657fd0d82f2a33365be18cf5a7d35ecad8ee5b82ca8185936f67c1e3,8022,,,true
P02_BLACK_B_000011,P02,BLACK,B,image_000011.jpg,training/P02/BLACK/B/images/image_000011.jpg,eb24111919b8808920cf4bb9ab30bae89f20c9bc01b2aab87ae0395eaa69e077,8759,,,true
P02_BLACK_B_000012,P02,BLACK,B,image_000012.jpg,training/P02/BLACK/B/images/image_000012.jpg,df26178629b7ee15e095f187ae852ab1cace33e7af5482b33d313f58d4f36ca1,8244,,,true
P02_BLACK_B_000013,P02,BLACK,B,image_000013.jpg,training/P02/BLACK/B/images/image_000013.jpg,48af55283dc891bfde0ed324007e274b1d21f09d9f20917e6d9aed1cfd9c03b6,7889,,,true
P02_BLACK_B_000014,P02,BLACK,B,image_000014.jpg,training/P02/BLACK/B/images/image_000014.jpg,7da60ddce080ba6aacbdb0de42f7386d24d317213c88e0a0ec78bc340d671e43,8369,,,true
P02_BLACK_B_000015,P02,BLACK,B,image_000015.jpg,training/P02/BLACK/B/images/image_000015.jpg,3b12b4486ec77b1caa2b0f00c837d955bd50f5f50fad01dd571c7ce0bbd72281,8466,,,true
P02_BLACK_B_000016,P02,BLACK,B,image_000016.jpg,training/P02/BLACK/B/images/image_000016.jpg,3e99d4ad2b06e0ea11d2b128c8377dcc56b0532f1c373e883d53a66868a35829,9351,,,true
P02_BLACK_B_000017,P02,BLACK,B,image_000017.jpg,training/P02/BLACK/B/images/image_000017.jpg,d0d7d3a51ae960fe4c9d80ece7e0272d52b1f62105025f386b6b3f90a01416c2,8615,,,true
P02_BLACK_B_000018,P02,BLACK,B,image_000018.jpg,training/P02/BLACK/B/images/image_000018.jpg,321ecf6b32e45c64901f20a5560ef3d9bfbab044ec0f754e06c99ed5689bcbe6,8972,,,true
P02_BLACK_B_000019,P02,BLACK,B,image_000019.jpg,training/P02/BLACK/B/images/image_000019.jpg,974c3df0ead3d1582090b7cfeb03749c5f67ebbd1faa173c2dca2d409435fb0f,9125,,,true
P02_BLACK_B_000020,P02,BLACK,B,image_000020.jpg,training/P02/BLACK/B/images/image_000020.jpg,4e14dbeb45217fc170ca7fbb32fb7fffdd4ebe8ffefe52dd31dfe1dea6a7fb2f,8835,,,true
P02_BLACK_B_000021,P02,BLACK,B,image_000021.jpg,training/P02/BLACK/B/images/image_000021.jpg,15f7bab12df18b79893e771a8f24cf61da1164b025ab46ed78e3e7f8c251d11a,8929,,,true
P02_BLACK_B_000022,P02,BLACK,B,image_000022.jpg,training/P02/BLACK/B/images/image_000022.jpg,6ef3899745a3d0e329a27f7bdc0efccf4d07b0de4b3953ef8d9ea8e0531d9510,9413,,,true
P02_BLACK_B_000023,P02,BLACK,B,image_000023.jpg,training/P02/BLACK/B/images/image_000023.jpg,b3daae4b9ae70e7557b9fb08ba9d8b026151b1e1a1c5858df905b074cf4b14a6,9263,,,true
P02_BLACK_B_000024,P02,BLACK,B,image_000024.jpg,training/P02/BLACK/B/images/image_000024.jpg,67a1fa535bb445e105c9da4453275b149bb1a7f810eefbe3db1fd9b3a61fbf56,9103,,,true
P02_BLACK_B_000025,P02,BLACK,B,image_000025.jpg,training/P02/BLACK/B/images/image_000025.jpg,23ac15fb4be0a5a1fa582cb8fcd36b9e2b6f97df515401a8201d1ffe27beca8a,9078,,,true
P02_BLACK_C_000001,P02,BLACK,C,image_000001.jpg,training/P02/BLACK/C/images/image_000001.jpg,e8b1b716ce9a9ecc4b49110e0911709d69c1f769fa0a4f364abd4b1f414db9a6,9192,,,true
P02_BLACK_C_000002,P02,BLACK,C,image_000002.jpg,training/P02/BLACK/C/images/image_000002.jpg,2446653bb76c57ea77500d0409d97ba69f4cc5e88e977b0bb509f3a335251d63,8915,,,true
P02_BLACK_C_000003,P02,BLACK,C,image_000003.jpg,training/P02/BLACK/C/images/image_000003.jpg,fc14eb497701b7ce7a5e2a6fb6a301bf7a128602b45f1bea838f28c38955c89a,8877,,,true
P02_BLACK_C_000004,P02,BLACK,C,image_000004.jpg,training/P02/BLACK/C/images/image_000004.jpg,831a3c771bee4a15b01862eb772de941c28ef3ddc50dd507482d154ae3bcc13a,8058,,,true
P02_BLACK_C_000005,P02,BLACK,C,image_000005.jpg,training/P02/BLACK/C/images/image_000005.jpg,ea7ac00655a461b6b2aa887f3fcd7d21178a40eb9010b12e7758c8946617e534,8490,,,true
P02_BLACK_C_000006,P02,BLACK,C,image_000006.jpg,training/P02/BLACK/C/images/image_000006.jpg,e46e4b825b9b096d18fc67bb77ca5039cc10bc97f5223f8118fc8fdb4d74686d,7974,,,true
P02_BLACK_C_000007,P02,BLACK,C,image_000007.jpg,training/P02/BLACK/C/images/image_000007.jpg,9201da125a007021b36d7d791ae0d753d676fa9cf34967759348f7160fd3aae5,8550,,,true
P02_BLACK_C_000008,P02,BLACK,C,image_000008.jpg,training/P02/BLACK/C/images/image_000008.jpg,5336f1e2b4177304d2a39798223ad276a46d843d74a7afa1d998f5e167eb31c7,8009,,,true
P02_BLACK_C_000009,P02,BLACK,C,image_000009.jpg,training/P02/BLACK/C/images/image_000009.jpg,df76687f25884d9a491cae80dcd24c2761598538d250290d732f80361e7513ff,8169,,,true
P02_BLACK_C_000010,P02,BLACK,C,image_000010.jpg,training/P02/BLACK/C/images/image_000010.jpg,ebc0e52009764c1458c80d3dabad63b42d64eada95c18210a57339e88731946e,8251,,,true
P02_BLACK_C_000011,P02,BLACK,C,image_000011.jpg,training/P02/BLACK/C/images/image_000011.jpg,24b441b96998cc3c9cf94e579e7015b26fa91e0000af906ebd24cbcbe859f2a5,8587,,,true
P02_BLACK_C_000012,P02,BLACK,C,image_000012.jpg,training/P02/BLACK/C/images/image_000012.jpg,bd2a6ad7407390eaadcab877f8d01ed2a957aff0c208bf65b7f6caa0a6c134e5,9124,,,true
P02_BLACK_C_000013,P02,BLACK,C,image_000013.jpg,training/P02/BLACK/C/images/image_000013.jpg,1e686752133679c89732a5e7f99be021ee74dea383772053e4772b91139a2520,8828,,,true
P02_BLACK_C_000014,P02,BLACK,C,image_000014.jpg,training/P02/BLACK/C/images/image_000014.jpg,8c9550f24549a7185aaba59423d298e3c14be87dedb476573ba2c3d36f7f5a5d,9126,,,true
P02_BLACK_C_000015,P02,BLACK,C,image_000015.jpg,training/P02/BLACK/C/images/image_000015.jpg,c7450ea4aca979095242b34e25ea9ceddb55eee61492e04ac73b495713f4131c,7845,,,true
P02_BLACK_C_000016,P02,BLACK,C,image_000016.jpg,training/P02/BLACK/C/images/image_000016.jpg,455573f80a1ad410e25b6e73bf58c177c354c49a19fad48cbe38919cde7d72b1,8693,,,true
P02_BLACK_C_000017,P02,BLACK,C,image_000017.jpg,training/P02/BLACK/C/images/image_000017.jpg,c4b4828533d7e4c5c70670ae57b4d584403839f5fb75613d1f65dd625fe69d26,8130,,,true
P02_BLACK_C_000018,P02,BLACK,C,image_000018.jpg,training/P02/BLACK/C/images/image_000018.jpg,7ba8e4e1053ced3cf9c6de207e2915379363316b260656270740dfbc457dc349,8149,,,true
P02_BLACK_C_000019,P02,BLACK,C,image_000019.jpg,training/P02/BLACK/C/images/image_000019.jpg,2a35c12a0cca13de0ac10160fddcd5fb68e95ff36c3fbd742ac33f0eaab02f3f,8268,,,true
P02_BLACK_C_000020,P02,BLACK,C,image_000020.jpg,training/P02/BLACK/C/images/image_000020.jpg,f659a802ef6d8355f8fca6d7539a46c16e178f0594ef400ca54977c0438e8a1a,8156,,,true
P02_BLACK_C_000021,P02,BLACK,C,image_000021.jpg,training/P02/BLACK/C/images/image_000021.jpg,5ae643087bd8c83a174cff77025a956ffa8d6f142fd11570e23a2a8c557ea514,8801,,,true
P02_BLACK_C_000022,P02,BLACK,C,image_000022.jpg,training/P02/BLACK/C/images/image_000022.jpg,77d53a4a298954e7b17df5fd6585c9d11ee22f9878bcbf236f220dc828aab180,8859,,,true
P02_BLACK_C_000023,P02,BLACK,C,image_000023.jpg,training/P02/BLACK/C/images/image_000023.jpg,9cd9a0e1cb7ee1085e2a2cc4f8ac16ccff58f997f87e3443e2b78de6c13332a5,8672,,,true
P02_BLACK_C_000024,P02,BLACK,C,image_000024.jpg,training/P02/BLACK/C/images/image_000024.jpg,166e4ce4530cdc416456591e63f6340d4e207c30df7b3f45d90b10eeb23b3a2f,8346,,,true
P02_BLACK_C_000025,P02,BLACK,C,image_000025.jpg,training/P02/BLACK/C/images/image_000025.jpg,c7ba642d4680a7a01a59b37b8493652578eabc2ecb502bcccc1f81149fbe9724,8478,,,true
P02_BLACK_E_000001,P02,BLACK,E,image_000001.jpg,training/P02/BLACK/E/images/image_000001.jpg,a67c0484c9b07afc204c5e2f8e76ccc5265c54c4d274e9360c2d2809a9321fe2,6235,,,true
P02_BLACK_E_000002,P02,BLACK,E,image_000002.jpg,training/P02/BLACK/E/images/image_000002.jpg,f8163503f5fdc9a5a53196148ecce8dbf00e0737dfa955d498e211e018cc5c4e,6221,,,true
P02_BLACK_E_000003,P02,BLACK,E,image_000003.jpg,training/P02/BLACK/E/images/image_000003.jpg,921616a428dd48a1669829e694b28bb7b573153ec6aa8074d48e836f48e87c80,9286,,,true
P02_BLACK_E_000004,P02,BLACK,E,image_000004.jpg,training/P02/BLACK/E/images/image_000004.jpg,e80cf20b9001d6250b17e3f4d8775c7f311898eaad770ca4db3ba0d2fda7d5da,9231,,,true
P02_BLACK_E_000005,P02,BLACK,E,image_000005.jpg,training/P02/BLACK/E/images/image_000005.jpg,93a2871688ae8e3416cc710dea7a457a9a401963067d986836e6e03dce5cd1df,9275,,,true
P02_BLACK_E_000006,P02,BLACK,E,image_000006.jpg,training/P02/BLACK/E/images/image_000006.jpg,ffacc22f1408b6e785b91aecd49b98395d5e5c89779b205299ee44c0075986e0,9113,,,true
P02_BLACK_E_000007,P02,BLACK,E,image_000007.jpg,training/P02/BLACK/E/images/image_000007.jpg,fc53b89d7eb0ac1b2f90473d2ead309ec4e88e5ccd706639eaddcbd16bf63093,9017,,,true
P02_BLACK_E_000008,P02,BLACK,E,image_000008.jpg,training/P02/BLACK/E/images/image_000008.jpg,b1f5d1e511e984f9fb1fcc610c1cbcd98e25fce48b405ed692833c8546c41803,9582,,,true
P02_BLACK_E_000009,P02,BLACK,E,image_000009.jpg,training/P02/BLACK/E/images/image_000009.jpg,79fffb1520613709ae7eabd422f7cb99e643747292e3f091758418ed836f66a3,9742,,,true
P02_BLACK_E_000010,P02,BLACK,E,image_000010.jpg,training/P02/BLACK/E/images/image_000010.jpg,17a5d00346a32184d4401f48c7c9f335b823a61f8e43ada6762358b1f436572f,9181,,,true
P02_BLACK_E_000011,P02,BLACK,E,image_000011.jpg,training/P02/BLACK/E/images/image_000011.jpg,43ecc185ff49f505f0d2e4f43d933fdc7624498e39ed4beab2dcd93d9184c2fc,9246,,,true
P02_BLACK_E_000012,P02,BLACK,E,image_000012.jpg,training/P02/BLACK/E/images/image_000012.jpg,536f7ceef8707f543ee6d2763b80785bce75cc6970fd450e96fa1491935c0970,9551,,,true
P02_BLACK_E_000013,P02,BLACK,E,image_000013.jpg,training/P02/BLACK/E/images/image_000013.jpg,f6a9cbbd53e52bc51796f661db7238579552a32445f71cb104ca159edbe9c1ae,9618,,,true
P02_BLACK_E_000014,P02,BLACK,E,image_000014.jpg,training/P02/BLACK/E/images/image_000014.jpg,d4ae7a498b5be48176207b96f1153b5ea01ed218836d72acc96f0a9608cc680e,9291,,,true
P02_BLACK_E_000015,P02,BLACK,E,image_000015.jpg,training/P02/BLACK/E/images/image_000015.jpg,25c820768145e8d79c66cd1fb133f1c9b2feb7e70ab366a27fe4c8a95ca93aa3,9533,,,true
P02_BLACK_E_000016,P02,BLACK,E,image_000016.jpg,training/P02/BLACK/E/images/image_000016.jpg,6cc140aab29c12ebb7897d28b9760a6117c8a552a98ad59defe0dd42530ee370,9367,,,true
P02_BLACK_E_000017,P02,BLACK,E,image_000017.jpg,training/P02/BLACK/E/images/image_000017.jpg,6ceb10a63d9f8f487e9447e65c97e7c6959a2ffac31e7bb2c4a0ac09360e5abc,9173,,,true
P02_BLACK_E_000018,P02,BLACK,E,image_000018.jpg,training/P02/BLACK/E/images/image_000018.jpg,c7bd1f0e248099e45dc4900a81baf086ac3101597a30dde969addbc38063cd92,9177,,,true
P02_BLACK_E_000019,P02,BLACK,E,image_000019.jpg,training/P02/BLACK/E/images/image_000019.jpg,61ab3e42620c118de3db9eaa6dc5ae6933e6e1ab54bec5a9df96907d32d61e60,9276,,,true
P02_BLACK_E_000020,P02,BLACK,E,image_000020.jpg,training/P02/BLACK/E/images/image_000020.jpg,165c92abfcc2fab57e9263d236c4b2179cc47e07da6d8138e8097a55907cdd33,9408,,,true
P02_BLACK_E_000021,P02,BLACK,E,image_000021.jpg,training/P02/BLACK/E/images/image_000021.jpg,6fd78317266f9568f34881326598f6d05393cd1a1e37313c206507dc7b7d4857,8558,,,true
P02_BLACK_E_000022,P02,BLACK,E,image_000022.jpg,training/P02/BLACK/E/images/image_000022.jpg,4b7eef88635a3e20fc00cfecc2134daeb64b783f7b27494ef9f71a8e570767a9,10299,,,true
P02_BLACK_E_000023,P02,BLACK,E,image_000023.jpg,training/P02/BLACK/E/images/image_000023.jpg,58baa0a019aeca810c82bca2f9460811d4e9a63825e40a6885d06a0c2ee7a75b,9646,,,true
P02_BLACK_E_000024,P02,BLACK,E,image_000024.jpg,training/P02/BLACK/E/images/image_000024.jpg,cbad365bc1b63a5a71ae4200a5904ba1269316ff9265ab04ffd9c5153df4915c,9178,,,true
P02_BLACK_E_000025,P02,BLACK,E,image_000025.jpg,training/P02/BLACK/E/images/image_000025.jpg,2980631c71b14970ff3019e973ba26d1efc48dde3c97ab9c4c73616a6023df37,9463,,,true
P02_BLACK_I_000001,P02,BLACK,I,image_000001.jpg,training/P02/BLACK/I/images/image_000001.jpg,8746251cbc62fe003f0cc638b4ee4acc113d8668958d4de512ef2556627d6dcf,8522,,,true
P02_BLACK_I_000002,P02,BLACK,I,image_000002.jpg,training/P02/BLACK/I/images/image_000002.jpg,c42a8951e970eff0f28cb8c6341916282a9a4e3e29cf95196d08784391cda6c7,8905,,,true
P02_BLACK_I_000003,P02,BLACK,I,image_000003.jpg,training/P02/BLACK/I/images/image_000003.jpg,21d0b6ad7b887cfe400606246a003ac1ac6accd4f08d3508c3ceb0f8df89d17a,9075,,,true
P02_BLACK_I_000004,P02,BLACK,I,image_000004.jpg,training/P02/BLACK/I/images/image_000004.jpg,44ddee3078d930d970938778f94daa36ea439da46ef61b3d4ce2eb2f8cc6e731,9101,,,true
P02_BLACK_I_000005,P02,BLACK,I,image_000005.jpg,training/P02/BLACK/I/images/image_000005.jpg,6506bca907e11833a0e46f4273dcf58bcea9b01e1cf65b6bd0cdacbeb9051bb3,8126,,,true
P02_BLACK_I_000006,P02,BLACK,I,image_000006.jpg,training/P02/BLACK/I/images/image_000006.jpg,5a2efa513ad3c354fef4ee46550e43a8cd04a8d055237075de5cec454856c349,8627,,,true
P02_BLACK_I_000007,P02,BLACK,I,image_000007.jpg,training/P02/BLACK/I/images/image_000007.jpg,61bde38ca937a97c37f60f57c5afbfbfade5e014d6056149a02ae1aec1031341,8520,,,true
P02_BLACK_I_000008,P02,BLACK,I,image_000008.jpg,training/P02/BLACK/I/images/image_000008.jpg,a3cbe387a9207bae51db0a4e506edb209cf155e5bda9b6e54f63dd27e7cb8c39,9629,,,true
P02_BLACK_I_000009,P02,BLACK,I,image_000009.jpg,training/P02/BLACK/I/images/image_000009.jpg,a50d5ec13d2d87001d23ad3d67f7c144a30be79c10cba443fd72e0e2205efb4e,9774,,,true
P02_BLACK_I_000010,P02,BLACK,I,image_000010.jpg,training/P02/BLACK/I/images/image_000010.jpg,27f2638fd322c471ed9f4f84123b88c1a336e261f00620fbd597b19941cfe958,9339,,,true
P02_BLACK_I_000011,P02,BLACK,I,image_000011.jpg,training/P02/BLACK/I/images/image_000011.jpg,22b54c9e331bdb8c4165706f83e34c9fccb78b91b3e30d5974b9380c8b039367,9708,,,true
P02_BLACK_I_000012,P02,BLACK,I,image_000012.jpg,training/P02/BLACK/I/images/image_000012.jpg,6d0aed8148098dc430dcab9c5ce6d9f5e46005903b6b7e9fd24b86f95ef52875,8433,,,true
P02_BLACK_I_000013,P02,BLACK,I,image_000013.jpg,training/P02/BLACK/I/images/image_000013.jpg,1d9a961758188136037c69ea548c749be467b4bbb095a5175ea792b640847825,8154,,,true
P02_BLACK_I_000014,P02,BLACK,I,image_000014.jpg,training/P02/BLACK/I/images/image_000014.jpg,6e7a973b0abb1f9009add9cc2dda0839688c2b9d901f432692a6f5b8f5909ce2,9308,,,true
P02_BLACK_I_000015,P02,BLACK,I,image_000015.jpg,training/P02/BLACK/I/images/image_000015.jpg,49c3edf9ad9bdd5768cb5606cd69671a5f15e42ae8556c2c2ded197635d203c9,9375,,,true
P02_BLACK_I_000016,P02,BLACK,I,image_000016.jpg,training/P02/BLACK/I/images/image_000016.jpg,34222491f7b61e73637540ca44a60f4126206a680d1b76954fd61470e24adfef,7546,,,true
P02_BLACK_I_000017,P02,BLACK,I,image_000017.jpg,training/P02/BLACK/I/images/image_000017.jpg,8b103759458528a3c300b3637f2ae996be79a0354f86cb0bb5ef266b54dd4225,9191,,,true
P02_BLACK_I_000018,P02,BLACK,I,image_000018.jpg,training/P02/BLACK/I/images/image_000018.jpg,e9960b7c1e2cc0d89343f2e06a0486286b3a85b8347a88260efda7ef940df4f6,9776,,,true
P02_BLACK_I_000019,P02,BLACK,I,image_000019.jpg,training/P02/BLACK/I/images/image_000019.jpg,9d062d43262599ed4d5ea0479bb8aee4eb3956c9e0859a1e9a9272a7647a7f09,8717,,,true
P02_BLACK_I_000020,P02,BLACK,I,image_000020.jpg,training/P02/BLACK/I/images/image_000020.jpg,270e3d4d12fb3921364cedd703db9849213f2c9cfe8473774a9ca0f8b1b6070e,8762,,,true
P02_BLACK_I_000021,P02,BLACK,I,image_000021.jpg,training/P02/BLACK/I/images/image_000021.jpg,254686a537df4d92334eb2351dbcdff9351a26a2665a25c3b57a85abe35727a4,9128,,,true
P02_BLACK_I_000022,P02,BLACK,I,image_000022.jpg,training/P02/BLACK/I/images/image_000022.jpg,b396b0b2cdaa44fea4373efeaba07d055b2ccd6f3e653ecf03c8ebc162dad12f,8608,,,true
P02_BLACK_I_000023,P02,BLACK,I,image_000023.jpg,training/P02/BLACK/I/images/image_000023.jpg,11dea7975b4366b77f9212886f33c20c46c48425e3bfa85e563f64c70e89ba20,8547,,,true
P02_BLACK_I_000024,P02,BLACK,I,image_000024.jpg,training/P02/BLACK/I/images/image_000024.jpg,4506022653f7b400c6a2658552acf11446e9905f03e220ae8be6ae40927ef354,8719,,,true
P02_BLACK_I_000025,P02,BLACK,I,image_000025.jpg,training/P02/BLACK/I/images/image_000025.jpg,3f81ef533f41492e0fdbda22889d52cc80d3dece2ce412ac5716f2657e5265c7,8462,,,true
P02_BLACK_L_000001,P02,BLACK,L,image_000001.jpg,training/P02/BLACK/L/images/image_000001.jpg,7dde8b0ab0bf5124abcdbbc3cecb592d61900d31002b12eeb331d95edf8bc478,9685,,,true
P02_BLACK_L_000002,P02,BLACK,L,image_000002.jpg,training/P02/BLACK/L/images/image_000002.jpg,8e6c7e3424640745bd1cfd4aed3794d2691047674ebf61739b15c13d50948fb3,9683,,,true
P02_BLACK_L_000003,P02,BLACK,L,image_000003.jpg,training/P02/BLACK/L/images/image_000003.jpg,34f3fc9e2098b68a48e344d6342c91d9e9409929cf296ab8a78e90282207e4b8,9142,,,true
P02_BLACK_L_000004,P02,BLACK,L,image_000004.jpg,training/P02/BLACK/L/images/image_000004.jpg,d9a727adb9d654dbc76bf99eb083bcae561e77207be65b3d168c2e43aca11a31,8868,,,true
P02_BLACK_L_000005,P02,BLACK,L,image_000005.jpg,training/P02/BLACK/L/images/image_000005.jpg,8b14287b2bef14431551aa64054235015116070a0dd7516f6f24481d5ffc4eeb,8600,,,true
P02_BLACK_L_000006,P02,BLACK,L,image_000006.jpg,training/P02/BLACK/L/images/image_000006.jpg,fe3a26e0646b1bfb5ecc82d7659a37b5c1b1b5b8aec6d70e6405b7c0e785c573,8822,,,true
P02_BLACK_L_000007,P02,BLACK,L,image_000007.jpg,training/P02/BLACK/L/images/image_000007.jpg,0ed8079adc3d4f899d0cbb765040107a29815a8cc8eb26d79cd3185d0b273555,9256,,,true
P02_BLACK_L_000008,P02,BLACK,L,image_000008.jpg,training/P02/BLACK/L/images/image_000008.jpg,6076da9256386295ded0ea7dd57d699c583eabc526c31436971c81102bdc0943,9437,,,true
P02_BLACK_L_000009,P02,BLACK,L,image_000009.jpg,training/P02/BLACK/L/images/image_000009.jpg,25e178b9296a44aabb057d8a753ff23df5942926e39a2b6cff936650b51763f2,8494,,,true
P02_BLACK_L_000010,P02,BLACK,L,image_000010.jpg,training/P02/BLACK/L/images/image_000010.jpg,6374fdb48fe3e91c879b66dfea921ac2cbe7877bf7752608131ccdd6cd4fce84,8892,,,true
P02_BLACK_L_000011,P02,BLACK,L,image_000011.jpg,training/P02/BLACK/L/images/image_000011.jpg,310a6a588bb7a968bc1c27e1b0efbf6d3f9ca83d7bf9659564a6ce1698fc8fd1,8930,,,true
P02_BLACK_L_000012,P02,BLACK,L,image_000012.jpg,training/P02/BLACK/L/images/image_000012.jpg,c8ed6ee3993ca685e45156f4a194de02238d995e68226255506815df6d30d6b9,8954,,,true
P02_BLACK_L_000013,P02,BLACK,L,image_000013.jpg,training/P02/BLACK/L/images/image_000013.jpg,9d4170846b710c90803c7cc134f6cf54c12c1857f30ce88596f5f4690a970ea8,9592,,,true
P02_BLACK_L_000014,P02,BLACK,L,image_000014.jpg,training/P02/BLACK/L/images/image_000014.jpg,0be258eddb90e39d4d49e2a616db7e8f93932d0169c39b9bc09b3bb85bad3064,9292,,,true
P02_BLACK_L_000015,P02,BLACK,L,image_000015.jpg,training/P02/BLACK/L/images/image_000015.jpg,cfc14268a74a6d0332671e78cd1439aed10ae548123661c50bbaeb4fac708e43,9210,,,true
P02_BLACK_L_000016,P02,BLACK,L,image_000016.jpg,training/P02/BLACK/L/images/image_000016.jpg,004bd725461af798bc41377941bebdcf3adbec37d20e6c96a0f67e2dce827345,9025,,,true
P02_BLACK_L_000017,P02,BLACK,L,image_000017.jpg,training/P02/BLACK/L/images/image_000017.jpg,94ce0c0226169396aa0f78c8501b2cb8891866c7fad7a8686344e69afae6f989,8911,,,true
P02_BLACK_L_000018,P02,BLACK,L,image_000018.jpg,training/P02/BLACK/L/images/image_000018.jpg,0783fa6780fe3ed4a2cd5a9c4077a67e35827a2eb29737ca461ca43de666a00b,8806,,,true
P02_BLACK_L_000019,P02,BLACK,L,image_000019.jpg,training/P02/BLACK/L/images/image_000019.jpg,f996db1c88bb7066799423face8fb3bb39074376fa70e30e10035b7176c2a241,9330,,,true
P02_BLACK_L_000020,P02,BLACK,L,image_000020.jpg,training/P02/BLACK/L/images/image_000020.jpg,2fd02c06fab82b5e493525d07ac324f3a7ef52424b3e469eb2bfe91a5b871c74,9319,,,true
P02_BLACK_L_000021,P02,BLACK,L,image_000021.jpg,training/P02/BLACK/L/images/image_000021.jpg,9d964a9dedd49b2aaf3180d5f328c5e82f53b4db5537b577612b4928cf6992c0,9676,,,true
P02_BLACK_L_000022,P02,BLACK,L,image_000022.jpg,training/P02/BLACK/L/images/image_000022.jpg,8a8ebed7bc69bf5bf8987cc1aa66cb83ceb80fd4fff733bb72533e7c89ed0b31,8475,,,true
P02_BLACK_L_000023,P02,BLACK,L,image_000023.jpg,training/P02/BLACK/L/images/image_000023.jpg,72f4e54b4c2ae7e053b239ea20fa9eb843c632de8536fb13b3ec4035f6dca85e,8440,,,true
P02_BLACK_L_000024,P02,BLACK,L,image_000024.jpg,training/P02/BLACK/L/images/image_000024.jpg,452c7eec143d62d220cbd077eb840a2131a6646e393890583701f5fbeaa4cee8,8388,,,true
P02_BLACK_L_000025,P02,BLACK,L,image_000025.jpg,training/P02/BLACK/L/images/image_000025.jpg,f0af3f2b7057a003442b14977b4140d78ab6fd58c37a212525838e5a2f42f5da,8703,,,true
P02_BLACK_M_000001,P02,BLACK,M,image_000001.jpg,training/P02/BLACK/M/images/image_000001.jpg,b1159db336ca1ca698bdc63fd34613daa14a0d5c681dc8b89f6f0c2a1ac8000d,8831,,,true
P02_BLACK_M_000002,P02,BLACK,M,image_000002.jpg,training/P02/BLACK/M/images/image_000002.jpg,160b500a2db0fb5d96d50ac9f99ead347913a339850d77bda8279846dc65cad2,8535,,,true
P02_BLACK_M_000003,P02,BLACK,M,image_000003.jpg,training/P02/BLACK/M/images/image_000003.jpg,2b850907d5adf0884b35af4766b3a9ce01a1881ed0fc72e3ce166d9c3fcfe4f8,9031,,,true
P02_BLACK_M_000004,P02,BLACK,M,image_000004.jpg,training/P02/BLACK/M/images/image_000004.jpg,7e2a89e8d9438f1a1f176fea9739ae5d36feb72d0fa5793eb88000811f08a550,8576,,,true
P02_BLACK_M_000005,P02,BLACK,M,image_000005.jpg,training/P02/BLACK/M/images/image_000005.jpg,6214af9e83f83fed30cd177120b4229a7f17775e6368e8016f8b09ee49fd33cc,8303,,,true
P02_BLACK_M_000006,P02,BLACK,M,image_000006.jpg,training/P02/BLACK/M/images/image_000006.jpg,7f21356f879b15058752e3accc1e0b467ec7ee153db57b04f03ba5a9e4b6c6ac,7861,,,true
P02_BLACK_M_000007,P02,BLACK,M,image_000007.jpg,training/P02/BLACK/M/images/image_000007.jpg,a37d1ddee804cc97a8e048e4b3a2580bfd8537faa4f0855a8a6374bb87cbb3be,8259,,,true
P02_BLACK_M_000008,P02,BLACK,M,image_000008.jpg,training/P02/BLACK/M/images/image_000008.jpg,3afa14870d70f16d3951a99e42d930e391d0dad1ccf1dbeb59cdb974c4a5aed0,8524,,,true
P02_BLACK_M_000009,P02,BLACK,M,image_000009.jpg,training/P02/BLACK/M/images/image_000009.jpg,7856f16240983837f46bd5fe0e49b0ffcae2bc431c046fef4774b54cdeb1f226,8417,,,true
P02_BLACK_M_000010,P02,BLACK,M,image_000010.jpg,training/P02/BLACK/M/images/image_000010.jpg,bfe8e776d6ded947d35be3da385a9a7bebe6597756b00a5d882f9a2446e27046,8564,,,true
P02_BLACK_M_000011,P02,BLACK,M,image_000011.jpg,training/P02/BLACK/M/images/image_000011.jpg,94a85cb6d7d64349992777cad393c39c56f0d4497df0b7fc7cef0fec4fb8be1b,9178,,,true
P02_BLACK_M_000012,P02,BLACK,M,image_000012.jpg,training/P02/BLACK/M/images/image_000012.jpg,f09a49c2d3cc6a9d6fcb1219b7f3ad8dd539cd069e6c742d7fe000ddf633daed,8661,,,true
P02_BLACK_M_000013,P02,BLACK,M,image_000013.jpg,training/P02/BLACK/M/images/image_000013.jpg,4f1c3e81ae7049eb795a9c120b819f77f38832e5d8a2e10823926a76a2ae3948,8362,,,true
P02_BLACK_M_000014,P02,BLACK,M,image_000014.jpg,training/P02/BLACK/M/images/image_000014.jpg,ef0dbf0a465cf782a292776572a53f0abebac087688f74ff492b1b9e8e7e7a05,8247,,,true
P02_BLACK_M_000015,P02,BLACK,M,image_000015.jpg,training/P02/BLACK/M/images/image_000015.jpg,345fb7504bbef27756db1a0aba1669ac595ae3bb1aaf69c9d73378692816a413,8320,,,true
P02_BLACK_M_000016,P02,BLACK,M,image_000016.jpg,training/P02/BLACK/M/images/image_000016.jpg,026733891b26a103c32951a5e548c0280c30fbd636b5f457c79bc13734695afe,8256,,,true
P02_BLACK_M_000017,P02,BLACK,M,image_000017.jpg,training/P02/BLACK/M/images/image_000017.jpg,c05c3d847ae8053bce1b1ce1f5aaacdcbb753de8f116c67572f9a3dd6e08f464,8541,,,true
P02_BLACK_M_000018,P02,BLACK,M,image_000018.jpg,training/P02/BLACK/M/images/image_000018.jpg,c38d87f213e8ceb8a7c0895122a0fe84da622ca4b15ff28fc69374d99f626b88,8650,,,true
P02_BLACK_M_000019,P02,BLACK,M,image_000019.jpg,training/P02/BLACK/M/images/image_000019.jpg,540ec22bcbc285fd5b92b95cff30c106ab4378417f71614a9f80f900dc001a58,8717,,,true
P02_BLACK_M_000020,P02,BLACK,M,image_000020.jpg,training/P02/BLACK/M/images/image_000020.jpg,81aebb8b9475f4e64f63b702a97cbcc60cc7cfc0a73f550d5862670566d25fe5,8367,,,true
P02_BLACK_M_000021,P02,BLACK,M,image_000021.jpg,training/P02/BLACK/M/images/image_000021.jpg,12aba044c137d42116bf352105c34934b8f3c40a0722135f68acb42dac23fdf6,8135,,,true
P02_BLACK_M_000022,P02,BLACK,M,image_000022.jpg,training/P02/BLACK/M/images/image_000022.jpg,4a9129190cc9bc1abb6eab08428f6336b3a384f4a91db6d49b1284febb813008,8824,,,true
P02_BLACK_M_000023,P02,BLACK,M,image_000023.jpg,training/P02/BLACK/M/images/image_000023.jpg,236367424acee2f0a5b72b8c9526e5b00d6fac95361ce335ef7d0f63398ff3c4,8357,,,true
P02_BLACK_M_000024,P02,BLACK,M,image_000024.jpg,training/P02/BLACK/M/images/image_000024.jpg,f7970287dde34a46d04a1651bf66724337fda2ace9775bce4550a9e3a5a041fa,8640,,,true
P02_BLACK_M_000025,P02,BLACK,M,image_000025.jpg,training/P02/BLACK/M/images/image_000025.jpg,aac9166d0665e99138cbd5c73ee2f0e06d729e54b7151d05fdaa667a52b0fd07,8945,,,true
P02_BLACK_N_000001,P02,BLACK,N,image_000001.jpg,training/P02/BLACK/N/images/image_000001.jpg,253a638be2adb577e72a4a76468f6b43ee20c7af8c8db9f8854c89dca40f6ce0,9535,,,true
P02_BLACK_N_000002,P02,BLACK,N,image_000002.jpg,training/P02/BLACK/N/images/image_000002.jpg,c0b98bbb10be58d03ff844cb7c81cbba21374a565270c9272dda5c95ff8be181,9771,,,true
P02_BLACK_N_000003,P02,BLACK,N,image_000003.jpg,training/P02/BLACK/N/images/image_000003.jpg,eb37bca7542cd96dec494bd40832164fe085fa899cbd1c462952e91be489c2d5,9873,,,true
P02_BLACK_N_000004,P02,BLACK,N,image_000004.jpg,training/P02/BLACK/N/images/image_000004.jpg,31c65a737060a3cf1f8b2fafaab289883aa4188078b35a071fd282b74979245a,10120,,,true
P02_BLACK_N_000005,P02,BLACK,N,image_000005.jpg,training/P02/BLACK/N/images/image_000005.jpg,0c6565eead00ae914890c24bf56c10580610acd0be8f623f48065e9e9adb2b61,9991,,,true
P02_BLACK_N_000006,P02,BLACK,N,image_000006.jpg,training/P02/BLACK/N/images/image_000006.jpg,68bfa510c32e1c07af25a9dc741606b70e18d0717c915bb4a6327c40123f760b,9762,,,true
P02_BLACK_N_000007,P02,BLACK,N,image_000007.jpg,training/P02/BLACK/N/images/image_000007.jpg,ec1ada6be3a009d3ae76ade472cf43166beb316080b2287183247481fdbced36,9983,,,true
P02_BLACK_N_000008,P02,BLACK,N,image_000008.jpg,training/P02/BLACK/N/images/image_000008.jpg,f1a8b6776446ccb93aed9b4021956d60922fb62f6bc220a97b94d05894bd4612,9794,,,true
P02_BLACK_N_000009,P02,BLACK,N,image_000009.jpg,training/P02/BLACK/N/images/image_000009.jpg,6854347e2515edd54cfccfd9b279169323c5e3d910abe7c88991355c3512c04a,10048,,,true
P02_BLACK_N_000010,P02,BLACK,N,image_000010.jpg,training/P02/BLACK/N/images/image_000010.jpg,4cbb93fb3150b79ce49477c2fe5a23dc5198c748ddca2ef50875f829ee5d92ce,9578,,,true
P02_BLACK_N_000011,P02,BLACK,N,image_000011.jpg,training/P02/BLACK/N/images/image_000011.jpg,24b7541fe4016fdb40c30277e5a0ef7a14cde3774c6638974cd1554c37598adb,9856,,,true
P02_BLACK_N_000012,P02,BLACK,N,image_000012.jpg,training/P02/BLACK/N/images/image_000012.jpg,aeb3af062a885642a5ccfff9d4277fe02ca1bb471680421179115acf6110b922,10182,,,true
P02_BLACK_N_000013,P02,BLACK,N,image_000013.jpg,training/P02/BLACK/N/images/image_000013.jpg,f021de49ff6dac450efe5cd7bc5611362c2f10e111a09e4b920a21b9449b1ab5,9777,,,true
P02_BLACK_N_000014,P02,BLACK,N,image_000014.jpg,training/P02/BLACK/N/images/image_000014.jpg,04d0ff1216861e77f41e446e7c0e194133c6738b779556a157b107de91b3dd6b,9868,,,true
P02_BLACK_N_000015,P02,BLACK,N,image_000015.jpg,training/P02/BLACK/N/images/image_000015.jpg,5306fb9795811365de1644ee3cda715bf9f48d3f74a9b464d384932f734d7d10,9629,,,true
P02_BLACK_N_000016,P02,BLACK,N,image_000016.jpg,training/P02/BLACK/N/images/image_000016.jpg,8aaae6e1df3ba445a485d29d678e305fa7a0221622d655c8281d5a5fc90ce2df,9571,,,true
P02_BLACK_N_000017,P02,BLACK,N,image_000017.jpg,training/P02/BLACK/N/images/image_000017.jpg,5454772bcddc4a7b6b43c1b8697e4a29f73723711a953234269a83673005a820,9544,,,true
P02_BLACK_N_000018,P02,BLACK,N,image_000018.jpg,training/P02/BLACK/N/images/image_000018.jpg,05e02fc60ea396c2222591e0ea435982e2764aab33f19fee1bf4c152e9449b33,9526,,,true
P02_BLACK_N_000019,P02,BLACK,N,image_000019.jpg,training/P02/BLACK/N/images/image_000019.jpg,bba83dd9563f5d087df08327dc47b45187229546104cc676394e9fd660cab14a,8850,,,true
P02_BLACK_N_000020,P02,BLACK,N,image_000020.jpg,training/P02/BLACK/N/images/image_000020.jpg,880599d08effa9f238c9f74c55ab841d3d0f8eaf3e12cc31d375bce4a8464449,8397,,,true
P02_BLACK_N_000021,P02,BLACK,N,image_000021.jpg,training/P02/BLACK/N/images/image_000021.jpg,c4c54835481337f8dd13b511ba09bc481cb52b999892b1d1c07ee238fec50193,9563,,,true
P02_BLACK_N_000022,P02,BLACK,N,image_000022.jpg,training/P02/BLACK/N/images/image_000022.jpg,def4834cd288c9a6d02f1e512ce8c3059c426238cf30e9b0224fc0aefb2172e4,9678,,,true
P02_BLACK_N_000023,P02,BLACK,N,image_000023.jpg,training/P02/BLACK/N/images/image_000023.jpg,eaaf8ff9cbe79045a9c1c6695fd95fbc155cf275dced8366203bb77a35b732f0,9285,,,true
P02_BLACK_N_000024,P02,BLACK,N,image_000024.jpg,training/P02/BLACK/N/images/image_000024.jpg,374ac3b9cc3cb78070032d9b0bdc451f4a726c6bfe633c128a6381c887d39964,9775,,,true
P02_BLACK_N_000025,P02,BLACK,N,image_000025.jpg,training/P02/BLACK/N/images/image_000025.jpg,4c27e22ef651857995b1c66eb8867b56605f0809d7ec1c9164a0162bf9a12bca,9972,,,true
P02_BLACK_O_000001,P02,BLACK,O,image_000001.jpg,training/P02/BLACK/O/images/image_000001.jpg,65df7ad30a42f39fde0163716b469fc7e805a1dbc2aec66dafa920539b3f75a1,9272,,,true
P02_BLACK_O_000002,P02,BLACK,O,image_000002.jpg,training/P02/BLACK/O/images/image_000002.jpg,fddf9dcc1d6ea38e70649dda7e9bbc4f959a0789eb4d7c66f2ca196d4c7e6c35,9067,,,true
P02_BLACK_O_000003,P02,BLACK,O,image_000003.jpg,training/P02/BLACK/O/images/image_000003.jpg,b4a750125121d6333d319da0dcd827b4d40fd84f72d46b7b0d8d8dd94418f02c,9334,,,true
P02_BLACK_O_000004,P02,BLACK,O,image_000004.jpg,training/P02/BLACK/O/images/image_000004.jpg,b3b697bff3a83b88cc5370865ab9169663fd8330d8aaac5d9accf0d08d4961bf,9607,,,true
P02_BLACK_O_000005,P02,BLACK,O,image_000005.jpg,training/P02/BLACK/O/images/image_000005.jpg,35e5f417c7decc9371c8243dd7d8188abddbbc06733071211c324614cdf8baf0,9508,,,true
P02_BLACK_O_000006,P02,BLACK,O,image_000006.jpg,training/P02/BLACK/O/images/image_000006.jpg,42e9d8b9a39dd68ffaa814eaa4a45bd51dfb06617f6caff6d1ea09decdfdff08,9729,,,true
P02_BLACK_O_000007,P02,BLACK,O,image_000007.jpg,training/P02/BLACK/O/images/image_000007.jpg,7a6d5e363872e6d7583e4be9b2a5361ae75673e2f03212740bb2016573d8b943,9407,,,true
P02_BLACK_O_000008,P02,BLACK,O,image_000008.jpg,training/P02/BLACK/O/images/image_000008.jpg,8f31c270acda4f1190eeafac39855c65e9ba9654dcce3660a1f59388820f11d7,8946,,,true
P02_BLACK_O_000009,P02,BLACK,O,image_000009.jpg,training/P02/BLACK/O/images/image_000009.jpg,6544d2fcf5d5b927b5eb65d1cdfd8727338ae87ec88fa2ddd44e52435f1b1a16,9269,,,true
P02_BLACK_O_000010,P02,BLACK,O,image_000010.jpg,training/P02/BLACK/O/images/image_000010.jpg,3fdd50a3fb303b69de08946106579e0a2f7d83f5009cd967cdc0ede67c5cc3f7,9433,,,true
P02_BLACK_O_000011,P02,BLACK,O,image_000011.jpg,training/P02/BLACK/O/images/image_000011.jpg,b4061ed8f127a1b921fc50c1f288fac27a4671b20ef1c43b02815365f8cfab37,9424,,,true
P02_BLACK_O_000012,P02,BLACK,O,image_000012.jpg,training/P02/BLACK/O/images/image_000012.jpg,7c39c2d20aa7f32f5cbeb9a76013c95e4c3bba594ad1c310db62f49d0d6a4c97,9529,,,true
P02_BLACK_O_000013,P02,BLACK,O,image_000013.jpg,training/P02/BLACK/O/images/image_000013.jpg,e096d09fce26b5c357553ce23789f3949cffc1afdd27b4c626e20536e5a89d4a,9501,,,true
P02_BLACK_O_000014,P02,BLACK,O,image_000014.jpg,training/P02/BLACK/O/images/image_000014.jpg,695fd52bd7e5f9ca835aa322fe801dab2cd34f3cac1904bb4d36a911c8a1f34b,9368,,,true
P02_BLACK_O_000015,P02,BLACK,O,image_000015.jpg,training/P02/BLACK/O/images/image_000015.jpg,006e06e10fdd6eb24d99f49112ec2c50d3ebe132553afd939f9fd21fa9c68e45,9304,,,true
P02_BLACK_O_000016,P02,BLACK,O,image_000016.jpg,training/P02/BLACK/O/images/image_000016.jpg,ceed86002919145c331fed4d687fa3ce1771b2a420cf4c1edf0b4d804a00c53c,9141,,,true
P02_BLACK_O_000017,P02,BLACK,O,image_000017.jpg,training/P02/BLACK/O/images/image_000017.jpg,c9503ddfa24c17921e4adbfff070d6f1d8e22d676abbca93cddc65ff8bd25e25,9250,,,true
P02_BLACK_O_000018,P02,BLACK,O,image_000018.jpg,training/P02/BLACK/O/images/image_000018.jpg,3061a0c7ce071438bdf562593b9098c5619e6afe892f41667e4817116cc87d26,8874,,,true
P02_BLACK_O_000019,P02,BLACK,O,image_000019.jpg,training/P02/BLACK/O/images/image_000019.jpg,3552caedc942dca174857d8ef30ebd617876bdc0cb111aa617eaa270a3e05dad,8899,,,true
P02_BLACK_O_000020,P02,BLACK,O,image_000020.jpg,training/P02/BLACK/O/images/image_000020.jpg,ce237f188067420d6aeda3264cc0a81667173c945e6d337df2999b6d5d6a2214,8416,,,true
P02_BLACK_O_000021,P02,BLACK,O,image_000021.jpg,training/P02/BLACK/O/images/image_000021.jpg,a98743cfc4f8d17a6c86bb6d97f5f63c321b7583859652bca185a418d7b61ccd,9123,,,true
P02_BLACK_O_000022,P02,BLACK,O,image_000022.jpg,training/P02/BLACK/O/images/image_000022.jpg,22b2d142152afb3e7743ee82b14819e02ea0b4d469d48ddf7a0d5d4a51f4be0a,9303,,,true
P02_BLACK_O_000023,P02,BLACK,O,image_000023.jpg,training/P02/BLACK/O/images/image_000023.jpg,cb82a5b187bc4df4736959e785bd009d6e546b9b84bc450236ef8408026a8d48,9817,,,true
P02_BLACK_O_000024,P02,BLACK,O,image_000024.jpg,training/P02/BLACK/O/images/image_000024.jpg,8c03b17c1bc43069375e2d37da3fb83c293b672526bf9e2604a61cf51e7b4c6f,9565,,,true
P02_BLACK_O_000025,P02,BLACK,O,image_000025.jpg,training/P02/BLACK/O/images/image_000025.jpg,d07a55e938c540aac6c9d3b6126b28a9ef7e9855d178970230af84e7cf45ef44,9235,,,true
P02_BLACK_P_000001,P02,BLACK,P,image_000001.jpg,training/P02/BLACK/P/images/image_000001.jpg,deff83621530fd9d57ff3f1787a74d2a5951566f5412aa670bf5f12961b2fe52,9050,,,true
P02_BLACK_P_000002,P02,BLACK,P,image_000002.jpg,training/P02/BLACK/P/images/image_000002.jpg,def47685a4665a661513e4da076d5386f1c16d30934f450c02d94bf4cc49b4aa,9121,,,true
P02_BLACK_P_000003,P02,BLACK,P,image_000003.jpg,training/P02/BLACK/P/images/image_000003.jpg,5b7164f6313a0b448b880be159393f9d149a4aa5466a04288a7706e3e3683d0d,9164,,,true
P02_BLACK_P_000004,P02,BLACK,P,image_000004.jpg,training/P02/BLACK/P/images/image_000004.jpg,d0cb86e66013f92ea6850916baed72bc1477d59578524a73136d92e5cd0843b8,8787,,,true
P02_BLACK_P_000005,P02,BLACK,P,image_000005.jpg,training/P02/BLACK/P/images/image_000005.jpg,976bfd72f169b301897189df92c2647c69923dd1c0ca7b148dd8bdff450c99da,8975,,,true
P02_BLACK_P_000006,P02,BLACK,P,image_000006.jpg,training/P02/BLACK/P/images/image_000006.jpg,cf553975ab784a52c30e207d63b5522690569c083a0c331a56372b171431d547,9947,,,true
P02_BLACK_P_000007,P02,BLACK,P,image_000007.jpg,training/P02/BLACK/P/images/image_000007.jpg,3ee9908472691e0a804455e37d7687d50b6c25a95c575f9780deb0013dbb5e8a,9024,,,true
P02_BLACK_P_000008,P02,BLACK,P,image_000008.jpg,training/P02/BLACK/P/images/image_000008.jpg,5e44ea71d33b41b23a9888c6adddb72e7cd88e643bc2d7517fe2b71aaa78fa5b,8503,,,true
P02_BLACK_P_000009,P02,BLACK,P,image_000009.jpg,training/P02/BLACK/P/images/image_000009.jpg,002a6e4aa1620b8a8c2f037902e6fa5097d71f5e04276cabf834e0737fcb622f,8519,,,true
P02_BLACK_P_000010,P02,BLACK,P,image_000010.jpg,training/P02/BLACK/P/images/image_000010.jpg,39743437b77972475964a359d4b618c89c62889937b45a1dd11f2bfd381e9d6b,8821,,,true
P02_BLACK_P_000011,P02,BLACK,P,image_000011.jpg,training/P02/BLACK/P/images/image_000011.jpg,57f818d125a949dd79a94deae4637eded7bb5eefdffd38eb26471ea240f510fd,9943,,,true
P02_BLACK_P_000012,P02,BLACK,P,image_000012.jpg,training/P02/BLACK/P/images/image_000012.jpg,e37fedbd9b214afda673a900f12e29716190fbbfd3a2a596083e822e5ad84e31,8784,,,true
P02_BLACK_P_000013,P02,BLACK,P,image_000013.jpg,training/P02/BLACK/P/images/image_000013.jpg,355f139e60aa3d2128e4f58e865ca9d13595819658956c2aec49ec4e4fcc5298,9237,,,true
P02_BLACK_P_000014,P02,BLACK,P,image_000014.jpg,training/P02/BLACK/P/images/image_000014.jpg,ac8b45a4af74d16062a681889438c6419097f4fe429a3addf3782ec9065e0a8e,9212,,,true
P02_BLACK_P_000015,P02,BLACK,P,image_000015.jpg,training/P02/BLACK/P/images/image_000015.jpg,4868f2d2f6d4b89aefb13d062015439d6e4c0c9ab2f60f0d28478cc5067102c3,9756,,,true
P02_BLACK_P_000016,P02,BLACK,P,image_000016.jpg,training/P02/BLACK/P/images/image_000016.jpg,de8a3febae4d578348b9550aceeee52f7c1d995cc2f6df83e4d5869fe5540a53,9521,,,true
P02_BLACK_P_000017,P02,BLACK,P,image_000017.jpg,training/P02/BLACK/P/images/image_000017.jpg,0a9625a6845461609db5c6e7587d3dcccc21fb3f472f4fdc4d151cd85da1c266,8943,,,true
P02_BLACK_P_000018,P02,BLACK,P,image_000018.jpg,training/P02/BLACK/P/images/image_000018.jpg,40670fb1d780d04df98acb375b354a2fd15a74469304f2a8be76959514ebf324,9560,,,true
P02_BLACK_P_000019,P02,BLACK,P,image_000019.jpg,training/P02/BLACK/P/images/image_000019.jpg,6a625b5510116a50009ae6155570679e077dba3286d33bf9b1ac8b73085ed9b1,9758,,,true
P02_BLACK_P_000020,P02,BLACK,P,image_000020.jpg,training/P02/BLACK/P/images/image_000020.jpg,23b3367f5ca7f404ab9a3a9c507776f28503a18b9db3b62ef3efa1d3090f81e7,7949,,,true
P02_BLACK_P_000021,P02,BLACK,P,image_000021.jpg,training/P02/BLACK/P/images/image_000021.jpg,33825c7ce86556322dff7e89c25124aa9a6e2ef62c264f27df4c7c9e32dd94a4,8125,,,true
P02_BLACK_P_000022,P02,BLACK,P,image_000022.jpg,training/P02/BLACK/P/images/image_000022.jpg,2d4ac79825cbf2bd025a194273d7ece419c80345c0ae24e4724d7949f955c331,9003,,,true
P02_BLACK_P_000023,P02,BLACK,P,image_000023.jpg,training/P02/BLACK/P/images/image_000023.jpg,ef733297c57830155adc96555cf44d889f4db7d94c8ef24f9038432931f2a596,8854,,,true
P02_BLACK_P_000024,P02,BLACK,P,image_000024.jpg,training/P02/BLACK/P/images/image_000024.jpg,08ac7b8e992c69fd2bd0b41f9ff5ffd78a8e9b30d26311855387db2d0d86a6e8,9102,,,true
P02_BLACK_P_000025,P02,BLACK,P,image_000025.jpg,training/P02/BLACK/P/images/image_000025.jpg,da322de97afd44531d9dfab18ec15019252bddf025ba225b81b4f7b90a3580e5,9134,,,true
P02_BLACK_R_000001,P02,BLACK,R,image_000001.jpg,training/P02/BLACK/R/images/image_000001.jpg,e30e13ef4b095730573ad620e818272a606132d2e7820e476eacf37c4ae14c18,9606,,,true
P02_BLACK_R_000002,P02,BLACK,R,image_000002.jpg,training/P02/BLACK/R/images/image_000002.jpg,690d04c72e593aca18e4da1da4f195ed474db830a5151a08d163c5999d35ef26,9651,,,true
P02_BLACK_R_000003,P02,BLACK,R,image_000003.jpg,training/P02/BLACK/R/images/image_000003.jpg,ed222ce2b26159ceab815b684562a672c65809e01bdf4452c9671a6c5c868b31,9413,,,true
P02_BLACK_R_000004,P02,BLACK,R,image_000004.jpg,training/P02/BLACK/R/images/image_000004.jpg,9eaa0eb4c0008103238431e2171c3d0dd9db2f15d70b2b3ba65313e9c57189bf,9797,,,true
P02_BLACK_R_000005,P02,BLACK,R,image_000005.jpg,training/P02/BLACK/R/images/image_000005.jpg,939dd3386eec626875b079e9fe9d4247c91d2e01b7b8f51b24632ee053e9dd60,9015,,,true
P02_BLACK_R_000006,P02,BLACK,R,image_000006.jpg,training/P02/BLACK/R/images/image_000006.jpg,665a7efa3c6d1ea2fe3c7919d7fb168df3d055251a4e4aebcd95a21a5e32eea9,8780,,,true
P02_BLACK_R_000007,P02,BLACK,R,image_000007.jpg,training/P02/BLACK/R/images/image_000007.jpg,1c69a9022945c299be2fd733632e638621017129611b823e02bc029dd0152f12,9156,,,true
P02_BLACK_R_000008,P02,BLACK,R,image_000008.jpg,training/P02/BLACK/R/images/image_000008.jpg,71ba911b8657ee5c19b2623539d55e0dfd3456242a2610a1e0a5337477856ab5,9392,,,true
P02_BLACK_R_000009,P02,BLACK,R,image_000009.jpg,training/P02/BLACK/R/images/image_000009.jpg,71f1f52c74f0879b10528ced3599cf5da206693075fe15f7045c9c27f591262f,8883,,,true
P02_BLACK_R_000010,P02,BLACK,R,image_000010.jpg,training/P02/BLACK/R/images/image_000010.jpg,ac74f1ed7635b8d04b54c137c48114fb40a7864d973be8f06ca528a07d176c7d,9221,,,true
P02_BLACK_R_000011,P02,BLACK,R,image_000011.jpg,training/P02/BLACK/R/images/image_000011.jpg,247dff55447740035f0f0034eef76ba06f646c4e91851a783bf62d8cebd22688,9293,,,true
P02_BLACK_R_000012,P02,BLACK,R,image_000012.jpg,training/P02/BLACK/R/images/image_000012.jpg,ac84ae16ecac7b82a903d20243912b0c8eec07cb5176dd0ed1e9f87de2df5d9d,9152,,,true
P02_BLACK_R_000013,P02,BLACK,R,image_000013.jpg,training/P02/BLACK/R/images/image_000013.jpg,c5f51535fdb4d7e329e5768c914d7752aa6e9a9d18709d152b3cfd23a3868ffe,8897,,,true
P02_BLACK_R_000014,P02,BLACK,R,image_000014.jpg,training/P02/BLACK/R/images/image_000014.jpg,ab6e8aebb3650ef40f9f3d02c0d8fa14ec7b599cf86335c6ad471fdaaa9e5b8b,9407,,,true
P02_BLACK_R_000015,P02,BLACK,R,image_000015.jpg,training/P02/BLACK/R/images/image_000015.jpg,2db8bbc06c4f0bbacb4bad6da0e8162c00624cc77eecbe1d9f481ef45b9b3ecc,8702,,,true
P02_BLACK_R_000016,P02,BLACK,R,image_000016.jpg,training/P02/BLACK/R/images/image_000016.jpg,683fa7abf0feb5ad50d12aeacd0f601b944f6b26f42a1f2e95a121866acb7cf6,8771,,,true
P02_BLACK_R_000017,P02,BLACK,R,image_000017.jpg,training/P02/BLACK/R/images/image_000017.jpg,271a720242655e482c7c37071bb0f511491f916c1bb620f2741740ad7a4829e7,8636,,,true
P02_BLACK_R_000018,P02,BLACK,R,image_000018.jpg,training/P02/BLACK/R/images/image_000018.jpg,e6fba9546fcfe212644b418fa0f01a5d1fb0fb75edd8167106ddcc6f9d464636,8611,,,true
P02_BLACK_R_000019,P02,BLACK,R,image_000019.jpg,training/P02/BLACK/R/images/image_000019.jpg,ec51d7f1d4945a1976d04d74b3e2a09ca5ba47ddda0e932c4bff3f3b9f5c496f,9381,,,true
P02_BLACK_R_000020,P02,BLACK,R,image_000020.jpg,training/P02/BLACK/R/images/image_000020.jpg,75c78e387bfc43a393417b8b8b400dc82ca86ca44f03032887e93127d82ccd28,8704,,,true
P02_BLACK_R_000021,P02,BLACK,R,image_000021.jpg,training/P02/BLACK/R/images/image_000021.jpg,f15abae392e8977cccedc86eb1a3799d33b25883665f7866eaa761d1ef1f41f5,8679,,,true
P02_BLACK_R_000022,P02,BLACK,R,image_000022.jpg,training/P02/BLACK/R/images/image_000022.jpg,248ddbabe624dd6715490f43fbf36ca4a12c67fe5479960dfe9a8e325c0fe8aa,8166,,,true
P02_BLACK_R_000023,P02,BLACK,R,image_000023.jpg,training/P02/BLACK/R/images/image_000023.jpg,a3bb2fe300b337d13307f0d6d1034b9a3d4cc5b71b3cc8924a8ee5bf33911ab9,8276,,,true
P02_BLACK_R_000024,P02,BLACK,R,image_000024.jpg,training/P02/BLACK/R/images/image_000024.jpg,a29a036dc59a78d3ef87f8f960d2d291f091b9594743904a5a881f576e72bac5,8083,,,true
P02_BLACK_R_000025,P02,BLACK,R,image_000025.jpg,training/P02/BLACK/R/images/image_000025.jpg,162757a15e0dab438802baa84fce503a39e2050e69bfe176eb0abe7f7fd534e4,8144,,,true
P02_BLACK_S_000001,P02,BLACK,S,image_000001.jpg,training/P02/BLACK/S/images/image_000001.jpg,c1566751c895179f32ea35a6d46c7d3831f16ae67bb87c369d3091140a7c635c,9779,,,true
P02_BLACK_S_000002,P02,BLACK,S,image_000002.jpg,training/P02/BLACK/S/images/image_000002.jpg,49659141e3dbd5731401b993f8d6fa0177e5062992924ac7f86d7010e6e7213a,10187,,,true
P02_BLACK_S_000003,P02,BLACK,S,image_000003.jpg,training/P02/BLACK/S/images/image_000003.jpg,4d21b6cc6453d89d6359a01944971974a35352edec37c3d8d3d552c8febd7e2e,10172,,,true
P02_BLACK_S_000004,P02,BLACK,S,image_000004.jpg,training/P02/BLACK/S/images/image_000004.jpg,4eb6f47b79381d5ea8804f44b8a50851a6d903cdc0579f36b6b4aabaad6a74b7,9987,,,true
P02_BLACK_S_000005,P02,BLACK,S,image_000005.jpg,training/P02/BLACK/S/images/image_000005.jpg,ffadc9c3db3bf850bc51ae0def4365c782a783c28547bb0073bc2efca8af589b,10101,,,true
P02_BLACK_S_000006,P02,BLACK,S,image_000006.jpg,training/P02/BLACK/S/images/image_000006.jpg,d65404595de3b0a94471a03ae928da80d2116d8f41fe72bafb4cfb152c9aa1ee,9541,,,true
P02_BLACK_S_000007,P02,BLACK,S,image_000007.jpg,training/P02/BLACK/S/images/image_000007.jpg,35bcf19497856e8c92bcd9b9eddec0874748d9e65afed5b9634e455c085688fb,9313,,,true
P02_BLACK_S_000008,P02,BLACK,S,image_000008.jpg,training/P02/BLACK/S/images/image_000008.jpg,1e17b1d3134e2008e3a3bfad08cefbe66fbca9a397e3bf8e9c7eb65fcccf00ff,10134,,,true
P02_BLACK_S_000009,P02,BLACK,S,image_000009.jpg,training/P02/BLACK/S/images/image_000009.jpg,9fd79eb2181eba410354135abcc8983a6fcca84a140ff5dbd95c747aa0df1ba1,9303,,,true
P02_BLACK_S_000010,P02,BLACK,S,image_000010.jpg,training/P02/BLACK/S/images/image_000010.jpg,2e1f2613212a82f056dc16892779f90b6b9d52789092b8ea8cb776f15a04e44d,10264,,,true
P02_BLACK_S_000011,P02,BLACK,S,image_000011.jpg,training/P02/BLACK/S/images/image_000011.jpg,bb026a1180663f86357b09d39c263e98e409ea7e0014422f9ffb903e29c97c29,9485,,,true
P02_BLACK_S_000012,P02,BLACK,S,image_000012.jpg,training/P02/BLACK/S/images/image_000012.jpg,9c2a7fd2b18ec1bf414d164feb50962466dc9b45c5ee6ac3e4474e3727ce5033,9262,,,true
P02_BLACK_S_000013,P02,BLACK,S,image_000013.jpg,training/P02/BLACK/S/images/image_000013.jpg,7e6829f51b4eccbb35922e3469a162025a3d76626f43b8ebbe8a9b415c1d6085,9180,,,true
P02_BLACK_S_000014,P02,BLACK,S,image_000014.jpg,training/P02/BLACK/S/images/image_000014.jpg,3eaa4ae777c0363be4d8b7a57c19180131c8541416b2cfb26e6037e6eb530dca,9412,,,true
P02_BLACK_S_000015,P02,BLACK,S,image_000015.jpg,training/P02/BLACK/S/images/image_000015.jpg,a7a00e5fc1f6719698ba0d9bd410ca25ea6f69d1b473d206ae561e3d12d2d405,9135,,,true
P02_BLACK_S_000016,P02,BLACK,S,image_000016.jpg,training/P02/BLACK/S/images/image_000016.jpg,99e68ed563202f2db350d71a4a6cec227477e8811a1fbe318dd3979ab79a6dc9,9175,,,true
P02_BLACK_S_000017,P02,BLACK,S,image_000017.jpg,training/P02/BLACK/S/images/image_000017.jpg,33626ff856ca72373613c0d3978d36d2ccf268698813d337d93910d666d7d4c4,9305,,,true
P02_BLACK_S_000018,P02,BLACK,S,image_000018.jpg,training/P02/BLACK/S/images/image_000018.jpg,f7d39c2d6beba3a83796d25d4625da715acbdcafb6e514e3af744695f7b85e18,10182,,,true
P02_BLACK_S_000019,P02,BLACK,S,image_000019.jpg,training/P02/BLACK/S/images/image_000019.jpg,aba306c32e85004e036128182cc5ce169958ca0fe5c84cbda3e917db2272893d,9151,,,true
P02_BLACK_S_000020,P02,BLACK,S,image_000020.jpg,training/P02/BLACK/S/images/image_000020.jpg,69c8739b724642d5b8cf3abd30ecf5c0099dea530ce3caa7a92fe6d799967404,9695,,,true
P02_BLACK_S_000021,P02,BLACK,S,image_000021.jpg,training/P02/BLACK/S/images/image_000021.jpg,3b03ef8d29f0d1ad2d585a90a49e7bc75554d1fa665f47c1473e73c148a5286b,10241,,,true
P02_BLACK_S_000022,P02,BLACK,S,image_000022.jpg,training/P02/BLACK/S/images/image_000022.jpg,ebd2e7c62d10c6eb2b3c16573d73812ac6742dee3f352e65f07bbc48a825777c,10038,,,true
P02_BLACK_S_000023,P02,BLACK,S,image_000023.jpg,training/P02/BLACK/S/images/image_000023.jpg,75572cc47c4d2b24f5ea11b1707b06897ec7ea9b33392f0b7cfce94b5ed75630,10146,,,true
P02_BLACK_S_000024,P02,BLACK,S,image_000024.jpg,training/P02/BLACK/S/images/image_000024.jpg,3804122bd7cba56ac902696a42a1facce5a2bc878ac2cff75fb2e994bb922489,9995,,,true
P02_BLACK_S_000025,P02,BLACK,S,image_000025.jpg,training/P02/BLACK/S/images/image_000025.jpg,e8b5593fbc6e47ad405d2a44e8f244da5a0e3fe2dbf5da3feee81883056464d8,9179,,,true
P02_BLACK_T_000001,P02,BLACK,T,image_000001.jpg,training/P02/BLACK/T/images/image_000001.jpg,c43ccf3a8edf62838558654f9c723969d63d5139edd97b05789a124cfa6bb573,9761,,,true
P02_BLACK_T_000002,P02,BLACK,T,image_000002.jpg,training/P02/BLACK/T/images/image_000002.jpg,cdb1c3bfff92739c49d01c3b62828867a6d9a638df0d7f7c1e510af48a2a0b86,9840,,,true
P02_BLACK_T_000003,P02,BLACK,T,image_000003.jpg,training/P02/BLACK/T/images/image_000003.jpg,4f264a9e627183da858b48b7b2ff715333a965e3812ecccbbd142a724dbd57da,10195,,,true
P02_BLACK_T_000004,P02,BLACK,T,image_000004.jpg,training/P02/BLACK/T/images/image_000004.jpg,b10ad8f13fd5ca46f4abc1f5afd227e933c994946c55452c80cdb34f528a4e40,9984,,,true
P02_BLACK_T_000005,P02,BLACK,T,image_000005.jpg,training/P02/BLACK/T/images/image_000005.jpg,37b0182eef7929eed6846ac0fec03131439004a595cb84e86d98d7d40dde9e89,9747,,,true
P02_BLACK_T_000006,P02,BLACK,T,image_000006.jpg,training/P02/BLACK/T/images/image_000006.jpg,1aee6ab6649fdaf8fd188a93743b0004291c25284d3d7f3a7742e93b8ed8d21b,8985,,,true
P02_BLACK_T_000007,P02,BLACK,T,image_000007.jpg,training/P02/BLACK/T/images/image_000007.jpg,a35d5ac32672c44470359a4ae9d2beaefbfe86bf290b6948b1b8bf6f03479b0d,9500,,,true
P02_BLACK_T_000008,P02,BLACK,T,image_000008.jpg,training/P02/BLACK/T/images/image_000008.jpg,9d6a0a018049a15885658ed809d799e33c93f962d3b10538588a2905e047ac1b,9515,,,true
P02_BLACK_T_000009,P02,BLACK,T,image_000009.jpg,training/P02/BLACK/T/images/image_000009.jpg,47875ab6d432287144b576b6b5b65e2474c7f42e7458399a359125de0b37dcc8,9237,,,true
P02_BLACK_T_000010,P02,BLACK,T,image_000010.jpg,training/P02/BLACK/T/images/image_000010.jpg,aa3204fff3ec0e82a47648ea9b9ebcfd4c196ff1bbca118a83ca174114f569fc,9447,,,true
P02_BLACK_T_000011,P02,BLACK,T,image_000011.jpg,training/P02/BLACK/T/images/image_000011.jpg,da9b6b5b5876645f7434ce1d2b767b6a8d586a963b0b19b03a3d488233254d5e,9403,,,true
P02_BLACK_T_000012,P02,BLACK,T,image_000012.jpg,training/P02/BLACK/T/images/image_000012.jpg,8b8cbfab0dbf429cb3563302ede119bd810cc9eb773fa0f6bfb8b60d24838b08,9043,,,true
P02_BLACK_T_000013,P02,BLACK,T,image_000013.jpg,training/P02/BLACK/T/images/image_000013.jpg,cb04e91f2c8d00d28ebf37b7e9d577a0505dda133771c06242516e47d08166dc,9181,,,true
P02_BLACK_T_000014,P02,BLACK,T,image_000014.jpg,training/P02/BLACK/T/images/image_000014.jpg,bf29cb4093730e518244cd19914efc8e7a556b15b13d04d64d2b7b00f44e9cbe,8676,,,true
P02_BLACK_T_000015,P02,BLACK,T,image_000015.jpg,training/P02/BLACK/T/images/image_000015.jpg,dbb8a5e91c690955be10d3255dc063efbe64daa16136a7321a3f927f37591fb4,9121,,,true
P02_BLACK_T_000016,P02,BLACK,T,image_000016.jpg,training/P02/BLACK/T/images/image_000016.jpg,e67a324dfed4747ad338a8fda4c499397a5ed5eaec33cf410aa5185b89b1eb24,8579,,,true
P02_BLACK_T_000017,P02,BLACK,T,image_000017.jpg,training/P02/BLACK/T/images/image_000017.jpg,c8a19ef1d2012af6c6af8d7a9d14b01aa651189087029c1b5e12b74d98e620c6,8517,,,true
P02_BLACK_T_000018,P02,BLACK,T,image_000018.jpg,training/P02/BLACK/T/images/image_000018.jpg,ef92cc2f5ecac925137e5e0cfc2c6347ff60ed1eb110c0a7da056f97369f410d,9053,,,true
P02_BLACK_T_000019,P02,BLACK,T,image_000019.jpg,training/P02/BLACK/T/images/image_000019.jpg,96ea611b02bab3ba883d7a56f110497a7e56c832861c8214cfa74aa693544c20,10033,,,true
P02_BLACK_T_000020,P02,BLACK,T,image_000020.jpg,training/P02/BLACK/T/images/image_000020.jpg,b9cbc67c27f72bfe7e7f574da2b1f24d4e8988b50366060f4f30d76d44c2ac99,9900,,,true
P02_BLACK_T_000021,P02,BLACK,T,image_000021.jpg,training/P02/BLACK/T/images/image_000021.jpg,375cff373fa321e4c0a49246cfac48bff6d28515d87f640ca1739b9971281a00,9678,,,true
P02_BLACK_T_000022,P02,BLACK,T,image_000022.jpg,training/P02/BLACK/T/images/image_000022.jpg,b901062f03f181c5eb7d9754301e5515bf309c50d2569c1dbb089d217847e463,9365,,,true
P02_BLACK_T_000023,P02,BLACK,T,image_000023.jpg,training/P02/BLACK/T/images/image_000023.jpg,523fa8244e769c70193fea1d6676e92acaaadb1c1b9d014bcea990dac657e4a0,8852,,,true
P02_BLACK_T_000024,P02,BLACK,T,image_000024.jpg,training/P02/BLACK/T/images/image_000024.jpg,514039dd4c7649156bba07721fe563a7fd424aeb0a2cc506bf02caa72c1b5a9f,8146,,,true
P02_BLACK_T_000025,P02,BLACK,T,image_000025.jpg,training/P02/BLACK/T/images/image_000025.jpg,8c186f1482b97129fa0c60ba89898b853654e88d42b63dafab4ac257258d3249,9820,,,true
P02_BLACK_U_000001,P02,BLACK,U,image_000001.jpg,training/P02/BLACK/U/images/image_000001.jpg,0aa22ee8f7580b2bf146bedbacb0ed71437a22bdf8cf850c9fe50fd8af17e8c1,9569,,,true
P02_BLACK_U_000002,P02,BLACK,U,image_000002.jpg,training/P02/BLACK/U/images/image_000002.jpg,7f3a5e4deaf84d370f43ec2a5841ca9c108422d372045e864ab7421d84c8e1f2,9563,,,true
P02_BLACK_U_000003,P02,BLACK,U,image_000003.jpg,training/P02/BLACK/U/images/image_000003.jpg,a3375acff3ecf20000619e67be7d6a237a150dc1425ff8f48f8128211c49f9d1,9341,,,true
P02_BLACK_U_000004,P02,BLACK,U,image_000004.jpg,training/P02/BLACK/U/images/image_000004.jpg,c53461458a97a2e1ecd326fa896cdbc3839d50d3f9f0a30a165d51763d272ea1,9410,,,true
P02_BLACK_U_000005,P02,BLACK,U,image_000005.jpg,training/P02/BLACK/U/images/image_000005.jpg,60c41f58b810f1ed3e029067fed698fe74950b8fe76fdccb5fff896ec19ddc1d,8853,,,true
P02_BLACK_U_000006,P02,BLACK,U,image_000006.jpg,training/P02/BLACK/U/images/image_000006.jpg,8cde896a4b8ebb6c4c4adba0d52352bd018f478c7995d1e9a9c07d478f4a40cb,8776,,,true
P02_BLACK_U_000007,P02,BLACK,U,image_000007.jpg,training/P02/BLACK/U/images/image_000007.jpg,ee316e639677aee8c75475c2ec9c5585e4e5bb89dcb22d2486f2bc2bb4d4af75,8223,,,true
P02_BLACK_U_000008,P02,BLACK,U,image_000008.jpg,training/P02/BLACK/U/images/image_000008.jpg,d2dd4d38b7eca76ead20edf1419c3fa8f0aa79c2733abb1b66476e89aa88e158,8624,,,true
P02_BLACK_U_000009,P02,BLACK,U,image_000009.jpg,training/P02/BLACK/U/images/image_000009.jpg,1e456f4df9dff9ff31b0e6aae6ee834905314344317686191bc1a01f837429cc,8736,,,true
P02_BLACK_U_000010,P02,BLACK,U,image_000010.jpg,training/P02/BLACK/U/images/image_000010.jpg,b7dbe91d6c6c4274c69327db9d22198db7fd15c2211073e006c02e1ad80ecaa8,8802,,,true
P02_BLACK_U_000011,P02,BLACK,U,image_000011.jpg,training/P02/BLACK/U/images/image_000011.jpg,0ff653015282daf368a22daffe75ee898bfda243bea512559ba221643258cd4b,8849,,,true
P02_BLACK_U_000012,P02,BLACK,U,image_000012.jpg,training/P02/BLACK/U/images/image_000012.jpg,aa4bd40ee949e1195e8fc60db3ff4ce11682266517851ec71e1e606d892d045e,9298,,,true
P02_BLACK_U_000013,P02,BLACK,U,image_000013.jpg,training/P02/BLACK/U/images/image_000013.jpg,e7d9f114919321895cf48b2cf6d8516976687b09f28760bcf83070b860366d7e,8983,,,true
P02_BLACK_U_000014,P02,BLACK,U,image_000014.jpg,training/P02/BLACK/U/images/image_000014.jpg,3e1f18857d0d2fa330771256a209fb8052e50a3bdf30c7a46037fe24d730a69c,9417,,,true
P02_BLACK_U_000015,P02,BLACK,U,image_000015.jpg,training/P02/BLACK/U/images/image_000015.jpg,7e689db69c56cda88db829b921422b2af86dcadb8a5da4a37fe4d219101b74f3,8764,,,true
P02_BLACK_U_000016,P02,BLACK,U,image_000016.jpg,training/P02/BLACK/U/images/image_000016.jpg,0a72d5f7a3735a6d03b3fd35230ef8a6db12a5210112252ebd5ba5f590b9c8b9,8007,,,true
P02_BLACK_U_000017,P02,BLACK,U,image_000017.jpg,training/P02/BLACK/U/images/image_000017.jpg,3a7b4d2e1d76a7569d601a13a5241e9db5472f01f2d17d87f731f4d7715df4fe,8309,,,true
P02_BLACK_U_000018,P02,BLACK,U,image_000018.jpg,training/P02/BLACK/U/images/image_000018.jpg,f20615fc06a64b3669af43535c270aeb7c2efc94a55b5f2ead1445476e5da6ec,8191,,,true
P02_BLACK_U_000019,P02,BLACK,U,image_000019.jpg,training/P02/BLACK/U/images/image_000019.jpg,c205bae413fc8f5d9ccb485d044c861707bbe20477ca7f1858e18007d743ea97,8412,,,true
P02_BLACK_U_000020,P02,BLACK,U,image_000020.jpg,training/P02/BLACK/U/images/image_000020.jpg,b27f8026f2aefc530ddd977e95d7edb5232927de97feabae62c490c98e57c2d9,8314,,,true
P02_BLACK_U_000021,P02,BLACK,U,image_000021.jpg,training/P02/BLACK/U/images/image_000021.jpg,d4843b7a9b7e425eab8da345be1bfabd6f63a5f080db0fd1b639adbbb8f9c15c,8090,,,true
P02_BLACK_U_000022,P02,BLACK,U,image_000022.jpg,training/P02/BLACK/U/images/image_000022.jpg,029bd979f251280d7e0bf1f830e788a75b95aaae6ec0015614aaa873d5a0651a,8036,,,true
P02_BLACK_U_000023,P02,BLACK,U,image_000023.jpg,training/P02/BLACK/U/images/image_000023.jpg,4a920dfd51fefe141c73b3690791ebcdbf9fdf475f42cb68d934c1c3ae4dd9d6,8041,,,true
P02_BLACK_U_000024,P02,BLACK,U,image_000024.jpg,training/P02/BLACK/U/images/image_000024.jpg,da1f8d4b95906c43828288ba6f7232ecfcfd2036142e0e86ab0d5e8f74fe7173,8641,,,true
P02_BLACK_U_000025,P02,BLACK,U,image_000025.jpg,training/P02/BLACK/U/images/image_000025.jpg,9131afe7a93df31f359c9a4a28780b421d806a8d91c30cd46d5a8d6be16a734d,8462,,,true
P02_BLACK_V_000001,P02,BLACK,V,image_000001.jpg,training/P02/BLACK/V/images/image_000001.jpg,9590e47d03416c7c8c215209f1cfb0225ee19b5d54a106ee2003a98670761abc,8986,,,true
P02_BLACK_V_000002,P02,BLACK,V,image_000002.jpg,training/P02/BLACK/V/images/image_000002.jpg,628ac70e8688116997c544baf61b37c292815884bfeaf3379eebea5d17e581f8,8948,,,true
P02_BLACK_V_000003,P02,BLACK,V,image_000003.jpg,training/P02/BLACK/V/images/image_000003.jpg,0d1933ac8122c1bb83c49dbdf7631b3c739338393503eec0ab8efd92a3f39c3a,8748,,,true
P02_BLACK_V_000004,P02,BLACK,V,image_000004.jpg,training/P02/BLACK/V/images/image_000004.jpg,6f63891a54c3de72b32b78a5bae037ba2bc618bbf23944264b6ab5ad3e939602,8676,,,true
P02_BLACK_V_000005,P02,BLACK,V,image_000005.jpg,training/P02/BLACK/V/images/image_000005.jpg,56b6486a6e93d37ed3beefbf32e2392530f9bff4163e970dd097c8ac930f9a01,8726,,,true
P02_BLACK_V_000006,P02,BLACK,V,image_000006.jpg,training/P02/BLACK/V/images/image_000006.jpg,2227da63151c3fbb1e31d7695fd2e642247b1b31794d01e32073aeebefaee631,9168,,,true
P02_BLACK_V_000007,P02,BLACK,V,image_000007.jpg,training/P02/BLACK/V/images/image_000007.jpg,be8599c7625320e00cd35298d3e85209d51f870eab0a7ba220c2ad4f7ca5b43d,8960,,,true
P02_BLACK_V_000008,P02,BLACK,V,image_000008.jpg,training/P02/BLACK/V/images/image_000008.jpg,4a21ce252e60e4cc269333802a8c076a57b98556aae743a79e692b48f2fdff79,8314,,,true
P02_BLACK_V_000009,P02,BLACK,V,image_000009.jpg,training/P02/BLACK/V/images/image_000009.jpg,1efef1bb79c754401c93c7c8473117f4288999e843a7227a860eea006902ba6f,8247,,,true
P02_BLACK_V_000010,P02,BLACK,V,image_000010.jpg,training/P02/BLACK/V/images/image_000010.jpg,d95748f71ea811423caa926916e6bb24ac917706f9431521e1acfebcde9694cf,8788,,,true
P02_BLACK_V_000011,P02,BLACK,V,image_000011.jpg,training/P02/BLACK/V/images/image_000011.jpg,a686fd70257cc86ca051f72d6b909b05bedf0aa8c4b194550013cd2e7273879e,8748,,,true
P02_BLACK_V_000012,P02,BLACK,V,image_000012.jpg,training/P02/BLACK/V/images/image_000012.jpg,2acb2c9b6c643004c83046086f57b37724fcbcfea5e28944c03d0f4562c64965,9074,,,true
P02_BLACK_V_000013,P02,BLACK,V,image_000013.jpg,training/P02/BLACK/V/images/image_000013.jpg,87e577dbd0b8d05c03b55f547283372c8757a46c2f465f9d6d0df2428e4e8b8d,8882,,,true
P02_BLACK_V_000014,P02,BLACK,V,image_000014.jpg,training/P02/BLACK/V/images/image_000014.jpg,48a7a89b7c04adb5094506205d8b08b0b8944cb36e32c2edd5812049fb5c10a3,8615,,,true
P02_BLACK_V_000015,P02,BLACK,V,image_000015.jpg,training/P02/BLACK/V/images/image_000015.jpg,a563e855f5959184f28232f75d23399949fe297495e48d096d161c4329f71b78,9051,,,true
P02_BLACK_V_000016,P02,BLACK,V,image_000016.jpg,training/P02/BLACK/V/images/image_000016.jpg,c47d6afd92b58d086ca8b6b3f86731506c93fd7a8a04bc016c8e97b478f0d611,8672,,,true
P02_BLACK_V_000017,P02,BLACK,V,image_000017.jpg,training/P02/BLACK/V/images/image_000017.jpg,6baf67a98d2d01e2edf0a4dfd9d3445e21807fadab30855347bdca9479c6e62f,8834,,,true
P02_BLACK_V_000018,P02,BLACK,V,image_000018.jpg,training/P02/BLACK/V/images/image_000018.jpg,8b3ffd429b35ff757277d10f4a54bb3df0d3754a7febd4efe3f00ac2566017f5,8988,,,true
P02_BLACK_V_000019,P02,BLACK,V,image_000019.jpg,training/P02/BLACK/V/images/image_000019.jpg,2aabbb95e667de004b8e91d0f2326d528f8bb93b8d66c0caa0d4401e9c874709,9200,,,true
P02_BLACK_V_000020,P02,BLACK,V,image_000020.jpg,training/P02/BLACK/V/images/image_000020.jpg,b6aeafa6d9bfa6a2c63f76eda46f4156ae7c88ca5d5498416a45b5543cddfd36,9635,,,true
P02_BLACK_V_000021,P02,BLACK,V,image_000021.jpg,training/P02/BLACK/V/images/image_000021.jpg,213a45bb51d31bb446e254e65f5446b78a7b7e2f76a59cdfc41a295a898262d1,9534,,,true
P02_BLACK_V_000022,P02,BLACK,V,image_000022.jpg,training/P02/BLACK/V/images/image_000022.jpg,04cf77d1f5196c61d4a9c0a80723eb4aa97467462f05d20642a36920d919a18c,9495,,,true
P02_BLACK_V_000023,P02,BLACK,V,image_000023.jpg,training/P02/BLACK/V/images/image_000023.jpg,4bf0b7ea9159e8b868e42a9c51a6df83536d51bf2651161f090ed73526bd46b3,9542,,,true
P02_BLACK_V_000024,P02,BLACK,V,image_000024.jpg,training/P02/BLACK/V/images/image_000024.jpg,d04386fa984fd951bc63f6ee0bedbdaa636cd6cf5ee8626dba5aaabf703137c0,9535,,,true
P02_BLACK_V_000025,P02,BLACK,V,image_000025.jpg,training/P02/BLACK/V/images/image_000025.jpg,f15f5114bbc5c4a2c004cc309e92201ea556e85a5ac92521ebc3f65fc75658ae,9433,,,true
P02_BLACK_W_000001,P02,BLACK,W,image_000001.jpg,training/P02/BLACK/W/images/image_000001.jpg,d95eb9882e1eb2f02925ac34666fde0a01d34fd00972686eec435a8fd78009c4,9126,,,true
P02_BLACK_W_000002,P02,BLACK,W,image_000002.jpg,training/P02/BLACK/W/images/image_000002.jpg,2fc82ccc944ed3abca210e6aa710257726289e61756ee5c10dbc3dbc57ac0dd9,9154,,,true
P02_BLACK_W_000003,P02,BLACK,W,image_000003.jpg,training/P02/BLACK/W/images/image_000003.jpg,f3c375c393dc0e1b12364182f269bc054abdf964bcc130f9d0069f6120da759b,8866,,,true
P02_BLACK_W_000004,P02,BLACK,W,image_000004.jpg,training/P02/BLACK/W/images/image_000004.jpg,f796727acb647055c4a98d803575615303a002e9ea9dfdb927a7a54742e6d696,9124,,,true
P02_BLACK_W_000005,P02,BLACK,W,image_000005.jpg,training/P02/BLACK/W/images/image_000005.jpg,412b2c743f77545969360141a1e057d9a73b44248ee28895ad4c1b3b6bc393dd,9017,,,true
P02_BLACK_W_000006,P02,BLACK,W,image_000006.jpg,training/P02/BLACK/W/images/image_000006.jpg,392aea0a96a36b45e706236b1490e6ca77c5dc3f211dc4ea7425e64df5cdfc19,9468,,,true
P02_BLACK_W_000007,P02,BLACK,W,image_000007.jpg,training/P02/BLACK/W/images/image_000007.jpg,228b2e44dc35c41cb31a6ef62ff055d328529dd7d6b821fd155edbd52bb09988,9363,,,true
P02_BLACK_W_000008,P02,BLACK,W,image_000008.jpg,training/P02/BLACK/W/images/image_000008.jpg,8b6323400d6df1467b2928d51f2a32dfe844dd2e948b4b5003159433f15eba34,9279,,,true
P02_BLACK_W_000009,P02,BLACK,W,image_000009.jpg,training/P02/BLACK/W/images/image_000009.jpg,64b2d7ed1d9ee35ab7d2e9c7625a7b0c2cc6c2477394d7db8169ac4045e3aefb,8415,,,true
P02_BLACK_W_000010,P02,BLACK,W,image_000010.jpg,training/P02/BLACK/W/images/image_000010.jpg,f7079a6f1d15997f9ef95327d7d5d38b6228a1ca0f00265422127b0159f7dc6b,9374,,,true
P02_BLACK_W_000011,P02,BLACK,W,image_000011.jpg,training/P02/BLACK/W/images/image_000011.jpg,51f2ae520ae868fbc179339d22733bd3065fe5cc5287cceb49b4bf2c9be6fd12,9485,,,true
P02_BLACK_W_000012,P02,BLACK,W,image_000012.jpg,training/P02/BLACK/W/images/image_000012.jpg,1a39d52550beea290cd489c37d9553c631400d2ff0f29b6eaa9af96023604087,9337,,,true
P02_BLACK_W_000013,P02,BLACK,W,image_000013.jpg,training/P02/BLACK/W/images/image_000013.jpg,ab9b8f48908d1ade555dc7a99be2bd0e9014762a667a562828fff39f545429df,9219,,,true
P02_BLACK_W_000014,P02,BLACK,W,image_000014.jpg,training/P02/BLACK/W/images/image_000014.jpg,f1058396823af2a84c7392166a9e83375403c64a25def5281f66308e8b92e279,9127,,,true
P02_BLACK_W_000015,P02,BLACK,W,image_000015.jpg,training/P02/BLACK/W/images/image_000015.jpg,52b99551fd2ef96e6608d79b28bc0291347a0cb999040c1f387acd5e26a1f618,9091,,,true
P02_BLACK_W_000016,P02,BLACK,W,image_000016.jpg,training/P02/BLACK/W/images/image_000016.jpg,1e8dd29eaf2bedc04313d1027093ed3fbccce712ea373d3b4c7a833229d858fe,9259,,,true
P02_BLACK_W_000017,P02,BLACK,W,image_000017.jpg,training/P02/BLACK/W/images/image_000017.jpg,d2b75014c1ee720c9e78defb9b7429c655438b936ac8f58707759794ca4601f4,9127,,,true
P02_BLACK_W_000018,P02,BLACK,W,image_000018.jpg,training/P02/BLACK/W/images/image_000018.jpg,eedf249ca9939b639f507bf6cf3cdd10354acd5c20036fd68ae08840de3f75af,7600,,,true
P02_BLACK_W_000019,P02,BLACK,W,image_000019.jpg,training/P02/BLACK/W/images/image_000019.jpg,f6f1c8667e202cff1a420e2b9a6f9e21e77771b2d479463d21afecab03ba3cb7,7680,,,true
P02_BLACK_W_000020,P02,BLACK,W,image_000020.jpg,training/P02/BLACK/W/images/image_000020.jpg,92bba669b507e16e2fc552f61aac66c4652657bb1aaa660939969fbf2bc6dac2,7548,,,true
P02_BLACK_W_000021,P02,BLACK,W,image_000021.jpg,training/P02/BLACK/W/images/image_000021.jpg,1b889fdb07810f945afd80458bc183ac734e4f97c4bc147b52407dac54d9f381,9322,,,true
P02_BLACK_W_000022,P02,BLACK,W,image_000022.jpg,training/P02/BLACK/W/images/image_000022.jpg,c377edc9338eb1e36d89224bc530b627a9743423a1c7c26f74977ae9b62daa5d,9246,,,true
P02_BLACK_W_000023,P02,BLACK,W,image_000023.jpg,training/P02/BLACK/W/images/image_000023.jpg,8b3909de1131d20cf2d62596022b34a1c3f51be5f057c584a1c52e9870766d4f,8602,,,true
P02_BLACK_W_000024,P02,BLACK,W,image_000024.jpg,training/P02/BLACK/W/images/image_000024.jpg,fdfb92d60e0d17b66cfa836a1c61befab00e2064b4da716dd26ff4b213c7c996,8319,,,true
P02_BLACK_W_000025,P02,BLACK,W,image_000025.jpg,training/P02/BLACK/W/images/image_000025.jpg,9e66af791e2b0285e27e596f843e97d5413e044e11924c400e60e907281b80fa,8998,,,true
P02_BLACK_Y_000001,P02,BLACK,Y,image_000001.jpg,training/P02/BLACK/Y/images/image_000001.jpg,c75e445df1725f9bb21bd3df26b581884649c57568fd2ca14604020eba605bbd,9354,,,true
P02_BLACK_Y_000002,P02,BLACK,Y,image_000002.jpg,training/P02/BLACK/Y/images/image_000002.jpg,9b3e4462b7eaededcf4fd6a5c24cccb4629fd3197ae357615c7a29dff9396535,9320,,,true
P02_BLACK_Y_000003,P02,BLACK,Y,image_000003.jpg,training/P02/BLACK/Y/images/image_000003.jpg,74fecd28d7a630837bcf18d9acabb5ff1c3b6c8a41115e18ac9a8125d1878fe6,9146,,,true
P02_BLACK_Y_000004,P02,BLACK,Y,image_000004.jpg,training/P02/BLACK/Y/images/image_000004.jpg,a38f60346ea0ecc63c3851dd123715347e21698e75f4996faf26cd29bfcf78a5,9023,,,true
P02_BLACK_Y_000005,P02,BLACK,Y,image_000005.jpg,training/P02/BLACK/Y/images/image_000005.jpg,9e59b05a23c5d687ded7887a1c605cc8c0c668e55d9bcf46e811218f4bfe198e,8763,,,true
P02_BLACK_Y_000006,P02,BLACK,Y,image_000006.jpg,training/P02/BLACK/Y/images/image_000006.jpg,0ba3e7cb3e6d0f75698c4fda0d7679056d9da9fdb9a29e5801339f0bab134457,8480,,,true
P02_BLACK_Y_000007,P02,BLACK,Y,image_000007.jpg,training/P02/BLACK/Y/images/image_000007.jpg,e17af1c50cb2b5c539e7c5abe2894e30ce1d7f524629261c73993d8182af66ca,8430,,,true
P02_BLACK_Y_000008,P02,BLACK,Y,image_000008.jpg,training/P02/BLACK/Y/images/image_000008.jpg,4cf50bd78975710f701246db153845e338342162d1b3f1b5f6c9578364908ee6,8765,,,true
P02_BLACK_Y_000009,P02,BLACK,Y,image_000009.jpg,training/P02/BLACK/Y/images/image_000009.jpg,fe4bae2537bdad9e8b226fa484cf6bab82dceab8201ab28535d0cd32ac2000d5,8729,,,true
P02_BLACK_Y_000010,P02,BLACK,Y,image_000010.jpg,training/P02/BLACK/Y/images/image_000010.jpg,1cb097208f81c8041297d5567093ed1d7b7ea2edfa5246b1e4090a569f34ba9d,8488,,,true
P02_BLACK_Y_000011,P02,BLACK,Y,image_000011.jpg,training/P02/BLACK/Y/images/image_000011.jpg,fd2496730b0fdc7e038091b9da3f335682f1b55bd807c403efe4f6fee5ccf12f,8636,,,true
P02_BLACK_Y_000012,P02,BLACK,Y,image_000012.jpg,training/P02/BLACK/Y/images/image_000012.jpg,90d452fb3354834ce09f836d7830d7504801de5152afc1b43f93d00627d272e8,8344,,,true
P02_BLACK_Y_000013,P02,BLACK,Y,image_000013.jpg,training/P02/BLACK/Y/images/image_000013.jpg,a0927aeda59e72ea2fbdfc160c693f89bb6a97000fd77ac4c4f5fe8c242645f8,8540,,,true
P02_BLACK_Y_000014,P02,BLACK,Y,image_000014.jpg,training/P02/BLACK/Y/images/image_000014.jpg,69d628b06f071d94984e438adc3df863e465e2a8b8cacd018fbf4424181ee0f6,8830,,,true
P02_BLACK_Y_000015,P02,BLACK,Y,image_000015.jpg,training/P02/BLACK/Y/images/image_000015.jpg,1882035bc7b8b98acbfe19623d909ab3ec4bbb908d936b61d723acd49689a803,8779,,,true
P02_BLACK_Y_000016,P02,BLACK,Y,image_000016.jpg,training/P02/BLACK/Y/images/image_000016.jpg,57df6acfb4641252a930ea022fd07202c1f38fa2eb4591369631ecb1a9bdfa91,9078,,,true
P02_BLACK_Y_000017,P02,BLACK,Y,image_000017.jpg,training/P02/BLACK/Y/images/image_000017.jpg,23fc9ddb43c5a1413503be27f1b6ac59901a89c54c63a9f90447eb5fc4186524,8746,,,true
P02_BLACK_Y_000018,P02,BLACK,Y,image_000018.jpg,training/P02/BLACK/Y/images/image_000018.jpg,d17c58508d87ee91872eac9ba40ed3b51a23a247ea5a260dfa77c1b5c980b35a,8421,,,true
P02_BLACK_Y_000019,P02,BLACK,Y,image_000019.jpg,training/P02/BLACK/Y/images/image_000019.jpg,0c9d4f2885ba6d75ae7dea350a3f23afde96fd7c013e73d8f5af7c04fdb1d706,9086,,,true
P02_BLACK_Y_000020,P02,BLACK,Y,image_000020.jpg,training/P02/BLACK/Y/images/image_000020.jpg,23b82cfed6f54cfa4d037b5627424d4a9f752e113ec58f2be039a35de3234e1d,9176,,,true
P02_BLACK_Y_000021,P02,BLACK,Y,image_000021.jpg,training/P02/BLACK/Y/images/image_000021.jpg,67668911a0b622ecca579cb72533603226183985a46749ca199375f4777abbe6,7976,,,true
P02_BLACK_Y_000022,P02,BLACK,Y,image_000022.jpg,training/P02/BLACK/Y/images/image_000022.jpg,8875605db9a52ec9282c669bca4a61cb073151f58d6d909202fcabd9de14505f,8155,,,true
P02_BLACK_Y_000023,P02,BLACK,Y,image_000023.jpg,training/P02/BLACK/Y/images/image_000023.jpg,889390702274f856c759d4d66320672f8ed714add6a5a9bfc12169a46c8f10b8,8093,,,true
P02_BLACK_Y_000024,P02,BLACK,Y,image_000024.jpg,training/P02/BLACK/Y/images/image_000024.jpg,650a1f564b97906d936763563c06722ce850e4aff9264e7fb9e2e47f5d81c333,8443,,,true
P02_BLACK_Y_000025,P02,BLACK,Y,image_000025.jpg,training/P02/BLACK/Y/images/image_000025.jpg,37176004207d13d64c638f9643b153ae61756334b6d9449deb94f87d3dc341bf,9878,,,true
P02_BLUE_A_000001,P02,BLUE,A,image_000001.jpg,training/P02/BLUE/A/images/image_000001.jpg,5af26b4405f396d990754d8cd06ae71a56fa5ea746ce710a7ea54c2189cf3ad9,6005,,,true
P02_BLUE_A_000002,P02,BLUE,A,image_000002.jpg,training/P02/BLUE/A/images/image_000002.jpg,2df3bea8c257785f6bee16bdda87bd780c541d8d6df978e267dc2544d4e95e94,5274,,,true
P02_BLUE_A_000003,P02,BLUE,A,image_000003.jpg,training/P02/BLUE/A/images/image_000003.jpg,3b71dfe572e4de5cc1bda10b922db265e678aa2b336e1a2ce73112b51ea1f540,6138,,,true
P02_BLUE_A_000004,P02,BLUE,A,image_000004.jpg,training/P02/BLUE/A/images/image_000004.jpg,49e02dfa3b1d5c8dc4f5281c1743d75657dafa2d74cb17884633a52d225f4699,6108,,,true
P02_BLUE_A_000005,P02,BLUE,A,image_000005.jpg,training/P02/BLUE/A/images/image_000005.jpg,36f4695a1c8516ad8b58b19f1d4dc221602289a31f3aaf41ed632884b5fe17ce,10566,,,true
P02_BLUE_A_000006,P02,BLUE,A,image_000006.jpg,training/P02/BLUE/A/images/image_000006.jpg,c7d00382dae5554e097ce42bf07ad75fda3cc877d476d9ecaf1d788864a33721,10792,,,true
P02_BLUE_A_000007,P02,BLUE,A,image_000007.jpg,training/P02/BLUE/A/images/image_000007.jpg,7b3135201894b0af49174a5bd3f7025a16a027a898129631e4e1907dfd8afe0e,10259,,,true
P02_BLUE_A_000008,P02,BLUE,A,image_000008.jpg,training/P02/BLUE/A/images/image_000008.jpg,20d782e0b996d5154195c43341cb161090e2d82858cfd9d4205641dac4ab29e9,10542,,,true
P02_BLUE_A_000009,P02,BLUE,A,image_000009.jpg,training/P02/BLUE/A/images/image_000009.jpg,66965eed54a37ad3450acacf2dc678fbea16aae68de450c51752a9e4e68b8c47,10623,,,true
P02_BLUE_A_000010,P02,BLUE,A,image_000010.jpg,training/P02/BLUE/A/images/image_000010.jpg,6579322258cc58297c927742e35410e88c08a108558ee771cb7c01cc481973f1,10410,,,true
P02_BLUE_A_000011,P02,BLUE,A,image_000011.jpg,training/P02/BLUE/A/images/image_000011.jpg,6c38cd4cf6b0c21ea6ab5cf88ab129bf0e006c133f011e6ccfd5f7c2d7d4416b,10515,,,true
P02_BLUE_A_000012,P02,BLUE,A,image_000012.jpg,training/P02/BLUE/A/images/image_000012.jpg,29c65dab0380dea0e44faa73169781133fd0386f65ddef2214be4a4dc2c7ea97,10652,,,true
P02_BLUE_A_000013,P02,BLUE,A,image_000013.jpg,training/P02/BLUE/A/images/image_000013.jpg,db795703afa6fd780ae1b05fb62bf8facfa9bd8e448dbdd14f38bec8d0763ccc,10268,,,true
P02_BLUE_A_000014,P02,BLUE,A,image_000014.jpg,training/P02/BLUE/A/images/image_000014.jpg,3dbe93d09aa9287f12014496891597af852b259b8bd899cbf04df2208f0c29b0,10263,,,true
P02_BLUE_A_000015,P02,BLUE,A,image_000015.jpg,training/P02/BLUE/A/images/image_000015.jpg,4eb90f91fe41eeb827a59d61a8be0e9186f101dae8a1d29aefacac7935f0d6ec,10507,,,true
P02_BLUE_A_000016,P02,BLUE,A,image_000016.jpg,training/P02/BLUE/A/images/image_000016.jpg,4e8874c9024ad7bc7f38feee1b01905df7532b2b2b0cb8d09760085a40d2c3e6,10597,,,true
P02_BLUE_A_000017,P02,BLUE,A,image_000017.jpg,training/P02/BLUE/A/images/image_000017.jpg,21964b3f89a464f7bc6c095f30d3437469e20fae4756d52df57eaf4238b1781c,10496,,,true
P02_BLUE_A_000018,P02,BLUE,A,image_000018.jpg,training/P02/BLUE/A/images/image_000018.jpg,9b9c961c682dc21f50cbb65bd578d129b9ddb4751d5e312a3e177cd6fa4b281e,10388,,,true
P02_BLUE_A_000019,P02,BLUE,A,image_000019.jpg,training/P02/BLUE/A/images/image_000019.jpg,940c7e329c02ce803a9a90eea0fc81072859e9e2d6233dea7b6ff3ec4b1984e5,10198,,,true
P02_BLUE_A_000020,P02,BLUE,A,image_000020.jpg,training/P02/BLUE/A/images/image_000020.jpg,186d9e18edb372d9fa1d163e9283e02c142a0507382445e16d0a2dd95da51b14,10220,,,true
P02_BLUE_A_000021,P02,BLUE,A,image_000021.jpg,training/P02/BLUE/A/images/image_000021.jpg,7a88a91fb40d395d9abd83c4fceeea038a643f3b4bb84d03660d4fc46c8d18dd,10219,,,true
P02_BLUE_A_000022,P02,BLUE,A,image_000022.jpg,training/P02/BLUE/A/images/image_000022.jpg,e3fb3b3ee3be0b788c177aaf08d19e411baf54cff3ee4db29e489ede489f6610,10202,,,true
P02_BLUE_A_000023,P02,BLUE,A,image_000023.jpg,training/P02/BLUE/A/images/image_000023.jpg,74dad8cb5b766b4defd0826a7635e2af392f2dd4025af4c530d1bc0f670705b1,10313,,,true
P02_BLUE_A_000024,P02,BLUE,A,image_000024.jpg,training/P02/BLUE/A/images/image_000024.jpg,62e02f000bc1261fa00a89043205aeebfdad49176af99e1411d1f83df06e3b1e,10033,,,true
P02_BLUE_A_000025,P02,BLUE,A,image_000025.jpg,training/P02/BLUE/A/images/image_000025.jpg,f6b4008050428eb59de768368ed523a4615992e9664b5d191df8602adb848d5a,10373,,,true
P02_BLUE_B_000001,P02,BLUE,B,image_000001.jpg,training/P02/BLUE/B/images/image_000001.jpg,dd6e56fcd691ee81cf50eb71060a037f7f0d7eec2514d9af35dcb32c530e07de,10928,,,true
P02_BLUE_B_000002,P02,BLUE,B,image_000002.jpg,training/P02/BLUE/B/images/image_000002.jpg,27c04a22114932f087395b48b15d40186a33e25bf567e4cc0de94b8745ef8eae,10887,,,true
P02_BLUE_B_000003,P02,BLUE,B,image_000003.jpg,training/P02/BLUE/B/images/image_000003.jpg,4c74d7ed844b75ee658f839c348f6d526f744aab3a9de4dffceb3cb4c995057d,10554,,,true
P02_BLUE_B_000004,P02,BLUE,B,image_000004.jpg,training/P02/BLUE/B/images/image_000004.jpg,ab4e9b8149c090e7a33a460fa2b42fbc8c5fbad58a1892b0fed9b39b25ac2045,10610,,,true
P02_BLUE_B_000005,P02,BLUE,B,image_000005.jpg,training/P02/BLUE/B/images/image_000005.jpg,8c52a808b0cbb9343bfd74ee0988178deeb3547bbb73bf0709c3ce59259fdb06,10386,,,true
P02_BLUE_B_000006,P02,BLUE,B,image_000006.jpg,training/P02/BLUE/B/images/image_000006.jpg,32b985b59df855671d9de5685996963e3b3581cbad85e1bd26a8b8553066bc9d,10437,,,true
P02_BLUE_B_000007,P02,BLUE,B,image_000007.jpg,training/P02/BLUE/B/images/image_000007.jpg,931eee8f297df7cf01cb258cad499335d4be675f1bb65d943733ee8b90e3ab62,10626,,,true
P02_BLUE_B_000008,P02,BLUE,B,image_000008.jpg,training/P02/BLUE/B/images/image_000008.jpg,f9e561c93ecec4d91331799dc93e91aa90b089ffa61bdb6fdb24ed406b8c6b0b,10498,,,true
P02_BLUE_B_000009,P02,BLUE,B,image_000009.jpg,training/P02/BLUE/B/images/image_000009.jpg,6c09602f3692a054149acb2d681a4c2786932d0f06c96ea329cc40ce5231c7cb,10393,,,true
P02_BLUE_B_000010,P02,BLUE,B,image_000010.jpg,training/P02/BLUE/B/images/image_000010.jpg,afdfe74d8be891bf457dc916a6d7579cab0d48497b30cb7ea274d3db8c81f7c9,10522,,,true
P02_BLUE_B_000011,P02,BLUE,B,image_000011.jpg,training/P02/BLUE/B/images/image_000011.jpg,6efa7c0b2fdd6485c2633e71592ea38798f45963b38cbd31d192292b71866d1a,10538,,,true
P02_BLUE_B_000012,P02,BLUE,B,image_000012.jpg,training/P02/BLUE/B/images/image_000012.jpg,5f7b6cf87ba1807f0c030a8f6b9f26017e548b42bec574ab605e4ae875fb4cb3,10460,,,true
P02_BLUE_B_000013,P02,BLUE,B,image_000013.jpg,training/P02/BLUE/B/images/image_000013.jpg,f196cc39f094faf3f503ae204d43b61137fd7f495db961e13236cbfe7629e1de,10500,,,true
P02_BLUE_B_000014,P02,BLUE,B,image_000014.jpg,training/P02/BLUE/B/images/image_000014.jpg,6fd65ff81b133f3d52075fa6680374c87f6001d469b80ad3bec715e313456478,10666,,,true
P02_BLUE_B_000015,P02,BLUE,B,image_000015.jpg,training/P02/BLUE/B/images/image_000015.jpg,c945306058b67b562b39e3e7f97b0de2a1898f8f066046e66f38db0688785756,10662,,,true
P02_BLUE_B_000016,P02,BLUE,B,image_000016.jpg,training/P02/BLUE/B/images/image_000016.jpg,5a30329742d38b49c30b48223e830daf0eeb8c6a470c64f33cc656378c94b366,10330,,,true
P02_BLUE_B_000017,P02,BLUE,B,image_000017.jpg,training/P02/BLUE/B/images/image_000017.jpg,8ec3b0c8c97a94aa7a9fb739c7f0b126d62148b399ef37f1f9cf4a61518a4c85,10010,,,true
P02_BLUE_B_000018,P02,BLUE,B,image_000018.jpg,training/P02/BLUE/B/images/image_000018.jpg,68820b7be4ae9358a1890b001fb41a1927bbf5e62f3ef34764e5416938118aa5,10503,,,true
P02_BLUE_B_000019,P02,BLUE,B,image_000019.jpg,training/P02/BLUE/B/images/image_000019.jpg,55fe524676db51d65aa974a43e997f47ffeed9b02f16abfc75d1b929b4d107b2,10657,,,true
P02_BLUE_B_000020,P02,BLUE,B,image_000020.jpg,training/P02/BLUE/B/images/image_000020.jpg,2ed524a5023b58861ae8360982da4d0f5809ebb81a02557e61fdc224f0820c84,10564,,,true
P02_BLUE_B_000021,P02,BLUE,B,image_000021.jpg,training/P02/BLUE/B/images/image_000021.jpg,329086365c5b3c26f0fa30698036e937f8bd7c1a7c5ee4da8ce367d323037c33,10549,,,true
P02_BLUE_B_000022,P02,BLUE,B,image_000022.jpg,training/P02/BLUE/B/images/image_000022.jpg,b512e21a3c7fd01ca1065d10fb5e8f7d309b1b83d1186efafc7ea455db1fde9b,10447,,,true
P02_BLUE_B_000023,P02,BLUE,B,image_000023.jpg,training/P02/BLUE/B/images/image_000023.jpg,f9023f8e11ce3dee8e08599d3438d3e16b4fc63a34ea92c2135d1393e455c465,10344,,,true
P02_BLUE_B_000024,P02,BLUE,B,image_000024.jpg,training/P02/BLUE/B/images/image_000024.jpg,b971d04f4fd1e875ca345bb3e47e86a55afaca0bec4fdf2d191d13cde1edfd7d,10357,,,true
P02_BLUE_B_000025,P02,BLUE,B,image_000025.jpg,training/P02/BLUE/B/images/image_000025.jpg,87c382a8d7ab4a652df055b49d466469f3ff5c4611545fe9f74ef98f4c455a64,10207,,,true
P02_BLUE_C_000001,P02,BLUE,C,image_000001.jpg,training/P02/BLUE/C/images/image_000001.jpg,2a4a5117c774ce1a8022415d87d75e87301aa1b916e97175e158862d7e1be766,6055,,,true
P02_BLUE_C_000002,P02,BLUE,C,image_000002.jpg,training/P02/BLUE/C/images/image_000002.jpg,e14165ffbbd6ff7b6c1e0a93b3f9090d080aec40682e2e7991448b35c55c7270,5565,,,true
P02_BLUE_C_000003,P02,BLUE,C,image_000003.jpg,training/P02/BLUE/C/images/image_000003.jpg,e298b480e78d66bd56be342547504b41864bc83dc9b93343acfda0f1d0141e71,5767,,,true
P02_BLUE_C_000004,P02,BLUE,C,image_000004.jpg,training/P02/BLUE/C/images/image_000004.jpg,a53cf1595daa8b3e554b74915873408879c8e2529fb8fc59dc856993d8fee721,4636,,,true
P02_BLUE_C_000005,P02,BLUE,C,image_000005.jpg,training/P02/BLUE/C/images/image_000005.jpg,67a445b481e3fce151e346e97c9aa985e3e0946d4da215959dfe39fcf9e933d7,6122,,,true
P02_BLUE_C_000006,P02,BLUE,C,image_000006.jpg,training/P02/BLUE/C/images/image_000006.jpg,002bbb651983be1f0bee95a55b36cbd48e64f4d95b8ec545ed02146b8d18d63a,11470,,,true
P02_BLUE_C_000007,P02,BLUE,C,image_000007.jpg,training/P02/BLUE/C/images/image_000007.jpg,3da272c05dcc8716c1a3ba0d2aa0cfaf53ebeff3391b36bb4c6e39b78a989e6a,10682,,,true
P02_BLUE_C_000008,P02,BLUE,C,image_000008.jpg,training/P02/BLUE/C/images/image_000008.jpg,6173fc25c20ff9c30db04fc10785d9e0eae2ddfa3bacaf0bf44979dcd3501376,10824,,,true
P02_BLUE_C_000009,P02,BLUE,C,image_000009.jpg,training/P02/BLUE/C/images/image_000009.jpg,88264c65b3fa76da191ab877bdb201f93c9b2f44ca49b3b25f25fce55cb7b4e3,10269,,,true
P02_BLUE_C_000010,P02,BLUE,C,image_000010.jpg,training/P02/BLUE/C/images/image_000010.jpg,3a8d37ae5c7e6d24be4d8cb5af954994fb72f79b51be9c5c7687d9f74fbb3ed2,10114,,,true
P02_BLUE_C_000011,P02,BLUE,C,image_000011.jpg,training/P02/BLUE/C/images/image_000011.jpg,07b8050365ec5d3ec26697c1adf0fa4b9be2a23c34c357433e2e7f97dfa760f9,10514,,,true
P02_BLUE_C_000012,P02,BLUE,C,image_000012.jpg,training/P02/BLUE/C/images/image_000012.jpg,1668532bd95df42652a307bba6f63a95f70759f5af1b17075fb5dce786436dda,10874,,,true
P02_BLUE_C_000013,P02,BLUE,C,image_000013.jpg,training/P02/BLUE/C/images/image_000013.jpg,d6fb3454cd992535a975aef42c6493f8112f5cb406dda868d31074e7f22e91c0,10697,,,true
P02_BLUE_C_000014,P02,BLUE,C,image_000014.jpg,training/P02/BLUE/C/images/image_000014.jpg,e6bbeeb081294fc3ea92278f06b51f6ca08729be5c6dc4adc68e743b7efaecbf,10235,,,true
P02_BLUE_C_000015,P02,BLUE,C,image_000015.jpg,training/P02/BLUE/C/images/image_000015.jpg,bc22dfcdaa1220784a4ac384129b9995f265909154f30b986cfc24d913f1c344,10546,,,true
P02_BLUE_C_000016,P02,BLUE,C,image_000016.jpg,training/P02/BLUE/C/images/image_000016.jpg,0dad84193e1d0a4a4508a08674d168ef9c77e1b95b89609e93e6ae95fdd8d8e7,10413,,,true
P02_BLUE_C_000017,P02,BLUE,C,image_000017.jpg,training/P02/BLUE/C/images/image_000017.jpg,ffabf2d2513428b166f6ba14e625f6af2bab43fd497fb849270b65981d19d443,10662,,,true
P02_BLUE_C_000018,P02,BLUE,C,image_000018.jpg,training/P02/BLUE/C/images/image_000018.jpg,9eaa021012a39394c730639f1901ba179874d71750bdfaaa32b0befd23f29aeb,10657,,,true
P02_BLUE_C_000019,P02,BLUE,C,image_000019.jpg,training/P02/BLUE/C/images/image_000019.jpg,5e244b1c9614cb8ba46ead6e0d23016481609645daa99998093bd6e6a0ca0936,10505,,,true
P02_BLUE_C_000020,P02,BLUE,C,image_000020.jpg,training/P02/BLUE/C/images/image_000020.jpg,de891de8d7ff71e7da242eba3fdd38f081b1ceaf6e550311f5bb1bb98d2a9d4e,10161,,,true
P02_BLUE_C_000021,P02,BLUE,C,image_000021.jpg,training/P02/BLUE/C/images/image_000021.jpg,5b675ec353d5d4aa38625e1de6475d64dfb12ff80e1da07827e6ca23741a5a00,10757,,,true
P02_BLUE_C_000022,P02,BLUE,C,image_000022.jpg,training/P02/BLUE/C/images/image_000022.jpg,e3722f4895aa53e1c35c41680125569b4083d9afb1879c515d9c1a72ac66198b,10853,,,true
P02_BLUE_C_000023,P02,BLUE,C,image_000023.jpg,training/P02/BLUE/C/images/image_000023.jpg,6fd7937f565e2e951bcda09378cb63d2973b8a4315125fc5adf8635cb3acdc3d,10145,,,true
P02_BLUE_C_000024,P02,BLUE,C,image_000024.jpg,training/P02/BLUE/C/images/image_000024.jpg,39867782d7edd80aab512a0c265e9917a92d583b2fea9a6214d964d9e16e0e88,10599,,,true
P02_BLUE_C_000025,P02,BLUE,C,image_000025.jpg,training/P02/BLUE/C/images/image_000025.jpg,e020e3a2c50d1f5a1f2db4cabb527917db7a64f67d20f13ce93f2c4e69f3a70f,10840,,,true
P02_BLUE_E_000001,P02,BLUE,E,image_000001.jpg,training/P02/BLUE/E/images/image_000001.jpg,8c78f51c36376ba6420e831294e762ca4ef565a4fd6b6e7f845e3a88f5d52947,10890,,,true
P02_BLUE_E_000002,P02,BLUE,E,image_000002.jpg,training/P02/BLUE/E/images/image_000002.jpg,eb07702b1fc2272f9b7574185904de9ef086119d42c5f19590622b9987d9ec6f,10657,,,true
P02_BLUE_E_000003,P02,BLUE,E,image_000003.jpg,training/P02/BLUE/E/images/image_000003.jpg,a3ab51c11a0c6736d1409dbf4d610ac13bc94b6bf8a94b9f20133856b67b8f89,10352,,,true
P02_BLUE_E_000004,P02,BLUE,E,image_000004.jpg,training/P02/BLUE/E/images/image_000004.jpg,6248c0b605c1326bc4e4a81c86f499e471364764f3242ad788f0c96724d07838,10325,,,true
P02_BLUE_E_000005,P02,BLUE,E,image_000005.jpg,training/P02/BLUE/E/images/image_000005.jpg,a75ede2f12f523e210bbbe9e83ef5809c9fc3725ebabe4c87d4de0258fc6e6a3,10650,,,true
P02_BLUE_E_000006,P02,BLUE,E,image_000006.jpg,training/P02/BLUE/E/images/image_000006.jpg,3928596133fac398ebebe66a5209be8e20435f8ab363ef3e8044ad644024ff27,10339,,,true
P02_BLUE_E_000007,P02,BLUE,E,image_000007.jpg,training/P02/BLUE/E/images/image_000007.jpg,3e4ee3592d0314a8eaf06706754042a119ff6f3f7b236a78ad17c73b37c3944a,10480,,,true
P02_BLUE_E_000008,P02,BLUE,E,image_000008.jpg,training/P02/BLUE/E/images/image_000008.jpg,ff7ec3c0a745065d5a11108a96e1d7093264aa35b8dd85feeb71a31dbaf9fb58,10060,,,true
P02_BLUE_E_000009,P02,BLUE,E,image_000009.jpg,training/P02/BLUE/E/images/image_000009.jpg,6308d25a6ec3e418df3faedeca4f0f28c63c9d1578f4032b9c0477d84d03fdad,9941,,,true
P02_BLUE_E_000010,P02,BLUE,E,image_000010.jpg,training/P02/BLUE/E/images/image_000010.jpg,561e93edf0b4f47591e6b46fb0bd3dbe39588ba507104710165aecde0a06a288,10504,,,true
P02_BLUE_E_000011,P02,BLUE,E,image_000011.jpg,training/P02/BLUE/E/images/image_000011.jpg,1887ce9ddb93391f7cdf476fca3d028a579613f5baf4bb74860322953365c480,10775,,,true
P02_BLUE_E_000012,P02,BLUE,E,image_000012.jpg,training/P02/BLUE/E/images/image_000012.jpg,874bfe29357d9dfdf7a220abd6c77322813873be6ae213ccc4587e94037014a8,10331,,,true
P02_BLUE_E_000013,P02,BLUE,E,image_000013.jpg,training/P02/BLUE/E/images/image_000013.jpg,b4957368ca9263cb06dc1ff431f13bbc51b18205b1852f8218c0fd214a4a9e2b,10340,,,true
P02_BLUE_E_000014,P02,BLUE,E,image_000014.jpg,training/P02/BLUE/E/images/image_000014.jpg,f7d7f0e7a8ddc7e6562443cfeef2753854c7f7c97e33f03c7d4603d89748a3d0,10506,,,true
P02_BLUE_E_000015,P02,BLUE,E,image_000015.jpg,training/P02/BLUE/E/images/image_000015.jpg,964ac1fb38cf7cb2b350be9a511e7febb4e16312a22b3a9919da1ecd67f99503,10579,,,true
P02_BLUE_E_000016,P02,BLUE,E,image_000016.jpg,training/P02/BLUE/E/images/image_000016.jpg,31d33089af8c5bf3f56a64c6255a9c46f48ff6e4089b56b123583bd6adf2acc3,10824,,,true
P02_BLUE_E_000017,P02,BLUE,E,image_000017.jpg,training/P02/BLUE/E/images/image_000017.jpg,a035592c3a6324c2d9c4e4a9e63e4f38f4b39a6788fbc86cafa5425c911d26aa,10395,,,true
P02_BLUE_E_000018,P02,BLUE,E,image_000018.jpg,training/P02/BLUE/E/images/image_000018.jpg,54d980bde4e70f089e8693119f95233649219e78b53313b5913f63931adb5660,10248,,,true
P02_BLUE_E_000019,P02,BLUE,E,image_000019.jpg,training/P02/BLUE/E/images/image_000019.jpg,bcbedd58cbc65128a48f3858b125c1b1d2ec902308bf676d28ba8d1890b24583,10436,,,true
P02_BLUE_E_000020,P02,BLUE,E,image_000020.jpg,training/P02/BLUE/E/images/image_000020.jpg,dddbbc39131e9fdac7c6cb22d63a0547c8624a17a4f8b9552c3cb31af20a3276,10575,,,true
P02_BLUE_E_000021,P02,BLUE,E,image_000021.jpg,training/P02/BLUE/E/images/image_000021.jpg,f40f844097a262d675541dfc3d7f85de8085def7e0532796032a70561308ee89,10737,,,true
P02_BLUE_E_000022,P02,BLUE,E,image_000022.jpg,training/P02/BLUE/E/images/image_000022.jpg,c5adc7b5ed6b4fda74c48c8505fd3992aa7cd996fe3a8c4f45d0d947332c8196,10405,,,true
P02_BLUE_E_000023,P02,BLUE,E,image_000023.jpg,training/P02/BLUE/E/images/image_000023.jpg,179d41963e98de2db5e3ee15d8ed17c91f0ebba9d7bbb486feb605df0fd7c9ef,10555,,,true
P02_BLUE_E_000024,P02,BLUE,E,image_000024.jpg,training/P02/BLUE/E/images/image_000024.jpg,92a83513921e1d04cbd946d9b527130f35620c429cc6eb36b6558b16c83d5af8,10624,,,true
P02_BLUE_E_000025,P02,BLUE,E,image_000025.jpg,training/P02/BLUE/E/images/image_000025.jpg,36b12b51beefd814daa37104e3581f4314345d9abb6923544af68dd2f7287920,10383,,,true
P02_BLUE_I_000001,P02,BLUE,I,image_000001.jpg,training/P02/BLUE/I/images/image_000001.jpg,8d3e70334830c4dd24cad2987fd13635d3b414ea4cd8d090a9b3d8bf9d2db9f4,6427,,,true
P02_BLUE_I_000002,P02,BLUE,I,image_000002.jpg,training/P02/BLUE/I/images/image_000002.jpg,f578d8e8b3a5871d89c55d36cec2abbfb624bcac5efc7eee0433f8b7dfae0f22,10677,,,true
P02_BLUE_I_000003,P02,BLUE,I,image_000003.jpg,training/P02/BLUE/I/images/image_000003.jpg,c21d23be4b1e00ccbf9dfdfb96eb9c44bea0e3f4450c7a30cc5881e9864013da,10236,,,true
P02_BLUE_I_000004,P02,BLUE,I,image_000004.jpg,training/P02/BLUE/I/images/image_000004.jpg,e8f60032d1ef1042336d504895d67711d8240dc5d4ab053b6aab7d75009d7748,10528,,,true
P02_BLUE_I_000005,P02,BLUE,I,image_000005.jpg,training/P02/BLUE/I/images/image_000005.jpg,9d46013089b55bc1301c4fb210a00218d2387f38c30c0c7a077b803d8f580892,9908,,,true
P02_BLUE_I_000006,P02,BLUE,I,image_000006.jpg,training/P02/BLUE/I/images/image_000006.jpg,745490bedf12c4d1dbb8b30f790ebae3a05875f0b004efa02984473c10c53f49,10279,,,true
P02_BLUE_I_000007,P02,BLUE,I,image_000007.jpg,training/P02/BLUE/I/images/image_000007.jpg,0d67b3aa7b86b02823ac5902f032283872c414cd5a5807148ed80e1d74b3a526,10594,,,true
P02_BLUE_I_000008,P02,BLUE,I,image_000008.jpg,training/P02/BLUE/I/images/image_000008.jpg,fae2bb554c35dec2a52be4af22e8939ffad4038518be232174eaf29b97891685,10898,,,true
P02_BLUE_I_000009,P02,BLUE,I,image_000009.jpg,training/P02/BLUE/I/images/image_000009.jpg,1328c53dd4f717b8572618acb27df1eb64e33936d9e8a1a9593712302a954046,10554,,,true
P02_BLUE_I_000010,P02,BLUE,I,image_000010.jpg,training/P02/BLUE/I/images/image_000010.jpg,f39c21c076112325c0412b0deecbf21838d8a5bcb0bb0942b042b781d0e061c3,10395,,,true
P02_BLUE_I_000011,P02,BLUE,I,image_000011.jpg,training/P02/BLUE/I/images/image_000011.jpg,580c55bfb67e95d4b35cf3d881a28b1d3fc7898812602bdca7190fa28cd93e40,10398,,,true
P02_BLUE_I_000012,P02,BLUE,I,image_000012.jpg,training/P02/BLUE/I/images/image_000012.jpg,5751deaf2e9e4fe30cd4efdd73c164625cd10907a9ad76bfa40fa046ecd94455,10796,,,true
P02_BLUE_I_000013,P02,BLUE,I,image_000013.jpg,training/P02/BLUE/I/images/image_000013.jpg,3258d50825ee51b2429fa4188afeaa52635e30f33df0d479ab89c3c3ea3c9c27,10717,,,true
P02_BLUE_I_000014,P02,BLUE,I,image_000014.jpg,training/P02/BLUE/I/images/image_000014.jpg,432011e9c472324a3d3585174e73febcea06f5fd5e2f1e8096cbee058dcbd41b,10788,,,true
P02_BLUE_I_000015,P02,BLUE,I,image_000015.jpg,training/P02/BLUE/I/images/image_000015.jpg,dbbd40a80727de36d40f2a9a9e54fdbe82d54f654b3a1a78e3f5ec43d17434d1,10694,,,true
P02_BLUE_I_000016,P02,BLUE,I,image_000016.jpg,training/P02/BLUE/I/images/image_000016.jpg,9c57786509bae24bda278877b38c9d53ddeb19f074808083e1a0dbe83dbf157c,10279,,,true
P02_BLUE_I_000017,P02,BLUE,I,image_000017.jpg,training/P02/BLUE/I/images/image_000017.jpg,4536f49aadcc1a3c6dba0d52a13d97324fe79328b571a936387d8cfe3a22f763,10316,,,true
P02_BLUE_I_000018,P02,BLUE,I,image_000018.jpg,training/P02/BLUE/I/images/image_000018.jpg,6be53e452d4b2316eaf14c7e3af9548333c0524f1b3aa7bc7ea09310004584d3,10224,,,true
P02_BLUE_I_000019,P02,BLUE,I,image_000019.jpg,training/P02/BLUE/I/images/image_000019.jpg,503ad4fc9b892d8f9c938dce1ea5c8f2c9d0c023ce50b5f3073c83992b0e8a70,10236,,,true
P02_BLUE_I_000020,P02,BLUE,I,image_000020.jpg,training/P02/BLUE/I/images/image_000020.jpg,a3efa4a464e1007f457b36a530803584c74eaa369e6b22dead652e437683e82e,10600,,,true
P02_BLUE_I_000021,P02,BLUE,I,image_000021.jpg,training/P02/BLUE/I/images/image_000021.jpg,457c18c21ffefb3c941875cddc4cf6757a2efa0ee82656303b69feec6d572e2e,10330,,,true
P02_BLUE_I_000022,P02,BLUE,I,image_000022.jpg,training/P02/BLUE/I/images/image_000022.jpg,35326f889f799c72b404c7d1b946ebae94e4adc35fd726280b8d6742852e32e1,6294,,,true
P02_BLUE_I_000023,P02,BLUE,I,image_000023.jpg,training/P02/BLUE/I/images/image_000023.jpg,3da7460c6f28a5a4a1c82c6a9a3ae587967136e4c861b6d907f14b302cb84ebc,6294,,,true
P02_BLUE_I_000024,P02,BLUE,I,image_000024.jpg,training/P02/BLUE/I/images/image_000024.jpg,3e799334f695095daef4040921f9237365dac8ff93d087efd5e6a58c4ed9a7e0,5670,,,true
P02_BLUE_I_000025,P02,BLUE,I,image_000025.jpg,training/P02/BLUE/I/images/image_000025.jpg,7e937de054aea2625e149023721321f32c32157b0087efe62b68d0ecd08e5d2e,6314,,,true
P02_BLUE_L_000001,P02,BLUE,L,image_000001.jpg,training/P02/BLUE/L/images/image_000001.jpg,ab0fa9f150a53c5ac547e2abd425d674fee195446f106c5b40d553b7984affbe,10530,,,true
P02_BLUE_L_000002,P02,BLUE,L,image_000002.jpg,training/P02/BLUE/L/images/image_000002.jpg,4bc565d36241e400f221117ca96abdd346004fb71abd990627c6942a1653e9c6,10729,,,true
P02_BLUE_L_000003,P02,BLUE,L,image_000003.jpg,training/P02/BLUE/L/images/image_000003.jpg,0e6dbb76e30257fcf0fcebdf3b6c9f77384bdbf06b6083805213b4f4345a76fd,10080,,,true
P02_BLUE_L_000004,P02,BLUE,L,image_000004.jpg,training/P02/BLUE/L/images/image_000004.jpg,daf950b434041af0d86424ccaa3bb29e44479d61bc84cedf013d29523fbdd091,9911,,,true
P02_BLUE_L_000005,P02,BLUE,L,image_000005.jpg,training/P02/BLUE/L/images/image_000005.jpg,429fd9fd308ad4b2a7a3ba72ef73239faf57e91fd7f978ed41c0d85e85ac9300,10475,,,true
P02_BLUE_L_000006,P02,BLUE,L,image_000006.jpg,training/P02/BLUE/L/images/image_000006.jpg,5c0e4d4d89a19432d72bc5aec2ec31dac7bb224edc8e118518fa11445a097ab6,9952,,,true
P02_BLUE_L_000007,P02,BLUE,L,image_000007.jpg,training/P02/BLUE/L/images/image_000007.jpg,8cf42ac5d5342608de0e6e80f3a591547820eebf88098599f8d5a02cecf08d3b,9810,,,true
P02_BLUE_L_000008,P02,BLUE,L,image_000008.jpg,training/P02/BLUE/L/images/image_000008.jpg,534c3cbea3cbe656a30398752a1c0445df4406113fa968b23e85d5dae474572d,10219,,,true
P02_BLUE_L_000009,P02,BLUE,L,image_000009.jpg,training/P02/BLUE/L/images/image_000009.jpg,8a8eea330989fa5c2b0426a084652c809c0cc0f8a739eb16a5a8f2077b2a8006,10557,,,true
P02_BLUE_L_000010,P02,BLUE,L,image_000010.jpg,training/P02/BLUE/L/images/image_000010.jpg,a5b5b726779af8a47ae53474c58bee6b27c66f00cfb14f0de498f14a295837fc,10347,,,true
P02_BLUE_L_000011,P02,BLUE,L,image_000011.jpg,training/P02/BLUE/L/images/image_000011.jpg,44e1427049e51085b412f6bba98d3f4b38b57a4545b2f74a22246fa145f664ec,9887,,,true
P02_BLUE_L_000012,P02,BLUE,L,image_000012.jpg,training/P02/BLUE/L/images/image_000012.jpg,91918038913cb8f68413b3f022a60fcfc14cc3fa25d97cfc4c7ec3bba63d8f3c,10825,,,true
P02_BLUE_L_000013,P02,BLUE,L,image_000013.jpg,training/P02/BLUE/L/images/image_000013.jpg,6898367e8074c068b2b702b8db5c1cc3d2118b2f6c7303494d698ddd85b72122,10280,,,true
P02_BLUE_L_000014,P02,BLUE,L,image_000014.jpg,training/P02/BLUE/L/images/image_000014.jpg,e62b9a8612f03f3fcb92ef43d806b6e1f4f6fa4096bcb8e44730408e6f00a8ba,10674,,,true
P02_BLUE_L_000015,P02,BLUE,L,image_000015.jpg,training/P02/BLUE/L/images/image_000015.jpg,14667f952a2f1a563baf2fbf50c1f8fc9b72a736faa2fcdc907341c74cfcfeca,10438,,,true
P02_BLUE_L_000016,P02,BLUE,L,image_000016.jpg,training/P02/BLUE/L/images/image_000016.jpg,b1c0f5f2c21351cdb0586987f244c6a74ff2e8429fcb49c23f527876e79d20c7,10717,,,true
P02_BLUE_L_000017,P02,BLUE,L,image_000017.jpg,training/P02/BLUE/L/images/image_000017.jpg,03fedd7f321a5ab857b99a9729fa42d869ecf9b8cbb661e9a2fc91b8c4db6b76,10601,,,true
P02_BLUE_L_000018,P02,BLUE,L,image_000018.jpg,training/P02/BLUE/L/images/image_000018.jpg,387dc11ea467ed325b8cc2a5bea6341a6c6fb9e95845ac9f760ca5d433cfa2c6,10224,,,true
P02_BLUE_L_000019,P02,BLUE,L,image_000019.jpg,training/P02/BLUE/L/images/image_000019.jpg,f36d94de7f92dfaea95cfb833fe2ac4c949c7ab8d23c4d2dabab44930f920dfe,10286,,,true
P02_BLUE_L_000020,P02,BLUE,L,image_000020.jpg,training/P02/BLUE/L/images/image_000020.jpg,ec6bcfd53083c4178c0e325dbabba257775085f067dbc7de930f088f4ab6d4cd,10768,,,true
P02_BLUE_L_000021,P02,BLUE,L,image_000021.jpg,training/P02/BLUE/L/images/image_000021.jpg,e02cdf322818655da607b5bcf1695252b6f045e719536ee02f8d870631bf874e,10798,,,true
P02_BLUE_L_000022,P02,BLUE,L,image_000022.jpg,training/P02/BLUE/L/images/image_000022.jpg,57bf76edbe5e3d59716077912c61b7ac05daf26ada9550aba7372cb280824d5c,10391,,,true
P02_BLUE_L_000023,P02,BLUE,L,image_000023.jpg,training/P02/BLUE/L/images/image_000023.jpg,5c524a1d1419cd510bea7378e1c4e1be1fe1584ea048ba9811ed69ea7e7ed7f5,10615,,,true
P02_BLUE_L_000024,P02,BLUE,L,image_000024.jpg,training/P02/BLUE/L/images/image_000024.jpg,f2867387b1526f25e83376897c340501291387285c137ff2c8c3478346794846,10822,,,true
P02_BLUE_L_000025,P02,BLUE,L,image_000025.jpg,training/P02/BLUE/L/images/image_000025.jpg,184cdd4d15b919b243c5a210219fe2203c9ca0fca5bc596025de37f251b654e0,10525,,,true
P02_BLUE_M_000001,P02,BLUE,M,image_000001.jpg,training/P02/BLUE/M/images/image_000001.jpg,8f169075e6a65801d5bb2e8ff036cfd8fa06d3713bcc1f4c2bb64f121f6944be,10561,,,true
P02_BLUE_M_000002,P02,BLUE,M,image_000002.jpg,training/P02/BLUE/M/images/image_000002.jpg,afc3c536b5ce336d03b1827f332df2e21a86cfd374b2ab0e805ef8f6c7064da4,10760,,,true
P02_BLUE_M_000003,P02,BLUE,M,image_000003.jpg,training/P02/BLUE/M/images/image_000003.jpg,5a4acc981b1bd756c5dc898de87bcb6090ce2ea7f1646ffb30527f5270986ce5,10643,,,true
P02_BLUE_M_000004,P02,BLUE,M,image_000004.jpg,training/P02/BLUE/M/images/image_000004.jpg,a149f0840243180d2e9a50f54ad784fce3d6324881229bdbd7cfb74fe9809854,10378,,,true
P02_BLUE_M_000005,P02,BLUE,M,image_000005.jpg,training/P02/BLUE/M/images/image_000005.jpg,24c79b015c36851d1ad38aec9968692cc7984ebb3fec9ecbdd481b4123dd4865,10561,,,true
P02_BLUE_M_000006,P02,BLUE,M,image_000006.jpg,training/P02/BLUE/M/images/image_000006.jpg,85a26ca669cab2b76c61e495cfe273935ceaa1c87c3de5261c9e2572015604fa,10691,,,true
P02_BLUE_M_000007,P02,BLUE,M,image_000007.jpg,training/P02/BLUE/M/images/image_000007.jpg,537ce66aea238cdafba84b6905b1ac4dc6a2dcf9f42f1293a8aff331e5bf9c5d,10779,,,true
P02_BLUE_M_000008,P02,BLUE,M,image_000008.jpg,training/P02/BLUE/M/images/image_000008.jpg,4668a1de4ae2ce0a6c94373cc3f43388fd445bdcb74d1ecbc110e267e82d0ec1,10578,,,true
P02_BLUE_M_000009,P02,BLUE,M,image_000009.jpg,training/P02/BLUE/M/images/image_000009.jpg,0a163df19cacaf0527276f95b2d93f471b3222b7b7aca395bafec0e50f60d961,10902,,,true
P02_BLUE_M_000010,P02,BLUE,M,image_000010.jpg,training/P02/BLUE/M/images/image_000010.jpg,4ab436dd3b2d036550e71476c39dcb3bef78c1929733b93dec6e9057ba5b3051,10789,,,true
P02_BLUE_M_000011,P02,BLUE,M,image_000011.jpg,training/P02/BLUE/M/images/image_000011.jpg,14f41684512e13638d0dfd262d3b8650bf0ba3c0da09fb5589c2da8d3e6b7b66,10619,,,true
P02_BLUE_M_000012,P02,BLUE,M,image_000012.jpg,training/P02/BLUE/M/images/image_000012.jpg,31ec22076c523c3d467f841174b91dcc0e9d0bd02ab286038a7ad48951d55b2e,10476,,,true
P02_BLUE_M_000013,P02,BLUE,M,image_000013.jpg,training/P02/BLUE/M/images/image_000013.jpg,98d65e8e94ad01c5be86f36722278e526705a3229be876ba47c62114a64152b8,10650,,,true
P02_BLUE_M_000014,P02,BLUE,M,image_000014.jpg,training/P02/BLUE/M/images/image_000014.jpg,b6fbd1eb1781f89ca1a8c2773e6d0c059193f34bc82495705ad178990ad5b509,10826,,,true
P02_BLUE_M_000015,P02,BLUE,M,image_000015.jpg,training/P02/BLUE/M/images/image_000015.jpg,c3937ffb97d920d581567017d4fc994d57a6806c08fb438861b2c65da2c23b1c,10866,,,true
P02_BLUE_M_000016,P02,BLUE,M,image_000016.jpg,training/P02/BLUE/M/images/image_000016.jpg,b616fca02febf07213404d439c72690c00e931409708f7b58493a1adf32f1b80,10755,,,true
P02_BLUE_M_000017,P02,BLUE,M,image_000017.jpg,training/P02/BLUE/M/images/image_000017.jpg,4f91b154378fc5d810aceb9fd8c00685dcaa301ddf3114c83612cbbbb085ed80,10586,,,true
P02_BLUE_M_000018,P02,BLUE,M,image_000018.jpg,training/P02/BLUE/M/images/image_000018.jpg,cd57ae7c8c6ededb80b706b1b08d77041ba65f9f5c7f473443dbf853e8667124,10610,,,true
P02_BLUE_M_000019,P02,BLUE,M,image_000019.jpg,training/P02/BLUE/M/images/image_000019.jpg,9ce6a5874af80e2e19e2f71e84b307da29820f6698925056e1d141f3fbff5041,10544,,,true
P02_BLUE_M_000020,P02,BLUE,M,image_000020.jpg,training/P02/BLUE/M/images/image_000020.jpg,ac89563aa01c113834fce6756ca89c11bb83d2f498c5fecaaeaf7174b6fad2cf,10750,,,true
P02_BLUE_M_000021,P02,BLUE,M,image_000021.jpg,training/P02/BLUE/M/images/image_000021.jpg,66459872ce3b47b600795d1ff281dba721b28f3b5237da08d6e529c5ff8d67eb,10592,,,true
P02_BLUE_M_000022,P02,BLUE,M,image_000022.jpg,training/P02/BLUE/M/images/image_000022.jpg,eb95e75988783109fd251490b7356af2cb025ebd9345632f8ecece1cf77d84e9,10664,,,true
P02_BLUE_M_000023,P02,BLUE,M,image_000023.jpg,training/P02/BLUE/M/images/image_000023.jpg,6e9ad5c00e13cc87390030f3e5e87fea327b0d4014fbce65dbb8e1cfb63b3746,10776,,,true
P02_BLUE_M_000024,P02,BLUE,M,image_000024.jpg,training/P02/BLUE/M/images/image_000024.jpg,2de7735b71b0adb3a675b2959c1327c280d6b91df6b1d4bf03429344c9ca5b82,10424,,,true
P02_BLUE_M_000025,P02,BLUE,M,image_000025.jpg,training/P02/BLUE/M/images/image_000025.jpg,6747628f8c105cb87934388376f76e5c97fb069d18e53d310cb57d79003bbb1b,10715,,,true
P02_BLUE_N_000001,P02,BLUE,N,image_000001.jpg,training/P02/BLUE/N/images/image_000001.jpg,b2ffeb0d654a8b77dfd8f5beba199e739c07884df4016a6a8d669092c4d230f3,9818,,,true
P02_BLUE_N_000002,P02,BLUE,N,image_000002.jpg,training/P02/BLUE/N/images/image_000002.jpg,d8fdcfdb12d04167692babf1257ccc448110166830fd04ea9d53d2fdc727bcf3,9830,,,true
P02_BLUE_N_000003,P02,BLUE,N,image_000003.jpg,training/P02/BLUE/N/images/image_000003.jpg,dbc9b6c0c1bcad3fe9cc88fa601518670f54ad6cf0778b6a7c57b5c9fb364a2f,9692,,,true
P02_BLUE_N_000004,P02,BLUE,N,image_000004.jpg,training/P02/BLUE/N/images/image_000004.jpg,8474ea5f3cd053141fe0162a84fedf3c2b5402931b0db45f3b28ffe92a09b69a,9830,,,true
P02_BLUE_N_000005,P02,BLUE,N,image_000005.jpg,training/P02/BLUE/N/images/image_000005.jpg,a8da176c28cdb21cb8cd6c8b38699f5e36947275d1aa5dba45fb6e15740b08ed,10069,,,true
P02_BLUE_N_000006,P02,BLUE,N,image_000006.jpg,training/P02/BLUE/N/images/image_000006.jpg,e9c930eaa76cc02008d357638872af7af25d1977c3378a43be18acb593020027,9786,,,true
P02_BLUE_N_000007,P02,BLUE,N,image_000007.jpg,training/P02/BLUE/N/images/image_000007.jpg,54f00fb655e71a963f2420928284deb6ca0228d1764a16685a9c0890556982c6,9824,,,true
P02_BLUE_N_000008,P02,BLUE,N,image_000008.jpg,training/P02/BLUE/N/images/image_000008.jpg,f96963ac0ba7657c8807a972ec4792c9b57c28a1f8e43a294500fbc233399abb,10137,,,true
P02_BLUE_N_000009,P02,BLUE,N,image_000009.jpg,training/P02/BLUE/N/images/image_000009.jpg,57ae65a7d57f903a23fce13e921b6ac5e6766a00ed8c3b6249719c1a6801a108,10004,,,true
P02_BLUE_N_000010,P02,BLUE,N,image_000010.jpg,training/P02/BLUE/N/images/image_000010.jpg,0c8a7ed4b614fb88cd529c23c74d8334814e855bf9a56218a529fc8a639680ae,9726,,,true
P02_BLUE_N_000011,P02,BLUE,N,image_000011.jpg,training/P02/BLUE/N/images/image_000011.jpg,5caa60d3ab604e5d0b0836e2230eac2beaac703eed900c15ad10279ac89327ed,9624,,,true
P02_BLUE_N_000012,P02,BLUE,N,image_000012.jpg,training/P02/BLUE/N/images/image_000012.jpg,e3a019b5b18345d0ec47bb216c6e6e6b99fc3ec8751b2d1f8a46729a2fa06f5f,9847,,,true
P02_BLUE_N_000013,P02,BLUE,N,image_000013.jpg,training/P02/BLUE/N/images/image_000013.jpg,47b7131d62fc23188bffcf7e8a67f7071665c7b9872c494504e1eba837e739f6,9771,,,true
P02_BLUE_N_000014,P02,BLUE,N,image_000014.jpg,training/P02/BLUE/N/images/image_000014.jpg,da87bfa621ccc9949c9b532dbf0d674b1c13585dce053c759c8ac983a86d2b50,9847,,,true
P02_BLUE_N_000015,P02,BLUE,N,image_000015.jpg,training/P02/BLUE/N/images/image_000015.jpg,6ed3ed6706c82cecc0a0bce50abc9d5ae7eda511cb78ddc58d448b80d62d6f0c,9650,,,true
P02_BLUE_N_000016,P02,BLUE,N,image_000016.jpg,training/P02/BLUE/N/images/image_000016.jpg,a60fbfab918f3026ba9af98586c2189bfcf303cf6836148bdd455a4d5d4cf9d6,9591,,,true
P02_BLUE_N_000017,P02,BLUE,N,image_000017.jpg,training/P02/BLUE/N/images/image_000017.jpg,07de782cde0825b870d3570d9c5b01a8eaa2f2105c7b021134aef2fb164b22d6,9489,,,true
P02_BLUE_N_000018,P02,BLUE,N,image_000018.jpg,training/P02/BLUE/N/images/image_000018.jpg,6cfbd2d6a7c9cd8f888b14dff178c3d8b613c7dd1dccfe3e8000f5d687d7f2c8,9522,,,true
P02_BLUE_N_000019,P02,BLUE,N,image_000019.jpg,training/P02/BLUE/N/images/image_000019.jpg,85b17046915df3fcd495f023248da845b517e4a8a17baddc9dc4d5b712c07728,9855,,,true
P02_BLUE_N_000020,P02,BLUE,N,image_000020.jpg,training/P02/BLUE/N/images/image_000020.jpg,578b9b00bdda374aab0bb79790ef9b7b29229782b8f38877163754673fe77430,9721,,,true
P02_BLUE_N_000021,P02,BLUE,N,image_000021.jpg,training/P02/BLUE/N/images/image_000021.jpg,5b8ab30e523905898fdced58b8d2cb07e0efbfa10319b3f15cf8e7ca27c682b1,9555,,,true
P02_BLUE_N_000022,P02,BLUE,N,image_000022.jpg,training/P02/BLUE/N/images/image_000022.jpg,10289020ce3f1c1e6074632403205d01fb21dd80f1828f073a17d77e89086f5f,9405,,,true
P02_BLUE_N_000023,P02,BLUE,N,image_000023.jpg,training/P02/BLUE/N/images/image_000023.jpg,336acdf13e32d9c7d2f2f6be9b2dd4b2609e50df52ca09b2a8f59f5dfc38b0f4,10020,,,true
P02_BLUE_N_000024,P02,BLUE,N,image_000024.jpg,training/P02/BLUE/N/images/image_000024.jpg,0b99502ad91d7356b2122b1bde495688e69bf443110a3d9628ab851b4704a20f,9628,,,true
P02_BLUE_N_000025,P02,BLUE,N,image_000025.jpg,training/P02/BLUE/N/images/image_000025.jpg,f0e3f28cd4a7a8b81702d6c9da68d5b8ec4dd432109de2b08518677483ecbf88,9874,,,true
P02_BLUE_O_000001,P02,BLUE,O,image_000001.jpg,training/P02/BLUE/O/images/image_000001.jpg,84043eb96f6b68cb6acb1230a712487913b070557cb75332190222f46a3489fa,5882,,,true
P02_BLUE_O_000002,P02,BLUE,O,image_000002.jpg,training/P02/BLUE/O/images/image_000002.jpg,da1646bdcaf6b10d30aba49a7a051b20d20c1a6689673290d1446b4d116e614a,11084,,,true
P02_BLUE_O_000003,P02,BLUE,O,image_000003.jpg,training/P02/BLUE/O/images/image_000003.jpg,e24a2f21f9fe43490c41b783d84f3fc1e97755bbf8e06fd9e71a33d1d913bd48,9737,,,true
P02_BLUE_O_000004,P02,BLUE,O,image_000004.jpg,training/P02/BLUE/O/images/image_000004.jpg,4b8590a97d21eb412772e384b3d4862cbf054d8117b9e2d471d9e8897cd56fbb,10329,,,true
P02_BLUE_O_000005,P02,BLUE,O,image_000005.jpg,training/P02/BLUE/O/images/image_000005.jpg,5371fa25a9ce969e60cb2747fbbb4f7dca1f0df1ccd9b960f24a2369236f79e5,9813,,,true
P02_BLUE_O_000006,P02,BLUE,O,image_000006.jpg,training/P02/BLUE/O/images/image_000006.jpg,f64ac82ad711d832ac8d17b2936b7759559b7a39c665514524ca4c80c939c15a,10003,,,true
P02_BLUE_O_000007,P02,BLUE,O,image_000007.jpg,training/P02/BLUE/O/images/image_000007.jpg,be8d29769bc7dfb189db9a13faf1ae15063c86b31ae5c071ceb7a6506e05f1fe,10106,,,true
P02_BLUE_O_000008,P02,BLUE,O,image_000008.jpg,training/P02/BLUE/O/images/image_000008.jpg,766e0206c5e1b30551b35733c7b28985fd652745b04b10a83ecbe2e99232ef52,10062,,,true
P02_BLUE_O_000009,P02,BLUE,O,image_000009.jpg,training/P02/BLUE/O/images/image_000009.jpg,e85df6691c18a3dc1146d0fbf5f53b855e9872c9bf994e5ae43aaa1acfb337f5,9708,,,true
P02_BLUE_O_000010,P02,BLUE,O,image_000010.jpg,training/P02/BLUE/O/images/image_000010.jpg,26cec0e71a4977a7574d81b1a6d6743a845ace46f14516a1fd90d91e41f948df,9673,,,true
P02_BLUE_O_000011,P02,BLUE,O,image_000011.jpg,training/P02/BLUE/O/images/image_000011.jpg,7c72265775abbaf4c7e98518c2cc63a30feb4c94141197c961133771421a354e,10148,,,true
P02_BLUE_O_000012,P02,BLUE,O,image_000012.jpg,training/P02/BLUE/O/images/image_000012.jpg,c12844e60c7aa9b5807c6c18e2f035c35c05f0f4525f0d641b9cb4e4bfa8d3bf,9711,,,true
P02_BLUE_O_000013,P02,BLUE,O,image_000013.jpg,training/P02/BLUE/O/images/image_000013.jpg,75c47c3866eb27210fd0f7e04f7d74f16360c1825fe055bf36b6ab116a1dd379,9815,,,true
P02_BLUE_O_000014,P02,BLUE,O,image_000014.jpg,training/P02/BLUE/O/images/image_000014.jpg,4082b958fb073e5ec8ef81fb6a67f33f44a3b487eebc6771195f55f96ede6aff,9924,,,true
P02_BLUE_O_000015,P02,BLUE,O,image_000015.jpg,training/P02/BLUE/O/images/image_000015.jpg,1e9f775b19d024909b018149431e05a8f23bc03e12d122ce6aa92efe2acf3811,9976,,,true
P02_BLUE_O_000016,P02,BLUE,O,image_000016.jpg,training/P02/BLUE/O/images/image_000016.jpg,6caefe063733012e3794aeb415f1976ecd856fc07b1375b5a575c3840da92338,9788,,,true
P02_BLUE_O_000017,P02,BLUE,O,image_000017.jpg,training/P02/BLUE/O/images/image_000017.jpg,f1825189919738b8c4d5af768e72105a6194a1d34008f600467386de94bf890d,9727,,,true
P02_BLUE_O_000018,P02,BLUE,O,image_000018.jpg,training/P02/BLUE/O/images/image_000018.jpg,35b70687c238f1cf41a7b531e2e67c9689e062025df37f63cde80ba330bb793d,9635,,,true
P02_BLUE_O_000019,P02,BLUE,O,image_000019.jpg,training/P02/BLUE/O/images/image_000019.jpg,f051ac5def16a9dd9cec0e54e3e638473f3a008462d3028849f7e6ba7a05ed16,11489,,,true
P02_BLUE_O_000020,P02,BLUE,O,image_000020.jpg,training/P02/BLUE/O/images/image_000020.jpg,a03aa292e458b269686f395937ddd6bed4de8481b4a858cff51f8a89f6e8a890,11305,,,true
P02_BLUE_O_000021,P02,BLUE,O,image_000021.jpg,training/P02/BLUE/O/images/image_000021.jpg,e3d73d981b3d09c9f2ea385a23f4cd4e1ae64d845a04255247e1565e182914be,10720,,,true
P02_BLUE_O_000022,P02,BLUE,O,image_000022.jpg,training/P02/BLUE/O/images/image_000022.jpg,1d21dbf3d1dafe698647b88c8e09bc8b850c2f032ea7b84b19960a1434a40505,10738,,,true
P02_BLUE_O_000023,P02,BLUE,O,image_000023.jpg,training/P02/BLUE/O/images/image_000023.jpg,347a5a2022842f8aee453037f0826bac22be8f602cde121c2b8c87b774c95bc7,10575,,,true
P02_BLUE_O_000024,P02,BLUE,O,image_000024.jpg,training/P02/BLUE/O/images/image_000024.jpg,e2906c355e8ec16d60c08f94f64bab018135aede84323f04ac64bfb273e2d7b2,11037,,,true
P02_BLUE_O_000025,P02,BLUE,O,image_000025.jpg,training/P02/BLUE/O/images/image_000025.jpg,eeb78db474e7ab539404e6ddc5732565f9c1b32a437dc809fc81c91bfcb3845d,11039,,,true
P02_BLUE_P_000001,P02,BLUE,P,image_000001.jpg,training/P02/BLUE/P/images/image_000001.jpg,66c0d61593838d99038f8c70a6ef77b19b6d04a1165e042cfc87c6d01b9b75f8,10611,,,true
P02_BLUE_P_000002,P02,BLUE,P,image_000002.jpg,training/P02/BLUE/P/images/image_000002.jpg,0ac1ecbfb3f5c469c0628974278c4731e56c7a7666a514712b2cc40201cdc24b,10708,,,true
P02_BLUE_P_000003,P02,BLUE,P,image_000003.jpg,training/P02/BLUE/P/images/image_000003.jpg,9184c3353beaa45ebec7e4fe6992dc830fedb78959cf9c47db3ccb4443527cb9,10986,,,true
P02_BLUE_P_000004,P02,BLUE,P,image_000004.jpg,training/P02/BLUE/P/images/image_000004.jpg,6424d0c73abb6def3fe5d7da48f4d01e869f6fc403f933c65cc7fe57f203500a,10595,,,true
P02_BLUE_P_000005,P02,BLUE,P,image_000005.jpg,training/P02/BLUE/P/images/image_000005.jpg,e43086862fe4ce13ad831bfa324cda485858910f202889b55ddf2276c933e3eb,10266,,,true
P02_BLUE_P_000006,P02,BLUE,P,image_000006.jpg,training/P02/BLUE/P/images/image_000006.jpg,14158ed6952c307c572c4a8d52c59ae43fa3c81a3d76aa5ba740bab273fbff41,10417,,,true
P02_BLUE_P_000007,P02,BLUE,P,image_000007.jpg,training/P02/BLUE/P/images/image_000007.jpg,9fff4d69c45165a44a6bd7f6e1fe08091e6867b0e3f3357a80ebf5d8beaa8ba6,10282,,,true
P02_BLUE_P_000008,P02,BLUE,P,image_000008.jpg,training/P02/BLUE/P/images/image_000008.jpg,95f3fccb763de2387e2fd2a7c93086af6857b8d95350b883c14e916c62bd3294,10207,,,true
P02_BLUE_P_000009,P02,BLUE,P,image_000009.jpg,training/P02/BLUE/P/images/image_000009.jpg,184ae2ce2ffe87fc94dfc57c86308c66a352ff61033ed4a2f09a029c28ddbbfe,10392,,,true
P02_BLUE_P_000010,P02,BLUE,P,image_000010.jpg,training/P02/BLUE/P/images/image_000010.jpg,7501b03c9905c93c7227b62cacc9e769efe8d6c12718c36785417995ad0bf437,10289,,,true
P02_BLUE_P_000011,P02,BLUE,P,image_000011.jpg,training/P02/BLUE/P/images/image_000011.jpg,b26ca88f77ad425a889a05b3c8d090115229474a4665b010fbb9e4ef219488bf,10627,,,true
P02_BLUE_P_000012,P02,BLUE,P,image_000012.jpg,training/P02/BLUE/P/images/image_000012.jpg,e39ebae2b9250fc4d7ad3eb19c81f0f76466e65be5b773193b9f1219a3181692,10549,,,true
P02_BLUE_P_000013,P02,BLUE,P,image_000013.jpg,training/P02/BLUE/P/images/image_000013.jpg,a196f4964b0f393e08bb97982e6b96a99c654b5ed399f92ef8395db2e8cb335e,10922,,,true
P02_BLUE_P_000014,P02,BLUE,P,image_000014.jpg,training/P02/BLUE/P/images/image_000014.jpg,5747e2713202014c19885f2545131c4fd64333d29072643e0fb8f7c372bf3d0d,10649,,,true
P02_BLUE_P_000015,P02,BLUE,P,image_000015.jpg,training/P02/BLUE/P/images/image_000015.jpg,5a706e539ad3e4465f0ff2b9e7a475f04bd6622e99e22d7f1e4f2d43eef0ae75,10765,,,true
P02_BLUE_P_000016,P02,BLUE,P,image_000016.jpg,training/P02/BLUE/P/images/image_000016.jpg,0050e5ddfcb880637902fc3442bb0212c0d4b582a70b666ff9fc633d890ebe4b,11011,,,true
P02_BLUE_P_000017,P02,BLUE,P,image_000017.jpg,training/P02/BLUE/P/images/image_000017.jpg,8a4d8d27fe6a56d358a2bde974cbe13b27c3c957d9a3b4b911baec44acacff22,10559,,,true
P02_BLUE_P_000018,P02,BLUE,P,image_000018.jpg,training/P02/BLUE/P/images/image_000018.jpg,34057f52a8f91b4b9df76bdc1bfa6cee5e4975893b4a788e8aa88969de6b749f,10277,,,true
P02_BLUE_P_000019,P02,BLUE,P,image_000019.jpg,training/P02/BLUE/P/images/image_000019.jpg,408ac1b1aa747f0e94b7f561fd88ac19e2a6a3d2a8c97f44799c1f631caa50a3,10591,,,true
P02_BLUE_P_000020,P02,BLUE,P,image_000020.jpg,training/P02/BLUE/P/images/image_000020.jpg,f8ebf038101c16ba87fcb2ae27547546ea43824a66a8f15405c986931f10a52c,10405,,,true
P02_BLUE_P_000021,P02,BLUE,P,image_000021.jpg,training/P02/BLUE/P/images/image_000021.jpg,1a81d65e95c40482df3b762ddf22ca61180d5f3af5a9189ace46aa6d6b598e1b,10767,,,true
P02_BLUE_P_000022,P02,BLUE,P,image_000022.jpg,training/P02/BLUE/P/images/image_000022.jpg,a249fa906e7748dc6497ec11b1f87572a94a10a84e289c46a64d2874752701f5,10667,,,true
P02_BLUE_P_000023,P02,BLUE,P,image_000023.jpg,training/P02/BLUE/P/images/image_000023.jpg,b0cf9b907c887c93ec49e3a5027f2b89e07ca152986b040800b6d7dc1dc7af59,10609,,,true
P02_BLUE_P_000024,P02,BLUE,P,image_000024.jpg,training/P02/BLUE/P/images/image_000024.jpg,3da6cf5f31f5525f2dea283542d2aeac3d56386b4834e3cb6ab0cf812e05a67a,10503,,,true
P02_BLUE_P_000025,P02,BLUE,P,image_000025.jpg,training/P02/BLUE/P/images/image_000025.jpg,6846383be128fb196d788a98d065f7bc14675ac33c0bef9d8436afe415761f1e,10322,,,true
P02_BLUE_R_000001,P02,BLUE,R,image_000001.jpg,training/P02/BLUE/R/images/image_000001.jpg,cf5c57075a690018e65f1fde5717162e2cfabd9e36545e0826dbed1e23fc9d8a,5286,,,true
P02_BLUE_R_000002,P02,BLUE,R,image_000002.jpg,training/P02/BLUE/R/images/image_000002.jpg,3966de6e89c4a3789edeece72e38a4f65d6c60c0b4481233794044bd92c08295,5780,,,true
P02_BLUE_R_000003,P02,BLUE,R,image_000003.jpg,training/P02/BLUE/R/images/image_000003.jpg,ce72908b74a8892e891a4136cc829281551da58d6bbc6e9acad4fac41a272618,9895,,,true
P02_BLUE_R_000004,P02,BLUE,R,image_000004.jpg,training/P02/BLUE/R/images/image_000004.jpg,59531f0751eb85189852c01c8aec638a62730c1b374e903564a455e606a59c9f,9578,,,true
P02_BLUE_R_000005,P02,BLUE,R,image_000005.jpg,training/P02/BLUE/R/images/image_000005.jpg,8d5d58a1e9d02546480a7e2f65465e4295dcccd8611b5a71c98767eef55db05e,9685,,,true
P02_BLUE_R_000006,P02,BLUE,R,image_000006.jpg,training/P02/BLUE/R/images/image_000006.jpg,5050771ef80b1c87b5a1e3be1922c912aa5b4b50b0e95b9962fc3ec0c8caf38d,9833,,,true
P02_BLUE_R_000007,P02,BLUE,R,image_000007.jpg,training/P02/BLUE/R/images/image_000007.jpg,dfcdab0d32cc66d0aab282ccc5348ecbde21cc88bada9a4f607edf3036841b97,9563,,,true
P02_BLUE_R_000008,P02,BLUE,R,image_000008.jpg,training/P02/BLUE/R/images/image_000008.jpg,16889e6bb4323e37bc9708f7573aa56af9ef47335e423971673e9137d1d12505,9460,,,true
P02_BLUE_R_000009,P02,BLUE,R,image_000009.jpg,training/P02/BLUE/R/images/image_000009.jpg,37dc192565aece3e744958802cd252bbf12fae00c2f619820a370c5c655f48ba,9425,,,true
P02_BLUE_R_000010,P02,BLUE,R,image_000010.jpg,training/P02/BLUE/R/images/image_000010.jpg,bd5113a52f8b9e04ab7690615c12d0dff842260ad416591c235b84835503beb6,10095,,,true
P02_BLUE_R_000011,P02,BLUE,R,image_000011.jpg,training/P02/BLUE/R/images/image_000011.jpg,75e795b331c4dcbafbff5b75a85093c8bf905bf599544fd6e739fba9bbf40f85,9507,,,true
P02_BLUE_R_000012,P02,BLUE,R,image_000012.jpg,training/P02/BLUE/R/images/image_000012.jpg,074aee530b8b98756fe07ed9a4732eb51a9691a3b46c915b69eb75a3c035212e,9162,,,true
P02_BLUE_R_000013,P02,BLUE,R,image_000013.jpg,training/P02/BLUE/R/images/image_000013.jpg,add10f7ae762d1435c3d2e9cc77c43f2bf344ae14e1860b0e123622b0c04720a,9381,,,true
P02_BLUE_R_000014,P02,BLUE,R,image_000014.jpg,training/P02/BLUE/R/images/image_000014.jpg,34ce4cdfac7cd455f7cc93c7abf4e903e19eff2d5866288ff90b2a1580e9eecc,9284,,,true
P02_BLUE_R_000015,P02,BLUE,R,image_000015.jpg,training/P02/BLUE/R/images/image_000015.jpg,7f7777579babe2ee722454bdc565e290ef844e3cc17c06f11faac15b39201564,9162,,,true
P02_BLUE_R_000016,P02,BLUE,R,image_000016.jpg,training/P02/BLUE/R/images/image_000016.jpg,7fb5567b3762993661f6ca85359133372bbe708f6d8987fe1b3f3966701f74de,9281,,,true
P02_BLUE_R_000017,P02,BLUE,R,image_000017.jpg,training/P02/BLUE/R/images/image_000017.jpg,b8471776c7085e6ef3cbb5bcbc7cc9dce939bd336c75eb77d02889fd7b70a5a0,9279,,,true
P02_BLUE_R_000018,P02,BLUE,R,image_000018.jpg,training/P02/BLUE/R/images/image_000018.jpg,0ef412814110ad6293885510c2af7e59741d967465f9eb1a85f1a73b64fc79fc,9453,,,true
P02_BLUE_R_000019,P02,BLUE,R,image_000019.jpg,training/P02/BLUE/R/images/image_000019.jpg,b17a2160c5ea7d8e3a1160c553887beef814940253c07c15564e9def0858823b,9299,,,true
P02_BLUE_R_000020,P02,BLUE,R,image_000020.jpg,training/P02/BLUE/R/images/image_000020.jpg,48f05faebfde4f4b28480921a8655550e59734fa405b3c397a46bf532dc7b405,9071,,,true
P02_BLUE_R_000021,P02,BLUE,R,image_000021.jpg,training/P02/BLUE/R/images/image_000021.jpg,1731cc1eedb671e4f5fd6870a6551e4d201d32b65db569ddaf1f7d1b5751e8eb,9480,,,true
P02_BLUE_R_000022,P02,BLUE,R,image_000022.jpg,training/P02/BLUE/R/images/image_000022.jpg,ec7bc9b7717ede9bef5b54f6f558508b97986df9d6a94c4e539584fdbbb08ac9,9558,,,true
P02_BLUE_R_000023,P02,BLUE,R,image_000023.jpg,training/P02/BLUE/R/images/image_000023.jpg,515e5c03ebc81b5fa1b2cf7e59ea5defdca34a9e6473dd842a6d956e71ade17e,9413,,,true
P02_BLUE_R_000024,P02,BLUE,R,image_000024.jpg,training/P02/BLUE/R/images/image_000024.jpg,8cf17ec0765a99ccffc701336607349c2c60c1e6b872ccaf63d7570cc2c253d8,9665,,,true
P02_BLUE_R_000025,P02,BLUE,R,image_000025.jpg,training/P02/BLUE/R/images/image_000025.jpg,8d2b196840d41125535804a53e2f1d8a211ac2f219d0072130973ec3f768a95e,9673,,,true
P02_BLUE_S_000001,P02,BLUE,S,image_000001.jpg,training/P02/BLUE/S/images/image_000001.jpg,c148c92ed447ce9b272e788b31fa90220e0147103cd4d98c445a2cef58bb9c05,10853,,,true
P02_BLUE_S_000002,P02,BLUE,S,image_000002.jpg,training/P02/BLUE/S/images/image_000002.jpg,2338e427adf2be4884e8f0fe37af7ab8628523397c122bcd7446282b5eb37302,10623,,,true
P02_BLUE_S_000003,P02,BLUE,S,image_000003.jpg,training/P02/BLUE/S/images/image_000003.jpg,dd2e567d5a9ccafdb39ef05484dc5d22bb9c32df9bc1ba5a6558795d3ce2407d,10150,,,true
P02_BLUE_S_000004,P02,BLUE,S,image_000004.jpg,training/P02/BLUE/S/images/image_000004.jpg,b7697ddbd9abf99a4c9bd30e361dedf13c03581d6e4058bceb8d14bfdf8c2258,10568,,,true
P02_BLUE_S_000005,P02,BLUE,S,image_000005.jpg,training/P02/BLUE/S/images/image_000005.jpg,b395e9174e32ec2587869233a9b159b4d7398fe84d4acdd16b81c0f7c6186780,10461,,,true
P02_BLUE_S_000006,P02,BLUE,S,image_000006.jpg,training/P02/BLUE/S/images/image_000006.jpg,1542b83cb1ed0db1a66c956a1febfa20a70a811def4914fb5df61392a1286da8,10623,,,true
P02_BLUE_S_000007,P02,BLUE,S,image_000007.jpg,training/P02/BLUE/S/images/image_000007.jpg,adea6e9cb607ea2a210a291dad5c0af1621a5dda1760a7b01c0dac3cf7901722,10338,,,true
P02_BLUE_S_000008,P02,BLUE,S,image_000008.jpg,training/P02/BLUE/S/images/image_000008.jpg,956dca9c9e0d95d44a82fa65c26147f68397631c9066dc32d58bd35084e11466,10527,,,true
P02_BLUE_S_000009,P02,BLUE,S,image_000009.jpg,training/P02/BLUE/S/images/image_000009.jpg,fa0016b66c7cb5996b0bc99d5b62e47bd73e65fa42c122329621ee635c1eb62f,10093,,,true
P02_BLUE_S_000010,P02,BLUE,S,image_000010.jpg,training/P02/BLUE/S/images/image_000010.jpg,f04850ad75811e1b3ed671b1b7e67fe8e4216f813e8b87542c8774c84df9ddbf,10306,,,true
P02_BLUE_S_000011,P02,BLUE,S,image_000011.jpg,training/P02/BLUE/S/images/image_000011.jpg,0454089437c7778c6d926b92e3018f1dee833e6f375ec18cf51dbab047033e0a,10432,,,true
P02_BLUE_S_000012,P02,BLUE,S,image_000012.jpg,training/P02/BLUE/S/images/image_000012.jpg,5e62c7fbec54c68efa76c7fc95ea83c9e9590e41927341a2784f63b4b932f589,10868,,,true
P02_BLUE_S_000013,P02,BLUE,S,image_000013.jpg,training/P02/BLUE/S/images/image_000013.jpg,0f993448f9b41065f210cb374824819af965428722fb9da6a42de1af06588188,11164,,,true
P02_BLUE_S_000014,P02,BLUE,S,image_000014.jpg,training/P02/BLUE/S/images/image_000014.jpg,cd01c880825a4bc336a41759b9ff680eef9354911e347691026a37209b25341f,10884,,,true
P02_BLUE_S_000015,P02,BLUE,S,image_000015.jpg,training/P02/BLUE/S/images/image_000015.jpg,b9574d605df4d4749b0489cefa7375004284551013bffa05e910f192ac425f7e,10784,,,true
P02_BLUE_S_000016,P02,BLUE,S,image_000016.jpg,training/P02/BLUE/S/images/image_000016.jpg,f466af0d25c98806c0961539c270f2620e548ec346f39cf32acd0bf63f3a2f03,10607,,,true
P02_BLUE_S_000017,P02,BLUE,S,image_000017.jpg,training/P02/BLUE/S/images/image_000017.jpg,204673dabd0bdfe350dbf8ead2da2b42431df4906b4c0584de17dff2f19d785a,10673,,,true
P02_BLUE_S_000018,P02,BLUE,S,image_000018.jpg,training/P02/BLUE/S/images/image_000018.jpg,880a0083b781562be9d17c57fd95e5c3579c98da5c5d53f6defb28297ccb020d,10532,,,true
P02_BLUE_S_000019,P02,BLUE,S,image_000019.jpg,training/P02/BLUE/S/images/image_000019.jpg,3627b0145edc45672e2db84db961d936fdcd940b6827bbfc7a74a18daec327ef,10487,,,true
P02_BLUE_S_000020,P02,BLUE,S,image_000020.jpg,training/P02/BLUE/S/images/image_000020.jpg,b82ebb50a7c01e8ebf7058be33662df379b0374ecb3f7f560ad2e99993f9b97a,10531,,,true
P02_BLUE_S_000021,P02,BLUE,S,image_000021.jpg,training/P02/BLUE/S/images/image_000021.jpg,457bbb9ef2295993935aab0abc36cf5c2a530796534f5d133f7c8e16d729e804,10903,,,true
P02_BLUE_S_000022,P02,BLUE,S,image_000022.jpg,training/P02/BLUE/S/images/image_000022.jpg,39a35ad1a30bf2fdfe9bc229a5ba173d930a4b911f1b54babe4afdfecc56926f,10594,,,true
P02_BLUE_S_000023,P02,BLUE,S,image_000023.jpg,training/P02/BLUE/S/images/image_000023.jpg,f5de981ecd15c5052d0cccb6f3a9c775b18c1ae26c03620b2d7da8bfd6e7f9a4,10836,,,true
P02_BLUE_S_000024,P02,BLUE,S,image_000024.jpg,training/P02/BLUE/S/images/image_000024.jpg,3e964b8c5ad2f5b4655ab1936d84830c71011a2ee1b8606eb76e91c770b69e3d,10867,,,true
P02_BLUE_S_000025,P02,BLUE,S,image_000025.jpg,training/P02/BLUE/S/images/image_000025.jpg,b73a8f8f057121c9b10b06c352bf6407577fd6480628332540e4c62ee0189f7b,10641,,,true
P02_BLUE_T_000001,P02,BLUE,T,image_000001.jpg,training/P02/BLUE/T/images/image_000001.jpg,a3ab30028c8a1d7b50ab84a48d6d2e5815b4edb6aa70a997065c7b20f7b23195,6273,,,true
P02_BLUE_T_000002,P02,BLUE,T,image_000002.jpg,training/P02/BLUE/T/images/image_000002.jpg,b434a19311e323d8a1fa510d3c2fbfe4f12445bd7249bcf251a9f4b5b179b8fe,11373,,,true
P02_BLUE_T_000003,P02,BLUE,T,image_000003.jpg,training/P02/BLUE/T/images/image_000003.jpg,42e7b9d8f0046943f4936ec3aa6e8acf171ff70ca26296a4c29a9d6a35ada9f3,10794,,,true
P02_BLUE_T_000004,P02,BLUE,T,image_000004.jpg,training/P02/BLUE/T/images/image_000004.jpg,f6d39ff5f80afd41eadf0c0cf23b0d0be7a910d33d6cedb9d25946f3bc7646fa,11236,,,true
P02_BLUE_T_000005,P02,BLUE,T,image_000005.jpg,training/P02/BLUE/T/images/image_000005.jpg,efd2b211f8f5b2b24ca66f6abc83c330460d169d3616e1ab50a9d581ac90fd66,11063,,,true
P02_BLUE_T_000006,P02,BLUE,T,image_000006.jpg,training/P02/BLUE/T/images/image_000006.jpg,00a9b023552763d5a7090c307a7931bc707700454f8bf0010f24d75c249b6afe,11014,,,true
P02_BLUE_T_000007,P02,BLUE,T,image_000007.jpg,training/P02/BLUE/T/images/image_000007.jpg,b75a2a194c7869d99e46adb6dc70c5b3d47942520caaafc4fdb8786d7304120c,10987,,,true
P02_BLUE_T_000008,P02,BLUE,T,image_000008.jpg,training/P02/BLUE/T/images/image_000008.jpg,05826bc5ae91907675230321c27cd792c9b899ab0e21d589d9151e28b02e4499,10667,,,true
P02_BLUE_T_000009,P02,BLUE,T,image_000009.jpg,training/P02/BLUE/T/images/image_000009.jpg,813002c69d73c88e9ce1879d7651bdfb1766c7dc687b87fbe39a9bdbf6cb03a9,10457,,,true
P02_BLUE_T_000010,P02,BLUE,T,image_000010.jpg,training/P02/BLUE/T/images/image_000010.jpg,2955a6673ee556794bc07638ef2a6d09fb8929eb9a35dc3357d971264200fddd,10590,,,true
P02_BLUE_T_000011,P02,BLUE,T,image_000011.jpg,training/P02/BLUE/T/images/image_000011.jpg,8e79bc6ba6bd5ed8b2424c9a186de5670b2000c0adbc675dc92f285a2a330271,10756,,,true
P02_BLUE_T_000012,P02,BLUE,T,image_000012.jpg,training/P02/BLUE/T/images/image_000012.jpg,0881d6506f43e5c96342fd2f0f585aa88a53a6da61ee6447efce9547912a576c,10896,,,true
P02_BLUE_T_000013,P02,BLUE,T,image_000013.jpg,training/P02/BLUE/T/images/image_000013.jpg,8794bce03a3f17cb0ad39b1431a81772578d2acfe932a943a8867b63f8d312f6,10838,,,true
P02_BLUE_T_000014,P02,BLUE,T,image_000014.jpg,training/P02/BLUE/T/images/image_000014.jpg,d756a93c566e34ed54e514582bc9d0e48de66e28b7c6d6c40d7a4027eaaffef6,10890,,,true
P02_BLUE_T_000015,P02,BLUE,T,image_000015.jpg,training/P02/BLUE/T/images/image_000015.jpg,daf8a5d666bb65eb50c7ece7a9972b0e3600447a2cd75015a971ef228c183414,10904,,,true
P02_BLUE_T_000016,P02,BLUE,T,image_000016.jpg,training/P02/BLUE/T/images/image_000016.jpg,a9e53646859dd6209aa6a1e73d5c96d71a4a892ac0c91602355d38d0e18a9ee3,10661,,,true
P02_BLUE_T_000017,P02,BLUE,T,image_000017.jpg,training/P02/BLUE/T/images/image_000017.jpg,c435d6f3463e24d9f416dba5b54da0fe1bfb120ce8ebe2b8e2c6303b72901943,10941,,,true
P02_BLUE_T_000018,P02,BLUE,T,image_000018.jpg,training/P02/BLUE/T/images/image_000018.jpg,1bbaf5d9c85272860642ed343314543a180eec3631ae3c35ffc2a8cb89085100,11181,,,true
P02_BLUE_T_000019,P02,BLUE,T,image_000019.jpg,training/P02/BLUE/T/images/image_000019.jpg,193a7ea860ba5669ae4aff777794d1b8c87e8b85c9a7d963018c84b4df4ff433,10758,,,true
P02_BLUE_T_000020,P02,BLUE,T,image_000020.jpg,training/P02/BLUE/T/images/image_000020.jpg,379559c8c145eebc1f7851f1bec823ae3492f201b9bcd630fe37c9277fe23069,10824,,,true
P02_BLUE_T_000021,P02,BLUE,T,image_000021.jpg,training/P02/BLUE/T/images/image_000021.jpg,bdf20eddf10c4a59e94495b76215e63d743ca5fa517a6b9234010c6285189a5d,10671,,,true
P02_BLUE_T_000022,P02,BLUE,T,image_000022.jpg,training/P02/BLUE/T/images/image_000022.jpg,1dd2d4f88c8a7ffb170cd34e0e0fa1d5b429fca5f8dba34223ef709cb7ce4249,10754,,,true
P02_BLUE_T_000023,P02,BLUE,T,image_000023.jpg,training/P02/BLUE/T/images/image_000023.jpg,e2f8a00f1cdc5ee406ca54245f87f97438687fb51c4a4c275f438ed8cad4c854,10445,,,true
P02_BLUE_T_000024,P02,BLUE,T,image_000024.jpg,training/P02/BLUE/T/images/image_000024.jpg,068996c3afdd879f3ca3265317ba549083870c8f66de18a98974a73d93f2c85a,10835,,,true
P02_BLUE_T_000025,P02,BLUE,T,image_000025.jpg,training/P02/BLUE/T/images/image_000025.jpg,cec8643cb5e4e068736982f82f3be7b4531ee6792a6783ba487c8792d1fa6728,11122,,,true
P02_BLUE_U_000001,P02,BLUE,U,image_000001.jpg,training/P02/BLUE/U/images/image_000001.jpg,a8b1a94a9e2f3df01b4546d937bedc4a70d7ef53afa87851e6aae903e81eec8b,10984,,,true
P02_BLUE_U_000002,P02,BLUE,U,image_000002.jpg,training/P02/BLUE/U/images/image_000002.jpg,54e22a6d03eb5809d4271e0b0f9bf968fc337cf4a19fe778b4121fa52e441ac9,10508,,,true
P02_BLUE_U_000003,P02,BLUE,U,image_000003.jpg,training/P02/BLUE/U/images/image_000003.jpg,5e32e6554b398177a5cc8abb6b72f96f79e3736e2d3405b6ef60a5cf757b9b62,10288,,,true
P02_BLUE_U_000004,P02,BLUE,U,image_000004.jpg,training/P02/BLUE/U/images/image_000004.jpg,a1b8548413f668e7e7f36cc3858d6dbb93102d43b8f611afc963a099c120b2f0,10202,,,true
P02_BLUE_U_000005,P02,BLUE,U,image_000005.jpg,training/P02/BLUE/U/images/image_000005.jpg,c2e143b8c774a5ee50598f1730252b961e6ad97472bdbb51a03143c3bfebcf42,10391,,,true
P02_BLUE_U_000006,P02,BLUE,U,image_000006.jpg,training/P02/BLUE/U/images/image_000006.jpg,0b2fe61a2655604c6fcba7df9ceb5dec8854f6f9bfdf6b06106ba6cf77448078,10428,,,true
P02_BLUE_U_000007,P02,BLUE,U,image_000007.jpg,training/P02/BLUE/U/images/image_000007.jpg,c6d053505cde94d01904f4c507ed1f2615f74ab296fc1f8c772ab4a508443678,10304,,,true
P02_BLUE_U_000008,P02,BLUE,U,image_000008.jpg,training/P02/BLUE/U/images/image_000008.jpg,f1a411d71ef06a5743dd2eb49cd23fcee192c8847db9dd997920b21315230d71,10275,,,true
P02_BLUE_U_000009,P02,BLUE,U,image_000009.jpg,training/P02/BLUE/U/images/image_000009.jpg,e51f7f949e1931bb53b1a29be31d547f2b12ed9afedcae0ed43f746d4e71dc44,10601,,,true
P02_BLUE_U_000010,P02,BLUE,U,image_000010.jpg,training/P02/BLUE/U/images/image_000010.jpg,b455450fb0d00c59523a1de9cf3bd58de8d3a960dcab6ee5446bc1278f483a26,10328,,,true
P02_BLUE_U_000011,P02,BLUE,U,image_000011.jpg,training/P02/BLUE/U/images/image_000011.jpg,cb8ec1a890a3645f6735049116c7123f94d8c840bbbbecc1f82cc56ab9369cf2,10519,,,true
P02_BLUE_U_000012,P02,BLUE,U,image_000012.jpg,training/P02/BLUE/U/images/image_000012.jpg,deeca05598899962fd083ea480e34d2138baa1155b4af7c8f6ecaa85ffb28c60,10199,,,true
P02_BLUE_U_000013,P02,BLUE,U,image_000013.jpg,training/P02/BLUE/U/images/image_000013.jpg,188424f6fe6d4f98b06d8db2db6ff206ab41f4344ab83a42c600b34ca4b8cd55,10052,,,true
P02_BLUE_U_000014,P02,BLUE,U,image_000014.jpg,training/P02/BLUE/U/images/image_000014.jpg,448bb23b142acaf9c2209fbb4aa316e051da6119e6af321f06f504c0420dfcc4,10586,,,true
P02_BLUE_U_000015,P02,BLUE,U,image_000015.jpg,training/P02/BLUE/U/images/image_000015.jpg,028354faaedc23b5d3aef357ae18620a8fee48e8768cb83d5af461e287ea0284,10221,,,true
P02_BLUE_U_000016,P02,BLUE,U,image_000016.jpg,training/P02/BLUE/U/images/image_000016.jpg,2ffb6ea954edd3ebfe82d08c65e47648b6e494ca6144e4f2428f4828325673ce,9970,,,true
P02_BLUE_U_000017,P02,BLUE,U,image_000017.jpg,training/P02/BLUE/U/images/image_000017.jpg,26ca4dc41b6944e2cff970f8bb2c4faa06715fe5f572da48f12732ad59ceb0d6,10134,,,true
P02_BLUE_U_000018,P02,BLUE,U,image_000018.jpg,training/P02/BLUE/U/images/image_000018.jpg,55ab220afa4a77d152e211a6747058ce3e739e87fe4788917b87721a9270969e,10102,,,true
P02_BLUE_U_000019,P02,BLUE,U,image_000019.jpg,training/P02/BLUE/U/images/image_000019.jpg,7f4601b6960c1437d45d2b8695528d82a8320efc5ebe7791ff9a0dc091186c77,10371,,,true
P02_BLUE_U_000020,P02,BLUE,U,image_000020.jpg,training/P02/BLUE/U/images/image_000020.jpg,bd24a7560bf0b448e858839e8feaea0b3aef2096e1f457a98f2c55542f634c04,10313,,,true
P02_BLUE_U_000021,P02,BLUE,U,image_000021.jpg,training/P02/BLUE/U/images/image_000021.jpg,21060ef7e60317da5e86fac47b5220503efa12b3019b6b47c1838435403231b3,10624,,,true
P02_BLUE_U_000022,P02,BLUE,U,image_000022.jpg,training/P02/BLUE/U/images/image_000022.jpg,ef8db95bf8681a26dbf633f4d87126f33589ecdc7b4e5a8014369854023a09d9,10494,,,true
P02_BLUE_U_000023,P02,BLUE,U,image_000023.jpg,training/P02/BLUE/U/images/image_000023.jpg,89029aa22e5b20dc43d2653c296304875f4d337b728f7d79f3a93ac674e34d3c,10664,,,true
P02_BLUE_U_000024,P02,BLUE,U,image_000024.jpg,training/P02/BLUE/U/images/image_000024.jpg,90fd23dacd7a9d75841da225966364722763eb1a68d0ff974524c46c414ea294,10120,,,true
P02_BLUE_U_000025,P02,BLUE,U,image_000025.jpg,training/P02/BLUE/U/images/image_000025.jpg,c5f0f7464c670761a2ab1dc78b8607cea042eda4ee838a26f6d33c3586d7594c,10493,,,true
P02_BLUE_V_000001,P02,BLUE,V,image_000001.jpg,training/P02/BLUE/V/images/image_000001.jpg,32ffb4a0a9746bd4632911b7b66dd97d9c25fa1cacdd00c4c9d6d4b68529cc9a,10398,,,true
P02_BLUE_V_000002,P02,BLUE,V,image_000002.jpg,training/P02/BLUE/V/images/image_000002.jpg,8e0a096cf0b541d43d1ea5b57c6e28fd485efb4a5b5c89200211e522dd51e1e5,10501,,,true
P02_BLUE_V_000003,P02,BLUE,V,image_000003.jpg,training/P02/BLUE/V/images/image_000003.jpg,bd4a37d0fc070aabf321bc7c90f536713f36a7e1219c16a9a816b274c97880f9,10878,,,true
P02_BLUE_V_000004,P02,BLUE,V,image_000004.jpg,training/P02/BLUE/V/images/image_000004.jpg,6d19986910bcd2e35995fd7d2d341031dd5eabc36faeb209da9c77ed0ff3f578,10846,,,true
P02_BLUE_V_000005,P02,BLUE,V,image_000005.jpg,training/P02/BLUE/V/images/image_000005.jpg,5e85305f3a02ab11ff6b3f6bfdc9c397411b7ef1d606da3ef122f70f07be5a7d,10858,,,true
P02_BLUE_V_000006,P02,BLUE,V,image_000006.jpg,training/P02/BLUE/V/images/image_000006.jpg,22c412fb79402b551e4a3251f76e1dbbf0f3db1d278c04342d6c02657c03112d,10636,,,true
P02_BLUE_V_000007,P02,BLUE,V,image_000007.jpg,training/P02/BLUE/V/images/image_000007.jpg,dfb624645c74462c55172cf494bbc1d65f653eb68b2140672d96d0858cc7bab8,10546,,,true
P02_BLUE_V_000008,P02,BLUE,V,image_000008.jpg,training/P02/BLUE/V/images/image_000008.jpg,816b4cf55e2989b81d262b6571c116cf54a3d4c296ecaa54cf4280d820841a4b,10425,,,true
P02_BLUE_V_000009,P02,BLUE,V,image_000009.jpg,training/P02/BLUE/V/images/image_000009.jpg,8359009a3b4059cd1018e31b1fa5e020d76bf6d90c0e18e9c56bcf31f5a1b84b,10550,,,true
P02_BLUE_V_000010,P02,BLUE,V,image_000010.jpg,training/P02/BLUE/V/images/image_000010.jpg,8ec2522b3ae1179fe4c7a990bb812d1d524147d12cc6a9368dfb52b0be814af0,10476,,,true
P02_BLUE_V_000011,P02,BLUE,V,image_000011.jpg,training/P02/BLUE/V/images/image_000011.jpg,162b62a1ffa2e7aed643414f735644898055a787337600962099f89fb616c2ac,10249,,,true
P02_BLUE_V_000012,P02,BLUE,V,image_000012.jpg,training/P02/BLUE/V/images/image_000012.jpg,32b6d288c04b2b9c8d1b036f84341fb358ee5121df834b97fa97cb4cd8268b77,10367,,,true
P02_BLUE_V_000013,P02,BLUE,V,image_000013.jpg,training/P02/BLUE/V/images/image_000013.jpg,157d3053c3fcfe7ac0d921cba3f4e0ffed75548c80c8c7eda3eb652d1d2e4f56,10419,,,true
P02_BLUE_V_000014,P02,BLUE,V,image_000014.jpg,training/P02/BLUE/V/images/image_000014.jpg,8c16bff19120f36a13cacecac082883152e289441340b6abcf8f30025f6c1658,10186,,,true
P02_BLUE_V_000015,P02,BLUE,V,image_000015.jpg,training/P02/BLUE/V/images/image_000015.jpg,9e5982d75e9621b1cfb0c593ec8f261a24e88ca69562a34e9a931e9dd8e3f8c5,10532,,,true
P02_BLUE_V_000016,P02,BLUE,V,image_000016.jpg,training/P02/BLUE/V/images/image_000016.jpg,eac0e7b76cb06ed78e7bf61aaee65e440b5ae4ddcdcdbfd116fb6ec3366ef301,10425,,,true
P02_BLUE_V_000017,P02,BLUE,V,image_000017.jpg,training/P02/BLUE/V/images/image_000017.jpg,a5c869851d7bcf46d6cc96a43f82f3b88c25ebc1ef36cfaacd59669231c8d3da,10503,,,true
P02_BLUE_V_000018,P02,BLUE,V,image_000018.jpg,training/P02/BLUE/V/images/image_000018.jpg,d692d5e9239ae847e85b370dc127b7daf6f9cc5399f0a52875da2c7cc15f02f9,10537,,,true
P02_BLUE_V_000019,P02,BLUE,V,image_000019.jpg,training/P02/BLUE/V/images/image_000019.jpg,fe6e733397817fb90718b9a4a821cf8f4042529620937cecd1a43aebf3d0ae38,9728,,,true
P02_BLUE_V_000020,P02,BLUE,V,image_000020.jpg,training/P02/BLUE/V/images/image_000020.jpg,ab711ce71f7464a90b083f445ab1e1effaf286d18c85c96c1e47f7904468b1f0,9989,,,true
P02_BLUE_V_000021,P02,BLUE,V,image_000021.jpg,training/P02/BLUE/V/images/image_000021.jpg,fee2572dc813344cab125f5793731bfb4a84be702d5b815168e1bc4f6cae64f9,10750,,,true
P02_BLUE_V_000022,P02,BLUE,V,image_000022.jpg,training/P02/BLUE/V/images/image_000022.jpg,3ecfdf87a79fd27f4a37fb80ac38fc56e0a738b11fef89b3f9eefb1595de19cf,10478,,,true
P02_BLUE_V_000023,P02,BLUE,V,image_000023.jpg,training/P02/BLUE/V/images/image_000023.jpg,8b6ab6e42e0e899f16090ee410581c94bdad771390323426b85ad882829a4081,10381,,,true
P02_BLUE_V_000024,P02,BLUE,V,image_000024.jpg,training/P02/BLUE/V/images/image_000024.jpg,b53710d6b16c3346416743ca3dd91f2535016e62a37537ec4ebcbc6cb2f2b434,10497,,,true
P02_BLUE_V_000025,P02,BLUE,V,image_000025.jpg,training/P02/BLUE/V/images/image_000025.jpg,f6489e3d1814b5e6a02ed1df911a1691f2895315a6e0494506b1a412e5288675,10737,,,true
P02_BLUE_W_000001,P02,BLUE,W,image_000001.jpg,training/P02/BLUE/W/images/image_000001.jpg,6e78f7605006e60e93fab645a89c1c6a1618dd39c1c3992fbfbeeddc8a3d0d51,10720,,,true
P02_BLUE_W_000002,P02,BLUE,W,image_000002.jpg,training/P02/BLUE/W/images/image_000002.jpg,d0caac74e103ae51ca00d18bcdaa3e0c1322ecbd4893519116c7f4c0641c6da3,10484,,,true
P02_BLUE_W_000003,P02,BLUE,W,image_000003.jpg,training/P02/BLUE/W/images/image_000003.jpg,fb4ba5bc50e59f266108cb137fc3bd3cbc53b957a94c8adefd2548d75a7b9118,10664,,,true
P02_BLUE_W_000004,P02,BLUE,W,image_000004.jpg,training/P02/BLUE/W/images/image_000004.jpg,dd96a6f4235e17d2a0c6733761a0d09f9dbad1e7349a344853766d46ccd9aa98,10622,,,true
P02_BLUE_W_000005,P02,BLUE,W,image_000005.jpg,training/P02/BLUE/W/images/image_000005.jpg,e40f0e2de4f62cce0c49fd21ee074c627c9c18f5d3284ae252d7d5089b210037,9934,,,true
P02_BLUE_W_000006,P02,BLUE,W,image_000006.jpg,training/P02/BLUE/W/images/image_000006.jpg,fbc10a8c0840bec39ee0d912bcb20d99e98982d884478e45f05fbd1a2d6d7c11,10223,,,true
P02_BLUE_W_000007,P02,BLUE,W,image_000007.jpg,training/P02/BLUE/W/images/image_000007.jpg,26291668b51ec1c6f07282b006065fa6ec4ebf6a1c937ebcea713c0a3d38ddaa,10461,,,true
P02_BLUE_W_000008,P02,BLUE,W,image_000008.jpg,training/P02/BLUE/W/images/image_000008.jpg,2e43e6693b2b9558b53287935349fe33a9775bc60a2f0b0a812a22071843ca19,10504,,,true
P02_BLUE_W_000009,P02,BLUE,W,image_000009.jpg,training/P02/BLUE/W/images/image_000009.jpg,8c74b38b0d5a79cbf1f0f54f5a3459161c0e29b7a5ec818e5260c854eaa61a24,10808,,,true
P02_BLUE_W_000010,P02,BLUE,W,image_000010.jpg,training/P02/BLUE/W/images/image_000010.jpg,2c231ba3c1f951b51148e76e1422ab68dc90288bcd057cfed1bf72cb88c9475f,10639,,,true
P02_BLUE_W_000011,P02,BLUE,W,image_000011.jpg,training/P02/BLUE/W/images/image_000011.jpg,bf5b6d09fe166329509bbbc91ccd242ab002fe0aed1cf7acdef8044301a35de5,10438,,,true
P02_BLUE_W_000012,P02,BLUE,W,image_000012.jpg,training/P02/BLUE/W/images/image_000012.jpg,cb2aa6b00709a41ee5a391c581787745ae7dfaadf42230d8bf9d4974102cc071,10184,,,true
P02_BLUE_W_000013,P02,BLUE,W,image_000013.jpg,training/P02/BLUE/W/images/image_000013.jpg,57564f6ece3f89d342e5646231e5cb563c63102cff6ab5a6198a1dd050e2c00a,10414,,,true
P02_BLUE_W_000014,P02,BLUE,W,image_000014.jpg,training/P02/BLUE/W/images/image_000014.jpg,beab20e453a5a13260c49bd39601c599ace9efdc785595f6dc0d4efff8f6163d,9541,,,true
P02_BLUE_W_000015,P02,BLUE,W,image_000015.jpg,training/P02/BLUE/W/images/image_000015.jpg,8a83106c1bbe9a88e4d7f294a1eea0fe56e95a72ff3cda82dc4112dbc43e8643,9245,,,true
P02_BLUE_W_000016,P02,BLUE,W,image_000016.jpg,training/P02/BLUE/W/images/image_000016.jpg,af690c8c5cb07e99fbd7114e1f1d65f5b376d54c1ef7d696c47ff5623fb85c17,9245,,,true
P02_BLUE_W_000017,P02,BLUE,W,image_000017.jpg,training/P02/BLUE/W/images/image_000017.jpg,04b173ec9f98a9d57b2a0b3f9498bdbaff76cae29b2a1563fd29d4ed16285430,9211,,,true
P02_BLUE_W_000018,P02,BLUE,W,image_000018.jpg,training/P02/BLUE/W/images/image_000018.jpg,2568ee6b5a1eb173c33f6a66237cde087baaba29f6589050a9e3cf6845d4024b,9191,,,true
P02_BLUE_W_000019,P02,BLUE,W,image_000019.jpg,training/P02/BLUE/W/images/image_000019.jpg,987bf23efbb6aef17772dc0475b072447ced21af2c074172f0ae2446dc3afa42,9270,,,true
P02_BLUE_W_000020,P02,BLUE,W,image_000020.jpg,training/P02/BLUE/W/images/image_000020.jpg,44446fea3ae895c343d40cb623d48498efd5ae3bf0d081810bc7b78d021d1d62,9252,,,true
P02_BLUE_W_000021,P02,BLUE,W,image_000021.jpg,training/P02/BLUE/W/images/image_000021.jpg,36529a915833a0359ea747e522a9da6961fe13e64f3efa05f8a97a7903918eb9,9558,,,true
P02_BLUE_W_000022,P02,BLUE,W,image_000022.jpg,training/P02/BLUE/W/images/image_000022.jpg,27c0ffe0b0f7235ae0234db7b60790e38a38e12fda898902b26f11a180a57f00,9085,,,true
P02_BLUE_W_000023,P02,BLUE,W,image_000023.jpg,training/P02/BLUE/W/images/image_000023.jpg,15f16e81091077ed074d8bbb3499d744938adec3e48aa284600892d04ec7fa62,9079,,,true
P02_BLUE_W_000024,P02,BLUE,W,image_000024.jpg,training/P02/BLUE/W/images/image_000024.jpg,6dc093fba9d1b12895ce8fd4595cc376223bf886518a8467d61586f1114cd795,9460,,,true
P02_BLUE_W_000025,P02,BLUE,W,image_000025.jpg,training/P02/BLUE/W/images/image_000025.jpg,bc4d1963c7baae15a70ab92b6e4619b4578ffb026f5324a414882a59686c1b71,9476,,,true
P02_BLUE_Y_000001,P02,BLUE,Y,image_000001.jpg,training/P02/BLUE/Y/images/image_000001.jpg,802f3df2a7f4df63e77ebbffc51e92f7a87927602c4610f9952e81827dcb1c00,10666,,,true
P02_BLUE_Y_000002,P02,BLUE,Y,image_000002.jpg,training/P02/BLUE/Y/images/image_000002.jpg,78281529c001b8a87038ee11f06e11bc1c09e216ebd30049a150b9dc00cb2f2c,10616,,,true
P02_BLUE_Y_000003,P02,BLUE,Y,image_000003.jpg,training/P02/BLUE/Y/images/image_000003.jpg,87aa699d342ba13f71bf4e7f5106caa2686f75e0126a806f30f599cded5a0096,10005,,,true
P02_BLUE_Y_000004,P02,BLUE,Y,image_000004.jpg,training/P02/BLUE/Y/images/image_000004.jpg,a49242c2560dfe5cca28442c9c5d52f7db2383f4f72420a258debe19e4d73798,10199,,,true
P02_BLUE_Y_000005,P02,BLUE,Y,image_000005.jpg,training/P02/BLUE/Y/images/image_000005.jpg,c38a5b9d864d4b9c5de26d3429d546039e48bc17762b3643c1dc2cc1083cf8ec,9746,,,true
P02_BLUE_Y_000006,P02,BLUE,Y,image_000006.jpg,training/P02/BLUE/Y/images/image_000006.jpg,62c3506954f81dd75a44a9f497be0a54068ce32bb17b13094e58e98369957301,9985,,,true
P02_BLUE_Y_000007,P02,BLUE,Y,image_000007.jpg,training/P02/BLUE/Y/images/image_000007.jpg,4cfd6478aada8ee9f19cffb5938db810b1a9f5346d221cadb3b1531382ced986,10220,,,true
P02_BLUE_Y_000008,P02,BLUE,Y,image_000008.jpg,training/P02/BLUE/Y/images/image_000008.jpg,19536d9598613589364c27a150a398b0b074b1bef5e940456dd140da75d0de7d,9836,,,true
P02_BLUE_Y_000009,P02,BLUE,Y,image_000009.jpg,training/P02/BLUE/Y/images/image_000009.jpg,1d7736c16929148e7b954fe1b21d1ebd0bcea2eccceb090a30a5bbfa014708e8,10362,,,true
P02_BLUE_Y_000010,P02,BLUE,Y,image_000010.jpg,training/P02/BLUE/Y/images/image_000010.jpg,c216b79b274661c0cc98a26bf120c408605e6f782a08090bc9ae2e055293cd83,10446,,,true
P02_BLUE_Y_000011,P02,BLUE,Y,image_000011.jpg,training/P02/BLUE/Y/images/image_000011.jpg,997922bca43e242f0005c004bfacc604853b34ecf1e6e969c59e3cf70edc4a97,10473,,,true
P02_BLUE_Y_000012,P02,BLUE,Y,image_000012.jpg,training/P02/BLUE/Y/images/image_000012.jpg,50262c4f0a9d6a6342d8c7ac3e3e912af5049dc95a022fe3cb0396495d882c12,10400,,,true
P02_BLUE_Y_000013,P02,BLUE,Y,image_000013.jpg,training/P02/BLUE/Y/images/image_000013.jpg,860ea54539aa1b52a5a3e00bdbeda47edc20df931035b0f1dceecd2b044c8b61,10374,,,true
P02_BLUE_Y_000014,P02,BLUE,Y,image_000014.jpg,training/P02/BLUE/Y/images/image_000014.jpg,219c3370894accbb5a8f2130bef4bf84d0d2926f7cdb55ae2ec5da499df4fb04,10140,,,true
P02_BLUE_Y_000015,P02,BLUE,Y,image_000015.jpg,training/P02/BLUE/Y/images/image_000015.jpg,04955270916bf0ea24f477eff5417dc12b6f5c49efcdb48348f55fe3f0183f86,10576,,,true
P02_BLUE_Y_000016,P02,BLUE,Y,image_000016.jpg,training/P02/BLUE/Y/images/image_000016.jpg,22b88bba1dfed0c349c540aed33ac61b82bc368e08726274056c354e76813ed4,10042,,,true
P02_BLUE_Y_000017,P02,BLUE,Y,image_000017.jpg,training/P02/BLUE/Y/images/image_000017.jpg,f0e170cb9816ec81d2afe8f21f0cc5e1d2b47ff273009f114ab64fed1b338c15,10276,,,true
P02_BLUE_Y_000018,P02,BLUE,Y,image_000018.jpg,training/P02/BLUE/Y/images/image_000018.jpg,51c0c3da1211fe7a1e45b80f8d07a3482f14326e522484b710e162b0e7551789,10526,,,true
P02_BLUE_Y_000019,P02,BLUE,Y,image_000019.jpg,training/P02/BLUE/Y/images/image_000019.jpg,abb63ab0e1ef71d8330d52aaf654e3f97e44d96bf743675479407cbabf7e226a,9961,,,true
P02_BLUE_Y_000020,P02,BLUE,Y,image_000020.jpg,training/P02/BLUE/Y/images/image_000020.jpg,40d72d7206a5c1cef209a16d4186e3dfd6055150694a3d328be1fbce7310af5c,9762,,,true
P02_BLUE_Y_000021,P02,BLUE,Y,image_000021.jpg,training/P02/BLUE/Y/images/image_000021.jpg,3ebf7b7fdbd3233e7cbf7ee1d6d1d15374969bc0953eb52af87c81ce1a61f308,10112,,,true
P02_BLUE_Y_000022,P02,BLUE,Y,image_000022.jpg,training/P02/BLUE/Y/images/image_000022.jpg,473f42b6fb44e192c1b3d91c83da66226f24454bba63ec0e4e5ca03719bb892d,10292,,,true
P02_BLUE_Y_000023,P02,BLUE,Y,image_000023.jpg,training/P02/BLUE/Y/images/image_000023.jpg,79eff35e6346af4cd01959d8eec7081d20f411368a3003826fb41618c0edb9d0,10325,,,true
P02_BLUE_Y_000024,P02,BLUE,Y,image_000024.jpg,training/P02/BLUE/Y/images/image_000024.jpg,0924ff69715478130a4b9e56fcd32f103068be325e660baff9c36fcc719e684f,10197,,,true
P02_BLUE_Y_000025,P02,BLUE,Y,image_000025.jpg,training/P02/BLUE/Y/images/image_000025.jpg,507773beac9c414a81a125d20f11c1e7f7ba0d6d6c37d4d77c2eb2da161d34d2,9903,,,true
P03_BLACK_A_000001,P03,BLACK,A,image_000001.jpg,training/P03/BLACK/A/images/image_000001.jpg,a3512f6c09f03ac1771aea0a42885b12b3bc71f55827f9c7805c4f5c3ea51c14,8633,,,true
P03_BLACK_A_000002,P03,BLACK,A,image_000002.jpg,training/P03/BLACK/A/images/image_000002.jpg,43bbaa0257a12b6742ba214047e6db9e09983dca3f8318e2e44a7a660f4bc658,8870,,,true
P03_BLACK_A_000003,P03,BLACK,A,image_000003.jpg,training/P03/BLACK/A/images/image_000003.jpg,a19fca99b93c89ffd46269752139cefdee7e917c476bd936db89cb7ee4d9f1d2,8932,,,true
P03_BLACK_A_000004,P03,BLACK,A,image_000004.jpg,training/P03/BLACK/A/images/image_000004.jpg,df7d39f96b72382cec50a95125368a52de41ec2316860600f0dd73ad4e614d9c,8717,,,true
P03_BLACK_A_000005,P03,BLACK,A,image_000005.jpg,training/P03/BLACK/A/images/image_000005.jpg,34170ce36e02c83bf6e286bcc5114c5c684e7681d594a4fe5f118f285a11bc5a,8719,,,true
P03_BLACK_A_000006,P03,BLACK,A,image_000006.jpg,training/P03/BLACK/A/images/image_000006.jpg,b782b9f2dc6f254568c9f0c063ae2b54a6b8b1f346736994adc11902ff859242,8859,,,true
P03_BLACK_A_000007,P03,BLACK,A,image_000007.jpg,training/P03/BLACK/A/images/image_000007.jpg,23ce134edb8a310e8f11b3eefa039b1404b56b10decb9ac00d40548cd9b8743d,8750,,,true
P03_BLACK_A_000008,P03,BLACK,A,image_000008.jpg,training/P03/BLACK/A/images/image_000008.jpg,b012f6c9219b59068ff405d4c345c6a76d822245be402c5d0f1292570af65d92,9046,,,true
P03_BLACK_A_000009,P03,BLACK,A,image_000009.jpg,training/P03/BLACK/A/images/image_000009.jpg,94000369b0c44fcb4d448a15c6595076749d19e9159a9ef45daf307790974ebe,8949,,,true
P03_BLACK_A_000010,P03,BLACK,A,image_000010.jpg,training/P03/BLACK/A/images/image_000010.jpg,1a6f3fe27bc7af3b57a7cc085cfa75d2e790d8346d9d5b4fe6dad051b9dabec9,8936,,,true
P03_BLACK_A_000011,P03,BLACK,A,image_000011.jpg,training/P03/BLACK/A/images/image_000011.jpg,399dbc66087a89733426d7cc748c019dc7bd245eb11ddf8e3c357d1cea24af86,8941,,,true
P03_BLACK_A_000012,P03,BLACK,A,image_000012.jpg,training/P03/BLACK/A/images/image_000012.jpg,464370a8ba8d8efe760c21d2467c0fe36ec45913513bd45006a5fa590544ebaf,9045,,,true
P03_BLACK_A_000013,P03,BLACK,A,image_000013.jpg,training/P03/BLACK/A/images/image_000013.jpg,a2262062e3cfb832316ea9dda8f697adffe373b7260cc0d01f22839e87bdd409,8305,,,true
P03_BLACK_A_000014,P03,BLACK,A,image_000014.jpg,training/P03/BLACK/A/images/image_000014.jpg,010c5e3ccedbd9617fa117c2edca45a2032f05565cd9b6778cd10f08ce26962f,8353,,,true
P03_BLACK_A_000015,P03,BLACK,A,image_000015.jpg,training/P03/BLACK/A/images/image_000015.jpg,5c200a6bf08894f3dddad84b546b52810532f82c5f3a61b179e023f686b86cca,8779,,,true
P03_BLACK_A_000016,P03,BLACK,A,image_000016.jpg,training/P03/BLACK/A/images/image_000016.jpg,5a5c58346736b5066de5ace57d314ccc515aaa32e93f9e2e7e939ffe2ad74456,8534,,,true
P03_BLACK_A_000017,P03,BLACK,A,image_000017.jpg,training/P03/BLACK/A/images/image_000017.jpg,4ff086b607dfde80b81b883317a84c31564430dc8e02bc8219296cd2510ee889,8564,,,true
P03_BLACK_A_000018,P03,BLACK,A,image_000018.jpg,training/P03/BLACK/A/images/image_000018.jpg,0d79d5b17324238aad3a7dfd2ce55c10280201f034cd9bbaf3c1cc05c5f5db79,8779,,,true
P03_BLACK_A_000019,P03,BLACK,A,image_000019.jpg,training/P03/BLACK/A/images/image_000019.jpg,4e9f9dd0960224047804ad43a03d738413f93644b3cb70cbb4cd75a33f9477b0,8467,,,true
P03_BLACK_A_000020,P03,BLACK,A,image_000020.jpg,training/P03/BLACK/A/images/image_000020.jpg,e8a15942208038be663f21e4050713c5c98865faf62be4b343d1398f13d8ea0b,8493,,,true
P03_BLACK_A_000021,P03,BLACK,A,image_000021.jpg,training/P03/BLACK/A/images/image_000021.jpg,0be522aafdb86fe0e32c91b3543f3bf648741ef7724a67fa74012ed7d148eea7,8570,,,true
P03_BLACK_A_000022,P03,BLACK,A,image_000022.jpg,training/P03/BLACK/A/images/image_000022.jpg,4205fde5b04ccf9bdc47c146fca9e01dba533f7c83b6d1b5378563b703a4bf1e,8625,,,true
P03_BLACK_A_000023,P03,BLACK,A,image_000023.jpg,training/P03/BLACK/A/images/image_000023.jpg,c1eca71346a32951d340d84dd20a16ae32814dde49afe9695d076270d1d3473d,9267,,,true
P03_BLACK_A_000024,P03,BLACK,A,image_000024.jpg,training/P03/BLACK/A/images/image_000024.jpg,cc61f7feb5cf0ce0f846e0e12204c31f7ace77f429746ba5bc33ec7dbc647bc7,8685,,,true
P03_BLACK_A_000025,P03,BLACK,A,image_000025.jpg,training/P03/BLACK/A/images/image_000025.jpg,7466fed78cb430dc2a8e584ade1bb6c43650a3bfe76b3b258fbd4106d26ef665,8443,,,true
P03_BLACK_B_000001,P03,BLACK,B,image_000001.jpg,training/P03/BLACK/B/images/image_000001.jpg,f826a5d09aa8877630e0d4f7c846ddf75b351d0739906ef1e90fc98f8729c723,8842,,,true
P03_BLACK_B_000002,P03,BLACK,B,image_000002.jpg,training/P03/BLACK/B/images/image_000002.jpg,e1cbac904116033a7726f0f0de9a6a6b4031373311c529dd6632e4d7bdc358be,9091,,,true
P03_BLACK_B_000003,P03,BLACK,B,image_000003.jpg,training/P03/BLACK/B/images/image_000003.jpg,89841fcf608c7df761c03269f8ac5e304fbae2602d5bb010c8fe731ff7377712,8819,,,true
P03_BLACK_B_000004,P03,BLACK,B,image_000004.jpg,training/P03/BLACK/B/images/image_000004.jpg,77d8e0b7343b559ea43c542128a0931e3a5bdb0eb15420946f191001330d0ef6,8999,,,true
P03_BLACK_B_000005,P03,BLACK,B,image_000005.jpg,training/P03/BLACK/B/images/image_000005.jpg,5efe5c9efd42ed446d40c2049a8250234a0bb681ba2ccb5550d8a0ee54d2988e,8925,,,true
P03_BLACK_B_000006,P03,BLACK,B,image_000006.jpg,training/P03/BLACK/B/images/image_000006.jpg,e439c95fc9fd3f0e2b81fe07c9431e5a96583ad43e75b8c8e7adb3fd41e5e926,8595,,,true
P03_BLACK_B_000007,P03,BLACK,B,image_000007.jpg,training/P03/BLACK/B/images/image_000007.jpg,f96273f37dfca152ffbd927eee0e912475012182448c0d3c6e956f876aca8b76,8529,,,true
P03_BLACK_B_000008,P03,BLACK,B,image_000008.jpg,training/P03/BLACK/B/images/image_000008.jpg,adf16851191e758f24d5edd9f227b93cf9c83971e6945356bc5731447277d5e5,8605,,,true
P03_BLACK_B_000009,P03,BLACK,B,image_000009.jpg,training/P03/BLACK/B/images/image_000009.jpg,61fccc312bf59220914a2d213470dc5a83ef7460fd8ed7da3be419a1b0b6d62e,8855,,,true
P03_BLACK_B_000010,P03,BLACK,B,image_000010.jpg,training/P03/BLACK/B/images/image_000010.jpg,de56ad5c4f5e9f9a55feb1cb53015338706ab7db9065dbf8d40476ad676a8f51,9007,,,true
P03_BLACK_B_000011,P03,BLACK,B,image_000011.jpg,training/P03/BLACK/B/images/image_000011.jpg,553effaf817a2c6a19afaaf6490503c0522f50d32ebf828310b84a1afb124b36,8959,,,true
P03_BLACK_B_000012,P03,BLACK,B,image_000012.jpg,training/P03/BLACK/B/images/image_000012.jpg,b91d36c5b3a14f748b48cf8ffc661f6738a553845094091b77a0c9cda28835cc,8786,,,true
P03_BLACK_B_000013,P03,BLACK,B,image_000013.jpg,training/P03/BLACK/B/images/image_000013.jpg,1090ed134281509f204fc0068e1ea670292385529c12d146e370097e5f09ddb8,8643,,,true
P03_BLACK_B_000014,P03,BLACK,B,image_000014.jpg,training/P03/BLACK/B/images/image_000014.jpg,8ceb9c9a8b7f90f8dca6eae1987820ac9fac83b6e7680abbaee4c2b11a704eac,9264,,,true
P03_BLACK_B_000015,P03,BLACK,B,image_000015.jpg,training/P03/BLACK/B/images/image_000015.jpg,8b20037c1a5408518c4598f76befbbcf162696329a3123760f4ca1c0640b4c9d,8551,,,true
P03_BLACK_B_000016,P03,BLACK,B,image_000016.jpg,training/P03/BLACK/B/images/image_000016.jpg,ea05bfffeae625c34a3c7f5159233f00954b37f80f1b59ee9dda5bf220c7d1a9,8220,,,true
P03_BLACK_B_000017,P03,BLACK,B,image_000017.jpg,training/P03/BLACK/B/images/image_000017.jpg,5f451c336e28714a0e32472ce1bb3d4ee6efb21809d1b5bc129a3e97639207e8,8780,,,true
P03_BLACK_B_000018,P03,BLACK,B,image_000018.jpg,training/P03/BLACK/B/images/image_000018.jpg,2725b055683e5bb586c08be18df3554188d7704f1130f6064e01ca75e85d421a,8782,,,true
P03_BLACK_B_000019,P03,BLACK,B,image_000019.jpg,training/P03/BLACK/B/images/image_000019.jpg,f2f7316729f1737ef5425c8207e87aaf600181430bd5d648f574c73669de5fbf,9069,,,true
P03_BLACK_B_000020,P03,BLACK,B,image_000020.jpg,training/P03/BLACK/B/images/image_000020.jpg,d8e41274f0b72205ca47d5e7d5e882e99217eecbf5c1fc27303400b6baec114d,8978,,,true
P03_BLACK_B_000021,P03,BLACK,B,image_000021.jpg,training/P03/BLACK/B/images/image_000021.jpg,04ef2395ced44f9b536285c10310b164492be281b63ea78ff9add3a1424d25d5,9125,,,true
P03_BLACK_B_000022,P03,BLACK,B,image_000022.jpg,training/P03/BLACK/B/images/image_000022.jpg,8e797167cc9fa6f5790412e0e6179c4947697c17a41b6275bb4e8327942c3360,8797,,,true
P03_BLACK_B_000023,P03,BLACK,B,image_000023.jpg,training/P03/BLACK/B/images/image_000023.jpg,137effd9ad2805cda6591e43933582562b8745170219e9c858784668d8e289d0,8751,,,true
P03_BLACK_B_000024,P03,BLACK,B,image_000024.jpg,training/P03/BLACK/B/images/image_000024.jpg,3face8dcfcd2dc71073f6e36e624c0d3d8925cb9977962969832c124e3f0da23,8483,,,true
P03_BLACK_B_000025,P03,BLACK,B,image_000025.jpg,training/P03/BLACK/B/images/image_000025.jpg,216347344fd1bc7a5d09304b22b85c3da5840f566b3743cbb81381e1719dd040,8330,,,true
P03_BLACK_C_000001,P03,BLACK,C,image_000001.jpg,training/P03/BLACK/C/images/image_000001.jpg,1cddbc4903ae388ddd6376fbbe06f53246361f72c556540493a7f8aa1bd482ef,9094,,,true
P03_BLACK_C_000002,P03,BLACK,C,image_000002.jpg,training/P03/BLACK/C/images/image_000002.jpg,828b3ee037911e380864cee056bf8d1c114e2b01178e9d71963a98e384ae837e,9121,,,true
P03_BLACK_C_000003,P03,BLACK,C,image_000003.jpg,training/P03/BLACK/C/images/image_000003.jpg,a5e9b0bc394859484d9b608ba14b283a110f3c65bc9ec4df5a86655bcce4be8d,9320,,,true
P03_BLACK_C_000004,P03,BLACK,C,image_000004.jpg,training/P03/BLACK/C/images/image_000004.jpg,c29e2fefa0738c05725f80b485433906dc658435e80960eb69bccbd889e3b7c3,9201,,,true
P03_BLACK_C_000005,P03,BLACK,C,image_000005.jpg,training/P03/BLACK/C/images/image_000005.jpg,99f328955ff61fb9a2ab2b1c0e9990037a4875cf4fd3a9f79035b72715f72deb,9360,,,true
P03_BLACK_C_000006,P03,BLACK,C,image_000006.jpg,training/P03/BLACK/C/images/image_000006.jpg,ae90c82a53383e214b323b41adcf83383f2793908a12e44ead8a724ccbd86fb7,9063,,,true
P03_BLACK_C_000007,P03,BLACK,C,image_000007.jpg,training/P03/BLACK/C/images/image_000007.jpg,1c6fb5442768b8ae895d48a1b8935aa05f70943d5926615e2c039fa0308b3c48,9126,,,true
P03_BLACK_C_000008,P03,BLACK,C,image_000008.jpg,training/P03/BLACK/C/images/image_000008.jpg,43b9adf0114bb75b2cf07a44fe237c6c5a290ccca21989b0229fc46fb85a8d6f,8837,,,true
P03_BLACK_C_000009,P03,BLACK,C,image_000009.jpg,training/P03/BLACK/C/images/image_000009.jpg,6efb0367ea8e5990687468e94f0b65c465fc74d291c6f2c5e160fa15b7f40124,8944,,,true
P03_BLACK_C_000010,P03,BLACK,C,image_000010.jpg,training/P03/BLACK/C/images/image_000010.jpg,2fe25cce4af0cda166b74207bc4af43bb6cb737bd6a88b04f2c2fd1b8f88b97d,9099,,,true
P03_BLACK_C_000011,P03,BLACK,C,image_000011.jpg,training/P03/BLACK/C/images/image_000011.jpg,8b1a0812c040a9c1014033afbb3f5d3b4ceaa6779755809289fe771d238714d6,8817,,,true
P03_BLACK_C_000012,P03,BLACK,C,image_000012.jpg,training/P03/BLACK/C/images/image_000012.jpg,47c54dfd8f43f6b0e222fa52a4832273605b1d195ea494dcf5af61713a83bef7,8663,,,true
P03_BLACK_C_000013,P03,BLACK,C,image_000013.jpg,training/P03/BLACK/C/images/image_000013.jpg,cd723a3fed8a76dc044b9be2122ff00c5372f95a44cfb2e50387f2266f69503d,8925,,,true
P03_BLACK_C_000014,P03,BLACK,C,image_000014.jpg,training/P03/BLACK/C/images/image_000014.jpg,ed881efc09823198a98bf4dd7427f80e08f46c6cd5d487295151a62904159202,8826,,,true
P03_BLACK_C_000015,P03,BLACK,C,image_000015.jpg,training/P03/BLACK/C/images/image_000015.jpg,f42539646908a5c48c92af8ec9c29215a530003e521bbcb549f9eeed8092d289,8750,,,true
P03_BLACK_C_000016,P03,BLACK,C,image_000016.jpg,training/P03/BLACK/C/images/image_000016.jpg,df1883495651ef7987fa668297cc7704e9e97be18a2d2f72f539168ea4b8a7bd,8931,,,true
P03_BLACK_C_000017,P03,BLACK,C,image_000017.jpg,training/P03/BLACK/C/images/image_000017.jpg,f2cb0130afce74776e474daed7aae56ecf0dea918448a7f840e99f271a061590,8726,,,true
P03_BLACK_C_000018,P03,BLACK,C,image_000018.jpg,training/P03/BLACK/C/images/image_000018.jpg,d48f4f863f4a647696acf67cfb0b98e9476859b7f99cb12b4acf6e470f3e09e1,8899,,,true
P03_BLACK_C_000019,P03,BLACK,C,image_000019.jpg,training/P03/BLACK/C/images/image_000019.jpg,8f4f2b58de789a160cb75c310343face970e3b77ad23f21f8dfb9fb7c9a88acb,8911,,,true
P03_BLACK_C_000020,P03,BLACK,C,image_000020.jpg,training/P03/BLACK/C/images/image_000020.jpg,90a7562d4c25076217e10a201d5bb4b95a676a66d8ebe6c5d5fbdc14328ac11c,9043,,,true
P03_BLACK_C_000021,P03,BLACK,C,image_000021.jpg,training/P03/BLACK/C/images/image_000021.jpg,7699c59dc1ead88cd77e1a16f81574f849ff57dec5618ddc897aaffdd38b6713,8734,,,true
P03_BLACK_C_000022,P03,BLACK,C,image_000022.jpg,training/P03/BLACK/C/images/image_000022.jpg,d49644ee7f35391947442ffe33d163153ccfd1e11ffc1306105f026167a1737e,8646,,,true
P03_BLACK_C_000023,P03,BLACK,C,image_000023.jpg,training/P03/BLACK/C/images/image_000023.jpg,2c7ce8511d9dd17239db0a88232987b712b4a18030a4faebcb87c440652e5917,8863,,,true
P03_BLACK_C_000024,P03,BLACK,C,image_000024.jpg,training/P03/BLACK/C/images/image_000024.jpg,26223ee822d2282f50fb44898587d21f22290e50259dfb3bb804d19e84d4c09e,8789,,,true
P03_BLACK_C_000025,P03,BLACK,C,image_000025.jpg,training/P03/BLACK/C/images/image_000025.jpg,f5dde9b83a577cb2a0b24a556d19d9a769c1f1f3feeb78b2c0195174db1cfddb,8624,,,true
P03_BLACK_E_000001,P03,BLACK,E,image_000001.jpg,training/P03/BLACK/E/images/image_000001.jpg,46ccc6e6850ed2ea6ac40f2cf437c97e0837a967f7ae7a3064185bd3109b7b60,9103,,,true
P03_BLACK_E_000002,P03,BLACK,E,image_000002.jpg,training/P03/BLACK/E/images/image_000002.jpg,a2b370f9a85488eccfd90d5dc575f0c03a8a648340db7f1f8d82c3594707b1f4,8929,,,true
P03_BLACK_E_000003,P03,BLACK,E,image_000003.jpg,training/P03/BLACK/E/images/image_000003.jpg,9098dcfc9412a13173aaffd1ca632d8e6329d7b51c277c75516432c33c00f11a,8490,,,true
P03_BLACK_E_000004,P03,BLACK,E,image_000004.jpg,training/P03/BLACK/E/images/image_000004.jpg,39d7648b9554904b79bf4f51c4f7ba97ac41769602564746bd2d02a422a02abd,8641,,,true
P03_BLACK_E_000005,P03,BLACK,E,image_000005.jpg,training/P03/BLACK/E/images/image_000005.jpg,0929c357ccac1c90062616ba425443c72c57cbfac0f73d3f2685d606c6347ee9,8915,,,true
P03_BLACK_E_000006,P03,BLACK,E,image_000006.jpg,training/P03/BLACK/E/images/image_000006.jpg,ec25eaed3974f88191e28c507e0d88fe993e289a3aa0dabd43d7c9c8b719289d,8690,,,true
P03_BLACK_E_000007,P03,BLACK,E,image_000007.jpg,training/P03/BLACK/E/images/image_000007.jpg,ee57914508c887f1b3688bc1140247f4e651ec85bccd1fc82c1f337c16393b9b,8718,,,true
P03_BLACK_E_000008,P03,BLACK,E,image_000008.jpg,training/P03/BLACK/E/images/image_000008.jpg,a107217aed9506924bac342e16466bf0cb18bb1720038cba4afc6598b1f90241,8641,,,true
P03_BLACK_E_000009,P03,BLACK,E,image_000009.jpg,training/P03/BLACK/E/images/image_000009.jpg,a9233e8614967da47c78122a5ceaf1f31c4407503ef3e526a27261bd394d4351,8581,,,true
P03_BLACK_E_000010,P03,BLACK,E,image_000010.jpg,training/P03/BLACK/E/images/image_000010.jpg,3d10165521750eb2147e8f7d50a571a445e04b659e86fb587e7b6340148b4df5,8613,,,true
P03_BLACK_E_000011,P03,BLACK,E,image_000011.jpg,training/P03/BLACK/E/images/image_000011.jpg,dc140bc350ac3cb90931fd4303dcd6a6eb095ab58ed4f2c95fa3d70403053769,9405,,,true
P03_BLACK_E_000012,P03,BLACK,E,image_000012.jpg,training/P03/BLACK/E/images/image_000012.jpg,6aacbe24ed374e6b745501b8711b25c5ed63a832fd4acea8675e2e8621b085bc,9169,,,true
P03_BLACK_E_000013,P03,BLACK,E,image_000013.jpg,training/P03/BLACK/E/images/image_000013.jpg,129898b9b6704fa21bf0bd3b812dbda4a386b2c4f3d0921da060a2e2db5466c5,8986,,,true
P03_BLACK_E_000014,P03,BLACK,E,image_000014.jpg,training/P03/BLACK/E/images/image_000014.jpg,89ac7ac6e96b756e930c4a85608ad1b318400aa6b50070ac31763a28b97ceda3,8755,,,true
P03_BLACK_E_000015,P03,BLACK,E,image_000015.jpg,training/P03/BLACK/E/images/image_000015.jpg,79e0530dfa94ad7e4852dda3a0b285e46ebacfff2aae55c74aaf1e24b2965c70,8910,,,true
P03_BLACK_E_000016,P03,BLACK,E,image_000016.jpg,training/P03/BLACK/E/images/image_000016.jpg,0d7ddb1208486348c81be9d584f30c9ecbac2c280a73763f815b0c538f3dfc88,8745,,,true
P03_BLACK_E_000017,P03,BLACK,E,image_000017.jpg,training/P03/BLACK/E/images/image_000017.jpg,4bbc04c1f9592f9e35899e4b790f6a090c74a37f96839db8dfa0da2597954436,8928,,,true
P03_BLACK_E_000018,P03,BLACK,E,image_000018.jpg,training/P03/BLACK/E/images/image_000018.jpg,a9cf942b44658c3e2285ff2174a5c8dd97c565d123d71b3bb595690ae82cea01,8695,,,true
P03_BLACK_E_000019,P03,BLACK,E,image_000019.jpg,training/P03/BLACK/E/images/image_000019.jpg,5fcf136620c27807b2d492a034fe4c347bae9b9c6ddcb34bbd58eef7c71969dd,8535,,,true
P03_BLACK_E_000020,P03,BLACK,E,image_000020.jpg,training/P03/BLACK/E/images/image_000020.jpg,126f585db73ee422e335d52be87f000d4a3ac2561c133972422d68935ecc8f90,8929,,,true
P03_BLACK_E_000021,P03,BLACK,E,image_000021.jpg,training/P03/BLACK/E/images/image_000021.jpg,a8a6ac706c9f7cf73838d683e81cd48efefd70e5a6f35fb161caddc34869929e,8501,,,true
P03_BLACK_E_000022,P03,BLACK,E,image_000022.jpg,training/P03/BLACK/E/images/image_000022.jpg,3183b081bf15a6542e51f091f2f39bdde945ffdedf4f31be834f04001fb202f0,9607,,,true
P03_BLACK_E_000023,P03,BLACK,E,image_000023.jpg,training/P03/BLACK/E/images/image_000023.jpg,b92b12bc46411cbe3d6bb6498ccf40990f63785f34cf04bb06c048292c15578d,9587,,,true
P03_BLACK_E_000024,P03,BLACK,E,image_000024.jpg,training/P03/BLACK/E/images/image_000024.jpg,e6942383a0875b2436b73a42ab8483c4220a2a6620fe880ced167277976d6bb6,8666,,,true
P03_BLACK_E_000025,P03,BLACK,E,image_000025.jpg,training/P03/BLACK/E/images/image_000025.jpg,a91a29fd707d83db898c8bd0f3bef46a1239b764a9c12105db4037dfa8ae8758,8559,,,true
P03_BLACK_I_000001,P03,BLACK,I,image_000001.jpg,training/P03/BLACK/I/images/image_000001.jpg,a476aa084ce2ac4edda81254c6b0e8c03a37a6164cef8fb3d534b8cbdc004411,9839,,,true
P03_BLACK_I_000002,P03,BLACK,I,image_000002.jpg,training/P03/BLACK/I/images/image_000002.jpg,41e8396233c03f996144be2dfd2f63e6e523472edd9b7470504f25fd964a8336,8815,,,true
P03_BLACK_I_000003,P03,BLACK,I,image_000003.jpg,training/P03/BLACK/I/images/image_000003.jpg,e632945359c507dde12fbeef9b345953754ec41dd480a2225b16998cb4be50b2,8678,,,true
P03_BLACK_I_000004,P03,BLACK,I,image_000004.jpg,training/P03/BLACK/I/images/image_000004.jpg,051485693eb4e6e377dda871f2e57b8c07e350555672f0939c70e7177f043f2c,8818,,,true
P03_BLACK_I_000005,P03,BLACK,I,image_000005.jpg,training/P03/BLACK/I/images/image_000005.jpg,a4f677dba9ca56988b63566af261cc54534de7aface6701dbd164a60ea804fe0,9240,,,true
P03_BLACK_I_000006,P03,BLACK,I,image_000006.jpg,training/P03/BLACK/I/images/image_000006.jpg,06502bb6beeff0025e5cebb3fce2c57cdac866752eba55aa3144c2b852c70bb2,9209,,,true
P03_BLACK_I_000007,P03,BLACK,I,image_000007.jpg,training/P03/BLACK/I/images/image_000007.jpg,0f7e10598dd8f92d935374bb3e5b57f011b46c862640cb06ce58cf7c94b369cd,8978,,,true
P03_BLACK_I_000008,P03,BLACK,I,image_000008.jpg,training/P03/BLACK/I/images/image_000008.jpg,812526957a8b9d8c9203c0ab8d3b1c2d443853e40221ce6e48fd1fb914e2ea1c,8767,,,true
P03_BLACK_I_000009,P03,BLACK,I,image_000009.jpg,training/P03/BLACK/I/images/image_000009.jpg,06c886a01b8068b68defb8ae154a2511d4583d3636b1f5350131b79d98965184,8767,,,true
P03_BLACK_I_000010,P03,BLACK,I,image_000010.jpg,training/P03/BLACK/I/images/image_000010.jpg,825ba11ee17d17ac257ad554752c2b13fe8fcdaf71c8c0c738d8eaae27e9c9a2,8825,,,true
P03_BLACK_I_000011,P03,BLACK,I,image_000011.jpg,training/P03/BLACK/I/images/image_000011.jpg,07cbd4707f25d8177a21a5662fd9acbe56306c781cad1cfe7823fead8ae737a9,8685,,,true
P03_BLACK_I_000012,P03,BLACK,I,image_000012.jpg,training/P03/BLACK/I/images/image_000012.jpg,f9c5087a655c0d9af529621dee82b71a534c86a737ce15fd00748d3e20f60162,8646,,,true
P03_BLACK_I_000013,P03,BLACK,I,image_000013.jpg,training/P03/BLACK/I/images/image_000013.jpg,0228cd01ee29a5551be5c6d52343b6b0411e46329930d3fdf66a88d46cb0782a,8668,,,true
P03_BLACK_I_000014,P03,BLACK,I,image_000014.jpg,training/P03/BLACK/I/images/image_000014.jpg,f80fca158143e494ab97d065c64eed9610720afd398192fef54b9413ba97e31a,8438,,,true
P03_BLACK_I_000015,P03,BLACK,I,image_000015.jpg,training/P03/BLACK/I/images/image_000015.jpg,509afaed27f0514ba099865df11eddce2130c2b97857fdb218f7ddce709c9a03,8367,,,true
P03_BLACK_I_000016,P03,BLACK,I,image_000016.jpg,training/P03/BLACK/I/images/image_000016.jpg,9da192123af8bbab0b3f44266775062de435f5c7acbe42f131afbda0ba076bea,8619,,,true
P03_BLACK_I_000017,P03,BLACK,I,image_000017.jpg,training/P03/BLACK/I/images/image_000017.jpg,7c280845b049b13ca702a075f1e97340b4f41bdd29f49a377cfe6f26e501495a,8872,,,true
P03_BLACK_I_000018,P03,BLACK,I,image_000018.jpg,training/P03/BLACK/I/images/image_000018.jpg,38a53c686e60c69a9dc2123c92bcc9a25ae5c31edf7e8bf0dcd4cc4d0fbf15a9,8810,,,true
P03_BLACK_I_000019,P03,BLACK,I,image_000019.jpg,training/P03/BLACK/I/images/image_000019.jpg,2be8b1c633be5a5e8132a249be4bf9d37fafed4982cd6052231e0a75f7349d4a,8891,,,true
P03_BLACK_I_000020,P03,BLACK,I,image_000020.jpg,training/P03/BLACK/I/images/image_000020.jpg,085897442e54c64af959447b2302350c49c5459c3ecc2c8155bf517d291b9e48,9121,,,true
P03_BLACK_I_000021,P03,BLACK,I,image_000021.jpg,training/P03/BLACK/I/images/image_000021.jpg,d30c349060288d01fcddc9e4c87c553e42d2cce68699b4bba1e9a5b98a43eec7,8912,,,true
P03_BLACK_I_000022,P03,BLACK,I,image_000022.jpg,training/P03/BLACK/I/images/image_000022.jpg,c4f4cf10669d25b35fd9deaa6520ccb404b5fefdfc49549524aa11d2e0ec4fe9,8826,,,true
P03_BLACK_I_000023,P03,BLACK,I,image_000023.jpg,training/P03/BLACK/I/images/image_000023.jpg,1495bb4fbf59c59881c00a28379a1ce7a2970d1b4362d26820e3df5727eb626f,9254,,,true
P03_BLACK_I_000024,P03,BLACK,I,image_000024.jpg,training/P03/BLACK/I/images/image_000024.jpg,d7bdcff16e39f95ef6eb70ad9b763be979611514848242e4766af4b0ee9712ec,8788,,,true
P03_BLACK_I_000025,P03,BLACK,I,image_000025.jpg,training/P03/BLACK/I/images/image_000025.jpg,2a3ce6573c61df4fc74924d4a629464a498fa0e1894a74a1a49dccf2cc056aa6,8448,,,true
P03_BLACK_L_000001,P03,BLACK,L,image_000001.jpg,training/P03/BLACK/L/images/image_000001.jpg,7a2509be959046eb8138e2cb0d68573e92664b70bd886e9112cf4db30d98e413,8744,,,true
P03_BLACK_L_000002,P03,BLACK,L,image_000002.jpg,training/P03/BLACK/L/images/image_000002.jpg,a980957cf6f2b1ccc081c29dac15f077bd83dd49c0bf95538472f15d8aa78546,8965,,,true
P03_BLACK_L_000003,P03,BLACK,L,image_000003.jpg,training/P03/BLACK/L/images/image_000003.jpg,511bbea4add30026df3ba6ff740f90e5936907c8d6987a83c3b984ddd92f1bbd,8958,,,true
P03_BLACK_L_000004,P03,BLACK,L,image_000004.jpg,training/P03/BLACK/L/images/image_000004.jpg,9aab09e0772d4ea028844b657b651d4627aee73e3f0d7b9286a5971177e9686a,8960,,,true
P03_BLACK_L_000005,P03,BLACK,L,image_000005.jpg,training/P03/BLACK/L/images/image_000005.jpg,bcc82d91ffab5579c88593b4ad8e14dfa69a07fd005fa42dbdc508705de309b4,9044,,,true
P03_BLACK_L_000006,P03,BLACK,L,image_000006.jpg,training/P03/BLACK/L/images/image_000006.jpg,01e1b4d3079d1ca6aa5f470e5b1a99a38c0c75180506722cb53504c6d86e49e9,9333,,,true
P03_BLACK_L_000007,P03,BLACK,L,image_000007.jpg,training/P03/BLACK/L/images/image_000007.jpg,43c26e3c1b0b087a22ed14a4c932121b756cfd6e952c1742ebe32f734b52a482,8909,,,true
P03_BLACK_L_000008,P03,BLACK,L,image_000008.jpg,training/P03/BLACK/L/images/image_000008.jpg,59e2a0a6fd0be41f19cbaed5a3b3079501d1805494766b05acc47b40e47cfdbb,8974,,,true
P03_BLACK_L_000009,P03,BLACK,L,image_000009.jpg,training/P03/BLACK/L/images/image_000009.jpg,b9db43033c6c899452535cd316358316df6645a210de920e699bbe68f77a2370,8848,,,true
P03_BLACK_L_000010,P03,BLACK,L,image_000010.jpg,training/P03/BLACK/L/images/image_000010.jpg,07ec753f8c5fc811cf47e314f97d21dbe61d2d560f4d96204534641c303e9170,8731,,,true
P03_BLACK_L_000011,P03,BLACK,L,image_000011.jpg,training/P03/BLACK/L/images/image_000011.jpg,8bde8749abdd27b88c13ad6fb9c4822853e311da98ec1bed99a34265978a07b3,8828,,,true
P03_BLACK_L_000012,P03,BLACK,L,image_000012.jpg,training/P03/BLACK/L/images/image_000012.jpg,3297e27724296894dbbafc6fa0fca38ce75aa03b6e88174ef0188936fd0a2916,8949,,,true
P03_BLACK_L_000013,P03,BLACK,L,image_000013.jpg,training/P03/BLACK/L/images/image_000013.jpg,f0b77b87abe4422058f5cc3bac844dfe901798d181389726892be7677b00fe2d,8904,,,true
P03_BLACK_L_000014,P03,BLACK,L,image_000014.jpg,training/P03/BLACK/L/images/image_000014.jpg,d9987b8b606ae69c75c4b4e7d24f21cf9e7140770d606f675841eb953e3e7f10,8916,,,true
P03_BLACK_L_000015,P03,BLACK,L,image_000015.jpg,training/P03/BLACK/L/images/image_000015.jpg,bb52d2039a533aa5099fc59494637ecd1cc05a87e468e3ae41e26f3446aa41ad,8424,,,true
P03_BLACK_L_000016,P03,BLACK,L,image_000016.jpg,training/P03/BLACK/L/images/image_000016.jpg,e47bd0e4df14448213efc23d6474318d51ee479cc627c9e4415dfdcb301cde9c,8745,,,true
P03_BLACK_L_000017,P03,BLACK,L,image_000017.jpg,training/P03/BLACK/L/images/image_000017.jpg,8ed09d873d60b177a66f33e4e659c505f1b075ccbff4cfd03244607f66508009,8681,,,true
P03_BLACK_L_000018,P03,BLACK,L,image_000018.jpg,training/P03/BLACK/L/images/image_000018.jpg,f8cd4330cdc4950a45049449fa298de14bdefe7e7c671596f2fbf20f3c565158,8724,,,true
P03_BLACK_L_000019,P03,BLACK,L,image_000019.jpg,training/P03/BLACK/L/images/image_000019.jpg,bd4949c960a5bcf73e4de5055869b38da8de8f000cd7c918bec607e2b8be1917,8943,,,true
P03_BLACK_L_000020,P03,BLACK,L,image_000020.jpg,training/P03/BLACK/L/images/image_000020.jpg,bcd4a09e8c1469e71cc6c29fc98c3adbd6bafc54d7d59aa0b9fc1931eced3e4e,9159,,,true
P03_BLACK_L_000021,P03,BLACK,L,image_000021.jpg,training/P03/BLACK/L/images/image_000021.jpg,bd56f8e1af93ec75e8f8015a2534912e7a5e8b99f998ce3b5b23e478d956fbc5,8949,,,true
P03_BLACK_L_000022,P03,BLACK,L,image_000022.jpg,training/P03/BLACK/L/images/image_000022.jpg,5a6f5e82fb72fcc86f940b81d03073bf5d6769c412968ce3e45ba54d9ddc7be3,8946,,,true
P03_BLACK_L_000023,P03,BLACK,L,image_000023.jpg,training/P03/BLACK/L/images/image_000023.jpg,a0d7f2d8d2a065e8f123b5011f7e69beb0443fa9ef046b89865768610829e7f9,9116,,,true
P03_BLACK_L_000024,P03,BLACK,L,image_000024.jpg,training/P03/BLACK/L/images/image_000024.jpg,e515be66e295616ed3d7171eadbbbcc4e9dedfb42748024da2f957aa53fe9a02,8581,,,true
P03_BLACK_L_000025,P03,BLACK,L,image_000025.jpg,training/P03/BLACK/L/images/image_000025.jpg,2875375793a58f80a1c0aeb5dbe8fc8cf15f6b63bd4731aea41fc68b6700ab2a,8986,,,true
P03_BLACK_M_000001,P03,BLACK,M,image_000001.jpg,training/P03/BLACK/M/images/image_000001.jpg,e9cc9c740c31014f7c15e641e258fa8ff53ac896c07c4e11089405f5f9fa3fa0,9612,,,true
P03_BLACK_M_000002,P03,BLACK,M,image_000002.jpg,training/P03/BLACK/M/images/image_000002.jpg,9d88549381b548dbbf39a8fc1cd50767db035b361bba2f5fb5a134c09dbc37d1,9768,,,true
P03_BLACK_M_000003,P03,BLACK,M,image_000003.jpg,training/P03/BLACK/M/images/image_000003.jpg,d886dee368c6d13fb596fdbcb5fcf63f2e977c3c2e4b46699bab3b24664beac1,9644,,,true
P03_BLACK_M_000004,P03,BLACK,M,image_000004.jpg,training/P03/BLACK/M/images/image_000004.jpg,21504b0bf3751e20a8123cfc0ccd5320bd19a9d4d8c6bfc82f07d0f330798755,9010,,,true
P03_BLACK_M_000005,P03,BLACK,M,image_000005.jpg,training/P03/BLACK/M/images/image_000005.jpg,eb51f9b9d3bef677555633f2e50e775044efd85aa8429b30155d52c3e20dc76a,9386,,,true
P03_BLACK_M_000006,P03,BLACK,M,image_000006.jpg,training/P03/BLACK/M/images/image_000006.jpg,f07649b53768b1e3f54e39dcd77a1713d10d108b13f72a503bd2ad8994abea5e,9281,,,true
P03_BLACK_M_000007,P03,BLACK,M,image_000007.jpg,training/P03/BLACK/M/images/image_000007.jpg,e2901b9076bbac5c8d2e4200575c721b71daaca74c4715bf9c18825339eb48f5,8717,,,true
P03_BLACK_M_000008,P03,BLACK,M,image_000008.jpg,training/P03/BLACK/M/images/image_000008.jpg,e5b0cbbf293160ad6a64834c6699b25aab8984203f1262543ecd843b0f3945dc,8781,,,true
P03_BLACK_M_000009,P03,BLACK,M,image_000009.jpg,training/P03/BLACK/M/images/image_000009.jpg,dce989d3fc3712a4debf6f3eea9f84ea8486aff0218dd01f5db89be59e27ed61,8978,,,true
P03_BLACK_M_000010,P03,BLACK,M,image_000010.jpg,training/P03/BLACK/M/images/image_000010.jpg,bb0cfc7a254d62db182c115dddaa3a2427de4403652fbf7960113918442e32bb,9245,,,true
P03_BLACK_M_000011,P03,BLACK,M,image_000011.jpg,training/P03/BLACK/M/images/image_000011.jpg,009715068d0da312d1d6b6ddf66b880f69de16535175f9c972a2b138ed4d4c8f,8620,,,true
P03_BLACK_M_000012,P03,BLACK,M,image_000012.jpg,training/P03/BLACK/M/images/image_000012.jpg,9568cd7796798952f08e69242fea68024fbee8ddc5a2c2456b8840b69ad90be3,8526,,,true
P03_BLACK_M_000013,P03,BLACK,M,image_000013.jpg,training/P03/BLACK/M/images/image_000013.jpg,3f578973c061c58774c981848fe519cbc52321a1ab78dd89e039d625eb4a5f80,8907,,,true
P03_BLACK_M_000014,P03,BLACK,M,image_000014.jpg,training/P03/BLACK/M/images/image_000014.jpg,46fd8d666f337474237d1c444f0e2682cd1b3fb2e5d655f803dd39bb00f68c77,8676,,,true
P03_BLACK_M_000015,P03,BLACK,M,image_000015.jpg,training/P03/BLACK/M/images/image_000015.jpg,41c1290dd9fcf24653fedf45b2d77d713f27488c826279eae8ec6108078a3571,8833,,,true
P03_BLACK_M_000016,P03,BLACK,M,image_000016.jpg,training/P03/BLACK/M/images/image_000016.jpg,85f1173687392b082964913739f73184a0a596e58b5c291d7e627a8b3614ceca,8693,,,true
P03_BLACK_M_000017,P03,BLACK,M,image_000017.jpg,training/P03/BLACK/M/images/image_000017.jpg,f5159223f3ab3f7b6d551bc68a94853d556aaaa651c023606634e6080b26bc0a,8720,,,true
P03_BLACK_M_000018,P03,BLACK,M,image_000018.jpg,training/P03/BLACK/M/images/image_000018.jpg,0ffbc9549d11d520f9319f52bf4a469574327ff395d88bd1d96dfb97cb1bca59,8932,,,true
P03_BLACK_M_000019,P03,BLACK,M,image_000019.jpg,training/P03/BLACK/M/images/image_000019.jpg,cc023dbda2462e09973237cb3e6da02624c0df0e550eb4f8b0d957e30368da3d,8839,,,true
P03_BLACK_M_000020,P03,BLACK,M,image_000020.jpg,training/P03/BLACK/M/images/image_000020.jpg,688d4d4fdf7f5716837b2ca9d3da20c242aa15a9875cb83442c19decd6da1b42,8546,,,true
P03_BLACK_M_000021,P03,BLACK,M,image_000021.jpg,training/P03/BLACK/M/images/image_000021.jpg,0d4464cea1f99dd157fcde2b2405ccccbe50a10fdb94778a51d8e61f95c493cd,8893,,,true
P03_BLACK_M_000022,P03,BLACK,M,image_000022.jpg,training/P03/BLACK/M/images/image_000022.jpg,120c9ca0137f476b8a6663a8c3a67dd35ffc62da9e3be1b412255df4852d52ce,8780,,,true
P03_BLACK_M_000023,P03,BLACK,M,image_000023.jpg,training/P03/BLACK/M/images/image_000023.jpg,3a9db093c6bf122cbd91246639270cc8dc9dab7ec8f29faeb5e8bb4b24cb53e0,8580,,,true
P03_BLACK_M_000024,P03,BLACK,M,image_000024.jpg,training/P03/BLACK/M/images/image_000024.jpg,becb7d730474a6695bc72b9162d01a679250d194c2d045ed554773e423709aa3,8969,,,true
P03_BLACK_M_000025,P03,BLACK,M,image_000025.jpg,training/P03/BLACK/M/images/image_000025.jpg,b1e9ad0455edbb1ecda41946a1d3f88a957828afd83722d62ca5c10f6dd1e006,8681,,,true
P03_BLACK_N_000001,P03,BLACK,N,image_000001.jpg,training/P03/BLACK/N/images/image_000001.jpg,b946f00ec18581865ebf6358a12678ced7c0db9f8d4a62930d8aa6198d975271,8903,,,true
P03_BLACK_N_000002,P03,BLACK,N,image_000002.jpg,training/P03/BLACK/N/images/image_000002.jpg,0054d0b47a60a24668ee867d91751da6abd5c05a6c5fb58a1ce53d875735a568,9271,,,true
P03_BLACK_N_000003,P03,BLACK,N,image_000003.jpg,training/P03/BLACK/N/images/image_000003.jpg,f7e4dc26945ab86877a0a60e77346cf8f14d4e833fa1d9bd33bd4e1b389f2f67,9361,,,true
P03_BLACK_N_000004,P03,BLACK,N,image_000004.jpg,training/P03/BLACK/N/images/image_000004.jpg,2830e1933cca5df17278761f779239ace40138555bf896d93f49d7bf08346a81,9157,,,true
P03_BLACK_N_000005,P03,BLACK,N,image_000005.jpg,training/P03/BLACK/N/images/image_000005.jpg,93068dd91909b10c826cdb62cc576c0304accfef2b6134bf62a5d970e533fb77,9577,,,true
P03_BLACK_N_000006,P03,BLACK,N,image_000006.jpg,training/P03/BLACK/N/images/image_000006.jpg,9168aa2997fbb8efef54588894601ed1d9dd1f95f26320e9040bf511fcc231f4,8831,,,true
P03_BLACK_N_000007,P03,BLACK,N,image_000007.jpg,training/P03/BLACK/N/images/image_000007.jpg,d93010a348c496891903e7d30b7a618c37e021c63f2a4bd72e59604b607ce03a,8762,,,true
P03_BLACK_N_000008,P03,BLACK,N,image_000008.jpg,training/P03/BLACK/N/images/image_000008.jpg,60df3858cf29254fd5dc19d9c85f392d7a73a8c8fc411ead570e3c6889164f05,8665,,,true
P03_BLACK_N_000009,P03,BLACK,N,image_000009.jpg,training/P03/BLACK/N/images/image_000009.jpg,d76149492be5bd619efd95849b24596e41e2051c5bcefc6e4120eab39701dc78,8667,,,true
P03_BLACK_N_000010,P03,BLACK,N,image_000010.jpg,training/P03/BLACK/N/images/image_000010.jpg,5dd73b09ae8bf3b9e3a01e3b9f227c14d36d9169f77d2ad217d799727bc337bd,8828,,,true
P03_BLACK_N_000011,P03,BLACK,N,image_000011.jpg,training/P03/BLACK/N/images/image_000011.jpg,96513780e10d6c752a80856df86589e4c0f233873ce8c7d914ab1e98222c8cb6,9006,,,true
P03_BLACK_N_000012,P03,BLACK,N,image_000012.jpg,training/P03/BLACK/N/images/image_000012.jpg,e22cbf8cbcb13285f7dc21bbe897c16c86ba2af2ceb24857d97c16b0eaaeb7aa,9112,,,true
P03_BLACK_N_000013,P03,BLACK,N,image_000013.jpg,training/P03/BLACK/N/images/image_000013.jpg,31943e91a69b29f7e82b66897f917eddf1ebfbb9c44d56c23ab31a91a9ad0947,9046,,,true
P03_BLACK_N_000014,P03,BLACK,N,image_000014.jpg,training/P03/BLACK/N/images/image_000014.jpg,87e23dafb289ec5a8ebc61e0fbd602c00c756e96dbbe27681b32ccccb41d5a70,8959,,,true
P03_BLACK_N_000015,P03,BLACK,N,image_000015.jpg,training/P03/BLACK/N/images/image_000015.jpg,3cfba6c58a286e9e6cea60f7da0c2ae90ebcb0e15602b7b1149ff78c6f212cc7,8907,,,true
P03_BLACK_N_000016,P03,BLACK,N,image_000016.jpg,training/P03/BLACK/N/images/image_000016.jpg,19d587765f1f0f7d2bed2a12f7699081bee80c5d2b80c518203eea10497dc841,8344,,,true
P03_BLACK_N_000017,P03,BLACK,N,image_000017.jpg,training/P03/BLACK/N/images/image_000017.jpg,cfaaa191622dce60c79f17f141f27135ccad97f9f63c70ce1480721076c23a79,8835,,,true
P03_BLACK_N_000018,P03,BLACK,N,image_000018.jpg,training/P03/BLACK/N/images/image_000018.jpg,f95ddd216fbe04a152ae5266eed667950cc7ea91462ac062d4881c151003d9f2,8874,,,true
P03_BLACK_N_000019,P03,BLACK,N,image_000019.jpg,training/P03/BLACK/N/images/image_000019.jpg,01fe4b36aa399de85c3eea937c6eec21a21e5c2d5a7c60af4997661fcef251e2,9110,,,true
P03_BLACK_N_000020,P03,BLACK,N,image_000020.jpg,training/P03/BLACK/N/images/image_000020.jpg,fd5c471f211c8803640da27f7df7067f3370b6bf8d4aa37fa30d391e10c6a3d7,8648,,,true
P03_BLACK_N_000021,P03,BLACK,N,image_000021.jpg,training/P03/BLACK/N/images/image_000021.jpg,fad6a5cdc69cae320a80b0fa8ad82307e37441c3da4467440599b1032d328389,8922,,,true
P03_BLACK_N_000022,P03,BLACK,N,image_000022.jpg,training/P03/BLACK/N/images/image_000022.jpg,e61e0201dd9b170b25793047e09dccd1ba8c081b16bdb73f283296f0c027c443,8965,,,true
P03_BLACK_N_000023,P03,BLACK,N,image_000023.jpg,training/P03/BLACK/N/images/image_000023.jpg,1dc79e5a638a039487accf435aeae963a1270426897031541e473dfee31388d7,8697,,,true
P03_BLACK_N_000024,P03,BLACK,N,image_000024.jpg,training/P03/BLACK/N/images/image_000024.jpg,f30c440b7f5dcc61154d9607e763bf79932a36d258521227a0f9a12f3c79917b,8601,,,true
P03_BLACK_N_000025,P03,BLACK,N,image_000025.jpg,training/P03/BLACK/N/images/image_000025.jpg,4f19e5348b78f7c80c9610718a0037ee02eb8783e8fa66f254de8bb6f381e971,8836,,,true
P03_BLACK_O_000001,P03,BLACK,O,image_000001.jpg,training/P03/BLACK/O/images/image_000001.jpg,dc20a3c348df461d59051cd781f09f4d323d2f99b2950a6f9a7a86cd4be36c89,9178,,,true
P03_BLACK_O_000002,P03,BLACK,O,image_000002.jpg,training/P03/BLACK/O/images/image_000002.jpg,5427bf0b2824a2a85bcdc39f8171e1e07f72d3fc73879f94fc91b5ab67cc6423,9393,,,true
P03_BLACK_O_000003,P03,BLACK,O,image_000003.jpg,training/P03/BLACK/O/images/image_000003.jpg,62aeba5ad7da53a454315192b5d8bf1e7bd5f9f205d7c67ceded3d70bfce9b2e,9751,,,true
P03_BLACK_O_000004,P03,BLACK,O,image_000004.jpg,training/P03/BLACK/O/images/image_000004.jpg,e723044b1737943324b4704917a1572fda9f1d0ab5751f978b54365781a6be56,9413,,,true
P03_BLACK_O_000005,P03,BLACK,O,image_000005.jpg,training/P03/BLACK/O/images/image_000005.jpg,c603ed3e8300202e581a72ebcd3159283805f4918cff7ab0cee8f7a246c5cc78,9260,,,true
P03_BLACK_O_000006,P03,BLACK,O,image_000006.jpg,training/P03/BLACK/O/images/image_000006.jpg,5b27e4ed4b72f4d49066f75b0c970db6bc545f2594d9d023f1abbbdbd67984af,9354,,,true
P03_BLACK_O_000007,P03,BLACK,O,image_000007.jpg,training/P03/BLACK/O/images/image_000007.jpg,99d8b3c7c1fec44acfc1f46ebcbf34d34c0673e5aff54585a807e87904aa43a8,9223,,,true
P03_BLACK_O_000008,P03,BLACK,O,image_000008.jpg,training/P03/BLACK/O/images/image_000008.jpg,03ec072ee41d6f8506a437281d44a9af513bac75d6be028cd774f84caa48a4a0,9065,,,true
P03_BLACK_O_000009,P03,BLACK,O,image_000009.jpg,training/P03/BLACK/O/images/image_000009.jpg,3a883174842d98e82c5fc26316de16871d67f86cf005d8d3cd8bd4b2bb4a5c35,9197,,,true
P03_BLACK_O_000010,P03,BLACK,O,image_000010.jpg,training/P03/BLACK/O/images/image_000010.jpg,aae030494f0d9a9d057120453d96d0856808814f745ff5de4fcad68ea1914ada,9572,,,true
P03_BLACK_O_000011,P03,BLACK,O,image_000011.jpg,training/P03/BLACK/O/images/image_000011.jpg,e8e3d6555797cd7d40aedff4ff08ca47f0077a9d15285eab75ad5f356af7151d,9528,,,true
P03_BLACK_O_000012,P03,BLACK,O,image_000012.jpg,training/P03/BLACK/O/images/image_000012.jpg,a731f8e65c5759648ba765d6f96b39c3605d758230be620825cf40dcec4dbdb2,9240,,,true
P03_BLACK_O_000013,P03,BLACK,O,image_000013.jpg,training/P03/BLACK/O/images/image_000013.jpg,ad125b9bb5372e59a0755057f8b3dffd5c5b204968e0dfa71f115314e4920030,9245,,,true
P03_BLACK_O_000014,P03,BLACK,O,image_000014.jpg,training/P03/BLACK/O/images/image_000014.jpg,32f003652a6c2249dffd0d61eefe922c16e46a3eff22b3584961de8546cbc72b,9260,,,true
P03_BLACK_O_000015,P03,BLACK,O,image_000015.jpg,training/P03/BLACK/O/images/image_000015.jpg,47a37e9539934d9bdc665edeea3fda4d1c354f44ff206006c1cab5f18bf4332c,9185,,,true
P03_BLACK_O_000016,P03,BLACK,O,image_000016.jpg,training/P03/BLACK/O/images/image_000016.jpg,ddbcac3444849bfc4e6c7aae58fe0d8a3813255454a8792feec10872b03ba856,8845,,,true
P03_BLACK_O_000017,P03,BLACK,O,image_000017.jpg,training/P03/BLACK/O/images/image_000017.jpg,71cadf556ab9753fda1496ba5ea0828305b8612c7d5ce5ef50501b5e9425e566,8984,,,true
P03_BLACK_O_000018,P03,BLACK,O,image_000018.jpg,training/P03/BLACK/O/images/image_000018.jpg,51dce405abb4a7820e9df232b152be29e3db08d83acd411afc1c89c3da89b17d,9109,,,true
P03_BLACK_O_000019,P03,BLACK,O,image_000019.jpg,training/P03/BLACK/O/images/image_000019.jpg,8b80ec44632cd30d4157ec293406759fbc49c401f4034228d712fc9cf04db3e9,9390,,,true
P03_BLACK_O_000020,P03,BLACK,O,image_000020.jpg,training/P03/BLACK/O/images/image_000020.jpg,cb48ed072729b54f624409dfc95397964ded6d4c4b2eac0397076a2170afa91e,9019,,,true
P03_BLACK_O_000021,P03,BLACK,O,image_000021.jpg,training/P03/BLACK/O/images/image_000021.jpg,4575b42dce421b879663044425c1f8a304852ddf9c83cda581554aa6a53d1054,9055,,,true
P03_BLACK_O_000022,P03,BLACK,O,image_000022.jpg,training/P03/BLACK/O/images/image_000022.jpg,926c6f63b3edabb99fbd4c7e8e69ff1f37fade514e46cc484201c4a34186e879,9252,,,true
P03_BLACK_O_000023,P03,BLACK,O,image_000023.jpg,training/P03/BLACK/O/images/image_000023.jpg,b8741f65b2b753eb51055955f8506d74eecd0736cd07fb90986df77705757c07,9062,,,true
P03_BLACK_O_000024,P03,BLACK,O,image_000024.jpg,training/P03/BLACK/O/images/image_000024.jpg,f65c881d8f7c682e04083e8d4b9856979fe019c6447e88a13c547dadc48256c4,9195,,,true
P03_BLACK_O_000025,P03,BLACK,O,image_000025.jpg,training/P03/BLACK/O/images/image_000025.jpg,2370e9f2ceff94725dedaf40553a43d588f7b29dc9b831323448a1dfe11db26e,9106,,,true
P03_BLACK_P_000001,P03,BLACK,P,image_000001.jpg,training/P03/BLACK/P/images/image_000001.jpg,6774fe89c66c1c876c2f3710c58a4692d760d77bdfae752ebe0c667630078b0c,8804,,,true
P03_BLACK_P_000002,P03,BLACK,P,image_000002.jpg,training/P03/BLACK/P/images/image_000002.jpg,69299165afdf070b9e2bc1f900e13b7ed8c0e9f7756ff8f3eae26c6e78375125,8819,,,true
P03_BLACK_P_000003,P03,BLACK,P,image_000003.jpg,training/P03/BLACK/P/images/image_000003.jpg,ba64c8eec22a783569514bca6ec458b4e4ce0187e460dcdf68db2fe0dc5a14fe,8940,,,true
P03_BLACK_P_000004,P03,BLACK,P,image_000004.jpg,training/P03/BLACK/P/images/image_000004.jpg,b48a03cd67fdf7dbaea2adee54d7f2e71777b19f34c1425b200a469fc4cd9a36,8885,,,true
P03_BLACK_P_000005,P03,BLACK,P,image_000005.jpg,training/P03/BLACK/P/images/image_000005.jpg,f5aa6cc51aeca7e2b12de7787e301f2fd847a65273625ae2cbd6b8e31d93b96b,8938,,,true
P03_BLACK_P_000006,P03,BLACK,P,image_000006.jpg,training/P03/BLACK/P/images/image_000006.jpg,2a1a667b2d651280724a45b905e5cbd8085a6f3d8d2dc1f779f2c203aca815ce,8794,,,true
P03_BLACK_P_000007,P03,BLACK,P,image_000007.jpg,training/P03/BLACK/P/images/image_000007.jpg,c71059878b546f575852715e0443dbc8ebf4761d462bfa9bc47eb6e069bd75c2,8801,,,true
P03_BLACK_P_000008,P03,BLACK,P,image_000008.jpg,training/P03/BLACK/P/images/image_000008.jpg,15f10c2259edb347833f064239e038073425a4c29ac81c3b7ca3c3b749d09f8c,8835,,,true
P03_BLACK_P_000009,P03,BLACK,P,image_000009.jpg,training/P03/BLACK/P/images/image_000009.jpg,f683c045f2b9f48ec27331abfaf3cebbd1a4f743f3091024183a6ed6207e5b16,8976,,,true
P03_BLACK_P_000010,P03,BLACK,P,image_000010.jpg,training/P03/BLACK/P/images/image_000010.jpg,01b99255fe5377c44fcf56a43740bf1bfec80f59e128beb9ee29d046938bb410,8690,,,true
P03_BLACK_P_000011,P03,BLACK,P,image_000011.jpg,training/P03/BLACK/P/images/image_000011.jpg,9fa80dae0e80cfc904c3edf15ac1d0895247fb079b1e15ae0282f51b4be3fc62,8689,,,true
P03_BLACK_P_000012,P03,BLACK,P,image_000012.jpg,training/P03/BLACK/P/images/image_000012.jpg,3d94458e5b4a7c18e59900afd34fa24b721cc7d187a0558678c25b2d4c253656,8704,,,true
P03_BLACK_P_000013,P03,BLACK,P,image_000013.jpg,training/P03/BLACK/P/images/image_000013.jpg,46ed8b77983b3d1e25c7922c624c7092cdaf906538b40524c2dd35e99455b805,8523,,,true
P03_BLACK_P_000014,P03,BLACK,P,image_000014.jpg,training/P03/BLACK/P/images/image_000014.jpg,3ec2ed9ad2a4fd84aaf3f1255e25e1806bc9d5160c74892bba6b0bea8d724a7d,8649,,,true
P03_BLACK_P_000015,P03,BLACK,P,image_000015.jpg,training/P03/BLACK/P/images/image_000015.jpg,b441696a1a06b1ec0a8ae77c41a604e5867bb81c46195571d9c47b7ba0e8d5ec,8327,,,true
P03_BLACK_P_000016,P03,BLACK,P,image_000016.jpg,training/P03/BLACK/P/images/image_000016.jpg,c3098b4635d61d59a7aecb968a1b7b09e166798bbc867cb84ad17a01f0c826d7,9091,,,true
P03_BLACK_P_000017,P03,BLACK,P,image_000017.jpg,training/P03/BLACK/P/images/image_000017.jpg,bf224f747dab1208d737b0ce08d250b80c652ec571139cf1ef34fa6c6be74052,8705,,,true
P03_BLACK_P_000018,P03,BLACK,P,image_000018.jpg,training/P03/BLACK/P/images/image_000018.jpg,14272063865b0dde7346e44d85705f075afb4db056bcb1f434b6a121c20753a3,8486,,,true
P03_BLACK_P_000019,P03,BLACK,P,image_000019.jpg,training/P03/BLACK/P/images/image_000019.jpg,5dc26be1e6925153d91aa3e543a4a309e5c98379cf82a10a5684ab4301926fa5,8622,,,true
P03_BLACK_P_000020,P03,BLACK,P,image_000020.jpg,training/P03/BLACK/P/images/image_000020.jpg,86be6a4ba525326aeded74f3e6993d975dac5d91d6b641f9ea50d578a266b67f,8632,,,true
P03_BLACK_P_000021,P03,BLACK,P,image_000021.jpg,training/P03/BLACK/P/images/image_000021.jpg,8522d8798b96a85dd8f4e6a39f8a0385ba4fd02a27cae82d76616c2dfb7a4cb3,8735,,,true
P03_BLACK_P_000022,P03,BLACK,P,image_000022.jpg,training/P03/BLACK/P/images/image_000022.jpg,61c1b2695739a18a8cd482d381842be7057c325d55af1bc5660a9eecc7dbca35,8382,,,true
P03_BLACK_P_000023,P03,BLACK,P,image_000023.jpg,training/P03/BLACK/P/images/image_000023.jpg,986116cc4bafbf6361679d210d2ec10adca7e195ae81928bc93c64696f390e6c,8389,,,true
P03_BLACK_P_000024,P03,BLACK,P,image_000024.jpg,training/P03/BLACK/P/images/image_000024.jpg,ee6b45801f5c0df0404aeb1da685e68e88ab4f96ac3e7e70f8805ba16366208e,8455,,,true
P03_BLACK_P_000025,P03,BLACK,P,image_000025.jpg,training/P03/BLACK/P/images/image_000025.jpg,839577949a3a73ae7f5ec7f81cf36fea9f7feeeef9bc55a7667696aa7c5b3a0c,9132,,,true
P03_BLACK_R_000001,P03,BLACK,R,image_000001.jpg,training/P03/BLACK/R/images/image_000001.jpg,4a9532990d02ceb839d1012b30f7d906c15bd0dcd8f1369b75e9f2175a2d01d8,8589,,,true
P03_BLACK_R_000002,P03,BLACK,R,image_000002.jpg,training/P03/BLACK/R/images/image_000002.jpg,f71b8c7cd5a293d70e9e011b1375e57874970800ad903e80b165622385e0a927,8681,,,true
P03_BLACK_R_000003,P03,BLACK,R,image_000003.jpg,training/P03/BLACK/R/images/image_000003.jpg,a9c08a06a723d1e5409d213e91105c6e0968c8db67e1d6803a17b6b99190f7d9,9080,,,true
P03_BLACK_R_000004,P03,BLACK,R,image_000004.jpg,training/P03/BLACK/R/images/image_000004.jpg,db1f4c5c94bbc8d0e759d706a021d2046f9aad45cc6f8508b057615734be0f0b,8969,,,true
P03_BLACK_R_000005,P03,BLACK,R,image_000005.jpg,training/P03/BLACK/R/images/image_000005.jpg,61541a935661a2e7d0fd21f660dfd9716e1146fe45b16fb22a0cc421a4f7288e,8562,,,true
P03_BLACK_R_000006,P03,BLACK,R,image_000006.jpg,training/P03/BLACK/R/images/image_000006.jpg,fbb990edcad09360f189950f9dc178c14085ced737258746805db15e33f89258,8703,,,true
P03_BLACK_R_000007,P03,BLACK,R,image_000007.jpg,training/P03/BLACK/R/images/image_000007.jpg,f76b59bea5bb904284320c319e8711717d56f526cf8640d246ab88c56a0425a6,8682,,,true
P03_BLACK_R_000008,P03,BLACK,R,image_000008.jpg,training/P03/BLACK/R/images/image_000008.jpg,6a6b68771a37b417e5f107fa4cf08df64620c1e9888267d4535d851cb9a2ac46,8873,,,true
P03_BLACK_R_000009,P03,BLACK,R,image_000009.jpg,training/P03/BLACK/R/images/image_000009.jpg,395f28f728297cae9f3a63f0f9ee1a1888a098b89e97502877a62974ee367449,8718,,,true
P03_BLACK_R_000010,P03,BLACK,R,image_000010.jpg,training/P03/BLACK/R/images/image_000010.jpg,4968c5e261991b2e723130e8c9e6ae50ccf6b4bd9196a4ffcae143bf3f1f251e,8798,,,true
P03_BLACK_R_000011,P03,BLACK,R,image_000011.jpg,training/P03/BLACK/R/images/image_000011.jpg,23f9589602c68e662e428d19fc511c875add54bdebac7ec2739fe60fd5f3dbfd,8844,,,true
P03_BLACK_R_000012,P03,BLACK,R,image_000012.jpg,training/P03/BLACK/R/images/image_000012.jpg,4e6b578de0fcb975f0e529e7571f818f05f0b0de063548df51360e001bd1aaae,8767,,,true
P03_BLACK_R_000013,P03,BLACK,R,image_000013.jpg,training/P03/BLACK/R/images/image_000013.jpg,d545ed406203de991a034362b5ac2444fd932e4ab2dff63a31b3f3ac1233c35c,8418,,,true
P03_BLACK_R_000014,P03,BLACK,R,image_000014.jpg,training/P03/BLACK/R/images/image_000014.jpg,d624ba1d88c9c33bf29bf01dd2ff26fd8d29880674768d0d6a06ae24da72294a,8348,,,true
P03_BLACK_R_000015,P03,BLACK,R,image_000015.jpg,training/P03/BLACK/R/images/image_000015.jpg,41a5e79d6b2600d88d30f146344f174f1183d0c00c9cdf4a1fe4e56f8c072d57,8592,,,true
P03_BLACK_R_000016,P03,BLACK,R,image_000016.jpg,training/P03/BLACK/R/images/image_000016.jpg,a78e88ff2a61e0f6f5837226db245a5eb13afc572b69b9d5f527ff7a0eb0ea58,9419,,,true
P03_BLACK_R_000017,P03,BLACK,R,image_000017.jpg,training/P03/BLACK/R/images/image_000017.jpg,54d252cf50a82e03b1a46037b96521aed9ab2f0f05e09a982577083897c3444e,8501,,,true
P03_BLACK_R_000018,P03,BLACK,R,image_000018.jpg,training/P03/BLACK/R/images/image_000018.jpg,0baad9774b58caca2c64024f61e6f0b3f9097d5d2dea542b80d4f18c5ec2ec5b,8368,,,true
P03_BLACK_R_000019,P03,BLACK,R,image_000019.jpg,training/P03/BLACK/R/images/image_000019.jpg,488b9090b84d1741f29bfb4316ac29c5e4e5b045964698895d3938be183f4397,8643,,,true
P03_BLACK_R_000020,P03,BLACK,R,image_000020.jpg,training/P03/BLACK/R/images/image_000020.jpg,cebe38c529717ce2164d882bb6c02204690ccaef177c841f794672fa9e531df4,8747,,,true
P03_BLACK_R_000021,P03,BLACK,R,image_000021.jpg,training/P03/BLACK/R/images/image_000021.jpg,d7e977483fe5f1cf0f3674efdd50080c6c8f7a7e3e2f01c2c77fc07be77e8505,8918,,,true
P03_BLACK_R_000022,P03,BLACK,R,image_000022.jpg,training/P03/BLACK/R/images/image_000022.jpg,7d971f691e85c9ba41a5a3e8832b090c9a1d3babe58c130cda02b97cd1144b0d,8930,,,true
P03_BLACK_R_000023,P03,BLACK,R,image_000023.jpg,training/P03/BLACK/R/images/image_000023.jpg,8a63a23dda9d8c2516bf4acd90c8fcd8e59e0363be25eefc00f1dbc703b43c51,8599,,,true
P03_BLACK_R_000024,P03,BLACK,R,image_000024.jpg,training/P03/BLACK/R/images/image_000024.jpg,658ca74366c12b4cfc19a745de36ec776d2346cf9834042593d12cf4aebc2bfe,8492,,,true
P03_BLACK_R_000025,P03,BLACK,R,image_000025.jpg,training/P03/BLACK/R/images/image_000025.jpg,d66ec3701d508ce8851f9ba43e06a1e603e900497cc5d2bded9b9d231f164272,8611,,,true
P03_BLACK_S_000001,P03,BLACK,S,image_000001.jpg,training/P03/BLACK/S/images/image_000001.jpg,74a7213675c327fb4e10c818a25c673bb21545a2fd7d38af6ca42d9e711d107e,9625,,,true
P03_BLACK_S_000002,P03,BLACK,S,image_000002.jpg,training/P03/BLACK/S/images/image_000002.jpg,a5671088babb32d808ae54985c39e5c3b4a6b4924d6bf6f1250c2eb956f595e6,9438,,,true
P03_BLACK_S_000003,P03,BLACK,S,image_000003.jpg,training/P03/BLACK/S/images/image_000003.jpg,2671b8cb4b22f1a8ccc219c84967fa2117f9bd0b890c968095daf4890d6d025d,9458,,,true
P03_BLACK_S_000004,P03,BLACK,S,image_000004.jpg,training/P03/BLACK/S/images/image_000004.jpg,d81eed2fc42e42269ac6a354c8ffebd13674aaac80f155fcd79561a6b4cfc979,9176,,,true
P03_BLACK_S_000005,P03,BLACK,S,image_000005.jpg,training/P03/BLACK/S/images/image_000005.jpg,8f49627e8f266bec99a058f90113fe5068272745bb054123c1dd5e3c597d89d4,9034,,,true
P03_BLACK_S_000006,P03,BLACK,S,image_000006.jpg,training/P03/BLACK/S/images/image_000006.jpg,5769e5fb850565a0b18f702873b26987e92939883c33096178cc9174756651b8,9195,,,true
P03_BLACK_S_000007,P03,BLACK,S,image_000007.jpg,training/P03/BLACK/S/images/image_000007.jpg,b67e2ea673c8e2a014c31d8188bcbf95d2d0c6bb68f60a1217402e7ea441cceb,9094,,,true
P03_BLACK_S_000008,P03,BLACK,S,image_000008.jpg,training/P03/BLACK/S/images/image_000008.jpg,2d0c5f19c810c38a3356264bce8c67e4069c6c20f6378b979c83fe118d060f94,9051,,,true
P03_BLACK_S_000009,P03,BLACK,S,image_000009.jpg,training/P03/BLACK/S/images/image_000009.jpg,c3009b671b8b2ad50b8ad17f9c7fffd72c4dad5abdb469307bc4138f26840d32,8766,,,true
P03_BLACK_S_000010,P03,BLACK,S,image_000010.jpg,training/P03/BLACK/S/images/image_000010.jpg,b80bdc05ef6edb9f129252f39bcbd4f80d3e9867a1eef9d171f230c403ebb710,8472,,,true
P03_BLACK_S_000011,P03,BLACK,S,image_000011.jpg,training/P03/BLACK/S/images/image_000011.jpg,d5e64dfdb5157f11319701d2240af9592a17d60cf3d180a0be0c988f2b535a20,8474,,,true
P03_BLACK_S_000012,P03,BLACK,S,image_000012.jpg,training/P03/BLACK/S/images/image_000012.jpg,03d4e65401483fafd20234fabdefe6fca683fe75ff548e2b30307432fc9c8baa,8438,,,true
P03_BLACK_S_000013,P03,BLACK,S,image_000013.jpg,training/P03/BLACK/S/images/image_000013.jpg,9527cd2315dcbd7f96ae878bcf6de01e8e74289479fd86773170e01c2fd804a8,8610,,,true
P03_BLACK_S_000014,P03,BLACK,S,image_000014.jpg,training/P03/BLACK/S/images/image_000014.jpg,45fb9b8f96d7abf5b1f32d60aaf28d0c8f328be1587f57218e9664ec3ba41fcd,9045,,,true
P03_BLACK_S_000015,P03,BLACK,S,image_000015.jpg,training/P03/BLACK/S/images/image_000015.jpg,5e034fa8b6a04e0845ab87bc32aaadb42f8b0fb1c102349488a79b015f81166b,9351,,,true
P03_BLACK_S_000016,P03,BLACK,S,image_000016.jpg,training/P03/BLACK/S/images/image_000016.jpg,a2dca872b248cd4a4f349cfc696b1356500d18824a4d1399259ee22699b08801,9335,,,true
P03_BLACK_S_000017,P03,BLACK,S,image_000017.jpg,training/P03/BLACK/S/images/image_000017.jpg,0721b9b76325f0f89fdb40dac4813694d40b0d290522bac846adbe3d0224f7fb,9429,,,true
P03_BLACK_S_000018,P03,BLACK,S,image_000018.jpg,training/P03/BLACK/S/images/image_000018.jpg,9b7a71885bab7dbe52df1836261e865b16ff6f5288e599b8880bb20399f9a5b9,9127,,,true
P03_BLACK_S_000019,P03,BLACK,S,image_000019.jpg,training/P03/BLACK/S/images/image_000019.jpg,86aef45eec0e3ee1c8201c26fe3151c98d6f2bf6f06853db5aac501516c0b264,8991,,,true
P03_BLACK_S_000020,P03,BLACK,S,image_000020.jpg,training/P03/BLACK/S/images/image_000020.jpg,72d76a7c0509e33c4137353613a5b740f3934b13b2d952bbedf7173aeb779ee4,9074,,,true
P03_BLACK_S_000021,P03,BLACK,S,image_000021.jpg,training/P03/BLACK/S/images/image_000021.jpg,18548fa6827ab74c005d563d03cb17d462db4c04af62dbd28e1925c8c9374863,8983,,,true
P03_BLACK_S_000022,P03,BLACK,S,image_000022.jpg,training/P03/BLACK/S/images/image_000022.jpg,74e84205aa030585e66c3f801eb4074341002e77a88a2e9aae9f7b7b01f6796a,8967,,,true
P03_BLACK_S_000023,P03,BLACK,S,image_000023.jpg,training/P03/BLACK/S/images/image_000023.jpg,6cda070adca7cbf23b582147ebd618866207693c796bc26cace089be5280041a,9194,,,true
P03_BLACK_S_000024,P03,BLACK,S,image_000024.jpg,training/P03/BLACK/S/images/image_000024.jpg,c44a21f6b62fda08793a7663f7f9666a3bcab90b6c1499976af5d95df8ff1312,8692,,,true
P03_BLACK_S_000025,P03,BLACK,S,image_000025.jpg,training/P03/BLACK/S/images/image_000025.jpg,a9864f374db8bea7a39f36daae67c6c5e13b943f6f0df5c519ae4ff95467a484,8721,,,true
P03_BLACK_T_000001,P03,BLACK,T,image_000001.jpg,training/P03/BLACK/T/images/image_000001.jpg,e7f7a09787a146de10ef7ac10ae1cc2b9f20246ebdca623c9dc252652efed16d,9094,,,true
P03_BLACK_T_000002,P03,BLACK,T,image_000002.jpg,training/P03/BLACK/T/images/image_000002.jpg,c683feb5ec222cf3b3976e4a2395df5a4928f8f8f260f3597b1c9ee2f4fcacee,9388,,,true
P03_BLACK_T_000003,P03,BLACK,T,image_000003.jpg,training/P03/BLACK/T/images/image_000003.jpg,4925cad3842605ebdee22da662abcdd6fd22a9322cc1150600b86ac7bd4ac45a,9256,,,true
P03_BLACK_T_000004,P03,BLACK,T,image_000004.jpg,training/P03/BLACK/T/images/image_000004.jpg,cbbc0ff59318c32a261840b7b346273ddf069f097106ee3d96d757533c641ddd,9127,,,true
P03_BLACK_T_000005,P03,BLACK,T,image_000005.jpg,training/P03/BLACK/T/images/image_000005.jpg,58113b9102b194fdb54d375c05ab9994745b3ba799fd9d1ab96a4b8ece5202ee,9015,,,true
P03_BLACK_T_000006,P03,BLACK,T,image_000006.jpg,training/P03/BLACK/T/images/image_000006.jpg,76c236513b3c06dd6b6701a43496906a28a27daf5c06e0fdde7dc204324c0b96,9207,,,true
P03_BLACK_T_000007,P03,BLACK,T,image_000007.jpg,training/P03/BLACK/T/images/image_000007.jpg,0c8d9182f16744af0be011d5934d185912c30de1899dd64266c5e1a13e9ad534,9329,,,true
P03_BLACK_T_000008,P03,BLACK,T,image_000008.jpg,training/P03/BLACK/T/images/image_000008.jpg,955dc51b5ef622c64f58913d47767083d8e2125ffaa0046d0a146c3ed6b9b253,9417,,,true
P03_BLACK_T_000009,P03,BLACK,T,image_000009.jpg,training/P03/BLACK/T/images/image_000009.jpg,2a952abe079b169b7e22a9a78f137719bc084263663512a6b35a2e8710dff793,9162,,,true
P03_BLACK_T_000010,P03,BLACK,T,image_000010.jpg,training/P03/BLACK/T/images/image_000010.jpg,5ac037502e5dbf43cc85c239a7903f80eb0791181e3d4195b7508446e286cf44,9147,,,true
P03_BLACK_T_000011,P03,BLACK,T,image_000011.jpg,training/P03/BLACK/T/images/image_000011.jpg,6d3a4e6ee20a28a96b7a830147df8bef01344501e62280186f8e96ea2402a60e,9367,,,true
P03_BLACK_T_000012,P03,BLACK,T,image_000012.jpg,training/P03/BLACK/T/images/image_000012.jpg,c793950b82a8273081d9edad5313e9fcbafd5daca748091913c35e370f95f9f9,8994,,,true
P03_BLACK_T_000013,P03,BLACK,T,image_000013.jpg,training/P03/BLACK/T/images/image_000013.jpg,59383702daefdb3b66b48ae37a3b245d101ae4899e78ae4187a673c3ae2058f2,8888,,,true
P03_BLACK_T_000014,P03,BLACK,T,image_000014.jpg,training/P03/BLACK/T/images/image_000014.jpg,09488fcc60c78994aca291157598573f9a5269479312aaec8adb613ebbfb5e4e,8714,,,true
P03_BLACK_T_000015,P03,BLACK,T,image_000015.jpg,training/P03/BLACK/T/images/image_000015.jpg,5823544a389d3f3d9c184b018e68f3cb0a09a56dc72fdb8bdf138c2aec0bc9bb,8881,,,true
P03_BLACK_T_000016,P03,BLACK,T,image_000016.jpg,training/P03/BLACK/T/images/image_000016.jpg,986f99c8ced9347a484c8f45e3255aee2175d3d2f847a33b89150ad62f9f9739,8305,,,true
P03_BLACK_T_000017,P03,BLACK,T,image_000017.jpg,training/P03/BLACK/T/images/image_000017.jpg,a8e6aecaf18a46990d68892dc3db1f95c91feb07ca5aab7af717625ba4209b95,8185,,,true
P03_BLACK_T_000018,P03,BLACK,T,image_000018.jpg,training/P03/BLACK/T/images/image_000018.jpg,7ec4ed964e45f385a10c6afcda1628e8a730800426fc9e84849a34404c995d69,9585,,,true
P03_BLACK_T_000019,P03,BLACK,T,image_000019.jpg,training/P03/BLACK/T/images/image_000019.jpg,850fb602eedcfa1c36e6f06f15da2352930ee5de9089a295959429fdaef5663e,8480,,,true
P03_BLACK_T_000020,P03,BLACK,T,image_000020.jpg,training/P03/BLACK/T/images/image_000020.jpg,1b5731afcfc4306dbd4da0b8337a918c63525527189274af23f1b42665e774ca,8606,,,true
P03_BLACK_T_000021,P03,BLACK,T,image_000021.jpg,training/P03/BLACK/T/images/image_000021.jpg,900e68c91d11e97459f2eb4e30aa1d5f91a406a9e12ecab9a6cfe9a3c32bdd58,8716,,,true
P03_BLACK_T_000022,P03,BLACK,T,image_000022.jpg,training/P03/BLACK/T/images/image_000022.jpg,b6193a844b6b22a0cbe6e303a45a93e91b6f5fb1ce2af0dfa841ed21d4077fa5,8578,,,true
P03_BLACK_T_000023,P03,BLACK,T,image_000023.jpg,training/P03/BLACK/T/images/image_000023.jpg,a1b44bc7c22d8a83dc36c1ee67b9808f31ddb9d1ff6fae68fe0f101a7923fa7d,9089,,,true
P03_BLACK_T_000024,P03,BLACK,T,image_000024.jpg,training/P03/BLACK/T/images/image_000024.jpg,de405cd417676a5bca4a273601d4b402e9471016f5748048cbaddc5b1e1a7b86,9573,,,true
P03_BLACK_T_000025,P03,BLACK,T,image_000025.jpg,training/P03/BLACK/T/images/image_000025.jpg,49ff778394265f2859c6fc2f60196051992ca44461eb5ceca090234af97fb4fc,8845,,,true
P03_BLACK_U_000001,P03,BLACK,U,image_000001.jpg,training/P03/BLACK/U/images/image_000001.jpg,d15358f9518ea41f39ada775195162e54fd2d621ab38a3ffdd2a84079e395bc9,8605,,,true
P03_BLACK_U_000002,P03,BLACK,U,image_000002.jpg,training/P03/BLACK/U/images/image_000002.jpg,7f201126fa603dcd4d20d05b94307bc10335688373eaf9c8aa14cec13c5b37d2,8579,,,true
P03_BLACK_U_000003,P03,BLACK,U,image_000003.jpg,training/P03/BLACK/U/images/image_000003.jpg,174d381815692a3998b15547cc5aab1407056682e8bec0ed6a0adbc82bff3c06,8349,,,true
P03_BLACK_U_000004,P03,BLACK,U,image_000004.jpg,training/P03/BLACK/U/images/image_000004.jpg,d4cba76bbfdd93a9522368492759989aa328e1d5d6c7e6e975b4e65ec84be855,8711,,,true
P03_BLACK_U_000005,P03,BLACK,U,image_000005.jpg,training/P03/BLACK/U/images/image_000005.jpg,94229600cfc4f100a95c2e52a1d4217f33710f3603f03d1c0bb062cf25c52b5d,7858,,,true
P03_BLACK_U_000006,P03,BLACK,U,image_000006.jpg,training/P03/BLACK/U/images/image_000006.jpg,f00b3a2972eced1aee012cadae0970811ee7017f2c73112f0f96fd0505a6857d,8364,,,true
P03_BLACK_U_000007,P03,BLACK,U,image_000007.jpg,training/P03/BLACK/U/images/image_000007.jpg,d49f6cb1cc723979f84073ea5745467f124c81b1eed230cbe714b1af0fb9f3bd,8337,,,true
P03_BLACK_U_000008,P03,BLACK,U,image_000008.jpg,training/P03/BLACK/U/images/image_000008.jpg,501565072a5cd1c89662549a8a3c7d6058a457c61b95c8f580d8a22cd6c0e62c,8717,,,true
P03_BLACK_U_000009,P03,BLACK,U,image_000009.jpg,training/P03/BLACK/U/images/image_000009.jpg,dc21d0100f03e858b92416228c7468f3a95c8daa6993453fef159bb4008dd229,8870,,,true
P03_BLACK_U_000010,P03,BLACK,U,image_000010.jpg,training/P03/BLACK/U/images/image_000010.jpg,bcaf37aff3386b293a25be2ac30e4c704bcf838b1ad49f1362a30187dbd0861e,8744,,,true
P03_BLACK_U_000011,P03,BLACK,U,image_000011.jpg,training/P03/BLACK/U/images/image_000011.jpg,30f5b1e85258403f08295d54e7248fcfe61e596a5ff7b9b9c4c8c43e75946d7e,8689,,,true
P03_BLACK_U_000012,P03,BLACK,U,image_000012.jpg,training/P03/BLACK/U/images/image_000012.jpg,0b3a062335e4a1a3703859010beb08463bba9769427daf2c8fb6d81cb5deafeb,8416,,,true
P03_BLACK_U_000013,P03,BLACK,U,image_000013.jpg,training/P03/BLACK/U/images/image_000013.jpg,620ce3f11b80b784a25a6498f74dd7d1b98c0a0e542dca6cb1b0d85ddb86a9ad,8755,,,true
P03_BLACK_U_000014,P03,BLACK,U,image_000014.jpg,training/P03/BLACK/U/images/image_000014.jpg,1e627a0715afc1b51849d4b9339845d75103a4534991f6e1c8baa872e1e5c4be,8948,,,true
P03_BLACK_U_000015,P03,BLACK,U,image_000015.jpg,training/P03/BLACK/U/images/image_000015.jpg,b99b82113cb05fd8a8b10057faa596ec3800a0823a851cf0b86834c5ee1f122e,9119,,,true
P03_BLACK_U_000016,P03,BLACK,U,image_000016.jpg,training/P03/BLACK/U/images/image_000016.jpg,acb09c1cc517da7979af433b466ff0534e160763ff474df4d39d449481807b59,9053,,,true
P03_BLACK_U_000017,P03,BLACK,U,image_000017.jpg,training/P03/BLACK/U/images/image_000017.jpg,6136614cedf707adfea61d9e74f806e3aca4d58895d9541eec947dc925c046e6,8537,,,true
P03_BLACK_U_000018,P03,BLACK,U,image_000018.jpg,training/P03/BLACK/U/images/image_000018.jpg,a2d2937dbabce353a6c9b1d3e819ac794f8e9364be3a841204e5b303b4166978,8311,,,true
P03_BLACK_U_000019,P03,BLACK,U,image_000019.jpg,training/P03/BLACK/U/images/image_000019.jpg,5c56f13f3c921fd1443f123e9fe8ed0291b5c3ba75b0acad7b117987100606e6,8213,,,true
P03_BLACK_U_000020,P03,BLACK,U,image_000020.jpg,training/P03/BLACK/U/images/image_000020.jpg,6188a543a07d0da50a987ed03693b5b9753c940b8cf18377dbd95d68505b964f,9278,,,true
P03_BLACK_U_000021,P03,BLACK,U,image_000021.jpg,training/P03/BLACK/U/images/image_000021.jpg,db8da0b485b0d5c5359f1c4e0618e3f508392eae7b206a562d3163856ddd7200,8155,,,true
P03_BLACK_U_000022,P03,BLACK,U,image_000022.jpg,training/P03/BLACK/U/images/image_000022.jpg,a190e680c64c2e37a403da61cad833c3fa213b0bbd1d2ab0538e6abb6cdb7abc,7697,,,true
P03_BLACK_U_000023,P03,BLACK,U,image_000023.jpg,training/P03/BLACK/U/images/image_000023.jpg,baee64991d5a7881dee84b09bfbe983ecd028af33cb587d8052e231769be0ad4,7985,,,true
P03_BLACK_U_000024,P03,BLACK,U,image_000024.jpg,training/P03/BLACK/U/images/image_000024.jpg,00476fd7f66b067605ea604b45b4a2f5a76b0e0bd9904196f2addeedcff0e65b,8215,,,true
P03_BLACK_U_000025,P03,BLACK,U,image_000025.jpg,training/P03/BLACK/U/images/image_000025.jpg,0cb9c08883f16f741df2935af9a69fb03e62c40b850ff158545eee3b45b8b44b,8701,,,true
P03_BLACK_V_000001,P03,BLACK,V,image_000001.jpg,training/P03/BLACK/V/images/image_000001.jpg,45b0ac75d9b3c16ca02d23dc95fdebf604840a051d4476b4641363b9ae7cd723,9094,,,true
P03_BLACK_V_000002,P03,BLACK,V,image_000002.jpg,training/P03/BLACK/V/images/image_000002.jpg,7418ac187a4d47d02390d81ef67353175a2bf2e4a0ee1240e83db6472b539922,8863,,,true
P03_BLACK_V_000003,P03,BLACK,V,image_000003.jpg,training/P03/BLACK/V/images/image_000003.jpg,28805f54147b87bc20ec0a4ad0b376675ca1ccc602f67a9ce03e57d6875b8ea6,9102,,,true
P03_BLACK_V_000004,P03,BLACK,V,image_000004.jpg,training/P03/BLACK/V/images/image_000004.jpg,649e5018efa3f1a9c7a81a66d51ab559d1e45067a800d530383e61526f13503f,9427,,,true
P03_BLACK_V_000005,P03,BLACK,V,image_000005.jpg,training/P03/BLACK/V/images/image_000005.jpg,a5a40e441440fb1d8a94dc82cc6520d8687ac31ccd20332775793bd279b70aa9,8984,,,true
P03_BLACK_V_000006,P03,BLACK,V,image_000006.jpg,training/P03/BLACK/V/images/image_000006.jpg,0a321fce57f416548af5b399504b3e11eee2b24032abdb324b4c42658e829121,8830,,,true
P03_BLACK_V_000007,P03,BLACK,V,image_000007.jpg,training/P03/BLACK/V/images/image_000007.jpg,74ccd5ab33bbd31be290450275fd78f2964582930802b8163d0fe10b541a7212,9027,,,true
P03_BLACK_V_000008,P03,BLACK,V,image_000008.jpg,training/P03/BLACK/V/images/image_000008.jpg,2c68f288ede70d1454c29b80521ba3c31c7d56d8fa8185a3652936387fce37d1,9074,,,true
P03_BLACK_V_000009,P03,BLACK,V,image_000009.jpg,training/P03/BLACK/V/images/image_000009.jpg,7a161c1cf686855e86590d902e8ec958002da2d8fb920d138e89819740073121,9089,,,true
P03_BLACK_V_000010,P03,BLACK,V,image_000010.jpg,training/P03/BLACK/V/images/image_000010.jpg,0555ab03bbd21c19c915205fcbce3282a5b5ca66bf1454d4906e290556b82d27,9130,,,true
P03_BLACK_V_000011,P03,BLACK,V,image_000011.jpg,training/P03/BLACK/V/images/image_000011.jpg,565cfe3a44cb94d2e94927a25a98e53e7526baf020e550ac2f0fc864294e5ec5,9204,,,true
P03_BLACK_V_000012,P03,BLACK,V,image_000012.jpg,training/P03/BLACK/V/images/image_000012.jpg,4f457bfc9dccd8576c5fac4bba2aa86eafc91544bb6779e6203609fe16a0d717,9253,,,true
P03_BLACK_V_000013,P03,BLACK,V,image_000013.jpg,training/P03/BLACK/V/images/image_000013.jpg,b3e2133fd5cd85cb4c62beeca61870c4f8488f74755fff7dbc3587b9e9b058d3,8679,,,true
P03_BLACK_V_000014,P03,BLACK,V,image_000014.jpg,training/P03/BLACK/V/images/image_000014.jpg,dbd583363f81bd71703535bb4ccade4b4c2c9711a69b4c5b0e3a723b13f48f1c,9069,,,true
P03_BLACK_V_000015,P03,BLACK,V,image_000015.jpg,training/P03/BLACK/V/images/image_000015.jpg,47d33da471b0a104311b61776fc10d845a8db6a7add8343ed2682f526fb3177a,8896,,,true
P03_BLACK_V_000016,P03,BLACK,V,image_000016.jpg,training/P03/BLACK/V/images/image_000016.jpg,67624c868d4a4d573466818aab050c336de2772807db9688690b889130320d1b,8690,,,true
P03_BLACK_V_000017,P03,BLACK,V,image_000017.jpg,training/P03/BLACK/V/images/image_000017.jpg,5e11c93fca403f5b6f6a9a066602d38be0ccfcbed6ab8be5737ce5668a7e1ca5,8661,,,true
P03_BLACK_V_000018,P03,BLACK,V,image_000018.jpg,training/P03/BLACK/V/images/image_000018.jpg,ccb3c8a5be6c1e31bf18a4bd94787204791481c98c1252e19650aa3286de4539,8638,,,true
P03_BLACK_V_000019,P03,BLACK,V,image_000019.jpg,training/P03/BLACK/V/images/image_000019.jpg,f799a5f01655e3551f2a0745d73cf8d40f47c2bf248f8a81e20de51f20e73d84,8929,,,true
P03_BLACK_V_000020,P03,BLACK,V,image_000020.jpg,training/P03/BLACK/V/images/image_000020.jpg,086886bb90dee303d53fa04f3cf597b165614927ca58461ca62782bfabd69035,9119,,,true
P03_BLACK_V_000021,P03,BLACK,V,image_000021.jpg,training/P03/BLACK/V/images/image_000021.jpg,06e99167ef63a5c4f24b862d89adbd6e36ba13fd84fb5f151d64d8d39a10ce4c,8820,,,true
P03_BLACK_V_000022,P03,BLACK,V,image_000022.jpg,training/P03/BLACK/V/images/image_000022.jpg,4fc4194fe02c8d41fdae5deb3d884383ad9032635fa91ac67c6d02139627e0ea,8968,,,true
P03_BLACK_V_000023,P03,BLACK,V,image_000023.jpg,training/P03/BLACK/V/images/image_000023.jpg,7bc80e4a6fb5565b12a2ade270347aafa51530cdc9190b478dbddb1b98bdc159,8958,,,true
P03_BLACK_V_000024,P03,BLACK,V,image_000024.jpg,training/P03/BLACK/V/images/image_000024.jpg,47df3a7e45bc3b14f708de184d9739babcb0ff4e824a4b4fbce1f0342726cbb5,8794,,,true
P03_BLACK_V_000025,P03,BLACK,V,image_000025.jpg,training/P03/BLACK/V/images/image_000025.jpg,399b95b3a438842370abfb0c30dd17d14d3138a5aa35ad69b060b88850112ad3,8904,,,true
P03_BLACK_W_000001,P03,BLACK,W,image_000001.jpg,training/P03/BLACK/W/images/image_000001.jpg,077b5091223cf4006378cd5b16ccb192e062faa1e4bdab4c876a56ecde820633,9074,,,true
P03_BLACK_W_000002,P03,BLACK,W,image_000002.jpg,training/P03/BLACK/W/images/image_000002.jpg,6136bfee90cf5b97d0a919c934ea4a5fd7aa01c4ae60ce35eee2e8a601fc525e,9297,,,true
P03_BLACK_W_000003,P03,BLACK,W,image_000003.jpg,training/P03/BLACK/W/images/image_000003.jpg,d12141237ce9b2e8d5a2ae1277790766d0fff398010d1cdfb8786edb479aa148,9294,,,true
P03_BLACK_W_000004,P03,BLACK,W,image_000004.jpg,training/P03/BLACK/W/images/image_000004.jpg,57276ce19e8078fd2cd9823bd98c0cb9ccbc0dfaf7d122f184f74a065801fe05,9474,,,true
P03_BLACK_W_000005,P03,BLACK,W,image_000005.jpg,training/P03/BLACK/W/images/image_000005.jpg,d71b43667860af6c30e009fa0a77fc345aaa4129b587f47ec66b507e8db3a25d,9255,,,true
P03_BLACK_W_000006,P03,BLACK,W,image_000006.jpg,training/P03/BLACK/W/images/image_000006.jpg,f1d20b6be44b5132428931eff72e3ae70635832933d97fb9bc9bf5275e758c22,9000,,,true
P03_BLACK_W_000007,P03,BLACK,W,image_000007.jpg,training/P03/BLACK/W/images/image_000007.jpg,1e95a0870e5ac3ff2a5db4b0d98e4ff19b4800b67addcad86862d545a4ffdd33,8911,,,true
P03_BLACK_W_000008,P03,BLACK,W,image_000008.jpg,training/P03/BLACK/W/images/image_000008.jpg,ae467559d199d31c44f9343471d43be3fc82ee69be025b520b90f450ed1fb507,8754,,,true
P03_BLACK_W_000009,P03,BLACK,W,image_000009.jpg,training/P03/BLACK/W/images/image_000009.jpg,c435667aa0a1f7e01a77921dac3aded6ded4a6955dc307680dab2d089aaeb87e,8610,,,true
P03_BLACK_W_000010,P03,BLACK,W,image_000010.jpg,training/P03/BLACK/W/images/image_000010.jpg,6f87ba3813cb60187f73a15c57ee36a3a3341be3f8ead913b3a3a690600e1678,8216,,,true
P03_BLACK_W_000011,P03,BLACK,W,image_000011.jpg,training/P03/BLACK/W/images/image_000011.jpg,2925f34916f43e45b700caf5c8cc2eee4b3fc48478c58f7c25abb72679eb8e1d,8769,,,true
P03_BLACK_W_000012,P03,BLACK,W,image_000012.jpg,training/P03/BLACK/W/images/image_000012.jpg,7cc843da09696e50eef8424e4ff9342df06d1579bb5a6b12f22f5c8b35e04609,9079,,,true
P03_BLACK_W_000013,P03,BLACK,W,image_000013.jpg,training/P03/BLACK/W/images/image_000013.jpg,4d6ec3e6bc888c366eff775e17c89cf958d4ed1ce28d71999832187b0d2a7152,9031,,,true
P03_BLACK_W_000014,P03,BLACK,W,image_000014.jpg,training/P03/BLACK/W/images/image_000014.jpg,108f72e356959b9bcbaa077724da6b4cf284a2b7579a6fbbd78399df9d6ca9f0,9050,,,true
P03_BLACK_W_000015,P03,BLACK,W,image_000015.jpg,training/P03/BLACK/W/images/image_000015.jpg,0f7fbf24ecdd8913a00a193259caf3544a4f628c14d46ea24adc6337a0d32ade,9189,,,true
P03_BLACK_W_000016,P03,BLACK,W,image_000016.jpg,training/P03/BLACK/W/images/image_000016.jpg,96c971a194b4f97a4b7013f5dc88f6ace824c5d4612efa4b7113c8220a8b9458,8969,,,true
P03_BLACK_W_000017,P03,BLACK,W,image_000017.jpg,training/P03/BLACK/W/images/image_000017.jpg,0abaa645c03f7afbb8ebbe61af46abf5aa6ceb7e5defe2776e63b9e342565e7b,9225,,,true
P03_BLACK_W_000018,P03,BLACK,W,image_000018.jpg,training/P03/BLACK/W/images/image_000018.jpg,3f0b96b92ea3f184a9bd9c8497ea15cc9c24bd0f72eda67af85249841c09e4ee,9543,,,true
P03_BLACK_W_000019,P03,BLACK,W,image_000019.jpg,training/P03/BLACK/W/images/image_000019.jpg,c3677a5943ad4f056607962553ce69ed35c74b967972b48d8abd48b5bbb62dca,8945,,,true
P03_BLACK_W_000020,P03,BLACK,W,image_000020.jpg,training/P03/BLACK/W/images/image_000020.jpg,eae4f20e89e0c40fa32fde17f2a19ef1c3acaf7de2c405c4f7a547196987b1e7,8809,,,true
P03_BLACK_W_000021,P03,BLACK,W,image_000021.jpg,training/P03/BLACK/W/images/image_000021.jpg,455a903033ee44759353e1674d7c6cb4a63eda4650b15e30490ac9f909eaca0b,9083,,,true
P03_BLACK_W_000022,P03,BLACK,W,image_000022.jpg,training/P03/BLACK/W/images/image_000022.jpg,f444e55594ebfabfce6578bd1861474b98e3dba66dd7ece23afc1e89798d7bcf,8910,,,true
P03_BLACK_W_000023,P03,BLACK,W,image_000023.jpg,training/P03/BLACK/W/images/image_000023.jpg,f328e08b1dd4f7e23ffccb19924cce6ced8867fd84bb7800b26bcce366caf8c1,9772,,,true
P03_BLACK_W_000024,P03,BLACK,W,image_000024.jpg,training/P03/BLACK/W/images/image_000024.jpg,c97c15f54ede0a7626022f746e2063f1c5a0b49713493b3d6c88b21d3dcb205b,9171,,,true
P03_BLACK_W_000025,P03,BLACK,W,image_000025.jpg,training/P03/BLACK/W/images/image_000025.jpg,e29cc69903562ba79ae3550fc54beb92ab9d33d6cf6481a4b2000cb78a5dde4c,8797,,,true
P03_BLACK_Y_000001,P03,BLACK,Y,image_000001.jpg,training/P03/BLACK/Y/images/image_000001.jpg,d469a984e0348fe594611f8506a0719d69e34b2ade30baa7a8e16bf23e7a2599,8913,,,true
P03_BLACK_Y_000002,P03,BLACK,Y,image_000002.jpg,training/P03/BLACK/Y/images/image_000002.jpg,f39cab8396f6f0ced00bb5f6992936c3da8dddf311dc367e52ee978b43b966fe,8828,,,true
P03_BLACK_Y_000003,P03,BLACK,Y,image_000003.jpg,training/P03/BLACK/Y/images/image_000003.jpg,965263ff64f0e0f1f6ac7bd00d26e93ec3638acfcaa8f4a10fa23b018281c2d9,8798,,,true
P03_BLACK_Y_000004,P03,BLACK,Y,image_000004.jpg,training/P03/BLACK/Y/images/image_000004.jpg,a6ec9e059cb772ab5e123dd5c2cca6599cd85717995121c4a73a1e28aa557fde,8913,,,true
P03_BLACK_Y_000005,P03,BLACK,Y,image_000005.jpg,training/P03/BLACK/Y/images/image_000005.jpg,56eef075bf12dd64697bf9c517b46ef1df3891151f880081fc6ddd6da91c048e,8710,,,true
P03_BLACK_Y_000006,P03,BLACK,Y,image_000006.jpg,training/P03/BLACK/Y/images/image_000006.jpg,d94ae3cc33d0e70531d4966259dfecf1f5a7e3975e82e8287da3ca439ed0b8a0,8567,,,true
P03_BLACK_Y_000007,P03,BLACK,Y,image_000007.jpg,training/P03/BLACK/Y/images/image_000007.jpg,d61ad88decbb604846779b34c1814b7895fd83151a5263799117e0f2e079a3f1,8849,,,true
P03_BLACK_Y_000008,P03,BLACK,Y,image_000008.jpg,training/P03/BLACK/Y/images/image_000008.jpg,ef9f84c4898454f367aff5d99c423ba205d890d01baeec8ada9955bf90babee7,8870,,,true
P03_BLACK_Y_000009,P03,BLACK,Y,image_000009.jpg,training/P03/BLACK/Y/images/image_000009.jpg,8a5ce60eda41971235bddac034b651d30de87e184b3af55ac1de06b1ad16c8aa,9280,,,true
P03_BLACK_Y_000010,P03,BLACK,Y,image_000010.jpg,training/P03/BLACK/Y/images/image_000010.jpg,95957f89094d8817f9383f9bbcdde3380902e48af9cea0bd02ec0f5c6ef84b5f,9068,,,true
P03_BLACK_Y_000011,P03,BLACK,Y,image_000011.jpg,training/P03/BLACK/Y/images/image_000011.jpg,fab18fe4c885451d529dd744d776a26a944d55444eafa160201da1234d5b9181,8764,,,true
P03_BLACK_Y_000012,P03,BLACK,Y,image_000012.jpg,training/P03/BLACK/Y/images/image_000012.jpg,d497644afb734d23e714209f2c9f71598b75e25d3e3f6dcd518b8000a9328d0d,8435,,,true
P03_BLACK_Y_000013,P03,BLACK,Y,image_000013.jpg,training/P03/BLACK/Y/images/image_000013.jpg,ab1e9ced0811eb43e3664a792fe92a4cfa060c748b8a1c6e46064d7981a15fc3,8353,,,true
P03_BLACK_Y_000014,P03,BLACK,Y,image_000014.jpg,training/P03/BLACK/Y/images/image_000014.jpg,705f17d6e0f3336693e22dd08f2630d92eb58455543fdf2a7965ad7661e4a635,8589,,,true
P03_BLACK_Y_000015,P03,BLACK,Y,image_000015.jpg,training/P03/BLACK/Y/images/image_000015.jpg,d45fc90ea2b4d51d22064165d718c8e0f68a20d173cfa8ccfb82e7283cf73a24,8829,,,true
P03_BLACK_Y_000016,P03,BLACK,Y,image_000016.jpg,training/P03/BLACK/Y/images/image_000016.jpg,0db80a8c25f2c1a6372c72964197d7126c9cae88f33f37f814baf8bee032a73e,9053,,,true
P03_BLACK_Y_000017,P03,BLACK,Y,image_000017.jpg,training/P03/BLACK/Y/images/image_000017.jpg,e3a829a9857763c9867cef55aa35b4611dffd5f335ff43c86d55cdcad90aacfa,8726,,,true
P03_BLACK_Y_000018,P03,BLACK,Y,image_000018.jpg,training/P03/BLACK/Y/images/image_000018.jpg,b1ccc6e0ca52821470590e62a34db111656ab38582012b3beab75657de2e18eb,8839,,,true
P03_BLACK_Y_000019,P03,BLACK,Y,image_000019.jpg,training/P03/BLACK/Y/images/image_000019.jpg,e2b5b5928f25398a1d329679819b57899aa633a97721b80e36c07cae425e117d,8659,,,true
P03_BLACK_Y_000020,P03,BLACK,Y,image_000020.jpg,training/P03/BLACK/Y/images/image_000020.jpg,08a5bd759abbd95c19a1ae29ba291d492d6e203cf0960cab780cea04d0cad324,8747,,,true
P03_BLACK_Y_000021,P03,BLACK,Y,image_000021.jpg,training/P03/BLACK/Y/images/image_000021.jpg,4780c7c644cefabf7cdf9bffd861979e4a1157dc1b56ac22ae3df20ca3cab5b8,8384,,,true
P03_BLACK_Y_000022,P03,BLACK,Y,image_000022.jpg,training/P03/BLACK/Y/images/image_000022.jpg,110f05a794842cbd6c0bf206c4000bc535372eb1620aadcc12a2915d8499bfd9,8587,,,true
P03_BLACK_Y_000023,P03,BLACK,Y,image_000023.jpg,training/P03/BLACK/Y/images/image_000023.jpg,bf21a41e68c13b25e974f6758a7a37b5c16bf05f08160b387a3963f404bfc74f,8711,,,true
P03_BLACK_Y_000024,P03,BLACK,Y,image_000024.jpg,training/P03/BLACK/Y/images/image_000024.jpg,52634d524797e4487e39705e0d6f44129ed9e6b9cb2bb1d07defce23822e36f0,8696,,,true
P03_BLACK_Y_000025,P03,BLACK,Y,image_000025.jpg,training/P03/BLACK/Y/images/image_000025.jpg,8fb37335d13dfbabfca232f6ec8694f1348fc994f28751bea6aaaae57d859ca8,8665,,,true
P03_BLUE_A_000001,P03,BLUE,A,image_000001.jpg,training/P03/BLUE/A/images/image_000001.jpg,cac1d3d1e8a5a1816f80fd5e09dbd0ec020c408c89c64c0372acc19fe042bc90,10494,,,true
P03_BLUE_A_000002,P03,BLUE,A,image_000002.jpg,training/P03/BLUE/A/images/image_000002.jpg,53808be8b98a109b9b3c376309a3f242465930fc94e5fb2012f2670fe5322bc0,10288,,,true
P03_BLUE_A_000003,P03,BLUE,A,image_000003.jpg,training/P03/BLUE/A/images/image_000003.jpg,721eadb2f4ad648edebb152b567fa96d334c794798dd3875f31eae4cf3fa81f5,10298,,,true
P03_BLUE_A_000004,P03,BLUE,A,image_000004.jpg,training/P03/BLUE/A/images/image_000004.jpg,98e5181aa1e63c6fe6bd9c19c12d70108cae2e60dcd24f6e717f5dc3302d474a,10301,,,true
P03_BLUE_A_000005,P03,BLUE,A,image_000005.jpg,training/P03/BLUE/A/images/image_000005.jpg,20609223bc37db7637410200b2980538d34fc53391e113ceaa70a4922b1e303b,10420,,,true
P03_BLUE_A_000006,P03,BLUE,A,image_000006.jpg,training/P03/BLUE/A/images/image_000006.jpg,7af6192b211062fb444a5f04e61a72a57df49a8ef106ba29da4d66584722511b,10169,,,true
P03_BLUE_A_000007,P03,BLUE,A,image_000007.jpg,training/P03/BLUE/A/images/image_000007.jpg,7d86ffa5d06313ec17c8a01ef624e5067b368e1d95829add159ab7a8b6178522,10498,,,true
P03_BLUE_A_000008,P03,BLUE,A,image_000008.jpg,training/P03/BLUE/A/images/image_000008.jpg,79b6fb477433ce84203cc96bbc67fe9043fb9b91f0b15908942c2d9edade44c8,8788,,,true
P03_BLUE_A_000009,P03,BLUE,A,image_000009.jpg,training/P03/BLUE/A/images/image_000009.jpg,9a3282dd7f4bc157a5f52fc59eb49d7b6576ab10f01ca1875c692873bc4e125b,8956,,,true
P03_BLUE_A_000010,P03,BLUE,A,image_000010.jpg,training/P03/BLUE/A/images/image_000010.jpg,16341ee62f0dd2801b1635fda813d50e21d656cb375bca69e8b90e61a4e20c79,9358,,,true
P03_BLUE_A_000011,P03,BLUE,A,image_000011.jpg,training/P03/BLUE/A/images/image_000011.jpg,f4e441a80f0707a0893e1d8ff407c55686d4a66e4532732fff11a944ae0bf76d,9456,,,true
P03_BLUE_A_000012,P03,BLUE,A,image_000012.jpg,training/P03/BLUE/A/images/image_000012.jpg,4d583aa0291b5354b57595f85a74469566abd36787479489fa10e9cde41f18e2,9554,,,true
P03_BLUE_A_000013,P03,BLUE,A,image_000013.jpg,training/P03/BLUE/A/images/image_000013.jpg,cf7260f734fd1d37aa452f643039b05c7781e94ea27236e535a0246627c2762b,9434,,,true
P03_BLUE_A_000014,P03,BLUE,A,image_000014.jpg,training/P03/BLUE/A/images/image_000014.jpg,d8a99aa7047abb6f262fbf392b7ab7cf1274e578c866dbcaa92a96628367ad10,9351,,,true
P03_BLUE_A_000015,P03,BLUE,A,image_000015.jpg,training/P03/BLUE/A/images/image_000015.jpg,c89f09be71793bddfbe33c53a331fb5901dbff8ef3a88c41a168e701f4eadbb3,9391,,,true
P03_BLUE_A_000016,P03,BLUE,A,image_000016.jpg,training/P03/BLUE/A/images/image_000016.jpg,59acdbecc2d3bbd917d90739e050c7d882504661dbf19e896e55d56a47cbfe9c,9130,,,true
P03_BLUE_A_000017,P03,BLUE,A,image_000017.jpg,training/P03/BLUE/A/images/image_000017.jpg,596fed08adda1f945f1dd972f601472b85c80aba7c8931e6bc11524c3abeab30,9217,,,true
P03_BLUE_A_000018,P03,BLUE,A,image_000018.jpg,training/P03/BLUE/A/images/image_000018.jpg,eca5b541fa412dbe0a4d0968b5c0191e3e31440545d1000177e46c3eac9a3a11,8971,,,true
P03_BLUE_A_000019,P03,BLUE,A,image_000019.jpg,training/P03/BLUE/A/images/image_000019.jpg,e503879d2311b19578190d6faedfa518fc91eed590b7c331d326c0855d017331,8886,,,true
P03_BLUE_A_000020,P03,BLUE,A,image_000020.jpg,training/P03/BLUE/A/images/image_000020.jpg,2bee78b06cbd1ccb42f992498dda1b77ac38c87f104f2a629e604eaea78269a1,9019,,,true
P03_BLUE_A_000021,P03,BLUE,A,image_000021.jpg,training/P03/BLUE/A/images/image_000021.jpg,f11cb4e19716b1e5197c35034e47ccec00c78fbe3cdf2c7e8edfd9d317b9ad62,8646,,,true
P03_BLUE_A_000022,P03,BLUE,A,image_000022.jpg,training/P03/BLUE/A/images/image_000022.jpg,4d01fcaa44d150741452d2b1911a61b324efd9727955986904f1797bdd07fdda,8910,,,true
P03_BLUE_A_000023,P03,BLUE,A,image_000023.jpg,training/P03/BLUE/A/images/image_000023.jpg,6578572a4131ff01d96ff9307ec0fc05b384fc826e0f2ea939fe982e140fe08c,8257,,,true
P03_BLUE_A_000024,P03,BLUE,A,image_000024.jpg,training/P03/BLUE/A/images/image_000024.jpg,8163ab1fbdab36bf97dbb044c6a2efd0deed15a961134425dbb6ebc68a1eaf86,9011,,,true
P03_BLUE_A_000025,P03,BLUE,A,image_000025.jpg,training/P03/BLUE/A/images/image_000025.jpg,efc288ac647eb66cce7812acce84d821d0820bba4f551ca00c0b6cc5878e66f6,8917,,,true
P03_BLUE_B_000001,P03,BLUE,B,image_000001.jpg,training/P03/BLUE/B/images/image_000001.jpg,f455e7ea266ce4b2018d0a3dcb83e4ca87cc9e4be354ec2f5b3730b01ef08b0e,10581,,,true
P03_BLUE_B_000002,P03,BLUE,B,image_000002.jpg,training/P03/BLUE/B/images/image_000002.jpg,1d755e35a4cb1751d55b76a8c8dd6ef7a3034bff50404370fb41ecaf13faf191,10346,,,true
P03_BLUE_B_000003,P03,BLUE,B,image_000003.jpg,training/P03/BLUE/B/images/image_000003.jpg,9907f549cd7f3fd5ff6b6e5d24f65988df7a5711bde8d1a939df99add6fc09a0,10307,,,true
P03_BLUE_B_000004,P03,BLUE,B,image_000004.jpg,training/P03/BLUE/B/images/image_000004.jpg,2a551e744f49da347ebf8051c6eafd62d3ab72ac7500ce7db8749462cca3f0fc,10234,,,true
P03_BLUE_B_000005,P03,BLUE,B,image_000005.jpg,training/P03/BLUE/B/images/image_000005.jpg,2583575a94ec9e024855bd2e1627514ae4c855e8dfc062746a0b04caa8f49fc5,9987,,,true
P03_BLUE_B_000006,P03,BLUE,B,image_000006.jpg,training/P03/BLUE/B/images/image_000006.jpg,f9d5031ce361d8b66ee679b1930840e611edd272a6f73f8b29ef7cfd617e20df,10067,,,true
P03_BLUE_B_000007,P03,BLUE,B,image_000007.jpg,training/P03/BLUE/B/images/image_000007.jpg,fcef84e4574405f0a4476bbf23452ec315d802a0e1ef8faee1bd0d17d53d396b,10023,,,true
P03_BLUE_B_000008,P03,BLUE,B,image_000008.jpg,training/P03/BLUE/B/images/image_000008.jpg,155d1e9e17889df2b5cb011e34ab8fb171f52b09729f14b99e35042e8e511896,10023,,,true
P03_BLUE_B_000009,P03,BLUE,B,image_000009.jpg,training/P03/BLUE/B/images/image_000009.jpg,0c89ed656143711539b0f2ff6e2fb1a79b1bbd3b22847620845119c14f0acacd,10078,,,true
P03_BLUE_B_000010,P03,BLUE,B,image_000010.jpg,training/P03/BLUE/B/images/image_000010.jpg,15bb000512e8ce9481d29a37dd9f17105f5309477ed636558068664edbd95989,10163,,,true
P03_BLUE_B_000011,P03,BLUE,B,image_000011.jpg,training/P03/BLUE/B/images/image_000011.jpg,89d627af7d596d0bfce6f610aa5a30a1b68ce0fb4e8e05c76a2a125882faad64,10277,,,true
P03_BLUE_B_000012,P03,BLUE,B,image_000012.jpg,training/P03/BLUE/B/images/image_000012.jpg,bb7911a6d1b90ce6136beb6004f994bfe5f25381763a6aef51f3ae947dd5ac32,10142,,,true
P03_BLUE_B_000013,P03,BLUE,B,image_000013.jpg,training/P03/BLUE/B/images/image_000013.jpg,283fabc337c9ba23e8598ae5dec4c4883d21315bc79781e92d959af4046b22c3,10262,,,true
P03_BLUE_B_000014,P03,BLUE,B,image_000014.jpg,training/P03/BLUE/B/images/image_000014.jpg,cea0a10fa9f4ce8a0ea315b862f8bcda4c27cf4a3da074d8da963bc709f9eed0,10081,,,true
P03_BLUE_B_000015,P03,BLUE,B,image_000015.jpg,training/P03/BLUE/B/images/image_000015.jpg,884db11d1c9a0d3d5937b7c3e295cb17af67cdbc5fac06f862bf952605146961,10067,,,true
P03_BLUE_B_000016,P03,BLUE,B,image_000016.jpg,training/P03/BLUE/B/images/image_000016.jpg,a173e3395f9d410ca02473a555ce4a040960ba59006b42cc954403ecbaf52fc2,10030,,,true
P03_BLUE_B_000017,P03,BLUE,B,image_000017.jpg,training/P03/BLUE/B/images/image_000017.jpg,f998935029bd9fff803a30f7e61c79ac63815f0e784e9421db5b219d04d77330,10232,,,true
P03_BLUE_B_000018,P03,BLUE,B,image_000018.jpg,training/P03/BLUE/B/images/image_000018.jpg,f851bc279fe556ce432abffdc2f031ab22d4dec3b87fba738822aab859c7a868,9941,,,true
P03_BLUE_B_000019,P03,BLUE,B,image_000019.jpg,training/P03/BLUE/B/images/image_000019.jpg,19b6782929c88eafffee30b3c77116176d12a1962a2b3b9b1e0974ff4eb83a3d,9965,,,true
P03_BLUE_B_000020,P03,BLUE,B,image_000020.jpg,training/P03/BLUE/B/images/image_000020.jpg,b9a70ad2c2f0cff885ee2c57e0454900f364d8e1f67fd9845b335ef8e12371b7,10293,,,true
P03_BLUE_B_000021,P03,BLUE,B,image_000021.jpg,training/P03/BLUE/B/images/image_000021.jpg,2dc4cdd27e8c8a915750c90273501cfb5d908ad8cd6167d02db15673d9cc3744,9834,,,true
P03_BLUE_B_000022,P03,BLUE,B,image_000022.jpg,training/P03/BLUE/B/images/image_000022.jpg,9bf0952aa2a5a920d9a2a6f9add38dab87a6c435c30f83a2987fa9f470f24c24,9896,,,true
P03_BLUE_B_000023,P03,BLUE,B,image_000023.jpg,training/P03/BLUE/B/images/image_000023.jpg,1a7eda8b902387c86eb0127c1ad4b8f239ea0fd11ee07d576e406be8b3db1423,10496,,,true
P03_BLUE_B_000024,P03,BLUE,B,image_000024.jpg,training/P03/BLUE/B/images/image_000024.jpg,947911b0620869264a677b8492acb2529677bb26acd267ebe78e6bba20ff88bb,10332,,,true
P03_BLUE_B_000025,P03,BLUE,B,image_000025.jpg,training/P03/BLUE/B/images/image_000025.jpg,e945ca6b1b3b8ea01cce6e29364a878a2a91128313f653363d5f65ad46a41dc3,10244,,,true
P03_BLUE_C_000001,P03,BLUE,C,image_000001.jpg,training/P03/BLUE/C/images/image_000001.jpg,4d6504a44add2c3714bb185d943cab535b31b5136844861109405c9a52e85072,10608,,,true
P03_BLUE_C_000002,P03,BLUE,C,image_000002.jpg,training/P03/BLUE/C/images/image_000002.jpg,a5e36862332165d58429461f19a05aa12297f5e4816f2819122ec8e7599efd26,10611,,,true
P03_BLUE_C_000003,P03,BLUE,C,image_000003.jpg,training/P03/BLUE/C/images/image_000003.jpg,a025914d1b8b17b3677f74ee5ebae7c5b472f656af481539440d6772cf1cac37,10378,,,true
P03_BLUE_C_000004,P03,BLUE,C,image_000004.jpg,training/P03/BLUE/C/images/image_000004.jpg,54cfebcfc6282b6e35750e0046669cb36a6ef13f1c7746cbe2d9f76e8a9de9e7,10178,,,true
P03_BLUE_C_000005,P03,BLUE,C,image_000005.jpg,training/P03/BLUE/C/images/image_000005.jpg,409201c5cf9a06f8ed05ac5b608b523528359de170316074d5ec46711c50a705,10314,,,true
P03_BLUE_C_000006,P03,BLUE,C,image_000006.jpg,training/P03/BLUE/C/images/image_000006.jpg,10709fd139eb4fe0a56b85fb17ad8ad6a61ccd4b4efc7e661e2ebe41391a79ce,10248,,,true
P03_BLUE_C_000007,P03,BLUE,C,image_000007.jpg,training/P03/BLUE/C/images/image_000007.jpg,c3bc64023b049bcfb9dd4520e9f8239f1d7a1f076d967a2645c08d3ee0978852,10231,,,true
P03_BLUE_C_000008,P03,BLUE,C,image_000008.jpg,training/P03/BLUE/C/images/image_000008.jpg,18a5ad8a80def0df015a39d52681408b2ae51d11c8890a2b7c8ecfe78b119323,10504,,,true
P03_BLUE_C_000009,P03,BLUE,C,image_000009.jpg,training/P03/BLUE/C/images/image_000009.jpg,db52ebc934cc3a19530a10034b63815dbe7dc859c77bc6f1a301185342eb9c95,10186,,,true
P03_BLUE_C_000010,P03,BLUE,C,image_000010.jpg,training/P03/BLUE/C/images/image_000010.jpg,78c088a4dddcb4f9b80bc18be4d026275676eb1e6e6d98a91fad51f585f8756b,10332,,,true
P03_BLUE_C_000011,P03,BLUE,C,image_000011.jpg,training/P03/BLUE/C/images/image_000011.jpg,29763f173f6836a13040e4fd190e43e067fd8b527bcfd6b8eac42957d586d595,10044,,,true
P03_BLUE_C_000012,P03,BLUE,C,image_000012.jpg,training/P03/BLUE/C/images/image_000012.jpg,f063abaa8f5bb26dccbaa5d404aba4d752096c750b8b3fc4a18f7ef79e9ef8fe,10411,,,true
P03_BLUE_C_000013,P03,BLUE,C,image_000013.jpg,training/P03/BLUE/C/images/image_000013.jpg,a26425bd830b3e12db4f7793dea312480e530048d191124817201cc031f0b616,10594,,,true
P03_BLUE_C_000014,P03,BLUE,C,image_000014.jpg,training/P03/BLUE/C/images/image_000014.jpg,0f11487ea85e40c0dfd15f7046bf09ee72ac3e75ecf039d7d40cc4d0cd7251da,10345,,,true
P03_BLUE_C_000015,P03,BLUE,C,image_000015.jpg,training/P03/BLUE/C/images/image_000015.jpg,6814a58a7f690b1b53684b72b395c83f565f3130a91895e5a05b680b17cf3baa,10165,,,true
P03_BLUE_C_000016,P03,BLUE,C,image_000016.jpg,training/P03/BLUE/C/images/image_000016.jpg,8cae25571fe082c6d1fbc7a750a8abc0b65a8f92e12b43d0a583ef7d0edfa20e,10491,,,true
P03_BLUE_C_000017,P03,BLUE,C,image_000017.jpg,training/P03/BLUE/C/images/image_000017.jpg,cfacd9458d3cc1bb1cc41ea7e334606394c5bb95163ff5baff10ba94dcd35cc1,10484,,,true
P03_BLUE_C_000018,P03,BLUE,C,image_000018.jpg,training/P03/BLUE/C/images/image_000018.jpg,f03b4e4a2c429e14a413f7a2a43f29d9b4439b736f97a7ea6d38332fd39fc843,10537,,,true
P03_BLUE_C_000019,P03,BLUE,C,image_000019.jpg,training/P03/BLUE/C/images/image_000019.jpg,8529b142a1da38f825d24d9fe220182e3480d3617498333257c54e54ab44d591,10263,,,true
P03_BLUE_C_000020,P03,BLUE,C,image_000020.jpg,training/P03/BLUE/C/images/image_000020.jpg,fe9f639185bbea7d23ce35e245fccecc2c9fa4d40629ca457b6905b2a71552aa,10108,,,true
P03_BLUE_C_000021,P03,BLUE,C,image_000021.jpg,training/P03/BLUE/C/images/image_000021.jpg,fa89e806080a93885c46983dbad4cae9d64e06722098b309481cdc9702036b93,10346,,,true
P03_BLUE_C_000022,P03,BLUE,C,image_000022.jpg,training/P03/BLUE/C/images/image_000022.jpg,7a35f3f5c78a19079a33ac2118518d0cdae3dd1761fbe3f3847ada0997c277a2,10185,,,true
P03_BLUE_C_000023,P03,BLUE,C,image_000023.jpg,training/P03/BLUE/C/images/image_000023.jpg,6a4d78da2da9f2644015e01850a0f04f81c2cdf8d5051b5f7d34e3059c3487be,10260,,,true
P03_BLUE_C_000024,P03,BLUE,C,image_000024.jpg,training/P03/BLUE/C/images/image_000024.jpg,2c67c92ae7b54fe0d1fcce2891af05b9bae271556509965b3e33bc27b5d97cdb,10388,,,true
P03_BLUE_C_000025,P03,BLUE,C,image_000025.jpg,training/P03/BLUE/C/images/image_000025.jpg,ea3b1e782245db5ea532952c5e77a117112fd9f79a85631cf803debbe60f6438,10035,,,true
P03_BLUE_E_000001,P03,BLUE,E,image_000001.jpg,training/P03/BLUE/E/images/image_000001.jpg,c386eaeed0e5194848b902076d6c899785255fb511e4140aa94a214013765a5c,10539,,,true
P03_BLUE_E_000002,P03,BLUE,E,image_000002.jpg,training/P03/BLUE/E/images/image_000002.jpg,10e13eec208afd4c57719e463b7917af5d2e28c714bea163847a877eb457f889,10399,,,true
P03_BLUE_E_000003,P03,BLUE,E,image_000003.jpg,training/P03/BLUE/E/images/image_000003.jpg,e608559bbda769b78860fd602b90ced813edb9e3cd68d5d5b94d2d377a9a0809,10515,,,true
P03_BLUE_E_000004,P03,BLUE,E,image_000004.jpg,training/P03/BLUE/E/images/image_000004.jpg,7ac9444cdf4e380407862453ce67576a98b9a66b12eaf12a90a0fc5f75e6a107,10230,,,true
P03_BLUE_E_000005,P03,BLUE,E,image_000005.jpg,training/P03/BLUE/E/images/image_000005.jpg,4511e074dd331a7c29fa73c64f385749e7115238edd045eda4cd3d345c56f2a2,10135,,,true
P03_BLUE_E_000006,P03,BLUE,E,image_000006.jpg,training/P03/BLUE/E/images/image_000006.jpg,2785415d96bd6c08a7b86d606ec5ac1ad795eb1d0733e2e15d5727ab2e212ea4,10722,,,true
P03_BLUE_E_000007,P03,BLUE,E,image_000007.jpg,training/P03/BLUE/E/images/image_000007.jpg,65d27871e32101b1be0c607dd8882f87a29b3e4d08b2fb2f982b9a36cf7650ea,11006,,,true
P03_BLUE_E_000008,P03,BLUE,E,image_000008.jpg,training/P03/BLUE/E/images/image_000008.jpg,bb92e61a4f3b853b9aa79c69ac5b2c2fa4bbc47b258716e628c31014c8b2f1c7,10658,,,true
P03_BLUE_E_000009,P03,BLUE,E,image_000009.jpg,training/P03/BLUE/E/images/image_000009.jpg,7856de8d5cd2a27ed9df0d4d0532247432402b1f9308f21ca80d869224da1daf,10641,,,true
P03_BLUE_E_000010,P03,BLUE,E,image_000010.jpg,training/P03/BLUE/E/images/image_000010.jpg,78d08fe0333c8ed41eac51574f6cd15fc2c24bedcfbcd928834b0d7d7e22174e,10618,,,true
P03_BLUE_E_000011,P03,BLUE,E,image_000011.jpg,training/P03/BLUE/E/images/image_000011.jpg,8670f29fe78aa3635c8912bbf47cd19b4a35b52aecec4bd899dcbf019b159639,10508,,,true
P03_BLUE_E_000012,P03,BLUE,E,image_000012.jpg,training/P03/BLUE/E/images/image_000012.jpg,6db8e7de72e31a56263c79e5ce053dc9e6edd47d173c0e5f40ceb931108c0577,10722,,,true
P03_BLUE_E_000013,P03,BLUE,E,image_000013.jpg,training/P03/BLUE/E/images/image_000013.jpg,867ed11d8f0522f99b5d235894c84c974b9a65a6b9da8ab7c0bf9e0f5bd88b79,10297,,,true
P03_BLUE_E_000014,P03,BLUE,E,image_000014.jpg,training/P03/BLUE/E/images/image_000014.jpg,11caa8684b91fb8161ad78811b3e1e4011ddeb65ba53d003b0544d9b49da2fe3,10138,,,true
P03_BLUE_E_000015,P03,BLUE,E,image_000015.jpg,training/P03/BLUE/E/images/image_000015.jpg,e4a4c8525dbb92aab1d356cb221f67e0dcbfa172672c2ca92ce206fe100f7545,10157,,,true
P03_BLUE_E_000016,P03,BLUE,E,image_000016.jpg,training/P03/BLUE/E/images/image_000016.jpg,d07f43837a3809837a42c2accbd45078d5b909aed15a25871ed71746deb8aa6f,10524,,,true
P03_BLUE_E_000017,P03,BLUE,E,image_000017.jpg,training/P03/BLUE/E/images/image_000017.jpg,e1e2ef10c300492207ddc2cabcc7b75665df948852b07dce2f4d6e3c7def862d,8894,,,true
P03_BLUE_E_000018,P03,BLUE,E,image_000018.jpg,training/P03/BLUE/E/images/image_000018.jpg,16696bc726822d6313c1e996cba31ae6de2165ab37fa9da4237c792b7fc748c7,8870,,,true
P03_BLUE_E_000019,P03,BLUE,E,image_000019.jpg,training/P03/BLUE/E/images/image_000019.jpg,fd6b1e4fec33e3a45cb674c772f7820bfa65e21916b90a00909f0aba00ff6c18,10315,,,true
P03_BLUE_E_000020,P03,BLUE,E,image_000020.jpg,training/P03/BLUE/E/images/image_000020.jpg,b06002307420e66075ac8f7cde8d76eaa871f25e27771993626aa31f300f39c3,10262,,,true
P03_BLUE_E_000021,P03,BLUE,E,image_000021.jpg,training/P03/BLUE/E/images/image_000021.jpg,dc62200d39bae695b21fbbebde16cc53fb80a98c2be75a51b9672756187edcc7,10191,,,true
P03_BLUE_E_000022,P03,BLUE,E,image_000022.jpg,training/P03/BLUE/E/images/image_000022.jpg,0f81983c65309b365be32ae8eb08d59af3ea74e7d154d191322715c4187206cc,10332,,,true
P03_BLUE_E_000023,P03,BLUE,E,image_000023.jpg,training/P03/BLUE/E/images/image_000023.jpg,66a139e405361f6feb015cb50ee3d8caea1cf26fd572372e05cbdd8d6dc9aa7d,10206,,,true
P03_BLUE_E_000024,P03,BLUE,E,image_000024.jpg,training/P03/BLUE/E/images/image_000024.jpg,0a954fec2ffbf8ea81f648607b64f8c5f1eefc3729f75b3c018bd4464e69b98c,10197,,,true
P03_BLUE_E_000025,P03,BLUE,E,image_000025.jpg,training/P03/BLUE/E/images/image_000025.jpg,36b56a41cce5fee3ed1169526d587ebcd806c4606b78816a3c40337967569919,10036,,,true
P03_BLUE_I_000001,P03,BLUE,I,image_000001.jpg,training/P03/BLUE/I/images/image_000001.jpg,7bb709b6773546c972f3ceedd1d231bf3d5f371b450e3e4aa4ea4a27cc729e93,10438,,,true
P03_BLUE_I_000002,P03,BLUE,I,image_000002.jpg,training/P03/BLUE/I/images/image_000002.jpg,14f7aa0324f2ec6d7bbdd862b896c7be3260e972dd7983ff538208923b35cea2,10482,,,true
P03_BLUE_I_000003,P03,BLUE,I,image_000003.jpg,training/P03/BLUE/I/images/image_000003.jpg,1a206c41487d0d50d92cd46e88fdf3d9aa6784a3515ad986eaef5af36ec0dc36,10083,,,true
P03_BLUE_I_000004,P03,BLUE,I,image_000004.jpg,training/P03/BLUE/I/images/image_000004.jpg,b8a2e4d4ac8b81f0e8030d30b4aedf6a4198cc38f6a35e65d9c7a3d87bae9885,10407,,,true
P03_BLUE_I_000005,P03,BLUE,I,image_000005.jpg,training/P03/BLUE/I/images/image_000005.jpg,4811aa767c43ff157dc7bdb8973277ebe6eef3b458e89cecbaa0f4e0915868ae,10234,,,true
P03_BLUE_I_000006,P03,BLUE,I,image_000006.jpg,training/P03/BLUE/I/images/image_000006.jpg,b3a7219944c0eac612b557c3a9110cabbb77e4594fc0d56f1a796ba1676fed52,10312,,,true
P03_BLUE_I_000007,P03,BLUE,I,image_000007.jpg,training/P03/BLUE/I/images/image_000007.jpg,085ac613746be524022bf86b054582b6beca324a49659966ec688092ab6cfde8,10168,,,true
P03_BLUE_I_000008,P03,BLUE,I,image_000008.jpg,training/P03/BLUE/I/images/image_000008.jpg,ada1d24bf0481a179f35e175221be1153f65d47747e2362d15a856a39f4af418,10174,,,true
P03_BLUE_I_000009,P03,BLUE,I,image_000009.jpg,training/P03/BLUE/I/images/image_000009.jpg,9a44147e3b02b1eda190866fef37ed7b12d9f7aa6166a0f28215fce1c2e22722,10179,,,true
P03_BLUE_I_000010,P03,BLUE,I,image_000010.jpg,training/P03/BLUE/I/images/image_000010.jpg,10be9dea6822cfa38e8d4b43c95dfe3b2870925c729ce2cf2e8538ee8aa46b8d,10143,,,true
P03_BLUE_I_000011,P03,BLUE,I,image_000011.jpg,training/P03/BLUE/I/images/image_000011.jpg,d93e80c78f0d89f7295d7cd4273c7f34a45bbc07adbc02674cd57069020ecd58,10051,,,true
P03_BLUE_I_000012,P03,BLUE,I,image_000012.jpg,training/P03/BLUE/I/images/image_000012.jpg,6c1c5453a51c639c811e1b29ec004a314407dcd984347954bd312fc7d8069d69,10291,,,true
P03_BLUE_I_000013,P03,BLUE,I,image_000013.jpg,training/P03/BLUE/I/images/image_000013.jpg,d1a522ba0786b4c660fe9d99423edc8fdd712320574a8c6a25d965989acaec68,10309,,,true
P03_BLUE_I_000014,P03,BLUE,I,image_000014.jpg,training/P03/BLUE/I/images/image_000014.jpg,bae984eea1338ec4e8a25b9d9135fe9958210894c7b6436180c45ed759cef15e,10261,,,true
P03_BLUE_I_000015,P03,BLUE,I,image_000015.jpg,training/P03/BLUE/I/images/image_000015.jpg,28594b2971a67d4352617773f27a81e50496988f3838a14f49f627520c521ddf,9438,,,true
P03_BLUE_I_000016,P03,BLUE,I,image_000016.jpg,training/P03/BLUE/I/images/image_000016.jpg,e9dd3061cab85438490f6b2ace495045ad49cd0a0a6af1378ae08fea763b11e4,9418,,,true
P03_BLUE_I_000017,P03,BLUE,I,image_000017.jpg,training/P03/BLUE/I/images/image_000017.jpg,ea6698d00cc321123ddd7093ea147a76d58863eca3ad958307d68ad91e0e569b,9680,,,true
P03_BLUE_I_000018,P03,BLUE,I,image_000018.jpg,training/P03/BLUE/I/images/image_000018.jpg,8bc75916da8ab66a5c54e54975a27aa0a7c6822c18039bc6977a4250eb65da64,9279,,,true
P03_BLUE_I_000019,P03,BLUE,I,image_000019.jpg,training/P03/BLUE/I/images/image_000019.jpg,8fbb6003983ec42e64cb36c3302314d42e2d59ce1e2e85bdadbf0d407b4d7550,9417,,,true
P03_BLUE_I_000020,P03,BLUE,I,image_000020.jpg,training/P03/BLUE/I/images/image_000020.jpg,a4d989516ae71a18eadd3295696aed63f419618a70b42efa060543a09b47b9ca,10098,,,true
P03_BLUE_I_000021,P03,BLUE,I,image_000021.jpg,training/P03/BLUE/I/images/image_000021.jpg,82b3b6540b9f48d60f42312e90ee95cc74a70365d70999e8db0a01a199538a74,10307,,,true
P03_BLUE_I_000022,P03,BLUE,I,image_000022.jpg,training/P03/BLUE/I/images/image_000022.jpg,5e18948fa95968cd30f7e070af5bdb1d9c7dfa22666b342276c18374d5b5b2ff,10109,,,true
P03_BLUE_I_000023,P03,BLUE,I,image_000023.jpg,training/P03/BLUE/I/images/image_000023.jpg,3b51fbe908cc061e5aae1967a41ded775d760a3b58dbb956e99982e4dcda64b5,10215,,,true
P03_BLUE_I_000024,P03,BLUE,I,image_000024.jpg,training/P03/BLUE/I/images/image_000024.jpg,e3c7741d665748b3d63dfde7f8ee9f58ef7c028e569bf34244fb5983400441be,10576,,,true
P03_BLUE_I_000025,P03,BLUE,I,image_000025.jpg,training/P03/BLUE/I/images/image_000025.jpg,c8af43fa138af92dc4de63a961b91680262b9828c06fed54f4b56144698ed9fc,10368,,,true
P03_BLUE_L_000001,P03,BLUE,L,image_000001.jpg,training/P03/BLUE/L/images/image_000001.jpg,f6edff8492e768561e7686a75171b4bc09131dd9b35a05fbcb531fac0cc8e3f4,10649,,,true
P03_BLUE_L_000002,P03,BLUE,L,image_000002.jpg,training/P03/BLUE/L/images/image_000002.jpg,b902da2f6480f423de3c41052210c8d1531f0ecf14a3136d43e80315a6804c29,10639,,,true
P03_BLUE_L_000003,P03,BLUE,L,image_000003.jpg,training/P03/BLUE/L/images/image_000003.jpg,c36872f9773b10433c1252f421cebea078969be1c4af45eec1281f63f1a1e002,10327,,,true
P03_BLUE_L_000004,P03,BLUE,L,image_000004.jpg,training/P03/BLUE/L/images/image_000004.jpg,9027d75a7713944635c32d4354474223f728306955eb6ffb4443905fdf1d89d8,10260,,,true
P03_BLUE_L_000005,P03,BLUE,L,image_000005.jpg,training/P03/BLUE/L/images/image_000005.jpg,c3a599965dccf2cce64217d0c2479a54da4faac24dcad95957b37b33fa359c91,10733,,,true
P03_BLUE_L_000006,P03,BLUE,L,image_000006.jpg,training/P03/BLUE/L/images/image_000006.jpg,195597ec9261f983d0edb45748ac58117ad3982893baec74b2baa0d362ff4deb,10712,,,true
P03_BLUE_L_000007,P03,BLUE,L,image_000007.jpg,training/P03/BLUE/L/images/image_000007.jpg,3938be09d2deb21e30dbe38d22dcc186fd8b5c380c61287300eb3d6b8bdfbeea,10530,,,true
P03_BLUE_L_000008,P03,BLUE,L,image_000008.jpg,training/P03/BLUE/L/images/image_000008.jpg,ccfe00325ad6f236467bf558a069d4911a7163f2b5e479cafd74bbfea20169f5,10558,,,true
P03_BLUE_L_000009,P03,BLUE,L,image_000009.jpg,training/P03/BLUE/L/images/image_000009.jpg,3f872e4f4b10be1180ee3728b8f5e1e61da82c255e13d6722fa8fc9bdea87850,10589,,,true
P03_BLUE_L_000010,P03,BLUE,L,image_000010.jpg,training/P03/BLUE/L/images/image_000010.jpg,eeb12764cb54a986e63eb2881bde0d35c67ac4eed8ba69981fd8f8addc839e25,10588,,,true
P03_BLUE_L_000011,P03,BLUE,L,image_000011.jpg,training/P03/BLUE/L/images/image_000011.jpg,4677dd998404b3b856051ddf318ee340283090a1836e9264412e8c98b5695a26,10500,,,true
P03_BLUE_L_000012,P03,BLUE,L,image_000012.jpg,training/P03/BLUE/L/images/image_000012.jpg,58988907a321854ca8c9da9e4e194f0f4fec8e2f4a8a23a52a31f7c6a00e1a40,10322,,,true
P03_BLUE_L_000013,P03,BLUE,L,image_000013.jpg,training/P03/BLUE/L/images/image_000013.jpg,d70dc9fa5033ff2cafe09b8b058b7e324dcb14ad26639755a06558d0ebd615e4,10287,,,true
P03_BLUE_L_000014,P03,BLUE,L,image_000014.jpg,training/P03/BLUE/L/images/image_000014.jpg,6c0cfe562f80a5368ef6ec5803ea5e6027bf3f47ce86f1f9c8311a651be2aa07,10506,,,true
P03_BLUE_L_000015,P03,BLUE,L,image_000015.jpg,training/P03/BLUE/L/images/image_000015.jpg,40747403cd560a34c9d7acef7471839aee85509cb0c235688af4f571904dcfe0,10514,,,true
P03_BLUE_L_000016,P03,BLUE,L,image_000016.jpg,training/P03/BLUE/L/images/image_000016.jpg,87ccc19ad5ce957ddc7d9a269385b7a2624fb01b6092c2f2b20fd5bbd520c465,10408,,,true
P03_BLUE_L_000017,P03,BLUE,L,image_000017.jpg,training/P03/BLUE/L/images/image_000017.jpg,c7ab510c7fb8ea337c87abbd382130f9455216f5b7703f331fdc769608648163,10267,,,true
P03_BLUE_L_000018,P03,BLUE,L,image_000018.jpg,training/P03/BLUE/L/images/image_000018.jpg,029041c201b4ac1aa43c3e3915eb1ecd382ce7ec5380e09e76c5d768e7e32394,10317,,,true
P03_BLUE_L_000019,P03,BLUE,L,image_000019.jpg,training/P03/BLUE/L/images/image_000019.jpg,8591021ccadf66b9de42882b1ff0b51ee55fee07ad9bcf6e8f7574b1a503c022,10390,,,true
P03_BLUE_L_000020,P03,BLUE,L,image_000020.jpg,training/P03/BLUE/L/images/image_000020.jpg,fbba4e75942106f8ee177060026e13be13d6df66d0ebba27b2cf87794bd2c0b6,10165,,,true
P03_BLUE_L_000021,P03,BLUE,L,image_000021.jpg,training/P03/BLUE/L/images/image_000021.jpg,c27f415c31492d7d94b58a11455e1b289aecda32d1c0bc1166591ff09e244c52,10885,,,true
P03_BLUE_L_000022,P03,BLUE,L,image_000022.jpg,training/P03/BLUE/L/images/image_000022.jpg,7b412d07e2ef57b12fa5d7914852c9f69761a3ef655cdb7d6bc7fd04b901fbe4,10915,,,true
P03_BLUE_L_000023,P03,BLUE,L,image_000023.jpg,training/P03/BLUE/L/images/image_000023.jpg,ebe0afabd9bb7306ed09e5fac18a8fb8967c591c52d94b2680b6d6247f8827c2,10503,,,true
P03_BLUE_L_000024,P03,BLUE,L,image_000024.jpg,training/P03/BLUE/L/images/image_000024.jpg,d8e36f8f74100d23edc2115e58d88f44b958a5ccba85091c49b0fca7014301f4,10648,,,true
P03_BLUE_L_000025,P03,BLUE,L,image_000025.jpg,training/P03/BLUE/L/images/image_000025.jpg,599390794ec82911c7facb285d3d53b118442c7d44a7909327858f949b94f436,10187,,,true
P03_BLUE_M_000001,P03,BLUE,M,image_000001.jpg,training/P03/BLUE/M/images/image_000001.jpg,c186e41f2a69522a03b064d01de30e9b475eb6b7222506662287b6d3ed5fbf0f,9583,,,true
P03_BLUE_M_000002,P03,BLUE,M,image_000002.jpg,training/P03/BLUE/M/images/image_000002.jpg,940fa4f7a6ab31003d4d18398d0069856da0caa0f5bec24dc8a7a02f42f78c55,9467,,,true
P03_BLUE_M_000003,P03,BLUE,M,image_000003.jpg,training/P03/BLUE/M/images/image_000003.jpg,49e0e44297f004bdc07925d6c4a66292eee36f35985526908a3e6bccc38f8d7f,10376,,,true
P03_BLUE_M_000004,P03,BLUE,M,image_000004.jpg,training/P03/BLUE/M/images/image_000004.jpg,337e7b086a85af76414419ddd1f9a9c3aaa75033a6b4cad8f6351c47cda08ea4,10528,,,true
P03_BLUE_M_000005,P03,BLUE,M,image_000005.jpg,training/P03/BLUE/M/images/image_000005.jpg,2766226b9d7ced435ae606539dcf2668c97fc6d776bad766a97c948d51873c0a,10536,,,true
P03_BLUE_M_000006,P03,BLUE,M,image_000006.jpg,training/P03/BLUE/M/images/image_000006.jpg,3f87c31f66f209c8d24277243641d151a8a41f7ce657218947bc84cc6d04fd70,10258,,,true
P03_BLUE_M_000007,P03,BLUE,M,image_000007.jpg,training/P03/BLUE/M/images/image_000007.jpg,b85346b4622b441d5c8fc082427caa568d6546da05eaba9f1cb0a3c95340ea74,10152,,,true
P03_BLUE_M_000008,P03,BLUE,M,image_000008.jpg,training/P03/BLUE/M/images/image_000008.jpg,ae13436dd6a56c87c7306ad19b986dc28c698629ab8130eb015b4fa3920a5f25,10248,,,true
P03_BLUE_M_000009,P03,BLUE,M,image_000009.jpg,training/P03/BLUE/M/images/image_000009.jpg,126ae0371853510695b37aee441462034888f41b42299fc5b0476de6cb28117e,10563,,,true
P03_BLUE_M_000010,P03,BLUE,M,image_000010.jpg,training/P03/BLUE/M/images/image_000010.jpg,709ee09d91fcd1437b353b242b177148e899b169ba9c69cc63b6c9d077e791f3,10422,,,true
P03_BLUE_M_000011,P03,BLUE,M,image_000011.jpg,training/P03/BLUE/M/images/image_000011.jpg,ca1eae3633bdb2aba710156158e3aac5f7bb852bae004d5b7337410240a69a35,10484,,,true
P03_BLUE_M_000012,P03,BLUE,M,image_000012.jpg,training/P03/BLUE/M/images/image_000012.jpg,b4c8c8503b2b422167e2b8d941f17c2277dd5f8b00625b3420884958f96d1f4f,10178,,,true
P03_BLUE_M_000013,P03,BLUE,M,image_000013.jpg,training/P03/BLUE/M/images/image_000013.jpg,66cdaa03ddb7c7462f865c491264f60ae0f4b1bb75c054d7609e95ecaf6ea5a7,10014,,,true
P03_BLUE_M_000014,P03,BLUE,M,image_000014.jpg,training/P03/BLUE/M/images/image_000014.jpg,0df235fe3ae350ee5df2a101e3bb64334a224a323a2cf00bfd47bb112b707ff1,10203,,,true
P03_BLUE_M_000015,P03,BLUE,M,image_000015.jpg,training/P03/BLUE/M/images/image_000015.jpg,ecb286e483eb95d36b80148712f8f93339aa26cb1d7dcec7f60ac4238bc3fff8,10324,,,true
P03_BLUE_M_000016,P03,BLUE,M,image_000016.jpg,training/P03/BLUE/M/images/image_000016.jpg,bb37c05ffd09b794184bee26f8ef04dbee398f7e261e7911f6a4373cff808d9d,10193,,,true
P03_BLUE_M_000017,P03,BLUE,M,image_000017.jpg,training/P03/BLUE/M/images/image_000017.jpg,79e54b6b618bd270adff0818e72c867a31f8279dcd9494d7c29ef91ba2857c32,10381,,,true
P03_BLUE_M_000018,P03,BLUE,M,image_000018.jpg,training/P03/BLUE/M/images/image_000018.jpg,1abfc55015015a8b4957a54f79c44ba4e7cba169b1204f34d08fe959d68f7985,10088,,,true
P03_BLUE_M_000019,P03,BLUE,M,image_000019.jpg,training/P03/BLUE/M/images/image_000019.jpg,edbc6995aebe257bcea9a3462bbbaccc14ee8d50e94c502cc68a37ee5686f02f,10302,,,true
P03_BLUE_M_000020,P03,BLUE,M,image_000020.jpg,training/P03/BLUE/M/images/image_000020.jpg,160c89fe0cc582e49330da3b308a7c2a957b5c475aa5d933c54961731a40a24b,10479,,,true
P03_BLUE_M_000021,P03,BLUE,M,image_000021.jpg,training/P03/BLUE/M/images/image_000021.jpg,d346f515b12667600f47fc39956a48b6699e98568947add9547e32341ea526cd,10544,,,true
P03_BLUE_M_000022,P03,BLUE,M,image_000022.jpg,training/P03/BLUE/M/images/image_000022.jpg,6beafffaf3d5e9a3252d5abf81a11c2ab845242ef6f1a37db0fecc66589b5c90,9343,,,true
P03_BLUE_M_000023,P03,BLUE,M,image_000023.jpg,training/P03/BLUE/M/images/image_000023.jpg,c3485376964bf6b66b35dd5d75c2c1ecde527cfae3fe128635651d9f70a15b7f,10388,,,true
P03_BLUE_M_000024,P03,BLUE,M,image_000024.jpg,training/P03/BLUE/M/images/image_000024.jpg,533b513809f578ec8b62f0326f99cc5abeeba34160422281f2fa218a597b5a8d,10475,,,true
P03_BLUE_M_000025,P03,BLUE,M,image_000025.jpg,training/P03/BLUE/M/images/image_000025.jpg,a6376412e4da4769aa0f2e4349aed845724a3f8c6c34bba23a23ca97a953127c,10312,,,true
P03_BLUE_N_000001,P03,BLUE,N,image_000001.jpg,training/P03/BLUE/N/images/image_000001.jpg,a2d53fcd3567e4148164d6b9ac46a497bf66f8ac2116eb61be767c23ce2a5d4d,10185,,,true
P03_BLUE_N_000002,P03,BLUE,N,image_000002.jpg,training/P03/BLUE/N/images/image_000002.jpg,0f845ed10da6ad7dce291b923db0136d2b1eafeb63217042f6ae9475ea51389c,10286,,,true
P03_BLUE_N_000003,P03,BLUE,N,image_000003.jpg,training/P03/BLUE/N/images/image_000003.jpg,a1703508a993ff4919dd4d40b3b239a9eed7915d9c4c388852ddae9635011e87,10165,,,true
P03_BLUE_N_000004,P03,BLUE,N,image_000004.jpg,training/P03/BLUE/N/images/image_000004.jpg,e73cdb124cfe112bae5802030e46e313ac01a59e5188883e9a4dfe291dcacffc,10394,,,true
P03_BLUE_N_000005,P03,BLUE,N,image_000005.jpg,training/P03/BLUE/N/images/image_000005.jpg,36c61ba9edb215ca8a53d368ff329c6090245e190eca5c98bb31375dfab34635,10214,,,true
P03_BLUE_N_000006,P03,BLUE,N,image_000006.jpg,training/P03/BLUE/N/images/image_000006.jpg,ad5eadf9e83b452afecb73f227b84a708be32d06ddb7d46efd6f8a38ffeb72e9,10250,,,true
P03_BLUE_N_000007,P03,BLUE,N,image_000007.jpg,training/P03/BLUE/N/images/image_000007.jpg,39897ad695bba33d51f889ca0095baf224b27b5eed1f827e3d11cbddc76df731,10344,,,true
P03_BLUE_N_000008,P03,BLUE,N,image_000008.jpg,training/P03/BLUE/N/images/image_000008.jpg,8104642ee7481fb45a878422ec974f256c80f48b8caca27cf46ad8ab70d61415,10592,,,true
P03_BLUE_N_000009,P03,BLUE,N,image_000009.jpg,training/P03/BLUE/N/images/image_000009.jpg,9fdbeed123cf5d2269288d7e9a2be56cb2206573d491798a927a5b63dc1b405b,10341,,,true
P03_BLUE_N_000010,P03,BLUE,N,image_000010.jpg,training/P03/BLUE/N/images/image_000010.jpg,bb0567f967721d2ea99930858f398ae83adbfbde937c2a398a09afabcd056ac5,10040,,,true
P03_BLUE_N_000011,P03,BLUE,N,image_000011.jpg,training/P03/BLUE/N/images/image_000011.jpg,a1185ffdf0acb08f4f4eeb3e8f88f00a8eaaea51bee95fa49c3b99fc74479566,10089,,,true
P03_BLUE_N_000012,P03,BLUE,N,image_000012.jpg,training/P03/BLUE/N/images/image_000012.jpg,6f7ba7e1bc8da1b956a3f10fef07c6159d5bef74f187dedc5e12d04c168e192d,10279,,,true
P03_BLUE_N_000013,P03,BLUE,N,image_000013.jpg,training/P03/BLUE/N/images/image_000013.jpg,a783c9932971c77395e92f5b64539ae9c3cb0182281cb9af44d25ea248e85d6f,10145,,,true
P03_BLUE_N_000014,P03,BLUE,N,image_000014.jpg,training/P03/BLUE/N/images/image_000014.jpg,b904eb91af5382b9522a351df663c661ca9a281acc38a3f56f9975d7ada9a8a5,10521,,,true
P03_BLUE_N_000015,P03,BLUE,N,image_000015.jpg,training/P03/BLUE/N/images/image_000015.jpg,d470e4fb14d239e874757d7f6b3079032e3a0ef227268f9946e281312693eeb3,10370,,,true
P03_BLUE_N_000016,P03,BLUE,N,image_000016.jpg,training/P03/BLUE/N/images/image_000016.jpg,44cebc6d64a10d154d812d542cd9c97793812bb76b232f4c9271114e8ac69929,10693,,,true
P03_BLUE_N_000017,P03,BLUE,N,image_000017.jpg,training/P03/BLUE/N/images/image_000017.jpg,efcbddc20942ae8790d583448d501d1c469b190490a66983e612c312a4e4f08a,10405,,,true
P03_BLUE_N_000018,P03,BLUE,N,image_000018.jpg,training/P03/BLUE/N/images/image_000018.jpg,34c4efa1171230a0f58d0653e7bdbcc630c4bb6dad9626930ee8ad9fea3d0ebc,10335,,,true
P03_BLUE_N_000019,P03,BLUE,N,image_000019.jpg,training/P03/BLUE/N/images/image_000019.jpg,8cc0d4ff17afea95ecb0c90d2518a0336590b1572552813fabe5a575c437d313,10119,,,true
P03_BLUE_N_000020,P03,BLUE,N,image_000020.jpg,training/P03/BLUE/N/images/image_000020.jpg,3418d712e26a67015e82f6d2e971e4d975a20100b63cee2896a2d541b137d295,10205,,,true
P03_BLUE_N_000021,P03,BLUE,N,image_000021.jpg,training/P03/BLUE/N/images/image_000021.jpg,97a01147f5a04091a853b5cb00c5f83c1bef07e77ec84d01d5a7f92a497d332b,10449,,,true
P03_BLUE_N_000022,P03,BLUE,N,image_000022.jpg,training/P03/BLUE/N/images/image_000022.jpg,baf3874a2ae0ee30ba4808719ff5251f9e69bebc82bde0c14df624ae766d9614,10445,,,true
P03_BLUE_N_000023,P03,BLUE,N,image_000023.jpg,training/P03/BLUE/N/images/image_000023.jpg,551da68ba29e8e672417f77ef49a1e6a782a6c7bacf45e4352463cb76863b14e,10368,,,true
P03_BLUE_N_000024,P03,BLUE,N,image_000024.jpg,training/P03/BLUE/N/images/image_000024.jpg,fcac17e17ec0880cd5db9fa4b09d71bdf08fe6f9071adfbc7a08581ac9577edc,10110,,,true
P03_BLUE_N_000025,P03,BLUE,N,image_000025.jpg,training/P03/BLUE/N/images/image_000025.jpg,53685d5325c81c6ca4ef29e39934057d3eaa11956711045ecaa6f2c7e5e5ebdc,10411,,,true
P03_BLUE_O_000001,P03,BLUE,O,image_000001.jpg,training/P03/BLUE/O/images/image_000001.jpg,a2a6eb6f9803f4b8aa86d8cdeb0d0bd957af71a39b89f90f64a8fa0f1b876a62,10594,,,true
P03_BLUE_O_000002,P03,BLUE,O,image_000002.jpg,training/P03/BLUE/O/images/image_000002.jpg,1c5f1662723a41c0fb101ee4934d9039c441a6ba49537a322b57b47b6f2f76c8,10391,,,true
P03_BLUE_O_000003,P03,BLUE,O,image_000003.jpg,training/P03/BLUE/O/images/image_000003.jpg,eb80b6aabf555be87ab2b8df13001bc1bbe43eda48ecacfbdbc3b15a1f987202,10535,,,true
P03_BLUE_O_000004,P03,BLUE,O,image_000004.jpg,training/P03/BLUE/O/images/image_000004.jpg,3603fa2804faf2c88bc8e2ec6062cc5678bac24b7ec5178611870e9c369e0b79,10539,,,true
P03_BLUE_O_000005,P03,BLUE,O,image_000005.jpg,training/P03/BLUE/O/images/image_000005.jpg,f1988384c12daf10f0ba3bd65805961e08cf52bdabdb63386be717615a4be2aa,10707,,,true
P03_BLUE_O_000006,P03,BLUE,O,image_000006.jpg,training/P03/BLUE/O/images/image_000006.jpg,475fc0e86185478541e73e1879a40bc358313461415b29a79bca188410dfa768,10325,,,true
P03_BLUE_O_000007,P03,BLUE,O,image_000007.jpg,training/P03/BLUE/O/images/image_000007.jpg,5da6dd515385fa7d691946a347ebd759ff1dcc9d2cbc287e80a6db96f9f5581d,10320,,,true
P03_BLUE_O_000008,P03,BLUE,O,image_000008.jpg,training/P03/BLUE/O/images/image_000008.jpg,404eff2637b7dcbfd72f72a5da039684257b34c698b8a755ab80f14194796846,10382,,,true
P03_BLUE_O_000009,P03,BLUE,O,image_000009.jpg,training/P03/BLUE/O/images/image_000009.jpg,10a5ea578c6aae4444a0de29e08666ceddb98e320912f3747cdfcc378d064db5,10065,,,true
P03_BLUE_O_000010,P03,BLUE,O,image_000010.jpg,training/P03/BLUE/O/images/image_000010.jpg,9503c9b291839679145803a1a9f07cac4336cdf4464d40a65d379c43718a776c,10075,,,true
P03_BLUE_O_000011,P03,BLUE,O,image_000011.jpg,training/P03/BLUE/O/images/image_000011.jpg,a5bcd63d713e70a293eea6411e0ecd1c5509e9bcc9eecc4fc9e815e1652243a4,10526,,,true
P03_BLUE_O_000012,P03,BLUE,O,image_000012.jpg,training/P03/BLUE/O/images/image_000012.jpg,eb351ddcc60cfc3a24e6fdd17c617c4e1d71d65b3d5470cb0308cc2c6e427056,10371,,,true
P03_BLUE_O_000013,P03,BLUE,O,image_000013.jpg,training/P03/BLUE/O/images/image_000013.jpg,f660f1e61f65fa5d30b23e6bd489ec113933ad7092cc6ba0232334f9d1cd5c01,10311,,,true
P03_BLUE_O_000014,P03,BLUE,O,image_000014.jpg,training/P03/BLUE/O/images/image_000014.jpg,419fb0d566d6b8ea3c1cfd1365ef3eafcb929e28b4ed37356994daa30a7a92b3,10571,,,true
P03_BLUE_O_000015,P03,BLUE,O,image_000015.jpg,training/P03/BLUE/O/images/image_000015.jpg,5d3776f7f7df9b34f061d3ca47af7b28b21c0b5dd746700ba79f41f5cd67eacb,10208,,,true
P03_BLUE_O_000016,P03,BLUE,O,image_000016.jpg,training/P03/BLUE/O/images/image_000016.jpg,b6c5bc1b0b444edf87aca19edb10fb4b153b4da288b6351f482673caeeeaed18,10297,,,true
P03_BLUE_O_000017,P03,BLUE,O,image_000017.jpg,training/P03/BLUE/O/images/image_000017.jpg,aa850faaa83459ed73bfc9a114e3f0d3916d8de6f7bc2a12e16fc89a578f98e7,10229,,,true
P03_BLUE_O_000018,P03,BLUE,O,image_000018.jpg,training/P03/BLUE/O/images/image_000018.jpg,01f5cadaf486c5a00620288d666f71cd836753188cae7ac380b300d9cced1f0c,10338,,,true
P03_BLUE_O_000019,P03,BLUE,O,image_000019.jpg,training/P03/BLUE/O/images/image_000019.jpg,12e8650e0aa7b8d4bc2f405462daac81d649b9a51948b7347942453be906220f,10336,,,true
P03_BLUE_O_000020,P03,BLUE,O,image_000020.jpg,training/P03/BLUE/O/images/image_000020.jpg,e38f85f001bf7a4d09bf091dab98e99362f2b37b27952c6da25b52b0c4ed6eee,10504,,,true
P03_BLUE_O_000021,P03,BLUE,O,image_000021.jpg,training/P03/BLUE/O/images/image_000021.jpg,5685cedba3a513041cb3b0df7502a0faad7c8e68e1c678cd8902f26d903c4e12,10453,,,true
P03_BLUE_O_000022,P03,BLUE,O,image_000022.jpg,training/P03/BLUE/O/images/image_000022.jpg,551d1ad317fb007540e542e95d0572dbdc273dba541dd90620bb3dfdd64a69bb,10383,,,true
P03_BLUE_O_000023,P03,BLUE,O,image_000023.jpg,training/P03/BLUE/O/images/image_000023.jpg,542e2fa40e447202e1a38c0c21f5694de98c6314cae61bc500737f1f8ee5dbbd,10238,,,true
P03_BLUE_O_000024,P03,BLUE,O,image_000024.jpg,training/P03/BLUE/O/images/image_000024.jpg,a3965a0aff54296df71708e60bcf15f9d7b039a2cf7145b64a90c386b6fe13a3,10377,,,true
P03_BLUE_O_000025,P03,BLUE,O,image_000025.jpg,training/P03/BLUE/O/images/image_000025.jpg,439e7495ff71190d5a151d216d1913f62af6a610daf3e1e68087c77ff49db8f9,10247,,,true
P03_BLUE_P_000001,P03,BLUE,P,image_000001.jpg,training/P03/BLUE/P/images/image_000001.jpg,5921400099cb00cfcb75f5d13affcac0c827aa397f0dd4ec738a9b86f662ed68,10683,,,true
P03_BLUE_P_000002,P03,BLUE,P,image_000002.jpg,training/P03/BLUE/P/images/image_000002.jpg,0cecac1e5c0a0df216e1f0e004463871e03c8122086710909761d6a4740f85a7,10642,,,true
P03_BLUE_P_000003,P03,BLUE,P,image_000003.jpg,training/P03/BLUE/P/images/image_000003.jpg,5b3f23cee9482768650b31a6083d03d7a6c1950c47be28f05fda7eae0b4a89c2,10597,,,true
P03_BLUE_P_000004,P03,BLUE,P,image_000004.jpg,training/P03/BLUE/P/images/image_000004.jpg,ee25822fa935da4c6767327278a7a3b80720a827274f91e0098e1d5717d44df3,10351,,,true
P03_BLUE_P_000005,P03,BLUE,P,image_000005.jpg,training/P03/BLUE/P/images/image_000005.jpg,47c0a523faae4bedbbbf4fb4b05700f64fce2dd50dcd896c1a42ab0646487b1c,9913,,,true
P03_BLUE_P_000006,P03,BLUE,P,image_000006.jpg,training/P03/BLUE/P/images/image_000006.jpg,73cac588bbb352e9046dc1b76ab893d9e75664db5aa1240791a0809a8f0d1aa6,10134,,,true
P03_BLUE_P_000007,P03,BLUE,P,image_000007.jpg,training/P03/BLUE/P/images/image_000007.jpg,a8637778b23720cde1a09846963c5a23142610973f82e055bcff6ef734f54549,10481,,,true
P03_BLUE_P_000008,P03,BLUE,P,image_000008.jpg,training/P03/BLUE/P/images/image_000008.jpg,c6f7315988a99924bb308e34cc6bf2bb4377500933414e463ddbc1835559b404,10145,,,true
P03_BLUE_P_000009,P03,BLUE,P,image_000009.jpg,training/P03/BLUE/P/images/image_000009.jpg,2ecae84277239944e9838249662b4b99c0efef840199ddd82b8b0e1c5b7ad25c,10351,,,true
P03_BLUE_P_000010,P03,BLUE,P,image_000010.jpg,training/P03/BLUE/P/images/image_000010.jpg,ccab4706c984165154b55c66b99a5813e620c485a841b019ea5511e50cbfd65a,10439,,,true
P03_BLUE_P_000011,P03,BLUE,P,image_000011.jpg,training/P03/BLUE/P/images/image_000011.jpg,9e3222e0e29f0e9cd185a416909952b90f1323ce2d518c8f3891f2ff70a97c1f,10329,,,true
P03_BLUE_P_000012,P03,BLUE,P,image_000012.jpg,training/P03/BLUE/P/images/image_000012.jpg,16695fe1d93896af64f0d9fb7c70c6eceef3f33d44617cf1255aa81a456b79f1,10271,,,true
P03_BLUE_P_000013,P03,BLUE,P,image_000013.jpg,training/P03/BLUE/P/images/image_000013.jpg,8811bdf98ada56cb73747d9383f2f5681859cc5e703858f86f736095e9d563db,10093,,,true
P03_BLUE_P_000014,P03,BLUE,P,image_000014.jpg,training/P03/BLUE/P/images/image_000014.jpg,29a9c5469d55941b4587463649922b874004123404e39790dfe821bada890749,9965,,,true
P03_BLUE_P_000015,P03,BLUE,P,image_000015.jpg,training/P03/BLUE/P/images/image_000015.jpg,5cd18da85e1d5f5c5684e9efc373d6756d9dcb24b35b7fbcba1eb614c0c8729a,10614,,,true
P03_BLUE_P_000016,P03,BLUE,P,image_000016.jpg,training/P03/BLUE/P/images/image_000016.jpg,970d6ab7a1561b69f9204185303c3a10ad106f55120e39a010ef0281120affaf,10731,,,true
P03_BLUE_P_000017,P03,BLUE,P,image_000017.jpg,training/P03/BLUE/P/images/image_000017.jpg,bdb8cc9de7f1e781ff9225cd5a10cbdb6073df8e649ab10a2a414370ad441622,10928,,,true
P03_BLUE_P_000018,P03,BLUE,P,image_000018.jpg,training/P03/BLUE/P/images/image_000018.jpg,5de66105be347f9bb0f96a6b869313d8bf5402d130c550a5ee8520c70b51feb3,10438,,,true
P03_BLUE_P_000019,P03,BLUE,P,image_000019.jpg,training/P03/BLUE/P/images/image_000019.jpg,9b4fefe59564fca52732f5c3f09838222bbb551da72ebe5fe83fc4d8e629d48b,10277,,,true
P03_BLUE_P_000020,P03,BLUE,P,image_000020.jpg,training/P03/BLUE/P/images/image_000020.jpg,9e47fb8826ee88f7c013190f2081ebf49a1994332de156fbb1439999dcd9d4ad,10619,,,true
P03_BLUE_P_000021,P03,BLUE,P,image_000021.jpg,training/P03/BLUE/P/images/image_000021.jpg,68bdc006038350678e3ae1f613d5855ca38af45e6f2ef67f76108d7c0b3a7e52,10229,,,true
P03_BLUE_P_000022,P03,BLUE,P,image_000022.jpg,training/P03/BLUE/P/images/image_000022.jpg,8f859881fa3ed1476ffa0890bb3cf60b309bf8e690a6f9b6d28d0867f718f614,10687,,,true
P03_BLUE_P_000023,P03,BLUE,P,image_000023.jpg,training/P03/BLUE/P/images/image_000023.jpg,009a745c72e8181f8f2a6b181e02215368c502d86c3df6958404ce18c0a8765c,10568,,,true
P03_BLUE_P_000024,P03,BLUE,P,image_000024.jpg,training/P03/BLUE/P/images/image_000024.jpg,0a269e6f4425f3dfc2d58ee1bbceeb42147df6cae7c7c060d826d726a6df63c6,11041,,,true
P03_BLUE_P_000025,P03,BLUE,P,image_000025.jpg,training/P03/BLUE/P/images/image_000025.jpg,080f0e7287e7bf02b8a58905973e7dc5303675f730dbdadb9d4396d85135454f,10591,,,true
P03_BLUE_R_000001,P03,BLUE,R,image_000001.jpg,training/P03/BLUE/R/images/image_000001.jpg,4ed096aa51afd9b88f0593b64dcc084f4e466675d54e00eb391fb0c6d46a1a53,10322,,,true
P03_BLUE_R_000002,P03,BLUE,R,image_000002.jpg,training/P03/BLUE/R/images/image_000002.jpg,47e240ffcd04e202e0ae2385ec6698f2e3dfdba017fc75ae928df4738c859f0b,10189,,,true
P03_BLUE_R_000003,P03,BLUE,R,image_000003.jpg,training/P03/BLUE/R/images/image_000003.jpg,63ef2e748ef030f2df1a39598e11b2dbff0c8da479bbe3ac52920f6e7ec55c99,10055,,,true
P03_BLUE_R_000004,P03,BLUE,R,image_000004.jpg,training/P03/BLUE/R/images/image_000004.jpg,32c67ce0f0167e4a2725983732169731a2918e2b2905909b1ace99cdcfd0e87f,10234,,,true
P03_BLUE_R_000005,P03,BLUE,R,image_000005.jpg,training/P03/BLUE/R/images/image_000005.jpg,a5b1588af5ac955fc94d1cc6fe6ad34d72038c518132436f18e4fa5b8d06ac21,10209,,,true
P03_BLUE_R_000006,P03,BLUE,R,image_000006.jpg,training/P03/BLUE/R/images/image_000006.jpg,1cbdf904fcd79fcadda5689689b94c1c08a68094fb1bbc158ad8a36fa5be61c3,10365,,,true
P03_BLUE_R_000007,P03,BLUE,R,image_000007.jpg,training/P03/BLUE/R/images/image_000007.jpg,de6ffda4f07cce9ada5392a4cb261f26bdca13745f0845eec52d68b16344f365,10283,,,true
P03_BLUE_R_000008,P03,BLUE,R,image_000008.jpg,training/P03/BLUE/R/images/image_000008.jpg,8bf4ec4439c57534406bfd9a45f5e90536d1a33a20996b8091d828c40c186cd8,10309,,,true
P03_BLUE_R_000009,P03,BLUE,R,image_000009.jpg,training/P03/BLUE/R/images/image_000009.jpg,367650f3236bc23ec4f9c80000dc3378be202afe943e608247b24e92cad128f0,10272,,,true
P03_BLUE_R_000010,P03,BLUE,R,image_000010.jpg,training/P03/BLUE/R/images/image_000010.jpg,e5e9b1323f364c3f259310645fed58a67fe123af8e0c64d3d2798127f0655501,10065,,,true
P03_BLUE_R_000011,P03,BLUE,R,image_000011.jpg,training/P03/BLUE/R/images/image_000011.jpg,71573295160d03f9c7a18716b69359808b62d4a9247854d7eba1f42ff6212259,10161,,,true
P03_BLUE_R_000012,P03,BLUE,R,image_000012.jpg,training/P03/BLUE/R/images/image_000012.jpg,e555650b7f7f549a19807846f3b545b73ac6b4630ff9a6e388eb387b8fa7a479,10071,,,true
P03_BLUE_R_000013,P03,BLUE,R,image_000013.jpg,training/P03/BLUE/R/images/image_000013.jpg,e24c8dbd4bb2e72a706128b01e6d27d55ddbb45152c74c4b42b7e7d595274556,10340,,,true
P03_BLUE_R_000014,P03,BLUE,R,image_000014.jpg,training/P03/BLUE/R/images/image_000014.jpg,da3d5c45bf4ba18629318f4b05d932aa41348be030f0e258b30b3fa786afa017,10299,,,true
P03_BLUE_R_000015,P03,BLUE,R,image_000015.jpg,training/P03/BLUE/R/images/image_000015.jpg,d055c582bc1c1490c972c62608e5aacb3c028b5cce41a4632e5a5d197965ed9f,10049,,,true
P03_BLUE_R_000016,P03,BLUE,R,image_000016.jpg,training/P03/BLUE/R/images/image_000016.jpg,f6156b078ee23a914236ca7a2e08a7254603155325941b1189cbd1fcc2154f2f,10218,,,true
P03_BLUE_R_000017,P03,BLUE,R,image_000017.jpg,training/P03/BLUE/R/images/image_000017.jpg,5e8c80f76aff6e6af39ee5a94d9b0b6ce3c4a052e37d369aecd877ff37682f26,10156,,,true
P03_BLUE_R_000018,P03,BLUE,R,image_000018.jpg,training/P03/BLUE/R/images/image_000018.jpg,a6630749b17948970a20b6407075fd97a3396bf5d99a569b79cfe8b283c425a2,10124,,,true
P03_BLUE_R_000019,P03,BLUE,R,image_000019.jpg,training/P03/BLUE/R/images/image_000019.jpg,a9e76c156c195997a2ca0a5915ef82d596b0b47823f51ec9e9052c54a210f130,10079,,,true
P03_BLUE_R_000020,P03,BLUE,R,image_000020.jpg,training/P03/BLUE/R/images/image_000020.jpg,0aea19f8639935c7cbb839a59549b7cb472ebfd7f061c7709b22e798bac6e8fb,10140,,,true
P03_BLUE_R_000021,P03,BLUE,R,image_000021.jpg,training/P03/BLUE/R/images/image_000021.jpg,996f72d8af1e040f28ad0e7998bfb909078b0f6600debce669301656afae4773,10097,,,true
P03_BLUE_R_000022,P03,BLUE,R,image_000022.jpg,training/P03/BLUE/R/images/image_000022.jpg,0f0ee8180fd80c48b9d31f10d9ab393d9fe12fcaa1b7cbc0633bc7ca6212d063,10076,,,true
P03_BLUE_R_000023,P03,BLUE,R,image_000023.jpg,training/P03/BLUE/R/images/image_000023.jpg,d5401c4a5ae6eda099a6ff518e1848eb024cd0cdc10a330c73b53b701c7b877d,10249,,,true
P03_BLUE_R_000024,P03,BLUE,R,image_000024.jpg,training/P03/BLUE/R/images/image_000024.jpg,19ab7e74de083eaf34f89903eec3890686e254bfe78e6c76f1c1585ae1696463,10062,,,true
P03_BLUE_R_000025,P03,BLUE,R,image_000025.jpg,training/P03/BLUE/R/images/image_000025.jpg,92ece29f1733e34c5a692c1fd7aa0a77cb2c965f9cd63fc1c3619f16cf234387,10017,,,true
P03_BLUE_S_000001,P03,BLUE,S,image_000001.jpg,training/P03/BLUE/S/images/image_000001.jpg,58690b6a19035cc657c6e095af41faf397cd690df92f36432ea631152001efaa,11022,,,true
P03_BLUE_S_000002,P03,BLUE,S,image_000002.jpg,training/P03/BLUE/S/images/image_000002.jpg,ae11140b38f0294f6a59f45604474bef4003ce40139bb35011ea81cbdf82e195,10874,,,true
P03_BLUE_S_000003,P03,BLUE,S,image_000003.jpg,training/P03/BLUE/S/images/image_000003.jpg,b6721f5608e6083b208f9e4fceeaab96388cdf7ef30032f6ac57c82bef02c86a,10971,,,true
P03_BLUE_S_000004,P03,BLUE,S,image_000004.jpg,training/P03/BLUE/S/images/image_000004.jpg,085a24d5d15f5ffeafa0fc2ce2304fea73d27f83fb1a1421d21899ee2653b97b,11052,,,true
P03_BLUE_S_000005,P03,BLUE,S,image_000005.jpg,training/P03/BLUE/S/images/image_000005.jpg,6f64588b6f11d4ed1c50928ad716f946f5fc80dd723a4d19488a6d881b8770d2,10649,,,true
P03_BLUE_S_000006,P03,BLUE,S,image_000006.jpg,training/P03/BLUE/S/images/image_000006.jpg,676d3fbffe0a0bdb400d275a1f96ea89d68cd827a70eb4e506b4bfb64b9582fb,10724,,,true
P03_BLUE_S_000007,P03,BLUE,S,image_000007.jpg,training/P03/BLUE/S/images/image_000007.jpg,ee57dbc5220f534ad022e9b4580f7107f407017e8c17a59744eed04d16e13d86,10486,,,true
P03_BLUE_S_000008,P03,BLUE,S,image_000008.jpg,training/P03/BLUE/S/images/image_000008.jpg,d1200a7a0020371758fc5e2fdf84a456530df8bcd7379e7fcdaf84000f388d83,10759,,,true
P03_BLUE_S_000009,P03,BLUE,S,image_000009.jpg,training/P03/BLUE/S/images/image_000009.jpg,caa5f2112d8e197457d1ce81ca127ee70da1928a3b6704e4fe95253f8b8e2c87,10508,,,true
P03_BLUE_S_000010,P03,BLUE,S,image_000010.jpg,training/P03/BLUE/S/images/image_000010.jpg,3bb7ed240afc3141ea6473e1a5921a562d95e9254338e83e10eb80ef62648930,10398,,,true
P03_BLUE_S_000011,P03,BLUE,S,image_000011.jpg,training/P03/BLUE/S/images/image_000011.jpg,6c49d3422b6a9081d2ef6d615eb686f38b7b4fc2309570903507546a561ed2ae,10296,,,true
P03_BLUE_S_000012,P03,BLUE,S,image_000012.jpg,training/P03/BLUE/S/images/image_000012.jpg,394fca1111b0e82fdc423ca9ab6d0f6f7b4ff3921e77b2335bb00de17ef12a08,10135,,,true
P03_BLUE_S_000013,P03,BLUE,S,image_000013.jpg,training/P03/BLUE/S/images/image_000013.jpg,46b2c8c2c8ce1ef60b9b17a251770520ef4d67cf93e4a4dedb99be47819264f8,10444,,,true
P03_BLUE_S_000014,P03,BLUE,S,image_000014.jpg,training/P03/BLUE/S/images/image_000014.jpg,393535bdffca8143c3dae7bf4d16c647fd650cccbeb7b122970d31a9821a356c,10256,,,true
P03_BLUE_S_000015,P03,BLUE,S,image_000015.jpg,training/P03/BLUE/S/images/image_000015.jpg,176afcd32697e2b4c5488cecfe0845a24903dd61f5d5af778318857ec141b1e5,10180,,,true
P03_BLUE_S_000016,P03,BLUE,S,image_000016.jpg,training/P03/BLUE/S/images/image_000016.jpg,8dfc11c4c8d2919e2c993054f4e2c95533aedd8eb90d9f955dfa8466d8480eb5,10441,,,true
P03_BLUE_S_000017,P03,BLUE,S,image_000017.jpg,training/P03/BLUE/S/images/image_000017.jpg,4a9df2c01e893a9987f45b175cf4b4e4a15900e694ac5b540045b1c2f0551cee,10968,,,true
P03_BLUE_S_000018,P03,BLUE,S,image_000018.jpg,training/P03/BLUE/S/images/image_000018.jpg,9d8d5dceb83d7510279ea70a8dabdfc2ba0a0b5c4b738921e35dc5774bffa2d1,11183,,,true
P03_BLUE_S_000019,P03,BLUE,S,image_000019.jpg,training/P03/BLUE/S/images/image_000019.jpg,19716eb0eec1be48d5de34d3cedf784c3ba8b7bdd48e4d896d52ed140abde1af,11236,,,true
P03_BLUE_S_000020,P03,BLUE,S,image_000020.jpg,training/P03/BLUE/S/images/image_000020.jpg,e18c38f1a99205c13fe6547a1603a4e0a254281dd518dfa3af9c738eceb35c53,10666,,,true
P03_BLUE_S_000021,P03,BLUE,S,image_000021.jpg,training/P03/BLUE/S/images/image_000021.jpg,0da2d6bca36af63a9ec14f18ecb2a305a695c4f621574abd4a3d643984f93ec7,10515,,,true
P03_BLUE_S_000022,P03,BLUE,S,image_000022.jpg,training/P03/BLUE/S/images/image_000022.jpg,5fecd537333099573a58f34446942a93e2d7370b724aa80cbb317ed2727af025,10478,,,true
P03_BLUE_S_000023,P03,BLUE,S,image_000023.jpg,training/P03/BLUE/S/images/image_000023.jpg,53fcf62cef65541d15cc8c00fccb18c70b6b6a57a16b0c11815806a4fdad8644,10563,,,true
P03_BLUE_S_000024,P03,BLUE,S,image_000024.jpg,training/P03/BLUE/S/images/image_000024.jpg,fc5475d1b2cf0400f19a7b31337d39aca2e0ef1a977780dbb1bea14d17c046f0,10805,,,true
P03_BLUE_S_000025,P03,BLUE,S,image_000025.jpg,training/P03/BLUE/S/images/image_000025.jpg,92e3d36ea2ff841d9b408a5cf5c4beefbbc8870c70ab260dcb98f1208fdbf771,10334,,,true
P03_BLUE_T_000001,P03,BLUE,T,image_000001.jpg,training/P03/BLUE/T/images/image_000001.jpg,4bee12d431502c1930c8b8721b34816224ed3b8ef4e3109dfc2fbed0a0bb9e3e,10951,,,true
P03_BLUE_T_000002,P03,BLUE,T,image_000002.jpg,training/P03/BLUE/T/images/image_000002.jpg,60e74e9dae8f0446b41446c196e6f5462925200abddc56e5269b64abb86bad45,10824,,,true
P03_BLUE_T_000003,P03,BLUE,T,image_000003.jpg,training/P03/BLUE/T/images/image_000003.jpg,25d7fa2b344499640f7ea22224c1b20e82a892294e3d9e4c978ce5f320557262,10805,,,true
P03_BLUE_T_000004,P03,BLUE,T,image_000004.jpg,training/P03/BLUE/T/images/image_000004.jpg,7fe9d81ef671e4e38d5f20b5a9af7b4fa70dda7cf00ec79b64cc1d89e44f1fba,10812,,,true
P03_BLUE_T_000005,P03,BLUE,T,image_000005.jpg,training/P03/BLUE/T/images/image_000005.jpg,2ab105b916337a92a0e5c340a743cde9f32b75348ca91ee4dc5f77692da46cb8,10847,,,true
P03_BLUE_T_000006,P03,BLUE,T,image_000006.jpg,training/P03/BLUE/T/images/image_000006.jpg,105e2fdd4346b6c3527d22dc7dfe30b1b6a815f48627d0968474d70dab24717f,9395,,,true
P03_BLUE_T_000007,P03,BLUE,T,image_000007.jpg,training/P03/BLUE/T/images/image_000007.jpg,6e4b5df2718a1a0d5576c5892222585e5d50b4e96d2ba4309f6056dc0ab080be,10400,,,true
P03_BLUE_T_000008,P03,BLUE,T,image_000008.jpg,training/P03/BLUE/T/images/image_000008.jpg,1b59e89204e3629de49dff284c973b6579e47e0233c3ca2a39a61d630a61d89d,10328,,,true
P03_BLUE_T_000009,P03,BLUE,T,image_000009.jpg,training/P03/BLUE/T/images/image_000009.jpg,0b3e51bff7a18c6a03090b1862e5527adefed805f7052c1316609e3280d363f6,10618,,,true
P03_BLUE_T_000010,P03,BLUE,T,image_000010.jpg,training/P03/BLUE/T/images/image_000010.jpg,36fa940a84009a5469e9bf4fcf87afb491c574dfa6c235b6e15fdae5ea6287e6,10879,,,true
P03_BLUE_T_000011,P03,BLUE,T,image_000011.jpg,training/P03/BLUE/T/images/image_000011.jpg,902891ae6fc5a1c8634121035a1d27e0b715aa67d86ae378ba782192c1ac8804,10721,,,true
P03_BLUE_T_000012,P03,BLUE,T,image_000012.jpg,training/P03/BLUE/T/images/image_000012.jpg,f98dd3d5a2a225322874094888efafdbfc330d8ab0e4525de29a8693d1085e01,10701,,,true
P03_BLUE_T_000013,P03,BLUE,T,image_000013.jpg,training/P03/BLUE/T/images/image_000013.jpg,779f994e7b2a37a393c392d2b21a06edbe7f2d1840cc8233317151b78f714fcb,10632,,,true
P03_BLUE_T_000014,P03,BLUE,T,image_000014.jpg,training/P03/BLUE/T/images/image_000014.jpg,e47c5d6c83277bbea885e8c15dc6a9aa2afa4c88aaac3c46d1daa6d696e29144,10441,,,true
P03_BLUE_T_000015,P03,BLUE,T,image_000015.jpg,training/P03/BLUE/T/images/image_000015.jpg,7592f6f835f77b0c1af788196007d2412c38dd0125934674b91eda6ed83d24ef,10675,,,true
P03_BLUE_T_000016,P03,BLUE,T,image_000016.jpg,training/P03/BLUE/T/images/image_000016.jpg,63e1fa20856e8b5d646a2125dcdf28677dfa22f7dc06eda3e75eb069c6d5b5f5,10846,,,true
P03_BLUE_T_000017,P03,BLUE,T,image_000017.jpg,training/P03/BLUE/T/images/image_000017.jpg,1de3b3ff0ce0d4565574c2328c9677be932c302e5073ed5347d78d7e3cd859e9,10527,,,true
P03_BLUE_T_000018,P03,BLUE,T,image_000018.jpg,training/P03/BLUE/T/images/image_000018.jpg,d43ea72626f357217623e39e07b0505662d256d1ba5dccdad45ffc794e8ff693,10699,,,true
P03_BLUE_T_000019,P03,BLUE,T,image_000019.jpg,training/P03/BLUE/T/images/image_000019.jpg,0a8865fdd4248fda22e34d712797348c8c8a728ff0a234a48ba1791eddd49904,10384,,,true
P03_BLUE_T_000020,P03,BLUE,T,image_000020.jpg,training/P03/BLUE/T/images/image_000020.jpg,920c70a674b05354533afb7e00e83344376efb84acdb6b0c9ba47f2205350011,10541,,,true
P03_BLUE_T_000021,P03,BLUE,T,image_000021.jpg,training/P03/BLUE/T/images/image_000021.jpg,f9b6b736c6290341c1757bf18807a5811b1b3cfe6e105fce51a5b5821b205851,10781,,,true
P03_BLUE_T_000022,P03,BLUE,T,image_000022.jpg,training/P03/BLUE/T/images/image_000022.jpg,69e2d4e1341772a7d3b8168326ddf831fbba174b4bfc7919b869d6668e005b49,10681,,,true
P03_BLUE_T_000023,P03,BLUE,T,image_000023.jpg,training/P03/BLUE/T/images/image_000023.jpg,f891b4e8efc6ec8d48c086c20689ecaa273c5cbd7d3d70d5a7169e0303f7edb6,10511,,,true
P03_BLUE_T_000024,P03,BLUE,T,image_000024.jpg,training/P03/BLUE/T/images/image_000024.jpg,5e8056edd90cec735e72cc0dd01d1b6c04f522b9167d2a9d6edc9a6039fd6fd8,10536,,,true
P03_BLUE_T_000025,P03,BLUE,T,image_000025.jpg,training/P03/BLUE/T/images/image_000025.jpg,1594798190970720f7f9355e029386b7e053310a47ba9b029671c02da33f487f,10549,,,true
P03_BLUE_U_000001,P03,BLUE,U,image_000001.jpg,training/P03/BLUE/U/images/image_000001.jpg,a262ba745b232173783644434c8256fa3cbeb44eb4b13cf0a037a96ba94efa5b,8858,,,true
P03_BLUE_U_000002,P03,BLUE,U,image_000002.jpg,training/P03/BLUE/U/images/image_000002.jpg,c9a2bd6ab78548577801ebb88273ddb8c22bf6bda46e148873188642ea7f3832,8765,,,true
P03_BLUE_U_000003,P03,BLUE,U,image_000003.jpg,training/P03/BLUE/U/images/image_000003.jpg,5837ece6ee7ce69eb2395bb1f7d90e2d55d8f89d79b00906d7ded7e4c9361020,8568,,,true
P03_BLUE_U_000004,P03,BLUE,U,image_000004.jpg,training/P03/BLUE/U/images/image_000004.jpg,ac2b751d7e2d93e7ed09327ccf5b3853169ca4ee435de6e7dc484717678ebed0,8749,,,true
P03_BLUE_U_000005,P03,BLUE,U,image_000005.jpg,training/P03/BLUE/U/images/image_000005.jpg,52d3ba2ad44d77d62194453086f125caf9dd9eaf9e1f4cab1249b6348a09630b,8795,,,true
P03_BLUE_U_000006,P03,BLUE,U,image_000006.jpg,training/P03/BLUE/U/images/image_000006.jpg,17c5b7f8961c8cede3fd97b180b9a41f656dbaf213a43d75641011bf9c9b17c2,8640,,,true
P03_BLUE_U_000007,P03,BLUE,U,image_000007.jpg,training/P03/BLUE/U/images/image_000007.jpg,8f9d530eb9eace8a6d277ac8ce915f8942558eab337c955fb8e5be718e305980,8291,,,true
P03_BLUE_U_000008,P03,BLUE,U,image_000008.jpg,training/P03/BLUE/U/images/image_000008.jpg,bbc9c1a90af49dd12385b4d9509a696320c6cc54c17b5c39df6ce52b41d48c6b,8208,,,true
P03_BLUE_U_000009,P03,BLUE,U,image_000009.jpg,training/P03/BLUE/U/images/image_000009.jpg,8767ad2d834941316c4a3b66dce364d0ee1c292344f927e1555a98696dff7d9d,8921,,,true
P03_BLUE_U_000010,P03,BLUE,U,image_000010.jpg,training/P03/BLUE/U/images/image_000010.jpg,79d284b2284cbd8e63155d7ccf9f9a1eb6673898606343dedbd1f2edab45f88c,9139,,,true
P03_BLUE_U_000011,P03,BLUE,U,image_000011.jpg,training/P03/BLUE/U/images/image_000011.jpg,8898033fa30a3090d6710325b871fd2659ccb49404703a8b90af57b57101c196,9150,,,true
P03_BLUE_U_000012,P03,BLUE,U,image_000012.jpg,training/P03/BLUE/U/images/image_000012.jpg,21589083cb114e62b27ce653890d6a55fe949726fdf904c6039ded9a3395c3ca,8780,,,true
P03_BLUE_U_000013,P03,BLUE,U,image_000013.jpg,training/P03/BLUE/U/images/image_000013.jpg,720286bb4f79fd3b18f5de264b5afcf08c924c1d0a906fd30a48232e91f5ca1e,9364,,,true
P03_BLUE_U_000014,P03,BLUE,U,image_000014.jpg,training/P03/BLUE/U/images/image_000014.jpg,08fe94a353d7065d095a8fcff89498647fc12d7e63306e163b93143549cc0260,9049,,,true
P03_BLUE_U_000015,P03,BLUE,U,image_000015.jpg,training/P03/BLUE/U/images/image_000015.jpg,6396ed9b9251cc14373a36080a3a0de53d62bf8c7818f7dcd390285077cb1fbf,8962,,,true
P03_BLUE_U_000016,P03,BLUE,U,image_000016.jpg,training/P03/BLUE/U/images/image_000016.jpg,3f808dbcfae845b3712518a30f27cc7ed5dfbcfa58b172af4bdeb6bca43c808b,8758,,,true
P03_BLUE_U_000017,P03,BLUE,U,image_000017.jpg,training/P03/BLUE/U/images/image_000017.jpg,e95caebccd2e1033c3bc3ea83240bcf0f85fd6bde396a0eb378b341b58c325bb,8626,,,true
P03_BLUE_U_000018,P03,BLUE,U,image_000018.jpg,training/P03/BLUE/U/images/image_000018.jpg,fa4b31efd963507050d3fb8b26a9cbf134284aa80f58c4db5a55db2707109d7b,8649,,,true
P03_BLUE_U_000019,P03,BLUE,U,image_000019.jpg,training/P03/BLUE/U/images/image_000019.jpg,411e39125425c360cc9a1729c8e86929614c2417a8abeb54fe697318fde83e4b,8841,,,true
P03_BLUE_U_000020,P03,BLUE,U,image_000020.jpg,training/P03/BLUE/U/images/image_000020.jpg,8fdefdebc7cfa3702f64cea27b051b2a9a6bf72b709df1e96a6be4c7fb4a55cf,8811,,,true
P03_BLUE_U_000021,P03,BLUE,U,image_000021.jpg,training/P03/BLUE/U/images/image_000021.jpg,f9b0ab742667400fd8e55e5dd50fe7824b4c2fca820c6a346f6410f77787d223,8828,,,true
P03_BLUE_U_000022,P03,BLUE,U,image_000022.jpg,training/P03/BLUE/U/images/image_000022.jpg,fba4555ae0788fcba6fbb32d931a0e49e8067151b2d3cc8c3318170f8e36a52d,8894,,,true
P03_BLUE_U_000023,P03,BLUE,U,image_000023.jpg,training/P03/BLUE/U/images/image_000023.jpg,d203da447d56dd2c0d70befffb1ec37dae82a409268f466d696e1c0681e75cae,8975,,,true
P03_BLUE_U_000024,P03,BLUE,U,image_000024.jpg,training/P03/BLUE/U/images/image_000024.jpg,f213d6f208fc71d237bedf62077e21e1e5656ef7958b6419af573dd837bffac5,8603,,,true
P03_BLUE_U_000025,P03,BLUE,U,image_000025.jpg,training/P03/BLUE/U/images/image_000025.jpg,36d78b3bfa0a53f7b5f65bdafa7f414146d2b48f6d6de703c24868c217d2fb3a,8746,,,true
P03_BLUE_V_000001,P03,BLUE,V,image_000001.jpg,training/P03/BLUE/V/images/image_000001.jpg,99d08a6c3d1959f129e1cf06649de77127dd2700021b7e11433ee092480f89d5,9209,,,true
P03_BLUE_V_000002,P03,BLUE,V,image_000002.jpg,training/P03/BLUE/V/images/image_000002.jpg,9f2854366b7722f12b5995dd8ccc1563c7234fbb16b7e25b4a62ab0fcb9553c2,9326,,,true
P03_BLUE_V_000003,P03,BLUE,V,image_000003.jpg,training/P03/BLUE/V/images/image_000003.jpg,02b5efa2ed2079cfd56f5f92d5e479841f61ba39027b54c78e5c7ca7798dc4b1,8797,,,true
P03_BLUE_V_000004,P03,BLUE,V,image_000004.jpg,training/P03/BLUE/V/images/image_000004.jpg,a578337982b61e882f12a6243a573daf4257f047317ce64c16da12c155dc30e9,8868,,,true
P03_BLUE_V_000005,P03,BLUE,V,image_000005.jpg,training/P03/BLUE/V/images/image_000005.jpg,1c6702d5d126fa202cdfc802a8fa37e4304b5db6b8407880245eb810721511a1,8835,,,true
P03_BLUE_V_000006,P03,BLUE,V,image_000006.jpg,training/P03/BLUE/V/images/image_000006.jpg,57a2164edcc0918b1f3da9edb0388da1e5d4936f7229ce6a5d478f8b9c4cc493,8984,,,true
P03_BLUE_V_000007,P03,BLUE,V,image_000007.jpg,training/P03/BLUE/V/images/image_000007.jpg,0c306e39624692090ac9aa2c35966c5634f87f45df38a84ab168be2e721a0195,8948,,,true
P03_BLUE_V_000008,P03,BLUE,V,image_000008.jpg,training/P03/BLUE/V/images/image_000008.jpg,149aabebee8f97a1ceef89bdc689def0f51029468ae898a9ac90e8d13c7864e6,8786,,,true
P03_BLUE_V_000009,P03,BLUE,V,image_000009.jpg,training/P03/BLUE/V/images/image_000009.jpg,2a4ec0c72d7b00252bf2d8d7c4fde88501ac296dd137123e0c6ba507ac71c47c,8876,,,true
P03_BLUE_V_000010,P03,BLUE,V,image_000010.jpg,training/P03/BLUE/V/images/image_000010.jpg,6b8a741f7bbe0714fadc9ad14394ad0300865e0abaed5bdbb49252fd77e13f7d,8642,,,true
P03_BLUE_V_000011,P03,BLUE,V,image_000011.jpg,training/P03/BLUE/V/images/image_000011.jpg,9930cfa0ac256a9860feafaeb251b72ef78bc614b12022269ef18f5f471aa91e,8479,,,true
P03_BLUE_V_000012,P03,BLUE,V,image_000012.jpg,training/P03/BLUE/V/images/image_000012.jpg,2ac6e8b50f55dba367f17c75c6bc0da95412c7435e8b50a8872ad110c1b89bc3,8528,,,true
P03_BLUE_V_000013,P03,BLUE,V,image_000013.jpg,training/P03/BLUE/V/images/image_000013.jpg,058460b2e416454c502dcbb30db1ae4472ba46d416001a38149d557ab2964ad5,8518,,,true
P03_BLUE_V_000014,P03,BLUE,V,image_000014.jpg,training/P03/BLUE/V/images/image_000014.jpg,401c68d05fbcb055f7523419b78b296949f90e15aebe8d53446060a03a1c39ae,8864,,,true
P03_BLUE_V_000015,P03,BLUE,V,image_000015.jpg,training/P03/BLUE/V/images/image_000015.jpg,0671add913245a734ad0f7cd7ee76466a2fee4d0616a00b138897d95dad05188,8892,,,true
P03_BLUE_V_000016,P03,BLUE,V,image_000016.jpg,training/P03/BLUE/V/images/image_000016.jpg,851c58f5863adf777b48c46bc85a554da0cf094ab039d3a9d7c885d5234e2627,8988,,,true
P03_BLUE_V_000017,P03,BLUE,V,image_000017.jpg,training/P03/BLUE/V/images/image_000017.jpg,d5e40e267fe8fa74c37c2b1466e9c2437f641a26aec78f535a80efe7643a07de,8434,,,true
P03_BLUE_V_000018,P03,BLUE,V,image_000018.jpg,training/P03/BLUE/V/images/image_000018.jpg,58f5693808604a9f7ee416d63058e321f200e9d9f665a7d8f6600423d66dfbe1,8617,,,true
P03_BLUE_V_000019,P03,BLUE,V,image_000019.jpg,training/P03/BLUE/V/images/image_000019.jpg,d5743e8bde5b26e8ebf3822dcf5620c30439cacd1ba2e5706398dba49ccd7429,8602,,,true
P03_BLUE_V_000020,P03,BLUE,V,image_000020.jpg,training/P03/BLUE/V/images/image_000020.jpg,3ca1405ce7bc591eb06ea896f6a4810295206b73c48270e0e44d4345f3478ffc,8660,,,true
P03_BLUE_V_000021,P03,BLUE,V,image_000021.jpg,training/P03/BLUE/V/images/image_000021.jpg,3c4103360fa078d76c135b53f40b6abdcfb37739e8c347ec6be19332e6d61547,8866,,,true
P03_BLUE_V_000022,P03,BLUE,V,image_000022.jpg,training/P03/BLUE/V/images/image_000022.jpg,64263bd8aba9ad892f67e7976b694924d238cbd55fec1b0d800c15a952e7af30,8753,,,true
P03_BLUE_V_000023,P03,BLUE,V,image_000023.jpg,training/P03/BLUE/V/images/image_000023.jpg,49d05faba224f9fc6d30924210fd658e6f2bcd9fbcc254805cdc46b9c7698814,8872,,,true
P03_BLUE_V_000024,P03,BLUE,V,image_000024.jpg,training/P03/BLUE/V/images/image_000024.jpg,a05190990293a3d62b00c30f7896a21fc8c2065ab9848e7d904d99d144465019,8890,,,true
P03_BLUE_V_000025,P03,BLUE,V,image_000025.jpg,training/P03/BLUE/V/images/image_000025.jpg,68e13ccd1102ed2898f12070ed7f29ef002d8fdf019449c7f40e15d0406438d9,8699,,,true
P03_BLUE_W_000001,P03,BLUE,W,image_000001.jpg,training/P03/BLUE/W/images/image_000001.jpg,7d3b70621852d0795f7c8a7de07c57af9e471e5dfe67b8e61e34322e30600957,10239,,,true
P03_BLUE_W_000002,P03,BLUE,W,image_000002.jpg,training/P03/BLUE/W/images/image_000002.jpg,6ec174133e63336d8a003ea642fe3e56082a117002cbfb1eaaf13aa276ad324a,10323,,,true
P03_BLUE_W_000003,P03,BLUE,W,image_000003.jpg,training/P03/BLUE/W/images/image_000003.jpg,d0d7040e5932bb4ae53eb9e3b126b29cf7979f9028a5ce84d16065f7254dfe19,10108,,,true
P03_BLUE_W_000004,P03,BLUE,W,image_000004.jpg,training/P03/BLUE/W/images/image_000004.jpg,cfcb4eb1d2e0f2aa4493fd672393a646e23fcebaac4f9e7ddff411a3a58c24d7,10197,,,true
P03_BLUE_W_000005,P03,BLUE,W,image_000005.jpg,training/P03/BLUE/W/images/image_000005.jpg,3a232a148eea0e2a46d9ce3b13470a6eb830c1c1e22e713d56a78b310470d426,10231,,,true
P03_BLUE_W_000006,P03,BLUE,W,image_000006.jpg,training/P03/BLUE/W/images/image_000006.jpg,db753535cc6128e189559b8d28e02f81389edef9c2a53a42bfd5bd4b220f8f45,10202,,,true
P03_BLUE_W_000007,P03,BLUE,W,image_000007.jpg,training/P03/BLUE/W/images/image_000007.jpg,b8c136c7c6720e2d4c77694f5ff25051f4e66ee9197fa84b2ca66f98117d8d60,10356,,,true
P03_BLUE_W_000008,P03,BLUE,W,image_000008.jpg,training/P03/BLUE/W/images/image_000008.jpg,ddaf1893d8cc432c2ae9aa9e9c8e108911fdb4945df40a7704cf0ec1f54e62a2,10161,,,true
P03_BLUE_W_000009,P03,BLUE,W,image_000009.jpg,training/P03/BLUE/W/images/image_000009.jpg,742e2fa31e78910b88e9cbc5239ef66557661aa75a00d5c76e8e705900a0ee88,10293,,,true
P03_BLUE_W_000010,P03,BLUE,W,image_000010.jpg,training/P03/BLUE/W/images/image_000010.jpg,8bced34d263889a539e839afa48c5d19c3dd07a5dcb54a8caf35be6027dd9b9c,10148,,,true
P03_BLUE_W_000011,P03,BLUE,W,image_000011.jpg,training/P03/BLUE/W/images/image_000011.jpg,36c9eb2b4dc4a3d790164ed4af1f057e621cfd52450da1d3f99848e6a1ce579e,10051,,,true
P03_BLUE_W_000012,P03,BLUE,W,image_000012.jpg,training/P03/BLUE/W/images/image_000012.jpg,2b028ec271b6447a9cfb2bb709e643842571aa254d21e36a0f6f9220f2f60348,9864,,,true
P03_BLUE_W_000013,P03,BLUE,W,image_000013.jpg,training/P03/BLUE/W/images/image_000013.jpg,4e675870878d4cd2cf3e850a61d2cfe5d306cb6f4d8ccdc34b1c1e5b297c4e58,10131,,,true
P03_BLUE_W_000014,P03,BLUE,W,image_000014.jpg,training/P03/BLUE/W/images/image_000014.jpg,9fb0fcf2d04792b14a94b8c52c049758ea21f704647b42c4a4b49dcc61c483e9,10298,,,true
P03_BLUE_W_000015,P03,BLUE,W,image_000015.jpg,training/P03/BLUE/W/images/image_000015.jpg,8a7c4284a3c2a4ed1f6727aad611073b3107ba6a3ca22fde0784e80b279edfe6,10415,,,true
P03_BLUE_W_000016,P03,BLUE,W,image_000016.jpg,training/P03/BLUE/W/images/image_000016.jpg,2e81885a688dbcc3090731ab7bde1614721adf25d58a2ea99426f2faed1c3499,10239,,,true
P03_BLUE_W_000017,P03,BLUE,W,image_000017.jpg,training/P03/BLUE/W/images/image_000017.jpg,d00d95e82b42721afa7b43a5cbc335feff6aa9482139e70953b90ba5b9216666,10145,,,true
P03_BLUE_W_000018,P03,BLUE,W,image_000018.jpg,training/P03/BLUE/W/images/image_000018.jpg,c84489e19c6171eeec98ef0fdf82ab9c2f99e9eeb41fe2b3e2bad3c62f492019,10183,,,true
P03_BLUE_W_000019,P03,BLUE,W,image_000019.jpg,training/P03/BLUE/W/images/image_000019.jpg,e05ca773a10de2ac448f7e426783fe7c2b50373f839fdb0b16b0c4ba890598f5,9996,,,true
P03_BLUE_W_000020,P03,BLUE,W,image_000020.jpg,training/P03/BLUE/W/images/image_000020.jpg,5a041745d53f7b0fd084dc1290123b5e5164cdf5e31a4f2f692b68befb3eb118,10178,,,true
P03_BLUE_W_000021,P03,BLUE,W,image_000021.jpg,training/P03/BLUE/W/images/image_000021.jpg,9aece39def3c0bf91f1bfda08df1aa3788b00207ab3079540799e127a6efb934,10228,,,true
P03_BLUE_W_000022,P03,BLUE,W,image_000022.jpg,training/P03/BLUE/W/images/image_000022.jpg,24facce9a57702f08b7187091bff14dccb97a33316b34b104b802b25275a57fd,10197,,,true
P03_BLUE_W_000023,P03,BLUE,W,image_000023.jpg,training/P03/BLUE/W/images/image_000023.jpg,55ed8683e8289c7a8137ed4be145091e24d4f69d75d4f060125d9d143dd8f9a3,10390,,,true
P03_BLUE_W_000024,P03,BLUE,W,image_000024.jpg,training/P03/BLUE/W/images/image_000024.jpg,93a497fac0552e17f8f2e0c039b7a1f3253087785de8ca549144d46fb9c1f3bf,10068,,,true
P03_BLUE_W_000025,P03,BLUE,W,image_000025.jpg,training/P03/BLUE/W/images/image_000025.jpg,5a6a428b08c3f13171e8c9fe3d2b10c5ca0ce7befd17a321e29cb4ac529e8671,10253,,,true
P03_BLUE_Y_000001,P03,BLUE,Y,image_000001.jpg,training/P03/BLUE/Y/images/image_000001.jpg,22c0abd125983d0e8cdb470ff0b556cb03203ca8a2fd7300e6e1445da282fee4,8863,,,true
P03_BLUE_Y_000002,P03,BLUE,Y,image_000002.jpg,training/P03/BLUE/Y/images/image_000002.jpg,4cf5ea254a71d0a778f5a512b1b25d2128f7470b169f19c1ee8203376e9016ca,8844,,,true
P03_BLUE_Y_000003,P03,BLUE,Y,image_000003.jpg,training/P03/BLUE/Y/images/image_000003.jpg,7a206662b2faca8f6fe707a3c4ab20dfb965914755a9349fbcba12decf119670,8920,,,true
P03_BLUE_Y_000004,P03,BLUE,Y,image_000004.jpg,training/P03/BLUE/Y/images/image_000004.jpg,7604a8f724533848fed24f1313400494dffb6aba0c6b3f0b38bba9cfa5b007c3,8893,,,true
P03_BLUE_Y_000005,P03,BLUE,Y,image_000005.jpg,training/P03/BLUE/Y/images/image_000005.jpg,41071f6f5a14b5ec606b97ae0c8026a56e6e8313885611b91cab128c71d465a4,9203,,,true
P03_BLUE_Y_000006,P03,BLUE,Y,image_000006.jpg,training/P03/BLUE/Y/images/image_000006.jpg,d3a80c11e99343ad6c1a86c8157d36ae20c331887e39852e73c6808f9613cc4c,9230,,,true
P03_BLUE_Y_000007,P03,BLUE,Y,image_000007.jpg,training/P03/BLUE/Y/images/image_000007.jpg,04fce8600fc60dc846ffeb57b639d8661c1637c24e1454319a5cb2b9e14c4e86,8751,,,true
P03_BLUE_Y_000008,P03,BLUE,Y,image_000008.jpg,training/P03/BLUE/Y/images/image_000008.jpg,bacad66f8172b1e3ad2216be165606976d839c8b8ef1803e4a0e9001a3363c2f,8862,,,true
P03_BLUE_Y_000009,P03,BLUE,Y,image_000009.jpg,training/P03/BLUE/Y/images/image_000009.jpg,26ec045b73e5e0a4d006da1f78e5757c14257784bf42ec4a3e353808662eff45,8665,,,true
P03_BLUE_Y_000010,P03,BLUE,Y,image_000010.jpg,training/P03/BLUE/Y/images/image_000010.jpg,fe23a6ee69392a233e3fa6c8777063ec08e7b0d760436579db69e701a65a2084,8803,,,true
P03_BLUE_Y_000011,P03,BLUE,Y,image_000011.jpg,training/P03/BLUE/Y/images/image_000011.jpg,80254a9afa259f7765ae299cab5a0569b6c7ad0819ed15c49b1714194ab2dd20,8819,,,true
P03_BLUE_Y_000012,P03,BLUE,Y,image_000012.jpg,training/P03/BLUE/Y/images/image_000012.jpg,15224a85696e64a4fd615bc3b9e6911bbb9cc3aca15d758abfdae322c33eba8d,8865,,,true
P03_BLUE_Y_000013,P03,BLUE,Y,image_000013.jpg,training/P03/BLUE/Y/images/image_000013.jpg,3284a9586404d8606f6861dd9a51cf83c9669fc63b39e75a0f7573103180e2dd,8696,,,true
P03_BLUE_Y_000014,P03,BLUE,Y,image_000014.jpg,training/P03/BLUE/Y/images/image_000014.jpg,6e65bcf2219923e7ce45c42ec7d542a854ea92bbb2b5c0ec09de2e9d4d427b10,8551,,,true
P03_BLUE_Y_000015,P03,BLUE,Y,image_000015.jpg,training/P03/BLUE/Y/images/image_000015.jpg,f5aebd9584ec0f48778316f28037c56fabf0bf9514edf5b009d07d44a58dc7e7,8818,,,true
P03_BLUE_Y_000016,P03,BLUE,Y,image_000016.jpg,training/P03/BLUE/Y/images/image_000016.jpg,a2cdd6def24ebeedcb17fcbd5f2efc1105de147cb864964d3795311b6d03a35f,9104,,,true
P03_BLUE_Y_000017,P03,BLUE,Y,image_000017.jpg,training/P03/BLUE/Y/images/image_000017.jpg,a79737ed097e8aca5628fe3e180aa45686d0845424ae252f6df6509429739648,8457,,,true
P03_BLUE_Y_000018,P03,BLUE,Y,image_000018.jpg,training/P03/BLUE/Y/images/image_000018.jpg,76ce87d74eb7d42a4574d3081da13be7f254b19d6049c0f852ef8546323d7492,8284,,,true
P03_BLUE_Y_000019,P03,BLUE,Y,image_000019.jpg,training/P03/BLUE/Y/images/image_000019.jpg,9a74c0472cdfcfd404fccaf73deba220120ff6fa4de812cd9b6c17e7a31d7d3c,8506,,,true
P03_BLUE_Y_000020,P03,BLUE,Y,image_000020.jpg,training/P03/BLUE/Y/images/image_000020.jpg,24fb61bb9a56b574c24971953e92ffcb181297ae388caf8851a74167c169640a,8405,,,true
P03_BLUE_Y_000021,P03,BLUE,Y,image_000021.jpg,training/P03/BLUE/Y/images/image_000021.jpg,757b9226ada6cb7020e6c90479ee810ebbea25defb808df9b9b3f3a431f0f542,8783,,,true
P03_BLUE_Y_000022,P03,BLUE,Y,image_000022.jpg,training/P03/BLUE/Y/images/image_000022.jpg,a06705513bb123e35be74eeb25683416db7d51a185de75b7449fb640c4dfeef2,8715,,,true
P03_BLUE_Y_000023,P03,BLUE,Y,image_000023.jpg,training/P03/BLUE/Y/images/image_000023.jpg,11104213e59c195722f8afa0925c11b0d28cdb0d1be891ec3cb51daee02730dc,8453,,,true
P03_BLUE_Y_000024,P03,BLUE,Y,image_000024.jpg,training/P03/BLUE/Y/images/image_000024.jpg,bb0571ae5403763317b467b596572842f1c951955661169b5abaab73df561a05,9173,,,true
P03_BLUE_Y_000025,P03,BLUE,Y,image_000025.jpg,training/P03/BLUE/Y/images/image_000025.jpg,3a7c8ec921eadd754c1f9beb1d49349cc9409ab0a3f0e052543da8b029d3affb,9193,,,true
P05_BLACK_A_000001,P05,BLACK,A,image_000001.jpg,training/P05/BLACK/A/images/image_000001.jpg,5832beb25d5814acee04bb835d2112d2855ebf991276df697979d31fd83b57ba,8719,,,true
P05_BLACK_A_000002,P05,BLACK,A,image_000002.jpg,training/P05/BLACK/A/images/image_000002.jpg,c790950d4ef187dbabeba2d227e2286bb89823b81561d25b84e1d6d96dc2eb1a,8854,,,true
P05_BLACK_A_000003,P05,BLACK,A,image_000003.jpg,training/P05/BLACK/A/images/image_000003.jpg,cf69e30e6da9c1ba4a6cc1b5ac0eb1a52d50910d115cc0821f07703ed8a242fe,8592,,,true
P05_BLACK_A_000004,P05,BLACK,A,image_000004.jpg,training/P05/BLACK/A/images/image_000004.jpg,57bc6777742646f1a7e5c8876f5747f764d733473c85c8e8258c49908246e137,9197,,,true
P05_BLACK_A_000005,P05,BLACK,A,image_000005.jpg,training/P05/BLACK/A/images/image_000005.jpg,db098406624fe0f4b9300280fc8dc7ec05d2b9ac0a143ec624d26ac93d5659c7,8183,,,true
P05_BLACK_A_000006,P05,BLACK,A,image_000006.jpg,training/P05/BLACK/A/images/image_000006.jpg,9d49c67a7815de46347f078c45683a98d305727493941f2c68d1d4a1f28d48f8,8947,,,true
P05_BLACK_A_000007,P05,BLACK,A,image_000007.jpg,training/P05/BLACK/A/images/image_000007.jpg,90c58c6c6e1b276cf71dd9df91d254aa95661e693a1d55532acd6e2d18aa0316,9485,,,true
P05_BLACK_A_000008,P05,BLACK,A,image_000008.jpg,training/P05/BLACK/A/images/image_000008.jpg,f836f128394b190ce6693995bcf72651695ec977e8bca3d5b4502e302f0323cb,8662,,,true
P05_BLACK_A_000009,P05,BLACK,A,image_000009.jpg,training/P05/BLACK/A/images/image_000009.jpg,9b2ef8ca84192217886851fba8bbc135f5d2353d5e7a035b3bb7c0562b6f53ae,9281,,,true
P05_BLACK_A_000010,P05,BLACK,A,image_000010.jpg,training/P05/BLACK/A/images/image_000010.jpg,6c675b791badc467b2e64b860dd634beff3f0f40ea9637703602def980ab5b1a,9589,,,true
P05_BLACK_A_000011,P05,BLACK,A,image_000011.jpg,training/P05/BLACK/A/images/image_000011.jpg,601ac9cda037dbc238c54669caa4968c7f880339df06ccb1bce6c12dc5274543,8142,,,true
P05_BLACK_A_000012,P05,BLACK,A,image_000012.jpg,training/P05/BLACK/A/images/image_000012.jpg,38f2c92e43593e9d5679a977ca410983f240987bbfd7093f40eae208888c8ab4,8082,,,true
P05_BLACK_A_000013,P05,BLACK,A,image_000013.jpg,training/P05/BLACK/A/images/image_000013.jpg,8ab1e52ef457cf8e820ac93bb7b26b37efd34632a93ce8536487d099bc81739d,7814,,,true
P05_BLACK_A_000014,P05,BLACK,A,image_000014.jpg,training/P05/BLACK/A/images/image_000014.jpg,537359230e27c2d4cd98516deaa8c90b89925dd22eb50ac828e54272b687b655,7695,,,true
P05_BLACK_A_000015,P05,BLACK,A,image_000015.jpg,training/P05/BLACK/A/images/image_000015.jpg,550fceebdc7ea1eca862b21660d817103776d0d872403a721a7e81b39b7d1904,8134,,,true
P05_BLACK_A_000016,P05,BLACK,A,image_000016.jpg,training/P05/BLACK/A/images/image_000016.jpg,4c1a3be5578f54e4002f6771b6ce82abf68461a544f6ccbd87ab830d613c0e1f,8093,,,true
P05_BLACK_A_000017,P05,BLACK,A,image_000017.jpg,training/P05/BLACK/A/images/image_000017.jpg,550bf175fb68cb8db8f15b4a3ef23255059a39e9a09c413713d00e54e83e7765,8432,,,true
P05_BLACK_A_000018,P05,BLACK,A,image_000018.jpg,training/P05/BLACK/A/images/image_000018.jpg,9dbe954bf0bc512f8e148f45b45a739a7475068ba37f71a9a1e4725f45fde62c,8091,,,true
P05_BLACK_A_000019,P05,BLACK,A,image_000019.jpg,training/P05/BLACK/A/images/image_000019.jpg,70a2b4f1c0d139ad9897a13c7ec4bc49ec85ed6e788d33fdfd5be9eba669db22,8226,,,true
P05_BLACK_A_000020,P05,BLACK,A,image_000020.jpg,training/P05/BLACK/A/images/image_000020.jpg,d92f9505d5069d2da252c143e894127427b7cd94b1a5afc325b987d465bc4922,8609,,,true
P05_BLACK_A_000021,P05,BLACK,A,image_000021.jpg,training/P05/BLACK/A/images/image_000021.jpg,b631ac2e5a88f1aa37555fbcdebd18cda6225b4e6209f0232381d594b3f7681d,8303,,,true
P05_BLACK_A_000022,P05,BLACK,A,image_000022.jpg,training/P05/BLACK/A/images/image_000022.jpg,844a21c5ebbfcface98abf56dc3f100ea9b7b6ed2e46813654c0cfdd0b1d2c1a,9284,,,true
P05_BLACK_A_000023,P05,BLACK,A,image_000023.jpg,training/P05/BLACK/A/images/image_000023.jpg,807e89b30922d879d160901a2d6de070566da3f988b5e140af08186d273dac0a,8075,,,true
P05_BLACK_A_000024,P05,BLACK,A,image_000024.jpg,training/P05/BLACK/A/images/image_000024.jpg,843b611a99046feddcb13d2d0e73e3af9fca58e1e69a66950a128eb9ee7ea459,8256,,,true
P05_BLACK_A_000025,P05,BLACK,A,image_000025.jpg,training/P05/BLACK/A/images/image_000025.jpg,bbd6a7e729e84b04a1ca154b677cdc605c3a057a27509ad2e644196d93db2603,8000,,,true
P05_BLACK_B_000001,P05,BLACK,B,image_000001.jpg,training/P05/BLACK/B/images/image_000001.jpg,05570be52209abd5d16da7c228d481e8fbf8534ed052fdfc92f046a912537fb8,7902,,,true
P05_BLACK_B_000002,P05,BLACK,B,image_000002.jpg,training/P05/BLACK/B/images/image_000002.jpg,45d804720fce17a210ce86280319352c2f6fa4d31198fad71f68a6a152a0640d,8412,,,true
P05_BLACK_B_000003,P05,BLACK,B,image_000003.jpg,training/P05/BLACK/B/images/image_000003.jpg,9a045f1c758d59b9ada8594980e817d1d8a9bac4f0e93c7b2733dc095d0efc7c,8656,,,true
P05_BLACK_B_000004,P05,BLACK,B,image_000004.jpg,training/P05/BLACK/B/images/image_000004.jpg,438b7cde6b45aa23ffd9a1dfa24187b75bc5dd5baa041fb72887a7f84e77e054,8294,,,true
P05_BLACK_B_000005,P05,BLACK,B,image_000005.jpg,training/P05/BLACK/B/images/image_000005.jpg,fdcd09b8b2af9e36aeab8b2a94c88e6e0bf9abc4f0cfa806a5c000901446580b,7873,,,true
P05_BLACK_B_000006,P05,BLACK,B,image_000006.jpg,training/P05/BLACK/B/images/image_000006.jpg,fadf411c96cb903555012a4e3b46a1d8ae356ada042a91c0c32d2c3c674eeb9c,9014,,,true
P05_BLACK_B_000007,P05,BLACK,B,image_000007.jpg,training/P05/BLACK/B/images/image_000007.jpg,a74dcbc1246af0049742e77aa2c76f51a69c09e4bbec140acc5653c3cf4b1d49,9230,,,true
P05_BLACK_B_000008,P05,BLACK,B,image_000008.jpg,training/P05/BLACK/B/images/image_000008.jpg,00edb868220186d51a5f79c753e1239ec5454fa32a75cd3ec46a9a141fbc780e,8000,,,true
P05_BLACK_B_000009,P05,BLACK,B,image_000009.jpg,training/P05/BLACK/B/images/image_000009.jpg,3141f046c15f906b25e480258e3a037ca8be3b25c19a04951b1ee2192778b028,8456,,,true
P05_BLACK_B_000010,P05,BLACK,B,image_000010.jpg,training/P05/BLACK/B/images/image_000010.jpg,f4773b60b1757ee2c57e63d987ddee1f5b9627fa3831a39c1acb5fafb2c73f75,8510,,,true
P05_BLACK_B_000011,P05,BLACK,B,image_000011.jpg,training/P05/BLACK/B/images/image_000011.jpg,ce942701521e0838fe2d8119d8cfbcb6f7ba55a74172af2d5d13e3ca3627eefd,8605,,,true
P05_BLACK_B_000012,P05,BLACK,B,image_000012.jpg,training/P05/BLACK/B/images/image_000012.jpg,0a6509ca8c8b0be493dd14040110108c1e2c28e8589ff63d654d1a2fc579cdd2,8445,,,true
P05_BLACK_B_000013,P05,BLACK,B,image_000013.jpg,training/P05/BLACK/B/images/image_000013.jpg,489f1bcf719a5a950060aac669f79b7795a5113a1e30e8faaa348c0eaab45f3f,8533,,,true
P05_BLACK_B_000014,P05,BLACK,B,image_000014.jpg,training/P05/BLACK/B/images/image_000014.jpg,81f34c6b8549ac5dac8a563da172ed14a656d428e3f5136ae45b5cc513f4f890,8414,,,true
P05_BLACK_B_000015,P05,BLACK,B,image_000015.jpg,training/P05/BLACK/B/images/image_000015.jpg,a241657a66208dd2f2ee9d61dbbf836ebafda980c2d4a0446f9ba16141b11986,8321,,,true
P05_BLACK_B_000016,P05,BLACK,B,image_000016.jpg,training/P05/BLACK/B/images/image_000016.jpg,354cb82feb3f23cff34f777aae01af9cd27b3cc0f2b937ef343bf7ea645325e3,7801,,,true
P05_BLACK_B_000017,P05,BLACK,B,image_000017.jpg,training/P05/BLACK/B/images/image_000017.jpg,0a64974d32d537784157eda84d1c8d1ba020e1a7669cc3e849b2dafffaf67eea,7893,,,true
P05_BLACK_B_000018,P05,BLACK,B,image_000018.jpg,training/P05/BLACK/B/images/image_000018.jpg,0fcaf6ba27263ad18eb5b59d5cb1c501e70fa0b327dd739f35d9e6b678b5c2d3,8503,,,true
P05_BLACK_B_000019,P05,BLACK,B,image_000019.jpg,training/P05/BLACK/B/images/image_000019.jpg,b690c2459d067a3222066932a58944e78a3d92a4f242a0b1cd4938a7ebc49987,9074,,,true
P05_BLACK_B_000020,P05,BLACK,B,image_000020.jpg,training/P05/BLACK/B/images/image_000020.jpg,6852762fc67d0131ded4486e6b1dd8d524305c04126cfc6756ff2dd914b2dcfc,8683,,,true
P05_BLACK_B_000021,P05,BLACK,B,image_000021.jpg,training/P05/BLACK/B/images/image_000021.jpg,8dd853be0b94f6286c2c68233050678381a77f6e58e937279a4c81b98884e80e,9188,,,true
P05_BLACK_B_000022,P05,BLACK,B,image_000022.jpg,training/P05/BLACK/B/images/image_000022.jpg,09668e6836d36ec454c877e383bdcc0a73279bf7bc0662db40261a313b8908f1,8598,,,true
P05_BLACK_B_000023,P05,BLACK,B,image_000023.jpg,training/P05/BLACK/B/images/image_000023.jpg,5421ba5912afc1800261168c11414eb06cfc3fb904112fa3edf72dc0651d016d,8978,,,true
P05_BLACK_B_000024,P05,BLACK,B,image_000024.jpg,training/P05/BLACK/B/images/image_000024.jpg,f0416cfd065e31cf32d8c757e2f099a3ded63587e2f5ec4e55c0a24e085988f8,8531,,,true
P05_BLACK_B_000025,P05,BLACK,B,image_000025.jpg,training/P05/BLACK/B/images/image_000025.jpg,ded0da063ac7ebe0ca48bf1b6bf92ccbec63569a78a10c44cd49aada9a0325dd,8834,,,true
P05_BLACK_C_000001,P05,BLACK,C,image_000001.jpg,training/P05/BLACK/C/images/image_000001.jpg,63a98317dde6428b13f7e495b73e3b3ddad6c7264a7bb21cc3fcf61f131bf814,8905,,,true
P05_BLACK_C_000002,P05,BLACK,C,image_000002.jpg,training/P05/BLACK/C/images/image_000002.jpg,101431abdc80c0eec76bd80abdfacc787f220bdc5f8152c80dfbd32aa089b059,9298,,,true
P05_BLACK_C_000003,P05,BLACK,C,image_000003.jpg,training/P05/BLACK/C/images/image_000003.jpg,96685c874c4e325d4356a553f9a450baba996a71fd93dde0c4c71e5551ed1e05,8779,,,true
P05_BLACK_C_000004,P05,BLACK,C,image_000004.jpg,training/P05/BLACK/C/images/image_000004.jpg,2af81f117636c92a4cd0c8b903c15c735cd9209c1d0ab3cc016bc542f8fcc9e3,9091,,,true
P05_BLACK_C_000005,P05,BLACK,C,image_000005.jpg,training/P05/BLACK/C/images/image_000005.jpg,4b161bf668564aab3caa6ae3ca70642c89d4be45e103ce3b4db0fabfe99bcf66,9176,,,true
P05_BLACK_C_000006,P05,BLACK,C,image_000006.jpg,training/P05/BLACK/C/images/image_000006.jpg,df9e8041551dbcaedcb33a83abd570bb0b71b2bfe551032ada290e103084e102,8433,,,true
P05_BLACK_C_000007,P05,BLACK,C,image_000007.jpg,training/P05/BLACK/C/images/image_000007.jpg,f819f7a544e8ed104450df42ac8db91743f5f831f863447a31150689a9246aa0,8821,,,true
P05_BLACK_C_000008,P05,BLACK,C,image_000008.jpg,training/P05/BLACK/C/images/image_000008.jpg,32932adc2a957cd1f347e50608993ce61b7d3804f09d00606ee3bc9ca8637547,9222,,,true
P05_BLACK_C_000009,P05,BLACK,C,image_000009.jpg,training/P05/BLACK/C/images/image_000009.jpg,1b89fcb2c7769a5f2f0424e5f029a165ca6d454276b2aba0a29beff4a902c0fd,9130,,,true
P05_BLACK_C_000010,P05,BLACK,C,image_000010.jpg,training/P05/BLACK/C/images/image_000010.jpg,0ea6c8284aab3202e7996b721ea574705a64dfed3a3213bab6d54eff102576ce,8434,,,true
P05_BLACK_C_000011,P05,BLACK,C,image_000011.jpg,training/P05/BLACK/C/images/image_000011.jpg,c7ae0dce089af9b0931e6e7747d5ee789b32a06bd6dd8c7b3c803dd7de982bfb,9501,,,true
P05_BLACK_C_000012,P05,BLACK,C,image_000012.jpg,training/P05/BLACK/C/images/image_000012.jpg,7bd167f873697fda4752668623c9455fa898cb61bfc38a6a9de3414a18691cb2,9496,,,true
P05_BLACK_C_000013,P05,BLACK,C,image_000013.jpg,training/P05/BLACK/C/images/image_000013.jpg,d6571be78c760787aad204861652f3707972be8d19248279c4ff4857410f4d03,8496,,,true
P05_BLACK_C_000014,P05,BLACK,C,image_000014.jpg,training/P05/BLACK/C/images/image_000014.jpg,75a434a02b47b3d9e07e692a4ad93964e411ebc4341be4102f7a5c92b3018ba2,8537,,,true
P05_BLACK_C_000015,P05,BLACK,C,image_000015.jpg,training/P05/BLACK/C/images/image_000015.jpg,2e4ccd09cebb543133498caea784b9289d06f1c4f5d8e81f469111bd403c847e,8937,,,true
P05_BLACK_C_000016,P05,BLACK,C,image_000016.jpg,training/P05/BLACK/C/images/image_000016.jpg,246c222cc49a1d7fda878c2ac017e1883188d85d4e553a4c21ece612095141f4,8389,,,true
P05_BLACK_C_000017,P05,BLACK,C,image_000017.jpg,training/P05/BLACK/C/images/image_000017.jpg,661410560d89d7e876314a3a48a03bdfa6ac98e79cd46d3ec07f9074727ba913,8832,,,true
P05_BLACK_C_000018,P05,BLACK,C,image_000018.jpg,training/P05/BLACK/C/images/image_000018.jpg,e1d61d59ffdb4c0733b777dddbb356c9b437896e1a465955d7e1d8be8de98319,9333,,,true
P05_BLACK_C_000019,P05,BLACK,C,image_000019.jpg,training/P05/BLACK/C/images/image_000019.jpg,8c311cf32bd2b76ccb8d025c11769fa62d40744d6a4196bcde5faacc2ddf4be9,7766,,,true
P05_BLACK_C_000020,P05,BLACK,C,image_000020.jpg,training/P05/BLACK/C/images/image_000020.jpg,09112732c7d428284e36043f9ac035940a8f95f6cf26b600bb9e0d2de3a12472,8043,,,true
P05_BLACK_C_000021,P05,BLACK,C,image_000021.jpg,training/P05/BLACK/C/images/image_000021.jpg,1702ee6321492ce40d4c309d36748f2ab18b87e47a74b1111461713b9d6030ec,8392,,,true
P05_BLACK_C_000022,P05,BLACK,C,image_000022.jpg,training/P05/BLACK/C/images/image_000022.jpg,69ca42aec201056f3bf89c2484f464910de733cdf689e4e456010558cc6ebe06,8912,,,true
P05_BLACK_C_000023,P05,BLACK,C,image_000023.jpg,training/P05/BLACK/C/images/image_000023.jpg,52eb4c225aac42ed8b25e4fc02a1aec069efc8bd9b1dd199a12240b7899ef19a,8508,,,true
P05_BLACK_C_000024,P05,BLACK,C,image_000024.jpg,training/P05/BLACK/C/images/image_000024.jpg,8fd16d44d08c054cd26f6b4b5126b3219645cb6e38a2baa15f30b4733065ad5d,8565,,,true
P05_BLACK_C_000025,P05,BLACK,C,image_000025.jpg,training/P05/BLACK/C/images/image_000025.jpg,785fc66974a3cee380a05c07f349002cf77c9f00c74939c5380914a0c8469d26,8985,,,true
P05_BLACK_E_000001,P05,BLACK,E,image_000001.jpg,training/P05/BLACK/E/images/image_000001.jpg,17f94d4b1fbc8ad114d58518d0483802de0dce712177d4156cd1dce1a74e607d,8439,,,true
P05_BLACK_E_000002,P05,BLACK,E,image_000002.jpg,training/P05/BLACK/E/images/image_000002.jpg,7b73ade448632cf92ddd6a662bd4c157a86b10de7fda543700f4a84a6388ce93,8931,,,true
P05_BLACK_E_000003,P05,BLACK,E,image_000003.jpg,training/P05/BLACK/E/images/image_000003.jpg,47aefc28719238c4c9ad00367a29677fc459765d1981493accf18a1a3a91d08d,8568,,,true
P05_BLACK_E_000004,P05,BLACK,E,image_000004.jpg,training/P05/BLACK/E/images/image_000004.jpg,d26dc106ecf62091fef7f26322098ecceab4caf55f00a497c6860a8baef9ba4d,9266,,,true
P05_BLACK_E_000005,P05,BLACK,E,image_000005.jpg,training/P05/BLACK/E/images/image_000005.jpg,55a0236ed2d2c689605fe8797fa9e30662b7aff422d2c8e9e789c67811f782ea,8378,,,true
P05_BLACK_E_000006,P05,BLACK,E,image_000006.jpg,training/P05/BLACK/E/images/image_000006.jpg,1aae8090c1d71a6a128ec270ce56c6999cf67f184bf64599a51142397d9bd62a,8531,,,true
P05_BLACK_E_000007,P05,BLACK,E,image_000007.jpg,training/P05/BLACK/E/images/image_000007.jpg,162c3c84b1c44149e96cee6df90cf50cb9992bd56c0679b90efe09ff71089fdf,8403,,,true
P05_BLACK_E_000008,P05,BLACK,E,image_000008.jpg,training/P05/BLACK/E/images/image_000008.jpg,e24afde91a343f941c886ac66b88dcb3d869c16a324080a62b92dbc14b2d33b1,8403,,,true
P05_BLACK_E_000009,P05,BLACK,E,image_000009.jpg,training/P05/BLACK/E/images/image_000009.jpg,8bdc0fbb1d7ffb021b2f0ff35ac59b994ad83c6e26947f702704efc09a060232,8423,,,true
P05_BLACK_E_000010,P05,BLACK,E,image_000010.jpg,training/P05/BLACK/E/images/image_000010.jpg,8bc12aebca671408626c644d84e5d0f37d39e3d5c7f9149ccccabf61707a0490,8633,,,true
P05_BLACK_E_000011,P05,BLACK,E,image_000011.jpg,training/P05/BLACK/E/images/image_000011.jpg,0311afe52b79b8b211d3daf9f8f21d3627929e23d7097924155673a344971d79,8633,,,true
P05_BLACK_E_000012,P05,BLACK,E,image_000012.jpg,training/P05/BLACK/E/images/image_000012.jpg,3cf91de697e5e842abca8fe164459d482e856e8afffc0a125ead698496daa8d3,8854,,,true
P05_BLACK_E_000013,P05,BLACK,E,image_000013.jpg,training/P05/BLACK/E/images/image_000013.jpg,9228a9b5cbc68d9442ab4c7224c6cfefee28df81a01fe73b1ac5b6f3940fface,8702,,,true
P05_BLACK_E_000014,P05,BLACK,E,image_000014.jpg,training/P05/BLACK/E/images/image_000014.jpg,1ce48f7dd2be5389488d21123afdd6bd67655dca83025dec195956969c64f27c,8902,,,true
P05_BLACK_E_000015,P05,BLACK,E,image_000015.jpg,training/P05/BLACK/E/images/image_000015.jpg,e87b8896fbba4d85569b0280e72bff6c45440c6bb107da5d9f009a35f4dfdda3,8314,,,true
P05_BLACK_E_000016,P05,BLACK,E,image_000016.jpg,training/P05/BLACK/E/images/image_000016.jpg,2715363d90763863885d41061213a10e6b4a7224036cb7039f576e0604aa2b49,8648,,,true
P05_BLACK_E_000017,P05,BLACK,E,image_000017.jpg,training/P05/BLACK/E/images/image_000017.jpg,d4e9104cb64fc94161b31815a78d66052ae8bd0c9e44b89af60850800d18a66d,8544,,,true
P05_BLACK_E_000018,P05,BLACK,E,image_000018.jpg,training/P05/BLACK/E/images/image_000018.jpg,b864839a804e8f3988316a7097bc8849d73f2a89605a04366c21a03ab45a2a04,9059,,,true
P05_BLACK_E_000019,P05,BLACK,E,image_000019.jpg,training/P05/BLACK/E/images/image_000019.jpg,cd819f0d0078f29f5ed3eb3b1d53d84fb3f242b87f1530bf0d2dcb8cd1b4b9d0,9122,,,true
P05_BLACK_E_000020,P05,BLACK,E,image_000020.jpg,training/P05/BLACK/E/images/image_000020.jpg,453e9bf8d6fd7ed6e9a731ee4869099c8d5b7f68e143c5b82dcc5c10d3c21eff,8816,,,true
P05_BLACK_E_000021,P05,BLACK,E,image_000021.jpg,training/P05/BLACK/E/images/image_000021.jpg,10a4dfc598485276b172b42db0d3fbb7a96d65ab0cebdeb1394ee04006da46d4,9462,,,true
P05_BLACK_E_000022,P05,BLACK,E,image_000022.jpg,training/P05/BLACK/E/images/image_000022.jpg,2b26b380ad8df4343324adaae5ea8932c1fe8292b4c5bc7a66747fbb1a9fe4cb,9281,,,true
P05_BLACK_E_000023,P05,BLACK,E,image_000023.jpg,training/P05/BLACK/E/images/image_000023.jpg,162aa3d9442723045a3ea6ea9d34424b6f56e096b5e4341cfbdd57fdd4da1c1c,9109,,,true
P05_BLACK_E_000024,P05,BLACK,E,image_000024.jpg,training/P05/BLACK/E/images/image_000024.jpg,46d81fa1f8c5676d867e0eee718973b307aa723a2dc44b267a6de0522292324d,8989,,,true
P05_BLACK_E_000025,P05,BLACK,E,image_000025.jpg,training/P05/BLACK/E/images/image_000025.jpg,b40c20a9e3a07f96ce0f2e094b4b807b8ea85432373a7b47bf72a35394164ead,9310,,,true
P05_BLACK_I_000001,P05,BLACK,I,image_000001.jpg,training/P05/BLACK/I/images/image_000001.jpg,76ed8fc9fe3826db186831ec64c0470506cfa22db8bdc8873d74aaf5af9a05ac,8775,,,true
P05_BLACK_I_000002,P05,BLACK,I,image_000002.jpg,training/P05/BLACK/I/images/image_000002.jpg,21f2bc6d684251274b052c9854574499efbb618b753e85100f9b67571d029ca1,9109,,,true
P05_BLACK_I_000003,P05,BLACK,I,image_000003.jpg,training/P05/BLACK/I/images/image_000003.jpg,5a910df7e3d30d0ed6a0a1843c8edbfaa4dc7aa61cc59ce938e7f2109b3276ac,9431,,,true
P05_BLACK_I_000004,P05,BLACK,I,image_000004.jpg,training/P05/BLACK/I/images/image_000004.jpg,35c49effec85e6c9234b5bce2733d54eaf534c667fd0630ef6309e11a09c2177,8490,,,true
P05_BLACK_I_000005,P05,BLACK,I,image_000005.jpg,training/P05/BLACK/I/images/image_000005.jpg,3af362ee2189d4f4cf1608a1e7887e716ff03d616390eba50e0274fa9a9574d8,8223,,,true
P05_BLACK_I_000006,P05,BLACK,I,image_000006.jpg,training/P05/BLACK/I/images/image_000006.jpg,1766f88b874d44190c43d0e4ae25857845aa96cbb58f90bc5372c45731c28e0d,8569,,,true
P05_BLACK_I_000007,P05,BLACK,I,image_000007.jpg,training/P05/BLACK/I/images/image_000007.jpg,e6ff82520e33bc3bc18ea34757d8114987b6b489eab0a78463421aecda1701d0,9210,,,true
P05_BLACK_I_000008,P05,BLACK,I,image_000008.jpg,training/P05/BLACK/I/images/image_000008.jpg,5f9a0c9f5912708e8362a2d32995a070799098961136038cb7cc1fd7e36df8b2,8060,,,true
P05_BLACK_I_000009,P05,BLACK,I,image_000009.jpg,training/P05/BLACK/I/images/image_000009.jpg,71fa239341f860644588f34a548412b6f4f723558c607f3eddf5ddbf19c1729b,8245,,,true
P05_BLACK_I_000010,P05,BLACK,I,image_000010.jpg,training/P05/BLACK/I/images/image_000010.jpg,00db03fe1c30c41833d104329cdc0f849fcb80e2e0976eed63960b89aabdbf8e,7698,,,true
P05_BLACK_I_000011,P05,BLACK,I,image_000011.jpg,training/P05/BLACK/I/images/image_000011.jpg,8bd4deee1b8b6282bca6dcfa6eb7bfc4aa16d3124835154e82e5aefb6851c1c8,8122,,,true
P05_BLACK_I_000012,P05,BLACK,I,image_000012.jpg,training/P05/BLACK/I/images/image_000012.jpg,559dca14f68131cbac92b811393789aa8e70666651f5059e4e43cea6e27dfb22,8687,,,true
P05_BLACK_I_000013,P05,BLACK,I,image_000013.jpg,training/P05/BLACK/I/images/image_000013.jpg,f6a64391786adc47610969aa212bf8af8b400a13e7a81e4d05746bb7608140a5,8126,,,true
P05_BLACK_I_000014,P05,BLACK,I,image_000014.jpg,training/P05/BLACK/I/images/image_000014.jpg,0d43f93c99c6784b880580882c054ce94247464bd34eeaa7de559b3937b58c79,8730,,,true
P05_BLACK_I_000015,P05,BLACK,I,image_000015.jpg,training/P05/BLACK/I/images/image_000015.jpg,9e7fe106a8113eb2a5e36fd15999cf10f6d56d9976a95358437ca26240047a70,9203,,,true
P05_BLACK_I_000016,P05,BLACK,I,image_000016.jpg,training/P05/BLACK/I/images/image_000016.jpg,d0c12a310b0879217cb6ee4dcae8d055d9ec7070b35cf2105a3e2f015140af8a,8608,,,true
P05_BLACK_I_000017,P05,BLACK,I,image_000017.jpg,training/P05/BLACK/I/images/image_000017.jpg,72406c5deab97867edf2291b0b10e9f3bc765ce2995898404fd4426e9961ad05,9468,,,true
P05_BLACK_I_000018,P05,BLACK,I,image_000018.jpg,training/P05/BLACK/I/images/image_000018.jpg,8d2b5e5a487f46406a197e425f7032a9d68476125b4ec2aee7d50793fdf2e8fc,9562,,,true
P05_BLACK_I_000019,P05,BLACK,I,image_000019.jpg,training/P05/BLACK/I/images/image_000019.jpg,03ae2a17675122326a08b50253b8c059993ec7a211552551da9938f4606b0c0e,8380,,,true
P05_BLACK_I_000020,P05,BLACK,I,image_000020.jpg,training/P05/BLACK/I/images/image_000020.jpg,7997a2cdc33b070a61bc6d177e242e461b1b034c92402c1b610f1e59e28bb4ce,8541,,,true
P05_BLACK_I_000021,P05,BLACK,I,image_000021.jpg,training/P05/BLACK/I/images/image_000021.jpg,b54c79d53664d5fb12f907fc621ee2facf4b2bd6de96d4b88347c4c5a018d764,8870,,,true
P05_BLACK_I_000022,P05,BLACK,I,image_000022.jpg,training/P05/BLACK/I/images/image_000022.jpg,f4043abaefc4f4212478534a3cd7255288128fafbf04ec359bdbebde2f3fa090,8550,,,true
P05_BLACK_I_000023,P05,BLACK,I,image_000023.jpg,training/P05/BLACK/I/images/image_000023.jpg,9f5795552a091439576a964a81b9b9d63732470c4c492738631fbe6d1353521f,9750,,,true
P05_BLACK_I_000024,P05,BLACK,I,image_000024.jpg,training/P05/BLACK/I/images/image_000024.jpg,816d02943b03f1d22e5c406a9b77ee1acbefa636c6d4ebf62c86093b4d5194e3,8935,,,true
P05_BLACK_I_000025,P05,BLACK,I,image_000025.jpg,training/P05/BLACK/I/images/image_000025.jpg,6bb500e23bfe37dc13bcb94079016651fe1036ea40de6e22875786d2e811f4f9,9586,,,true
P05_BLACK_L_000001,P05,BLACK,L,image_000001.jpg,training/P05/BLACK/L/images/image_000001.jpg,6fbf4806d4db026a139e7dc8dc31d97ff89e0d505c43ea5de06e748a9ab39d8f,9211,,,true
P05_BLACK_L_000002,P05,BLACK,L,image_000002.jpg,training/P05/BLACK/L/images/image_000002.jpg,ded8df8da29729d9ac4296e9999e04f84229934a6bafa5d44700f4677b2c8d71,9695,,,true
P05_BLACK_L_000003,P05,BLACK,L,image_000003.jpg,training/P05/BLACK/L/images/image_000003.jpg,9353a45bc022f9d1b8b9f313cb5c1d0d60d29ff35edab2299961e206b9cfaeaf,7867,,,true
P05_BLACK_L_000004,P05,BLACK,L,image_000004.jpg,training/P05/BLACK/L/images/image_000004.jpg,a6698c7f7b67b4eae33d3947995010e5778ab5351e25da0157502ed9bb63334a,9334,,,true
P05_BLACK_L_000005,P05,BLACK,L,image_000005.jpg,training/P05/BLACK/L/images/image_000005.jpg,efab40675b8d1b4b18169cd720cb1ff2d0fea22fe1a2be398f566e7e1e46955a,7890,,,true
P05_BLACK_L_000006,P05,BLACK,L,image_000006.jpg,training/P05/BLACK/L/images/image_000006.jpg,d5d0a244accb1d4234a4ee7c6ed447da5e6b7ccdb5bbb2c8f2038b07ace66542,8924,,,true
P05_BLACK_L_000007,P05,BLACK,L,image_000007.jpg,training/P05/BLACK/L/images/image_000007.jpg,25b431d06f96f798af89300174e41676fcaccf50dbcb328046913429a90b7273,9289,,,true
P05_BLACK_L_000008,P05,BLACK,L,image_000008.jpg,training/P05/BLACK/L/images/image_000008.jpg,9f6f8d7fe12bc28177c05585bd2e1c6e8c1bde3703ed1a9ed7909c8846e48cd4,8939,,,true
P05_BLACK_L_000009,P05,BLACK,L,image_000009.jpg,training/P05/BLACK/L/images/image_000009.jpg,7fdbf8fac7d8f544a6654e74549c08b12a51fd6a759f7b63d0e31e5c19336825,9337,,,true
P05_BLACK_L_000010,P05,BLACK,L,image_000010.jpg,training/P05/BLACK/L/images/image_000010.jpg,e937369eb6481ff8700ab022245ff0672f835078833b19e41b8f5a39a1d2aaaf,8996,,,true
P05_BLACK_L_000011,P05,BLACK,L,image_000011.jpg,training/P05/BLACK/L/images/image_000011.jpg,dcedb98a1efbd9bb45736cbab7f0cc5d616f273f9b21a2e6322feb5c77eae6f6,9534,,,true
P05_BLACK_L_000012,P05,BLACK,L,image_000012.jpg,training/P05/BLACK/L/images/image_000012.jpg,ef2a132e19e831939886f8970c80f6248a1e352ef6427e4366cfef2589456c8a,8366,,,true
P05_BLACK_L_000013,P05,BLACK,L,image_000013.jpg,training/P05/BLACK/L/images/image_000013.jpg,f11da0930bbc94fdd9dcb077f6df52e2acb0a98d635f35416844ffeb5abf3117,8348,,,true
P05_BLACK_L_000014,P05,BLACK,L,image_000014.jpg,training/P05/BLACK/L/images/image_000014.jpg,948c135a971d703728780e429879a21d408576cb4ea05fc4d61fcb901d828fff,8466,,,true
P05_BLACK_L_000015,P05,BLACK,L,image_000015.jpg,training/P05/BLACK/L/images/image_000015.jpg,0634e8060816cb71134058bc718f87ebe8c8086e5f6171dcf4f6e84e50dd6b40,8518,,,true
P05_BLACK_L_000016,P05,BLACK,L,image_000016.jpg,training/P05/BLACK/L/images/image_000016.jpg,ac31b7779784dbad8737e2eac21753f9d558020cc1826b66c552affb1fd4489a,8593,,,true
P05_BLACK_L_000017,P05,BLACK,L,image_000017.jpg,training/P05/BLACK/L/images/image_000017.jpg,4ff196f6c45d34b08203b0163e57bd798f84db7f038b04dddcb6e346d4ce463f,8832,,,true
P05_BLACK_L_000018,P05,BLACK,L,image_000018.jpg,training/P05/BLACK/L/images/image_000018.jpg,a69ff7d0445e164432d16864ced0fddb60bd6d367cb418251e8899d52565b44c,8685,,,true
P05_BLACK_L_000019,P05,BLACK,L,image_000019.jpg,training/P05/BLACK/L/images/image_000019.jpg,41660533a1c3dfe6229d83914bde81a44f9b0abe192d596f3d430cabe8e47a3f,8118,,,true
P05_BLACK_L_000020,P05,BLACK,L,image_000020.jpg,training/P05/BLACK/L/images/image_000020.jpg,ffad93cee41d97ee2dad7d04b8d614d536a8571f15a6927177adca45e1fd8fae,8406,,,true
P05_BLACK_L_000021,P05,BLACK,L,image_000021.jpg,training/P05/BLACK/L/images/image_000021.jpg,1fa48ea8579aa454c48f7f099f7208c660ee4fea89b4dc59b44ee650561793c8,8382,,,true
P05_BLACK_L_000022,P05,BLACK,L,image_000022.jpg,training/P05/BLACK/L/images/image_000022.jpg,73137ec7c7415a4afb17e19205d1d118c4f5c59a84bd110eeca2f20c99ffc552,8914,,,true
P05_BLACK_L_000023,P05,BLACK,L,image_000023.jpg,training/P05/BLACK/L/images/image_000023.jpg,9977cc2bae396b1d322dec71c652a11b055d11b89e670c8fc8aac25f5e44c90a,9498,,,true
P05_BLACK_L_000024,P05,BLACK,L,image_000024.jpg,training/P05/BLACK/L/images/image_000024.jpg,7d1509cd272a964b07c2e0843bfe8b13a7d8ba2da6beb17e0b8aa8e959c8068b,9378,,,true
P05_BLACK_L_000025,P05,BLACK,L,image_000025.jpg,training/P05/BLACK/L/images/image_000025.jpg,e10735900551512d85431527f2682fd52e0d96544391d273e8dca0d959dab974,9358,,,true
P05_BLACK_M_000001,P05,BLACK,M,image_000001.jpg,training/P05/BLACK/M/images/image_000001.jpg,2342c13a17ae6f749d34170c5b9c8d24e2c2bff53bea41f8557c667705bd89ff,9462,,,true
P05_BLACK_M_000002,P05,BLACK,M,image_000002.jpg,training/P05/BLACK/M/images/image_000002.jpg,1818028d45a39213a64c56a23a1da5b20fe0fca710a3702efb7bce52afb8d033,9823,,,true
P05_BLACK_M_000003,P05,BLACK,M,image_000003.jpg,training/P05/BLACK/M/images/image_000003.jpg,4ebe7972001c98a79f3e23a80cc466255512f379ee668a0dae8975000088dbb6,9430,,,true
P05_BLACK_M_000004,P05,BLACK,M,image_000004.jpg,training/P05/BLACK/M/images/image_000004.jpg,8efdff50ef1adedec32fb3f60c3f8f4b8e0310fecf82e0f6ae621853b0072f54,9828,,,true
P05_BLACK_M_000005,P05,BLACK,M,image_000005.jpg,training/P05/BLACK/M/images/image_000005.jpg,69ba432164fe0bba77450b57b50b4fb38a9b6f918a2a158e98884589ad7c3c77,9198,,,true
P05_BLACK_M_000006,P05,BLACK,M,image_000006.jpg,training/P05/BLACK/M/images/image_000006.jpg,067bfb848a72599d9ef0f3c86ffcda929914437362b8fa99924a13fcfde2e90b,9787,,,true
P05_BLACK_M_000007,P05,BLACK,M,image_000007.jpg,training/P05/BLACK/M/images/image_000007.jpg,12cf00cc2beb974b60576e1b61b920e4d0c1edddfbbcb09b37b354e199f4cfc8,8814,,,true
P05_BLACK_M_000008,P05,BLACK,M,image_000008.jpg,training/P05/BLACK/M/images/image_000008.jpg,b6924a21f893a8a0b1c1332310e59cd76b6f899c4d7726143ee658d743c97744,7761,,,true
P05_BLACK_M_000009,P05,BLACK,M,image_000009.jpg,training/P05/BLACK/M/images/image_000009.jpg,efaa6a5a3bf612999d2e00f9e383c1a086c6bebbba376a85c18e7d1f10fb9986,7782,,,true
P05_BLACK_M_000010,P05,BLACK,M,image_000010.jpg,training/P05/BLACK/M/images/image_000010.jpg,aff91ede88fa6d97b6fd6cc24d3cfa78c02cf9ffca6e6c340b1b4755c9eda377,9701,,,true
P05_BLACK_M_000011,P05,BLACK,M,image_000011.jpg,training/P05/BLACK/M/images/image_000011.jpg,50433c7a8a3fae28984151cade1c13d4abfbbf8458770e2656820ec121228641,8389,,,true
P05_BLACK_M_000012,P05,BLACK,M,image_000012.jpg,training/P05/BLACK/M/images/image_000012.jpg,884cc4a8ab6bb7aa7daa1c38b3bcb0e71ba02777e5be506f7d8968d8e066e8d2,9010,,,true
P05_BLACK_M_000013,P05,BLACK,M,image_000013.jpg,training/P05/BLACK/M/images/image_000013.jpg,4cae1b94bddbe05bd5fc340c67ec0671bf083cbf9d86bcc022c9dc573fca250b,8292,,,true
P05_BLACK_M_000014,P05,BLACK,M,image_000014.jpg,training/P05/BLACK/M/images/image_000014.jpg,9725429962f01f59180a79aafc2f42b716c84973d5f2b8068b7f119ec183cbeb,9038,,,true
P05_BLACK_M_000015,P05,BLACK,M,image_000015.jpg,training/P05/BLACK/M/images/image_000015.jpg,eb7c4f9fb6fca1eb33f12fd3627a548c384618dc72703043c27924eb706fe6c5,9580,,,true
P05_BLACK_M_000016,P05,BLACK,M,image_000016.jpg,training/P05/BLACK/M/images/image_000016.jpg,2a7a525285537fe22aa4fb72c8a406cfb91e69f86e932cce40e0426eea815cc0,9468,,,true
P05_BLACK_M_000017,P05,BLACK,M,image_000017.jpg,training/P05/BLACK/M/images/image_000017.jpg,1d60fc72b344f70434ae32939f5ad98a147940258ccc9fc4f079685a5fb46f3a,9045,,,true
P05_BLACK_M_000018,P05,BLACK,M,image_000018.jpg,training/P05/BLACK/M/images/image_000018.jpg,d00a6803bf10da2e3e9d7d12627c91c207cc7f58dee23da5ead17324b775f990,8630,,,true
P05_BLACK_M_000019,P05,BLACK,M,image_000019.jpg,training/P05/BLACK/M/images/image_000019.jpg,675c0e79d3c4120337f8019e8bb11c60ac944db3a19f87c9a93ea9da0eaa833b,9425,,,true
P05_BLACK_M_000020,P05,BLACK,M,image_000020.jpg,training/P05/BLACK/M/images/image_000020.jpg,081be91ac157784f696b09b9de5b2e32dae656c637abd7280dac9db8bddfc34b,9249,,,true
P05_BLACK_M_000021,P05,BLACK,M,image_000021.jpg,training/P05/BLACK/M/images/image_000021.jpg,4fafd79b26de1b1b5fc1c69da4525156ecabe6c7f1233dcfbfc989d07746d2aa,8656,,,true
P05_BLACK_M_000022,P05,BLACK,M,image_000022.jpg,training/P05/BLACK/M/images/image_000022.jpg,e9df1ddaffeb2dc6b294d2ee35d7b373a03547238f87541f4876b8a2609b581d,8976,,,true
P05_BLACK_M_000023,P05,BLACK,M,image_000023.jpg,training/P05/BLACK/M/images/image_000023.jpg,a9eb51230d2bc74de88584b599dabc27941d6f818a9260c461ecfdbc52680b29,8237,,,true
P05_BLACK_M_000024,P05,BLACK,M,image_000024.jpg,training/P05/BLACK/M/images/image_000024.jpg,08f4b716a93cd20ebb4637fd71438bf076091b47a2d2d686ea475c66d3d4e66b,8445,,,true
P05_BLACK_M_000025,P05,BLACK,M,image_000025.jpg,training/P05/BLACK/M/images/image_000025.jpg,838d5ddf8884365321a6e593a3d66f0e39179dcac2cc6d9c5d46b63dbf882297,9310,,,true
P05_BLACK_N_000001,P05,BLACK,N,image_000001.jpg,training/P05/BLACK/N/images/image_000001.jpg,9ec88cae3397bc6637db38fda22963df40a07d8ab4cb8408738b76a440cb0fc7,8990,,,true
P05_BLACK_N_000002,P05,BLACK,N,image_000002.jpg,training/P05/BLACK/N/images/image_000002.jpg,75a7d084378cc4bb3ad95216682cce2f8d95292674c2b7ec23836be47b1de502,8683,,,true
P05_BLACK_N_000003,P05,BLACK,N,image_000003.jpg,training/P05/BLACK/N/images/image_000003.jpg,0afa8656abcd75a7ecf83611a914ecb43acdeedb52c9706ccb10ee2f5037d786,9068,,,true
P05_BLACK_N_000004,P05,BLACK,N,image_000004.jpg,training/P05/BLACK/N/images/image_000004.jpg,a90add708b7d1603f6c24ee590f4853cedf02699fbde939e3da52acdf526f526,9004,,,true
P05_BLACK_N_000005,P05,BLACK,N,image_000005.jpg,training/P05/BLACK/N/images/image_000005.jpg,69f3f870468d669a7a63b8cb48e8bb04a63572e665979e2540b5e44100449e25,8753,,,true
P05_BLACK_N_000006,P05,BLACK,N,image_000006.jpg,training/P05/BLACK/N/images/image_000006.jpg,8c35492a98eced477bd8534ad27e78d3ed0f0d8c22ad6cf2575c9c83edd8fdcb,9507,,,true
P05_BLACK_N_000007,P05,BLACK,N,image_000007.jpg,training/P05/BLACK/N/images/image_000007.jpg,ccb0e6898f251db8d9298f1cb7167bf81714caa8581f51cc986ee389f4d8ee15,9237,,,true
P05_BLACK_N_000008,P05,BLACK,N,image_000008.jpg,training/P05/BLACK/N/images/image_000008.jpg,710a33bc0ca6e1b329d20d7d0b9a7cf784e4141dc43eeff3403bbac1954252a1,9673,,,true
P05_BLACK_N_000009,P05,BLACK,N,image_000009.jpg,training/P05/BLACK/N/images/image_000009.jpg,766cc4c917b2113a682f670a775d1aaf99ee8af7305a363bd95fc6b165b3f106,8834,,,true
P05_BLACK_N_000010,P05,BLACK,N,image_000010.jpg,training/P05/BLACK/N/images/image_000010.jpg,ea957441f956e89ee3db4ba234538c5389559bdca6aaeb9b09989ae090425a4d,8736,,,true
P05_BLACK_N_000011,P05,BLACK,N,image_000011.jpg,training/P05/BLACK/N/images/image_000011.jpg,f5fccc6f6ee667a5c12326045130ae0ae41c7424d0390f34cefccc6e6b8d80d5,8953,,,true
P05_BLACK_N_000012,P05,BLACK,N,image_000012.jpg,training/P05/BLACK/N/images/image_000012.jpg,6d84d61d041641c0f2c5bf8e063b6ba1b2f569627a27f708c055472eaf7cf9d1,8863,,,true
P05_BLACK_N_000013,P05,BLACK,N,image_000013.jpg,training/P05/BLACK/N/images/image_000013.jpg,66b50c59510c11bd4ba8f008cb9d1071b0754cd04205bbed41ab7b5291457e17,9158,,,true
P05_BLACK_N_000014,P05,BLACK,N,image_000014.jpg,training/P05/BLACK/N/images/image_000014.jpg,ee6bb8814f52301fcc53611d464d4013fc21769b5beeacd44ee4d7f03c45dee6,8141,,,true
P05_BLACK_N_000015,P05,BLACK,N,image_000015.jpg,training/P05/BLACK/N/images/image_000015.jpg,c0e1d49e756a21f263e87f535cdf9be6332753a3fdaa4b2ffb4e4d63ce5bddb5,9863,,,true
P05_BLACK_N_000016,P05,BLACK,N,image_000016.jpg,training/P05/BLACK/N/images/image_000016.jpg,7e8d61bb383bee20bab42009e67fd3e7066dbc369b4850bd9655054d3dc1fda9,8529,,,true
P05_BLACK_N_000017,P05,BLACK,N,image_000017.jpg,training/P05/BLACK/N/images/image_000017.jpg,f11997dbef7d95a7c4eb1b0763b9ca5f344f4b5308ffa7560758c35d425ffa43,8841,,,true
P05_BLACK_N_000018,P05,BLACK,N,image_000018.jpg,training/P05/BLACK/N/images/image_000018.jpg,732d7d17b46750f4ab453cd9e20882ab41e4f2ba9e85d37870ce3f7122bfeeb1,8950,,,true
P05_BLACK_N_000019,P05,BLACK,N,image_000019.jpg,training/P05/BLACK/N/images/image_000019.jpg,1f4e5071caae52d4b0797847c25a88bf34a40a7c07ccb270c6149d5959233ed6,8715,,,true
P05_BLACK_N_000020,P05,BLACK,N,image_000020.jpg,training/P05/BLACK/N/images/image_000020.jpg,5ecf7318945f9133efcf416f06a3a22da6c3379ee3d1e07d64f1f60066d4ae3a,9060,,,true
P05_BLACK_N_000021,P05,BLACK,N,image_000021.jpg,training/P05/BLACK/N/images/image_000021.jpg,088559eb3800fc1e7ed65eaade15ee2db831f1149ef91a4afb4254130e65b0f6,8651,,,true
P05_BLACK_N_000022,P05,BLACK,N,image_000022.jpg,training/P05/BLACK/N/images/image_000022.jpg,7956832473cb4c891be73555d6ab0ed3e7f2409d1505ef2d3b498fd940fe4d20,9005,,,true
P05_BLACK_N_000023,P05,BLACK,N,image_000023.jpg,training/P05/BLACK/N/images/image_000023.jpg,bc1b13fee7c29c7694189a6a8d46423f6758dc81420aaa48a5443f98391fd0c9,9227,,,true
P05_BLACK_N_000024,P05,BLACK,N,image_000024.jpg,training/P05/BLACK/N/images/image_000024.jpg,1bd6282c9de12f3ccea31cbcbe514456cfc7de44ad0de2233f550baba5c81ada,10070,,,true
P05_BLACK_N_000025,P05,BLACK,N,image_000025.jpg,training/P05/BLACK/N/images/image_000025.jpg,83d7ee2ec061590414fffa3681146143d6241d134d4f9472c0493a26189bf0fb,9149,,,true
P05_BLACK_O_000001,P05,BLACK,O,image_000001.jpg,training/P05/BLACK/O/images/image_000001.jpg,66c010a098a6ca8ce0acdc2198b6b8915eb603e9053ba2170d8dd9b1dea4043e,9487,,,true
P05_BLACK_O_000002,P05,BLACK,O,image_000002.jpg,training/P05/BLACK/O/images/image_000002.jpg,035ab6c55cd49bf4addc8c10dbd35eca94d6be05225149bca635956a55b5141f,9202,,,true
P05_BLACK_O_000003,P05,BLACK,O,image_000003.jpg,training/P05/BLACK/O/images/image_000003.jpg,df91be114e41c4a6a6cd9d2658193f0ec2ca29bb3172b061bec693ff4166b8dd,8895,,,true
P05_BLACK_O_000004,P05,BLACK,O,image_000004.jpg,training/P05/BLACK/O/images/image_000004.jpg,f3b55ec2d8945a73ee1d6dbad8d7f0891a21ed9e646eb6f6ac8a95e3d7dd8bfb,9303,,,true
P05_BLACK_O_000005,P05,BLACK,O,image_000005.jpg,training/P05/BLACK/O/images/image_000005.jpg,c35eb8444f89838bc89ca52abc58fd57eb28cf3e70be6f8085bc01d33a36e8ee,8561,,,true
P05_BLACK_O_000006,P05,BLACK,O,image_000006.jpg,training/P05/BLACK/O/images/image_000006.jpg,4b44e84e0f41dffbefa4402d0e7e2e7ea4a6408af431ae7600ecd23c6241bca5,8672,,,true
P05_BLACK_O_000007,P05,BLACK,O,image_000007.jpg,training/P05/BLACK/O/images/image_000007.jpg,c02a97e0221e500ef67fd725bc65c96c74ec50584e0e51175e61b24e1d558a12,8342,,,true
P05_BLACK_O_000008,P05,BLACK,O,image_000008.jpg,training/P05/BLACK/O/images/image_000008.jpg,513380019c8d5173796e25e29dc11309d0de8ef35c71422cf8e2212ccb90b7b1,8733,,,true
P05_BLACK_O_000009,P05,BLACK,O,image_000009.jpg,training/P05/BLACK/O/images/image_000009.jpg,eda7fcc743eac08f8aea0835695b557223ba4545be9a7651de2139a5288f37b7,8700,,,true
P05_BLACK_O_000010,P05,BLACK,O,image_000010.jpg,training/P05/BLACK/O/images/image_000010.jpg,011eba21458c9461441bd26bb068306b66bdc211899b04fa709426b6c2c6abe6,8056,,,true
P05_BLACK_O_000011,P05,BLACK,O,image_000011.jpg,training/P05/BLACK/O/images/image_000011.jpg,29be9d621c653e257f16c22851144c674485b5411e30066ea4ef055787cfcc9a,9563,,,true
P05_BLACK_O_000012,P05,BLACK,O,image_000012.jpg,training/P05/BLACK/O/images/image_000012.jpg,f9cb07e37c8871b9f1129878ef2d552081664c9962ea94bc7038c87abbe7497f,9574,,,true
P05_BLACK_O_000013,P05,BLACK,O,image_000013.jpg,training/P05/BLACK/O/images/image_000013.jpg,b19ab32fed7e73c78cf5afbbfc9f47e91afa3d35cd990806560b9d2d3f367fd3,8575,,,true
P05_BLACK_O_000014,P05,BLACK,O,image_000014.jpg,training/P05/BLACK/O/images/image_000014.jpg,a8170ef8ec7f53fa7427c0133c9fc8f52c10f2b6983522aa3d249c8a775e5de0,8680,,,true
P05_BLACK_O_000015,P05,BLACK,O,image_000015.jpg,training/P05/BLACK/O/images/image_000015.jpg,aded30cd5bf48599c1f0613386973c88ccc638e95fa1559be8c97af2e33b2b41,9511,,,true
P05_BLACK_O_000016,P05,BLACK,O,image_000016.jpg,training/P05/BLACK/O/images/image_000016.jpg,f513adea759f670e7159fcfd85adc9b981ecff542883b15268f4bf3ac8cc743f,8597,,,true
P05_BLACK_O_000017,P05,BLACK,O,image_000017.jpg,training/P05/BLACK/O/images/image_000017.jpg,fa744c3b18e0e20b45b8b1b2ed3980e1be8ffc6dc33a37a2c72f5e3b7960f16e,9108,,,true
P05_BLACK_O_000018,P05,BLACK,O,image_000018.jpg,training/P05/BLACK/O/images/image_000018.jpg,0aa5d48718457df8e0379a079c213897c8d2b0abc540d9e6c6ac66574cc7703b,9790,,,true
P05_BLACK_O_000019,P05,BLACK,O,image_000019.jpg,training/P05/BLACK/O/images/image_000019.jpg,a80bc268096d7c8887cb2772c9e32174287e6d6c5bf3fb546b6fbcf8e45b4347,9239,,,true
P05_BLACK_O_000020,P05,BLACK,O,image_000020.jpg,training/P05/BLACK/O/images/image_000020.jpg,f92c55042a1265afd22832b1cf0a47469cd6c6dec01a77aae550971df5db73ec,8542,,,true
P05_BLACK_O_000021,P05,BLACK,O,image_000021.jpg,training/P05/BLACK/O/images/image_000021.jpg,1cd92928be8425e64d0da3a620c7e972b7643347a62d0011b39f6e84def7499c,8225,,,true
P05_BLACK_O_000022,P05,BLACK,O,image_000022.jpg,training/P05/BLACK/O/images/image_000022.jpg,0782632e49525fafedc69fc84e9022fbcbc612ddfff2b34cf99996686d35be09,8275,,,true
P05_BLACK_O_000023,P05,BLACK,O,image_000023.jpg,training/P05/BLACK/O/images/image_000023.jpg,bac0ca8ec3159c1824ffb1dbebc30b983e9b4f0de7612f210d00ffd0600ec47f,8995,,,true
P05_BLACK_O_000024,P05,BLACK,O,image_000024.jpg,training/P05/BLACK/O/images/image_000024.jpg,c319f7fb513d846f7acda692d9b0abc5a843bb33d5139233a201b60b48a37630,8613,,,true
P05_BLACK_O_000025,P05,BLACK,O,image_000025.jpg,training/P05/BLACK/O/images/image_000025.jpg,98be72f3354d703507955da06acbdd43bbdfdeba0453efe080e220127e0bfb73,8302,,,true
P05_BLACK_P_000001,P05,BLACK,P,image_000001.jpg,training/P05/BLACK/P/images/image_000001.jpg,22a243341caf044d43a4200433ff862e2fdc29088f171f953ed9c56a9d1e02e0,8244,,,true
P05_BLACK_P_000002,P05,BLACK,P,image_000002.jpg,training/P05/BLACK/P/images/image_000002.jpg,ddafc5c27c81a2be320ded3302932cfb8a98f871148c545e13abcf0cb933e3ae,8129,,,true
P05_BLACK_P_000003,P05,BLACK,P,image_000003.jpg,training/P05/BLACK/P/images/image_000003.jpg,eb6ec82812849067b2c0bc9fca2320057ea4f6d5f494b77b47666963799b1490,8481,,,true
P05_BLACK_P_000004,P05,BLACK,P,image_000004.jpg,training/P05/BLACK/P/images/image_000004.jpg,92c169b0b8ef77c1e4e9298903199e94a387933079306e81a58f8fdb4dbad79a,8500,,,true
P05_BLACK_P_000005,P05,BLACK,P,image_000005.jpg,training/P05/BLACK/P/images/image_000005.jpg,115e58a7eb66efe810473d364ca7f139e25189d8cb1421bf1e9d3812c80f7c2e,9222,,,true
P05_BLACK_P_000006,P05,BLACK,P,image_000006.jpg,training/P05/BLACK/P/images/image_000006.jpg,5d01f87593bed2159b0aab49636139f4f8238fc7fd93e5d1ba2e8a01ba7c2417,9154,,,true
P05_BLACK_P_000007,P05,BLACK,P,image_000007.jpg,training/P05/BLACK/P/images/image_000007.jpg,0e51c37c86a96ca02435c6d954ddcef3835b3e048d09a1cfdd9c94b82e4b0236,9383,,,true
P05_BLACK_P_000008,P05,BLACK,P,image_000008.jpg,training/P05/BLACK/P/images/image_000008.jpg,6e9e1a4f8f63c7fc4cb307ba45392431c39e0a4c275a2386f1f143848d0ca395,8244,,,true
P05_BLACK_P_000009,P05,BLACK,P,image_000009.jpg,training/P05/BLACK/P/images/image_000009.jpg,de5a4489a01f8f2a3485c1aad5f740d391caa22f8d76249fc9b1ae9c7641bab4,8651,,,true
P05_BLACK_P_000010,P05,BLACK,P,image_000010.jpg,training/P05/BLACK/P/images/image_000010.jpg,f340b46ca0a5e261341f2e02ea64acb32d078d17b9244afd7006effe028cef59,8590,,,true
P05_BLACK_P_000011,P05,BLACK,P,image_000011.jpg,training/P05/BLACK/P/images/image_000011.jpg,9df10fcc2a88aff1233e5d37f0d4254259051f1b5c04773056ed0f9385755aa6,7625,,,true
P05_BLACK_P_000012,P05,BLACK,P,image_000012.jpg,training/P05/BLACK/P/images/image_000012.jpg,5b5bae2413f8c1ab951a17fd04f878d09ef6687a5f2eb653ec1cac9bb26ee0d1,8040,,,true
P05_BLACK_P_000013,P05,BLACK,P,image_000013.jpg,training/P05/BLACK/P/images/image_000013.jpg,39d94f54c5cb3e5f1d11b6baac30520a52efff8bd303fa2311e76643ac84b879,8805,,,true
P05_BLACK_P_000014,P05,BLACK,P,image_000014.jpg,training/P05/BLACK/P/images/image_000014.jpg,56ca439ef8a3d692ffe8feda2705557527b82fe54a6d83db5c17e191ba5c56a5,8324,,,true
P05_BLACK_P_000015,P05,BLACK,P,image_000015.jpg,training/P05/BLACK/P/images/image_000015.jpg,10530a554a0dc7b9d7f5437b9794cf6b54ff8671b3fac09a2c2d82dd5393a62a,8771,,,true
P05_BLACK_P_000016,P05,BLACK,P,image_000016.jpg,training/P05/BLACK/P/images/image_000016.jpg,6ba45c3d5c1651c97001068a19e4f4421cc9b03f1d1cbb9339e8907606f9775d,8635,,,true
P05_BLACK_P_000017,P05,BLACK,P,image_000017.jpg,training/P05/BLACK/P/images/image_000017.jpg,6d8a643fa595250a187ce6c185bca995b7b06507e265b1d1829006c0c2a0adb0,8716,,,true
P05_BLACK_P_000018,P05,BLACK,P,image_000018.jpg,training/P05/BLACK/P/images/image_000018.jpg,ad6c9d896a4ad60ce5465c6c25313b96960c353bc36eb584dacdc15a822922b5,8086,,,true
P05_BLACK_P_000019,P05,BLACK,P,image_000019.jpg,training/P05/BLACK/P/images/image_000019.jpg,e427c2e5c16e84cd11f6f4c5b5f3f58fe21c201cf7783d0ce7862b4d75ab618a,8943,,,true
P05_BLACK_P_000020,P05,BLACK,P,image_000020.jpg,training/P05/BLACK/P/images/image_000020.jpg,1fa3405a50b47df5e7ee5fefe8e1de9538404af5932eac368281686005f084df,9125,,,true
P05_BLACK_P_000021,P05,BLACK,P,image_000021.jpg,training/P05/BLACK/P/images/image_000021.jpg,8301cc733437179201051a388270dc81001b38242ba3a67f28635d6099afe0f2,9208,,,true
P05_BLACK_P_000022,P05,BLACK,P,image_000022.jpg,training/P05/BLACK/P/images/image_000022.jpg,cd4b73d0e92f9fd581414968b66eea7dbb71e7c963538a11f7a60f0a955ef8e8,8446,,,true
P05_BLACK_P_000023,P05,BLACK,P,image_000023.jpg,training/P05/BLACK/P/images/image_000023.jpg,fd02d182c2dfc48f95be2522b70a8929553b484e3d84aa40e29cc65858333aff,9551,,,true
P05_BLACK_P_000024,P05,BLACK,P,image_000024.jpg,training/P05/BLACK/P/images/image_000024.jpg,a0570989471562e2452bf32bac0d603dad88b1aa7d045a1f7f1b6f4a0fec67e3,8382,,,true
P05_BLACK_P_000025,P05,BLACK,P,image_000025.jpg,training/P05/BLACK/P/images/image_000025.jpg,0ddf424408cb70936a212649ef461a8606601d4944c6a94c99ff325857cb79bf,9249,,,true
P05_BLACK_R_000001,P05,BLACK,R,image_000001.jpg,training/P05/BLACK/R/images/image_000001.jpg,a4e26c2f410b136ae4b207ffe255901ae84c4d92fcaf3d9bc426b7e70ddbdd87,9217,,,true
P05_BLACK_R_000002,P05,BLACK,R,image_000002.jpg,training/P05/BLACK/R/images/image_000002.jpg,50849e5879822ff610d5e2d1816f736f958a2333018451e34e2902bd4cedd7f4,8531,,,true
P05_BLACK_R_000003,P05,BLACK,R,image_000003.jpg,training/P05/BLACK/R/images/image_000003.jpg,00b1492dea9aa6c51802635c598666b3d016d0a5d9b1fbee40b426ba3fdb1ad5,9010,,,true
P05_BLACK_R_000004,P05,BLACK,R,image_000004.jpg,training/P05/BLACK/R/images/image_000004.jpg,3266f8a73c59e3107fcabd04eb9c9582025fcb2d90016410dabd816ad4fa6b02,8483,,,true
P05_BLACK_R_000005,P05,BLACK,R,image_000005.jpg,training/P05/BLACK/R/images/image_000005.jpg,fe85e83acdcfb37b928035a2568f72730fbdc03f8c22a62c1ba15867f047d9c8,8341,,,true
P05_BLACK_R_000006,P05,BLACK,R,image_000006.jpg,training/P05/BLACK/R/images/image_000006.jpg,66bed4d6e8cede54594cc934b753733678c9ac2441a40ba0f8e8d92ca6df241e,8181,,,true
P05_BLACK_R_000007,P05,BLACK,R,image_000007.jpg,training/P05/BLACK/R/images/image_000007.jpg,f883ec1297f2e9af753e618cf6dc2218713192f98ea9fcf58a54097c3d3d9283,8485,,,true
P05_BLACK_R_000008,P05,BLACK,R,image_000008.jpg,training/P05/BLACK/R/images/image_000008.jpg,17fc39a7b39b40c3bd8081283f702593806f206db5f170b7d6a8d17bee3a2893,7946,,,true
P05_BLACK_R_000009,P05,BLACK,R,image_000009.jpg,training/P05/BLACK/R/images/image_000009.jpg,02372f628370c723d09b135ad4b642727e658f9f9c2dc00c118763816b41996d,8408,,,true
P05_BLACK_R_000010,P05,BLACK,R,image_000010.jpg,training/P05/BLACK/R/images/image_000010.jpg,202e18ab599d39a7623b4e96dfca68fa087ea72f1f364b615445d190184e1fbe,8271,,,true
P05_BLACK_R_000011,P05,BLACK,R,image_000011.jpg,training/P05/BLACK/R/images/image_000011.jpg,4d0a1b283253501f01546934ad201ca9789294e9d4bafb1d9970208372119258,8411,,,true
P05_BLACK_R_000012,P05,BLACK,R,image_000012.jpg,training/P05/BLACK/R/images/image_000012.jpg,b083e8e0901151381dd56b69a55340b76dd11b2f4f16f3630540776a0e609867,8487,,,true
P05_BLACK_R_000013,P05,BLACK,R,image_000013.jpg,training/P05/BLACK/R/images/image_000013.jpg,396c8b6a7f71841d63296d1970cd7d8e7e2d8ba1064d8237a1dcae229b378c94,8345,,,true
P05_BLACK_R_000014,P05,BLACK,R,image_000014.jpg,training/P05/BLACK/R/images/image_000014.jpg,2388d362cb09ebc936a319bbd0b789ebcea9c5cc884d6fd58bc15f3842bd6bfa,8272,,,true
P05_BLACK_R_000015,P05,BLACK,R,image_000015.jpg,training/P05/BLACK/R/images/image_000015.jpg,24bcfeb6573d4b30f0d5818780ea527af5a2f62962a516adac7c0e3a7ad06cb8,7889,,,true
P05_BLACK_R_000016,P05,BLACK,R,image_000016.jpg,training/P05/BLACK/R/images/image_000016.jpg,7a5dd713a3781cb01080135474a905db7894ddc100ef47500a40c753186f799c,9107,,,true
P05_BLACK_R_000017,P05,BLACK,R,image_000017.jpg,training/P05/BLACK/R/images/image_000017.jpg,e26a492af1cb57a15ade109991638cba7c244c845f4a1fed9b2cad8d09fad5e8,8608,,,true
P05_BLACK_R_000018,P05,BLACK,R,image_000018.jpg,training/P05/BLACK/R/images/image_000018.jpg,60c4fd6e22b64e481ea6b1e5adff1960c83276382a002276118f3bafeb151673,9404,,,true
P05_BLACK_R_000019,P05,BLACK,R,image_000019.jpg,training/P05/BLACK/R/images/image_000019.jpg,084fd337224067da35340d3e29dab7769dfd30283e451a9f13efedccaeb63641,8801,,,true
P05_BLACK_R_000020,P05,BLACK,R,image_000020.jpg,training/P05/BLACK/R/images/image_000020.jpg,ac5331a13b4596ebe1ed04238881756823e7047d9760cfd27f6f44f5b89bb435,8822,,,true
P05_BLACK_R_000021,P05,BLACK,R,image_000021.jpg,training/P05/BLACK/R/images/image_000021.jpg,e913fcd0a716ccba33d91cb837a8d48716b81e741f5b4be7bf53905a1ca89b61,8797,,,true
P05_BLACK_R_000022,P05,BLACK,R,image_000022.jpg,training/P05/BLACK/R/images/image_000022.jpg,e3111a4bc07450dbc82a176f3c1f4ec7e778b562b80ba91d90153d44a2b9118c,9255,,,true
P05_BLACK_R_000023,P05,BLACK,R,image_000023.jpg,training/P05/BLACK/R/images/image_000023.jpg,4d29d88aaecf520c4097f589e8b14c57635a70ed0dd72fca6d02c747fec839ad,9273,,,true
P05_BLACK_R_000024,P05,BLACK,R,image_000024.jpg,training/P05/BLACK/R/images/image_000024.jpg,c7b13f71f53bb5dd96f6435d02819ec453b02edacc831879f8d1f4c90f8eb444,9355,,,true
P05_BLACK_R_000025,P05,BLACK,R,image_000025.jpg,training/P05/BLACK/R/images/image_000025.jpg,07186dad1acffc7282a25085bf29c36cccee935d35190be9af49f3eb3a0dc6fd,8936,,,true
P05_BLACK_S_000001,P05,BLACK,S,image_000001.jpg,training/P05/BLACK/S/images/image_000001.jpg,2bebb86b0b1ba167c88add572ba0dc1846a558374dca2809363dbc4396ed219d,9775,,,true
P05_BLACK_S_000002,P05,BLACK,S,image_000002.jpg,training/P05/BLACK/S/images/image_000002.jpg,8c7257cfa8d66f299b81a419b56f092ac1b0fdb0b1a3cd6c8b9143e5217ab1b1,9815,,,true
P05_BLACK_S_000003,P05,BLACK,S,image_000003.jpg,training/P05/BLACK/S/images/image_000003.jpg,a5d23c6130fe1704e17a7c8c07d7761cab989d98685419a1010f3b293820a9a3,9302,,,true
P05_BLACK_S_000004,P05,BLACK,S,image_000004.jpg,training/P05/BLACK/S/images/image_000004.jpg,5c5589a62a86de69cc9badcc606f87b54ce744e111176cb25db41128bfed0394,9427,,,true
P05_BLACK_S_000005,P05,BLACK,S,image_000005.jpg,training/P05/BLACK/S/images/image_000005.jpg,c052b93fbfba59f77f94c338027f2d9314704669a618b96b2fedf628b46af1d0,8753,,,true
P05_BLACK_S_000006,P05,BLACK,S,image_000006.jpg,training/P05/BLACK/S/images/image_000006.jpg,6deaf3e0632c3f6cd82cd260ae1c86c80274c1eaca8722ba5e713605f53a455c,9072,,,true
P05_BLACK_S_000007,P05,BLACK,S,image_000007.jpg,training/P05/BLACK/S/images/image_000007.jpg,d695e050faa7c16f6641aa88801a7fea6d278593f340aa250003ffdb0749b29f,9625,,,true
P05_BLACK_S_000008,P05,BLACK,S,image_000008.jpg,training/P05/BLACK/S/images/image_000008.jpg,d1bbd5020e1c59d822384e87fcde2fc20011ef8bcfcaf8751cd3c3a317bcb08d,8764,,,true
P05_BLACK_S_000009,P05,BLACK,S,image_000009.jpg,training/P05/BLACK/S/images/image_000009.jpg,2f64961ede1774a615cb1a5c7cf5b059ed2efd2256a9f1246e532184ad4aab84,8651,,,true
P05_BLACK_S_000010,P05,BLACK,S,image_000010.jpg,training/P05/BLACK/S/images/image_000010.jpg,745b9050c133d8227f2c902b12e6544de89186afaa4094a0ce611f39b21280a9,8181,,,true
P05_BLACK_S_000011,P05,BLACK,S,image_000011.jpg,training/P05/BLACK/S/images/image_000011.jpg,a980b18d33b46e2e7fe73e715b7f60a77d2e5f15947bbe82566e4699a28b9758,8648,,,true
P05_BLACK_S_000012,P05,BLACK,S,image_000012.jpg,training/P05/BLACK/S/images/image_000012.jpg,dfbce98e9d7cc681933c4325cf1201c3d091e78f72ef4ce9a35e190b0bd0b9da,9638,,,true
P05_BLACK_S_000013,P05,BLACK,S,image_000013.jpg,training/P05/BLACK/S/images/image_000013.jpg,27169ab6128e3d3cc941201b3f9c83192017e4d59d63d6b8c5fae9bdb94baed8,9587,,,true
P05_BLACK_S_000014,P05,BLACK,S,image_000014.jpg,training/P05/BLACK/S/images/image_000014.jpg,45e151d707bdc132b1007640eb0e0292e8db1761ba447d4010c4c3cf2e503411,9305,,,true
P05_BLACK_S_000015,P05,BLACK,S,image_000015.jpg,training/P05/BLACK/S/images/image_000015.jpg,cb11ff302177503324d56ef55a5d6a0853dbd8309fc95d7a1a2b899b6d53675a,9506,,,true
P05_BLACK_S_000016,P05,BLACK,S,image_000016.jpg,training/P05/BLACK/S/images/image_000016.jpg,192d8f999f654944b149df3763acd16af166b0066bd6fd84441fb71e4f506b5c,8052,,,true
P05_BLACK_S_000017,P05,BLACK,S,image_000017.jpg,training/P05/BLACK/S/images/image_000017.jpg,01a0b5d01430068b374825db472debd0510ba141c86db40fa36b0d8b678fd608,8042,,,true
P05_BLACK_S_000018,P05,BLACK,S,image_000018.jpg,training/P05/BLACK/S/images/image_000018.jpg,5452a202e794c69861cf92ceef406fd1614e2f9c53174ee45794d705b37aadd9,8389,,,true
P05_BLACK_S_000019,P05,BLACK,S,image_000019.jpg,training/P05/BLACK/S/images/image_000019.jpg,8d07c22e3f11ea283c71dc613819dbdb34a8359ac6070be29972a59a4dcafb56,8350,,,true
P05_BLACK_S_000020,P05,BLACK,S,image_000020.jpg,training/P05/BLACK/S/images/image_000020.jpg,a283b5bf60c6e577f1755b5e7b38a0b6ecec7d33736f0317887c43c72d3b476b,8475,,,true
P05_BLACK_S_000021,P05,BLACK,S,image_000021.jpg,training/P05/BLACK/S/images/image_000021.jpg,776328855ec24d4f70e9eb21cafd37b583a5061b7e142d0775d3b20f7ed5232a,8216,,,true
P05_BLACK_S_000022,P05,BLACK,S,image_000022.jpg,training/P05/BLACK/S/images/image_000022.jpg,88503dfc0e54e0cfb86d0cea9492ba5ba9f780069fb838904fb3f60dd34eaf21,8102,,,true
P05_BLACK_S_000023,P05,BLACK,S,image_000023.jpg,training/P05/BLACK/S/images/image_000023.jpg,77cffe1140d8a5ff8963b279f1075b93c267eb847a94b76c3f4d11178ba6ed6a,9545,,,true
P05_BLACK_S_000024,P05,BLACK,S,image_000024.jpg,training/P05/BLACK/S/images/image_000024.jpg,b66453e85fad5f77dcdf87a26e1ca661079f0eca192fcac91f9abd8bc5d8cb1c,9565,,,true
P05_BLACK_S_000025,P05,BLACK,S,image_000025.jpg,training/P05/BLACK/S/images/image_000025.jpg,f7ab73732b21087c34995cb4b2ed36338de4a9f8924928f04cce0885dd56256a,9650,,,true
P05_BLACK_T_000001,P05,BLACK,T,image_000001.jpg,training/P05/BLACK/T/images/image_000001.jpg,2138b4d0b9960982d12109f428a49cae843be0572c53726a4709a5f73b9781a6,9711,,,true
P05_BLACK_T_000002,P05,BLACK,T,image_000002.jpg,training/P05/BLACK/T/images/image_000002.jpg,4e19919875e448b356aeba2b8c1017583be2ca430b38e8dda46579020848ec75,8219,,,true
P05_BLACK_T_000003,P05,BLACK,T,image_000003.jpg,training/P05/BLACK/T/images/image_000003.jpg,fa56df01d72cc8d1bccdfe627b54b6e89c914bd466cec786b70454bb52c1a0a5,8982,,,true
P05_BLACK_T_000004,P05,BLACK,T,image_000004.jpg,training/P05/BLACK/T/images/image_000004.jpg,76d4fd3a516eb21eac6e16e171cd8d0f28231fc7746cd37e320468870769cc94,8575,,,true
P05_BLACK_T_000005,P05,BLACK,T,image_000005.jpg,training/P05/BLACK/T/images/image_000005.jpg,8c56d0f5bb6704bffb5d2cc7f15933304fdda53cf36baa52820f57119d69bf47,9084,,,true
P05_BLACK_T_000006,P05,BLACK,T,image_000006.jpg,training/P05/BLACK/T/images/image_000006.jpg,2c265036f6403704acac47ca5b70a665ae9d00a9be91e3bb59dbff8b62e9b3b4,8067,,,true
P05_BLACK_T_000007,P05,BLACK,T,image_000007.jpg,training/P05/BLACK/T/images/image_000007.jpg,16ef4b21866f6ea67e281be84f1983b01a123b0b61aa052117d51e535dd58abd,8699,,,true
P05_BLACK_T_000008,P05,BLACK,T,image_000008.jpg,training/P05/BLACK/T/images/image_000008.jpg,a4ec38bda5bcca538022e59b9723eef4c7508fa08b7e457bf64c636d7e0f0378,8344,,,true
P05_BLACK_T_000009,P05,BLACK,T,image_000009.jpg,training/P05/BLACK/T/images/image_000009.jpg,6b0706140f35f7d3d3843f04839a68a065f8f6d06071bebeffcb4665a12f4376,9154,,,true
P05_BLACK_T_000010,P05,BLACK,T,image_000010.jpg,training/P05/BLACK/T/images/image_000010.jpg,a5e4e88beda28c537839949b611a4306714ff4a509d8c55b79a5984bf12549c0,8485,,,true
P05_BLACK_T_000011,P05,BLACK,T,image_000011.jpg,training/P05/BLACK/T/images/image_000011.jpg,a59d885bf3f46032b236aed24c351dfb39c09cfa88a35028042ba3e8048562d1,9214,,,true
P05_BLACK_T_000012,P05,BLACK,T,image_000012.jpg,training/P05/BLACK/T/images/image_000012.jpg,67c82bbb66b25c669f807a085201f4b463fa74e2999283bb72626096c1d47a83,8980,,,true
P05_BLACK_T_000013,P05,BLACK,T,image_000013.jpg,training/P05/BLACK/T/images/image_000013.jpg,5f3d9051ca7e3667fdd548d820c103acb72121cb287c6c8d8df4e89403710a96,8619,,,true
P05_BLACK_T_000014,P05,BLACK,T,image_000014.jpg,training/P05/BLACK/T/images/image_000014.jpg,3625aac486169666fd0c521803cd8101ce9bce54a472036180c3d190a6ba001f,9169,,,true
P05_BLACK_T_000015,P05,BLACK,T,image_000015.jpg,training/P05/BLACK/T/images/image_000015.jpg,4d137511e2405470747a0abd9139bc6807a5709979c97ba456fccb092c4a6468,9022,,,true
P05_BLACK_T_000016,P05,BLACK,T,image_000016.jpg,training/P05/BLACK/T/images/image_000016.jpg,f2ba65a3203c8145724779c2b542be930611bad9edaf25544cb801ca762093a3,9201,,,true
P05_BLACK_T_000017,P05,BLACK,T,image_000017.jpg,training/P05/BLACK/T/images/image_000017.jpg,bb7376006698ed68ffa47b91328cdcbdecc81b3cd02878cef0f8dba318f7a67c,9056,,,true
P05_BLACK_T_000018,P05,BLACK,T,image_000018.jpg,training/P05/BLACK/T/images/image_000018.jpg,1cff461d6d4de61a5103ed2da84dc952a4d9fc4f146ca31d3937b7f92737f70a,8241,,,true
P05_BLACK_T_000019,P05,BLACK,T,image_000019.jpg,training/P05/BLACK/T/images/image_000019.jpg,4b838c03b06650b5578f2cb1d776355e3c64a19afc76efbde554fc8c8f1bbe47,8838,,,true
P05_BLACK_T_000020,P05,BLACK,T,image_000020.jpg,training/P05/BLACK/T/images/image_000020.jpg,9e2b002be2e36ffc496934ea6fc71b73e0ec5e919b7a87050a6a1eb009b56921,8504,,,true
P05_BLACK_T_000021,P05,BLACK,T,image_000021.jpg,training/P05/BLACK/T/images/image_000021.jpg,560388a38afb022c4cb17f61444cbf0f385022c230569cdbf32d8acfa2c39627,8342,,,true
P05_BLACK_T_000022,P05,BLACK,T,image_000022.jpg,training/P05/BLACK/T/images/image_000022.jpg,404f2ae9c23315e131018e17e95bb37f1d0b86b0b569e354810206b4dcfe5d49,8314,,,true
P05_BLACK_T_000023,P05,BLACK,T,image_000023.jpg,training/P05/BLACK/T/images/image_000023.jpg,5e8eae70e298c1909c24d6955d8913659cfee930d0b0bfc649ef8abd9709f149,8553,,,true
P05_BLACK_T_000024,P05,BLACK,T,image_000024.jpg,training/P05/BLACK/T/images/image_000024.jpg,732bd2397f63756293728bf9f4b3e1e1d0a191cc5a665646703f3f1e9167c6cc,8700,,,true
P05_BLACK_T_000025,P05,BLACK,T,image_000025.jpg,training/P05/BLACK/T/images/image_000025.jpg,d9aad7029aa91b93ff7eb2ede2fb2641f47e0a075a0aff11e4775aa7482035af,8665,,,true
P05_BLACK_U_000001,P05,BLACK,U,image_000001.jpg,training/P05/BLACK/U/images/image_000001.jpg,127e82058fefe7a376a3dcfabfaf3308b40d802240dec206d2a006bb7a079e87,9797,,,true
P05_BLACK_U_000002,P05,BLACK,U,image_000002.jpg,training/P05/BLACK/U/images/image_000002.jpg,59b8a306781fc9514647e0a9e55a8823a2cbddbe1c7f805f42dd4475bf7b8efe,9439,,,true
P05_BLACK_U_000003,P05,BLACK,U,image_000003.jpg,training/P05/BLACK/U/images/image_000003.jpg,8d291cac3f0982c222044a0d62ffa9ec0aed2573a335937a1ccaf6949c27c496,9389,,,true
P05_BLACK_U_000004,P05,BLACK,U,image_000004.jpg,training/P05/BLACK/U/images/image_000004.jpg,9c2950353debe5a5546b9e51d59b4f1aede10398c90b482701bffd4b6ca923a8,8542,,,true
P05_BLACK_U_000005,P05,BLACK,U,image_000005.jpg,training/P05/BLACK/U/images/image_000005.jpg,3fbb7324d9a3a90b26f89345ce76e553d99ebecdef2fc8b8b89562d97222924d,8314,,,true
P05_BLACK_U_000006,P05,BLACK,U,image_000006.jpg,training/P05/BLACK/U/images/image_000006.jpg,4301d2761f515b705c2903f7186f56213613083fc5194a53a6b36d7e26611aaf,7682,,,true
P05_BLACK_U_000007,P05,BLACK,U,image_000007.jpg,training/P05/BLACK/U/images/image_000007.jpg,5122433d7a53118fe4dc211756f496a9c20e9eeb5e1006e7f6c2e69c4c807f82,8314,,,true
P05_BLACK_U_000008,P05,BLACK,U,image_000008.jpg,training/P05/BLACK/U/images/image_000008.jpg,6dbdf98ed622011130ba147d5b38698169c6acc67237294313849b74ed5b116f,8631,,,true
P05_BLACK_U_000009,P05,BLACK,U,image_000009.jpg,training/P05/BLACK/U/images/image_000009.jpg,7f3b47402aeb4c17911b6139e1559c112ab71c15bb4005ea73a3d77be349446c,8676,,,true
P05_BLACK_U_000010,P05,BLACK,U,image_000010.jpg,training/P05/BLACK/U/images/image_000010.jpg,9748ddaa7975b2b7f4be6fc425626d195e5481a519a517da5809e96605781fbc,8698,,,true
P05_BLACK_U_000011,P05,BLACK,U,image_000011.jpg,training/P05/BLACK/U/images/image_000011.jpg,7e282344097840c312758ee02c4c5d5380d528f6255511931b8084ee90ac9f93,8884,,,true
P05_BLACK_U_000012,P05,BLACK,U,image_000012.jpg,training/P05/BLACK/U/images/image_000012.jpg,23faeb92d1b913bb95e1ab7b52ce0640633513d44d60014b36e783316657b9b2,10031,,,true
P05_BLACK_U_000013,P05,BLACK,U,image_000013.jpg,training/P05/BLACK/U/images/image_000013.jpg,feb5e0fc29124fa09631d9fc8cf2060ec44d540fa8943b7f104446056fa60b8d,9220,,,true
P05_BLACK_U_000014,P05,BLACK,U,image_000014.jpg,training/P05/BLACK/U/images/image_000014.jpg,28d312f37757ab0478b9163d76abdc2fc3654b52ef251ef7eec1da01916bdfaf,8894,,,true
P05_BLACK_U_000015,P05,BLACK,U,image_000015.jpg,training/P05/BLACK/U/images/image_000015.jpg,6be2cb2c9e57969c2b6edf1f3d93871c7e00076a10c04e2bf090ebb9ed79943a,8496,,,true
P05_BLACK_U_000016,P05,BLACK,U,image_000016.jpg,training/P05/BLACK/U/images/image_000016.jpg,3ab5bf52bad3f297c222f27271e79c14dd7a9840635d9d702ca7116020631ba4,8620,,,true
P05_BLACK_U_000017,P05,BLACK,U,image_000017.jpg,training/P05/BLACK/U/images/image_000017.jpg,80c9c0165867c7e6b97adf33f1adbb0674b8cac7852a4852f6ecf8bfe1a42f0e,8054,,,true
P05_BLACK_U_000018,P05,BLACK,U,image_000018.jpg,training/P05/BLACK/U/images/image_000018.jpg,02cdf09a542b76ae4eaf846e7a9e7f1bd959d933ad5e32584773c5e68dc8f46a,7630,,,true
P05_BLACK_U_000019,P05,BLACK,U,image_000019.jpg,training/P05/BLACK/U/images/image_000019.jpg,0a8fe5a1916e3a14fbc428b461f9dc229141a9aceaad9690338b39ebac03ad1b,8200,,,true
P05_BLACK_U_000020,P05,BLACK,U,image_000020.jpg,training/P05/BLACK/U/images/image_000020.jpg,034fbc21d33906143666a0ab23bfd087df6cc554db1e6a5a737f07ac294395eb,7159,,,true
P05_BLACK_U_000021,P05,BLACK,U,image_000021.jpg,training/P05/BLACK/U/images/image_000021.jpg,67d50dae6276731251cb0a7e71bfcc26da75f786769f9a06805a1670095452ff,8755,,,true
P05_BLACK_U_000022,P05,BLACK,U,image_000022.jpg,training/P05/BLACK/U/images/image_000022.jpg,8accbec4917856291bab50ac9f2dd0b42345a4b21b483e679d9abb4381bb3475,9189,,,true
P05_BLACK_U_000023,P05,BLACK,U,image_000023.jpg,training/P05/BLACK/U/images/image_000023.jpg,24533bf6afe56913c95fa2c470482d6d29f70619a74882d43a791b60553b2510,8556,,,true
P05_BLACK_U_000024,P05,BLACK,U,image_000024.jpg,training/P05/BLACK/U/images/image_000024.jpg,417d49f9ec93efd0f1ab70330825bff6e93db629061f45deb072edcd920f1794,9275,,,true
P05_BLACK_U_000025,P05,BLACK,U,image_000025.jpg,training/P05/BLACK/U/images/image_000025.jpg,fb27a02fdf6a98d3b395dea57f0c1198aed9e9850e6dada0f8bd1072fd06afed,9345,,,true
P05_BLACK_V_000001,P05,BLACK,V,image_000001.jpg,training/P05/BLACK/V/images/image_000001.jpg,4488c75cda9d822748c93bdb7fbcf8a0f90ce70102cc301ecf9b1fd1f95d6c86,8915,,,true
P05_BLACK_V_000002,P05,BLACK,V,image_000002.jpg,training/P05/BLACK/V/images/image_000002.jpg,31554817a0f418c84ce49e65cea9a740e8ddb0a25f74cc9ed30c9025bc57603f,8752,,,true
P05_BLACK_V_000003,P05,BLACK,V,image_000003.jpg,training/P05/BLACK/V/images/image_000003.jpg,5344f3795cfc374b8f1a07b501d3383369f6940cc8ac12add5c533e0a8346a2b,8902,,,true
P05_BLACK_V_000004,P05,BLACK,V,image_000004.jpg,training/P05/BLACK/V/images/image_000004.jpg,0d8b05bf41eea306ef107cd7bd5d0b9c76e73cdbb402285b2d803710e9999d9a,9218,,,true
P05_BLACK_V_000005,P05,BLACK,V,image_000005.jpg,training/P05/BLACK/V/images/image_000005.jpg,912b65c37793036b58803ee06d6eb28fe480dca9552ca864a1c2b0fef04d4cdb,9441,,,true
P05_BLACK_V_000006,P05,BLACK,V,image_000006.jpg,training/P05/BLACK/V/images/image_000006.jpg,c756b385ad8058ea81fbcf882783ac26871dca6a37396cedae43c51432023ed9,9833,,,true
P05_BLACK_V_000007,P05,BLACK,V,image_000007.jpg,training/P05/BLACK/V/images/image_000007.jpg,ebfa8068aa4b84c13f571ccbfe9670fd4e7db306daf6218575fc4bb78f9952a7,9007,,,true
P05_BLACK_V_000008,P05,BLACK,V,image_000008.jpg,training/P05/BLACK/V/images/image_000008.jpg,2895cd5479e62ffa2f611f286fbbeb9986153bbdfcbceb7fa78a0b45a6bac4f5,9021,,,true
P05_BLACK_V_000009,P05,BLACK,V,image_000009.jpg,training/P05/BLACK/V/images/image_000009.jpg,ec22e5c237b975f8b54f51a8f1418849548ae5c333d865963dad828bdfa0e30d,8980,,,true
P05_BLACK_V_000010,P05,BLACK,V,image_000010.jpg,training/P05/BLACK/V/images/image_000010.jpg,7b6136563ba80b51c8c60c72df9ed2bc791fa0e9a31efd4692da8fad78eeb8cb,8774,,,true
P05_BLACK_V_000011,P05,BLACK,V,image_000011.jpg,training/P05/BLACK/V/images/image_000011.jpg,0429976ecd8dd4885dc390a362eddcb263dc81a24f2c5f71824b6d78590357d7,8773,,,true
P05_BLACK_V_000012,P05,BLACK,V,image_000012.jpg,training/P05/BLACK/V/images/image_000012.jpg,503272c1c3d51a91bbe0d2f4790488769218f3330d4adb06e737f4ae20a24058,8768,,,true
P05_BLACK_V_000013,P05,BLACK,V,image_000013.jpg,training/P05/BLACK/V/images/image_000013.jpg,2416d128dab4f46bf08d203605abcc34a174cfe86428aabc8bc3dc5776f27969,9214,,,true
P05_BLACK_V_000014,P05,BLACK,V,image_000014.jpg,training/P05/BLACK/V/images/image_000014.jpg,07975e33282bd3b2f0f09ad8dda9c2f83adc4596df03f8bf6ae8ef6f3f97c772,8968,,,true
P05_BLACK_V_000015,P05,BLACK,V,image_000015.jpg,training/P05/BLACK/V/images/image_000015.jpg,e6f4141c7eaf40e95f5d216dc062760840320204b275641950056b4be20c38c8,8799,,,true
P05_BLACK_V_000016,P05,BLACK,V,image_000016.jpg,training/P05/BLACK/V/images/image_000016.jpg,5adc6e8a600689623d854fffedc5809676d0a4e6bf78a8ba40d5740bb2527298,8964,,,true
P05_BLACK_V_000017,P05,BLACK,V,image_000017.jpg,training/P05/BLACK/V/images/image_000017.jpg,db0f82b15b3ed8d2e8ff2a995c099cc4ae68e923e196114d5db285d976aac545,9246,,,true
P05_BLACK_V_000018,P05,BLACK,V,image_000018.jpg,training/P05/BLACK/V/images/image_000018.jpg,14305c8b7c89001e23a437ff8fed5e35a6d3650b5280ecae6dfe53199e530615,8441,,,true
P05_BLACK_V_000019,P05,BLACK,V,image_000019.jpg,training/P05/BLACK/V/images/image_000019.jpg,4fd3e9859cfb5a7f79b93aea722e5f75727553a486978e66f52b2fbb92924ecc,8886,,,true
P05_BLACK_V_000020,P05,BLACK,V,image_000020.jpg,training/P05/BLACK/V/images/image_000020.jpg,c6aa6723eb794da7b3d27710525811c496ceae52af4337d8e9ec8d24c9ebd0b4,8783,,,true
P05_BLACK_V_000021,P05,BLACK,V,image_000021.jpg,training/P05/BLACK/V/images/image_000021.jpg,0c35cf5c2e3dbcdf470be69468a113bd6ef7d095f86c2b8ff2992151ba647bb7,7641,,,true
P05_BLACK_V_000022,P05,BLACK,V,image_000022.jpg,training/P05/BLACK/V/images/image_000022.jpg,e4a924011236db07b93c826eacb1909b4c548f2564513852c2cbb02c497319b5,8162,,,true
P05_BLACK_V_000023,P05,BLACK,V,image_000023.jpg,training/P05/BLACK/V/images/image_000023.jpg,525af5334aac5b5ace67064356a9c92e69e578be6858cb167dbdb1ad4c09e1d6,8294,,,true
P05_BLACK_V_000024,P05,BLACK,V,image_000024.jpg,training/P05/BLACK/V/images/image_000024.jpg,464417a2caf2bd6bc77e312f746ffe843aded7e4b59fd7fe6bb0787ef997b754,8385,,,true
P05_BLACK_V_000025,P05,BLACK,V,image_000025.jpg,training/P05/BLACK/V/images/image_000025.jpg,313a86dd1fb026bcd6907ea10809610b84504130a4d50a275d5801763930d89e,8226,,,true
P05_BLACK_W_000001,P05,BLACK,W,image_000001.jpg,training/P05/BLACK/W/images/image_000001.jpg,cc122bf1b0ef8f087c4cf5ed8860d8eb33e0cdcd4fade89cbc0afc14d12d1f54,8199,,,true
P05_BLACK_W_000002,P05,BLACK,W,image_000002.jpg,training/P05/BLACK/W/images/image_000002.jpg,b990f9d9fdfaa574a67fb3653d823193b7f6c64435aa7e7fb57061a0cf3cb1b0,8275,,,true
P05_BLACK_W_000003,P05,BLACK,W,image_000003.jpg,training/P05/BLACK/W/images/image_000003.jpg,3f041f33e0a67b7c99fe2d6bd9b602058f219a363cfebafaeba00b50e27da465,8438,,,true
P05_BLACK_W_000004,P05,BLACK,W,image_000004.jpg,training/P05/BLACK/W/images/image_000004.jpg,04cf028ff2702f122671761bfc635c1d78f1c1225823083c74e74465e5341c87,9068,,,true
P05_BLACK_W_000005,P05,BLACK,W,image_000005.jpg,training/P05/BLACK/W/images/image_000005.jpg,c5ae04791eba6f94125ba6c896eb6b823eaaec8d7b9566df753b5b6f711baf98,8213,,,true
P05_BLACK_W_000006,P05,BLACK,W,image_000006.jpg,training/P05/BLACK/W/images/image_000006.jpg,2ddee7af5e05024de32d6fac2e2277736fc33e7d0cb230d11ebb8f7afceb9ec0,8521,,,true
P05_BLACK_W_000007,P05,BLACK,W,image_000007.jpg,training/P05/BLACK/W/images/image_000007.jpg,d4891074e36ce7aed4344bbf4f069358cbbe311a1412ead7c837d7d0c75f21b7,8186,,,true
P05_BLACK_W_000008,P05,BLACK,W,image_000008.jpg,training/P05/BLACK/W/images/image_000008.jpg,f58320a071c47523e95dfa63269c8ca7679d85b36b2418dcb799278e7c06103c,8422,,,true
P05_BLACK_W_000009,P05,BLACK,W,image_000009.jpg,training/P05/BLACK/W/images/image_000009.jpg,4d453ab35d663d72c828d382e07d40ef6c63105193409f67d6ecb548bb5ab229,8535,,,true
P05_BLACK_W_000010,P05,BLACK,W,image_000010.jpg,training/P05/BLACK/W/images/image_000010.jpg,704c9414e0f04a83cd1456e6e16bc8cd544646d9c0e45a358cf6561d608ab0d9,8151,,,true
P05_BLACK_W_000011,P05,BLACK,W,image_000011.jpg,training/P05/BLACK/W/images/image_000011.jpg,68b5cd6cee7a08c029531f15ac7251b55203599f052d99179d1f5756a7858880,8667,,,true
P05_BLACK_W_000012,P05,BLACK,W,image_000012.jpg,training/P05/BLACK/W/images/image_000012.jpg,5f9bd806e6ebebbc4971fb3dbfdc195cc3440ee177649a48e3d6234985c0b76f,8744,,,true
P05_BLACK_W_000013,P05,BLACK,W,image_000013.jpg,training/P05/BLACK/W/images/image_000013.jpg,44845e9a56fb178cf4715dc7afc4e2bc39815bad6652f1840cabad7f2cff5422,8499,,,true
P05_BLACK_W_000014,P05,BLACK,W,image_000014.jpg,training/P05/BLACK/W/images/image_000014.jpg,aed802c2e5568e91cad8ee8add334e38dd70fee89999d9e267a2bb4009bb932a,8575,,,true
P05_BLACK_W_000015,P05,BLACK,W,image_000015.jpg,training/P05/BLACK/W/images/image_000015.jpg,4dac32210b738eefdc4206020f3a1a64d132a370144eef0ccb25bd360a02f3be,9411,,,true
P05_BLACK_W_000016,P05,BLACK,W,image_000016.jpg,training/P05/BLACK/W/images/image_000016.jpg,ce9049fd4de02aabe28d900d103eeec223419d38c5ef7c0fa93c11e21be46261,9052,,,true
P05_BLACK_W_000017,P05,BLACK,W,image_000017.jpg,training/P05/BLACK/W/images/image_000017.jpg,7616069ec05290856b663385034fcf65c74d383b6793cf1cbe96e30433d119e6,9003,,,true
P05_BLACK_W_000018,P05,BLACK,W,image_000018.jpg,training/P05/BLACK/W/images/image_000018.jpg,fc2b7ed1c8dacdbfc54435c22d374399c9a1dc89b75b1f9ec4005c02cbfa5329,9147,,,true
P05_BLACK_W_000019,P05,BLACK,W,image_000019.jpg,training/P05/BLACK/W/images/image_000019.jpg,3db03168f6ca5a3f47919178fac7eb3d3f32f8a6c52e17c4ce749421f7052f6c,8386,,,true
P05_BLACK_W_000020,P05,BLACK,W,image_000020.jpg,training/P05/BLACK/W/images/image_000020.jpg,0092e465d95e825fafa3a4e7bd6fbfdbefa76f6299cba46a98734f7f2629c78d,9063,,,true
P05_BLACK_W_000021,P05,BLACK,W,image_000021.jpg,training/P05/BLACK/W/images/image_000021.jpg,d1855f100e155228ab3436b342095fff0078cd8c77df63854e4d49f35a69ce43,8602,,,true
P05_BLACK_W_000022,P05,BLACK,W,image_000022.jpg,training/P05/BLACK/W/images/image_000022.jpg,62c1a0c72d1de31145d06ca164a641e63c422990ab9a016a67cb49ce1187a56f,8551,,,true
P05_BLACK_W_000023,P05,BLACK,W,image_000023.jpg,training/P05/BLACK/W/images/image_000023.jpg,dd765f9a47367b451e143a38dc44daede384f12a3875487c6f50b59394c7248c,8551,,,true
P05_BLACK_W_000024,P05,BLACK,W,image_000024.jpg,training/P05/BLACK/W/images/image_000024.jpg,405a7521fbd38a281a5be62416bd333881d7e46dd288ba5083155f59d4312735,8670,,,true
P05_BLACK_W_000025,P05,BLACK,W,image_000025.jpg,training/P05/BLACK/W/images/image_000025.jpg,24c1c1378f319d61b36be0554cbd680ced1dba890e32eab6556fa45d509fb417,8755,,,true
P05_BLACK_Y_000001,P05,BLACK,Y,image_000001.jpg,training/P05/BLACK/Y/images/image_000001.jpg,36f385302e5e14b510d8503d77d2a54a8d73afd97a191a616f598317faa50139,8876,,,true
P05_BLACK_Y_000002,P05,BLACK,Y,image_000002.jpg,training/P05/BLACK/Y/images/image_000002.jpg,a962d5f9ddbfbeab4fa5359dbde1143c05e3b774c17a25187023bc3b898ab707,8994,,,true
P05_BLACK_Y_000003,P05,BLACK,Y,image_000003.jpg,training/P05/BLACK/Y/images/image_000003.jpg,4603bc3bd093d93ea85e6619eaa8d897e3a95898cba331a012d28e9a8c8a53ee,8948,,,true
P05_BLACK_Y_000004,P05,BLACK,Y,image_000004.jpg,training/P05/BLACK/Y/images/image_000004.jpg,b752fc712202169aca8de902bbad985ab74476baf1637cc36c88b29fd2b0b6ce,8995,,,true
P05_BLACK_Y_000005,P05,BLACK,Y,image_000005.jpg,training/P05/BLACK/Y/images/image_000005.jpg,e5c95059e8daa3cb0eb769da6cad95b10908bee633be8c982dd7ad0acdaabad7,8732,,,true
P05_BLACK_Y_000006,P05,BLACK,Y,image_000006.jpg,training/P05/BLACK/Y/images/image_000006.jpg,839fde2d8138d9982fb0e07a42740de769544a40d7d83dc4d1e3e8709373cf40,8725,,,true
P05_BLACK_Y_000007,P05,BLACK,Y,image_000007.jpg,training/P05/BLACK/Y/images/image_000007.jpg,04b4b1b26e55bd0df3b929632502b3c518fb8fbc8f93719c24fbae0c40640316,7925,,,true
P05_BLACK_Y_000008,P05,BLACK,Y,image_000008.jpg,training/P05/BLACK/Y/images/image_000008.jpg,f8fd8ed8a3219728bd33ef1852e1851ba741a4c09ea2661d4d32b1e9275a4971,8235,,,true
P05_BLACK_Y_000009,P05,BLACK,Y,image_000009.jpg,training/P05/BLACK/Y/images/image_000009.jpg,b7e9c0aa63b4f3afe53e02c58d32612025a56ae87f10f2d4c9bbd9de6886725a,8111,,,true
P05_BLACK_Y_000010,P05,BLACK,Y,image_000010.jpg,training/P05/BLACK/Y/images/image_000010.jpg,44ba9a90284da91448b1ccfe810edb82e3a54ff40fd6734795222a965ec03e83,7966,,,true
P05_BLACK_Y_000011,P05,BLACK,Y,image_000011.jpg,training/P05/BLACK/Y/images/image_000011.jpg,6870be151d33973ca942ffd163d335047b185cc5db9984381cd66ddcf8bc2dbb,8400,,,true
P05_BLACK_Y_000012,P05,BLACK,Y,image_000012.jpg,training/P05/BLACK/Y/images/image_000012.jpg,7ff082c1ffcf5d2151a930772504ebe7218ea7616f7787a8ee2b1bfb9cd58c72,8945,,,true
P05_BLACK_Y_000013,P05,BLACK,Y,image_000013.jpg,training/P05/BLACK/Y/images/image_000013.jpg,c427182672a02ca7304add82d9356d6ddbc7cfa347179994d9936d145ed15870,8368,,,true
P05_BLACK_Y_000014,P05,BLACK,Y,image_000014.jpg,training/P05/BLACK/Y/images/image_000014.jpg,61bb496b6ec9ff0ecfc8ecbb0df830fca1ac4a1ffb347ed75c06b01ff232785a,7699,,,true
P05_BLACK_Y_000015,P05,BLACK,Y,image_000015.jpg,training/P05/BLACK/Y/images/image_000015.jpg,5d24820bcaaa1d5395de0a3029a60cfa6ce4537ee85598845981d0cf082252a9,8400,,,true
P05_BLACK_Y_000016,P05,BLACK,Y,image_000016.jpg,training/P05/BLACK/Y/images/image_000016.jpg,14badc5ef2b81376c51d37a61fb6133b64ca72c0beff4718e676eb7bd6ca9228,8510,,,true
P05_BLACK_Y_000017,P05,BLACK,Y,image_000017.jpg,training/P05/BLACK/Y/images/image_000017.jpg,c00179d426ae574a61449748004998420083793e04aaa1f1c3aa394b2ba98421,8567,,,true
P05_BLACK_Y_000018,P05,BLACK,Y,image_000018.jpg,training/P05/BLACK/Y/images/image_000018.jpg,37c45c853d51baf201df532b8a8ce471c72389f3fb49eb85b02aa974e67573c4,8464,,,true
P05_BLACK_Y_000019,P05,BLACK,Y,image_000019.jpg,training/P05/BLACK/Y/images/image_000019.jpg,84aff7c909e0d5ed719714b9b9e73cfd0b59f791b516ab3d1e459879962e3fe1,8423,,,true
P05_BLACK_Y_000020,P05,BLACK,Y,image_000020.jpg,training/P05/BLACK/Y/images/image_000020.jpg,e8311ef32b9af1fc38adc130d8116c52dc49b5c7cf9391829a33f627b76d691a,8160,,,true
P05_BLACK_Y_000021,P05,BLACK,Y,image_000021.jpg,training/P05/BLACK/Y/images/image_000021.jpg,f326f1aaaec35d56376c17b0df6947ce61a84b5dc51c2dd6781f2d2d0856c38e,8771,,,true
P05_BLACK_Y_000022,P05,BLACK,Y,image_000022.jpg,training/P05/BLACK/Y/images/image_000022.jpg,8270c84d19deecb23cd2a2f6d55036cd7abb0608bac9f816068f6f948d7af855,7941,,,true
P05_BLACK_Y_000023,P05,BLACK,Y,image_000023.jpg,training/P05/BLACK/Y/images/image_000023.jpg,151b0ec55b63f7ab9969f2a4e34afce315ac6ab8683959519fb335e3fd49cc4b,8088,,,true
P05_BLACK_Y_000024,P05,BLACK,Y,image_000024.jpg,training/P05/BLACK/Y/images/image_000024.jpg,db70fbaf0d0b061d3b9e91a1aefbceb3d5ca6709f41360bd0b1277f94df2750b,8080,,,true
P05_BLACK_Y_000025,P05,BLACK,Y,image_000025.jpg,training/P05/BLACK/Y/images/image_000025.jpg,e332f22152d98e8fbc4219dd4d201fc8fb33edc4c61a95a0cd77674f80b2878e,8984,,,true
P05_BLUE_A_000001,P05,BLUE,A,image_000001.jpg,training/P05/BLUE/A/images/image_000001.jpg,0db421f0d1e32092e1fab062dd66b5df36124005ee197859fa7b1a9c02a8ad9b,10579,,,true
P05_BLUE_A_000002,P05,BLUE,A,image_000002.jpg,training/P05/BLUE/A/images/image_000002.jpg,60ffa235fb405a716175251169b91d4325519081a8b78c994eb40c66d61a22d7,10392,,,true
P05_BLUE_A_000003,P05,BLUE,A,image_000003.jpg,training/P05/BLUE/A/images/image_000003.jpg,3a88b8f9dac33de22e860041c278bdceb57801d3e37abc17b557c9b23f191651,11062,,,true
P05_BLUE_A_000004,P05,BLUE,A,image_000004.jpg,training/P05/BLUE/A/images/image_000004.jpg,356aba060bfbd9540b4e7ee6c972f76b730e04dd56d123b4efb268ea0f74eed2,10587,,,true
P05_BLUE_A_000005,P05,BLUE,A,image_000005.jpg,training/P05/BLUE/A/images/image_000005.jpg,3aa16ef49cc5f6c6833e4e967cb13723fb018802ea698c4e7173e903b3746876,10714,,,true
P05_BLUE_A_000006,P05,BLUE,A,image_000006.jpg,training/P05/BLUE/A/images/image_000006.jpg,57579047601d44bbf735dffd5223f0ea7d30eab73a7a21a438498701dd4282b4,10855,,,true
P05_BLUE_A_000007,P05,BLUE,A,image_000007.jpg,training/P05/BLUE/A/images/image_000007.jpg,f3611125d8e369c14112301b1fdd7e3d0a65a9531178ad20782ea89dda5bf986,10601,,,true
P05_BLUE_A_000008,P05,BLUE,A,image_000008.jpg,training/P05/BLUE/A/images/image_000008.jpg,62f31d5dc2237914eb88e26c55374b289c2d605397e554c13883a7303acf4481,9413,,,true
P05_BLUE_A_000009,P05,BLUE,A,image_000009.jpg,training/P05/BLUE/A/images/image_000009.jpg,78b95829846441ec3b040fd80462df27404e017c1d6bc277cc2147fa5c6a5b2b,9649,,,true
P05_BLUE_A_000010,P05,BLUE,A,image_000010.jpg,training/P05/BLUE/A/images/image_000010.jpg,74c7ef85572476817dfa333f5881aeac40ea8bdd75a0a508ebcb8fa82eb19135,10236,,,true
P05_BLUE_A_000011,P05,BLUE,A,image_000011.jpg,training/P05/BLUE/A/images/image_000011.jpg,3eb8f691e0759de3961ff9e270ee9d0241a899cc78ba7830131ad1f233892aaa,8792,,,true
P05_BLUE_A_000012,P05,BLUE,A,image_000012.jpg,training/P05/BLUE/A/images/image_000012.jpg,ba758498b5524a65796b47b9217abd5f5fd0dc9a087b18b2221eb8eb98552bc0,9973,,,true
P05_BLUE_A_000013,P05,BLUE,A,image_000013.jpg,training/P05/BLUE/A/images/image_000013.jpg,37bd6ebd87d2f39c44b8fa0ba58348e7e0d3a509e999bd78f23616cc252c95c5,9280,,,true
P05_BLUE_A_000014,P05,BLUE,A,image_000014.jpg,training/P05/BLUE/A/images/image_000014.jpg,ecce52731feb90d00e87bae52ce898fd52f4140527051a5cd56026262c249221,9882,,,true
P05_BLUE_A_000015,P05,BLUE,A,image_000015.jpg,training/P05/BLUE/A/images/image_000015.jpg,3f0ca15d836b119e2093225decf0726c1c1a7f6d254f83d474ede3319defefc1,9954,,,true
P05_BLUE_A_000016,P05,BLUE,A,image_000016.jpg,training/P05/BLUE/A/images/image_000016.jpg,b8dfd75794a6c444f597726bd86dede18b93534eb88ab2dfdc01bc730a8dcb2e,8943,,,true
P05_BLUE_A_000017,P05,BLUE,A,image_000017.jpg,training/P05/BLUE/A/images/image_000017.jpg,b2e1fd29e6649305c3011cb4fb7ffb44f1f3b568d7cf3854211c3336f3b458c1,8974,,,true
P05_BLUE_A_000018,P05,BLUE,A,image_000018.jpg,training/P05/BLUE/A/images/image_000018.jpg,d51b09cf3fd748de1d0f72f5576f20b4aa2dbc460e75006afb336c1642211872,9319,,,true
P05_BLUE_A_000019,P05,BLUE,A,image_000019.jpg,training/P05/BLUE/A/images/image_000019.jpg,df3124eec8a6e488fc7dfe7eed20442fd251ef4651f01ffabb4f2ac46b66b3cf,9061,,,true
P05_BLUE_A_000020,P05,BLUE,A,image_000020.jpg,training/P05/BLUE/A/images/image_000020.jpg,0bfde780c8fff70d5a1d6b5d2c32802aadd7eb0c5e4956fd3187afaeea57d4b2,9475,,,true
P05_BLUE_A_000021,P05,BLUE,A,image_000021.jpg,training/P05/BLUE/A/images/image_000021.jpg,bc577389b4599dfc95152acc796453c1ea7f727b6756cb705e56ff1f8b20ae8c,9979,,,true
P05_BLUE_A_000022,P05,BLUE,A,image_000022.jpg,training/P05/BLUE/A/images/image_000022.jpg,41f3db2b785fecc5dce0ba30ea47d42ff766baeb1bf170b7fc3af5243cf52c89,10367,,,true
P05_BLUE_A_000023,P05,BLUE,A,image_000023.jpg,training/P05/BLUE/A/images/image_000023.jpg,a3be3b55a4c2be1647037b07aabcb9be6edc4cc939c7651e7e81c8149f518dca,10549,,,true
P05_BLUE_A_000024,P05,BLUE,A,image_000024.jpg,training/P05/BLUE/A/images/image_000024.jpg,e32b9ca097157cfad7f261c187dd08ad780e647ef991b3dfbab6d1b3c94ceebb,10720,,,true
P05_BLUE_A_000025,P05,BLUE,A,image_000025.jpg,training/P05/BLUE/A/images/image_000025.jpg,3a09f45f971d4813ec869da46849260d28c02aa218acd916433b68f41bf3b1d6,10430,,,true
P05_BLUE_B_000001,P05,BLUE,B,image_000001.jpg,training/P05/BLUE/B/images/image_000001.jpg,f6e1c439d9b714c8c2b6c7d169bf77c2f93f9b6134b11f758f00fdf8286f614c,9802,,,true
P05_BLUE_B_000002,P05,BLUE,B,image_000002.jpg,training/P05/BLUE/B/images/image_000002.jpg,4eb93e715ea1c42c871824a8e17ce30750899f23e73742e062b6b0ab8033a611,9912,,,true
P05_BLUE_B_000003,P05,BLUE,B,image_000003.jpg,training/P05/BLUE/B/images/image_000003.jpg,8052eccd0e3169f07f41a8542745494f1bb5f04fb41165437343f21b39e93ef2,10284,,,true
P05_BLUE_B_000004,P05,BLUE,B,image_000004.jpg,training/P05/BLUE/B/images/image_000004.jpg,5606fe70b377753a4d5de00c05b41263fc5931a30b6a9c64409e5c460d16af42,9652,,,true
P05_BLUE_B_000005,P05,BLUE,B,image_000005.jpg,training/P05/BLUE/B/images/image_000005.jpg,27c76794e8dc391907a339d130bd7494c8c4954a600974fc7dd44ed31c7e8c13,9543,,,true
P05_BLUE_B_000006,P05,BLUE,B,image_000006.jpg,training/P05/BLUE/B/images/image_000006.jpg,6212cc8630efdccbd327e348eaa4e5cbcf224ac03f749aa4962a31380e84b1e1,9244,,,true
P05_BLUE_B_000007,P05,BLUE,B,image_000007.jpg,training/P05/BLUE/B/images/image_000007.jpg,b34899531dd34974b4d2855430505898ee1d04509ecfa8ad3ff5d341b0597408,9488,,,true
P05_BLUE_B_000008,P05,BLUE,B,image_000008.jpg,training/P05/BLUE/B/images/image_000008.jpg,df34967ede1ec8a3cd536549285fdf73fc6cffe10d303fc9564a04ba71c2976e,8973,,,true
P05_BLUE_B_000009,P05,BLUE,B,image_000009.jpg,training/P05/BLUE/B/images/image_000009.jpg,b8cd371ae54f43c9393265324f66529c76a88b2feee3e7908184af01ab06fe62,9185,,,true
P05_BLUE_B_000010,P05,BLUE,B,image_000010.jpg,training/P05/BLUE/B/images/image_000010.jpg,49b1c3f7e6328defa1ddd17caaa4e74e05cf2ae2cd88dd9530c01be7590b3984,10325,,,true
P05_BLUE_B_000011,P05,BLUE,B,image_000011.jpg,training/P05/BLUE/B/images/image_000011.jpg,fa6cc019dcf92650901496f4398591f367e5d3f2de1211e8bbb5bf4e8d59c0be,10684,,,true
P05_BLUE_B_000012,P05,BLUE,B,image_000012.jpg,training/P05/BLUE/B/images/image_000012.jpg,fa4e282169c7f5100582dfa106e3c5443f9e00fc124d59348fcbfa257222f70a,9738,,,true
P05_BLUE_B_000013,P05,BLUE,B,image_000013.jpg,training/P05/BLUE/B/images/image_000013.jpg,397814243a0c4f0b7458d747e09731cdee46282d14634c3e632528ced835516a,9936,,,true
P05_BLUE_B_000014,P05,BLUE,B,image_000014.jpg,training/P05/BLUE/B/images/image_000014.jpg,e7a868ace1390c501a4fd93c3bbfdf796e98e8109a777377ae446cd0bf56b52b,9831,,,true
P05_BLUE_B_000015,P05,BLUE,B,image_000015.jpg,training/P05/BLUE/B/images/image_000015.jpg,ec88e9fdc65f4c98afbdec8e7a32c4781ca5d5c12ffdfa5623fcd1c966c7fd2d,9957,,,true
P05_BLUE_B_000016,P05,BLUE,B,image_000016.jpg,training/P05/BLUE/B/images/image_000016.jpg,64df198459919e6c190155507068d1f7ed6ae007f990207ebe4884f723732fbf,9683,,,true
P05_BLUE_B_000017,P05,BLUE,B,image_000017.jpg,training/P05/BLUE/B/images/image_000017.jpg,6b10f17532e811b1b8ed9e84973d8bfdb82598615e8794f8325f2bbb3f8d0507,9350,,,true
P05_BLUE_B_000018,P05,BLUE,B,image_000018.jpg,training/P05/BLUE/B/images/image_000018.jpg,11ddd41b50bab78f484f3a29f4707f4be3eee102c9086ed59bc34731587debe6,9969,,,true
P05_BLUE_B_000019,P05,BLUE,B,image_000019.jpg,training/P05/BLUE/B/images/image_000019.jpg,60adbfd0177b566ba4d7848ae77bef36c6d75b7ea86a1f798985f517231c8990,9772,,,true
P05_BLUE_B_000020,P05,BLUE,B,image_000020.jpg,training/P05/BLUE/B/images/image_000020.jpg,01e6f30162e0669631e2a874ce142c018bcbd203b979657476b36cf187787580,9501,,,true
P05_BLUE_B_000021,P05,BLUE,B,image_000021.jpg,training/P05/BLUE/B/images/image_000021.jpg,fc2414c63c5d8b7784677bd0b2721a7fb259553b7f5f3fcd025760c0fd2a6f06,8990,,,true
P05_BLUE_B_000022,P05,BLUE,B,image_000022.jpg,training/P05/BLUE/B/images/image_000022.jpg,856e62f390237ac55fe51b9d3a3d42e2434b5484fdca999f29deb91101a26ee1,9937,,,true
P05_BLUE_B_000023,P05,BLUE,B,image_000023.jpg,training/P05/BLUE/B/images/image_000023.jpg,9a396bb9864470b5efbdce8ee5d0a0ae93b5a3918c10669583029a5a8d7389ba,10096,,,true
P05_BLUE_B_000024,P05,BLUE,B,image_000024.jpg,training/P05/BLUE/B/images/image_000024.jpg,9b3739c4505523c16bcd252e1040f8ee0778b9eb0505d5be29c47d7124776e10,9823,,,true
P05_BLUE_B_000025,P05,BLUE,B,image_000025.jpg,training/P05/BLUE/B/images/image_000025.jpg,64142029f7bca0bc4520f96ae064fd362eb8ea1c7e264f4f45bb8db4034fb1ec,9712,,,true
P05_BLUE_C_000001,P05,BLUE,C,image_000001.jpg,training/P05/BLUE/C/images/image_000001.jpg,6e303b90beb82577652f00b14da394068f38515e4df0f47458308c2f2a767ba7,10407,,,true
P05_BLUE_C_000002,P05,BLUE,C,image_000002.jpg,training/P05/BLUE/C/images/image_000002.jpg,c8ac5cbb9b0807bc6f645ba77a0b6aa0eee62d814f9b1dceae1847eaad00117f,10625,,,true
P05_BLUE_C_000003,P05,BLUE,C,image_000003.jpg,training/P05/BLUE/C/images/image_000003.jpg,f88acd542250eb90fbcf0669bbf95cb45065836cb20a43556d80d0881f24d9ed,10256,,,true
P05_BLUE_C_000004,P05,BLUE,C,image_000004.jpg,training/P05/BLUE/C/images/image_000004.jpg,308cc15c546148df154b4ebc6baa55fbaca29008c72457e1ebf5ef55d1a1ea84,10438,,,true
P05_BLUE_C_000005,P05,BLUE,C,image_000005.jpg,training/P05/BLUE/C/images/image_000005.jpg,01e78ab0a1ded23c523006f886e59566878afc6c9e94c09f4a85c8d3330a9de3,10735,,,true
P05_BLUE_C_000006,P05,BLUE,C,image_000006.jpg,training/P05/BLUE/C/images/image_000006.jpg,530430e8702c22869a110e10cb3680fc2c337b1fe1a484e4940eddfb4bab72bf,10654,,,true
P05_BLUE_C_000007,P05,BLUE,C,image_000007.jpg,training/P05/BLUE/C/images/image_000007.jpg,ab7e6dffc8f1c96f0e11b0516b54380a0f916e9eb96241f1973e9ce47a759237,9969,,,true
P05_BLUE_C_000008,P05,BLUE,C,image_000008.jpg,training/P05/BLUE/C/images/image_000008.jpg,ab4f795840b660ded970823989a39d30ef9843d38237395e8b0c1946dd94d461,10114,,,true
P05_BLUE_C_000009,P05,BLUE,C,image_000009.jpg,training/P05/BLUE/C/images/image_000009.jpg,36b092a5da9c7e4bcf8f89b3752a9f8313f955238e15f09a0964f28364b209fa,10085,,,true
P05_BLUE_C_000010,P05,BLUE,C,image_000010.jpg,training/P05/BLUE/C/images/image_000010.jpg,8c647046aa7057d87cb467406c27d950ed41531bd001dc3b44c4ba2731335433,10173,,,true
P05_BLUE_C_000011,P05,BLUE,C,image_000011.jpg,training/P05/BLUE/C/images/image_000011.jpg,b5bb393b7e467f5660e50a188af04ef2e94d28a9803a9449579ba8412520ac24,10032,,,true
P05_BLUE_C_000012,P05,BLUE,C,image_000012.jpg,training/P05/BLUE/C/images/image_000012.jpg,55f56925f35681b2e2b50153d1fbef5be860e18c119085ff2ba53e4fc34c6ffb,10678,,,true
P05_BLUE_C_000013,P05,BLUE,C,image_000013.jpg,training/P05/BLUE/C/images/image_000013.jpg,ed78d1ba1a2a8ca6d3e2373ce94dc5fef79cb1b3ba755fc0e39fdf15ffaa11dd,10608,,,true
P05_BLUE_C_000014,P05,BLUE,C,image_000014.jpg,training/P05/BLUE/C/images/image_000014.jpg,9eb8b5ae5693d9a9909b8a599d3b872e40ac01a59cb173f42243463d6ba31c68,10696,,,true
P05_BLUE_C_000015,P05,BLUE,C,image_000015.jpg,training/P05/BLUE/C/images/image_000015.jpg,358697db9971eb32b8310a49992f5b82a0ec6bc213961306b5c700a74e486a7a,10381,,,true
P05_BLUE_C_000016,P05,BLUE,C,image_000016.jpg,training/P05/BLUE/C/images/image_000016.jpg,ccef9eb170b4817fc49c443b3516dee3aa427b516a76dba5c1c1f346e1fb39e1,10140,,,true
P05_BLUE_C_000017,P05,BLUE,C,image_000017.jpg,training/P05/BLUE/C/images/image_000017.jpg,365810dc34fe4e55374a5dce96be94d79e0a093be1624bad7b46c57403d41b23,10125,,,true
P05_BLUE_C_000018,P05,BLUE,C,image_000018.jpg,training/P05/BLUE/C/images/image_000018.jpg,cb17926f84f0bd3819128280713f1cfede5c17918ac055ef111bbb510a419d49,10319,,,true
P05_BLUE_C_000019,P05,BLUE,C,image_000019.jpg,training/P05/BLUE/C/images/image_000019.jpg,a5083f1d962bfab7cfc7d69b0fd5327ad0ade318b883abae519616dc7fa4328d,10243,,,true
P05_BLUE_C_000020,P05,BLUE,C,image_000020.jpg,training/P05/BLUE/C/images/image_000020.jpg,eb65b39760182009dff2ce065623c5eadc1970fcce9d31272cbeaa00d3084f5e,10325,,,true
P05_BLUE_C_000021,P05,BLUE,C,image_000021.jpg,training/P05/BLUE/C/images/image_000021.jpg,290dbd7f5847cd7bf32ba043202b43d5b53b9742b819a846b7735fc902a21a4c,10407,,,true
P05_BLUE_C_000022,P05,BLUE,C,image_000022.jpg,training/P05/BLUE/C/images/image_000022.jpg,1557d9561d1746bdd5fd0fa6574b65d918094c6f0ae0090aac90fa612a8435c0,10411,,,true
P05_BLUE_C_000023,P05,BLUE,C,image_000023.jpg,training/P05/BLUE/C/images/image_000023.jpg,8887da7714caa9baf689d006e1237b8d3fad15f9a841103d9e9e8371b70d47f9,10729,,,true
P05_BLUE_C_000024,P05,BLUE,C,image_000024.jpg,training/P05/BLUE/C/images/image_000024.jpg,3253c49871ee27068b981dc049e2639d1ed6338cd19738ea7630c3c9b500894d,10460,,,true
P05_BLUE_C_000025,P05,BLUE,C,image_000025.jpg,training/P05/BLUE/C/images/image_000025.jpg,beac6fcf78555bac6d53337670101dcb3cabcb3211a10cb2027381029985e9e3,10183,,,true
P05_BLUE_E_000001,P05,BLUE,E,image_000001.jpg,training/P05/BLUE/E/images/image_000001.jpg,68ee9e58e2ada6ef1189e75384bedcc8dffc08e4ca3655d1b7d50e8003759b85,10082,,,true
P05_BLUE_E_000002,P05,BLUE,E,image_000002.jpg,training/P05/BLUE/E/images/image_000002.jpg,c785ea629a82dff6f9c3f467486e643110b7698a6503de4c7cf2623973c0cd56,9592,,,true
P05_BLUE_E_000003,P05,BLUE,E,image_000003.jpg,training/P05/BLUE/E/images/image_000003.jpg,4a4c521853dc796a1014c85b954660c3f26bdc876a746d4ce33af64d3646c61f,9576,,,true
P05_BLUE_E_000004,P05,BLUE,E,image_000004.jpg,training/P05/BLUE/E/images/image_000004.jpg,d6cfc827fbe9f1d989b39eedc91c604700dc0c6464f874d1ec38f4812b2d50be,9630,,,true
P05_BLUE_E_000005,P05,BLUE,E,image_000005.jpg,training/P05/BLUE/E/images/image_000005.jpg,2929bb320c1f780e5af01b311c4a5aee3900975a0d91d134ce884518bc11309f,9381,,,true
P05_BLUE_E_000006,P05,BLUE,E,image_000006.jpg,training/P05/BLUE/E/images/image_000006.jpg,09c5307eb03912e2dd5be2dc5bdaf3340c02e9a3fcf77d107ee1f070c27cc68b,10430,,,true
P05_BLUE_E_000007,P05,BLUE,E,image_000007.jpg,training/P05/BLUE/E/images/image_000007.jpg,5fe2b152b9ea8ecd9a0484d640ede319df9b48476ec1ad1a82688226aedebfaa,9374,,,true
P05_BLUE_E_000008,P05,BLUE,E,image_000008.jpg,training/P05/BLUE/E/images/image_000008.jpg,863906229cba7d06f52f00bc07f4f323ee5b61d6628d375b6139f43ded9c8413,9990,,,true
P05_BLUE_E_000009,P05,BLUE,E,image_000009.jpg,training/P05/BLUE/E/images/image_000009.jpg,2f812e6aff7f91241e7df1842d9c6101c3e1007234a06d19eff85b63c11b2695,10121,,,true
P05_BLUE_E_000010,P05,BLUE,E,image_000010.jpg,training/P05/BLUE/E/images/image_000010.jpg,b9de11e8f0240848736df2dbb656d9e1d207b5d64f01b076e8c9cda542f628e9,11254,,,true
P05_BLUE_E_000011,P05,BLUE,E,image_000011.jpg,training/P05/BLUE/E/images/image_000011.jpg,8168626422997f2dd6dbbf5a490bf067efc3ce9683f4cb232f438e91f289a508,10096,,,true
P05_BLUE_E_000012,P05,BLUE,E,image_000012.jpg,training/P05/BLUE/E/images/image_000012.jpg,bb358bb9d58aa2e2787b858045fb8b03b2c653a78f03fdfc4aa03ddbeb2833bd,10106,,,true
P05_BLUE_E_000013,P05,BLUE,E,image_000013.jpg,training/P05/BLUE/E/images/image_000013.jpg,70abe575ee5fea91d6cc5d076214246787be8092390ef377baa560bdc4194da5,10578,,,true
P05_BLUE_E_000014,P05,BLUE,E,image_000014.jpg,training/P05/BLUE/E/images/image_000014.jpg,1758e39fe0d3e2f80495aec65a9bf624a386cfeefa41d6d7fda5d9f3eb358b10,10234,,,true
P05_BLUE_E_000015,P05,BLUE,E,image_000015.jpg,training/P05/BLUE/E/images/image_000015.jpg,2e7c8bdae8ee353ca2513367819b9ccc79f8eb06339e0f5fe5027a7d888a29ea,10246,,,true
P05_BLUE_E_000016,P05,BLUE,E,image_000016.jpg,training/P05/BLUE/E/images/image_000016.jpg,bc7e1667e94945fbaffc7e0c44e5b1f3e0a16f2d698f7fae89bc1623de38bcfa,10682,,,true
P05_BLUE_E_000017,P05,BLUE,E,image_000017.jpg,training/P05/BLUE/E/images/image_000017.jpg,7d6c9118641c3433f905aa6e7980213e40133f7db5fe638e628be3474e7c31ed,9935,,,true
P05_BLUE_E_000018,P05,BLUE,E,image_000018.jpg,training/P05/BLUE/E/images/image_000018.jpg,67d420a02e4c9f93e5520ae738ececddc43904aff5bd9e4bf554a6e651474dda,10438,,,true
P05_BLUE_E_000019,P05,BLUE,E,image_000019.jpg,training/P05/BLUE/E/images/image_000019.jpg,0c81b3f2e9863ed82eaa5705e9f1dcc2d7a88b258761892371f17fcdd64847de,10384,,,true
P05_BLUE_E_000020,P05,BLUE,E,image_000020.jpg,training/P05/BLUE/E/images/image_000020.jpg,620c18e27f54286fd30aa676c311c5c9697d4fd7b3c8180c7ea14751d410e4af,10420,,,true
P05_BLUE_E_000021,P05,BLUE,E,image_000021.jpg,training/P05/BLUE/E/images/image_000021.jpg,df206eed7e1f34e78da05058d21c5d9625f6f14cb2758885e63695c7ff732a86,9178,,,true
P05_BLUE_E_000022,P05,BLUE,E,image_000022.jpg,training/P05/BLUE/E/images/image_000022.jpg,9a67fe45415fdaa5520107b21b4d179da110a6a0adaff2487f955f2a8b97355f,11090,,,true
P05_BLUE_E_000023,P05,BLUE,E,image_000023.jpg,training/P05/BLUE/E/images/image_000023.jpg,8ebf9d9bbdeb87232ad2358231c996e06dba522c1b09e832c185780b3a68e4f5,11213,,,true
P05_BLUE_E_000024,P05,BLUE,E,image_000024.jpg,training/P05/BLUE/E/images/image_000024.jpg,dc0d42c53f16e4da490795f04d73c51ef967949352959d68fea031afd6f604df,10834,,,true
P05_BLUE_E_000025,P05,BLUE,E,image_000025.jpg,training/P05/BLUE/E/images/image_000025.jpg,51cfb00b129c6cfd58a73f7550a613af674fafca0d2e4317db6f0bb53ff76808,11049,,,true
P05_BLUE_I_000001,P05,BLUE,I,image_000001.jpg,training/P05/BLUE/I/images/image_000001.jpg,f520479959c939d7556055b894b774b90e9d7a1beca8827806a08859bca1a784,10385,,,true
P05_BLUE_I_000002,P05,BLUE,I,image_000002.jpg,training/P05/BLUE/I/images/image_000002.jpg,1c1cee75df4277238e3b9495485035a05713b3477bfbc0089cede89a02d427ec,10426,,,true
P05_BLUE_I_000003,P05,BLUE,I,image_000003.jpg,training/P05/BLUE/I/images/image_000003.jpg,1c12d5fcbebd21b391ba1526969c73344e5c6edf40a18bf1b931553150918d40,9922,,,true
P05_BLUE_I_000004,P05,BLUE,I,image_000004.jpg,training/P05/BLUE/I/images/image_000004.jpg,68eb2773f90928f95774450b2861ab60bef0292780ee750b579bd8f981104dc9,10301,,,true
P05_BLUE_I_000005,P05,BLUE,I,image_000005.jpg,training/P05/BLUE/I/images/image_000005.jpg,5a8dd65c02066a9b0f0388f7b75e3e87720fd0f9f2a97129c6e057b6bf7969c8,9654,,,true
P05_BLUE_I_000006,P05,BLUE,I,image_000006.jpg,training/P05/BLUE/I/images/image_000006.jpg,66213bff332353ba6ce5bac309a0f188445863bed4928895099d8d77c4263b32,10264,,,true
P05_BLUE_I_000007,P05,BLUE,I,image_000007.jpg,training/P05/BLUE/I/images/image_000007.jpg,1fb94b4054b318056f3135b40c86ccaf0a81dd96c055742c5b33477ad6fd4fc6,10567,,,true
P05_BLUE_I_000008,P05,BLUE,I,image_000008.jpg,training/P05/BLUE/I/images/image_000008.jpg,ff56100f53ec7f4c2d88e8832ed58612c5d5a2f7d8a2974950f9690caa6bd54c,10175,,,true
P05_BLUE_I_000009,P05,BLUE,I,image_000009.jpg,training/P05/BLUE/I/images/image_000009.jpg,0c34102a141640847accf118d92179f589eb7222428db4a3193f6616b5875a3c,9878,,,true
P05_BLUE_I_000010,P05,BLUE,I,image_000010.jpg,training/P05/BLUE/I/images/image_000010.jpg,797f11f908acab6fc7aa9f11fe949afd914d9a2a614f649710ea7f880177b064,9679,,,true
P05_BLUE_I_000011,P05,BLUE,I,image_000011.jpg,training/P05/BLUE/I/images/image_000011.jpg,c61d29be74d15dc44b0a879fdb890a1697ce854702a791b64364515f4419e30c,10093,,,true
P05_BLUE_I_000012,P05,BLUE,I,image_000012.jpg,training/P05/BLUE/I/images/image_000012.jpg,c144f5b250802de8fe9fae6fae9a64dad87b792bcd4e384a7287f9a44208f161,9543,,,true
P05_BLUE_I_000013,P05,BLUE,I,image_000013.jpg,training/P05/BLUE/I/images/image_000013.jpg,ce5a24fd5cf7a30eb908df717f78cb3ed566c137e60e5426ca57064e80921089,9887,,,true
P05_BLUE_I_000014,P05,BLUE,I,image_000014.jpg,training/P05/BLUE/I/images/image_000014.jpg,c19b0befc9b85d76e7715f5bb090b32087dd9c12ab601244cde50d32a9d5b309,8864,,,true
P05_BLUE_I_000015,P05,BLUE,I,image_000015.jpg,training/P05/BLUE/I/images/image_000015.jpg,c1d7e493d8e4943245776aa0117dca42194ac4c2cae3b272dd047127139b1242,9165,,,true
P05_BLUE_I_000016,P05,BLUE,I,image_000016.jpg,training/P05/BLUE/I/images/image_000016.jpg,6cd14b93f51773e23ff146c9c587a4b3009f32a5b5cd887f8ef175dc846555f9,8657,,,true
P05_BLUE_I_000017,P05,BLUE,I,image_000017.jpg,training/P05/BLUE/I/images/image_000017.jpg,76246d0601bc52977fe4c21c80348e29f4675b12b74d36dc21cc8c6d37e9cc50,9568,,,true
P05_BLUE_I_000018,P05,BLUE,I,image_000018.jpg,training/P05/BLUE/I/images/image_000018.jpg,8fda66bf13bcb941ddfa187e359d388fafe60127738d7a60a11467a2a1101af8,9027,,,true
P05_BLUE_I_000019,P05,BLUE,I,image_000019.jpg,training/P05/BLUE/I/images/image_000019.jpg,b29bd6ccfc795fd814394b533de4e03564f269cd76f286a9a7e182af1395c3ab,9693,,,true
P05_BLUE_I_000020,P05,BLUE,I,image_000020.jpg,training/P05/BLUE/I/images/image_000020.jpg,636287bf42a60a6e52c1e5ee7d65eed761f6337d7a8b3cf597ef53f14d9d06ed,9958,,,true
P05_BLUE_I_000021,P05,BLUE,I,image_000021.jpg,training/P05/BLUE/I/images/image_000021.jpg,9a680f0a373e8e05496505a797b25c77163f899b5949868634b51c5b77e39445,9966,,,true
P05_BLUE_I_000022,P05,BLUE,I,image_000022.jpg,training/P05/BLUE/I/images/image_000022.jpg,a53b10d968d8f75122b5c11f6b7ee3740e7cfcda2c9c6b42445175908cf309c8,10278,,,true
P05_BLUE_I_000023,P05,BLUE,I,image_000023.jpg,training/P05/BLUE/I/images/image_000023.jpg,1ce56c64b5f8f71f82b14675d64ec76b1161cbb7e21b9cb6cf8168acae575249,10391,,,true
P05_BLUE_I_000024,P05,BLUE,I,image_000024.jpg,training/P05/BLUE/I/images/image_000024.jpg,e8e323abb9c3649ffc6f17175f6860ed8e070ca63d5e890c53778c54abcf6637,9349,,,true
P05_BLUE_I_000025,P05,BLUE,I,image_000025.jpg,training/P05/BLUE/I/images/image_000025.jpg,b0dee6cae1c346fd6a5a266e3f9c8f15a0f1c3187f0e82e01b558cde66a3cf7b,9225,,,true
P05_BLUE_L_000001,P05,BLUE,L,image_000001.jpg,training/P05/BLUE/L/images/image_000001.jpg,ba93a094b5f8e35d50e3df890f3bbf32722a2c7ab35cbcb1ffc4285a2dadec9f,9590,,,true
P05_BLUE_L_000002,P05,BLUE,L,image_000002.jpg,training/P05/BLUE/L/images/image_000002.jpg,cc84f63b8cb7e89c92aaa2540ded9f7cb23641f69b8c361003ae9eb7df92885e,9618,,,true
P05_BLUE_L_000003,P05,BLUE,L,image_000003.jpg,training/P05/BLUE/L/images/image_000003.jpg,295baec5361e2600ca98ca36f34be1c31e4f264039991ec6070ae14506ded407,10146,,,true
P05_BLUE_L_000004,P05,BLUE,L,image_000004.jpg,training/P05/BLUE/L/images/image_000004.jpg,2ad0066361db75bae011917348377f6327ced5939b98a4e9e1b9d04551a61850,10226,,,true
P05_BLUE_L_000005,P05,BLUE,L,image_000005.jpg,training/P05/BLUE/L/images/image_000005.jpg,b003256364df5ed76e195003bf3287761a92914c041195a6e871f6b7c485643a,9236,,,true
P05_BLUE_L_000006,P05,BLUE,L,image_000006.jpg,training/P05/BLUE/L/images/image_000006.jpg,7768d7cc0fa29f9939e0c2f1cb75c350c46f78804d5d27ba103d1088a5adf05f,9411,,,true
P05_BLUE_L_000007,P05,BLUE,L,image_000007.jpg,training/P05/BLUE/L/images/image_000007.jpg,b74bb95488cd016bb891bd223961f83748cd4935aae67a370a8c8fc955854650,9938,,,true
P05_BLUE_L_000008,P05,BLUE,L,image_000008.jpg,training/P05/BLUE/L/images/image_000008.jpg,c3391c72807153c4596697545d753e3c78f988a1ba7af4f79c2256cb8f58c276,9896,,,true
P05_BLUE_L_000009,P05,BLUE,L,image_000009.jpg,training/P05/BLUE/L/images/image_000009.jpg,6c545e090bb2ab3bf136cb5f7a03f8a86611767d36294efc7304642567c2649b,8932,,,true
P05_BLUE_L_000010,P05,BLUE,L,image_000010.jpg,training/P05/BLUE/L/images/image_000010.jpg,5f669db84884d80ba6b5e2bc675b4929975cab03afbb5ff600d3c5a77f85d6a2,10000,,,true
P05_BLUE_L_000011,P05,BLUE,L,image_000011.jpg,training/P05/BLUE/L/images/image_000011.jpg,14a4da3cb61777f35edbe186c7c2e90e2a6dbf0ee6b7bb3d031c5b414020c594,9182,,,true
P05_BLUE_L_000012,P05,BLUE,L,image_000012.jpg,training/P05/BLUE/L/images/image_000012.jpg,b460c121a97827b0b658964cebb325871161ccee1698b28c9c16a8c3c7359f5f,9583,,,true
P05_BLUE_L_000013,P05,BLUE,L,image_000013.jpg,training/P05/BLUE/L/images/image_000013.jpg,784514043f85c2caa4b0a43850956271d48ebbd827e4302049950231c162ece0,10485,,,true
P05_BLUE_L_000014,P05,BLUE,L,image_000014.jpg,training/P05/BLUE/L/images/image_000014.jpg,3bbb2ff1845089bd8f36191f50b98e85254a6076ae486d6f9c98aa8a65f373a8,10623,,,true
P05_BLUE_L_000015,P05,BLUE,L,image_000015.jpg,training/P05/BLUE/L/images/image_000015.jpg,bbc56e556be356b9486870d6bfc9c07f0dddd79a3e4cfc610a39ec8f5e59f80f,10726,,,true
P05_BLUE_L_000016,P05,BLUE,L,image_000016.jpg,training/P05/BLUE/L/images/image_000016.jpg,b22296a82b8f285bd8314348fa1f753b3c7a4c67299e1cabb2e78ceeead0f80a,10660,,,true
P05_BLUE_L_000017,P05,BLUE,L,image_000017.jpg,training/P05/BLUE/L/images/image_000017.jpg,19e83636f188fb78fb001736a1c8d7966566e8e3e297b34f46ccf98dd23ae117,10907,,,true
P05_BLUE_L_000018,P05,BLUE,L,image_000018.jpg,training/P05/BLUE/L/images/image_000018.jpg,eaa0a4f2a6a2cb6cf8684cde9033344b6265f587e3c8369b2bfa1be1f698f009,10819,,,true
P05_BLUE_L_000019,P05,BLUE,L,image_000019.jpg,training/P05/BLUE/L/images/image_000019.jpg,d298897ba8120bc2d174d1373fdb50556b055af1fc8dd853aad0c62734ad54f1,10149,,,true
P05_BLUE_L_000020,P05,BLUE,L,image_000020.jpg,training/P05/BLUE/L/images/image_000020.jpg,d441f53744536730aae62f78875ce33013ec61dbd3b46bd773080a10eb86ee98,10240,,,true
P05_BLUE_L_000021,P05,BLUE,L,image_000021.jpg,training/P05/BLUE/L/images/image_000021.jpg,617a5b4afa47b37665e6194df4cb8f87ceb0aa935b28f2c435834359a2dccad6,10464,,,true
P05_BLUE_L_000022,P05,BLUE,L,image_000022.jpg,training/P05/BLUE/L/images/image_000022.jpg,33f855ff51a50aa14df927a6ba57629bbf2c346bc7f9711db68fc6b287e23a9e,10509,,,true
P05_BLUE_L_000023,P05,BLUE,L,image_000023.jpg,training/P05/BLUE/L/images/image_000023.jpg,1fa4b3603123ad867a17a5097446e1144bcd1ada5075d3dea5ff68ab332d65e4,10614,,,true
P05_BLUE_L_000024,P05,BLUE,L,image_000024.jpg,training/P05/BLUE/L/images/image_000024.jpg,4c4b40a5df868e7c1cc80ffb7408b8851f9e32a575df654d2c84e23d358c7d2a,11053,,,true
P05_BLUE_L_000025,P05,BLUE,L,image_000025.jpg,training/P05/BLUE/L/images/image_000025.jpg,3b599ed61762ff6900abe3329423b3edc639a2070bcd739b9b67b2b1a49c32f7,10995,,,true
P05_BLUE_M_000001,P05,BLUE,M,image_000001.jpg,training/P05/BLUE/M/images/image_000001.jpg,cdb8877410acc742d722991265920dfebba655a4926f4a6b8571044d06475daf,10691,,,true
P05_BLUE_M_000002,P05,BLUE,M,image_000002.jpg,training/P05/BLUE/M/images/image_000002.jpg,e54e99f1f0b7d179b738f75b76eb6b158026fe42e3df1287551c13b7f21bf3e6,10951,,,true
P05_BLUE_M_000003,P05,BLUE,M,image_000003.jpg,training/P05/BLUE/M/images/image_000003.jpg,4c7198867487f3677488149eaef73b0c55076afaeeb00084460a95e48f7a7805,11090,,,true
P05_BLUE_M_000004,P05,BLUE,M,image_000004.jpg,training/P05/BLUE/M/images/image_000004.jpg,cef124a04a1902e515a0c197ed7694a5cd652204efcf22349faf86ad001afd6b,10910,,,true
P05_BLUE_M_000005,P05,BLUE,M,image_000005.jpg,training/P05/BLUE/M/images/image_000005.jpg,cb0cdaec7c31ba4f9b293479b6c2bc90f94f2cfbcf376dc41f74a9acd27203fa,10325,,,true
P05_BLUE_M_000006,P05,BLUE,M,image_000006.jpg,training/P05/BLUE/M/images/image_000006.jpg,e581d3c9231a309f3f48ce480fcb1b38e5299303d7f90891fa8ee7c3a3c35c7a,10545,,,true
P05_BLUE_M_000007,P05,BLUE,M,image_000007.jpg,training/P05/BLUE/M/images/image_000007.jpg,95788ab014e7f1fda9430354bc9fcd7a4a2c2fa65146752c3cdf42702fa59336,10333,,,true
P05_BLUE_M_000008,P05,BLUE,M,image_000008.jpg,training/P05/BLUE/M/images/image_000008.jpg,bdd9599fc0a726830bc8f56453805e9172a67e235a38257ed0c952ece00604bd,9170,,,true
P05_BLUE_M_000009,P05,BLUE,M,image_000009.jpg,training/P05/BLUE/M/images/image_000009.jpg,9b7a64c24afed43f4212d901f57a40d89ed7a1cf35a94a02131a1aa26ef28172,9605,,,true
P05_BLUE_M_000010,P05,BLUE,M,image_000010.jpg,training/P05/BLUE/M/images/image_000010.jpg,af5d9472fa6954a9aacbefde197f2ab31ce6e520c4c95586678edcffc8355088,9449,,,true
P05_BLUE_M_000011,P05,BLUE,M,image_000011.jpg,training/P05/BLUE/M/images/image_000011.jpg,ce1d97e19819b7c55cd7cdc13a71584b5a35853f860f5781ebaab0cf2db78730,9728,,,true
P05_BLUE_M_000012,P05,BLUE,M,image_000012.jpg,training/P05/BLUE/M/images/image_000012.jpg,d2aaffa930fdd481b11570fab477a238f36697ace5c070c8c420ca6c620a885f,9444,,,true
P05_BLUE_M_000013,P05,BLUE,M,image_000013.jpg,training/P05/BLUE/M/images/image_000013.jpg,d9dba7536da4c7d34109eb5ad7cfd63f0580502d14be5eb5e9775425aa18e402,9539,,,true
P05_BLUE_M_000014,P05,BLUE,M,image_000014.jpg,training/P05/BLUE/M/images/image_000014.jpg,1b172bdba0841483dd4f01218e2131d66d6f78d3d5ae952e607ea553b5b705c3,9843,,,true
P05_BLUE_M_000015,P05,BLUE,M,image_000015.jpg,training/P05/BLUE/M/images/image_000015.jpg,39f8461d2daa5668fa504792c8c936f45200cca96c46d55ce6c9c49888716885,9377,,,true
P05_BLUE_M_000016,P05,BLUE,M,image_000016.jpg,training/P05/BLUE/M/images/image_000016.jpg,f7aa3fba9a31d52ecaedae3f1b3afa32b1f2b4e1993cba5c9426c252263915a7,9615,,,true
P05_BLUE_M_000017,P05,BLUE,M,image_000017.jpg,training/P05/BLUE/M/images/image_000017.jpg,6eb7732f7ede2b24a3b2e7f9df61f02392859b08fce53ec9fa2da8cc60b6ae99,10416,,,true
P05_BLUE_M_000018,P05,BLUE,M,image_000018.jpg,training/P05/BLUE/M/images/image_000018.jpg,3c5a2e724b2bc8b264ba1837ce34930db542e0ec22157d6957042fdf67b66277,9518,,,true
P05_BLUE_M_000019,P05,BLUE,M,image_000019.jpg,training/P05/BLUE/M/images/image_000019.jpg,d6a86b8294e3c672f0388eac640c0f5fe9692e123303ee5315acb4415ed75c5e,9644,,,true
P05_BLUE_M_000020,P05,BLUE,M,image_000020.jpg,training/P05/BLUE/M/images/image_000020.jpg,41b3f4e0891187984323573bd483f31c0bdf6e2a66098766affef73892eddd60,9578,,,true
P05_BLUE_M_000021,P05,BLUE,M,image_000021.jpg,training/P05/BLUE/M/images/image_000021.jpg,e32ea901a3448ba7e0ce6e2e8f2eca7db6560fc0f4bc5c1b98c67c6926170a02,9863,,,true
P05_BLUE_M_000022,P05,BLUE,M,image_000022.jpg,training/P05/BLUE/M/images/image_000022.jpg,5ca47dc0fcdc4ae64940503f7e9e273a8fc038b35ca24bf602c622a697f3e647,9683,,,true
P05_BLUE_M_000023,P05,BLUE,M,image_000023.jpg,training/P05/BLUE/M/images/image_000023.jpg,15b8bb91bd666ebf30192bdebef8d4374ebffd6387386977562866d18eab7654,9302,,,true
P05_BLUE_M_000024,P05,BLUE,M,image_000024.jpg,training/P05/BLUE/M/images/image_000024.jpg,75efc38bb449967ca83239d53be9039b8b299dd142002c699c5db9edb5b2dd20,8904,,,true
P05_BLUE_M_000025,P05,BLUE,M,image_000025.jpg,training/P05/BLUE/M/images/image_000025.jpg,4676fafe8056bbd1db6cdd8fbb3d4206ce2d4adac50d0120f00622f11dae8f1a,9403,,,true
P05_BLUE_N_000001,P05,BLUE,N,image_000001.jpg,training/P05/BLUE/N/images/image_000001.jpg,b825c7eb34adcfd974886eb604bbda2bba27c2d92af9ebddb4202c126e9a4892,9980,,,true
P05_BLUE_N_000002,P05,BLUE,N,image_000002.jpg,training/P05/BLUE/N/images/image_000002.jpg,c0afe00aafc5d1d1fdfbc4880b1eb166d94f724740d5d24edc79ee30e36068eb,9997,,,true
P05_BLUE_N_000003,P05,BLUE,N,image_000003.jpg,training/P05/BLUE/N/images/image_000003.jpg,a343b02c48a03200d53fc8a8a7575a9c2fa3c26059ad61044feacd5180b69212,10073,,,true
P05_BLUE_N_000004,P05,BLUE,N,image_000004.jpg,training/P05/BLUE/N/images/image_000004.jpg,bdababf65d3130d49382f7a09b4dafff5dfb257a0afe717e4b57e3a944429dcd,10067,,,true
P05_BLUE_N_000005,P05,BLUE,N,image_000005.jpg,training/P05/BLUE/N/images/image_000005.jpg,d79de363332df11e67ef1e4b91afa8e40a8de5e6020015d1ca0753ea7cd654a2,9963,,,true
P05_BLUE_N_000006,P05,BLUE,N,image_000006.jpg,training/P05/BLUE/N/images/image_000006.jpg,efc60ba8a1773bfc76c8cfc412ab5d6b2be4c19e1dc394ec78ec8f1b00e1da62,10108,,,true
P05_BLUE_N_000007,P05,BLUE,N,image_000007.jpg,training/P05/BLUE/N/images/image_000007.jpg,4ccbca55dd191c21927d9a34447f064b49a9ea43dffbccfe917a3c514ee4b68a,9958,,,true
P05_BLUE_N_000008,P05,BLUE,N,image_000008.jpg,training/P05/BLUE/N/images/image_000008.jpg,c77d0932305144dd63311f9f866c198da28a4dc0a0d9f89acbbc444a3022dd2d,10259,,,true
P05_BLUE_N_000009,P05,BLUE,N,image_000009.jpg,training/P05/BLUE/N/images/image_000009.jpg,7ad9145d1e87f7e31b28d84b99bbac958450a4953b493a6d7d61ed49dba2c19a,9591,,,true
P05_BLUE_N_000010,P05,BLUE,N,image_000010.jpg,training/P05/BLUE/N/images/image_000010.jpg,eeaf351105d19dd21ea7174009e1db5f96f7c2c93cbd89d449f8edb53299ed3d,9721,,,true
P05_BLUE_N_000011,P05,BLUE,N,image_000011.jpg,training/P05/BLUE/N/images/image_000011.jpg,53ca3e8938bec230d662421e7011b58cbc4c05b99b1a342f6ebaac17467cdace,9604,,,true
P05_BLUE_N_000012,P05,BLUE,N,image_000012.jpg,training/P05/BLUE/N/images/image_000012.jpg,8ba3ffc577c066612b70bd03f00334c08d0f0f4d9b0bb0f100fe12463910d420,9728,,,true
P05_BLUE_N_000013,P05,BLUE,N,image_000013.jpg,training/P05/BLUE/N/images/image_000013.jpg,badc4c413a53708ffcaf53f9d485d46341e4d190eb8f9db8284da99a03f112b6,9628,,,true
P05_BLUE_N_000014,P05,BLUE,N,image_000014.jpg,training/P05/BLUE/N/images/image_000014.jpg,03cf0b263559bdc515d76f226ae6607130d066273a5f9950d974128e2ebfcf9c,9975,,,true
P05_BLUE_N_000015,P05,BLUE,N,image_000015.jpg,training/P05/BLUE/N/images/image_000015.jpg,d25ac1bb418a257a2f728c545eef4b5927d9f0f17e88699665f20cb446081456,9987,,,true
P05_BLUE_N_000016,P05,BLUE,N,image_000016.jpg,training/P05/BLUE/N/images/image_000016.jpg,33e38dfa1868e17282cc1ef13dcbd55b640da453a628ccda9bfae7b6838d9b30,10197,,,true
P05_BLUE_N_000017,P05,BLUE,N,image_000017.jpg,training/P05/BLUE/N/images/image_000017.jpg,839b6459947a4877117bc8c6c4945239cfb53ba0ab131b06a748c20aa3216c89,9424,,,true
P05_BLUE_N_000018,P05,BLUE,N,image_000018.jpg,training/P05/BLUE/N/images/image_000018.jpg,d716ec5559ba7bd8cba69fc689fbd617ee84ee3c7084ddb3cc32348557748e82,9908,,,true
P05_BLUE_N_000019,P05,BLUE,N,image_000019.jpg,training/P05/BLUE/N/images/image_000019.jpg,d6844d00e2202d7c4c0f23688db5bf992a0b9c1520ce8ec3b0112c00ac226925,9433,,,true
P05_BLUE_N_000020,P05,BLUE,N,image_000020.jpg,training/P05/BLUE/N/images/image_000020.jpg,e815a251f7f8b743bb7e944a7701514eb922023e632fac43dc08b1d784ad1809,10178,,,true
P05_BLUE_N_000021,P05,BLUE,N,image_000021.jpg,training/P05/BLUE/N/images/image_000021.jpg,4740f0b0c886a16c1c0b010e42dc3319bb5986b5f5f01c95ec3c7be5f333db99,9269,,,true
P05_BLUE_N_000022,P05,BLUE,N,image_000022.jpg,training/P05/BLUE/N/images/image_000022.jpg,9e4589eabf3da936a75c9990b522828e1709a70bb95d190be5f3cc0cc194552e,9643,,,true
P05_BLUE_N_000023,P05,BLUE,N,image_000023.jpg,training/P05/BLUE/N/images/image_000023.jpg,f9089c08bd61bac40900c14de54c0ff3a01d9623d1cdcb99850defd91407e999,9879,,,true
P05_BLUE_N_000024,P05,BLUE,N,image_000024.jpg,training/P05/BLUE/N/images/image_000024.jpg,664379275b52e96a41e14b255bb4710910500334cb551e53d6e66cbe8397a796,9780,,,true
P05_BLUE_N_000025,P05,BLUE,N,image_000025.jpg,training/P05/BLUE/N/images/image_000025.jpg,10dc5932455dacf46d24c1000841cf9c6c1a8de2fdc43bb55a0f1e89477007db,9532,,,true
P05_BLUE_O_000001,P05,BLUE,O,image_000001.jpg,training/P05/BLUE/O/images/image_000001.jpg,965b723a95866af43d92a1c3101dafe0372e7b457334763cc7fa4b260e616bb8,10775,,,true
P05_BLUE_O_000002,P05,BLUE,O,image_000002.jpg,training/P05/BLUE/O/images/image_000002.jpg,b740eff62a65f51ab10a5d3fd20093ea5bdefcb068131aed9f412179e3ecf44b,11065,,,true
P05_BLUE_O_000003,P05,BLUE,O,image_000003.jpg,training/P05/BLUE/O/images/image_000003.jpg,119ce31de3db70f322f800b4a465a0fc29fbf2561d84994bf7118b9867ea5a3c,9722,,,true
P05_BLUE_O_000004,P05,BLUE,O,image_000004.jpg,training/P05/BLUE/O/images/image_000004.jpg,3408f6813aef9dd5ad602a3f89bac4ea68e07c438de9472f1440e55855ca902c,10190,,,true
P05_BLUE_O_000005,P05,BLUE,O,image_000005.jpg,training/P05/BLUE/O/images/image_000005.jpg,5b70b00dcfb2b6cb839b8bf30fe9283f9e93ae7eb7cc3172ce0fddde74ec38ad,9385,,,true
P05_BLUE_O_000006,P05,BLUE,O,image_000006.jpg,training/P05/BLUE/O/images/image_000006.jpg,80c4b55eeb6fdde23ce2e19a67cb2e85ebffad736bb5a563ffa7f508022ad3ce,9992,,,true
P05_BLUE_O_000007,P05,BLUE,O,image_000007.jpg,training/P05/BLUE/O/images/image_000007.jpg,e973b2e53d9ffd0d9358e2e2c2ccd425ae1c33867a3cf79a82fea0f9c1bedd28,10140,,,true
P05_BLUE_O_000008,P05,BLUE,O,image_000008.jpg,training/P05/BLUE/O/images/image_000008.jpg,d6c98383e9ac2cd61e5bba85e72d601c628e76f9b8dd50c0810c9ec4e413e5c0,10511,,,true
P05_BLUE_O_000009,P05,BLUE,O,image_000009.jpg,training/P05/BLUE/O/images/image_000009.jpg,53e961c9d68e64c50b0ca36bfd0db4fef1c17b7cf87c9c1ad06efb87a6657e3a,10471,,,true
P05_BLUE_O_000010,P05,BLUE,O,image_000010.jpg,training/P05/BLUE/O/images/image_000010.jpg,1653a20a53a92e1dcc03dc9ba13e495ce6d37806afa477bf932e7c29063e413c,9324,,,true
P05_BLUE_O_000011,P05,BLUE,O,image_000011.jpg,training/P05/BLUE/O/images/image_000011.jpg,12d059732e5e00998305c08a910c3a5fbeb22f0360bb18e3aa85beb483f98f16,9223,,,true
P05_BLUE_O_000012,P05,BLUE,O,image_000012.jpg,training/P05/BLUE/O/images/image_000012.jpg,e1065792f84ec3893e869f1fa51283fa1a6073653b4ca318666f25b3f81bdb75,10053,,,true
P05_BLUE_O_000013,P05,BLUE,O,image_000013.jpg,training/P05/BLUE/O/images/image_000013.jpg,f70f1e0f990b2195bc17648e1d225bdd93f008c9714486eca896a69f0f6beed6,10150,,,true
P05_BLUE_O_000014,P05,BLUE,O,image_000014.jpg,training/P05/BLUE/O/images/image_000014.jpg,728a07396a406f980c88eac6a303c6b5986808b3ab8e4faa2cb6fd383ab97a53,9320,,,true
P05_BLUE_O_000015,P05,BLUE,O,image_000015.jpg,training/P05/BLUE/O/images/image_000015.jpg,bad49ef20af5ccc2195d113971b2c33d3809cbdab28a9cd0c764f2713d0ae273,9815,,,true
P05_BLUE_O_000016,P05,BLUE,O,image_000016.jpg,training/P05/BLUE/O/images/image_000016.jpg,35f4ebc41b2af984398d54dcee847af3bd4cbb9cfcc030b8005e2468dcc08106,9837,,,true
P05_BLUE_O_000017,P05,BLUE,O,image_000017.jpg,training/P05/BLUE/O/images/image_000017.jpg,587aa40ac8c56682dc84c0f152a264462777ce5dfdf7f5fcd08132b672c38f04,8838,,,true
P05_BLUE_O_000018,P05,BLUE,O,image_000018.jpg,training/P05/BLUE/O/images/image_000018.jpg,856998a18277a3539104d90f02be089d32a8db9dddf26ed671240ae1780632a5,10578,,,true
P05_BLUE_O_000019,P05,BLUE,O,image_000019.jpg,training/P05/BLUE/O/images/image_000019.jpg,d3e3b785821479c0ca4d672a33dcf5b9027d1aa6b1dba4028f601f8114911ec2,9408,,,true
P05_BLUE_O_000020,P05,BLUE,O,image_000020.jpg,training/P05/BLUE/O/images/image_000020.jpg,ad929dc2506dbd73444a7a6942898e36d4ae5d6b61c5d872ab49ec6c2e3faace,9885,,,true
P05_BLUE_O_000021,P05,BLUE,O,image_000021.jpg,training/P05/BLUE/O/images/image_000021.jpg,aefcb3d27784cb52cf281ae5a8fcf97891b16564efbe340a05538a40788791f5,9667,,,true
P05_BLUE_O_000022,P05,BLUE,O,image_000022.jpg,training/P05/BLUE/O/images/image_000022.jpg,9354004da5e45fbe586cdaee9fcba16c00ac605cc0c202b1a0aa2c7e81466fdc,10110,,,true
P05_BLUE_O_000023,P05,BLUE,O,image_000023.jpg,training/P05/BLUE/O/images/image_000023.jpg,4d2478b7603797e1f33c32e903cc167a97755c9d647a4bd7dd9843e327dc7e32,10340,,,true
P05_BLUE_O_000024,P05,BLUE,O,image_000024.jpg,training/P05/BLUE/O/images/image_000024.jpg,0d552a8838cb5e9fefc5e99e8097146f160ee1e679aa9bfbb8a2afe999e6a3b4,10296,,,true
P05_BLUE_O_000025,P05,BLUE,O,image_000025.jpg,training/P05/BLUE/O/images/image_000025.jpg,bf9c8a6ae0019568615dc2e27fdf9fcda8bba3b7e994dd13bbc5b288a8d14a4d,10097,,,true
P05_BLUE_P_000001,P05,BLUE,P,image_000001.jpg,training/P05/BLUE/P/images/image_000001.jpg,452a65d191283ef0150caa2b3bdd80976b88e938de89f2b7a2c41d62cf749788,11201,,,true
P05_BLUE_P_000002,P05,BLUE,P,image_000002.jpg,training/P05/BLUE/P/images/image_000002.jpg,3a5e62658715554c77cdc83ab68e53cc560d549bb9355862bff3a0549da59395,11495,,,true
P05_BLUE_P_000003,P05,BLUE,P,image_000003.jpg,training/P05/BLUE/P/images/image_000003.jpg,3923751a32d5c1dac88a7601da3ce0d2b2dc905768bd249106f70fde23433f63,10649,,,true
P05_BLUE_P_000004,P05,BLUE,P,image_000004.jpg,training/P05/BLUE/P/images/image_000004.jpg,b6738b6e8bd1f279edaff3dcf6967fc223a8d196bb0e1a2bfb202b59bd2879f4,10680,,,true
P05_BLUE_P_000005,P05,BLUE,P,image_000005.jpg,training/P05/BLUE/P/images/image_000005.jpg,a167de61d393c4fb085bdd0a54885a542141df529ae0a7dd7adb5746cf22a47d,10883,,,true
P05_BLUE_P_000006,P05,BLUE,P,image_000006.jpg,training/P05/BLUE/P/images/image_000006.jpg,024f9430a9132f40e1d01f22df24f3e470a954eb15e730ccb2e214e983373ca8,10884,,,true
P05_BLUE_P_000007,P05,BLUE,P,image_000007.jpg,training/P05/BLUE/P/images/image_000007.jpg,61e6fb558918c7c8ce36f9768b529dd0cfd94354a63934274e61ffbd7f1a8a60,11248,,,true
P05_BLUE_P_000008,P05,BLUE,P,image_000008.jpg,training/P05/BLUE/P/images/image_000008.jpg,3a7d985aba7de58f4a88d85dd95a436724d36161f794540d9e33cb462b587751,11264,,,true
P05_BLUE_P_000009,P05,BLUE,P,image_000009.jpg,training/P05/BLUE/P/images/image_000009.jpg,f449e0b92e3585d46a3f4dacaf07262efb591129f822aa29cca37527cbb6981d,10764,,,true
P05_BLUE_P_000010,P05,BLUE,P,image_000010.jpg,training/P05/BLUE/P/images/image_000010.jpg,e8a02c34ee756155647008f00f4b0a5e0d4bf829ca17f6200a9053eb3af78edb,10845,,,true
P05_BLUE_P_000011,P05,BLUE,P,image_000011.jpg,training/P05/BLUE/P/images/image_000011.jpg,0fb2abe110130fdabd43f64568fd25afcb588fe3ab528a52186b3fcf52dd5733,11036,,,true
P05_BLUE_P_000012,P05,BLUE,P,image_000012.jpg,training/P05/BLUE/P/images/image_000012.jpg,ae69628006cb9a7ed7770f48bb8d64f92334a25b5033807d189831bb634b1f79,10769,,,true
P05_BLUE_P_000013,P05,BLUE,P,image_000013.jpg,training/P05/BLUE/P/images/image_000013.jpg,7bfd6426d6efe694e2d43bb7f480ea1ed0ff09f7fa632d9f1d9f2fd500a5dec8,10765,,,true
P05_BLUE_P_000014,P05,BLUE,P,image_000014.jpg,training/P05/BLUE/P/images/image_000014.jpg,01b22b32c638dbcd8b96a0f30f23cbc3ed469214cec511598a24b1a54ed52502,11267,,,true
P05_BLUE_P_000015,P05,BLUE,P,image_000015.jpg,training/P05/BLUE/P/images/image_000015.jpg,12e04225fad1ab42157960d8d451f294b6ee280d3295dedbb20b2952db2082fd,11551,,,true
P05_BLUE_P_000016,P05,BLUE,P,image_000016.jpg,training/P05/BLUE/P/images/image_000016.jpg,05588113d64e8d685176f73f0cedc586cbdc374c83644bb2aa025b9cc262a915,11150,,,true
P05_BLUE_P_000017,P05,BLUE,P,image_000017.jpg,training/P05/BLUE/P/images/image_000017.jpg,097a1bb4d6a8dcff6a10915712466a659b32584d9ca1c8af04ea2524b1629b70,10931,,,true
P05_BLUE_P_000018,P05,BLUE,P,image_000018.jpg,training/P05/BLUE/P/images/image_000018.jpg,949c3595e8636920884c7f9346aff3140fdd9657891569f9c1fc72e171e21ca5,11495,,,true
P05_BLUE_P_000019,P05,BLUE,P,image_000019.jpg,training/P05/BLUE/P/images/image_000019.jpg,0aa8a9e18d912117ec219ed46d735182eb2c3f96928cf0e4686dca4176488cf8,10811,,,true
P05_BLUE_P_000020,P05,BLUE,P,image_000020.jpg,training/P05/BLUE/P/images/image_000020.jpg,2762f121db5fed11a55a8e3a62d36e726fa422f8b88b87dad98ebe13e6c6d7d6,10979,,,true
P05_BLUE_P_000021,P05,BLUE,P,image_000021.jpg,training/P05/BLUE/P/images/image_000021.jpg,02e7e55c7d1511777f0d00210fceb41bfd8fb23227cfb6e9dd6b144c46a829a5,11054,,,true
P05_BLUE_P_000022,P05,BLUE,P,image_000022.jpg,training/P05/BLUE/P/images/image_000022.jpg,1a8e8d19995fe6713af8037cd1d2ea4f2a5fb80e485b39bb7140ef3808f0ced3,10777,,,true
P05_BLUE_P_000023,P05,BLUE,P,image_000023.jpg,training/P05/BLUE/P/images/image_000023.jpg,fab08be448435af1a1ddd71b43235bf65e19e6176a6a836f4ccd67ce3773e74c,11337,,,true
P05_BLUE_P_000024,P05,BLUE,P,image_000024.jpg,training/P05/BLUE/P/images/image_000024.jpg,045da067c8944585808c46094a2ed325ad460febbb44bba8042d7fb31a90c2bc,10909,,,true
P05_BLUE_P_000025,P05,BLUE,P,image_000025.jpg,training/P05/BLUE/P/images/image_000025.jpg,0945f2693ab3f18a14098f4a8170ae7adba9dd2d906c7c9973b81181ff5442ea,10797,,,true
P05_BLUE_R_000001,P05,BLUE,R,image_000001.jpg,training/P05/BLUE/R/images/image_000001.jpg,10ecbca8cbbbbd8d0a8c76b820c96f53a25b66a0103fee3a6c02627d9158116c,10360,,,true
P05_BLUE_R_000002,P05,BLUE,R,image_000002.jpg,training/P05/BLUE/R/images/image_000002.jpg,a1085e19c60e5955f6576e084eacac0f6e43896d5d8434a453721127a543f856,10416,,,true
P05_BLUE_R_000003,P05,BLUE,R,image_000003.jpg,training/P05/BLUE/R/images/image_000003.jpg,c02241486d9d61b6523e8123d9b7fa5e8615d6990cb26b793c0dcaf4a2c51e16,10767,,,true
P05_BLUE_R_000004,P05,BLUE,R,image_000004.jpg,training/P05/BLUE/R/images/image_000004.jpg,a79f6eade311d48717deb208a9f95fc9cadea8a7ab2c5d3e9bf20b98fab902ca,10223,,,true
P05_BLUE_R_000005,P05,BLUE,R,image_000005.jpg,training/P05/BLUE/R/images/image_000005.jpg,d619ad6e59f2357a593e51fae12269c9bd04f0c469d21946d9ebd649867680ee,10660,,,true
P05_BLUE_R_000006,P05,BLUE,R,image_000006.jpg,training/P05/BLUE/R/images/image_000006.jpg,38df235c0cdbc5dc52b6c1933fc3de9e0223f257caf2b2cc74d6fbb7e0108dcb,9282,,,true
P05_BLUE_R_000007,P05,BLUE,R,image_000007.jpg,training/P05/BLUE/R/images/image_000007.jpg,c0da04674216ccdcd593bc6a484bc9e93ed5dfef5e89817af6f84948b8d23b6a,11068,,,true
P05_BLUE_R_000008,P05,BLUE,R,image_000008.jpg,training/P05/BLUE/R/images/image_000008.jpg,a8e7099bf0827ca7152992db4e0d87fea2f7773b6be11e507332f0fdee45fb61,10670,,,true
P05_BLUE_R_000009,P05,BLUE,R,image_000009.jpg,training/P05/BLUE/R/images/image_000009.jpg,490e348046e33656182587242a0f9340bcdc9ca3153a456631968c514662a0e6,11021,,,true
P05_BLUE_R_000010,P05,BLUE,R,image_000010.jpg,training/P05/BLUE/R/images/image_000010.jpg,853d72790e58bb17877fcd5fe7d29dec71fa955820c90f4b240d38a2b4406051,10984,,,true
P05_BLUE_R_000011,P05,BLUE,R,image_000011.jpg,training/P05/BLUE/R/images/image_000011.jpg,3547f249662638a71651058c405be7dbbfe111a5298d522c9583eb4ca8d1d9a2,10909,,,true
P05_BLUE_R_000012,P05,BLUE,R,image_000012.jpg,training/P05/BLUE/R/images/image_000012.jpg,c178fa8b0947b3647b81fc686c5b5c4f3afae65fc589573f33be0a90fa9e1ffc,10808,,,true
P05_BLUE_R_000013,P05,BLUE,R,image_000013.jpg,training/P05/BLUE/R/images/image_000013.jpg,43dccefc51b40ee70b16d52dc7308d26baa50eeeaa66b02010186ec77448cf1b,10974,,,true
P05_BLUE_R_000014,P05,BLUE,R,image_000014.jpg,training/P05/BLUE/R/images/image_000014.jpg,9abfb1f3cd08c9371ad9a431fb3aecce1ca656a50f0d4b2dc4beef8ae67274a7,10610,,,true
P05_BLUE_R_000015,P05,BLUE,R,image_000015.jpg,training/P05/BLUE/R/images/image_000015.jpg,e4e654624a4540a0dd6aa68e0cdf25c0f5a6687a93764b5f33d63a21784e401f,10620,,,true
P05_BLUE_R_000016,P05,BLUE,R,image_000016.jpg,training/P05/BLUE/R/images/image_000016.jpg,fd35ee1f4966fb0406f1dffaa40b07289d571447893006006922fb600869e57e,11122,,,true
P05_BLUE_R_000017,P05,BLUE,R,image_000017.jpg,training/P05/BLUE/R/images/image_000017.jpg,040a661a5adc612bc89e83184803b2fdac356616b3a8f8dadbddd41f7ffc7166,10582,,,true
P05_BLUE_R_000018,P05,BLUE,R,image_000018.jpg,training/P05/BLUE/R/images/image_000018.jpg,c6180ec91f46068e633864e8a79ab7e472f4a43ab5cda472157f4d6195a9d9d8,10715,,,true
P05_BLUE_R_000019,P05,BLUE,R,image_000019.jpg,training/P05/BLUE/R/images/image_000019.jpg,e1199d0f1b16b0d40d909b5c2b78d50e0907f88690d6084127c55a82b5ca32e8,10535,,,true
P05_BLUE_R_000020,P05,BLUE,R,image_000020.jpg,training/P05/BLUE/R/images/image_000020.jpg,5cfc7bedecfdd62ba66f8b2dad52f271fe54f6cadd141ecfbaecdd5cc83b088f,10554,,,true
P05_BLUE_R_000021,P05,BLUE,R,image_000021.jpg,training/P05/BLUE/R/images/image_000021.jpg,72ab6b538581d99de0a657c58253ead93e4a40261701a5e7df49168c9bd709b1,11184,,,true
P05_BLUE_R_000022,P05,BLUE,R,image_000022.jpg,training/P05/BLUE/R/images/image_000022.jpg,9a9e717c1e84d33f5603fcfc5e20b2c2ab32b07bddfe897eff1e7d525552b772,11056,,,true
P05_BLUE_R_000023,P05,BLUE,R,image_000023.jpg,training/P05/BLUE/R/images/image_000023.jpg,6b80a5bf8984c9f181bc4df1210f67539fdeb4e1ec36baf5b46f90611694babd,11271,,,true
P05_BLUE_R_000024,P05,BLUE,R,image_000024.jpg,training/P05/BLUE/R/images/image_000024.jpg,098cf225d0ea681fca92eae2622908c0385a4885699f6a808e966410b6c18709,10863,,,true
P05_BLUE_R_000025,P05,BLUE,R,image_000025.jpg,training/P05/BLUE/R/images/image_000025.jpg,ea9810eff6c559c4984ad730951985835892eaefe3b0b2a368222e3037099ef6,10587,,,true
P05_BLUE_S_000001,P05,BLUE,S,image_000001.jpg,training/P05/BLUE/S/images/image_000001.jpg,93921267d73607d86a0ae066ce159bd5eb642d6f89ef0e395b22c49e492bb445,10373,,,true
P05_BLUE_S_000002,P05,BLUE,S,image_000002.jpg,training/P05/BLUE/S/images/image_000002.jpg,da9a0f02b3d0b8e85ec9aaa720e18b6fe516454878004debe5e4d38d6f8f49fd,10304,,,true
P05_BLUE_S_000003,P05,BLUE,S,image_000003.jpg,training/P05/BLUE/S/images/image_000003.jpg,a89ef32da5273eda689fb71cb3c908c3a73d9db21445eb6c5b15f51ffefd6e26,10149,,,true
P05_BLUE_S_000004,P05,BLUE,S,image_000004.jpg,training/P05/BLUE/S/images/image_000004.jpg,02ae730393d1c74c5022b7ec12b59f64b968c8c9e47a9db943709358dd484993,10436,,,true
P05_BLUE_S_000005,P05,BLUE,S,image_000005.jpg,training/P05/BLUE/S/images/image_000005.jpg,e98829f80deae9e88cf5659d2559142e08f3d9eb5402a3ade387868003aebe3a,10508,,,true
P05_BLUE_S_000006,P05,BLUE,S,image_000006.jpg,training/P05/BLUE/S/images/image_000006.jpg,3f3a66290d7796d5954a2964bfd925ee83be193ae5b9af2962290d97e45dfc57,10547,,,true
P05_BLUE_S_000007,P05,BLUE,S,image_000007.jpg,training/P05/BLUE/S/images/image_000007.jpg,30804f9d4e6883f07333d79b56902bb1b047adc15aad72a97146f41be9ca502b,9797,,,true
P05_BLUE_S_000008,P05,BLUE,S,image_000008.jpg,training/P05/BLUE/S/images/image_000008.jpg,55e41761c34a998879e4a2eb37ae56830d5bb4592f07357e041c6d9f4302f900,10062,,,true
P05_BLUE_S_000009,P05,BLUE,S,image_000009.jpg,training/P05/BLUE/S/images/image_000009.jpg,536e0204f71153384a4a558fe763a4e627a23fd875aa306c5b0c38afec027d4d,10428,,,true
P05_BLUE_S_000010,P05,BLUE,S,image_000010.jpg,training/P05/BLUE/S/images/image_000010.jpg,910ddf241a72ee29b8f85fbed79ed84b4b11b348b77fc3ec5ff4483d68dcc6fd,10329,,,true
P05_BLUE_S_000011,P05,BLUE,S,image_000011.jpg,training/P05/BLUE/S/images/image_000011.jpg,c608a4cc3d98b928b1700a943c890cc63938b46d82f72b8c360dfe360ecd68cd,10472,,,true
P05_BLUE_S_000012,P05,BLUE,S,image_000012.jpg,training/P05/BLUE/S/images/image_000012.jpg,2ac78dad97e7b5446d39398fbd8bd0a29895d4abf9cae93ef8a75187b835f512,10350,,,true
P05_BLUE_S_000013,P05,BLUE,S,image_000013.jpg,training/P05/BLUE/S/images/image_000013.jpg,59a71b0b2ff34b418b7b70310cd161a07c5908ffa4fadaeee6b13b2f1de0c9be,10821,,,true
P05_BLUE_S_000014,P05,BLUE,S,image_000014.jpg,training/P05/BLUE/S/images/image_000014.jpg,b1c23f84397dfa73046f526e3f58c975ef11c34a3addad6acacc68c0ae21e74b,9796,,,true
P05_BLUE_S_000015,P05,BLUE,S,image_000015.jpg,training/P05/BLUE/S/images/image_000015.jpg,980e9f36c9fbda4d08c7301097cc5ed44f39ba813eba534a4454100aa34985c0,9183,,,true
P05_BLUE_S_000016,P05,BLUE,S,image_000016.jpg,training/P05/BLUE/S/images/image_000016.jpg,dd60b0f2b2728a32eec31263967dd3df146ea96a15bc23ee85a3ab6b84147a82,9702,,,true
P05_BLUE_S_000017,P05,BLUE,S,image_000017.jpg,training/P05/BLUE/S/images/image_000017.jpg,545eacae63a50da9ed41348ced3e038a915b8ed2d890473f72c4f53b763f08a6,10080,,,true
P05_BLUE_S_000018,P05,BLUE,S,image_000018.jpg,training/P05/BLUE/S/images/image_000018.jpg,3dcf6eca6f0b907577167a40cbb56f900ef0bd46b4088e6b1245e142fdf602df,9954,,,true
P05_BLUE_S_000019,P05,BLUE,S,image_000019.jpg,training/P05/BLUE/S/images/image_000019.jpg,e036d61f81e484a8bf93d02aa10bad8cac1ffd6c606e5ff50bb45560f4e38863,10409,,,true
P05_BLUE_S_000020,P05,BLUE,S,image_000020.jpg,training/P05/BLUE/S/images/image_000020.jpg,1a5c038a7c197b47793eea5ede2cef34833239ff2af2aec1d0c2a0deb6d744bc,10081,,,true
P05_BLUE_S_000021,P05,BLUE,S,image_000021.jpg,training/P05/BLUE/S/images/image_000021.jpg,0d033a43a8cd2b3ac82f5cb37726e7bdc63750cb0b4af8fad323190aea0035c3,10523,,,true
P05_BLUE_S_000022,P05,BLUE,S,image_000022.jpg,training/P05/BLUE/S/images/image_000022.jpg,d31d9ee89bcf0af40609fa262188ac6ada3ec51c28710a5472684588ad7c3c56,10498,,,true
P05_BLUE_S_000023,P05,BLUE,S,image_000023.jpg,training/P05/BLUE/S/images/image_000023.jpg,55926f614d7b55813cdcc3145dd71bfdeee2058b6353adb2aa954ae7564fce5f,10919,,,true
P05_BLUE_S_000024,P05,BLUE,S,image_000024.jpg,training/P05/BLUE/S/images/image_000024.jpg,0e9377bbda4b3a24e505ae9a6299a9282ca29ad9f343cf22afd1451af483b37f,10926,,,true
P05_BLUE_S_000025,P05,BLUE,S,image_000025.jpg,training/P05/BLUE/S/images/image_000025.jpg,6556e66be6f6d4ecb209a58b053bc18f1622041b56e1267b249a391417188e93,11611,,,true
P05_BLUE_T_000001,P05,BLUE,T,image_000001.jpg,training/P05/BLUE/T/images/image_000001.jpg,fd4d288f56c1bcf24e799ee19ea1871662a8209e49bec83f8ee22a119c3239cf,10193,,,true
P05_BLUE_T_000002,P05,BLUE,T,image_000002.jpg,training/P05/BLUE/T/images/image_000002.jpg,4356a6709b56ab58f876388555e9ce132e654968bc4b2fd6bed7514ce9973af6,10334,,,true
P05_BLUE_T_000003,P05,BLUE,T,image_000003.jpg,training/P05/BLUE/T/images/image_000003.jpg,bf786a7634418fd67737297e70a2f78aeb554fe4f453f7d0c9d4c03bd67ecaa5,10482,,,true
P05_BLUE_T_000004,P05,BLUE,T,image_000004.jpg,training/P05/BLUE/T/images/image_000004.jpg,c0810e2930d2cea66a83d1329db2c7f9d11da4fc642cd8251af4989d26cabce1,10593,,,true
P05_BLUE_T_000005,P05,BLUE,T,image_000005.jpg,training/P05/BLUE/T/images/image_000005.jpg,69fca26fd3397ee620e301f3d69df904982107e91a8eb5cddb0d58267bd83cbc,9747,,,true
P05_BLUE_T_000006,P05,BLUE,T,image_000006.jpg,training/P05/BLUE/T/images/image_000006.jpg,2e100a7574ac1b4b00a79a7a20d731c12894187195542859caad2d3a3a266a59,9969,,,true
P05_BLUE_T_000007,P05,BLUE,T,image_000007.jpg,training/P05/BLUE/T/images/image_000007.jpg,93395b206791c71a4788d1d05cb414ca57dd1e8e2b9c881c70848334cc93ac88,10098,,,true
P05_BLUE_T_000008,P05,BLUE,T,image_000008.jpg,training/P05/BLUE/T/images/image_000008.jpg,a75283e8459b01f966ce574edb6d4ad6a6164822505753f232f42fc779df16cd,9759,,,true
P05_BLUE_T_000009,P05,BLUE,T,image_000009.jpg,training/P05/BLUE/T/images/image_000009.jpg,0611b2100b2bc56489dbb23205d29d42bf4998d4a923ce4a433ebe8d75eceeb5,9748,,,true
P05_BLUE_T_000010,P05,BLUE,T,image_000010.jpg,training/P05/BLUE/T/images/image_000010.jpg,d553f89a4f09f5b7ade79cd15122bbe388ffe938366c297ced833c35c7407b95,10164,,,true
P05_BLUE_T_000011,P05,BLUE,T,image_000011.jpg,training/P05/BLUE/T/images/image_000011.jpg,ab264988bc453da05ef788643d386009dc1fd9fabcd8f02f0960005a9ea06f26,10216,,,true
P05_BLUE_T_000012,P05,BLUE,T,image_000012.jpg,training/P05/BLUE/T/images/image_000012.jpg,8d669be61ac770dc7b054b5f8cef19b4e34c870c6812c2d247b74c6c84738ef1,10089,,,true
P05_BLUE_T_000013,P05,BLUE,T,image_000013.jpg,training/P05/BLUE/T/images/image_000013.jpg,25cc60c18f3b522674f7fb98959ec0dca19041bc6312c1187ab5644bc5037863,10019,,,true
P05_BLUE_T_000014,P05,BLUE,T,image_000014.jpg,training/P05/BLUE/T/images/image_000014.jpg,c9377824e1ae192323651ac854a91e700f2bee77a19a485cd61ede480b0b2c17,9602,,,true
P05_BLUE_T_000015,P05,BLUE,T,image_000015.jpg,training/P05/BLUE/T/images/image_000015.jpg,eeae044cf2cfcae98c574f7d02682faadc66cee4a09176d8037624924d0661c1,10230,,,true
P05_BLUE_T_000016,P05,BLUE,T,image_000016.jpg,training/P05/BLUE/T/images/image_000016.jpg,be309dc39e39ed9273c534358da2cd30de85d8918061259985d5a3cf5294d60f,9916,,,true
P05_BLUE_T_000017,P05,BLUE,T,image_000017.jpg,training/P05/BLUE/T/images/image_000017.jpg,e43c5119338e00661251e2278e8d822d672bc10573b901370baaa7b14d8bc60f,10205,,,true
P05_BLUE_T_000018,P05,BLUE,T,image_000018.jpg,training/P05/BLUE/T/images/image_000018.jpg,81e7b0744e1014a39e1901793c151946d6db21c0e5def25aebcdf729c79a668f,10646,,,true
P05_BLUE_T_000019,P05,BLUE,T,image_000019.jpg,training/P05/BLUE/T/images/image_000019.jpg,c889066b434d07568cfa5a426d499324828694e6907bc9af41040c389384c30e,9374,,,true
P05_BLUE_T_000020,P05,BLUE,T,image_000020.jpg,training/P05/BLUE/T/images/image_000020.jpg,be7c3adab7d8ae280756add9ebe04b3ef138c633f23d4194630fa7d65edbb9ea,10051,,,true
P05_BLUE_T_000021,P05,BLUE,T,image_000021.jpg,training/P05/BLUE/T/images/image_000021.jpg,168d50e7e0782dc1fa35038221c4664002298cd282fdd96f07999a32fbf1d383,10458,,,true
P05_BLUE_T_000022,P05,BLUE,T,image_000022.jpg,training/P05/BLUE/T/images/image_000022.jpg,a323a1a2018c9d13a6850f9b18496252624806312259181e914263861f9e14ee,10514,,,true
P05_BLUE_T_000023,P05,BLUE,T,image_000023.jpg,training/P05/BLUE/T/images/image_000023.jpg,2eeb31ac9fa803a6f79912d8d9c303430c3e91e91cef1cbe42ca0896dbc79c8f,10566,,,true
P05_BLUE_T_000024,P05,BLUE,T,image_000024.jpg,training/P05/BLUE/T/images/image_000024.jpg,a25367fd8f48b28d08e1d3cee4dba73585a4ca753a9f38ce9533c5269dea6f88,10300,,,true
P05_BLUE_T_000025,P05,BLUE,T,image_000025.jpg,training/P05/BLUE/T/images/image_000025.jpg,cf140730553bbd44a8cdaec2df7a96a2b602ab102c7cd7bde06a0b570893e358,10616,,,true
P05_BLUE_U_000001,P05,BLUE,U,image_000001.jpg,training/P05/BLUE/U/images/image_000001.jpg,07f77223776a3357e037249157f1eefa49f2aba3d5628429418f9ab9b645ed15,8950,,,true
P05_BLUE_U_000002,P05,BLUE,U,image_000002.jpg,training/P05/BLUE/U/images/image_000002.jpg,1c8d0f0930ef8577646669a48cd04be4fb57824551e08261eebe642743f4159e,11218,,,true
P05_BLUE_U_000003,P05,BLUE,U,image_000003.jpg,training/P05/BLUE/U/images/image_000003.jpg,5b11d4b3f59a418651697baea377ec46c667fc7029007981d7678a74a6672006,10674,,,true
P05_BLUE_U_000004,P05,BLUE,U,image_000004.jpg,training/P05/BLUE/U/images/image_000004.jpg,da45507149d13a1294386fe26cdbcf138f0f883aab0b1181b70a748f59f7e63b,10938,,,true
P05_BLUE_U_000005,P05,BLUE,U,image_000005.jpg,training/P05/BLUE/U/images/image_000005.jpg,5dca8c8864560b462a9aee7e70c7b232555524c0d142521b31d1e78fb211ebc2,10830,,,true
P05_BLUE_U_000006,P05,BLUE,U,image_000006.jpg,training/P05/BLUE/U/images/image_000006.jpg,9c15acc9deb18d2b9b3ede00c632d4dc109cdeb0c981008ba3cde824c4e8bcee,10575,,,true
P05_BLUE_U_000007,P05,BLUE,U,image_000007.jpg,training/P05/BLUE/U/images/image_000007.jpg,bb04f4c0a1550d7154fda2587814af791a45fa0271618f71f91ad6563634e5d0,10267,,,true
P05_BLUE_U_000008,P05,BLUE,U,image_000008.jpg,training/P05/BLUE/U/images/image_000008.jpg,40c9004b42b0d0eec18a788c18db33899908dadbeb6307a3e024d652d202be01,11274,,,true
P05_BLUE_U_000009,P05,BLUE,U,image_000009.jpg,training/P05/BLUE/U/images/image_000009.jpg,fd44078346e8ce4676a9ca12f9ae9e1bc4500e316f55a10759f4d368e7ac763a,11047,,,true
P05_BLUE_U_000010,P05,BLUE,U,image_000010.jpg,training/P05/BLUE/U/images/image_000010.jpg,4f41534acb58223d6774f548c853464f4f10c18f5bdf63eb7ad21b3ad8e1154e,10696,,,true
P05_BLUE_U_000011,P05,BLUE,U,image_000011.jpg,training/P05/BLUE/U/images/image_000011.jpg,eff2e97ca1e810b1daed14da78942b5eaee3b704569ecb5dece9e66d3200bf65,9819,,,true
P05_BLUE_U_000012,P05,BLUE,U,image_000012.jpg,training/P05/BLUE/U/images/image_000012.jpg,ecbdc67ac16a12a072fad7032509206910bb72452840f9ee6d329ad28af1fa8a,9624,,,true
P05_BLUE_U_000013,P05,BLUE,U,image_000013.jpg,training/P05/BLUE/U/images/image_000013.jpg,730c524766cc04d46943244f97cfc57b39818e1f45012f7f5c10eda781561d6d,9672,,,true
P05_BLUE_U_000014,P05,BLUE,U,image_000014.jpg,training/P05/BLUE/U/images/image_000014.jpg,2e982bc7f5a76b79e6cd1365dcc6db4d47b25af8618fdabee627aefa5749c555,9702,,,true
P05_BLUE_U_000015,P05,BLUE,U,image_000015.jpg,training/P05/BLUE/U/images/image_000015.jpg,e0c4f8823d5aa0fca1b51d9a8258d10758628d0079a9a8d25f7e7ad3a3727a07,9388,,,true
P05_BLUE_U_000016,P05,BLUE,U,image_000016.jpg,training/P05/BLUE/U/images/image_000016.jpg,2e4456867cfe7ba4ce5b201a9ee4254a92dda89305ef0effd036a7c353f7c417,10733,,,true
P05_BLUE_U_000017,P05,BLUE,U,image_000017.jpg,training/P05/BLUE/U/images/image_000017.jpg,355ba4f2834b0878a352ae8de9242fa93b63e575e81f3e8817da665568ef602a,10370,,,true
P05_BLUE_U_000018,P05,BLUE,U,image_000018.jpg,training/P05/BLUE/U/images/image_000018.jpg,2c7efcd7cba88d56fc68b3fa4e3096b6d7d452171d9fb4022d79d22623708339,10013,,,true
P05_BLUE_U_000019,P05,BLUE,U,image_000019.jpg,training/P05/BLUE/U/images/image_000019.jpg,0cffb022d417bd4a0eab837914b96da6c21fcc567198c088d7c7878b5c2d39cb,10010,,,true
P05_BLUE_U_000020,P05,BLUE,U,image_000020.jpg,training/P05/BLUE/U/images/image_000020.jpg,6b02ab45a9c321fbf29ea2cc97db65badf25d89006f335556e415a677c5029ff,9120,,,true
P05_BLUE_U_000021,P05,BLUE,U,image_000021.jpg,training/P05/BLUE/U/images/image_000021.jpg,ef26a547a197ff66739fb6b37a25e8d41ad0a5b0505f692602a6412198857314,9723,,,true
P05_BLUE_U_000022,P05,BLUE,U,image_000022.jpg,training/P05/BLUE/U/images/image_000022.jpg,a0b0ca558915d4f1c3e33ac8971a75101019efd8b288ffc7e2dbb4c2d3c14552,10353,,,true
P05_BLUE_U_000023,P05,BLUE,U,image_000023.jpg,training/P05/BLUE/U/images/image_000023.jpg,9b91391b993b68613741c910e16d9c3ed85ad3d750a36dec3c0340c345ef0341,10652,,,true
P05_BLUE_U_000024,P05,BLUE,U,image_000024.jpg,training/P05/BLUE/U/images/image_000024.jpg,88c59a97303c142c63401db61d286ba105bb867582e5d206fad809750481ede8,9084,,,true
P05_BLUE_U_000025,P05,BLUE,U,image_000025.jpg,training/P05/BLUE/U/images/image_000025.jpg,91cfec57598cf9adf163f8318cac5306d0a59b602023b4838d386138df79d4a7,9339,,,true
P05_BLUE_V_000001,P05,BLUE,V,image_000001.jpg,training/P05/BLUE/V/images/image_000001.jpg,4574e8e06b602f625c39521be1d3269fbe12bd660dfa25ed5cd7d9ce904b2d0b,10093,,,true
P05_BLUE_V_000002,P05,BLUE,V,image_000002.jpg,training/P05/BLUE/V/images/image_000002.jpg,dc7660be561aee5299e7aa86b97130617ccc5917b41052d6ffd4e070899165ef,10405,,,true
P05_BLUE_V_000003,P05,BLUE,V,image_000003.jpg,training/P05/BLUE/V/images/image_000003.jpg,64cfa34f5e96bae06be3079fcf6aa4fcd3da2f325a3c23eb4a85140cb86b0e35,9539,,,true
P05_BLUE_V_000004,P05,BLUE,V,image_000004.jpg,training/P05/BLUE/V/images/image_000004.jpg,d78a1ede500f54acfec5d4aecb7246b45919e9a40009d6a4af365729c4150423,9709,,,true
P05_BLUE_V_000005,P05,BLUE,V,image_000005.jpg,training/P05/BLUE/V/images/image_000005.jpg,42af498abdece38b543685abaf162df77c3b5e0bf71450a6deff129205ec5090,9544,,,true
P05_BLUE_V_000006,P05,BLUE,V,image_000006.jpg,training/P05/BLUE/V/images/image_000006.jpg,7ee2904d0a04ea2b089394ea588d71036caa4ed3b8f278c44d735717af7cd1ab,9582,,,true
P05_BLUE_V_000007,P05,BLUE,V,image_000007.jpg,training/P05/BLUE/V/images/image_000007.jpg,f18e32fa62735c95f831fff33a7253f6561455bebeafc4eb86669465ab4d1660,9700,,,true
P05_BLUE_V_000008,P05,BLUE,V,image_000008.jpg,training/P05/BLUE/V/images/image_000008.jpg,a70d19ee799c3c92b9e9944df1313918b42e25855905c99e893b43f07eab17f1,10145,,,true
P05_BLUE_V_000009,P05,BLUE,V,image_000009.jpg,training/P05/BLUE/V/images/image_000009.jpg,776bdee939250db3dfba47ebd68d8ab14fa127517dea4e489ec5ae4149649ac3,9236,,,true
P05_BLUE_V_000010,P05,BLUE,V,image_000010.jpg,training/P05/BLUE/V/images/image_000010.jpg,8d68a6a9558f0f95ab420d78b15c076ed26698b13bc1f5567f034ff0798353ba,9863,,,true
P05_BLUE_V_000011,P05,BLUE,V,image_000011.jpg,training/P05/BLUE/V/images/image_000011.jpg,76dd11f0e134cd83407b870181929061314deed4b66cd98a2d86754e29dad1bd,9950,,,true
P05_BLUE_V_000012,P05,BLUE,V,image_000012.jpg,training/P05/BLUE/V/images/image_000012.jpg,7e0e37f3b436caa8f58750cdf6271af7d4a803f4011a4d9d1f6ce21a7737b993,9316,,,true
P05_BLUE_V_000013,P05,BLUE,V,image_000013.jpg,training/P05/BLUE/V/images/image_000013.jpg,64b15d7a812bbf50a62b6983d7ae7e9ac727b481643046888501cce42a84f2eb,9795,,,true
P05_BLUE_V_000014,P05,BLUE,V,image_000014.jpg,training/P05/BLUE/V/images/image_000014.jpg,5b32a369882dad191a57203b0558008a02a2a3a69a6a46a0ef35d651b62cad3c,9542,,,true
P05_BLUE_V_000015,P05,BLUE,V,image_000015.jpg,training/P05/BLUE/V/images/image_000015.jpg,faa251b49eb58b0de2efa00dee23224401a0a5db29418f4c6c780697446116e4,9972,,,true
P05_BLUE_V_000016,P05,BLUE,V,image_000016.jpg,training/P05/BLUE/V/images/image_000016.jpg,c1ecc5a603a8173d8b56ff217fcd3ae0d0d80780d8fceacefd1b1a90a0493cb8,10345,,,true
P05_BLUE_V_000017,P05,BLUE,V,image_000017.jpg,training/P05/BLUE/V/images/image_000017.jpg,15ae71ed7630dec10c72199767e9adb2b3522612e3762f2a915497ec52260109,10192,,,true
P05_BLUE_V_000018,P05,BLUE,V,image_000018.jpg,training/P05/BLUE/V/images/image_000018.jpg,d082df801cc1bc1e7debf6f3aa599473ef33af2aee235fd2b2eb700c1ff821eb,10092,,,true
P05_BLUE_V_000019,P05,BLUE,V,image_000019.jpg,training/P05/BLUE/V/images/image_000019.jpg,86d51643b675956715910387572d9fb121429c90371793ca6602d8037c8a0310,9346,,,true
P05_BLUE_V_000020,P05,BLUE,V,image_000020.jpg,training/P05/BLUE/V/images/image_000020.jpg,1ced47586496429c3ff61372d590c45a8721d99b07724dde2cf129ac558fa511,9964,,,true
P05_BLUE_V_000021,P05,BLUE,V,image_000021.jpg,training/P05/BLUE/V/images/image_000021.jpg,6aca744866162f7d350336d4d61d4a63587637629a6752405da32e8aa08f8a15,10085,,,true
P05_BLUE_V_000022,P05,BLUE,V,image_000022.jpg,training/P05/BLUE/V/images/image_000022.jpg,f9e3d8c85f8ba8ae6da178926e49457c08e616cb3a90fbeb4a2bf73cd397d8ee,9378,,,true
P05_BLUE_V_000023,P05,BLUE,V,image_000023.jpg,training/P05/BLUE/V/images/image_000023.jpg,c8cb4d0b44c8029a807bc9ee79116bee25f07ac102d7d1b78c4b82413bb067fa,10166,,,true
P05_BLUE_V_000024,P05,BLUE,V,image_000024.jpg,training/P05/BLUE/V/images/image_000024.jpg,109d2448f3d33f8719b452b78ca31db24ef3129f5316602db3657b1ed2a9d5f6,10087,,,true
P05_BLUE_V_000025,P05,BLUE,V,image_000025.jpg,training/P05/BLUE/V/images/image_000025.jpg,94626c7962b51a07b3c6b9ad690668774fa5c2bfb35fcd0bbfce91ed8622818d,9408,,,true
P05_BLUE_W_000001,P05,BLUE,W,image_000001.jpg,training/P05/BLUE/W/images/image_000001.jpg,a8179a85c38032fd17b0d172836bcb1f85cf3a02a6ef9b9f887b011a4fd0ac4e,11404,,,true
P05_BLUE_W_000002,P05,BLUE,W,image_000002.jpg,training/P05/BLUE/W/images/image_000002.jpg,09f08818a51943f2691cd503cfe23acc7714b471f37d699be0e7424ad1212154,10692,,,true
P05_BLUE_W_000003,P05,BLUE,W,image_000003.jpg,training/P05/BLUE/W/images/image_000003.jpg,0050123c50640116a29b9b9f1c30e62097c692499e61174a8004988448285952,10719,,,true
P05_BLUE_W_000004,P05,BLUE,W,image_000004.jpg,training/P05/BLUE/W/images/image_000004.jpg,92fe7f830c30c7ec412f787b9b3e2266b97b28340e09373dc9017fdbfb87b670,10672,,,true
P05_BLUE_W_000005,P05,BLUE,W,image_000005.jpg,training/P05/BLUE/W/images/image_000005.jpg,49ec6b9399dddd7044a8e25343631550fab9e5421bf045c11a5f3098652e5f7c,10919,,,true
P05_BLUE_W_000006,P05,BLUE,W,image_000006.jpg,training/P05/BLUE/W/images/image_000006.jpg,32b9e4c70d14aff291753d09bbb0dd301dc089ff42d25c716f9e62b749ebccb2,10431,,,true
P05_BLUE_W_000007,P05,BLUE,W,image_000007.jpg,training/P05/BLUE/W/images/image_000007.jpg,86253907c2657d82203175d47b4fca620e708f2004fab59a3361591ce4207d53,11126,,,true
P05_BLUE_W_000008,P05,BLUE,W,image_000008.jpg,training/P05/BLUE/W/images/image_000008.jpg,8ddaa971c150db8097dbe925bfaef06e2c85e3e526806f1c499eebb6bc94bf0e,10275,,,true
P05_BLUE_W_000009,P05,BLUE,W,image_000009.jpg,training/P05/BLUE/W/images/image_000009.jpg,b968c4587070bef002cdee87d03e1148c9d32f0d879e11e1b6f3ae0a142cec9b,10198,,,true
P05_BLUE_W_000010,P05,BLUE,W,image_000010.jpg,training/P05/BLUE/W/images/image_000010.jpg,c77be34fd052aa9d8d9ca3c0b055927969e70b275d8f58263a59503df3fa181c,10524,,,true
P05_BLUE_W_000011,P05,BLUE,W,image_000011.jpg,training/P05/BLUE/W/images/image_000011.jpg,22c7c434831bff635c081cc0ed280cd4d27db50580eff7741e8ac2260341aa43,10399,,,true
P05_BLUE_W_000012,P05,BLUE,W,image_000012.jpg,training/P05/BLUE/W/images/image_000012.jpg,1d54f3cd4b3e142b78205584a148e99978a0ff2c40549bd7e01df19979dcff13,11082,,,true
P05_BLUE_W_000013,P05,BLUE,W,image_000013.jpg,training/P05/BLUE/W/images/image_000013.jpg,846e67e2ed7ece21ad9ac3e002d4ae3c99af7b8a6a85fe5235b75ce1ab2aaece,11157,,,true
P05_BLUE_W_000014,P05,BLUE,W,image_000014.jpg,training/P05/BLUE/W/images/image_000014.jpg,1370fdbae73b5bacdccc8473785247c8e9c9a19796abd186ee4464dc0c53e2be,10676,,,true
P05_BLUE_W_000015,P05,BLUE,W,image_000015.jpg,training/P05/BLUE/W/images/image_000015.jpg,c62d3f60375d59db910f53209caa75d3084ee2df46e681795a4f9bea05d021b8,9204,,,true
P05_BLUE_W_000016,P05,BLUE,W,image_000016.jpg,training/P05/BLUE/W/images/image_000016.jpg,5eec4c0989122b1df254985a74b0dfedc994a2ec301fd82c74a3a73df0653566,9356,,,true
P05_BLUE_W_000017,P05,BLUE,W,image_000017.jpg,training/P05/BLUE/W/images/image_000017.jpg,6007b25c1d3e19a24becf6bf462c2b86b9154d7841fa31bc84ffc20a843960a8,10301,,,true
P05_BLUE_W_000018,P05,BLUE,W,image_000018.jpg,training/P05/BLUE/W/images/image_000018.jpg,c47cc975673356136fcd2357558e8fc1131d779b1c93c3e2e01d3b278ccbeea0,10766,,,true
P05_BLUE_W_000019,P05,BLUE,W,image_000019.jpg,training/P05/BLUE/W/images/image_000019.jpg,ae8a7ec1d5a498436178906c7740640108595da125ada60c503e8950aba656d0,10558,,,true
P05_BLUE_W_000020,P05,BLUE,W,image_000020.jpg,training/P05/BLUE/W/images/image_000020.jpg,1dcf27a6feaf9a8284e7a2825bccd4320bf3edcd6bc9ac7bfea5a4eb022547bd,11009,,,true
P05_BLUE_W_000021,P05,BLUE,W,image_000021.jpg,training/P05/BLUE/W/images/image_000021.jpg,837e9d76c0243e0f5b91a95a6de0bce594520e499981aeb6b63a0a60fba8e277,10219,,,true
P05_BLUE_W_000022,P05,BLUE,W,image_000022.jpg,training/P05/BLUE/W/images/image_000022.jpg,7580e773fed1ab78800b403b114154159e38c1e048f06bc24d1ee3ebf3f1d55e,11023,,,true
P05_BLUE_W_000023,P05,BLUE,W,image_000023.jpg,training/P05/BLUE/W/images/image_000023.jpg,1a89d0925e8874b2bbabf0f5a726b8b6b15e342e070783a07078fd6ddeeae86a,10635,,,true
P05_BLUE_W_000024,P05,BLUE,W,image_000024.jpg,training/P05/BLUE/W/images/image_000024.jpg,5bdd85387205a5ed4eef2456c3c32aadc48a94ae58e91de58d942f0cb947b4d4,10646,,,true
P05_BLUE_W_000025,P05,BLUE,W,image_000025.jpg,training/P05/BLUE/W/images/image_000025.jpg,683b85a18b03aa0f38175af9abde91f58e9365b57edbb65f7d3b19794d21fc09,10658,,,true
P05_BLUE_Y_000001,P05,BLUE,Y,image_000001.jpg,training/P05/BLUE/Y/images/image_000001.jpg,0aa6d1e1309ffeb196e3dd1ec480ea5186d1e9f13e3168e698b90c91ed985060,10260,,,true
P05_BLUE_Y_000002,P05,BLUE,Y,image_000002.jpg,training/P05/BLUE/Y/images/image_000002.jpg,05a1a5a75475e4de7f6bd830255d875408e0ddfb6dd0e554033ccc7eab374060,10060,,,true
P05_BLUE_Y_000003,P05,BLUE,Y,image_000003.jpg,training/P05/BLUE/Y/images/image_000003.jpg,f338a86b173bfa3fbad8a82a87ec393493878e6fd8bf37984071d67725ae3581,9066,,,true
P05_BLUE_Y_000004,P05,BLUE,Y,image_000004.jpg,training/P05/BLUE/Y/images/image_000004.jpg,2f087244ad335d945f406f7200bfe13a8343f98d96419c57307078c68ceefce8,8868,,,true
P05_BLUE_Y_000005,P05,BLUE,Y,image_000005.jpg,training/P05/BLUE/Y/images/image_000005.jpg,67df694af3ce1d1aaa9a22e9f9183b54320740d44769ac05df6cb814b6f8be6c,9095,,,true
P05_BLUE_Y_000006,P05,BLUE,Y,image_000006.jpg,training/P05/BLUE/Y/images/image_000006.jpg,70860039626d363a45ec1495db4e3ab909c21d84f892a4bcca23706ae2e25e10,9347,,,true
P05_BLUE_Y_000007,P05,BLUE,Y,image_000007.jpg,training/P05/BLUE/Y/images/image_000007.jpg,e4f737f29611397869687f6cd06bcd3835118b6f1a0656cb95a5592695013a8e,9469,,,true
P05_BLUE_Y_000008,P05,BLUE,Y,image_000008.jpg,training/P05/BLUE/Y/images/image_000008.jpg,e414eb0a13a08c466b0109587b9e9fcc83471891ee769fb02d4db4a8bfbb4a77,9996,,,true
P05_BLUE_Y_000009,P05,BLUE,Y,image_000009.jpg,training/P05/BLUE/Y/images/image_000009.jpg,a4cc16f6d9d1c6b43aa44471092e7728f20a0a717a8750728941e6cfc92a0d19,9059,,,true
P05_BLUE_Y_000010,P05,BLUE,Y,image_000010.jpg,training/P05/BLUE/Y/images/image_000010.jpg,500abe1f8ce0daf8d2a11000736d7b999f0f13456d1bc1b1245b0d5b1ad3a888,9829,,,true
P05_BLUE_Y_000011,P05,BLUE,Y,image_000011.jpg,training/P05/BLUE/Y/images/image_000011.jpg,2ec469e97ddc658b874a0a0f231234549ce408dad7a32ad86ee4a2ab704ffa0e,9546,,,true
P05_BLUE_Y_000012,P05,BLUE,Y,image_000012.jpg,training/P05/BLUE/Y/images/image_000012.jpg,39aa6e347759b0464741d28b883f264f92b5e0ead556ad69323a3bc9710cabad,9360,,,true
P05_BLUE_Y_000013,P05,BLUE,Y,image_000013.jpg,training/P05/BLUE/Y/images/image_000013.jpg,d0929551a66cb493790b379902250cc2954c003cb21f2c97c18452cd3a532139,9860,,,true
P05_BLUE_Y_000014,P05,BLUE,Y,image_000014.jpg,training/P05/BLUE/Y/images/image_000014.jpg,204d242cbc90adf517658ef2f29cf0eabe92c29becffd6544790c561559c592d,9534,,,true
P05_BLUE_Y_000015,P05,BLUE,Y,image_000015.jpg,training/P05/BLUE/Y/images/image_000015.jpg,0c5fabe571e8d98dd93efe994bc9e58ad46b5a9bd8eb2a98a3f2f14c52d1c817,8866,,,true
P05_BLUE_Y_000016,P05,BLUE,Y,image_000016.jpg,training/P05/BLUE/Y/images/image_000016.jpg,72fbb914c4608fe8685f91ec62efba12e5f0b28aa8d06d823985eb13217b1d5e,9365,,,true
P05_BLUE_Y_000017,P05,BLUE,Y,image_000017.jpg,training/P05/BLUE/Y/images/image_000017.jpg,f66315b8639642a26dfe3c9ffc9befc45dbca81e8986b0b673e159450490eed1,9642,,,true
P05_BLUE_Y_000018,P05,BLUE,Y,image_000018.jpg,training/P05/BLUE/Y/images/image_000018.jpg,a0965a8a3fcf122d2d43867bc1acc0cb9da0bff66a1add30922edf376caaf20c,9606,,,true
P05_BLUE_Y_000019,P05,BLUE,Y,image_000019.jpg,training/P05/BLUE/Y/images/image_000019.jpg,6ca3eda46d4ab34bfc675065b85ff9f9da0bae998dc1035ca4e869cccb2ebded,9118,,,true
P05_BLUE_Y_000020,P05,BLUE,Y,image_000020.jpg,training/P05/BLUE/Y/images/image_000020.jpg,24e146b7c9761d9c1b8c0cc6e53e35624d38debebffe2f7d12aa7a8dec638fe7,9317,,,true
P05_BLUE_Y_000021,P05,BLUE,Y,image_000021.jpg,training/P05/BLUE/Y/images/image_000021.jpg,952e6c91ca2cce62bc87fbf61a365bdfb9928a4c72cf0f0c80413abd1d6886ac,10314,,,true
P05_BLUE_Y_000022,P05,BLUE,Y,image_000022.jpg,training/P05/BLUE/Y/images/image_000022.jpg,599562af4faa6bcb869ec3c4f2cf6be2a42482e789981faa9998ad05ac8ff15d,9883,,,true
P05_BLUE_Y_000023,P05,BLUE,Y,image_000023.jpg,training/P05/BLUE/Y/images/image_000023.jpg,28bc6af334dda31f75707bc8fe03d5f0fd104ce59987ddccf5e9da628c293c35,9229,,,true
P05_BLUE_Y_000024,P05,BLUE,Y,image_000024.jpg,training/P05/BLUE/Y/images/image_000024.jpg,0e7b53c68784809067f6a529cbccfc7ed62e1d675b5b69f5d5b1857209897072,8991,,,true
P05_BLUE_Y_000025,P05,BLUE,Y,image_000025.jpg,training/P05/BLUE/Y/images/image_000025.jpg,4a09a94a425f48ad705a7821d14095c2d7cf80c129c7d678949c26095a8c34b7,9810,,,true
