take_id,frame_count,annotation_override_frames,detector_evaluated_frames,detector_hand_present_frames,detector_hand_missing_frames,unannotated_frames,reference_error_frames,detector_elapsed_ms,elapsed_wall_time_s,worker_pid
P01_BLACK_A_take_0001,157,49,108,108,0,0,0,3595.599099998708,3.856914799999686,13740
P01_BLACK_A_take_0002,156,54,102,102,0,0,0,3430.28669999876,3.683385300000282,5692
P01_BLACK_A_take_0003,161,55,106,106,0,0,0,3439.5737999961966,3.7150047000000086,24320
P01_BLACK_A_take_0004,155,49,106,106,0,0,0,3595.226599999478,3.8771256999998513,22812
P01_BLACK_A_take_0005,155,50,105,105,0,0,0,3599.0030999978444,3.856866099999934,26504
P01_BLACK_A_take_0006,160,56,104,104,0,0,0,3564.578100002109,3.8137469000002966,23252
P01_BLACK_A_take_0007,155,50,105,105,0,0,0,3548.5591000001477,3.8126640000000407,23684
P01_BLACK_A_take_0008,159,52,107,107,0,0,0,3627.2356999970725,3.891913100000238,23020
P01_BLACK_A_take_0009,154,53,101,101,0,0,0,3499.149399998714,3.739301399999931,24320
P01_BLACK_A_take_0010,155,48,107,107,0,0,0,3606.99349999868,3.870047500000055,13740
P01_BLACK_B_take_0001,155,50,105,105,0,0,0,3513.473199998316,3.769875299999967,23020
P01_BLACK_B_take_0002,155,52,103,103,0,0,0,3527.6998000022104,3.7880027000001064,22812
P01_BLACK_B_take_0003,155,51,104,104,0,0,0,3551.8304999973225,3.8009905000003528,26504
P01_BLACK_B_take_0004,154,50,104,104,0,0,0,3520.0433000036355,3.760644299999967,16028
P01_BLACK_B_take_0005,156,46,110,110,0,0,0,3677.2868000007293,3.9594605000002048,18664
P01_BLACK_B_take_0006,155,50,105,105,0,0,0,3502.8992999991715,3.7693317999996907,23684
P01_BLACK_B_take_0007,154,55,99,99,0,0,0,3415.625699999964,3.63476350000019,19472
P01_BLACK_B_take_0008,154,49,105,105,0,0,0,3468.8181000028635,3.730133200000182,25208
P01_BLACK_B_take_0009,155,48,107,107,0,0,0,3554.9416999988352,3.8303955999999744,13740
P01_BLACK_B_take_0010,153,48,105,105,0,0,0,3619.4140000006882,3.757497500000227,26520
P01_BLACK_C_take_0001,156,50,106,106,0,0,0,3508.8149999983216,3.7708746000002975,30392
P01_BLACK_C_take_0002,155,51,104,104,0,0,0,3528.6974999999074,3.792035599999963,23020
P01_BLACK_C_take_0003,159,51,108,108,0,0,0,3600.4473999992115,3.8698828999999932,5692
P01_BLACK_C_take_0004,155,50,105,105,0,0,0,3429.706800000986,3.699493600000096,5692
P01_BLACK_C_take_0005,154,48,106,106,0,0,0,3628.652000000784,3.8916535000003023,7280
P01_BLACK_C_take_0006,156,55,101,101,0,0,0,3353.7304999995285,3.607703799999854,23252
P01_BLACK_C_take_0007,157,50,107,107,0,0,0,3643.8510000007227,3.905366199999662,23020
P01_BLACK_C_take_0008,154,54,100,100,0,0,0,3368.359799997961,3.6122825000002194,27164
P01_BLACK_C_take_0009,156,51,105,105,0,0,0,3555.6029000003946,3.7985067999998137,24320
P01_BLACK_C_take_0010,155,55,100,100,0,0,0,3380.822300001455,3.64627019999989,18664
P01_BLACK_E_take_0001,159,50,109,109,0,0,0,3627.286100001129,3.9070146999997633,18664
P01_BLACK_E_take_0002,156,50,106,106,0,0,0,3552.2729000031177,3.810700100000304,16028
P01_BLACK_E_take_0003,155,55,100,100,0,0,0,3317.179500002567,3.5729168000002574,30392
P01_BLACK_E_take_0004,157,50,107,107,0,0,0,3618.048400000589,3.870342300000175,5692
P01_BLACK_E_take_0005,157,52,105,105,0,0,0,3505.2446000013333,3.7716582000002745,18664
P01_BLACK_E_take_0006,157,52,105,105,0,0,0,3563.9946999981476,3.8432527999998456,30392
P01_BLACK_E_take_0007,157,60,97,97,0,0,0,3192.8033000008327,3.4328402999999525,23252
P01_BLACK_E_take_0008,158,50,108,108,0,0,0,3666.9756999981473,3.938821299999745,26504
P01_BLACK_E_take_0009,155,50,105,105,0,0,0,3442.704800001593,3.720133199999964,23252
P01_BLACK_E_take_0010,160,48,112,112,0,0,0,3758.311200002481,4.034142499999689,23252
P01_BLACK_I_take_0001,153,43,110,110,0,0,0,3849.493000003804,4.045456299999842,22812
P01_BLACK_I_take_0002,155,49,106,106,0,0,0,3520.0597000039124,3.775217200000043,24320
P01_BLACK_I_take_0003,158,55,103,103,0,0,0,3390.1781999979903,3.6539881999997306,23684
P01_BLACK_I_take_0004,156,29,127,127,0,0,0,4323.00430000214,4.644807299999684,19472
P01_BLACK_I_take_0005,156,58,98,98,0,0,0,3363.6308999989524,3.6023979999999938,25208
P01_BLACK_I_take_0006,155,46,109,109,0,0,0,3648.221200003718,3.906027500000164,16028
P01_BLACK_I_take_0007,156,53,103,103,0,0,0,3509.985000000597,3.769481700000142,7280
P01_BLACK_I_take_0008,158,54,104,104,0,0,0,3483.0525000002126,3.7450990000002093,13740
P01_BLACK_I_take_0009,155,53,102,102,0,0,0,3422.759000000042,3.673326800000268,19472
P01_BLACK_I_take_0010,158,51,107,107,0,0,0,3601.7049999995834,3.856119800000215,26504
P01_BLACK_L_take_0001,158,43,115,115,0,0,0,3877.8679999968517,4.152348600000096,23684
P01_BLACK_L_take_0002,155,45,110,110,0,0,0,3728.13430000042,3.996153200000208,25208
P01_BLACK_L_take_0003,157,51,106,106,0,0,0,3516.5428999998767,3.768977199999881,24320
P01_BLACK_L_take_0004,158,59,99,99,0,0,0,3365.681700001005,3.5992121999997835,13740
P01_BLACK_L_take_0005,158,47,111,111,0,0,0,3635.1359000009325,3.9065614999999525,23020
P01_BLACK_L_take_0006,158,48,110,110,0,0,0,3746.6632000000573,4.0268528000001425,5692
P01_BLACK_L_take_0007,157,47,110,110,0,0,0,3762.178699996639,4.040563900000052,16028
P01_BLACK_L_take_0008,159,51,108,108,0,0,0,3647.311800003081,3.9167774000002282,30392
P01_BLACK_L_take_0009,155,50,105,105,0,0,0,3439.507700003105,3.691865499999949,7280
P01_BLACK_L_take_0010,155,44,111,111,0,0,0,3768.409300001622,4.0393282,27164
P01_BLACK_M_take_0001,157,49,108,108,0,0,0,3595.663599999625,3.8582095000001573,19472
P01_BLACK_M_take_0002,158,46,112,112,0,0,0,3751.075599997421,4.01569389999986,18664
P01_BLACK_M_take_0003,156,54,102,102,0,0,0,3435.900699996182,3.6854794000000766,27164
P01_BLACK_M_take_0004,157,48,109,109,0,0,0,3616.0728000040763,3.880463299999974,25208
P01_BLACK_M_take_0005,157,46,111,111,0,0,0,3716.6235000004235,3.995756799999981,7280
P01_BLACK_M_take_0006,160,56,104,104,0,0,0,3535.350799997559,3.785448600000109,24320
P01_BLACK_M_take_0007,155,48,107,107,0,0,0,3645.035000002281,3.9072950999998284,26520
P01_BLACK_M_take_0008,162,52,110,110,0,0,0,3784.471200000098,4.064106199999969,19472
P01_BLACK_M_take_0009,155,43,112,112,0,0,0,3739.685699999427,4.013491000000158,22812
P01_BLACK_M_take_0010,158,51,107,107,0,0,0,3544.0473000003294,3.807074400000147,30392
P01_BLACK_N_take_0001,158,44,114,114,0,0,0,3875.4349999990154,4.167391200000111,23252
P01_BLACK_N_take_0002,155,46,109,109,0,0,0,3755.63999999531,4.019154099999923,26504
P01_BLACK_N_take_0003,155,48,107,107,0,0,0,3605.383999998594,3.8662177000001066,23684
P01_BLACK_N_take_0004,157,47,110,110,0,0,0,3713.3354999982657,3.976308400000107,27164
P01_BLACK_N_take_0005,160,53,107,107,0,0,0,3569.7658999984014,3.8300060000001395,16028
P01_BLACK_N_take_0006,161,58,103,103,0,0,0,3539.1631000038615,3.8088864999999714,16028
P01_BLACK_N_take_0007,158,47,111,111,0,0,0,3704.845700000078,3.975930900000094,24320
P01_BLACK_N_take_0008,155,44,111,111,0,0,0,3666.365999999016,3.930656999999883,13740
P01_BLACK_N_take_0009,156,44,112,112,0,0,0,3727.353000000221,3.981609599999956,26520
P01_BLACK_N_take_0010,155,40,115,115,0,0,0,3877.901200001361,4.142765300000065,23020
P01_BLACK_O_take_0001,158,58,100,100,0,0,0,3359.8437000005106,3.5997591999998804,16028
P01_BLACK_O_take_0002,159,60,99,99,0,0,0,3421.5383000000656,3.670425299999806,23020
P01_BLACK_O_take_0003,162,59,103,103,0,0,0,3517.457900001318,3.766524799999843,19472
P01_BLACK_O_take_0004,156,51,105,105,0,0,0,3545.743399999992,3.8227959999999257,22812
P01_BLACK_O_take_0005,163,61,102,102,0,0,0,3537.1331000014834,3.7825361000000157,25208
P01_BLACK_O_take_0006,156,48,108,108,0,0,0,3635.564799999429,3.8926431999998385,26504
P01_BLACK_O_take_0007,159,55,104,104,0,0,0,3618.4677000014744,3.867309700000078,5692
P01_BLACK_O_take_0008,157,50,107,107,0,0,0,3616.06269999902,3.88076430000001,26520
P01_BLACK_O_take_0009,157,56,101,101,0,0,0,3418.193800001063,3.676174700000047,22812
P01_BLACK_O_take_0010,156,53,103,103,0,0,0,3406.664600000113,3.6710094000000026,23684
P01_BLACK_P_take_0001,158,54,104,104,0,0,0,3490.692000002582,3.7459435000000667,19472
P01_BLACK_P_take_0002,156,46,110,110,0,0,0,3704.600000004575,3.967429799999991,5692
P01_BLACK_P_take_0003,157,52,105,105,0,0,0,3506.191899996793,3.76670329999979,13740
P01_BLACK_P_take_0004,158,55,103,103,0,0,0,3473.487800001294,3.717055999999957,25208
P01_BLACK_P_take_0005,157,47,110,110,0,0,0,3625.7900000009613,3.896625999999742,23020
P01_BLACK_P_take_0006,157,59,98,98,0,0,0,3343.7483000016073,3.590784800000165,5692
P01_BLACK_P_take_0007,159,52,107,107,0,0,0,3625.816599997961,3.87784210000018,18664
P01_BLACK_P_take_0008,156,53,103,103,0,0,0,3502.6299000001018,3.754597200000262,18664
P01_BLACK_P_take_0009,158,55,103,103,0,0,0,3451.9706000010046,3.7063100999998824,7280
P01_BLACK_P_take_0010,160,51,109,109,0,0,0,3698.4121999980744,3.950901800000338,19472
P01_BLACK_R_take_0001,155,47,108,108,0,0,0,3597.6926999978787,3.858363300000292,5692
P01_BLACK_R_take_0002,153,58,95,95,0,0,0,3194.238200003838,3.3692808000000696,26504
P01_BLACK_R_take_0003,155,47,108,108,0,0,0,3568.891699998858,3.836256499999763,18664
P01_BLACK_R_take_0004,156,39,117,117,0,0,0,3962.631999997029,4.255132499999945,30392
P01_BLACK_R_take_0005,156,51,105,105,0,0,0,3559.8512999972627,3.8217313999998623,23252
P01_BLACK_R_take_0006,156,49,107,107,0,0,0,3605.1393999996435,3.881344099999751,24320
P01_BLACK_R_take_0007,156,48,108,108,0,0,0,3584.084300000086,3.8328236000002107,16028
P01_BLACK_R_take_0008,156,50,106,106,0,0,0,3587.260999996033,3.8436075000004166,19472
P01_BLACK_R_take_0009,157,47,110,110,0,0,0,3680.4479000002175,3.945551499999965,18664
P01_BLACK_R_take_0010,161,48,113,113,0,0,0,3789.0599000015754,4.072122699999909,24320
P01_BLACK_S_take_0001,162,55,107,107,0,0,0,3615.813000000344,3.8656025000000227,25208
P01_BLACK_S_take_0002,158,60,98,98,0,0,0,3278.387499998189,3.5194891000001007,27164
P01_BLACK_S_take_0003,160,58,102,102,0,0,0,3442.258100005347,3.698747100000219,25208
P01_BLACK_S_take_0004,157,50,107,107,0,0,0,3642.0286999946256,3.9056378000000223,30392
P01_BLACK_S_take_0005,161,53,108,108,0,0,0,3626.4955999977246,3.8865946999999323,16028
P01_BLACK_S_take_0006,157,51,106,106,0,0,0,3639.948299999105,3.8925818000002437,23252
P01_BLACK_S_take_0007,160,52,108,108,0,0,0,3678.6166999995658,3.9425571000001582,7280
P01_BLACK_S_take_0008,159,50,109,109,0,0,0,3675.9110000020883,3.9457046000002265,30392
P01_BLACK_S_take_0009,158,60,98,98,0,0,0,3281.329899998582,3.5207900999998856,26520
P01_BLACK_S_take_0010,158,54,104,104,0,0,0,3532.3877000009816,3.7890416999998706,22812
P01_BLACK_T_take_0001,164,58,106,106,0,0,0,3673.3309999990524,3.931851800000004,23252
P01_BLACK_T_take_0002,157,52,105,105,0,0,0,3543.0361000017,3.787769500000195,24320
P01_BLACK_T_take_0003,156,49,107,107,0,0,0,3580.2278000001024,3.8399428999996417,25208
P01_BLACK_T_take_0004,155,46,109,109,0,0,0,3689.026300000478,3.9644226999998864,30392
P01_BLACK_T_take_0005,157,50,107,107,0,0,0,3636.4309999999023,3.901362699999936,16028
P01_BLACK_T_take_0006,155,40,115,115,0,0,0,3897.004099998867,4.192486899999949,23252
P01_BLACK_T_take_0007,156,48,108,108,0,0,0,3654.3913999967117,3.924297800000204,7280
P01_BLACK_T_take_0008,156,53,103,103,0,0,0,3474.3334000022514,3.724461799999972,27164
P01_BLACK_T_take_0009,155,52,103,103,0,0,0,3399.918999999045,3.650873799999772,24320
P01_BLACK_T_take_0010,156,54,102,102,0,0,0,3467.583799998465,3.7143160000000535,26520
P01_BLACK_U_take_0001,155,45,110,110,0,0,0,3733.8738000034937,4.013767299999927,16028
P01_BLACK_U_take_0002,154,46,108,108,0,0,0,3602.7674999991177,3.8415640000002895,26520
P01_BLACK_U_take_0003,155,48,107,107,0,0,0,3613.6122999996587,3.8857938999999533,19472
P01_BLACK_U_take_0004,154,45,109,109,0,0,0,3686.5917999971316,3.946278800000073,24320
P01_BLACK_U_take_0005,152,46,106,106,0,0,0,3635.7681999993474,3.774844700000358,13740
P01_BLACK_U_take_0006,154,46,108,108,0,0,0,3666.0876000023563,3.905949999999848,16028
P01_BLACK_U_take_0007,152,46,106,106,0,0,0,3649.841800003742,3.783303700000033,23020
P01_BLACK_U_take_0008,155,46,109,109,0,0,0,3596.674899999016,3.8754801000000043,25208
P01_BLACK_U_take_0009,153,47,106,106,0,0,0,3641.509600001882,3.8311413000001266,23684
P01_BLACK_U_take_0010,151,43,108,108,0,0,0,3751.6765000018495,3.89756430000034,23252
P01_BLACK_V_take_0001,155,51,104,104,0,0,0,3563.7857999990956,3.8233383000001595,7280
P01_BLACK_V_take_0002,156,52,104,104,0,0,0,3587.546900000234,3.844468699999652,22812
P01_BLACK_V_take_0003,160,46,114,114,0,0,0,3815.450100000362,4.09114419999969,27164
P01_BLACK_V_take_0004,159,58,101,101,0,0,0,3324.9787000045217,3.5907125999997334,23252
P01_BLACK_V_take_0005,157,50,107,107,0,0,0,3615.4581999949187,3.8743868999999904,19472
P01_BLACK_V_take_0006,158,52,106,106,0,0,0,3627.6014999975814,3.888860300000033,26504
P01_BLACK_V_take_0007,159,45,114,114,0,0,0,3829.310200000691,4.115181900000152,24320
P01_BLACK_V_take_0008,156,53,103,103,0,0,0,3471.793099995921,3.7107758000001922,26504
P01_BLACK_V_take_0009,158,48,110,110,0,0,0,3713.8914999991357,3.97672539999985,23684
P01_BLACK_V_take_0010,160,51,109,109,0,0,0,3684.923899997102,3.9560147999995934,26520
P01_BLACK_W_take_0001,156,51,105,105,0,0,0,3408.4622999985186,3.6489087999998446,23684
P01_BLACK_W_take_0002,156,52,104,104,0,0,0,3446.147199999814,3.719080700000177,13740
P01_BLACK_W_take_0003,158,53,105,105,0,0,0,3572.2388999988652,3.828223600000001,13740
P01_BLACK_W_take_0004,157,47,110,110,0,0,0,3655.969499999628,3.910986100000173,25208
P01_BLACK_W_take_0005,156,54,102,102,0,0,0,3460.917299999437,3.7104669000000285,23020
P01_BLACK_W_take_0006,155,56,99,99,0,0,0,3388.087400000586,3.6256270000003497,27164
P01_BLACK_W_take_0007,156,47,109,109,0,0,0,3773.871099997905,4.0422333000001345,5692
P01_BLACK_W_take_0008,155,45,110,110,0,0,0,3740.3394000016306,4.006838199999947,26520
P01_BLACK_W_take_0009,155,51,104,104,0,0,0,3479.813900000863,3.7249214999997093,22812
P01_BLACK_W_take_0010,155,55,100,100,0,0,0,3444.63729999552,3.6876274000001104,26504
P01_BLACK_Y_take_0001,159,49,110,110,0,0,0,3616.719600001943,3.888656600000104,16028
P01_BLACK_Y_take_0002,158,54,104,104,0,0,0,3385.4013999994095,3.644712199999958,23020
P01_BLACK_Y_take_0003,161,47,114,114,0,0,0,3829.3936999975813,4.106318999999985,19472
P01_BLACK_Y_take_0004,157,51,106,106,0,0,0,3529.2967999998837,3.799115400000119,7280
P01_BLACK_Y_take_0005,160,55,105,105,0,0,0,3622.9724999980135,3.8884995000003073,22812
P01_BLACK_Y_take_0006,163,56,107,107,0,0,0,3676.9417999971665,3.937769600000138,7280
P01_BLACK_Y_take_0007,159,45,114,114,0,0,0,3823.5292999966077,4.106696800000009,19472
P01_BLACK_Y_take_0008,157,47,110,110,0,0,0,3676.3708000034967,3.9445064000001366,27164
P01_BLACK_Y_take_0009,161,57,104,104,0,0,0,3468.6408999978084,3.7152069999997366,25208
P01_BLACK_Y_take_0010,161,50,111,111,0,0,0,3747.7389000000585,4.011071599999923,7280
P01_BLUE_A_take_0001,165,53,112,112,0,0,0,3854.239300000245,4.135415799999919,24320
P01_BLUE_A_take_0002,166,47,119,119,0,0,0,3966.5887999994993,4.269494799999848,19472
P01_BLUE_A_take_0003,164,51,113,113,0,0,0,3807.9400000028727,4.08264810000037,23252
P01_BLUE_A_take_0004,160,57,103,103,0,0,0,3458.9912000001277,3.708849999999984,26504
P01_BLUE_A_take_0005,157,46,111,111,0,0,0,3659.988899999007,3.9181228000002193,26520
P01_BLUE_A_take_0006,161,47,114,114,0,0,0,3802.190499995959,4.085272399999667,27164
P01_BLUE_A_take_0007,168,55,113,113,0,0,0,3794.4216000009874,4.053057199999785,26504
P01_BLUE_A_take_0008,165,47,118,118,0,0,0,3999.3299999991905,4.283388599999853,16028
P01_BLUE_A_take_0009,165,51,114,114,0,0,0,3894.104800000605,4.157252500000141,24320
P01_BLUE_A_take_0010,166,53,113,113,0,0,0,3828.4292000021196,4.097480700000233,25208
P01_BLUE_B_take_0001,164,45,119,119,0,0,0,3953.7038999988,4.2491179000003285,24320
P01_BLUE_B_take_0002,163,50,113,113,0,0,0,3788.2521999990786,4.057443400000011,27164
P01_BLUE_B_take_0003,163,51,112,112,0,0,0,3774.9585999990813,4.046835300000112,26520
P01_BLUE_B_take_0004,165,50,115,115,0,0,0,3822.993500003122,4.10136489999968,16028
P01_BLUE_B_take_0005,163,49,114,114,0,0,0,3883.1412000017735,4.169633099999828,22812
P01_BLUE_B_take_0006,158,49,109,109,0,0,0,3605.4397999992034,3.8800278999997317,5692
P01_BLUE_B_take_0007,161,51,110,110,0,0,0,3649.3672999963565,3.9188673999997263,26520
P01_BLUE_B_take_0008,159,50,109,109,0,0,0,3676.0432999985824,3.940748199999689,25208
P01_BLUE_B_take_0009,164,51,113,113,0,0,0,3787.332200002311,4.078589199999897,16028
P01_BLUE_B_take_0010,163,43,120,120,0,0,0,3993.0316999998468,4.280437899999924,26504
P01_BLUE_C_take_0001,166,41,125,125,0,0,0,4252.152299995942,4.561683399999765,7280
P01_BLUE_C_take_0002,161,46,115,115,0,0,0,3825.707200004672,4.123533100000259,22812
P01_BLUE_C_take_0003,161,49,112,112,0,0,0,3865.3472000019065,4.1354246000000785,26504
P01_BLUE_C_take_0004,162,56,106,106,0,0,0,3498.429199999009,3.7551932000001216,7280
P01_BLUE_C_take_0005,165,55,110,110,0,0,0,3754.1643999998087,4.027974099999938,19472
P01_BLUE_C_take_0006,163,43,120,120,0,0,0,4010.383799997726,4.30567370000017,23684
P01_BLUE_C_take_0007,164,49,115,115,0,0,0,3774.023600000419,4.053621399999884,19472
P01_BLUE_C_take_0008,161,50,111,111,0,0,0,3708.3585999953357,3.9828777000002447,23684
P01_BLUE_C_take_0009,158,38,120,120,0,0,0,3999.3384000017613,4.27755389999993,18664
P01_BLUE_C_take_0010,159,54,105,105,0,0,0,3546.43280000073,3.8085879999998724,7280
P01_BLUE_E_take_0001,164,43,121,121,0,0,0,4153.986200001327,4.453342199999952,25208
P01_BLUE_E_take_0002,163,38,125,125,0,0,0,4110.015699998712,4.435425799999848,13740
P01_BLUE_E_take_0003,165,47,118,118,0,0,0,4003.3697000003485,4.299218900000142,25208
P01_BLUE_E_take_0004,165,48,117,117,0,0,0,3842.5320999995165,4.13793510000005,7280
P01_BLUE_E_take_0005,167,43,124,124,0,0,0,4200.614200003201,4.516669300000103,18664
P01_BLUE_E_take_0006,162,48,114,114,0,0,0,3852.9859999994187,4.117688400000134,27164
P01_BLUE_E_take_0007,166,52,114,114,0,0,0,3835.562500000833,4.123806899999636,27164
P01_BLUE_E_take_0008,164,41,123,123,0,0,0,4166.517400001339,4.4634500000001935,7280
P01_BLUE_E_take_0009,169,39,130,130,0,0,0,4306.094099995789,4.622689000000264,22812
P01_BLUE_E_take_0010,165,45,120,120,0,0,0,3919.3202000019483,4.212778900000103,27164
P01_BLUE_I_take_0001,162,54,108,108,0,0,0,3729.066100000182,3.990349800000331,26520
P01_BLUE_I_take_0002,166,51,115,115,0,0,0,3896.2579999997615,4.183736899999985,26520
P01_BLUE_I_take_0003,170,56,114,114,0,0,0,3788.143799998579,4.0503474000001916,24320
P01_BLUE_I_take_0004,161,61,100,100,0,0,0,3357.1077000001424,3.5993336999999883,13740
P01_BLUE_I_take_0005,164,98,66,66,0,0,0,2319.1494000016064,2.4850883999997677,27164
P01_BLUE_I_take_0006,168,25,143,143,0,0,0,4822.891700000582,5.147108399999979,23684
P01_BLUE_I_take_0007,162,47,115,115,0,0,0,3810.7318000002124,4.0937911999999415,22812
P01_BLUE_I_take_0008,165,62,103,103,0,0,0,3516.0301000009895,3.773352399999567,26520
P01_BLUE_I_take_0009,166,46,120,120,0,0,0,4008.425299999999,4.316992700000355,22812
P01_BLUE_I_take_0010,162,49,113,113,0,0,0,3815.7717999984015,4.0858227999997325,26504
P01_BLUE_L_take_0001,164,48,116,116,0,0,0,3808.778099999927,4.1094631999999365,26520
P01_BLUE_L_take_0002,164,48,116,116,0,0,0,3948.4412000010707,4.2268215999997665,22812
P01_BLUE_L_take_0003,165,56,109,109,0,0,0,3677.033900000879,3.9363807999998244,22812
P01_BLUE_L_take_0004,164,54,110,110,0,0,0,3618.7192000015784,3.886113700000351,26504
P01_BLUE_L_take_0005,166,62,104,104,0,0,0,3562.0889000024363,3.821099000000231,26504
P01_BLUE_L_take_0006,170,50,120,120,0,0,0,4130.387300004259,4.423861299999771,16028
P01_BLUE_L_take_0007,167,49,118,118,0,0,0,3930.8752999936587,4.220399499999985,30392
P01_BLUE_L_take_0008,167,53,114,114,0,0,0,3880.6651999993846,4.168062899999768,23252
P01_BLUE_L_take_0009,166,51,115,115,0,0,0,3863.424999997278,4.160135099999934,23684
P01_BLUE_L_take_0010,166,53,113,113,0,0,0,3939.207100000658,4.227451000000201,13740
P01_BLUE_M_take_0001,172,55,117,117,0,0,0,4019.250500002272,4.331033299999945,22812
P01_BLUE_M_take_0002,164,43,121,121,0,0,0,4077.2003999968547,4.3796083000002,23684
P01_BLUE_M_take_0003,166,54,112,112,0,0,0,3760.3155999981936,4.044042099999842,23020
P01_BLUE_M_take_0004,163,52,111,111,0,0,0,3723.860900001,3.9959999000002426,23020
P01_BLUE_M_take_0005,164,41,123,123,0,0,0,4124.482499998976,4.434105599999839,13740
P01_BLUE_M_take_0006,164,44,120,120,0,0,0,4074.386000001141,4.366046799999822,23020
P01_BLUE_M_take_0007,164,50,114,114,0,0,0,3843.810200000462,4.132850699999835,5692
P01_BLUE_M_take_0008,166,46,120,120,0,0,0,4022.31140000049,4.327467400000387,5692
P01_BLUE_M_take_0009,164,51,113,113,0,0,0,3888.145299999451,4.178578699999889,18664
P01_BLUE_M_take_0010,160,45,115,115,0,0,0,3896.55380000022,4.18229539999993,23684
P01_BLUE_N_take_0001,160,55,105,105,0,0,0,3526.086999999734,3.78705889999992,13740
P01_BLUE_N_take_0002,163,47,116,116,0,0,0,3983.05409999557,4.257021800000075,5692
P01_BLUE_N_take_0003,166,51,115,115,0,0,0,3842.187899997498,4.134942299999693,19472
P01_BLUE_N_take_0004,163,46,117,117,0,0,0,3941.858200000297,4.237133000000085,18664
P01_BLUE_N_take_0005,169,47,122,122,0,0,0,4116.815500002303,4.42909039999995,26504
P01_BLUE_N_take_0006,166,47,119,119,0,0,0,3958.747599996059,4.241344100000333,25208
P01_BLUE_N_take_0007,165,46,119,119,0,0,0,4009.365399998387,4.299407500000143,26504
P01_BLUE_N_take_0008,163,45,118,118,0,0,0,3976.1195000019143,4.276778999999806,30392
P01_BLUE_N_take_0009,166,48,118,118,0,0,0,4042.677100000674,4.334678300000178,7280
P01_BLUE_N_take_0010,170,48,122,122,0,0,0,4034.7880000003897,4.344776700000239,19472
P01_BLUE_O_take_0001,167,46,121,121,0,0,0,4051.713600000312,4.341610099999798,24320
P01_BLUE_O_take_0002,166,49,117,117,0,0,0,3919.990099999268,4.232034999999996,27164
P01_BLUE_O_take_0003,170,53,117,117,0,0,0,4030.591599997024,4.3212069999999585,25208
P01_BLUE_O_take_0004,165,27,138,138,0,0,0,4604.200700002821,4.9450182000000495,23684
P01_BLUE_O_take_0005,163,51,112,112,0,0,0,3762.071800004378,4.037317100000109,25208
P01_BLUE_O_take_0006,165,43,122,122,0,0,0,4112.564199999724,4.408028299999842,13740
P01_BLUE_O_take_0007,164,43,121,121,0,0,0,4080.0969000019904,4.3659176000001025,30392
P01_BLUE_O_take_0008,160,45,115,115,0,0,0,3798.3160000007956,4.08160050000015,23020
P01_BLUE_O_take_0009,165,46,119,119,0,0,0,3948.7553000012667,4.248338899999908,23020
P01_BLUE_O_take_0010,164,46,118,118,0,0,0,3873.4168999994836,4.159032699999898,23252
P01_BLUE_P_take_0001,165,40,125,125,0,0,0,4217.323400003352,4.525399499999821,5692
P01_BLUE_P_take_0002,165,55,110,110,0,0,0,3766.9575999993867,4.03627490000008,18664
P01_BLUE_P_take_0003,163,49,114,114,0,0,0,3879.151599998295,4.169257900000048,7280
P01_BLUE_P_take_0004,165,46,119,119,0,0,0,3944.342500003131,4.239962699999978,30392
P01_BLUE_P_take_0005,165,48,117,117,0,0,0,3958.8821000011194,4.243803700000171,23252
P01_BLUE_P_take_0006,161,46,115,115,0,0,0,3945.755200000349,4.2310646999999335,23020
P01_BLUE_P_take_0007,164,59,105,105,0,0,0,3481.577100000777,3.7444745000002513,24320
P01_BLUE_P_take_0008,167,50,117,117,0,0,0,3915.0930999990123,4.2048681000001125,16028
P01_BLUE_P_take_0009,163,52,111,111,0,0,0,3688.7796999990314,3.958224099999825,27164
P01_BLUE_P_take_0010,162,48,114,114,0,0,0,3854.0036000003965,4.126682200000232,23684
P01_BLUE_R_take_0001,164,35,129,129,0,0,0,4330.662100001973,4.654860999999983,16028
P01_BLUE_R_take_0002,165,46,119,119,0,0,0,4008.652599995912,4.289596099999926,24320
P01_BLUE_R_take_0003,164,38,126,126,0,0,0,4205.156699998952,4.520009699999719,19472
P01_BLUE_R_take_0004,164,50,114,114,0,0,0,3857.0932000011453,4.132943599999635,25208
P01_BLUE_R_take_0005,160,46,114,114,0,0,0,3796.672000000399,4.077770399999736,5692
P01_BLUE_R_take_0006,163,52,111,111,0,0,0,3798.6156999968443,4.069260799999938,26520
P01_BLUE_R_take_0007,167,52,115,115,0,0,0,3997.7168000018537,4.28098829999999,19472
P01_BLUE_R_take_0008,159,58,101,101,0,0,0,3369.667799999661,3.6265085,27164
P01_BLUE_R_take_0009,163,44,119,119,0,0,0,3946.506800001316,4.237687599999845,22812
P01_BLUE_R_take_0010,160,43,117,117,0,0,0,3913.60709999708,4.204880100000082,18664
P01_BLUE_S_take_0001,166,50,116,116,0,0,0,3857.1896000021297,4.133738500000163,26520
P01_BLUE_S_take_0002,165,53,112,112,0,0,0,3730.57389999758,4.008939400000145,16028
P01_BLUE_S_take_0003,163,51,112,112,0,0,0,3868.374399997265,4.144311800000196,26504
P01_BLUE_S_take_0004,164,51,113,113,0,0,0,3792.095700002392,4.074966300000142,7280
P01_BLUE_S_take_0005,172,61,111,111,0,0,0,3710.910199999489,4.0014113000002,26504
P01_BLUE_S_take_0006,175,51,124,124,0,0,0,3970.01999999884,4.448395899999923,23684
P01_BLUE_S_take_0007,172,50,122,122,0,0,0,4111.267800002224,4.418604599999981,23684
P01_BLUE_S_take_0008,175,50,125,125,0,0,0,4214.642999997068,4.705222900000081,13740
P01_BLUE_S_take_0009,167,42,125,125,0,0,0,4244.353500002489,4.54302430000007,25208
P01_BLUE_S_take_0010,165,44,121,121,0,0,0,4170.241799996802,4.471136600000136,19472
P01_BLUE_T_take_0001,165,49,116,116,0,0,0,3956.2710999994124,4.245506099999602,25208
P01_BLUE_T_take_0002,176,55,121,121,0,0,0,3942.848100001356,4.401550799999768,24320
P01_BLUE_T_take_0003,167,60,107,107,0,0,0,3642.0159999938733,3.9059141000002455,7280
P01_BLUE_T_take_0004,169,51,118,118,0,0,0,4022.77150000009,4.319886799999949,23684
P01_BLUE_T_take_0005,167,52,115,115,0,0,0,3964.188100001593,4.24386289999984,27164
P01_BLUE_T_take_0006,169,50,119,119,0,0,0,4071.1813999992046,4.363223500000004,13740
P01_BLUE_T_take_0007,167,57,110,110,0,0,0,3761.371200002486,4.027486699999827,26520
P01_BLUE_T_take_0008,168,42,126,126,0,0,0,4285.583700002462,4.580084600000191,13740
P01_BLUE_T_take_0009,167,52,115,115,0,0,0,3896.949600001335,4.1976683000002595,22812
P01_BLUE_T_take_0010,166,44,122,122,0,0,0,4167.645099996207,4.47214699999995,22812
P01_BLUE_U_take_0001,163,40,123,123,0,0,0,4254.392800000915,4.561925700000302,23684
P01_BLUE_U_take_0002,162,51,111,111,0,0,0,3904.682499999126,4.172883799999909,13740
P01_BLUE_U_take_0003,158,49,109,109,0,0,0,3733.704299997953,4.009180900000047,30392
P01_BLUE_U_take_0004,160,45,115,115,0,0,0,4035.0144999988515,4.318421899999976,30392
P01_BLUE_U_take_0005,163,45,118,118,0,0,0,4089.3070000006446,4.393090399999892,13740
P01_BLUE_U_take_0006,164,39,125,125,0,0,0,4311.427299998741,4.61311220000016,27164
P01_BLUE_U_take_0007,163,55,108,108,0,0,0,3648.2752999968397,3.9108992999999828,23020
P01_BLUE_U_take_0008,162,52,110,110,0,0,0,3697.588699995322,3.9722916999999143,23020
P01_BLUE_U_take_0009,163,42,121,121,0,0,0,4073.597699999027,4.380313499999829,5692
P01_BLUE_U_take_0010,163,45,118,118,0,0,0,3992.535900002167,4.282699600000342,18664
P01_BLUE_V_take_0001,167,52,115,115,0,0,0,3843.479399998614,4.12324609999996,18664
P01_BLUE_V_take_0002,165,52,113,113,0,0,0,3864.468200000829,4.126308499999595,7280
P01_BLUE_V_take_0003,164,51,113,113,0,0,0,3858.4415999957855,4.15621020000026,26520
P01_BLUE_V_take_0004,161,47,114,114,0,0,0,3715.0197999999364,3.9989127999997436,5692
P01_BLUE_V_take_0005,164,47,117,117,0,0,0,4026.488600002722,4.3102231000002575,22812
P01_BLUE_V_take_0006,162,54,108,108,0,0,0,3652.6444000000993,3.906530400000065,5692
P01_BLUE_V_take_0007,166,42,124,124,0,0,0,4043.91289999694,4.350116800000251,26504
P01_BLUE_V_take_0008,163,44,119,119,0,0,0,4036.0208000001876,4.322549499999695,30392
P01_BLUE_V_take_0009,165,54,111,111,0,0,0,3718.094100005146,4.0053469999998015,27164
P01_BLUE_V_take_0010,164,45,119,119,0,0,0,4124.404200000299,4.410192199999983,26504
P01_BLUE_W_take_0001,164,51,113,113,0,0,0,3800.1645000008466,4.082326499999908,23684
P01_BLUE_W_take_0002,161,55,106,106,0,0,0,3561.392300000989,3.8250990000001366,18664
P01_BLUE_W_take_0003,163,58,105,105,0,0,0,3548.2011999979477,3.791903100000127,23252
P01_BLUE_W_take_0004,159,54,105,105,0,0,0,3576.6082000000097,3.8234680999999,26520
P01_BLUE_W_take_0005,163,55,108,108,0,0,0,3717.429100001482,3.9778980999999476,24320
P01_BLUE_W_take_0006,161,66,95,95,0,0,0,3120.2149999994617,3.358374299999923,30392
P01_BLUE_W_take_0007,163,42,121,121,0,0,0,3987.3397000005752,4.275423500000215,16028
P01_BLUE_W_take_0008,160,53,107,107,0,0,0,3611.4715999979126,3.8783117000002676,23252
P01_BLUE_W_take_0009,163,48,115,115,0,0,0,3858.8917999986734,4.151558399999885,19472
P01_BLUE_W_take_0010,164,48,116,116,0,0,0,3933.3373999993455,4.2232435000000805,13740
P01_BLUE_Y_take_0001,166,49,117,117,0,0,0,4024.9577999989015,4.324618599999667,23684
P01_BLUE_Y_take_0002,161,45,116,116,0,0,0,4005.9571000024334,4.291523099999722,23252
P01_BLUE_Y_take_0003,169,50,119,119,0,0,0,4010.6620000024122,4.303228700000091,23020
P01_BLUE_Y_take_0004,168,42,126,126,0,0,0,4188.78020000102,4.493118599999889,23020
P01_BLUE_Y_take_0005,168,50,118,118,0,0,0,3972.695399996155,4.270664000000124,5692
P01_BLUE_Y_take_0006,167,51,116,116,0,0,0,3870.532200003254,4.138423399999738,30392
P01_BLUE_Y_take_0007,168,50,118,118,0,0,0,3990.406299998085,4.283239700000195,18664
P01_BLUE_Y_take_0008,163,50,113,113,0,0,0,3896.0460999983297,4.196465699999862,25208
P01_BLUE_Y_take_0009,167,48,119,119,0,0,0,3983.674100000826,4.273971099999926,23252
P01_BLUE_Y_take_0010,161,61,100,100,0,0,0,3289.493399998264,3.544815899999776,24320
P01_WHITE_A_take_0001,182,58,124,124,0,0,0,4286.0497000024225,4.618186200000309,16028
P01_WHITE_A_take_0002,182,54,128,128,0,0,0,4534.044500002437,4.86138579999988,19472
P01_WHITE_A_take_0003,181,57,124,124,0,0,0,4169.662700000572,4.530905699999948,25208
P01_WHITE_A_take_0004,181,54,127,127,0,0,0,4312.676900005954,4.6824343000002955,7280
P01_WHITE_A_take_0005,181,60,121,121,0,0,0,4033.531299997321,4.3891717999999855,27164
P01_WHITE_A_take_0006,182,59,123,123,0,0,0,4200.63989999835,4.522165899999891,25208
P01_WHITE_A_take_0007,181,62,119,119,0,0,0,4038.554400000976,4.400440899999921,26520
P01_WHITE_A_take_0008,181,49,132,132,0,0,0,4496.530799998709,4.898833400000058,22812
P01_WHITE_A_take_0009,181,55,126,126,0,0,0,4173.676800000067,4.55264920000036,26504
P01_WHITE_A_take_0010,182,61,121,121,0,0,0,4225.431300002128,4.535596499999883,7280
P01_WHITE_B_take_0001,181,61,120,120,0,0,0,4031.0391000007257,4.406668900000113,23684
P01_WHITE_B_take_0002,182,58,124,124,0,0,0,4251.73660000155,4.544569499999852,27164
P01_WHITE_B_take_0003,182,54,128,128,0,0,0,4316.910100001678,4.650721699999849,26520
P01_WHITE_B_take_0004,179,54,125,125,0,0,0,4158.643900000698,4.595985999999812,26504
P01_WHITE_B_take_0005,180,57,123,123,0,0,0,3914.999600003739,4.424601499999881,5692
P01_WHITE_B_take_0006,180,53,127,127,0,0,0,4362.196699999913,4.726941899999929,18664
P01_WHITE_B_take_0007,180,52,128,128,0,0,0,4293.399799999406,4.669336299999941,30392
P01_WHITE_B_take_0008,180,60,120,120,0,0,0,3938.135799999145,4.357521299999917,23252
P01_WHITE_B_take_0009,180,52,128,128,0,0,0,4148.397999999361,4.664064999999937,24320
P01_WHITE_B_take_0010,177,54,123,123,0,0,0,3919.6213000013813,4.368850400000156,16028
P01_WHITE_C_take_0001,174,60,114,114,0,0,0,3957.062900001347,4.231858900000134,26520
P01_WHITE_C_take_0002,181,57,124,124,0,0,0,4122.456599999168,4.490965899999992,23020
P01_WHITE_C_take_0003,177,59,118,118,0,0,0,3797.744999999395,4.253648599999906,16028
P01_WHITE_C_take_0004,175,53,122,122,0,0,0,3967.004600001019,4.462266499999714,23020
P01_WHITE_C_take_0005,181,58,123,123,0,0,0,4116.415899997264,4.450789699999859,5692
P01_WHITE_C_take_0006,182,58,124,124,0,0,0,4274.121899998136,4.570277499999975,22812
P01_WHITE_C_take_0007,181,60,121,121,0,0,0,3939.744999998311,4.283770000000004,18664
P01_WHITE_C_take_0008,181,58,123,123,0,0,0,4125.071800000569,4.476356300000134,30392
P01_WHITE_C_take_0009,181,54,127,127,0,0,0,4164.560200003962,4.5326317000003655,23252
P01_WHITE_C_take_0010,181,64,117,117,0,0,0,3864.706099997875,4.2182253000000856,24320
P01_WHITE_E_take_0001,180,65,115,115,0,0,0,3771.402499996384,4.171187800000098,16028
P01_WHITE_E_take_0002,180,64,116,116,0,0,0,3716.421000000082,4.148820800000067,19472
P01_WHITE_E_take_0003,181,59,122,122,0,0,0,4056.0807999986537,4.4175311999997575,13740
P01_WHITE_E_take_0004,180,57,123,123,0,0,0,4156.325800001923,4.583740599999601,13740
P01_WHITE_E_take_0005,181,57,124,124,0,0,0,4127.648100002261,4.493751900000007,25208
P01_WHITE_E_take_0006,181,56,125,125,0,0,0,4223.768900002597,4.576816099999633,7280
P01_WHITE_E_take_0007,182,54,128,128,0,0,0,4297.980500001813,4.633622599999853,26504
P01_WHITE_E_take_0008,181,59,122,122,0,0,0,4038.6193999966054,4.412518000000091,27164
P01_WHITE_E_take_0009,182,57,125,125,0,0,0,4317.585399997824,4.63978249999991,23684
P01_WHITE_E_take_0010,181,55,126,126,0,0,0,4218.945899996925,4.577287800000249,26520
P01_WHITE_I_take_0001,181,57,124,124,0,0,0,4086.566199999197,4.4580127999997785,22812
P01_WHITE_I_take_0002,182,61,121,121,0,0,0,4167.042199999287,4.493620899999769,16028
P01_WHITE_I_take_0003,182,59,123,123,0,0,0,4213.359900004434,4.523001300000033,19472
P01_WHITE_I_take_0004,185,61,124,124,0,0,0,4411.532899999202,4.713652700000239,13740
P01_WHITE_I_take_0005,183,58,125,125,0,0,0,4240.692200001831,4.549244499999986,23020
P01_WHITE_I_take_0006,182,63,119,119,0,0,0,4076.3891999990847,4.382229400000142,25208
P01_WHITE_I_take_0007,181,66,115,115,0,0,0,3798.270600000251,4.131737499999872,26504
P01_WHITE_I_take_0008,182,58,124,124,0,0,0,4298.3853999999155,4.611270700000205,7280
P01_WHITE_I_take_0009,182,59,123,123,0,0,0,4259.9746999967465,4.573080000000118,27164
P01_WHITE_I_take_0010,181,67,114,114,0,0,0,3814.4587000037973,4.136919100000341,23684
P01_WHITE_L_take_0001,181,62,119,119,0,0,0,3940.1854999955503,4.30665369999997,23020
P01_WHITE_L_take_0002,181,57,124,124,0,0,0,4099.963100001787,4.447769099999732,5692
P01_WHITE_L_take_0003,182,56,126,126,0,0,0,4297.877399999379,4.606646799999908,26520
P01_WHITE_L_take_0004,181,67,114,114,0,0,0,3863.5865999981434,4.215456800000084,18664
P01_WHITE_L_take_0005,181,61,120,120,0,0,0,4005.1129999992554,4.378076999999848,30392
P01_WHITE_L_take_0006,182,59,123,123,0,0,0,4224.827800000185,4.556852100000015,22812
P01_WHITE_L_take_0007,181,50,131,131,0,0,0,4410.1508000007925,4.797527100000025,23252
P01_WHITE_L_take_0008,181,57,124,124,0,0,0,4126.950300001681,4.485639400000309,24320
P01_WHITE_L_take_0009,181,62,119,119,0,0,0,4028.2541000010497,4.365673400000105,16028
P01_WHITE_L_take_0010,181,55,126,126,0,0,0,4235.606999999618,4.617582599999878,19472
P01_WHITE_M_take_0001,182,64,118,118,0,0,0,4080.0092999993467,4.3777022999997826,26504
P01_WHITE_M_take_0002,182,57,125,125,0,0,0,4393.704099999468,4.716587200000049,23684
P01_WHITE_M_take_0003,182,52,130,130,0,0,0,4645.45409999937,4.978970000000118,23020
P01_WHITE_M_take_0004,182,56,126,126,0,0,0,4447.607599997809,4.763334499999928,5692
P01_WHITE_M_take_0005,182,57,125,125,0,0,0,4319.589999998698,4.630800100000215,18664
P01_WHITE_M_take_0006,181,55,126,126,0,0,0,4217.949200000476,4.571687000000111,13740
P01_WHITE_M_take_0007,180,59,121,121,0,0,0,4032.5171000040427,4.42939350000006,5692
P01_WHITE_M_take_0008,182,58,124,124,0,0,0,4350.149300000339,4.663908699999865,30392
P01_WHITE_M_take_0009,182,56,126,126,0,0,0,4330.11690000103,4.6637565000000905,23252
P01_WHITE_M_take_0010,182,55,127,127,0,0,0,4296.349599996574,4.62579790000018,24320
P01_WHITE_N_take_0001,182,47,135,135,0,0,0,4756.609500003378,5.0907013999999435,13740
P01_WHITE_N_take_0002,182,51,131,131,0,0,0,4468.420999998216,4.830537899999854,16028
P01_WHITE_N_take_0003,181,57,124,124,0,0,0,4136.84559999956,4.5038494999998875,25208
P01_WHITE_N_take_0004,181,52,129,129,0,0,0,4400.509999998576,4.784658600000057,7280
P01_WHITE_N_take_0005,180,53,127,127,0,0,0,4078.0652999978884,4.578965600000174,18664
P01_WHITE_N_take_0006,181,57,124,124,0,0,0,4025.3495999986626,4.391275200000109,27164
P01_WHITE_N_take_0007,181,60,121,121,0,0,0,3972.91809999615,4.2970431999997345,26520
P01_WHITE_N_take_0008,182,54,128,128,0,0,0,4393.517500001508,4.757938100000047,19472
P01_WHITE_N_take_0009,182,51,131,131,0,0,0,4380.570700002409,4.741665000000012,25208
P01_WHITE_N_take_0010,181,53,128,128,0,0,0,4409.618999999566,4.781618099999832,22812
P01_WHITE_O_take_0001,182,55,127,127,0,0,0,4252.417300001525,4.585689600000023,7280
P01_WHITE_O_take_0002,182,58,124,124,0,0,0,4279.670099999748,4.5974740000001475,27164
P01_WHITE_O_take_0003,181,59,122,122,0,0,0,4033.0645000017284,4.380452400000195,26504
P01_WHITE_O_take_0004,181,52,129,129,0,0,0,4213.884400001916,4.59275099999968,23684
P01_WHITE_O_take_0005,181,61,120,120,0,0,0,4015.423399998781,4.374374900000021,23020
P01_WHITE_O_take_0006,182,55,127,127,0,0,0,4282.395099999121,4.6346881999998,26520
P01_WHITE_O_take_0007,181,59,122,122,0,0,0,4060.0836999983585,4.4167757000000165,5692
P01_WHITE_O_take_0008,181,57,124,124,0,0,0,4158.778699998038,4.53347500000018,18664
P01_WHITE_O_take_0009,181,57,124,124,0,0,0,4092.7065999999286,4.463611599999695,30392
P01_WHITE_O_take_0010,182,51,131,131,0,0,0,4379.668800000218,4.734905600000275,22812
P01_WHITE_P_take_0001,182,50,132,132,0,0,0,4485.247900001923,4.837820700000066,26504
P01_WHITE_P_take_0002,180,57,123,123,0,0,0,4020.670499998232,4.461334799999804,30392
P01_WHITE_P_take_0003,182,58,124,124,0,0,0,4204.669300002479,4.5481307000000015,23684
P01_WHITE_P_take_0004,182,57,125,125,0,0,0,4125.3417000007175,4.492761699999846,23020
P01_WHITE_P_take_0005,181,49,132,132,0,0,0,4500.593599998865,4.886162999999669,23252
P01_WHITE_P_take_0006,181,60,121,121,0,0,0,4062.2704000006706,4.414315500000157,24320
P01_WHITE_P_take_0007,180,54,126,126,0,0,0,4123.34509999846,4.672122199999649,23252
P01_WHITE_P_take_0008,180,50,130,130,0,0,0,4407.541600000059,4.894152200000008,24320
P01_WHITE_P_take_0009,181,53,128,128,0,0,0,4445.594899997559,4.793941899999936,16028
P01_WHITE_P_take_0010,182,55,127,127,0,0,0,4254.58200000412,4.595417300000008,5692
P01_WHITE_R_take_0001,182,51,131,131,0,0,0,4516.641000003801,4.858457499999986,18664
P01_WHITE_R_take_0002,182,50,132,132,0,0,0,4367.881499999839,4.715105700000095,30392
P01_WHITE_R_take_0003,182,58,124,124,0,0,0,4182.791600002474,4.521161799999845,23252
P01_WHITE_R_take_0004,181,49,132,132,0,0,0,4504.983800000446,4.889270499999839,19472
P01_WHITE_R_take_0005,181,54,127,127,0,0,0,4207.251200002702,4.595263000000159,13740
P01_WHITE_R_take_0006,181,55,126,126,0,0,0,4249.446899997565,4.611235400000169,25208
P01_WHITE_R_take_0007,182,48,134,134,0,0,0,4645.034699997268,4.9929299999998875,24320
P01_WHITE_R_take_0008,182,40,142,142,0,0,0,4751.908899999307,5.138128699999925,13740
P01_WHITE_R_take_0009,181,60,121,121,0,0,0,4017.5957000014932,4.358074600000236,7280
P01_WHITE_R_take_0010,181,55,126,126,0,0,0,4205.817299996397,4.560973000000104,27164
P01_WHITE_S_take_0001,182,59,123,123,0,0,0,4000.479099995573,4.361198800000238,16028
P01_WHITE_S_take_0002,182,62,120,120,0,0,0,4106.623000000127,4.457220799999959,19472
P01_WHITE_S_take_0003,181,55,126,126,0,0,0,4239.159900000686,4.608272500000112,26520
P01_WHITE_S_take_0004,182,59,123,123,0,0,0,4061.8868000019575,4.439427699999669,25208
P01_WHITE_S_take_0005,182,52,130,119,11,0,0,5497.94669999892,5.875454600000012,7280
P01_WHITE_S_take_0006,182,59,123,123,0,0,0,4091.8445000006614,4.451243299999987,27164
P01_WHITE_S_take_0007,175,56,119,119,0,0,0,4043.7026000017795,4.404510099999698,5692
P01_WHITE_S_take_0008,181,61,120,120,0,0,0,3991.522799999075,4.322039099999984,22812
P01_WHITE_S_take_0009,182,54,128,128,0,0,0,4269.72749999868,4.636137200000121,26520
P01_WHITE_S_take_0010,181,64,117,117,0,0,0,3867.667200001506,4.2170859000002565,26504
P01_WHITE_T_take_0001,182,61,121,121,0,0,0,4097.688599999401,4.457636200000252,22812
P01_WHITE_T_take_0002,182,63,119,119,0,0,0,4032.8220999967925,4.376548499999899,26504
P01_WHITE_T_take_0003,182,57,125,125,0,0,0,4242.77979999988,4.596653900000092,23684
P01_WHITE_T_take_0004,181,62,119,119,0,0,0,3959.4758999996884,4.308176700000331,23684
P01_WHITE_T_take_0005,181,55,126,126,0,0,0,4236.411699999735,4.59295689999999,23020
P01_WHITE_T_take_0006,181,59,122,122,0,0,0,4154.930799996691,4.503842300000088,5692
P01_WHITE_T_take_0007,182,57,125,125,0,0,0,4167.475900000682,4.546727700000247,23020
P01_WHITE_T_take_0008,181,61,120,120,0,0,0,3990.9732000000986,4.3440324000002875,18664
P01_WHITE_T_take_0009,182,61,121,121,0,0,0,4077.2960999970564,4.4263983000000735,5692
P01_WHITE_T_take_0010,183,60,123,123,0,0,0,4338.248400001703,4.657233600000382,5692
P01_WHITE_U_take_0001,179,54,125,125,0,0,0,4085.8672000008482,4.489708999999948,23684
P01_WHITE_U_take_0002,174,34,140,140,0,0,0,4908.165000001645,5.249064600000111,22812
P01_WHITE_U_take_0003,180,58,122,122,0,0,0,4067.7471000003607,4.528229999999894,16028
P01_WHITE_U_take_0004,180,48,132,132,0,0,0,4362.827100001141,4.8568795999999566,19472
P01_WHITE_U_take_0005,179,52,127,127,0,0,0,4175.245800000994,4.542093600000044,23020
P01_WHITE_U_take_0006,179,53,126,126,0,0,0,4165.628199994899,4.656214299999647,13740
P01_WHITE_U_take_0007,177,53,124,124,0,0,0,4027.81010000308,4.497231800000009,19472
P01_WHITE_U_take_0008,180,54,126,126,0,0,0,4107.222499999352,4.6407445999998345,25208
P01_WHITE_U_take_0009,178,69,109,109,0,0,0,3610.639500003799,3.961786099999699,19472
P01_WHITE_U_take_0010,178,54,124,124,0,0,0,4117.983699998604,4.50464570000031,25208
P01_WHITE_V_take_0001,182,59,123,123,0,0,0,4131.4918000016405,4.477110699999685,18664
P01_WHITE_V_take_0002,182,57,125,125,0,0,0,4260.58550000198,4.619807499999752,30392
P01_WHITE_V_take_0003,181,61,120,120,0,0,0,4047.4021000036373,4.3890863000001445,30392
P01_WHITE_V_take_0004,182,56,126,126,0,0,0,4273.140099993725,4.632338299999901,23252
P01_WHITE_V_take_0005,182,56,126,126,0,0,0,4269.730099999833,4.632582900000216,24320
P01_WHITE_V_take_0006,182,55,127,127,0,0,0,4310.727499995664,4.687161600000309,13740
P01_WHITE_V_take_0007,181,60,121,121,0,0,0,4030.1038000002336,4.368341300000338,23252
P01_WHITE_V_take_0008,181,46,135,135,0,0,0,4540.821200000664,4.9180867000000035,24320
P01_WHITE_V_take_0009,182,56,126,126,0,0,0,4366.384000003563,4.678861899999902,16028
P01_WHITE_V_take_0010,181,57,124,124,0,0,0,4208.075000000008,4.579425799999626,16028
P01_WHITE_W_take_0001,181,58,123,123,0,0,0,4098.031900003207,4.4493946000002325,19472
P01_WHITE_W_take_0002,182,56,126,126,0,0,0,4326.462000000447,4.648494100000335,19472
P01_WHITE_W_take_0003,182,59,123,123,0,0,0,4117.194800001016,4.461132700000235,25208
P01_WHITE_W_take_0004,181,57,124,124,0,0,0,4146.229099999346,4.5002432999999655,13740
P01_WHITE_W_take_0005,181,54,127,127,0,0,0,4313.252800001919,4.686449200000425,25208
P01_WHITE_W_take_0006,181,68,113,113,0,0,0,3824.4918999944275,4.13509780000004,7280
P01_WHITE_W_take_0007,182,55,127,127,0,0,0,4324.238899999727,4.643789600000218,7280
P01_WHITE_W_take_0008,182,64,118,118,0,0,0,4006.1512999986917,4.313834600000064,27164
P01_WHITE_W_take_0009,182,58,124,124,0,0,0,4302.672500002245,4.624813399999766,26520
P01_WHITE_W_take_0010,181,66,115,115,0,0,0,3847.347599999466,4.181308799999897,27164
P01_WHITE_Y_take_0001,181,54,127,127,0,0,0,4388.437699998121,4.722955499999898,26520
P01_WHITE_Y_take_0002,182,56,126,126,0,0,0,4337.944700002936,4.657053299999916,22812
P01_WHITE_Y_take_0003,182,52,130,130,0,0,0,4483.9287999980115,4.837119100000109,26504
P01_WHITE_Y_take_0004,182,62,120,120,0,0,0,4054.0296000017406,4.39561330000015,23684
P01_WHITE_Y_take_0005,182,55,127,127,0,0,0,4249.7355000000425,4.592621400000098,23020
P01_WHITE_Y_take_0006,182,56,126,126,0,0,0,4350.009700004193,4.690711600000213,5692
P01_WHITE_Y_take_0007,181,53,128,128,0,0,0,4248.451599999953,4.602025099999992,22812
P01_WHITE_Y_take_0008,181,72,109,109,0,0,0,3599.097699998765,3.8931613999998262,26504
P01_WHITE_Y_take_0009,182,59,123,123,0,0,0,4252.838000000793,4.590231800000311,18664
P01_WHITE_Y_take_0010,181,64,117,117,0,0,0,4003.7208999997347,4.344129000000066,23684
P02_BLACK_A_take_0001,159,55,104,104,0,0,0,3552.9696999992666,3.8077880000000732,22812
P02_BLACK_A_take_0002,156,46,110,110,0,0,0,3668.9688000001297,3.9287664999997105,18664
P02_BLACK_A_take_0003,159,55,104,104,0,0,0,3612.378799999533,3.871158799999648,26504
P02_BLACK_A_take_0004,158,55,103,103,0,0,0,3646.426699998756,3.893853399999898,23252
P02_BLACK_A_take_0005,161,53,108,105,3,0,0,4041.449999998804,4.305679699999928,16028
P02_BLACK_A_take_0006,157,59,98,98,0,0,0,3293.85019999836,3.5221646999998484,22812
P02_BLACK_A_take_0007,158,61,97,97,0,0,0,3343.2136999999784,3.5906119999999646,24320
P02_BLACK_A_take_0008,160,43,117,117,0,0,0,3953.041700002359,4.232527000000118,24320
P02_BLACK_A_take_0009,159,63,96,96,0,0,0,3227.1810000006553,3.4607872999999927,23684
P02_BLACK_A_take_0010,158,62,96,96,0,0,0,3210.4239000018424,3.4457211999997526,16028
P02_BLACK_B_take_0001,157,58,99,99,0,0,0,3336.7516999987856,3.5753138999998555,26504
P02_BLACK_B_take_0002,162,54,108,108,0,0,0,3799.9045999999908,4.054256700000224,18664
P02_BLACK_B_take_0003,159,62,97,97,0,0,0,3168.0460999978095,3.4161066000001483,13740
P02_BLACK_B_take_0004,158,58,100,100,0,0,0,3335.414999999557,3.5798993999997037,19472
P02_BLACK_B_take_0005,162,64,98,98,0,0,0,3258.355700003449,3.4907170000001315,30392
P02_BLACK_B_take_0006,157,52,105,105,0,0,0,3475.034600000072,3.7310591999998906,23684
P02_BLACK_B_take_0007,158,60,98,98,0,0,0,3384.2311999997037,3.637318100000357,25208
P02_BLACK_B_take_0008,159,52,107,107,0,0,0,3623.9466000029097,3.8819837000000916,23020
P02_BLACK_B_take_0009,153,52,101,101,0,0,0,3378.4637999988263,3.59661879999976,13740
P02_BLACK_B_take_0010,159,54,105,102,3,0,0,4325.986900000316,4.582912400000168,5692
P02_BLACK_C_take_0001,159,56,103,103,0,0,0,3425.0146999997924,3.68488219999972,18664
P02_BLACK_C_take_0002,160,48,112,111,1,0,0,4246.624499999598,4.523280100000193,16028
P02_BLACK_C_take_0003,159,49,110,110,0,0,0,3794.722700000875,4.057845699999689,30392
P02_BLACK_C_take_0004,157,64,93,93,0,0,0,3099.379799997223,3.341839600000185,13740
P02_BLACK_C_take_0005,158,53,105,105,0,0,0,3516.441499998564,3.7826531999999133,7280
P02_BLACK_C_take_0006,158,38,120,120,0,0,0,4313.666000000012,4.61801319999995,27164
P02_BLACK_C_take_0007,158,35,123,119,4,0,0,4668.539500002225,4.949844500000381,26520
P02_BLACK_C_take_0008,160,59,101,101,0,0,0,3342.737100001159,3.5981285999996544,19472
P02_BLACK_C_take_0009,159,51,108,107,1,0,0,3880.6507999970563,4.134854800000085,23252
P02_BLACK_C_take_0010,161,48,113,113,0,0,0,3966.8625000026623,4.23882440000034,19472
P02_BLACK_E_take_0001,172,50,122,122,0,0,0,4065.287000002627,4.390302300000258,13740
P02_BLACK_E_take_0002,169,62,107,107,0,0,0,3574.9186000007285,3.8251853000001574,5692
P02_BLACK_E_take_0003,174,64,110,110,0,0,0,3669.0523999977813,4.018338400000175,26504
P02_BLACK_E_take_0004,172,64,108,108,0,0,0,3722.1734999993714,4.003420399999868,23020
P02_BLACK_E_take_0005,160,69,91,91,0,0,0,3047.2134000010556,3.2749508000001697,25208
P02_BLACK_E_take_0006,153,53,100,100,0,0,0,3406.444800000827,3.536810200000218,23020
P02_BLACK_E_take_0007,162,61,101,101,0,0,0,3419.822900001236,3.6543361999997614,23252
P02_BLACK_E_take_0008,158,55,103,103,0,0,0,3433.777099998224,3.6914373999998134,22812
P02_BLACK_E_take_0009,164,63,101,101,0,0,0,3343.091599998843,3.606497699999636,23020
P02_BLACK_E_take_0010,158,57,101,101,0,0,0,3450.3944999983105,3.710583300000053,26504
P02_BLACK_I_take_0001,162,61,101,101,0,0,0,3399.1984000003868,3.649851099999978,24320
P02_BLACK_I_take_0002,174,63,111,111,0,0,0,3705.889100001059,3.9924046000001,26520
P02_BLACK_I_take_0003,176,68,108,108,0,0,0,3410.632899997836,3.788144900000134,24320
P02_BLACK_I_take_0004,169,56,113,113,0,0,0,3748.5954999947353,4.035012599999845,18664
P02_BLACK_I_take_0005,164,56,108,108,0,0,0,3571.2543000008736,3.8255362999998397,5692
P02_BLACK_I_take_0006,171,77,94,94,0,0,0,3167.62719999997,3.417090299999927,30392
P02_BLACK_I_take_0007,170,69,101,101,0,0,0,3392.4155000008795,3.648441699999694,7280
P02_BLACK_I_take_0008,170,66,104,104,0,0,0,3546.5218999966055,3.7939143999997214,27164
P02_BLACK_I_take_0009,161,68,93,93,0,0,0,3177.0434999962163,3.3982781999998224,25208
P02_BLACK_I_take_0010,162,63,99,99,0,0,0,3278.1409000021995,3.5311593999999786,16028
P02_BLACK_L_take_0001,172,66,106,106,0,0,0,3574.0303999969,3.853359499999897,5692
P02_BLACK_L_take_0002,171,68,103,103,0,0,0,3432.629900000393,3.6970068999999057,23252
P02_BLACK_L_take_0003,170,47,123,123,0,0,0,4248.572000002241,4.534792100000232,26520
P02_BLACK_L_take_0004,171,58,113,113,0,0,0,3885.7348999981696,4.1619393000000855,24320
P02_BLACK_L_take_0005,169,64,105,105,0,0,0,3587.2169000012946,3.8389428999998927,30392
P02_BLACK_L_take_0006,167,66,101,101,0,0,0,3350.6531999983054,3.5951238000002377,24320
P02_BLACK_L_take_0007,172,68,104,104,0,0,0,3490.7686000024114,3.754335799999808,18664
P02_BLACK_L_take_0008,166,39,127,127,0,0,0,4261.833599995953,4.579283200000191,13740
P02_BLACK_L_take_0009,168,63,105,105,0,0,0,3489.6313999988706,3.7403284000001804,30392
P02_BLACK_L_take_0010,167,70,97,97,0,0,0,3336.1503999999513,3.57850580000013,16028
P02_BLACK_M_take_0001,157,68,89,89,0,0,0,3313.5638000017025,3.5394243000000642,23020
P02_BLACK_M_take_0002,158,51,107,107,0,0,0,3669.163099999878,3.9379305999996177,23684
P02_BLACK_M_take_0003,160,56,104,104,0,0,0,4021.7910000014854,4.284124199999951,7280
P02_BLACK_M_take_0004,159,55,104,104,0,0,0,3607.271400001082,3.864622000000054,24320
P02_BLACK_M_take_0005,156,47,109,109,0,0,0,3979.3633000003865,4.2543117999998685,30392
P02_BLACK_M_take_0006,161,63,98,98,0,0,0,4216.77789999876,4.461344399999689,7280
P02_BLACK_M_take_0007,165,50,115,115,0,0,0,4323.882100000446,4.601240299999972,26520
P02_BLACK_M_take_0008,161,52,109,109,0,0,0,3910.902300000089,4.196247200000016,27164
P02_BLACK_M_take_0009,158,54,104,104,0,0,0,3659.4801000005646,3.8994283000001815,13740
P02_BLACK_M_take_0010,157,52,105,105,0,0,0,3962.8345000014633,4.211383000000296,5692
P02_BLACK_N_take_0001,163,54,109,109,0,0,0,4071.4413000018794,4.332784599999741,7280
P02_BLACK_N_take_0002,159,54,105,105,0,0,0,3674.3776000012076,3.9324876999999105,16028
P02_BLACK_N_take_0003,162,60,102,100,2,0,0,4185.361200001807,4.445755899999767,19472
P02_BLACK_N_take_0004,161,51,110,110,0,0,0,3866.033900000275,4.131573200000275,26520
P02_BLACK_N_take_0005,161,56,105,105,0,0,0,3725.4013999968265,3.9864073000003373,22812
P02_BLACK_N_take_0006,157,51,106,106,0,0,0,3588.3774999992966,3.8540585000000647,18664
P02_BLACK_N_take_0007,157,54,103,103,0,0,0,3514.6844000014426,3.7618296000000555,30392
P02_BLACK_N_take_0008,155,61,94,94,0,0,0,3250.9090999992623,3.4911157999999887,23684
P02_BLACK_N_take_0009,153,59,94,94,0,0,0,3324.7474000013426,3.5373460000000705,5692
P02_BLACK_N_take_0010,157,58,99,99,0,0,0,3426.413300001059,3.676948100000118,23252
P02_BLACK_O_take_0001,154,55,99,99,0,0,0,3640.2354000010746,3.8713213999999425,19472
P02_BLACK_O_take_0002,149,57,92,92,0,0,0,3231.1761000000843,3.358567799999946,26520
P02_BLACK_O_take_0003,150,56,94,94,0,0,0,3635.2271999999175,3.758134600000176,7280
P02_BLACK_O_take_0004,150,41,109,109,0,0,0,3781.250100001671,3.9341107000000193,27164
P02_BLACK_O_take_0005,154,79,75,75,0,0,0,2700.110800001312,2.862506899999971,25208
P02_BLACK_O_take_0006,157,41,116,116,0,0,0,3964.1644999992423,4.246653300000162,24320
P02_BLACK_O_take_0007,155,65,90,90,0,0,0,3006.7904999973507,3.2215234999998756,13740
P02_BLACK_O_take_0008,160,49,111,111,0,0,0,3792.530400002306,4.0725453999998535,27164
P02_BLACK_O_take_0009,157,59,98,98,0,0,0,3375.540500002444,3.6201007999998183,16028
P02_BLACK_O_take_0010,156,57,99,99,0,0,0,3359.564399996998,3.60022170000002,23252
P02_BLACK_P_take_0001,159,50,109,109,0,0,0,3548.50130000068,3.820799199999783,19472
P02_BLACK_P_take_0002,155,53,102,102,0,0,0,3440.7615000041005,3.692178700000113,23020
P02_BLACK_P_take_0003,145,61,84,84,0,0,0,2873.4138000008898,2.9891195000000153,24320
P02_BLACK_P_take_0004,145,51,94,93,1,0,0,3294.1485999976976,3.4161463999998887,16028
P02_BLACK_P_take_0005,153,46,107,107,0,0,0,3616.141300000436,3.75571009999976,18664
P02_BLACK_P_take_0006,154,59,95,95,0,0,0,3233.679000000393,3.4489103999999315,7280
P02_BLACK_P_take_0007,154,50,104,104,0,0,0,3460.5060000003505,3.6950282000002517,27164
P02_BLACK_P_take_0008,154,56,98,98,0,0,0,3282.681500002127,3.497675800000252,26520
P02_BLACK_P_take_0009,153,53,100,100,0,0,0,3381.929999998192,3.59722980000015,30392
P02_BLACK_P_take_0010,149,55,94,94,0,0,0,3263.3654999985993,3.3781346000000667,22812
P02_BLACK_R_take_0001,156,58,98,98,0,0,0,3295.9118000017043,3.5279467000000295,24320
P02_BLACK_R_take_0002,156,58,98,98,0,0,0,3432.264600000053,3.6664615999998205,16028
P02_BLACK_R_take_0003,158,49,109,109,0,0,0,3730.738599999313,3.991801099999975,23020
P02_BLACK_R_take_0004,157,43,114,114,0,0,0,3866.5304000037395,4.141670100000283,19472
P02_BLACK_R_take_0005,156,75,81,81,0,0,0,2757.1367000018654,2.964958900000056,19472
P02_BLACK_R_take_0006,157,44,113,113,0,0,0,3766.9454999991103,4.049196100000245,25208
P02_BLACK_R_take_0007,157,66,91,91,0,0,0,3209.640399998534,3.4301918999999543,7280
P02_BLACK_R_take_0008,159,58,101,101,0,0,0,3372.3285999976724,3.6193324999999277,25208
P02_BLACK_R_take_0009,158,50,108,108,0,0,0,3840.880799997649,4.107416199999989,5692
P02_BLACK_R_take_0010,157,46,111,111,0,0,0,3714.3598000016027,3.9939006000004156,27164
P02_BLACK_S_take_0001,146,62,84,84,0,0,0,2987.0867999998154,3.1094740999997157,23684
P02_BLACK_S_take_0002,146,65,81,81,0,0,0,3210.1501999986795,3.313564200000201,13740
P02_BLACK_S_take_0003,158,34,124,124,0,0,0,4141.521699998066,4.441551200000049,18664
P02_BLACK_S_take_0004,145,21,124,124,0,0,0,4159.509300000082,4.325036299999738,19472
P02_BLACK_S_take_0005,147,23,124,124,0,0,0,4192.259100002957,4.36185420000038,23252
P02_BLACK_S_take_0006,150,26,124,124,0,0,0,4288.004799999726,4.4473972999999205,26520
P02_BLACK_S_take_0007,154,56,98,98,0,0,0,3348.8357999990512,3.581512500000372,22812
P02_BLACK_S_take_0008,148,52,96,96,0,0,0,3221.0637999996834,3.3442684999999983,23020
P02_BLACK_S_take_0009,150,57,93,93,0,0,0,3137.7581999986432,3.251563100000112,22812
P02_BLACK_S_take_0010,160,55,105,105,0,0,0,3513.0812000033984,3.777036599999974,26520
P02_BLACK_T_take_0001,156,56,100,100,0,0,0,3370.5621999979485,3.6031529000001683,25208
P02_BLACK_T_take_0002,160,52,108,108,0,0,0,3601.486599998225,3.8713997999998355,22812
P02_BLACK_T_take_0003,156,58,98,98,0,0,0,3298.3767999994598,3.5482515999997304,7280
P02_BLACK_T_take_0004,152,47,105,105,0,0,0,3617.4759999989874,3.7526432000004206,5692
P02_BLACK_T_take_0005,152,54,98,98,0,0,0,3441.187599996738,3.568899799999599,18664
P02_BLACK_T_take_0006,157,60,97,97,0,0,0,3394.3890999980795,3.6479255999997804,26520
P02_BLACK_T_take_0007,150,55,95,95,0,0,0,3239.4108999983473,3.3551767000003565,26504
P02_BLACK_T_take_0008,159,57,102,102,0,0,0,3378.4992999999304,3.6274978999999803,7280
P02_BLACK_T_take_0009,150,48,102,102,0,0,0,3459.314100001393,3.5916133000000627,23684
P02_BLACK_T_take_0010,166,59,107,107,0,0,0,3597.006599998622,3.8509808999997404,23020
P02_BLACK_U_take_0001,145,49,96,96,0,0,0,3439.904800002296,3.5615829999997004,25208
P02_BLACK_U_take_0002,139,53,86,86,0,0,0,2971.0633000008784,3.091204800000014,23252
P02_BLACK_U_take_0003,142,44,98,98,0,0,0,3868.1409999981042,3.998850699999821,18664
P02_BLACK_U_take_0004,144,42,102,102,0,0,0,3838.582899998073,3.971527700000024,22812
P02_BLACK_U_take_0005,140,39,101,101,0,0,0,3533.619800001361,3.6635216999998192,23684
P02_BLACK_U_take_0006,141,45,96,96,0,0,0,3345.975399998224,3.4674725999998373,26504
P02_BLACK_U_take_0007,135,42,93,93,0,0,0,3313.0707999998776,3.437213100000008,16028
P02_BLACK_U_take_0008,143,38,105,105,0,0,0,3692.263799999637,3.835885099999814,23020
P02_BLACK_U_take_0009,140,47,93,93,0,0,0,3198.2859999993707,3.322914800000035,13740
P02_BLACK_U_take_0010,144,46,98,96,2,0,0,3508.490899998378,3.638545900000281,26504
P02_BLACK_V_take_0001,161,56,105,105,0,0,0,3493.5562000014215,3.74529289999964,26504
P02_BLACK_V_take_0002,162,61,101,101,0,0,0,3395.722800000385,3.637247000000116,25208
P02_BLACK_V_take_0003,154,59,95,95,0,0,0,3186.9488999977875,3.3985279000003175,26504
P02_BLACK_V_take_0004,154,63,91,91,0,0,0,2957.4577000003046,3.172979899999973,23684
P02_BLACK_V_take_0005,172,81,91,91,0,0,0,2965.497500003039,3.2021966000002067,30392
P02_BLACK_V_take_0006,170,74,96,96,0,0,0,3156.309700001202,3.392397600000095,22812
P02_BLACK_V_take_0007,167,71,96,96,0,0,0,3252.2429000000557,3.4773745000002236,19472
P02_BLACK_V_take_0008,162,64,98,98,0,0,0,3367.6555999986704,3.6109122999996544,7280
P02_BLACK_V_take_0009,157,45,112,112,0,0,0,3813.4175000013784,4.0739840000001095,22812
P02_BLACK_V_take_0010,168,60,108,108,0,0,0,3663.1040999977813,3.9082138000003397,23252
P02_BLACK_W_take_0001,154,51,103,103,0,0,0,3490.160900002593,3.7283237999999983,13740
P02_BLACK_W_take_0002,156,44,112,112,0,0,0,3790.8288000003267,4.062985600000047,27164
P02_BLACK_W_take_0003,156,56,100,100,0,0,0,3340.368799996213,3.570084699999825,26520
P02_BLACK_W_take_0004,155,59,96,96,0,0,0,3391.3291999997455,3.648501000000124,5692
P02_BLACK_W_take_0005,156,50,106,106,0,0,0,3546.089800000118,3.819974000000002,22812
P02_BLACK_W_take_0006,155,58,97,97,0,0,0,3255.5469999992965,3.4922295999999733,18664
P02_BLACK_W_take_0007,152,53,99,99,0,0,0,3603.1692000024123,3.7351886000001286,30392
P02_BLACK_W_take_0008,149,58,91,91,0,0,0,3740.994900002079,3.8594914999998764,26504
P02_BLACK_W_take_0009,145,44,101,101,0,0,0,3526.6822000012326,3.6645650000000387,7280
P02_BLACK_W_take_0010,146,50,96,96,0,0,0,3351.702700002079,3.4801127999999153,23684
P02_BLACK_Y_take_0001,151,65,86,86,0,0,0,2907.88510000084,3.0132714999999735,24320
P02_BLACK_Y_take_0002,157,53,104,104,0,0,0,3585.8001999990847,3.831937100000232,26504
P02_BLACK_Y_take_0003,151,51,100,100,0,0,0,3403.5077000003184,3.545438699999977,16028
P02_BLACK_Y_take_0004,151,51,100,100,0,0,0,3322.2376999992775,3.46168519999992,19472
P02_BLACK_Y_take_0005,160,58,102,102,0,0,0,3738.304799999696,3.9959661000002598,26504
P02_BLACK_Y_take_0006,154,54,100,100,0,0,0,3364.341299999978,3.5746640000002117,23020
P02_BLACK_Y_take_0007,154,70,84,84,0,0,0,2832.448300001488,3.030034599999908,5692
P02_BLACK_Y_take_0008,153,67,86,86,0,0,0,2968.0071999987376,3.1040243000002192,23252
P02_BLACK_Y_take_0009,153,53,100,100,0,0,0,3410.2077999959874,3.5376360999998724,26520
P02_BLACK_Y_take_0010,153,65,88,88,0,0,0,3031.553000000258,3.1560323000003336,22812
P02_BLUE_A_take_0001,157,49,108,108,0,0,0,3657.7446999999665,3.922806099999889,23684
P02_BLUE_A_take_0002,157,47,110,110,0,0,0,3679.865699997663,3.939464300000054,13740
P02_BLUE_A_take_0003,157,54,103,103,0,0,0,3451.921099995161,3.6945575999998255,23020
P02_BLUE_A_take_0004,156,47,109,109,0,0,0,3660.999899997023,3.927954299999783,26504
P02_BLUE_A_take_0005,157,53,104,104,0,0,0,3535.40810000095,3.80110169999989,5692
P02_BLUE_A_take_0006,157,58,99,99,0,0,0,3307.606399999713,3.5558819000002586,18664
P02_BLUE_A_take_0007,157,53,104,104,0,0,0,3564.4457000025795,3.8057880999999725,30392
P02_BLUE_A_take_0008,159,51,108,108,0,0,0,3560.843500001738,3.828871500000332,27164
P02_BLUE_A_take_0009,156,48,108,108,0,0,0,3673.5955999993166,3.944935500000156,23684
P02_BLUE_A_take_0010,155,51,104,104,0,0,0,3522.864899999604,3.7817967000000863,30392
P02_BLUE_B_take_0001,152,52,100,100,0,0,0,3483.7920000027225,3.6301282999997966,23252
P02_BLUE_B_take_0002,157,37,120,120,0,0,0,4038.4567999990395,4.331272900000386,23252
P02_BLUE_B_take_0003,158,52,106,106,0,0,0,3529.182700000547,3.7836270000002514,30392
P02_BLUE_B_take_0004,164,47,117,117,0,0,0,3853.268800000933,4.153755100000126,18664
P02_BLUE_B_take_0005,148,52,96,96,0,0,0,3274.582599997757,3.406072800000402,5692
P02_BLUE_B_take_0006,151,54,97,97,0,0,0,3413.464899999326,3.544622999999774,25208
P02_BLUE_B_take_0007,150,35,115,115,0,0,0,3946.199800001523,4.100441099999898,13740
P02_BLUE_B_take_0008,155,56,99,99,0,0,0,3345.403499999975,3.58527150000009,23252
P02_BLUE_B_take_0009,154,48,106,106,0,0,0,3600.4659999994146,3.847833900000296,18664
P02_BLUE_B_take_0010,152,53,99,99,0,0,0,3405.34179999986,3.534689399999934,24320
P02_BLUE_C_take_0001,156,31,125,125,0,0,0,4203.818699999829,4.518488700000034,13740
P02_BLUE_C_take_0002,154,32,122,122,0,0,0,4113.407599998027,4.377166600000237,30392
P02_BLUE_C_take_0003,155,42,113,113,0,0,0,3838.747699999203,4.107006799999908,24320
P02_BLUE_C_take_0004,156,43,113,113,0,0,0,3742.9526999985683,4.037414099999751,23020
P02_BLUE_C_take_0005,152,34,118,118,0,0,0,4034.654600000522,4.192972600000303,16028
P02_BLUE_C_take_0006,157,34,123,123,0,0,0,4170.515400002387,4.466030700000374,24320
P02_BLUE_C_take_0007,151,45,106,106,0,0,0,3757.162099994275,3.898741599999994,7280
P02_BLUE_C_take_0008,148,49,99,99,0,0,0,3461.896499998602,3.5947464999999283,18664
P02_BLUE_C_take_0009,156,54,102,102,0,0,0,3349.0815999975894,3.6029880999999477,5692
P02_BLUE_C_take_0010,147,41,106,106,0,0,0,3495.970500000112,3.632011600000169,24320
P02_BLUE_E_take_0001,156,51,105,105,0,0,0,3491.921700001967,3.7636398999998164,18664
P02_BLUE_E_take_0002,158,39,119,119,0,0,0,3959.26359999703,4.243636100000003,23252
P02_BLUE_E_take_0003,159,49,110,110,0,0,0,3732.0181999989472,4.003798800000368,26520
P02_BLUE_E_take_0004,153,49,104,104,0,0,0,3524.0321999990556,3.658413600000131,26504
P02_BLUE_E_take_0005,151,56,95,95,0,0,0,3302.0532000000458,3.423367000000326,27164
P02_BLUE_E_take_0006,156,63,93,93,0,0,0,3145.6137000004674,3.365174499999739,30392
P02_BLUE_E_take_0007,151,55,96,96,0,0,0,3263.7271999988116,3.4010619999999108,26520
P02_BLUE_E_take_0008,150,55,95,95,0,0,0,3136.317900003178,3.255816700000196,23020
P02_BLUE_E_take_0009,165,38,127,127,0,0,0,4190.802699997221,4.50703220000014,22812
P02_BLUE_E_take_0010,153,51,102,102,0,0,0,3547.793799998999,3.6824102999999013,23684
P02_BLUE_I_take_0001,161,51,110,87,23,0,0,5151.610299998083,5.407048099999884,23684
P02_BLUE_I_take_0002,159,60,99,99,0,0,0,3364.659300000767,3.6057007000003978,22812
P02_BLUE_I_take_0003,159,40,119,119,0,0,0,4029.044500001419,4.323633399999835,26504
P02_BLUE_I_take_0004,157,48,109,109,0,0,0,3693.7079000022095,3.9482256999999663,16028
P02_BLUE_I_take_0005,158,40,118,118,0,0,0,4572.043899996515,4.8548501000000215,24320
P02_BLUE_I_take_0006,156,54,102,102,0,0,0,3390.6324000017776,3.6401786000001266,23252
P02_BLUE_I_take_0007,157,48,109,109,0,0,0,3762.686900000517,4.0309800999998515,19472
P02_BLUE_I_take_0008,155,65,90,90,0,0,0,3062.220600000728,3.2881442000002608,16028
P02_BLUE_I_take_0009,156,45,111,111,0,0,0,3773.1252000003224,4.03772059999983,24320
P02_BLUE_I_take_0010,156,56,100,100,0,0,0,3259.5732000013413,3.497494000000188,16028
P02_BLUE_L_take_0001,157,44,113,113,0,0,0,3713.021700000354,3.9943578000002162,25208
P02_BLUE_L_take_0002,159,56,103,103,0,0,0,3479.384899998877,3.736834700000145,23684
P02_BLUE_L_take_0003,154,49,105,105,0,0,0,3554.5900999995865,3.7826026000002457,23252
P02_BLUE_L_take_0004,157,55,102,102,0,0,0,3415.340300000935,3.6671180000003005,7280
P02_BLUE_L_take_0005,156,53,103,103,0,0,0,3447.0237000045927,3.7082930000001397,19472
P02_BLUE_L_take_0006,157,49,108,108,0,0,0,3626.9491999978527,3.8889428000002226,27164
P02_BLUE_L_take_0007,155,50,105,105,0,0,0,3511.9118999982675,3.766396800000166,19472
P02_BLUE_L_take_0008,155,55,100,100,0,0,0,3393.9080000013746,3.6406339000000116,25208
P02_BLUE_L_take_0009,157,55,102,102,0,0,0,3365.4234999971777,3.6187230999998974,26520
P02_BLUE_L_take_0010,159,54,105,105,0,0,0,3507.636100000127,3.767385699999977,13740
P02_BLUE_M_take_0001,153,59,94,94,0,0,0,3253.853399999116,3.37999230000014,13740
P02_BLUE_M_take_0002,154,47,107,107,0,0,0,3586.0987999990357,3.838395799999944,24320
P02_BLUE_M_take_0003,154,48,106,106,0,0,0,3581.135200000972,3.816108400000303,16028
P02_BLUE_M_take_0004,155,63,92,92,0,0,0,3171.6064000038386,3.4011475000002065,7280
P02_BLUE_M_take_0005,155,58,97,97,0,0,0,3287.384400000974,3.52907550000009,27164
P02_BLUE_M_take_0006,161,56,105,105,0,0,0,3587.3101999995924,3.8407336999998734,13740
P02_BLUE_M_take_0007,151,45,106,106,0,0,0,3671.42300000296,3.8145189000001665,22812
P02_BLUE_M_take_0008,160,49,111,111,0,0,0,3839.820899998813,4.119621499999994,23684
P02_BLUE_M_take_0009,152,47,105,105,0,0,0,3619.0819000016745,3.7580997999998544,19472
P02_BLUE_M_take_0010,151,46,105,105,0,0,0,3584.84640000097,3.72593310000002,26504
P02_BLUE_N_take_0001,156,54,102,102,0,0,0,3476.4952000009544,3.7215088999996624,25208
P02_BLUE_N_take_0002,158,50,108,108,0,0,0,3672.5537999986955,3.926662099999703,16028
P02_BLUE_N_take_0003,160,58,102,102,0,0,0,3408.624900000632,3.6679119000000355,13740
P02_BLUE_N_take_0004,157,50,107,107,0,0,0,3673.24840000083,3.926750699999957,22812
P02_BLUE_N_take_0005,157,39,118,118,0,0,0,3873.2423999972525,4.169140400000288,26504
P02_BLUE_N_take_0006,160,58,102,102,0,0,0,3453.8413000004766,3.702652500000113,23020
P02_BLUE_N_take_0007,158,40,118,118,0,0,0,3946.04980000031,4.232273099999929,19472
P02_BLUE_N_take_0008,161,52,109,109,0,0,0,3654.5821000013348,3.9328135999999176,23020
P02_BLUE_N_take_0009,160,47,113,113,0,0,0,3808.9785000011034,4.090902699999788,5692
P02_BLUE_N_take_0010,161,49,112,112,0,0,0,3735.50879999857,4.012619600000107,5692
P02_BLUE_O_take_0001,156,50,106,106,0,0,0,3495.279200000823,3.7639555999999175,7280
P02_BLUE_O_take_0002,169,80,89,89,0,0,0,3027.361800000108,3.257809499999894,23252
P02_BLUE_O_take_0003,159,61,98,98,0,0,0,3296.070599997165,3.540595499999654,23020
P02_BLUE_O_take_0004,160,57,103,103,0,0,0,3510.7452000033845,3.7732578000000103,18664
P02_BLUE_O_take_0005,156,58,98,98,0,0,0,3315.300099999149,3.562350800000331,27164
P02_BLUE_O_take_0006,156,58,98,98,0,0,0,3333.33900000207,3.5553249999998116,26520
P02_BLUE_O_take_0007,168,62,106,106,0,0,0,3507.3326000015186,3.765121999999792,24320
P02_BLUE_O_take_0008,173,58,115,115,0,0,0,3858.936399995855,4.152158100000179,19472
P02_BLUE_O_take_0009,157,48,109,109,0,0,0,3635.509899997942,3.9055976999998165,23684
P02_BLUE_O_take_0010,161,55,106,106,0,0,0,3577.8272999968976,3.8439159999998083,18664
P02_BLUE_P_take_0001,156,51,105,105,0,0,0,3488.823599999705,3.737221899999895,22812
P02_BLUE_P_take_0002,156,53,103,103,0,0,0,3624.0751999994245,3.8742412999999942,26504
P02_BLUE_P_take_0003,155,49,106,106,0,0,0,3504.5832000009796,3.7600883000000067,26520
P02_BLUE_P_take_0004,151,48,103,103,0,0,0,3528.887199998735,3.6733643000002303,23684
P02_BLUE_P_take_0005,155,54,101,101,0,0,0,3494.3170999995345,3.7486424999997325,22812
P02_BLUE_P_take_0006,156,48,108,108,0,0,0,3604.160799998681,3.8697227999996358,23684
P02_BLUE_P_take_0007,156,44,112,112,0,0,0,3842.8645999993023,4.10387209999999,13740
P02_BLUE_P_take_0008,152,48,104,104,0,0,0,3601.66229999777,3.750858899999912,25208
P02_BLUE_P_take_0009,157,56,101,101,0,0,0,3391.4096000007703,3.6346394000001965,13740
P02_BLUE_P_take_0010,156,50,106,106,0,0,0,3520.3675999982806,3.785223699999733,23020
P02_BLUE_R_take_0001,159,46,113,113,0,0,0,3772.983899997598,4.042668500000218,5692
P02_BLUE_R_take_0002,154,49,105,105,0,0,0,3645.7247000030293,3.9092451999999867,19472
P02_BLUE_R_take_0003,157,49,108,108,0,0,0,3638.2657999988623,3.9173226999996587,23020
P02_BLUE_R_take_0004,158,39,119,119,0,0,0,4015.309899998101,4.3094715000002,25208
P02_BLUE_R_take_0005,158,42,116,116,0,0,0,3953.629300002376,4.238247300000239,7280
P02_BLUE_R_take_0006,159,51,108,108,0,0,0,3645.5195000044114,3.8940252000002147,18664
P02_BLUE_R_take_0007,162,46,116,116,0,0,0,3946.4823999987857,4.228078900000128,27164
P02_BLUE_R_take_0008,158,50,108,108,0,0,0,3621.476000000712,3.8745850000000246,27164
P02_BLUE_R_take_0009,154,54,100,100,0,0,0,3520.5744999971103,3.76344569999992,25208
P02_BLUE_R_take_0010,152,53,99,99,0,0,0,3514.0318999988267,3.646784000000025,7280
P02_BLUE_S_take_0001,157,49,108,108,0,0,0,3633.250100000623,3.9044943000003514,5692
P02_BLUE_S_take_0002,156,50,106,106,0,0,0,3597.4664000027587,3.8514979999999923,5692
P02_BLUE_S_take_0003,155,48,107,107,0,0,0,3610.5148999977246,3.885793399999784,26504
P02_BLUE_S_take_0004,152,57,95,95,0,0,0,3362.094100001741,3.4957028000003447,27164
P02_BLUE_S_take_0005,149,52,97,97,0,0,0,3265.491499998461,3.3919323000000077,23684
P02_BLUE_S_take_0006,153,53,100,100,0,0,0,3370.104499999343,3.493034699999953,23020
P02_BLUE_S_take_0007,155,53,102,102,0,0,0,3430.0300000004427,3.692878800000017,23684
P02_BLUE_S_take_0008,150,50,100,100,0,0,0,3310.8825999988767,3.444806999999855,5692
P02_BLUE_S_take_0009,156,66,90,90,0,0,0,3045.197100000223,3.2679580999997597,18664
P02_BLUE_S_take_0010,152,37,115,115,0,0,0,3862.874100000681,4.023622400000022,13740
P02_BLUE_T_take_0001,156,60,96,96,0,0,0,3230.8407000000443,3.475009900000259,30392
P02_BLUE_T_take_0002,151,56,95,95,0,0,0,3169.441800003824,3.3008547999997973,23252
P02_BLUE_T_take_0003,147,60,87,87,0,0,0,3030.745200000638,3.1463423999998668,16028
P02_BLUE_T_take_0004,157,72,85,85,0,0,0,2831.9463999996515,3.0429604000000836,18664
P02_BLUE_T_take_0005,160,61,99,99,0,0,0,3270.5331000001934,3.502880699999878,30392
P02_BLUE_T_take_0006,154,48,106,106,0,0,0,3624.5696999990287,3.86060980000002,7280
P02_BLUE_T_take_0007,151,57,94,94,0,0,0,3279.791099999784,3.413394100000005,24320
P02_BLUE_T_take_0008,155,61,94,94,0,0,0,3130.5524999993395,3.363526300000103,13740
P02_BLUE_T_take_0009,158,61,97,97,0,0,0,3343.581100001302,3.574735299999702,26520
P02_BLUE_T_take_0010,159,56,103,103,0,0,0,3442.716300000484,3.6947046999998747,30392
P02_BLUE_U_take_0001,159,57,102,102,0,0,0,3366.741099999217,3.63717940000015,23252
P02_BLUE_U_take_0002,157,49,108,108,0,0,0,3656.287200000861,3.9301581999998234,30392
P02_BLUE_U_take_0003,157,58,99,99,0,0,0,3235.498600002302,3.4949313000001894,23252
P02_BLUE_U_take_0004,158,44,114,114,0,0,0,3946.7250000016065,4.223637900000085,22812
P02_BLUE_U_take_0005,158,48,110,110,0,0,0,3775.4244000020662,4.053742000000057,26504
P02_BLUE_U_take_0006,159,39,120,120,0,0,0,4092.512400002306,4.396900300000198,24320
P02_BLUE_U_take_0007,155,48,107,107,0,0,0,3629.447500002243,3.885784500000227,23020
P02_BLUE_U_take_0008,156,50,106,106,0,0,0,3506.497400003809,3.7778714000000946,23252
P02_BLUE_U_take_0009,149,48,101,101,0,0,0,3534.783199999765,3.6701271000001725,13740
P02_BLUE_U_take_0010,153,49,104,104,0,0,0,3510.9184999978424,3.659694699999818,5692
P02_BLUE_V_take_0001,157,54,103,103,0,0,0,3443.403799999487,3.6966105999999854,24320
P02_BLUE_V_take_0002,153,44,109,109,0,0,0,3648.5811999987163,3.785504200000105,18664
P02_BLUE_V_take_0003,154,56,98,98,0,0,0,3304.7504999981356,3.5298909000002823,27164
P02_BLUE_V_take_0004,153,52,101,101,0,0,0,3386.8556000002172,3.5158877999997458,30392
P02_BLUE_V_take_0005,151,57,94,94,0,0,0,3175.700200004485,3.2951806999999462,16028
P02_BLUE_V_take_0006,157,59,98,98,0,0,0,3366.194600003382,3.6096819999997933,16028
P02_BLUE_V_take_0007,157,57,100,100,0,0,0,3399.058199999672,3.648844299999837,19472
P02_BLUE_V_take_0008,159,63,96,96,0,0,0,3266.2250000034874,3.5189955000000737,16028
P02_BLUE_V_take_0009,157,59,98,98,0,0,0,3273.392199999307,3.5350773999998637,25208
P02_BLUE_V_take_0010,162,63,99,99,0,0,0,3261.1960000008366,3.51349110000001,26520
P02_BLUE_W_take_0001,157,56,101,101,0,0,0,3434.7657000021172,3.701128300000164,7280
P02_BLUE_W_take_0002,157,52,105,105,0,0,0,3507.8181000003497,3.768735000000106,27164
P02_BLUE_W_take_0003,153,54,99,99,0,0,0,3496.8591000010747,3.6304817000000185,23252
P02_BLUE_W_take_0004,154,51,103,103,0,0,0,3525.425999996969,3.7584851000001436,26520
P02_BLUE_W_take_0005,147,48,99,99,0,0,0,3418.012999999064,3.5406952000003002,19472
P02_BLUE_W_take_0006,157,54,103,103,0,0,0,3439.2112000005,3.683636000000206,26520
P02_BLUE_W_take_0007,157,55,102,102,0,0,0,3372.49010000005,3.6211160999996537,22812
P02_BLUE_W_take_0008,158,56,102,102,0,0,0,3500.8128999970722,3.7480270999999448,23684
P02_BLUE_W_take_0009,158,58,100,100,0,0,0,3358.1086999993204,3.6107584999999744,13740
P02_BLUE_W_take_0010,157,36,121,121,0,0,0,4103.43980000016,4.408427999999731,26504
P02_BLUE_Y_take_0001,157,54,103,103,0,0,0,3441.2058000007164,3.7009225000001607,23684
P02_BLUE_Y_take_0002,159,51,108,108,0,0,0,3706.8513000003804,3.966067999999723,19472
P02_BLUE_Y_take_0003,159,47,112,112,0,0,0,3767.513200000849,4.046784899999693,25208
P02_BLUE_Y_take_0004,157,57,100,100,0,0,0,3313.3371000017178,3.5656481999999414,13740
P02_BLUE_Y_take_0005,151,39,112,112,0,0,0,3907.331399996565,4.056034900000213,19472
P02_BLUE_Y_take_0006,158,51,107,107,0,0,0,3598.3006999999816,3.8655585999999857,23020
P02_BLUE_Y_take_0007,157,43,114,114,0,0,0,3757.1885999973347,4.029604699999709,23020
P02_BLUE_Y_take_0008,154,40,114,114,0,0,0,3885.0852000005034,4.180135999999948,22812
P02_BLUE_Y_take_0009,150,48,102,102,0,0,0,3582.323200001156,3.718223500000022,18664
P02_BLUE_Y_take_0010,155,51,104,104,0,0,0,3468.4322999978576,3.734080599999743,5692
P02_WHITE_A_take_0001,181,49,132,132,0,0,0,4409.200899999632,4.792703500000243,23020
P02_WHITE_A_take_0002,182,58,124,124,0,0,0,4156.877200002327,4.498417600000266,30392
P02_WHITE_A_take_0003,181,58,123,123,0,0,0,4149.001300002055,4.50330410000015,5692
P02_WHITE_A_take_0004,181,51,130,130,0,0,0,4387.997399996038,4.729572299999745,18664
P02_WHITE_A_take_0005,181,61,120,120,0,0,0,4009.8467000007076,4.328213700000106,30392
P02_WHITE_A_take_0006,181,62,119,119,0,0,0,3966.563700000279,4.311156299999766,23252
P02_WHITE_A_take_0007,181,54,127,127,0,0,0,4387.231900001552,4.722396899999694,24320
P02_WHITE_A_take_0008,181,92,89,89,0,0,0,2943.518499998845,3.1857093999997232,16028
P02_WHITE_A_take_0009,181,72,109,109,0,0,0,3702.0301999978074,4.005285400000048,19472
P02_WHITE_A_take_0010,181,74,107,107,0,0,0,3558.157200000096,3.8796579999998357,13740
P02_WHITE_B_take_0001,182,70,112,112,0,0,0,3874.715300002208,4.166865799999869,23252
P02_WHITE_B_take_0002,181,73,108,108,0,0,0,3736.557900002481,4.0248100999997405,25208
P02_WHITE_B_take_0003,181,65,116,116,0,0,0,3925.8876999974746,4.243525600000339,7280
P02_WHITE_B_take_0004,182,61,121,121,0,0,0,4100.821099999848,4.415032800000063,24320
P02_WHITE_B_take_0005,181,59,122,122,0,0,0,4161.685100003524,4.500266100000317,27164
P02_WHITE_B_take_0006,182,64,118,118,0,0,0,3941.6392000007363,4.25333320000027,13740
P02_WHITE_B_take_0007,182,61,121,121,0,0,0,4095.3601999995044,4.413633199999822,16028
P02_WHITE_B_take_0008,182,66,116,116,0,0,0,3947.047200002089,4.264401500000076,19472
P02_WHITE_B_take_0009,181,75,106,106,0,0,0,3548.110399998677,3.8423579999998765,26520
P02_WHITE_B_take_0010,182,58,124,124,0,0,0,4147.976899999776,4.476804000000357,25208
P02_WHITE_C_take_0001,181,66,115,115,0,0,0,3855.4386000018894,4.18623800000023,22812
P02_WHITE_C_take_0002,181,56,125,125,0,0,0,4217.279999998482,4.567410699999982,26504
P02_WHITE_C_take_0003,181,60,121,121,0,0,0,4027.9780000000756,4.366362400000071,23684
P02_WHITE_C_take_0004,181,65,116,116,0,0,0,3937.3853000001873,4.26795119999997,23020
P02_WHITE_C_take_0005,181,57,124,124,0,0,0,4284.5137000008435,4.635887000000366,5692
P02_WHITE_C_take_0006,181,68,113,113,0,0,0,3840.3887000004033,4.157264599999962,18664
P02_WHITE_C_take_0007,181,56,125,125,0,0,0,4126.2770000003,4.47003629999972,30392
P02_WHITE_C_take_0008,180,61,119,119,0,0,0,3909.2383000001973,4.358404900000096,7280
P02_WHITE_C_take_0009,179,75,104,104,0,0,0,3631.3252999984797,3.978807599999982,26504
P02_WHITE_C_take_0010,181,67,114,114,0,0,0,3806.0922999993636,4.110247999999956,23252
P02_WHITE_E_take_0001,181,65,116,116,0,0,0,3805.060399998183,4.1196022999997695,24320
P02_WHITE_E_take_0002,182,68,114,114,0,0,0,3858.695200002785,4.190421499999957,7280
P02_WHITE_E_take_0003,182,54,128,128,0,0,0,4253.24449999971,4.596057499999915,27164
P02_WHITE_E_take_0004,181,65,116,114,2,0,0,4196.095499999956,4.53223909999997,16028
P02_WHITE_E_take_0005,180,48,132,132,0,0,0,4285.602900003141,4.841444499999852,27164
P02_WHITE_E_take_0006,181,60,121,121,0,0,0,4113.1140999996205,4.459903200000099,19472
P02_WHITE_E_take_0007,180,56,124,124,0,0,0,4105.713399998876,4.5119729000002735,26520
P02_WHITE_E_take_0008,182,64,118,118,0,0,0,4001.547999997001,4.332096200000251,26520
P02_WHITE_E_take_0009,181,80,101,101,0,0,0,3453.367699999035,3.725455400000101,13740
P02_WHITE_E_take_0010,181,69,112,112,0,0,0,3808.621299997867,4.113363299999946,25208
P02_WHITE_I_take_0001,181,62,119,119,0,0,0,4012.026900001729,4.339849399999821,7280
P02_WHITE_I_take_0002,181,66,115,115,0,0,0,3923.4292000001005,4.226780500000132,27164
P02_WHITE_I_take_0003,181,52,129,129,0,0,0,4360.395899997457,4.715844500000003,26520
P02_WHITE_I_take_0004,182,64,118,118,0,0,0,4150.509699999475,4.477186999999958,22812
P02_WHITE_I_take_0005,180,60,120,120,0,0,0,3972.155700001167,4.377650399999766,22812
P02_WHITE_I_take_0006,182,67,115,115,0,0,0,3805.6960999992953,4.123116100000061,26504
P02_WHITE_I_take_0007,182,77,105,105,0,0,0,3546.886299999642,3.8460298999998486,23684
P02_WHITE_I_take_0008,182,73,109,109,0,0,0,3636.598499998854,3.9163715999998203,23020
P02_WHITE_I_take_0009,181,48,133,133,0,0,0,4432.894400004898,4.819815199999994,22812
P02_WHITE_I_take_0010,182,71,111,111,0,0,0,3796.036899997489,4.086902199999713,5692
P02_WHITE_L_take_0001,182,70,112,112,0,0,0,3993.9256999964527,4.289333599999736,18664
P02_WHITE_L_take_0002,181,79,102,102,0,0,0,3395.971899997221,3.707752100000107,26504
P02_WHITE_L_take_0003,182,71,111,111,0,0,0,3818.9125000021704,4.118354900000213,30392
P02_WHITE_L_take_0004,180,64,116,116,0,0,0,3855.0492999997914,4.334621999999854,26504
P02_WHITE_L_take_0005,181,73,108,108,0,0,0,3613.028800001757,3.9057229000000007,23684
P02_WHITE_L_take_0006,181,63,118,118,0,0,0,4011.1447999984193,4.32745339999974,23020
P02_WHITE_L_take_0007,182,89,93,93,0,0,0,3091.2504000011722,3.3291893999999047,23252
P02_WHITE_L_take_0008,180,64,116,116,0,0,0,3784.109000000626,4.3257292999996935,23684
P02_WHITE_L_take_0009,181,61,120,120,0,0,0,4116.903299998285,4.481603199999881,5692
P02_WHITE_L_take_0010,181,66,115,114,1,0,0,4018.256799999108,4.353900999999951,18664
P02_WHITE_M_take_0001,182,65,117,117,0,0,0,3950.9905000008985,4.256625500000155,24320
P02_WHITE_M_take_0002,179,78,101,101,0,0,0,3301.8904000014118,3.635726800000157,23684
P02_WHITE_M_take_0003,181,62,119,119,0,0,0,4010.4735999975674,4.337702199999967,30392
P02_WHITE_M_take_0004,182,62,120,118,2,0,0,4372.656900000948,4.713377300000047,13740
P02_WHITE_M_take_0005,181,67,114,114,0,0,0,3856.2348999998903,4.161592299999938,23252
P02_WHITE_M_take_0006,182,58,124,124,0,0,0,4194.967899999938,4.504494400000112,16028
P02_WHITE_M_take_0007,181,68,113,113,0,0,0,3761.1996999980875,4.07707180000034,24320
P02_WHITE_M_take_0008,182,70,112,112,0,0,0,3962.6176000024316,4.2539090000000215,19472
P02_WHITE_M_take_0009,181,72,109,109,0,0,0,3608.2318000021587,3.9119071999998596,16028
P02_WHITE_M_take_0010,182,83,99,99,0,0,0,3418.1020000023636,3.70005029999993,25208
P02_WHITE_N_take_0001,182,75,107,107,0,0,0,3651.7096999996284,3.9212961000002906,7280
P02_WHITE_N_take_0002,182,68,114,114,0,0,0,4047.348399999464,4.36820519999992,27164
P02_WHITE_N_take_0003,182,65,117,117,0,0,0,4136.73400000107,4.4543814000003294,26520
P02_WHITE_N_take_0004,181,69,112,112,0,0,0,3864.577900000768,4.176799099999698,19472
P02_WHITE_N_take_0005,182,70,112,112,0,0,0,3896.679699998913,4.1851511999998365,22812
P02_WHITE_N_take_0006,181,59,122,122,0,0,0,4176.593700008652,4.532397700000274,13740
P02_WHITE_N_take_0007,181,67,114,114,0,0,0,3805.495099999007,4.1397100000003775,25208
P02_WHITE_N_take_0008,180,65,115,115,0,0,0,3758.937600003719,4.25326189999987,23020
P02_WHITE_N_take_0009,181,67,114,114,0,0,0,3756.7890999989686,4.113770299999942,7280
P02_WHITE_N_take_0010,182,72,110,110,0,0,0,3832.741499998974,4.132151499999964,26504
P02_WHITE_O_take_0001,181,65,116,116,0,0,0,3923.4412000027987,4.251494200000252,27164
P02_WHITE_O_take_0002,182,69,113,113,0,0,0,3903.1817999966734,4.191523299999972,23684
P02_WHITE_O_take_0003,181,42,139,139,0,0,0,4626.937800001997,5.030126999999993,26520
P02_WHITE_O_take_0004,182,54,128,128,0,0,0,4274.869800002762,4.592018499999995,23020
P02_WHITE_O_take_0005,181,74,107,107,0,0,0,3541.9325000016215,3.8510707000000366,22812
P02_WHITE_O_take_0006,181,75,106,106,0,0,0,3529.1886999980306,3.83703689999993,26504
P02_WHITE_O_take_0007,180,65,115,115,0,0,0,3703.6529999991217,4.127244700000119,13740
P02_WHITE_O_take_0008,182,66,116,116,0,0,0,3967.9669000001923,4.28275930000018,5692
P02_WHITE_O_take_0009,182,69,113,113,0,0,0,3875.1700999973764,4.178608799999893,18664
P02_WHITE_O_take_0010,181,73,108,108,0,0,0,3699.5627000005697,4.04295970000021,23684
P02_WHITE_P_take_0001,179,82,97,97,0,0,0,3167.22800000025,3.5698115000000143,23020
P02_WHITE_P_take_0002,181,69,112,112,0,0,0,3862.581300002603,4.185457900000074,23020
P02_WHITE_P_take_0003,179,64,115,115,0,0,0,3819.5280999971146,4.218184400000155,5692
P02_WHITE_P_take_0004,181,65,116,116,0,0,0,3862.1718000026704,4.2053633999998965,5692
P02_WHITE_P_take_0005,180,72,108,108,0,0,0,3641.5650999979334,3.953982900000028,5692
P02_WHITE_P_take_0006,181,74,107,107,0,0,0,3673.1950999997025,3.9899891999998545,18664
P02_WHITE_P_take_0007,181,69,112,112,0,0,0,3820.5737999996927,4.140140099999826,30392
P02_WHITE_P_take_0008,180,83,97,97,0,0,0,3192.7697999972224,3.5272163999998156,18664
P02_WHITE_P_take_0009,181,76,105,105,0,0,0,3603.5745000012867,3.912567400000171,23252
P02_WHITE_P_take_0010,180,69,111,111,0,0,0,3521.3822999971853,3.8986680000002707,30392
P02_WHITE_R_take_0001,181,55,126,126,0,0,0,4204.79129999876,4.558719600000131,24320
P02_WHITE_R_take_0002,182,61,121,121,0,0,0,4134.510700001101,4.464047999999821,30392
P02_WHITE_R_take_0003,181,68,113,113,0,0,0,3789.17360000014,4.119172000000162,16028
P02_WHITE_R_take_0004,182,63,119,119,0,0,0,4147.566999998617,4.484227899999951,23252
P02_WHITE_R_take_0005,182,58,124,124,0,0,0,4279.6785000000455,4.620985300000029,24320
P02_WHITE_R_take_0006,181,80,101,101,0,0,0,3440.9899000029327,3.7220365000002857,19472
P02_WHITE_R_take_0007,182,60,122,122,0,0,0,4171.984800002065,4.478978600000119,13740
P02_WHITE_R_take_0008,181,68,113,113,0,0,0,3740.409699999418,4.058989499999825,13740
P02_WHITE_R_take_0009,181,56,125,125,0,0,0,4267.567800000961,4.596645699999954,25208
P02_WHITE_R_take_0010,180,56,124,124,0,0,0,4203.787300001295,4.602181600000222,23252
P02_WHITE_S_take_0001,182,61,121,121,0,0,0,4046.385400003146,4.356118499999866,16028
P02_WHITE_S_take_0002,182,58,124,124,0,0,0,4349.432899997737,4.6629196999997475,19472
P02_WHITE_S_take_0003,182,65,117,117,0,0,0,3974.4050999979663,4.270876399999906,25208
P02_WHITE_S_take_0004,182,58,124,124,0,0,0,4168.379099999584,4.5038110000000415,7280
P02_WHITE_S_take_0005,181,78,103,103,0,0,0,3502.824500003044,3.7977530999996816,7280
P02_WHITE_S_take_0006,181,61,120,120,0,0,0,3939.3236999985675,4.295420899999954,27164
P02_WHITE_S_take_0007,182,59,123,123,0,0,0,4346.610099997633,4.654035399999884,27164
P02_WHITE_S_take_0008,181,68,113,113,0,0,0,3818.789899999956,4.165658899999926,26520
P02_WHITE_S_take_0009,181,71,110,110,0,0,0,3737.2686999997313,4.080722599999717,22812
P02_WHITE_S_take_0010,181,63,118,118,0,0,0,4071.879500002069,4.42976950000002,26504
P02_WHITE_T_take_0001,182,68,114,114,0,0,0,3914.405599996826,4.209807200000341,26520
P02_WHITE_T_take_0002,182,77,105,105,0,0,0,3561.5586999974767,3.82406919999994,22812
P02_WHITE_T_take_0003,182,66,116,116,0,0,0,3820.8798999989995,4.119370899999922,26504
P02_WHITE_T_take_0004,182,80,102,102,0,0,0,3427.5726999971994,3.6903761999997187,23684
P02_WHITE_T_take_0005,181,69,112,112,0,0,0,3758.093900001313,4.08732370000007,23684
P02_WHITE_T_take_0006,181,74,107,107,0,0,0,3564.9915000021792,3.8827476999999817,23020
P02_WHITE_T_take_0007,182,87,95,95,0,0,0,3250.615099997958,3.478153099999872,23020
P02_WHITE_T_take_0008,182,67,115,115,0,0,0,3946.2377000013475,4.235985899999832,5692
P02_WHITE_T_take_0009,139,50,89,89,0,0,0,3064.827600001081,3.1798377000000073,23252
P02_WHITE_T_take_0010,181,63,118,118,0,0,0,3991.449999999986,4.332550000000083,5692
P02_WHITE_U_take_0001,174,73,101,101,0,0,0,3514.425200000005,3.7790153999999347,22812
P02_WHITE_U_take_0002,173,75,98,98,0,0,0,3359.32899999807,3.595016199999918,25208
P02_WHITE_U_take_0003,170,60,110,110,0,0,0,3858.8592000014614,4.14395020000029,26504
P02_WHITE_U_take_0004,170,65,105,105,0,0,0,3485.866900000474,3.765378099999907,23684
P02_WHITE_U_take_0005,174,50,124,124,0,0,0,4283.9573000028395,4.56977710000001,26504
P02_WHITE_U_take_0006,171,61,110,110,0,0,0,3707.621200000176,3.9855781999999635,16028
P02_WHITE_U_take_0007,177,70,107,107,0,0,0,3579.426999999214,4.002845600000001,25208
P02_WHITE_U_take_0008,173,92,81,81,0,0,0,2769.0831999984766,2.972437500000069,7280
P02_WHITE_U_take_0009,178,65,113,113,0,0,0,3837.7809999983583,4.215463600000021,7280
P02_WHITE_U_take_0010,177,63,114,114,0,0,0,3664.429299999938,4.1142605,7280
P02_WHITE_V_take_0001,181,73,108,108,0,0,0,3582.6867999999195,3.9300954999998794,18664
P02_WHITE_V_take_0002,180,62,118,118,0,0,0,3892.1558999982153,4.238014600000042,24320
P02_WHITE_V_take_0003,181,68,113,113,0,0,0,3837.0201999982783,4.168841299999713,30392
P02_WHITE_V_take_0004,181,61,120,120,0,0,0,4018.11120000184,4.372526799999832,23252
P02_WHITE_V_take_0005,182,72,110,110,0,0,0,3809.0221999973437,4.09465100000034,18664
P02_WHITE_V_take_0006,180,65,115,115,0,0,0,3876.8581999984235,4.225385399999595,16028
P02_WHITE_V_take_0007,181,68,113,113,0,0,0,3864.4040000008317,4.185668799999803,24320
P02_WHITE_V_take_0008,183,72,111,111,0,0,0,4089.3468000008397,4.368571599999996,18664
P02_WHITE_V_take_0009,182,76,106,106,0,0,0,3588.012500005334,3.848789900000156,30392
P02_WHITE_V_take_0010,181,69,112,112,0,0,0,3696.8150000002424,4.012314199999764,16028
P02_WHITE_W_take_0001,181,62,119,119,0,0,0,3908.511900000576,4.29319439999972,19472
P02_WHITE_W_take_0002,180,65,115,115,0,0,0,3945.0491999973565,4.321369899999809,19472
P02_WHITE_W_take_0003,181,49,132,132,0,0,0,4479.73329999968,4.864472900000237,13740
P02_WHITE_W_take_0004,181,77,104,103,1,0,0,3699.7481000066728,3.993905199999972,25208
P02_WHITE_W_take_0005,181,77,104,104,0,0,0,3489.1791000013654,3.795580399999835,7280
P02_WHITE_W_take_0006,181,61,120,120,0,0,0,4171.635499998047,4.514594999999645,27164
P02_WHITE_W_take_0007,182,55,127,127,0,0,0,4368.660799999361,4.6841687000001,23252
P02_WHITE_W_take_0008,182,66,116,116,0,0,0,3927.2244000030696,4.232980700000098,24320
P02_WHITE_W_take_0009,182,69,113,113,0,0,0,3834.58279999968,4.14402629999995,13740
P02_WHITE_W_take_0010,181,57,124,124,0,0,0,4165.382299999692,4.539588400000412,26520
P02_WHITE_Y_take_0001,181,63,118,118,0,0,0,3936.28370000215,4.275209999999788,22812
P02_WHITE_Y_take_0002,180,72,108,108,0,0,0,3644.9050000023817,4.011732200000097,25208
P02_WHITE_Y_take_0003,182,71,111,111,0,0,0,3830.5829999994785,4.1556205999995655,16028
P02_WHITE_Y_take_0004,181,67,114,114,0,0,0,3817.0080999989295,4.160409500000242,26504
P02_WHITE_Y_take_0005,180,68,112,112,0,0,0,3783.351500000663,4.142209800000273,7280
P02_WHITE_Y_take_0006,182,69,113,113,0,0,0,3827.470899997479,4.143655700000181,19472
P02_WHITE_Y_take_0007,181,59,122,122,0,0,0,4216.2969999963025,4.554852600000231,23684
P02_WHITE_Y_take_0008,182,62,120,120,0,0,0,4201.427999998941,4.540863300000183,25208
P02_WHITE_Y_take_0009,181,67,114,114,0,0,0,3838.755899998887,4.176452700000027,23020
P02_WHITE_Y_take_0010,182,90,92,92,0,0,0,3095.1500000019223,3.371734999999717,7280
P03_BLACK_A_take_0001,159,37,122,122,0,0,0,4146.559500001331,4.449210000000221,7280
P03_BLACK_A_take_0002,161,54,107,107,0,0,0,3636.958500000219,3.89946000000009,30392
P03_BLACK_A_take_0003,157,51,106,106,0,0,0,3553.099600001133,3.8192857999997614,5692
P03_BLACK_A_take_0004,159,50,109,109,0,0,0,3836.4975999957096,4.111957499999789,27164
P03_BLACK_A_take_0005,161,48,113,113,0,0,0,3810.770100001264,4.106200299999728,23252
P03_BLACK_A_take_0006,158,46,112,112,0,0,0,3785.7900000017253,4.047769699999662,5692
P03_BLACK_A_take_0007,125,26,99,99,0,0,0,3347.8680000007444,3.4752987000001667,18664
P03_BLACK_A_take_0008,154,44,110,110,0,0,0,3777.575500003877,4.012060199999723,26504
P03_BLACK_A_take_0009,159,53,106,106,0,0,0,3677.7324999989105,3.94752840000001,26520
P03_BLACK_A_take_0010,160,47,113,113,0,0,0,3672.451100001581,3.9633388000002014,23252
P03_BLACK_B_take_0001,158,58,100,100,0,0,0,3347.7863000025536,3.58764710000014,18664
P03_BLACK_B_take_0002,159,37,122,122,0,0,0,4062.070099999346,4.344760399999814,22812
P03_BLACK_B_take_0003,161,63,98,98,0,0,0,3377.6420000031067,3.6314399999996567,24320
P03_BLACK_B_take_0004,158,48,110,110,0,0,0,3724.5161000005282,3.9844404000000395,30392
P03_BLACK_B_take_0005,159,42,117,117,0,0,0,3960.245400000076,4.253281199999947,26504
P03_BLACK_B_take_0006,157,47,110,110,0,0,0,3640.0000000003274,3.908342100000027,18664
P03_BLACK_B_take_0007,158,43,115,115,0,0,0,3905.309500000385,4.19431510000004,23252
P03_BLACK_B_take_0008,158,49,109,109,0,0,0,3677.236200001971,3.947210400000131,24320
P03_BLACK_B_take_0009,155,48,107,107,0,0,0,3627.777800003969,3.8812815999999657,18664
P03_BLACK_B_take_0010,158,41,117,117,0,0,0,3961.381399997208,4.242487399999845,16028
P03_BLACK_C_take_0001,157,49,108,108,0,0,0,3663.3012000015697,3.9293047000001025,30392
P03_BLACK_C_take_0002,158,53,105,105,0,0,0,3524.5831000002,3.791313100000025,19472
P03_BLACK_C_take_0003,158,52,106,106,0,0,0,3477.0199000013235,3.733541800000239,25208
P03_BLACK_C_take_0004,159,53,106,106,0,0,0,3462.3121000026913,3.7354381000000103,23684
P03_BLACK_C_take_0005,160,49,111,111,0,0,0,3649.4299999981195,3.9205809000000045,24320
P03_BLACK_C_take_0006,158,51,107,107,0,0,0,3583.442800002558,3.8471902999999656,7280
P03_BLACK_C_take_0007,157,55,102,102,0,0,0,3469.0418999966823,3.7095885999997336,23252
P03_BLACK_C_take_0008,158,54,104,104,0,0,0,3535.0104999993164,3.801143400000001,27164
P03_BLACK_C_take_0009,160,63,97,97,0,0,0,3325.5947000011474,3.5751060000002326,16028
P03_BLACK_C_take_0010,157,43,114,114,0,0,0,3879.554999999982,4.1537217000000055,24320
P03_BLACK_E_take_0001,161,47,114,114,0,0,0,3807.1328000014546,4.086983700000019,16028
P03_BLACK_E_take_0002,164,33,131,131,0,0,0,4440.836200000376,4.7532750999998825,30392
P03_BLACK_E_take_0003,165,53,112,112,0,0,0,3821.812900001987,4.094795200000135,26504
P03_BLACK_E_take_0004,156,46,110,110,0,0,0,3645.382900000641,3.9176614999996673,24320
P03_BLACK_E_take_0005,162,59,103,103,0,0,0,3429.294100001698,3.691793100000268,22812
P03_BLACK_E_take_0006,162,53,109,109,0,0,0,3699.2844999990666,3.968461300000399,26504
P03_BLACK_E_take_0007,159,54,105,105,0,0,0,3587.4215999988337,3.8406432000001587,13740
P03_BLACK_E_take_0008,160,44,116,116,0,0,0,3803.1526000004305,4.079968799999733,19472
P03_BLACK_E_take_0009,163,54,109,109,0,0,0,3585.2399999994304,3.858317799999895,27164
P03_BLACK_E_take_0010,158,48,110,110,0,0,0,3615.566399997988,3.886111400000118,26520
P03_BLACK_I_take_0001,158,38,120,120,0,0,0,3993.5013999997864,4.288680900000145,22812
P03_BLACK_I_take_0002,160,50,110,110,0,0,0,3750.544600001831,4.026958999999806,25208
P03_BLACK_I_take_0003,156,41,115,115,0,0,0,3846.387599998252,4.132667500000025,16028
P03_BLACK_I_take_0004,156,43,113,113,0,0,0,3785.481600001731,4.067297900000085,19472
P03_BLACK_I_take_0005,157,43,114,114,0,0,0,3820.251100002224,4.114013700000214,16028
P03_BLACK_I_take_0006,157,54,103,103,0,0,0,3415.5831999996735,3.66803949999985,19472
P03_BLACK_I_take_0007,156,54,102,102,0,0,0,3460.783499999252,3.702140899999904,25208
P03_BLACK_I_take_0008,160,49,111,111,0,0,0,3710.254500001156,3.9850289000000885,7280
P03_BLACK_I_take_0009,158,51,107,107,0,0,0,3552.96339999677,3.8212220000000343,26504
P03_BLACK_I_take_0010,155,49,106,106,0,0,0,3493.026899999677,3.7472599000002447,30392
P03_BLACK_L_take_0001,166,40,126,126,0,0,0,4294.065699999464,4.601855899999919,5692
P03_BLACK_L_take_0002,157,49,108,108,0,0,0,3598.967600002652,3.873199900000145,25208
P03_BLACK_L_take_0003,161,46,115,115,0,0,0,3796.8064000001505,4.0667349999998805,19472
P03_BLACK_L_take_0004,156,52,104,104,0,0,0,3677.2955000033107,3.937557100000049,7280
P03_BLACK_L_take_0005,157,54,103,103,0,0,0,3535.1048000002265,3.793556399999943,7280
P03_BLACK_L_take_0006,156,37,119,119,0,0,0,4083.56369999683,4.364727600000151,27164
P03_BLACK_L_take_0007,157,53,104,104,0,0,0,3479.160900000352,3.72562360000029,27164
P03_BLACK_L_take_0008,164,45,119,119,0,0,0,4094.397800000479,4.3864206999996895,23252
P03_BLACK_L_take_0009,157,48,109,109,0,0,0,3597.2280999976647,3.858698000000004,26520
P03_BLACK_L_take_0010,159,47,112,112,0,0,0,3769.755100000566,4.047491699999682,23020
P03_BLACK_M_take_0001,162,45,117,117,0,0,0,3934.6568999958436,4.22075169999971,23684
P03_BLACK_M_take_0002,161,48,113,113,0,0,0,3879.40789999584,4.161896799999795,25208
P03_BLACK_M_take_0003,159,46,113,113,0,0,0,3872.2950000005767,4.141953899999862,5692
P03_BLACK_M_take_0004,155,41,114,114,0,0,0,3785.2832000007766,4.076447800000096,23252
P03_BLACK_M_take_0005,161,56,105,105,0,0,0,3618.633599999157,3.8921202999999878,7280
P03_BLACK_M_take_0006,159,69,90,90,0,0,0,2943.673500001296,3.1565648000000692,18664
P03_BLACK_M_take_0007,157,58,99,99,0,0,0,3295.521299999564,3.544051599999875,22812
P03_BLACK_M_take_0008,160,42,118,118,0,0,0,3966.029800002161,4.249750999999833,27164
P03_BLACK_M_take_0009,159,46,113,113,0,0,0,4205.873700001121,4.474801500000012,30392
P03_BLACK_M_take_0010,156,37,119,119,0,0,0,4003.5560000005717,4.3064039999999295,26520
P03_BLACK_N_take_0001,162,46,116,116,0,0,0,4031.46450000213,4.31662069999993,13740
P03_BLACK_N_take_0002,159,54,105,105,0,0,0,3600.6380999983776,3.8517541999999594,23252
P03_BLACK_N_take_0003,157,54,103,103,0,0,0,3783.8014000012663,4.033018000000084,26504
P03_BLACK_N_take_0004,158,51,107,107,0,0,0,3529.9760000020797,3.788133099999868,23684
P03_BLACK_N_take_0005,158,48,110,110,0,0,0,3818.332500003635,4.080745800000386,13740
P03_BLACK_N_take_0006,157,56,101,101,0,0,0,3288.599900000918,3.5475162000002456,23684
P03_BLACK_N_take_0007,164,40,124,124,0,0,0,4189.234200001465,4.4828716000001805,24320
P03_BLACK_N_take_0008,157,34,123,123,0,0,0,4034.672099999625,4.3332485000000815,13740
P03_BLACK_N_take_0009,157,33,124,124,0,0,0,4122.421300000042,4.417852800000219,23020
P03_BLACK_N_take_0010,162,62,100,100,0,0,0,3354.2590000056407,3.598910999999589,23020
P03_BLACK_O_take_0001,165,45,120,120,0,0,0,4012.2465000017655,4.323844200000167,23684
P03_BLACK_O_take_0002,165,49,116,116,0,0,0,3893.750500000351,4.174709500000063,13740
P03_BLACK_O_take_0003,163,51,112,112,0,0,0,3768.109899999672,4.049551900000097,26520
P03_BLACK_O_take_0004,166,41,125,125,0,0,0,4239.523199997166,4.540542899999764,18664
P03_BLACK_O_take_0005,162,42,120,120,0,0,0,4050.732800001697,4.361364600000343,5692
P03_BLACK_O_take_0006,157,48,109,109,0,0,0,3630.090700000892,3.8931405000002997,5692
P03_BLACK_O_take_0007,158,55,103,103,0,0,0,3499.5869000008497,3.728360900000098,23020
P03_BLACK_O_take_0008,157,51,106,106,0,0,0,3574.02120000188,3.8425717000000077,18664
P03_BLACK_O_take_0009,158,46,112,112,0,0,0,3757.5367999984337,4.024713899999824,5692
P03_BLACK_O_take_0010,162,44,118,118,0,0,0,3946.5319000005366,4.2373640999999225,18664
P03_BLACK_P_take_0001,159,44,115,115,0,0,0,3875.99229999978,4.154443899999933,24320
P03_BLACK_P_take_0002,157,44,113,113,0,0,0,3723.322600002575,4.001011500000004,30392
P03_BLACK_P_take_0003,158,56,102,102,0,0,0,3390.2992999969683,3.6431597999999212,18664
P03_BLACK_P_take_0004,159,54,105,105,0,0,0,3446.292000000085,3.7029758999997284,16028
P03_BLACK_P_take_0005,158,52,106,106,0,0,0,3659.0909000005922,3.912183599999935,30392
P03_BLACK_P_take_0006,154,46,108,108,0,0,0,3626.881800001229,3.8944371999996292,23684
P03_BLACK_P_take_0007,158,37,121,121,0,0,0,4004.1445999986536,4.307054299999891,23252
P03_BLACK_P_take_0008,156,52,104,104,0,0,0,3488.794599998073,3.7496821999998247,22812
P03_BLACK_P_take_0009,164,53,111,111,0,0,0,3809.053400000721,4.073692200000096,16028
P03_BLACK_P_take_0010,157,47,110,110,0,0,0,3768.4672999971554,4.049362199999905,23252
P03_BLACK_R_take_0001,156,53,103,103,0,0,0,3478.3654999973805,3.7389988999998423,26504
P03_BLACK_R_take_0002,158,52,106,106,0,0,0,3636.7875999994794,3.904136699999981,24320
P03_BLACK_R_take_0003,157,40,117,117,0,0,0,4006.4672000003156,4.304236700000274,24320
P03_BLACK_R_take_0004,159,55,104,104,0,0,0,3490.3568000017913,3.7416933999998037,19472
P03_BLACK_R_take_0005,156,47,109,109,0,0,0,3707.0183999999244,3.98253270000032,23684
P03_BLACK_R_take_0006,157,56,101,101,0,0,0,3405.1046000008682,3.6552867999998853,16028
P03_BLACK_R_take_0007,157,53,104,104,0,0,0,3430.19570000115,3.686556600000131,19472
P03_BLACK_R_take_0008,158,55,103,103,0,0,0,3435.1406999971914,3.6824861999998575,16028
P03_BLACK_R_take_0009,159,47,112,112,0,0,0,3764.374399999724,4.034171099999639,25208
P03_BLACK_R_take_0010,157,48,109,109,0,0,0,3911.10819999858,4.172649199999796,25208
P03_BLACK_S_take_0001,164,47,117,117,0,0,0,4026.154299999689,4.3198073000003205,19472
P03_BLACK_S_take_0002,162,28,134,134,0,0,0,4454.9681000007695,4.7670892000001,30392
P03_BLACK_S_take_0003,161,36,125,125,0,0,0,4172.2131000015,4.467388800000208,27164
P03_BLACK_S_take_0004,160,49,111,111,0,0,0,3577.64890000135,3.8476943999999094,26520
P03_BLACK_S_take_0005,159,50,109,109,0,0,0,3642.2871000004307,3.9190607000000455,7280
P03_BLACK_S_take_0006,160,57,103,103,0,0,0,3419.494300000224,3.6881885000002512,22812
P03_BLACK_S_take_0007,158,52,106,106,0,0,0,3461.9321000004675,3.719485099999929,19472
P03_BLACK_S_take_0008,160,56,104,104,0,0,0,3436.3259000037942,3.689096300000074,26504
P03_BLACK_S_take_0009,165,57,108,108,0,0,0,3567.081899999266,3.8291785000001255,23020
P03_BLACK_S_take_0010,161,53,108,108,0,0,0,3579.2899999996735,3.847585199999685,26520
P03_BLACK_T_take_0001,164,51,113,113,0,0,0,3789.232500000253,4.060881700000209,25208
P03_BLACK_T_take_0002,158,53,105,105,0,0,0,3452.880899997581,3.706253299999844,25208
P03_BLACK_T_take_0003,165,51,114,114,0,0,0,3851.7696000008073,4.119986500000323,5692
P03_BLACK_T_take_0004,163,52,111,111,0,0,0,3723.3443000009174,4.011413700000048,22812
P03_BLACK_T_take_0005,161,33,128,128,0,0,0,4362.9724999991595,4.6773386999998365,22812
P03_BLACK_T_take_0006,162,51,111,111,0,0,0,3799.8304000016105,4.065900800000236,23252
P03_BLACK_T_take_0007,162,45,117,117,0,0,0,4032.4717000025885,4.304744100000335,24320
P03_BLACK_T_take_0008,159,61,98,98,0,0,0,3204.0171000003284,3.4425193000001855,27164
P03_BLACK_T_take_0009,158,41,117,117,0,0,0,3881.122799998593,4.146205200000168,7280
P03_BLACK_T_take_0010,159,44,115,115,0,0,0,3859.658599998056,4.1407217000000855,26520
P03_BLACK_U_take_0001,158,58,100,100,0,0,0,3444.6422000037273,3.685287799999969,27164
P03_BLACK_U_take_0002,154,52,102,102,0,0,0,3444.8526000028323,3.6767823000000135,13740
P03_BLACK_U_take_0003,154,52,102,102,0,0,0,3400.265799999488,3.6358566999997493,23020
P03_BLACK_U_take_0004,156,41,115,115,0,0,0,3947.568300001876,4.22821870000007,13740
P03_BLACK_U_take_0005,154,47,107,106,1,0,0,3832.8546999996433,4.089996600000177,5692
P03_BLACK_U_take_0006,153,51,102,102,0,0,0,3583.0503000015597,3.71247620000031,24320
P03_BLACK_U_take_0007,155,60,95,95,0,0,0,3122.558900000058,3.3657287999999426,24320
P03_BLACK_U_take_0008,154,49,105,105,0,0,0,3586.744199998975,3.8284131999998863,18664
P03_BLACK_U_take_0009,156,44,112,112,0,0,0,3783.4229000022788,4.05949339999961,23020
P03_BLACK_U_take_0010,154,35,119,119,0,0,0,4185.133399999813,4.456157600000097,30392
P03_BLACK_V_take_0001,162,50,112,112,0,0,0,3709.3415000003915,3.9743124000001444,16028
P03_BLACK_V_take_0002,164,45,119,119,0,0,0,4026.019399999768,4.3213119000001825,7280
P03_BLACK_V_take_0003,161,64,97,97,0,0,0,3327.0531999964987,3.5702543999996124,26504
P03_BLACK_V_take_0004,158,55,103,103,0,0,0,3479.4255000028897,3.7244685000000572,26520
P03_BLACK_V_take_0005,158,55,103,103,0,0,0,3486.8809999989026,3.7398244999999406,22812
P03_BLACK_V_take_0006,157,46,111,111,0,0,0,3746.3739000013447,4.015302499999962,7280
P03_BLACK_V_take_0007,162,52,110,110,0,0,0,3678.596800001287,3.9522993000000497,19472
P03_BLACK_V_take_0008,158,49,109,109,0,0,0,3752.9873999983465,4.016541299999972,26504
P03_BLACK_V_take_0009,160,50,110,110,0,0,0,3703.332100001262,3.9825691999999435,23684
P03_BLACK_V_take_0010,159,53,106,106,0,0,0,3514.1190999984246,3.7790648000000147,22812
P03_BLACK_W_take_0001,158,50,108,108,0,0,0,3600.383700000293,3.846978300000046,23684
P03_BLACK_W_take_0002,156,50,106,106,0,0,0,3595.7909000017025,3.851539600000251,5692
P03_BLACK_W_take_0003,157,53,104,104,0,0,0,3566.704900001241,3.8131696000000375,27164
P03_BLACK_W_take_0004,154,51,103,103,0,0,0,3512.6358000006803,3.7683858999998847,23252
P03_BLACK_W_take_0005,156,51,105,105,0,0,0,3604.9747000015486,3.8824734999998327,18664
P03_BLACK_W_take_0006,156,44,112,112,0,0,0,3832.573800000773,4.118131900000208,30392
P03_BLACK_W_take_0007,153,56,97,97,0,0,0,3367.065099997035,3.486498400000073,16028
P03_BLACK_W_take_0008,156,50,106,106,0,0,0,3531.445599996914,3.795733200000086,23252
P03_BLACK_W_take_0009,156,56,100,100,0,0,0,3283.388499998182,3.522280000000137,24320
P03_BLACK_W_take_0010,156,53,103,103,0,0,0,3463.082800000848,3.719379900000149,16028
P03_BLACK_Y_take_0001,161,44,117,117,0,0,0,3933.254000001398,4.215920399999959,23684
P03_BLACK_Y_take_0002,158,49,109,109,0,0,0,3748.2217999995555,4.012976799999706,13740
P03_BLACK_Y_take_0003,159,44,115,115,0,0,0,3806.759900002362,4.093199800000093,26504
P03_BLACK_Y_take_0004,158,50,108,108,0,0,0,3650.2787999975226,3.917365900000277,23020
P03_BLACK_Y_take_0005,156,57,99,99,0,0,0,3395.690400003332,3.6229773000000023,19472
P03_BLACK_Y_take_0006,157,49,108,108,0,0,0,3671.9107000012627,3.9466440000001057,26520
P03_BLACK_Y_take_0007,161,51,110,110,0,0,0,3704.112100000202,3.9683922999997776,13740
P03_BLACK_Y_take_0008,162,54,108,108,0,0,0,3601.9326000005094,3.8724311000000853,25208
P03_BLACK_Y_take_0009,163,58,105,105,0,0,0,3552.560100001301,3.815315599999849,26504
P03_BLACK_Y_take_0010,160,47,113,113,0,0,0,3732.7224000005117,4.0078974000002745,13740
P03_BLUE_A_take_0001,162,50,112,112,0,0,0,3895.508300000074,4.167663100000027,7280
P03_BLUE_A_take_0002,165,54,111,111,0,0,0,3785.676199997397,4.063236299999971,18664
P03_BLUE_A_take_0003,162,53,109,105,4,0,0,4220.713200000773,4.504613900000095,27164
P03_BLUE_A_take_0004,167,54,113,101,12,0,0,5052.5989999996455,5.33197569999993,25208
P03_BLUE_A_take_0005,162,51,111,111,0,0,0,3706.7057000067507,3.980769799999962,26520
P03_BLUE_A_take_0006,166,51,115,115,0,0,0,4096.118599998135,4.370952899999793,30392
P03_BLUE_A_take_0007,163,51,112,112,0,0,0,3845.3296999978193,4.133929099999932,23684
P03_BLUE_A_take_0008,165,50,115,115,0,0,0,4051.003799997943,4.339589300000171,30392
P03_BLUE_A_take_0009,163,53,110,110,0,0,0,3700.098899999375,3.989291000000321,13740
P03_BLUE_A_take_0010,158,42,116,116,0,0,0,3980.5502000012893,4.2780932999999095,5692
P03_BLUE_B_take_0001,163,39,124,124,0,0,0,4109.153999998853,4.4087351000002855,23020
P03_BLUE_B_take_0002,164,42,122,122,0,0,0,4439.582899996367,4.739971299999979,27164
P03_BLUE_B_take_0003,164,51,113,113,0,0,0,3960.298199997851,4.21442049999996,26520
P03_BLUE_B_take_0004,163,41,122,122,0,0,0,4242.161599998326,4.539170000000013,5692
P03_BLUE_B_take_0005,164,33,131,129,2,0,0,5570.34920000342,5.878049700000247,22812
P03_BLUE_B_take_0006,166,46,120,98,22,0,0,7365.0075999989895,7.6431337999997595,23252
P03_BLUE_B_take_0007,163,50,113,113,0,0,0,3765.041699999074,4.040248199999951,18664
P03_BLUE_B_take_0008,163,36,127,127,0,0,0,4251.25129999833,4.570196600000145,30392
P03_BLUE_B_take_0009,163,36,127,110,17,0,0,5988.339900001847,6.296653399999741,23252
P03_BLUE_B_take_0010,161,43,118,118,0,0,0,4055.536900000334,4.349290399999973,23020
P03_BLUE_C_take_0001,165,59,106,103,3,0,0,4186.29399999827,4.439406500000132,23252
P03_BLUE_C_take_0002,164,57,107,107,0,0,0,3588.004199998977,3.8475271000002067,26504
P03_BLUE_C_take_0003,161,47,114,114,0,0,0,3794.9480000015683,4.072043799999847,5692
P03_BLUE_C_take_0004,165,45,120,117,3,0,0,4684.8196999999345,4.977420300000176,24320
P03_BLUE_C_take_0005,169,58,111,111,0,0,0,3860.9283999999207,4.136239100000239,22812
P03_BLUE_C_take_0006,168,51,117,117,0,0,0,3855.0246999989213,4.143634199999724,16028
P03_BLUE_C_take_0007,165,38,127,127,0,0,0,4365.412999996806,4.671303999999964,16028
P03_BLUE_C_take_0008,164,44,120,120,0,0,0,4097.953200000575,4.4091238000000885,23684
P03_BLUE_C_take_0009,164,57,107,107,0,0,0,3651.8302999993466,3.9182427000000644,13740
P03_BLUE_C_take_0010,170,28,142,142,0,0,0,4810.872999998537,5.1856503999997585,13740
P03_BLUE_E_take_0001,161,43,118,118,0,0,0,3981.6061000001355,4.27055670000027,18664
P03_BLUE_E_take_0002,172,44,128,128,0,0,0,4444.319400003224,4.791983900000105,23252
P03_BLUE_E_take_0003,158,53,105,104,1,0,0,4007.1453999998994,4.277289699999983,18664
P03_BLUE_E_take_0004,166,45,121,116,5,0,0,5501.453499997751,5.809046300000318,24320
P03_BLUE_E_take_0005,163,39,124,124,0,0,0,4075.4096000027857,4.390260399999988,24320
P03_BLUE_E_take_0006,158,53,105,105,0,0,0,3500.7754999996905,3.759873100000277,30392
P03_BLUE_E_take_0007,157,45,112,112,0,0,0,3737.479699998403,4.0102381000001515,22812
P03_BLUE_E_take_0008,157,57,100,100,0,0,0,3421.58720000225,3.662667500000225,26504
P03_BLUE_E_take_0009,162,50,112,112,0,0,0,3697.171800000433,3.967999200000122,22812
P03_BLUE_E_take_0010,162,45,117,113,4,0,0,4673.468300001787,4.9754446000001735,26504
P03_BLUE_I_take_0001,162,61,101,101,0,0,0,3407.6765999980125,3.659265199999936,23684
P03_BLUE_I_take_0002,164,59,105,105,0,0,0,3454.8988999972607,3.7183232999996108,23020
P03_BLUE_I_take_0003,162,48,114,114,0,0,0,3865.7735000037974,4.143415199999708,13740
P03_BLUE_I_take_0004,167,55,112,112,0,0,0,3792.1403000027567,4.073598999999831,7280
P03_BLUE_I_take_0005,159,50,109,109,0,0,0,3862.0508999997583,4.129766000000018,23684
P03_BLUE_I_take_0006,145,56,89,89,0,0,0,3004.7227999975803,3.1265646000001652,27164
P03_BLUE_I_take_0007,164,47,117,117,0,0,0,4130.073899999843,4.409284200000002,5692
P03_BLUE_I_take_0008,171,55,116,116,0,0,0,4699.695300000712,5.0069941999995535,19472
P03_BLUE_I_take_0009,172,66,106,106,0,0,0,3487.131900001259,3.7571444000000156,24320
P03_BLUE_I_take_0010,170,64,106,106,0,0,0,3701.8969999990077,3.957838199999969,23020
P03_BLUE_L_take_0001,165,53,112,112,0,0,0,3725.970999997571,4.008087900000191,19472
P03_BLUE_L_take_0002,170,40,130,130,0,0,0,4501.502500002971,4.815733999999793,5692
P03_BLUE_L_take_0003,161,46,115,115,0,0,0,3818.4520999989218,4.108600400000341,30392
P03_BLUE_L_take_0004,159,59,100,100,0,0,0,3367.1047000007093,3.605931099999907,13740
P03_BLUE_L_take_0005,163,58,105,105,0,0,0,3736.748100002387,4.0062950000001365,16028
P03_BLUE_L_take_0006,161,51,110,110,0,0,0,3782.2547000027953,4.041901600000074,23252
P03_BLUE_L_take_0007,159,67,92,92,0,0,0,3054.170400002022,3.2668731999997362,23020
P03_BLUE_L_take_0008,158,47,111,111,0,0,0,3654.966000000968,3.9251930000000357,23252
P03_BLUE_L_take_0009,163,51,112,112,0,0,0,3775.415600004635,4.059207700000115,19472
P03_BLUE_L_take_0010,156,44,112,112,0,0,0,3726.09379999858,3.9878978000001553,25208
P03_BLUE_M_take_0001,160,46,114,114,0,0,0,3886.3231000004816,4.167339799999809,23020
P03_BLUE_M_take_0002,160,34,126,126,0,0,0,4241.8257000013,4.552924299999631,5692
P03_BLUE_M_take_0003,172,53,119,119,0,0,0,3920.731800001704,4.226539700000103,16028
P03_BLUE_M_take_0004,159,39,120,120,0,0,0,4167.316600000959,4.459442500000023,5692
P03_BLUE_M_take_0005,164,43,121,121,0,0,0,4042.941400003201,4.336613599999964,18664
P03_BLUE_M_take_0006,165,49,116,116,0,0,0,3923.2143000040196,4.226920600000085,25208
P03_BLUE_M_take_0007,165,53,112,112,0,0,0,3740.5896000009307,4.0017933999997695,7280
P03_BLUE_M_take_0008,164,42,122,122,0,0,0,4099.2066999997405,4.398310300000048,30392
P03_BLUE_M_take_0009,167,42,125,125,0,0,0,4228.551700001844,4.535304600000018,27164
P03_BLUE_M_take_0010,170,54,116,116,0,0,0,3897.5376999992477,4.197133799999847,18664
P03_BLUE_N_take_0001,162,46,116,116,0,0,0,3905.2563999994163,4.199743800000306,23020
P03_BLUE_N_take_0002,164,48,116,116,0,0,0,4027.0345999983874,4.310423299999911,23252
P03_BLUE_N_take_0003,165,48,117,117,0,0,0,4027.7772999984336,4.326165200000105,27164
P03_BLUE_N_take_0004,167,57,110,110,0,0,0,3664.8382000007587,3.9295498000001317,26520
P03_BLUE_N_take_0005,166,49,117,117,0,0,0,4007.9288999995697,4.287468900000022,16028
P03_BLUE_N_take_0006,168,51,117,117,0,0,0,4055.3496999987146,4.355133800000203,19472
P03_BLUE_N_take_0007,166,49,117,117,0,0,0,3980.518599998959,4.2776185999996414,19472
P03_BLUE_N_take_0008,166,43,123,123,0,0,0,4096.477599999616,4.388806500000101,25208
P03_BLUE_N_take_0009,165,49,116,116,0,0,0,3893.7604999969153,4.160945699999957,26520
P03_BLUE_N_take_0010,160,40,120,120,0,0,0,4009.928099997069,4.311098700000002,18664
P03_BLUE_O_take_0001,164,40,124,124,0,0,0,4234.888699998464,4.546718399999918,24320
P03_BLUE_O_take_0002,171,35,136,136,0,0,0,4524.349700000585,4.870902099999967,25208
P03_BLUE_O_take_0003,161,51,110,110,0,0,0,3787.9230000016832,4.05835500000012,24320
P03_BLUE_O_take_0004,168,41,127,127,0,0,0,4251.362600001357,4.56222839999964,25208
P03_BLUE_O_take_0005,160,51,109,109,0,0,0,3634.4210999955067,3.9126398000003064,30392
P03_BLUE_O_take_0006,168,58,110,110,0,0,0,3680.1006999999117,3.957361900000251,7280
P03_BLUE_O_take_0007,167,39,128,128,0,0,0,4244.231599999694,4.561759799999891,22812
P03_BLUE_O_take_0008,156,44,112,112,0,0,0,3711.3306000019293,3.970051499999954,7280
P03_BLUE_O_take_0009,163,46,117,117,0,0,0,4017.374599996856,4.298253399999794,25208
P03_BLUE_O_take_0010,167,48,119,119,0,0,0,3996.5692999994644,4.299885000000359,26504
P03_BLUE_P_take_0001,164,48,116,116,0,0,0,4043.1890999989264,4.324367100000018,16028
P03_BLUE_P_take_0002,164,47,117,117,0,0,0,3985.4279000019233,4.25724930000024,19472
P03_BLUE_P_take_0003,161,51,110,110,0,0,0,3769.1721000014695,4.058401400000093,16028
P03_BLUE_P_take_0004,159,52,107,107,0,0,0,3630.8174000023428,3.898590100000092,18664
P03_BLUE_P_take_0005,154,51,103,103,0,0,0,3561.888700003692,3.795147900000302,24320
P03_BLUE_P_take_0006,153,54,99,99,0,0,0,3432.604700003594,3.564832699999897,19472
P03_BLUE_P_take_0007,155,52,103,103,0,0,0,3459.707599999092,3.694734199999857,16028
P03_BLUE_P_take_0008,160,53,107,107,0,0,0,3621.155899999394,3.885784699999931,23252
P03_BLUE_P_take_0009,155,41,114,114,0,0,0,3914.0496999980314,4.190268900000319,19472
P03_BLUE_P_take_0010,163,57,106,106,0,0,0,3538.4126999992986,3.8117879000001267,7280
P03_BLUE_R_take_0001,166,50,116,116,0,0,0,3994.655900001362,4.290301399999862,7280
P03_BLUE_R_take_0002,169,58,111,110,1,0,0,4094.333600002301,4.371815400000287,26504
P03_BLUE_R_take_0003,169,43,126,126,0,0,0,4367.225300001792,4.688044400000308,23684
P03_BLUE_R_take_0004,163,48,115,115,0,0,0,3907.625499997721,4.193277299999863,27164
P03_BLUE_R_take_0005,162,39,123,123,0,0,0,4062.9365999989204,4.369158100000277,5692
P03_BLUE_R_take_0006,164,51,113,113,0,0,0,3871.3867000010396,4.138269000000037,25208
P03_BLUE_R_take_0007,165,38,127,127,0,0,0,4289.781800001492,4.601976200000081,22812
P03_BLUE_R_take_0008,154,27,127,127,0,0,0,4352.687799997511,4.620600300000206,16028
P03_BLUE_R_take_0009,158,51,107,107,0,0,0,3577.1880000006604,3.8434448999996675,24320
P03_BLUE_R_take_0010,157,47,110,110,0,0,0,3576.6796999982944,3.8506162999997287,23684
P03_BLUE_S_take_0001,159,57,102,102,0,0,0,3390.13740000064,3.6448194999998123,30392
P03_BLUE_S_take_0002,158,46,112,112,0,0,0,3747.173100001419,4.019919200000004,16028
P03_BLUE_S_take_0003,167,63,104,104,0,0,0,3483.2891999981257,3.7358095999998113,23684
P03_BLUE_S_take_0004,159,41,118,118,0,0,0,4023.9228999962506,4.31891829999995,23252
P03_BLUE_S_take_0005,165,50,115,115,0,0,0,3974.515400002929,4.250693400000273,26504
P03_BLUE_S_take_0006,164,52,112,112,0,0,0,3842.8498999983276,4.122350199999801,7280
P03_BLUE_S_take_0007,160,35,125,125,0,0,0,4219.510399997944,4.520114500000091,24320
P03_BLUE_S_take_0008,157,55,102,102,0,0,0,3402.4793000007776,3.661850500000128,13740
P03_BLUE_S_take_0009,163,50,113,113,0,0,0,3892.9715000031138,4.166687299999921,26520
P03_BLUE_S_take_0010,162,58,104,104,0,0,0,3474.4477999984156,3.7297581000002538,18664
P03_BLUE_T_take_0001,164,49,115,115,0,0,0,3865.155500000583,4.142729099999997,27164
P03_BLUE_T_take_0002,165,51,114,114,0,0,0,3897.5655000022016,4.179408800000147,23684
P03_BLUE_T_take_0003,161,32,129,129,0,0,0,4324.676700000055,4.6430207000003065,19472
P03_BLUE_T_take_0004,158,46,112,112,0,0,0,3704.064899995956,3.971656499999881,19472
P03_BLUE_T_take_0005,163,33,130,130,0,0,0,4361.6376999998465,4.675788600000033,22812
P03_BLUE_T_take_0006,159,50,109,109,0,0,0,3641.2380999991,3.899651299999732,24320
P03_BLUE_T_take_0007,167,60,107,107,0,0,0,3721.7633999975988,3.9862624000002143,13740
P03_BLUE_T_take_0008,157,32,125,125,0,0,0,4247.65239999806,4.547498899999937,23020
P03_BLUE_T_take_0009,155,43,112,110,2,0,0,4112.501599999177,4.403793599999972,25208
P03_BLUE_T_take_0010,163,41,122,122,0,0,0,4088.6975000025814,4.378332499999942,26504
P03_BLUE_U_take_0001,155,42,113,113,0,0,0,3793.5491999996884,4.075883799999701,7280
P03_BLUE_U_take_0002,157,37,120,120,0,0,0,3957.9925000030016,4.268410300000141,5692
P03_BLUE_U_take_0003,162,45,117,117,0,0,0,4009.639199998219,4.287706799999796,30392
P03_BLUE_U_take_0004,161,40,121,121,0,0,0,4077.665399999205,4.38815169999998,25208
P03_BLUE_U_take_0005,162,46,116,115,1,0,0,3879.796299996997,4.166900100000021,23252
P03_BLUE_U_take_0006,162,46,116,116,0,0,0,3999.059199997646,4.294590299999982,24320
P03_BLUE_U_take_0007,162,31,131,131,0,0,0,4370.893799999521,4.700581300000067,16028
P03_BLUE_U_take_0008,159,39,120,120,0,0,0,4086.2237000019377,4.378505099999984,16028
P03_BLUE_U_take_0009,157,42,115,115,0,0,0,3829.5341000025473,4.111146500000359,18664
P03_BLUE_U_take_0010,156,58,98,98,0,0,0,3320.2737999995406,3.5651459999999133,27164
P03_BLUE_V_take_0001,164,52,112,112,0,0,0,3737.77169999903,4.01340590000018,26520
P03_BLUE_V_take_0002,161,51,110,110,0,0,0,3672.3076000039327,3.9428288999997676,7280
P03_BLUE_V_take_0003,175,57,118,118,0,0,0,3777.3524000022007,4.255872899999758,18664
P03_BLUE_V_take_0004,159,60,99,99,0,0,0,3348.089699999946,3.5760057000002234,19472
P03_BLUE_V_take_0005,167,58,109,109,0,0,0,3640.85729999897,3.9122502999998687,23020
P03_BLUE_V_take_0006,165,49,116,116,0,0,0,3868.4205000013208,4.160423499999979,13740
P03_BLUE_V_take_0007,161,53,108,107,1,0,0,3753.218500001367,4.0227961999999025,27164
P03_BLUE_V_take_0008,168,58,110,110,0,0,0,3641.959999996743,3.905497799999921,27164
P03_BLUE_V_take_0009,163,50,113,112,1,0,0,4056.950599998345,4.325734400000329,23684
P03_BLUE_V_take_0010,163,45,118,118,0,0,0,4074.103099998865,4.3729715000004035,13740
P03_BLUE_W_take_0001,160,53,107,107,0,0,0,3612.8308999964247,3.864541299999928,16028
P03_BLUE_W_take_0002,163,45,118,118,0,0,0,4026.0403999977825,4.318593399999827,23020
P03_BLUE_W_take_0003,159,40,119,119,0,0,0,4016.7944999980136,4.317284400000062,25208
P03_BLUE_W_take_0004,157,55,102,102,0,0,0,3395.9580000032474,3.6363602999999785,30392
P03_BLUE_W_take_0005,162,55,107,107,0,0,0,3619.838000000982,3.873627800000122,19472
P03_BLUE_W_take_0006,160,31,129,129,0,0,0,4332.398399998965,4.660392799999954,19472
P03_BLUE_W_take_0007,157,46,111,111,0,0,0,3731.910000001335,4.006556000000273,23252
P03_BLUE_W_take_0008,160,55,105,105,0,0,0,3547.5500000020475,3.8011030000002393,25208
P03_BLUE_W_take_0009,161,52,109,109,0,0,0,3659.368899997844,3.919318900000235,26520
P03_BLUE_W_take_0010,164,50,114,114,0,0,0,3941.3468999964607,4.208748300000025,22812
P03_BLUE_Y_take_0001,164,59,105,105,0,0,0,3617.1162999953594,3.866117899999608,26504
P03_BLUE_Y_take_0002,163,48,115,115,0,0,0,3928.449900000487,4.229426899999908,5692
P03_BLUE_Y_take_0003,162,39,123,123,0,0,0,4248.782199999823,4.568685400000049,25208
P03_BLUE_Y_take_0004,167,62,105,105,0,0,0,3569.5256000030895,3.831959999999981,5692
P03_BLUE_Y_take_0005,163,57,106,106,0,0,0,3607.69700000219,3.8708707999999206,18664
P03_BLUE_Y_take_0006,172,50,122,122,0,0,0,4100.223699998878,4.403064099999938,22812
P03_BLUE_Y_take_0007,162,54,108,108,0,0,0,3718.799000002946,3.9964006000000154,7280
P03_BLUE_Y_take_0008,165,67,98,98,0,0,0,3336.935699998321,3.5670365999999376,23020
P03_BLUE_Y_take_0009,162,59,103,103,0,0,0,3660.5080999975144,3.9157076999999845,27164
P03_BLUE_Y_take_0010,160,45,115,115,0,0,0,3887.273200002255,4.177716900000178,7280
P03_WHITE_A_take_0001,181,49,132,132,0,0,0,4383.1926999969255,4.744460099999742,5692
P03_WHITE_A_take_0002,181,59,122,122,0,0,0,4163.373599996248,4.508538499999759,18664
P03_WHITE_A_take_0003,180,50,130,130,0,0,0,4275.745400000233,4.707309100000202,27164
P03_WHITE_A_take_0004,182,68,114,114,0,0,0,3878.3096000033765,4.212627100000191,27164
P03_WHITE_A_take_0005,181,55,126,126,0,0,0,4221.200700000736,4.57079130000011,30392
P03_WHITE_A_take_0006,182,49,133,133,0,0,0,4520.045099998242,4.911176000000069,26520
P03_WHITE_A_take_0007,182,58,124,124,0,0,0,4584.592700002759,4.925616600000012,22812
P03_WHITE_A_take_0008,180,69,111,111,0,0,0,3640.7299999991665,3.9593887999999424,26520
P03_WHITE_A_take_0009,182,47,135,135,0,0,0,4440.992200001801,4.820948900000076,26504
P03_WHITE_A_take_0010,182,62,120,120,0,0,0,4098.055099999783,4.417983999999706,23684
P03_WHITE_B_take_0001,179,58,121,121,0,0,0,3962.6885000002403,4.413458600000013,18664
P03_WHITE_B_take_0002,182,62,120,120,0,0,0,3983.211400001892,4.340872799999943,23020
P03_WHITE_B_take_0003,181,53,128,128,0,0,0,4222.562500002368,4.590794899999764,23252
P03_WHITE_B_take_0004,182,52,130,130,0,0,0,4302.221700005248,4.669623900000261,5692
P03_WHITE_B_take_0005,182,57,125,125,0,0,0,4082.380399998783,4.437283499999921,18664
P03_WHITE_B_take_0006,179,57,122,122,0,0,0,4261.512500001118,4.702667900000051,30392
P03_WHITE_B_take_0007,181,57,124,124,0,0,0,4224.788800000169,4.585730400000102,24320
P03_WHITE_B_take_0008,182,62,120,120,0,0,0,4081.5247000014097,4.416097499999978,30392
P03_WHITE_B_take_0009,182,54,128,128,0,0,0,4231.833499999539,4.6132346999997935,23252
P03_WHITE_B_take_0010,181,44,137,137,0,0,0,4569.512800002485,4.9289865999999165,16028
P03_WHITE_C_take_0001,180,52,128,128,0,0,0,4343.896800000039,4.723812300000191,22812
P03_WHITE_C_take_0002,182,51,131,131,0,0,0,4370.016700000633,4.771237700000256,24320
P03_WHITE_C_take_0003,181,46,135,132,3,0,0,5212.785300000178,5.578090199999679,19472
P03_WHITE_C_take_0004,182,67,115,115,0,0,0,3903.806500002702,4.24874490000002,13740
P03_WHITE_C_take_0005,180,43,137,137,0,0,0,4395.432200000414,4.825059799999963,26504
P03_WHITE_C_take_0006,180,66,114,114,0,0,0,3821.841599997697,4.19398289999981,23684
P03_WHITE_C_take_0007,180,59,121,121,0,0,0,3954.170399999839,4.354534999999942,23020
P03_WHITE_C_take_0008,180,39,141,141,0,0,0,4715.531899998041,5.199385300000358,13740
P03_WHITE_C_take_0009,180,63,117,117,0,0,0,3888.5603000007904,4.231673400000091,5692
P03_WHITE_C_take_0010,181,50,131,131,0,0,0,4407.214299998941,4.771871800000099,13740
P03_WHITE_E_take_0001,182,55,127,127,0,0,0,4458.625099998699,4.846431500000108,16028
P03_WHITE_E_take_0002,182,55,127,127,0,0,0,4304.127500001869,4.679663500000061,19472
P03_WHITE_E_take_0003,182,65,117,117,0,0,0,3938.800599995375,4.257186399999682,25208
P03_WHITE_E_take_0004,182,60,122,122,0,0,0,4125.485800000206,4.456281199999921,7280
P03_WHITE_E_take_0005,181,48,133,133,0,0,0,4564.972699999998,4.942934199999854,25208
P03_WHITE_E_take_0006,181,49,132,132,0,0,0,4496.212099999411,4.881657599999926,7280
P03_WHITE_E_take_0007,182,66,116,116,0,0,0,3894.1872000009425,4.211448399999881,27164
P03_WHITE_E_take_0008,181,61,120,120,0,0,0,4089.981700001317,4.421392499999911,27164
P03_WHITE_E_take_0009,181,57,124,124,0,0,0,4350.130000001172,4.698848600000019,26520
P03_WHITE_E_take_0010,182,57,125,125,0,0,0,4249.991299998328,4.606417699999838,26520
P03_WHITE_I_take_0001,182,47,135,135,0,0,0,4472.672899998088,4.853518899999926,22812
P03_WHITE_I_take_0002,182,40,142,142,0,0,0,4981.493399998726,5.394754999999805,26504
P03_WHITE_I_take_0003,182,44,138,138,0,0,0,5082.368899998983,5.484402399999908,23684
P03_WHITE_I_take_0004,182,41,141,141,0,0,0,4780.129800000395,5.159420899999986,23020
P03_WHITE_I_take_0005,181,52,129,129,0,0,0,4468.741300001511,4.849986400000034,22812
P03_WHITE_I_take_0006,182,52,130,130,0,0,0,4427.3485000026085,4.803715900000043,5692
P03_WHITE_I_take_0007,182,59,123,123,0,0,0,4408.987600002092,4.758111799999824,18664
P03_WHITE_I_take_0008,182,62,120,118,2,0,0,4597.723799997766,4.920850500000142,30392
P03_WHITE_I_take_0009,182,63,119,119,0,0,0,4027.621700000509,4.36036439999998,23252
P03_WHITE_I_take_0010,181,59,122,122,0,0,0,4237.8322999988995,4.570130800000243,26504
P03_WHITE_L_take_0001,182,55,127,127,0,0,0,4283.80990000278,4.6328292000002875,24320
P03_WHITE_L_take_0002,182,57,125,125,0,0,0,4202.307500002007,4.564317200000005,13740
P03_WHITE_L_take_0003,182,54,128,128,0,0,0,4286.195099999986,4.650412299999971,16028
P03_WHITE_L_take_0004,182,49,133,133,0,0,0,4649.785200000679,5.047512200000256,19472
P03_WHITE_L_take_0005,181,61,120,120,0,0,0,4058.633900001041,4.381592499999897,23684
P03_WHITE_L_take_0006,181,53,128,128,0,0,0,4411.421300001166,4.798050999999759,23020
P03_WHITE_L_take_0007,181,45,136,136,0,0,0,4644.750099996145,5.023573099999794,5692
P03_WHITE_L_take_0008,182,49,133,133,0,0,0,4546.010699998078,4.929247799999757,25208
P03_WHITE_L_take_0009,181,50,131,131,0,0,0,4639.214200000424,5.0353282999999465,18664
P03_WHITE_L_take_0010,181,51,130,130,0,0,0,4665.856499998426,5.028428000000076,30392
P03_WHITE_M_take_0001,182,51,131,131,0,0,0,4474.95889999982,4.836283099999946,7280
P03_WHITE_M_take_0002,182,54,128,128,0,0,0,4346.295399995142,4.692019600000094,27164
P03_WHITE_M_take_0003,182,49,133,133,0,0,0,4548.484599998574,4.94471139999996,26520
P03_WHITE_M_take_0004,182,55,127,125,2,0,0,4479.499099997156,4.859633199999735,22812
P03_WHITE_M_take_0005,182,49,133,133,0,0,0,4646.710400002121,5.027217800000017,26504
P03_WHITE_M_take_0006,182,68,114,114,0,0,0,4490.537799999402,4.801765399999567,23684
P03_WHITE_M_take_0007,181,66,115,115,0,0,0,3992.4054999974032,4.322697999999946,23252
P03_WHITE_M_take_0008,181,57,124,124,0,0,0,4347.06129999995,4.693918499999654,24320
P03_WHITE_M_take_0009,181,54,127,127,0,0,0,4344.862399999329,4.7034239999998135,16028
P03_WHITE_M_take_0010,181,58,123,117,6,0,0,5465.247199998885,5.79636709999977,19472
P03_WHITE_N_take_0001,180,51,129,129,0,0,0,4356.320399999731,4.731392099999994,18664
P03_WHITE_N_take_0002,180,49,131,131,0,0,0,4325.929300005555,4.720287399999961,30392
P03_WHITE_N_take_0003,181,45,136,136,0,0,0,4680.024799999956,5.082573499999853,13740
P03_WHITE_N_take_0004,181,61,120,120,0,0,0,3950.0043999983063,4.265932799999973,25208
P03_WHITE_N_take_0005,181,55,126,125,1,0,0,4441.557499997543,4.791293900000255,7280
P03_WHITE_N_take_0006,181,73,108,108,0,0,0,3628.450800000337,3.9180662000003394,27164
P03_WHITE_N_take_0007,181,55,126,126,0,0,0,4787.039799998638,5.137293299999783,26520
P03_WHITE_N_take_0008,181,57,124,124,0,0,0,4243.397100001403,4.61133800000016,22812
P03_WHITE_N_take_0009,182,52,130,130,0,0,0,4329.571800000849,4.726174599999922,23020
P03_WHITE_N_take_0010,182,70,112,112,0,0,0,3842.5021000002744,4.166639000000032,5692
P03_WHITE_O_take_0001,182,52,130,130,0,0,0,4371.704400000908,4.73321470000019,18664
P03_WHITE_O_take_0002,182,48,134,134,0,0,0,4640.109100004793,5.0305386,30392
P03_WHITE_O_take_0003,182,66,116,116,0,0,0,3936.8447999977434,4.275877999999921,23252
P03_WHITE_O_take_0004,182,51,131,131,0,0,0,4344.768499998736,4.707540999999765,24320
P03_WHITE_O_take_0005,182,55,127,127,0,0,0,4358.519000002616,4.720364400000108,13740
P03_WHITE_O_take_0006,180,58,122,122,0,0,0,4164.1025000008085,4.5158720000004,23252
P03_WHITE_O_take_0007,182,59,123,123,0,0,0,4117.180900000221,4.4986854000003405,16028
P03_WHITE_O_take_0008,181,58,123,123,0,0,0,4132.316400000491,4.467850499999713,26504
P03_WHITE_O_take_0009,181,55,126,126,0,0,0,4297.934000002897,4.6629588000000695,23684
P03_WHITE_O_take_0010,179,54,125,125,0,0,0,4211.466299997937,4.622766700000284,23252
P03_WHITE_P_take_0001,182,54,128,128,0,0,0,4244.693900001494,4.618457000000035,19472
P03_WHITE_P_take_0002,181,70,111,111,0,0,0,3767.5105999987863,4.062690499999917,23020
P03_WHITE_P_take_0003,180,56,124,124,0,0,0,4216.566600008264,4.573965199999748,24320
P03_WHITE_P_take_0004,178,48,130,130,0,0,0,4449.403900000561,4.890664399999878,27164
P03_WHITE_P_take_0005,180,49,131,131,0,0,0,4432.917099996757,4.809309600000233,16028
P03_WHITE_P_take_0006,173,55,118,118,0,0,0,3936.2512000002425,4.250596999999743,27164
P03_WHITE_P_take_0007,179,66,113,113,0,0,0,3822.4222999983795,4.216778100000283,24320
P03_WHITE_P_take_0008,179,54,125,125,0,0,0,4248.959700000341,4.686000499999864,16028
P03_WHITE_P_take_0009,171,44,127,127,0,0,0,4542.184300000827,4.8521388999997725,7280
P03_WHITE_P_take_0010,180,50,130,130,0,0,0,4422.014599996601,4.797867199999928,19472
P03_WHITE_R_take_0001,179,66,113,113,0,0,0,3788.324500001636,4.167895800000224,19472
P03_WHITE_R_take_0002,181,55,126,126,0,0,0,4338.821700000153,4.686944200000198,5692
P03_WHITE_R_take_0003,178,55,123,123,0,0,0,4188.083299998652,4.5844952000002195,26520
P03_WHITE_R_take_0004,179,61,118,118,0,0,0,3888.7159000018983,4.300827399999889,25208
P03_WHITE_R_take_0005,180,54,126,126,0,0,0,4307.093599997643,4.68964219999998,25208
P03_WHITE_R_take_0006,179,54,125,125,0,0,0,4198.574400002144,4.60964469999999,7280
P03_WHITE_R_take_0007,178,48,130,130,0,0,0,4693.354000003183,5.100261799999771,22812
P03_WHITE_R_take_0008,181,61,120,120,0,0,0,4003.5653000027196,4.342799999999897,18664
P03_WHITE_R_take_0009,181,49,132,132,0,0,0,4438.899199999923,4.799763500000154,30392
P03_WHITE_R_take_0010,181,55,126,126,0,0,0,4268.083700003899,4.628719499999988,23252
P03_WHITE_S_take_0001,182,58,124,124,0,0,0,4118.428499999027,4.480492099999992,25208
P03_WHITE_S_take_0002,182,65,117,117,0,0,0,3945.7190000021,4.288581100000101,7280
P03_WHITE_S_take_0003,181,53,128,128,0,0,0,4382.271799998307,4.756959199999983,24320
P03_WHITE_S_take_0004,181,44,137,137,0,0,0,4732.302000000345,5.1151701999997385,16028
P03_WHITE_S_take_0005,181,38,143,143,0,0,0,4855.030100000022,5.263675199999852,19472
P03_WHITE_S_take_0006,181,62,119,119,0,0,0,3978.9408999968146,4.310832399999981,13740
P03_WHITE_S_take_0007,182,59,123,123,0,0,0,4630.295000001752,4.980656199999885,27164
P03_WHITE_S_take_0008,181,65,116,116,0,0,0,3920.513099996697,4.245439199999964,25208
P03_WHITE_S_take_0009,181,63,118,118,0,0,0,4025.8871000028194,4.352759500000047,7280
P03_WHITE_S_take_0010,182,56,126,126,0,0,0,4255.704499998956,4.5977044999999634,26520
P03_WHITE_T_take_0001,182,66,116,116,0,0,0,3838.901700004044,4.163088799999969,22812
P03_WHITE_T_take_0002,182,45,137,137,0,0,0,4533.466400002453,4.931548000000021,26504
P03_WHITE_T_take_0003,181,58,123,123,0,0,0,4138.866100000087,4.488099799999873,27164
P03_WHITE_T_take_0004,181,60,121,121,0,0,0,4035.4030999974384,4.38774710000007,26520
P03_WHITE_T_take_0005,182,57,125,125,0,0,0,4213.993400000618,4.584229900000082,23684
P03_WHITE_T_take_0006,182,54,128,128,0,0,0,4276.314699999148,4.6248593000000255,23020
P03_WHITE_T_take_0007,181,56,125,125,0,0,0,4281.299199999012,4.64385349999975,22812
P03_WHITE_T_take_0008,182,36,146,146,0,0,0,5084.52559999705,5.531986800000141,5692
P03_WHITE_T_take_0009,182,63,119,119,0,0,0,4106.6968000022825,4.473861500000112,18664
P03_WHITE_T_take_0010,182,49,133,133,0,0,0,4464.677499999198,4.858042900000328,30392
P03_WHITE_U_take_0001,169,50,119,119,0,0,0,4188.743799999429,4.48815519999971,13740
P03_WHITE_U_take_0002,175,53,122,122,0,0,0,4408.384799998203,4.921189499999855,30392
P03_WHITE_U_take_0003,178,72,106,106,0,0,0,3700.639200002115,4.035798399999749,13740
P03_WHITE_U_take_0004,177,54,123,122,1,0,0,4599.258300000656,5.099980899999991,27164
P03_WHITE_U_take_0005,174,63,111,110,1,0,0,4345.0474000014765,4.62637820000009,23684
P03_WHITE_U_take_0006,169,43,126,124,2,0,0,4801.618400001644,5.080036199999995,23020
P03_WHITE_U_take_0007,166,54,112,112,0,0,0,3866.2842000007913,4.136801200000264,27164
P03_WHITE_U_take_0008,173,59,114,114,0,0,0,3767.3934000031295,4.061751700000059,19472
P03_WHITE_U_take_0009,166,56,110,108,2,0,0,4101.5310999973735,4.369872300000225,26520
P03_WHITE_U_take_0010,166,49,117,117,0,0,0,4334.898700002668,4.6165022000000135,22812
P03_WHITE_V_take_0001,182,55,127,127,0,0,0,4250.917999999729,4.593212700000095,23252
P03_WHITE_V_take_0002,181,54,127,127,0,0,0,4223.957500000779,4.576853699999901,26504
P03_WHITE_V_take_0003,182,60,122,122,0,0,0,4231.808299998647,4.579401400000279,24320
P03_WHITE_V_take_0004,182,42,140,140,0,0,0,4614.116700000977,5.041975300000104,13740
P03_WHITE_V_take_0005,182,57,125,125,0,0,0,4107.8406999954495,4.484265900000082,16028
P03_WHITE_V_take_0006,183,65,118,118,0,0,0,4016.132799999923,4.309749000000011,30392
P03_WHITE_V_take_0007,181,51,130,130,0,0,0,4370.32969999882,4.7364966000000095,23684
P03_WHITE_V_take_0008,182,52,130,130,0,0,0,4467.270899999221,4.837281800000255,19472
P03_WHITE_V_take_0009,182,63,119,119,0,0,0,3973.760700000639,4.349338700000317,25208
P03_WHITE_V_take_0010,181,54,127,127,0,0,0,4211.941200000183,4.5823686999997335,23020
P03_WHITE_W_take_0001,180,55,125,125,0,0,0,4180.085900004087,4.553190699999959,7280
P03_WHITE_W_take_0002,175,56,119,119,0,0,0,3948.960199998055,4.368342300000222,23252
P03_WHITE_W_take_0003,176,62,114,114,0,0,0,3720.9294000008413,4.179861399999936,16028
P03_WHITE_W_take_0004,178,68,110,110,0,0,0,3593.460199999754,3.9771319999999832,19472
P03_WHITE_W_take_0005,181,61,120,120,0,0,0,4209.65520000118,4.547109500000261,5692
P03_WHITE_W_take_0006,182,74,108,108,0,0,0,3671.6478000025745,3.9892076999999517,7280
P03_WHITE_W_take_0007,181,69,112,112,0,0,0,3732.0265000012114,4.075014300000021,18664
P03_WHITE_W_take_0008,178,51,127,127,0,0,0,4200.458599998001,4.609050300000035,25208
P03_WHITE_W_take_0009,177,52,125,125,0,0,0,4031.30789999841,4.505056299999978,26520
P03_WHITE_W_take_0010,176,58,118,118,0,0,0,3768.2147999994413,4.240498899999693,19472
P03_WHITE_Y_take_0001,182,51,131,131,0,0,0,4364.642000001822,4.745627900000272,27164
P03_WHITE_Y_take_0002,182,69,113,113,0,0,0,4105.61330000246,4.425644399999783,26520
P03_WHITE_Y_take_0003,182,48,134,134,0,0,0,4463.390499996876,4.869431999999961,22812
P03_WHITE_Y_take_0004,181,60,121,121,0,0,0,4047.9216000035194,4.411131999999725,30392
P03_WHITE_Y_take_0005,181,55,126,126,0,0,0,4556.973100001414,4.901124699999855,23252
P03_WHITE_Y_take_0006,181,54,127,127,0,0,0,4184.75840000292,4.531529599999885,24320
P03_WHITE_Y_take_0007,182,62,120,120,0,0,0,4107.094600000437,4.445311599999968,26504
P03_WHITE_Y_take_0008,183,43,140,140,0,0,0,4768.526299999394,5.120718900000156,23252
P03_WHITE_Y_take_0009,181,48,133,133,0,0,0,4552.604699998028,4.9387298000001465,16028
P03_WHITE_Y_take_0010,182,58,124,124,0,0,0,4195.427299998755,4.573749900000166,23684
P04_BLACK_A_take_0001,150,48,102,102,0,0,0,3468.886100004056,3.6099724000000606,30392
P04_BLACK_A_take_0002,151,44,107,107,0,0,0,3763.5327000025427,3.904681499999697,25208
P04_BLACK_A_take_0003,151,62,89,89,0,0,0,3070.6365999976697,3.199672300000202,7280
P04_BLACK_A_take_0004,152,54,98,98,0,0,0,3373.2218000018293,3.505257100000108,23020
P04_BLACK_A_take_0005,152,51,101,101,0,0,0,3514.342999998007,3.649313699999766,5692
P04_BLACK_A_take_0006,152,58,94,94,0,0,0,3390.775300002133,3.526089899999988,18664
P04_BLACK_A_take_0007,152,45,107,107,0,0,0,3781.7034999998214,3.9325317999996514,30392
P04_BLACK_A_take_0008,150,55,95,95,0,0,0,3338.8584999993327,3.4592828999998346,7280
P04_BLACK_A_take_0009,151,47,104,104,0,0,0,3524.7086999988824,3.66207200000008,27164
P04_BLACK_A_take_0010,148,40,108,108,0,0,0,3719.540999999481,3.857430100000329,30392
P04_BLACK_B_take_0001,151,42,109,109,0,0,0,3831.7099000014423,3.9756397000001016,26520
P04_BLACK_B_take_0002,152,39,113,113,0,0,0,3812.8021999978046,3.9618184999999357,23252
P04_BLACK_B_take_0003,150,47,103,103,0,0,0,3537.6840000012635,3.6771450000001096,27164
P04_BLACK_B_take_0004,151,40,111,111,0,0,0,3751.6438999991806,3.9016143000003467,22812
P04_BLACK_B_take_0005,151,41,110,110,0,0,0,3798.8305999992917,3.9523591000001943,26504
P04_BLACK_B_take_0006,152,50,102,102,0,0,0,3417.552400002023,3.5602304999997614,24320
P04_BLACK_B_take_0007,151,58,93,93,0,0,0,3309.0715999992426,3.436425500000041,23684
P04_BLACK_B_take_0008,141,52,89,89,0,0,0,3029.860099999496,3.152681399999892,24320
P04_BLACK_B_take_0009,152,51,101,101,0,0,0,3456.3304000016615,3.5875496999997267,16028
P04_BLACK_B_take_0010,151,38,113,113,0,0,0,3909.035700000004,4.048899900000379,13740
P04_BLACK_C_take_0001,153,51,102,102,0,0,0,3485.226999997849,3.629092000000128,25208
P04_BLACK_C_take_0002,150,61,89,89,0,0,0,3063.792400001148,3.1879626999998436,26520
P04_BLACK_C_take_0003,151,67,84,84,0,0,0,2973.4797999994953,3.0915474000003087,23020
P04_BLACK_C_take_0004,150,56,94,94,0,0,0,3243.356099999346,3.3753873000000567,22812
P04_BLACK_C_take_0005,151,39,112,112,0,0,0,3827.2580999960155,3.971524600000066,5692
P04_BLACK_C_take_0006,151,63,88,88,0,0,0,3141.903500000808,3.2600930999997217,18664
P04_BLACK_C_take_0007,152,88,64,64,0,0,0,2238.383099998373,2.3186992999999347,19472
P04_BLACK_C_take_0008,152,50,102,102,0,0,0,3548.3091999985845,3.6863424999996823,25208
P04_BLACK_C_take_0009,152,61,91,91,0,0,0,3060.7181999948807,3.191385000000082,7280
P04_BLACK_C_take_0010,154,50,104,104,0,0,0,3453.5109999947053,3.6183626000001823,19472
P04_BLACK_E_take_0001,143,58,85,85,0,0,0,2992.88899999965,3.1055547000000843,5692
P04_BLACK_E_take_0002,154,59,95,95,0,0,0,3187.83379999968,3.4058390999998664,25208
P04_BLACK_E_take_0003,151,47,104,104,0,0,0,3520.5382000003738,3.6660532999999305,30392
P04_BLACK_E_take_0004,152,48,104,104,0,0,0,3588.6653999973532,3.7288635999998405,27164
P04_BLACK_E_take_0005,154,44,110,110,0,0,0,3791.0655999967275,4.044586800000161,7280
P04_BLACK_E_take_0006,155,66,89,89,0,0,0,2920.987400003014,3.1379259000000275,27164
P04_BLACK_E_take_0007,154,59,95,95,0,0,0,3266.3352000004124,3.4963512999997874,27164
P04_BLACK_E_take_0008,152,64,88,88,0,0,0,3047.4277999996957,3.162735800000064,26520
P04_BLACK_E_take_0009,153,67,86,86,0,0,0,2959.040499999901,3.078825699999925,7280
P04_BLACK_E_take_0010,154,22,132,132,0,0,0,4392.570999996224,4.684936300000118,26520
P04_BLACK_I_take_0001,152,54,98,98,0,0,0,3354.875600001378,3.4888622000003124,22812
P04_BLACK_I_take_0002,152,55,97,97,0,0,0,3366.664099999525,3.4927840999998807,26504
P04_BLACK_I_take_0003,153,14,139,139,0,0,0,4767.425799998364,4.945670699999937,27164
P04_BLACK_I_take_0004,153,61,92,92,0,0,0,3166.7104999983167,3.27801670000008,26520
P04_BLACK_I_take_0005,154,50,104,104,0,0,0,3431.2139000012394,3.6981730000002244,22812
P04_BLACK_I_take_0006,149,40,109,109,0,0,0,3735.7406000028277,3.881129400000191,23020
P04_BLACK_I_take_0007,157,60,97,97,0,0,0,3243.7008999963837,3.486807300000237,24320
P04_BLACK_I_take_0008,154,68,86,86,0,0,0,2912.0286999982454,3.1086702000002333,26504
P04_BLACK_I_take_0009,155,48,107,107,0,0,0,3630.794300000616,3.8903384000000187,26520
P04_BLACK_I_take_0010,152,61,91,91,0,0,0,3134.7859000024982,3.264356399999997,23684
P04_BLACK_L_take_0001,150,56,94,94,0,0,0,3103.8789000003817,3.227769999999964,26504
P04_BLACK_L_take_0002,152,49,103,103,0,0,0,3521.2650999960715,3.660460299999613,13740
P04_BLACK_L_take_0003,151,48,103,103,0,0,0,3532.2973000020284,3.66659269999991,23252
P04_BLACK_L_take_0004,150,56,94,94,0,0,0,3247.604500003945,3.370450599999913,23684
P04_BLACK_L_take_0005,151,50,101,101,0,0,0,3520.985300000575,3.6506352000001243,24320
P04_BLACK_L_take_0006,150,43,107,107,0,0,0,3857.626299999083,4.005908099999942,13740
P04_BLACK_L_take_0007,152,58,94,94,0,0,0,3171.0159000012936,3.2973965999999564,23020
P04_BLACK_L_take_0008,152,51,101,101,0,0,0,3483.7347000006957,3.6122371000001294,5692
P04_BLACK_L_take_0009,154,66,88,88,0,0,0,2908.086499998717,3.122697999999673,23684
P04_BLACK_L_take_0010,154,51,103,103,0,0,0,3486.1245000001873,3.7328339999999116,13740
P04_BLACK_M_take_0001,153,55,98,98,0,0,0,3275.8443000002444,3.40597119999984,22812
P04_BLACK_M_take_0002,153,54,99,99,0,0,0,3375.086399999418,3.5078960000000734,26504
P04_BLACK_M_take_0003,154,52,102,102,0,0,0,3380.092800002785,3.5815542000000278,23020
P04_BLACK_M_take_0004,153,38,115,115,0,0,0,4059.9301000020205,4.213298699999996,23684
P04_BLACK_M_take_0005,154,55,99,99,0,0,0,3427.2117000018625,3.6831114999999954,5692
P04_BLACK_M_take_0006,155,48,107,107,0,0,0,3664.591899998868,3.9062463000000207,22812
P04_BLACK_M_take_0007,155,57,98,98,0,0,0,3371.693199997935,3.6065496999999596,26504
P04_BLACK_M_take_0008,153,54,99,99,0,0,0,3475.7276999998794,3.6111267999999654,13740
P04_BLACK_M_take_0009,154,35,119,119,0,0,0,4054.8154000002796,4.273206300000311,18664
P04_BLACK_M_take_0010,153,45,108,108,0,0,0,3593.2733000017834,3.7266970999999103,23020
P04_BLACK_N_take_0001,152,49,103,103,0,0,0,3536.5902000025926,3.6805899000000863,18664
P04_BLACK_N_take_0002,151,53,98,98,0,0,0,3389.108300003045,3.5141059000002315,16028
P04_BLACK_N_take_0003,153,48,105,105,0,0,0,3569.078599999102,3.704124299999876,5692
P04_BLACK_N_take_0004,154,50,104,104,0,0,0,3431.3485999955446,3.667189900000267,30392
P04_BLACK_N_take_0005,152,47,105,105,0,0,0,3547.2861999996894,3.677761500000088,30392
P04_BLACK_N_take_0006,154,44,110,110,0,0,0,3812.904500001423,4.082230700000309,23252
P04_BLACK_N_take_0007,151,58,93,93,0,0,0,3284.2039000020122,3.4037798999997904,19472
P04_BLACK_N_take_0008,153,38,115,115,0,0,0,3971.662199999173,4.121947099999943,18664
P04_BLACK_N_take_0009,152,42,110,110,0,0,0,3645.207399996252,3.79268490000004,23252
P04_BLACK_N_take_0010,157,62,95,95,0,0,0,3192.7950999966015,3.4105587999997624,16028
P04_BLACK_O_take_0001,151,32,119,119,0,0,0,4085.7155999992756,4.248820400000113,25208
P04_BLACK_O_take_0002,152,53,99,99,0,0,0,3349.619600001006,3.475889299999835,24320
P04_BLACK_O_take_0003,152,68,84,84,0,0,0,2915.208199999597,3.031704600000012,16028
P04_BLACK_O_take_0004,155,50,105,105,0,0,0,3463.212800000747,3.7233734000001277,23684
P04_BLACK_O_take_0005,154,57,97,97,0,0,0,3329.4226999955754,3.4746046000000206,24320
P04_BLACK_O_take_0006,151,53,98,98,0,0,0,3355.4599000017333,3.4876110000000153,7280
P04_BLACK_O_take_0007,153,53,100,100,0,0,0,3413.959399997111,3.549965600000178,30392
P04_BLACK_O_take_0008,152,47,105,105,0,0,0,3625.319100001434,3.7637720000002446,19472
P04_BLACK_O_take_0009,152,38,114,114,0,0,0,4079.1978000024756,4.236349299999802,25208
P04_BLACK_O_take_0010,152,67,85,85,0,0,0,2944.2112000001543,3.0640935000001264,7280
P04_BLACK_P_take_0001,145,45,100,100,0,0,0,3520.2293000015743,3.6515746000000036,26520
P04_BLACK_P_take_0002,147,42,105,105,0,0,0,3692.580200000066,3.82867750000014,25208
P04_BLACK_P_take_0003,149,48,101,101,0,0,0,3485.0856000030035,3.61822839999968,5692
P04_BLACK_P_take_0004,149,65,84,84,0,0,0,2839.838400001554,2.9401763999999275,18664
P04_BLACK_P_take_0005,148,56,92,92,0,0,0,3168.26779999883,3.290333400000236,23252
P04_BLACK_P_take_0006,148,57,91,91,0,0,0,3191.0110999992867,3.3071030999999493,24320
P04_BLACK_P_take_0007,148,57,91,91,0,0,0,3134.0720000002875,3.245945799999845,16028
P04_BLACK_P_take_0008,146,51,95,95,0,0,0,3345.140700000229,3.476069700000153,13740
P04_BLACK_P_take_0009,147,47,100,100,0,0,0,3470.553300001484,3.6103634000000966,7280
P04_BLACK_P_take_0010,148,60,88,88,0,0,0,2986.2724000022354,3.0991406000002826,19472
P04_BLACK_R_take_0001,151,58,93,93,0,0,0,3316.925699999956,3.4351793000000725,27164
P04_BLACK_R_take_0002,151,47,104,104,0,0,0,3575.350999999955,3.7169872999998006,26520
P04_BLACK_R_take_0003,150,47,103,103,0,0,0,3529.4172999988405,3.6650408000000425,23020
P04_BLACK_R_take_0004,113,41,72,72,0,0,0,2235.584599996855,2.3169699000000037,18664
P04_BLACK_R_take_0005,151,47,104,104,0,0,0,3546.627899998839,3.6838471000000936,22812
P04_BLACK_R_take_0006,151,63,88,88,0,0,0,2937.3800000007577,3.049594099999922,26504
P04_BLACK_R_take_0007,150,62,88,88,0,0,0,2991.925499998615,3.105440300000282,5692
P04_BLACK_R_take_0008,149,59,90,90,0,0,0,3083.991099996183,3.201133999999911,30392
P04_BLACK_R_take_0009,150,49,101,101,0,0,0,3471.175500001209,3.6140481000002183,18664
P04_BLACK_R_take_0010,151,39,112,112,0,0,0,3841.171499999291,3.985005999999885,23684
P04_BLACK_S_take_0001,151,52,99,99,0,0,0,3401.0959999982333,3.5365449999999328,13740
P04_BLACK_S_take_0002,152,59,93,93,0,0,0,3215.0925000005373,3.34150580000005,27164
P04_BLACK_S_take_0003,153,64,89,89,0,0,0,3101.8956999973852,3.2213575000000674,23252
P04_BLACK_S_take_0004,153,53,100,100,0,0,0,3529.273800000283,3.6726370000001225,24320
P04_BLACK_S_take_0005,151,60,91,91,0,0,0,3217.2284999987824,3.348897500000021,23020
P04_BLACK_S_take_0006,153,67,86,86,0,0,0,2968.877999999677,3.0767642999999225,16028
P04_BLACK_S_take_0007,152,66,86,86,0,0,0,2919.0352000014173,3.0379330000000664,26520
P04_BLACK_S_take_0008,151,64,87,87,0,0,0,3015.6489000000875,3.1396365999999034,5692
P04_BLACK_S_take_0009,143,52,91,91,0,0,0,3174.595600002249,3.2930912000001626,18664
P04_BLACK_S_take_0010,152,66,86,86,0,0,0,2983.064100003503,3.0897485000000415,22812
P04_BLACK_T_take_0001,147,31,116,116,0,0,0,4028.5024000013436,4.181096500000422,27164
P04_BLACK_T_take_0002,151,54,97,97,0,0,0,3426.058200000625,3.5635298000001967,18664
P04_BLACK_T_take_0003,151,62,89,89,0,0,0,3155.2579999993213,3.2692995000002156,30392
P04_BLACK_T_take_0004,153,67,86,86,0,0,0,2921.9053999995594,3.039684699999725,19472
P04_BLACK_T_take_0005,151,63,88,88,0,0,0,2979.206999998496,3.100949600000149,23252
P04_BLACK_T_take_0006,151,58,93,93,0,0,0,3163.2350999984737,3.2804802000000564,24320
P04_BLACK_T_take_0007,152,54,98,98,0,0,0,3366.876100002173,3.5027906000000257,26504
P04_BLACK_T_take_0008,150,48,102,102,0,0,0,3429.3858999985787,3.564328100000239,30392
P04_BLACK_T_take_0009,153,63,90,90,0,0,0,3176.2772000047335,3.300277299999834,25208
P04_BLACK_T_take_0010,151,57,94,94,0,0,0,3159.335300004386,3.2849300000002586,16028
P04_BLACK_U_take_0001,143,49,94,94,0,0,0,3189.0277999982573,3.314117200000055,30392
P04_BLACK_U_take_0002,141,56,85,85,0,0,0,3023.9946000024247,3.1440394999999626,16028
P04_BLACK_U_take_0003,139,47,92,92,0,0,0,3182.1693000042615,3.3015385000003334,26504
P04_BLACK_U_take_0004,143,47,96,96,0,0,0,3362.846000000445,3.4990790000001653,23020
P04_BLACK_U_take_0005,142,29,113,113,0,0,0,3835.432599998967,3.9882966000000124,30392
P04_BLACK_U_take_0006,142,56,86,86,0,0,0,2926.82509999986,3.03506440000001,22812
P04_BLACK_U_take_0007,141,51,90,90,0,0,0,3054.9469999987195,3.175155899999936,19472
P04_BLACK_U_take_0008,150,59,91,91,0,0,0,3225.5265000007967,3.3483400999998594,23252
P04_BLACK_U_take_0009,143,39,104,104,0,0,0,3590.6286000035834,3.727050699999836,5692
P04_BLACK_U_take_0010,141,48,93,93,0,0,0,3165.160800002468,3.2941923000003044,25208
P04_BLACK_V_take_0001,147,57,90,90,0,0,0,3028.5327999999936,3.1479616000001442,26520
P04_BLACK_V_take_0002,149,90,59,59,0,0,0,2087.398299999222,2.1695643000002747,23252
P04_BLACK_V_take_0003,151,46,105,105,0,0,0,3699.5032999989235,3.846527799999876,19472
P04_BLACK_V_take_0004,149,55,94,94,0,0,0,3238.823500000308,3.357068100000106,24320
P04_BLACK_V_take_0005,150,55,95,95,0,0,0,3306.9070999999894,3.4270941999998286,24320
P04_BLACK_V_take_0006,150,55,95,95,0,0,0,3222.1064999962437,3.3418908999997257,16028
P04_BLACK_V_take_0007,150,59,91,91,0,0,0,3131.0065000020586,3.25623829999995,19472
P04_BLACK_V_take_0008,149,62,87,87,0,0,0,2969.822999999451,3.085348900000099,16028
P04_BLACK_V_take_0009,150,62,88,88,0,0,0,2990.4466000025423,3.1066538999998556,25208
P04_BLACK_V_take_0010,147,53,94,94,0,0,0,3286.080300001231,3.403118000000177,22812
P04_BLACK_W_take_0001,149,29,120,120,0,0,0,4154.231799998797,4.312264199999845,19472
P04_BLACK_W_take_0002,148,56,92,92,0,0,0,3120.2608999983568,3.2444188999998005,25208
P04_BLACK_W_take_0003,149,55,94,94,0,0,0,3167.7254999999604,3.289291300000059,25208
P04_BLACK_W_take_0004,150,68,82,82,0,0,0,2838.9731000011125,2.9518536999999014,7280
P04_BLACK_W_take_0005,149,58,91,91,0,0,0,3204.504199999519,3.3188046000000213,26520
P04_BLACK_W_take_0006,149,38,111,111,0,0,0,3905.080399999406,4.049773600000208,22812
P04_BLACK_W_take_0007,147,21,126,126,0,0,0,4429.285700000946,4.60039450000022,26504
P04_BLACK_W_take_0008,153,62,91,91,0,0,0,3036.707500004468,3.1618462000001273,7280
P04_BLACK_W_take_0009,148,52,96,96,0,0,0,3338.90989999918,3.4658187999998518,7280
P04_BLACK_W_take_0010,148,42,106,106,0,0,0,3684.3941000006453,3.8275597000001653,27164
P04_BLACK_Y_take_0001,148,60,88,88,0,0,0,3001.367399996525,3.11825540000018,23020
P04_BLACK_Y_take_0002,151,47,104,104,0,0,0,3669.282499998644,3.8137133999998696,25208
P04_BLACK_Y_take_0003,148,49,99,99,0,0,0,3467.6534000018364,3.597565100000338,5692
P04_BLACK_Y_take_0004,146,39,107,107,0,0,0,3717.051200002061,3.8557224000001042,23252
P04_BLACK_Y_take_0005,152,46,106,106,0,0,0,3556.2482999994245,3.704808299999968,23684
P04_BLACK_Y_take_0006,148,41,107,107,0,0,0,3625.7495999984712,3.7734224000000722,18664
P04_BLACK_Y_take_0007,149,48,101,101,0,0,0,3539.787599999727,3.6895973000000595,26504
P04_BLACK_Y_take_0008,148,52,96,96,0,0,0,3310.4570999971656,3.430007100000239,30392
P04_BLACK_Y_take_0009,150,66,84,84,0,0,0,2889.17469999933,2.9968847000000096,27164
P04_BLACK_Y_take_0010,149,57,92,92,0,0,0,3058.9041000007455,3.179026999999678,23684
P04_BLUE_A_take_0001,132,33,99,99,0,0,0,3394.418100000621,3.5267768000003343,7280
P04_BLUE_A_take_0002,130,31,99,99,0,0,0,3319.6489000038127,3.4600733000002037,23020
P04_BLUE_A_take_0003,141,26,115,115,0,0,0,3978.8436000003458,4.130539899999803,7280
P04_BLUE_A_take_0004,109,36,73,73,0,0,0,1720.5379999982142,1.7860756000000038,26520
P04_BLUE_A_take_0005,141,40,101,101,0,0,0,3550.645499998609,3.6826491000001624,27164
P04_BLUE_A_take_0006,138,38,100,100,0,0,0,3492.4038000008295,3.6283105999996224,18664
P04_BLUE_A_take_0007,141,29,112,112,0,0,0,3845.8790999989105,4.004508800000167,26520
P04_BLUE_A_take_0008,139,35,104,104,0,0,0,3595.3502000002118,3.735457100000076,23684
P04_BLUE_A_take_0009,138,29,109,109,0,0,0,3695.649100000537,3.8360453999998754,30392
P04_BLUE_A_take_0010,122,31,91,91,0,0,0,3193.735000002107,3.315151899999819,18664
P04_BLUE_B_take_0001,117,19,98,98,0,0,0,1033.7423999999373,1.0841166000000158,5692
P04_BLUE_B_take_0002,119,16,103,103,0,0,0,3563.9549000015904,3.7055873999997857,13740
P04_BLUE_B_take_0003,118,33,85,85,0,0,0,2856.1047999992297,2.973540999999841,27164
P04_BLUE_B_take_0004,119,38,81,81,0,0,0,2720.6565999990744,2.8264272999999775,23020
P04_BLUE_B_take_0005,119,24,95,95,0,0,0,3277.7495999994244,3.4057858000001033,18664
P04_BLUE_B_take_0006,120,39,81,81,0,0,0,2824.4944999996733,2.9366479000000254,24320
P04_BLUE_B_take_0007,123,39,84,84,0,0,0,2859.0039999980945,2.9695388000000094,16028
P04_BLUE_B_take_0008,120,39,81,81,0,0,0,2764.925000002677,2.8664864000002126,16028
P04_BLUE_B_take_0009,95,57,38,38,0,0,0,1118.5395999996217,1.1638708000000406,23684
P04_BLUE_B_take_0010,118,56,62,62,0,0,0,2092.1869999988303,2.1729777999998987,26520
P04_BLUE_C_take_0001,120,32,88,88,0,0,0,3011.402099999941,3.1294935999999325,19472
P04_BLUE_C_take_0002,122,24,98,98,0,0,0,3395.9502999996403,3.5298414999997476,30392
P04_BLUE_C_take_0003,119,18,101,101,0,0,0,3424.5945000020583,3.5665529000002607,30392
P04_BLUE_C_take_0004,120,50,70,70,0,0,0,2514.9722000005568,2.613476399999854,26504
P04_BLUE_C_take_0005,122,49,73,73,0,0,0,2510.236600002372,2.610149900000124,23252
P04_BLUE_C_take_0006,120,36,84,84,0,0,0,2917.227199999161,3.032574299999851,23684
P04_BLUE_C_take_0007,119,32,87,87,0,0,0,3040.9051000006,3.158790500000123,23252
P04_BLUE_C_take_0008,120,36,84,84,0,0,0,2332.645199996932,2.4319178999999167,5692
P04_BLUE_C_take_0009,120,40,80,80,0,0,0,2760.266400001001,2.8697297999997318,24320
P04_BLUE_C_take_0010,121,53,68,68,0,0,0,2407.3016999973333,2.4978095999999823,13740
P04_BLUE_E_take_0001,82,24,58,58,0,0,0,1390.6478000003517,1.4443295000000944,23684
P04_BLUE_E_take_0002,139,48,91,91,0,0,0,3106.980999999905,3.2275581999997485,13740
P04_BLUE_E_take_0003,129,44,85,85,0,0,0,3006.446299999425,3.122466499999973,26520
P04_BLUE_E_take_0004,128,45,83,83,0,0,0,2795.139899998503,2.901651199999833,23684
P04_BLUE_E_take_0005,127,38,89,89,0,0,0,3018.44230000097,3.133990000000267,26520
P04_BLUE_E_take_0006,129,31,98,98,0,0,0,3479.1214999982003,3.6099764999999024,25208
P04_BLUE_E_take_0007,131,33,98,98,0,0,0,3408.0121000015424,3.5312997000000905,22812
P04_BLUE_E_take_0008,130,38,92,92,0,0,0,3152.26740000071,3.2814021000003777,5692
P04_BLUE_E_take_0009,130,51,79,79,0,0,0,2731.6353000014715,2.8355639999999767,23020
P04_BLUE_E_take_0010,129,50,79,79,0,0,0,2718.3270000023185,2.8294753999998647,19472
P04_BLUE_I_take_0001,87,40,47,47,0,0,0,713.4388999993462,0.7514301000001069,13740
P04_BLUE_I_take_0002,126,36,90,90,0,0,0,3099.36640000069,3.2189150999997764,5692
P04_BLUE_I_take_0003,127,38,89,89,0,0,0,3043.447800001559,3.154507300000205,22812
P04_BLUE_I_take_0004,127,33,94,94,0,0,0,3192.9251000005934,3.319234199999755,25208
P04_BLUE_I_take_0005,125,40,85,85,0,0,0,2968.934700000773,3.080649099999846,30392
P04_BLUE_I_take_0006,130,36,94,94,0,0,0,3231.7742999994152,3.3583717999999863,5692
P04_BLUE_I_take_0007,126,58,68,68,0,0,0,2384.625099999539,2.4713738000000376,25208
P04_BLUE_I_take_0008,127,51,76,76,0,0,0,2682.3806000011245,2.78588179999997,7280
P04_BLUE_I_take_0009,127,53,74,74,0,0,0,2545.2275000038753,2.6436274000002413,27164
P04_BLUE_I_take_0010,126,36,90,90,0,0,0,3054.171799999949,3.1722146000001885,7280
P04_BLUE_L_take_0001,81,26,55,55,0,0,0,1901.9158000014613,1.9698152000000846,26504
P04_BLUE_L_take_0002,121,40,81,81,0,0,0,2724.615500001164,2.8274004999998397,5692
P04_BLUE_L_take_0003,122,51,71,71,0,0,0,2436.618900000667,2.533310700000129,24320
P04_BLUE_L_take_0004,122,41,81,81,0,0,0,2813.4372999970765,2.9185591999998906,26504
P04_BLUE_L_take_0005,128,37,91,91,0,0,0,3129.1777999967962,3.2488312999998925,13740
P04_BLUE_L_take_0006,122,51,71,70,1,0,0,2507.1521000008943,2.6078824999999597,23684
P04_BLUE_L_take_0007,122,41,81,81,0,0,0,2786.9764999977633,2.888821700000335,13740
P04_BLUE_L_take_0008,122,32,90,90,0,0,0,3114.936800000578,3.2329592999999477,5692
P04_BLUE_L_take_0009,122,15,107,107,0,0,0,3625.5661000022883,3.7636787999999797,25208
P04_BLUE_L_take_0010,121,39,82,82,0,0,0,2855.4883000047084,2.9644960000000538,25208
P04_BLUE_M_take_0001,109,39,70,70,0,0,0,1080.0199000009343,1.130515800000012,22812
P04_BLUE_M_take_0002,124,41,83,83,0,0,0,2876.6067000015028,2.982064799999989,24320
P04_BLUE_M_take_0003,123,42,81,81,0,0,0,2763.6900000020432,2.8768629000001056,18664
P04_BLUE_M_take_0004,127,47,80,80,0,0,0,2655.751300000702,2.7565324999995937,19472
P04_BLUE_M_take_0005,127,40,87,87,0,0,0,3014.670399995339,3.128938399999697,16028
P04_BLUE_M_take_0006,122,40,82,82,0,0,0,2798.1698000003234,2.911042499999894,7280
P04_BLUE_M_take_0007,126,40,86,86,0,0,0,2980.087200001435,3.089900899999975,27164
P04_BLUE_M_take_0008,126,34,92,92,0,0,0,3281.900200002383,3.4090197000000444,19472
P04_BLUE_M_take_0009,122,44,78,78,0,0,0,2672.845299999608,2.7781138999998802,27164
P04_BLUE_M_take_0010,122,30,92,92,0,0,0,3175.932600000124,3.2941273000001274,26520
P04_BLUE_N_take_0001,122,38,84,84,0,0,0,2896.058099998754,3.006364699999722,22812
P04_BLUE_N_take_0002,127,40,87,87,0,0,0,2992.8310999989662,3.1115937999998096,24320
P04_BLUE_N_take_0003,110,27,83,83,0,0,0,1587.1953999999278,1.657174599999962,27164
P04_BLUE_N_take_0004,123,32,91,91,0,0,0,3140.736499999548,3.26403289999962,30392
P04_BLUE_N_take_0005,133,41,92,92,0,0,0,3161.875400000554,3.276256999999987,25208
P04_BLUE_N_take_0006,124,28,96,96,0,0,0,3361.6288999983226,3.4849357000002783,18664
P04_BLUE_N_take_0007,124,37,87,87,0,0,0,2996.200500001123,3.1120128000002296,30392
P04_BLUE_N_take_0008,123,32,91,91,0,0,0,3214.7818999987976,3.3443794999998318,23252
P04_BLUE_N_take_0009,122,34,88,88,0,0,0,2961.1394999992626,3.074842600000011,23020
P04_BLUE_N_take_0010,129,46,83,83,0,0,0,2912.3797000015657,3.0186956999996255,16028
P04_BLUE_O_take_0001,123,57,66,66,0,0,0,2314.753700001802,2.408880699999827,26504
P04_BLUE_O_take_0002,125,44,81,81,0,0,0,2722.7091000004293,2.8324102999999923,23252
P04_BLUE_O_take_0003,123,36,87,87,0,0,0,3024.689799999578,3.146072500000173,23684
P04_BLUE_O_take_0004,125,36,89,89,0,0,0,3095.6882000000405,3.213191800000004,26504
P04_BLUE_O_take_0005,124,31,93,93,0,0,0,3208.3281999989595,3.333114900000055,23252
P04_BLUE_O_take_0006,124,38,86,86,0,0,0,2988.252300001477,3.102371700000276,26504
P04_BLUE_O_take_0007,125,38,87,87,0,0,0,2951.9824999993034,3.0701874999999745,5692
P04_BLUE_O_take_0008,124,40,84,84,0,0,0,2830.95259999709,2.9449649999996836,23684
P04_BLUE_O_take_0009,123,27,96,96,0,0,0,3339.9156999989827,3.476165099999889,13740
P04_BLUE_O_take_0010,134,44,90,90,0,0,0,3161.7793000000347,3.282781800000066,19472
P04_BLUE_P_take_0001,85,18,67,67,0,0,0,743.4803999990436,0.7809900000002017,13740
P04_BLUE_P_take_0002,118,33,85,85,0,0,0,2669.9334000022645,2.7718823000000157,22812
P04_BLUE_P_take_0003,119,39,80,80,0,0,0,2477.307000003748,2.573087199999918,13740
P04_BLUE_P_take_0004,119,44,75,75,0,0,0,2561.0690999988037,2.6579624999999396,23020
P04_BLUE_P_take_0005,119,34,85,85,0,0,0,1573.9427999988038,1.645276400000057,5692
P04_BLUE_P_take_0006,119,33,86,86,0,0,0,3003.7277000028553,3.123884200000248,18664
P04_BLUE_P_take_0007,118,45,73,73,0,0,0,2523.9626999969005,2.621589800000038,26504
P04_BLUE_P_take_0008,120,41,79,79,0,0,0,2661.1177999975553,2.7704679000003125,16028
P04_BLUE_P_take_0009,117,43,74,74,0,0,0,2635.48480000145,2.7322782999999617,18664
P04_BLUE_P_take_0010,120,39,81,81,0,0,0,2804.8068999983116,2.9118963999999323,19472
P04_BLUE_R_take_0001,77,29,48,48,0,0,0,508.3524000001489,0.5359125999998469,22812
P04_BLUE_R_take_0002,125,49,76,76,0,0,0,2619.12650000113,2.7179658999998537,25208
P04_BLUE_R_take_0003,118,37,81,81,0,0,0,2812.682099995982,2.918888600000173,23684
P04_BLUE_R_take_0004,121,29,92,92,0,0,0,3150.939599999674,3.2686134000000493,7280
P04_BLUE_R_take_0005,119,48,71,71,0,0,0,2452.4204999988797,2.547955500000171,30392
P04_BLUE_R_take_0006,117,46,71,71,0,0,0,2222.5378999992245,2.3056673999999475,30392
P04_BLUE_R_take_0007,117,36,81,81,0,0,0,2329.8184000009314,2.429244099999778,23252
P04_BLUE_R_take_0008,117,40,77,77,0,0,0,2431.285999998636,2.5307957999998507,24320
P04_BLUE_R_take_0009,117,38,79,79,0,0,0,2760.994100001426,2.8736127999995915,16028
P04_BLUE_R_take_0010,117,43,74,74,0,0,0,1681.637600002432,1.7502428999996482,19472
P04_BLUE_S_take_0001,83,15,68,68,0,0,0,2349.178500001017,2.440281600000162,23020
P04_BLUE_S_take_0002,126,48,78,78,0,0,0,2695.9364999988793,2.7981181999998626,16028
P04_BLUE_S_take_0003,127,44,83,83,0,0,0,2804.588699998021,2.923308800000086,23684
P04_BLUE_S_take_0004,127,37,90,90,0,0,0,3072.1160000002783,3.1908206000002792,13740
P04_BLUE_S_take_0005,130,46,84,84,0,0,0,2860.2348999979768,2.971201600000313,22812
P04_BLUE_S_take_0006,127,31,96,96,0,0,0,3299.41289999897,3.438303200000064,18664
P04_BLUE_S_take_0007,127,43,84,84,0,0,0,2984.7771000004286,3.0897837000002255,30392
P04_BLUE_S_take_0008,127,54,73,73,0,0,0,2454.864900001212,2.5610710000000836,23252
P04_BLUE_S_take_0009,129,44,85,85,0,0,0,2930.667999999514,3.0478579000000536,24320
P04_BLUE_S_take_0010,127,45,82,82,0,0,0,2850.7660999975997,2.9595156999998835,26504
P04_BLUE_T_take_0001,97,35,62,62,0,0,0,2095.9071999996013,2.1784655999999814,26504
P04_BLUE_T_take_0002,129,46,83,83,0,0,0,2834.760999998707,2.9415313999998034,18664
P04_BLUE_T_take_0003,132,50,82,82,0,0,0,2789.131400000315,2.897947099999783,27164
P04_BLUE_T_take_0004,130,44,86,86,0,0,0,3031.8709999978637,3.14779180000005,7280
P04_BLUE_T_take_0005,128,71,57,57,0,0,0,1953.6296000014772,2.0266036999996686,23020
P04_BLUE_T_take_0006,136,53,83,83,0,0,0,2853.78819999778,2.960692300000119,24320
P04_BLUE_T_take_0007,128,49,79,79,0,0,0,2778.9729000010084,2.8920071999996253,5692
P04_BLUE_T_take_0008,130,38,92,92,0,0,0,3167.2080999987884,3.2861665999998877,27164
P04_BLUE_T_take_0009,132,35,97,97,0,0,0,3347.1161999973447,3.4783862999997837,26520
P04_BLUE_T_take_0010,129,33,96,96,0,0,0,3434.2492000000675,3.570118999999977,30392
P04_BLUE_U_take_0001,115,35,80,80,0,0,0,2223.211199999241,2.3116798000000927,7280
P04_BLUE_U_take_0002,118,31,87,87,0,0,0,2555.5850000000646,2.6549881000000823,27164
P04_BLUE_U_take_0003,112,30,82,82,0,0,0,1567.4207999982173,1.6420118999999431,23252
P04_BLUE_U_take_0004,119,50,69,69,0,0,0,2351.0528999995586,2.441260399999919,23252
P04_BLUE_U_take_0005,112,33,79,79,0,0,0,1889.2578000027243,1.9679064000001745,24320
P04_BLUE_U_take_0006,116,41,75,75,0,0,0,1735.9244000008403,1.8140807999998287,25208
P04_BLUE_U_take_0007,113,35,78,78,0,0,0,2131.837299999461,2.221071000000393,30392
P04_BLUE_U_take_0008,114,31,83,83,0,0,0,745.933700000478,0.7843943000002582,5692
P04_BLUE_U_take_0009,112,31,81,81,0,0,0,2469.145000000026,2.5691029999998136,16028
P04_BLUE_U_take_0010,111,32,79,79,0,0,0,1160.7455000021218,1.2164628999998968,19472
P04_BLUE_V_take_0001,87,29,58,57,1,0,0,2247.8347999995094,2.3273433999997906,23020
P04_BLUE_V_take_0002,124,45,79,79,0,0,0,2779.5310000024074,2.8863148000000365,13740
P04_BLUE_V_take_0003,123,37,86,86,0,0,0,2923.968599996442,3.043613499999992,5692
P04_BLUE_V_take_0004,124,61,63,63,0,0,0,2180.7432999999037,2.26542309999968,5692
P04_BLUE_V_take_0005,125,42,83,83,0,0,0,2913.177399999313,3.0175091999999495,7280
P04_BLUE_V_take_0006,123,33,90,90,0,0,0,3095.6509000016013,3.2086765999997624,25208
P04_BLUE_V_take_0007,125,54,71,71,0,0,0,2485.7436999996025,2.576890700000149,27164
P04_BLUE_V_take_0008,124,46,78,78,0,0,0,2727.1582000003036,2.8357341000000815,25208
P04_BLUE_V_take_0009,124,45,79,79,0,0,0,2792.1824000018205,2.8983710000002247,7280
P04_BLUE_V_take_0010,127,46,81,81,0,0,0,2754.683699997713,2.8621256000001267,26520
P04_BLUE_W_take_0001,116,37,79,79,0,0,0,2668.7621000000945,2.7710251999997126,7280
P04_BLUE_W_take_0002,118,35,83,83,0,0,0,2649.045899999237,2.750758399999995,26520
P04_BLUE_W_take_0003,118,50,68,68,0,0,0,1598.5853999977735,1.661585400000149,22812
P04_BLUE_W_take_0004,118,47,71,71,0,0,0,2400.4807999976947,2.4911333000000013,26504
P04_BLUE_W_take_0005,116,39,77,77,0,0,0,1225.7693999995354,1.2813225999998394,25208
P04_BLUE_W_take_0006,119,31,88,88,0,0,0,2994.7242999983246,3.107249799999863,24320
P04_BLUE_W_take_0007,119,34,85,85,0,0,0,2937.0248000000174,3.0498841000003267,16028
P04_BLUE_W_take_0008,118,43,75,75,0,0,0,2397.3721000002115,2.492127399999845,23684
P04_BLUE_W_take_0009,118,34,84,84,0,0,0,1907.9258000001573,1.991157899999962,13740
P04_BLUE_W_take_0010,120,37,83,83,0,0,0,2868.064599999343,2.988844500000141,25208
P04_BLUE_Y_take_0001,80,25,55,55,0,0,0,880.6586999999126,0.9226778000002014,26520
P04_BLUE_Y_take_0002,121,42,79,79,0,0,0,2748.2356000023174,2.857220899999902,27164
P04_BLUE_Y_take_0003,122,32,90,90,0,0,0,3083.3900000006906,3.2098338000000695,18664
P04_BLUE_Y_take_0004,124,31,93,93,0,0,0,3236.35369999829,3.3546572000000197,27164
P04_BLUE_Y_take_0005,121,36,85,85,0,0,0,2965.7449999972414,3.0699141999998574,26520
P04_BLUE_Y_take_0006,123,19,104,94,10,0,0,4203.60170000049,4.3483399000001555,7280
P04_BLUE_Y_take_0007,122,48,74,74,0,0,0,2530.4197999998905,2.626498200000242,30392
P04_BLUE_Y_take_0008,121,52,69,69,0,0,0,2367.7773999979763,2.4603713999999854,22812
P04_BLUE_Y_take_0009,121,32,89,89,0,0,0,3004.898900000171,3.1240292000002228,13740
P04_BLUE_Y_take_0010,122,40,82,82,0,0,0,2872.562099999868,2.9871800000000803,23252
P04_WHITE_A_take_0001,120,36,84,84,0,0,0,2843.208799999502,2.954984599999989,7280
P04_WHITE_A_take_0002,119,41,78,78,0,0,0,2350.828900000124,2.4374025000001893,19472
P04_WHITE_A_take_0003,129,42,87,87,0,0,0,3047.478599999522,3.1673141000001124,23252
P04_WHITE_A_take_0004,123,46,77,77,0,0,0,2665.7230000005256,2.7683344000001853,27164
P04_WHITE_A_take_0005,120,44,76,76,0,0,0,2688.5897999995905,2.7856864000000314,27164
P04_WHITE_A_take_0006,123,42,81,81,0,0,0,2852.051700002903,2.9632501999999477,26520
P04_WHITE_A_take_0007,122,45,77,77,0,0,0,2651.784000000589,2.749798400000145,24320
P04_WHITE_A_take_0008,124,40,84,84,0,0,0,2904.5958000006067,3.0156551000000036,26520
P04_WHITE_A_take_0009,124,46,78,78,0,0,0,2626.625000000786,2.728403300000082,22812
P04_WHITE_A_take_0010,122,38,84,84,0,0,0,2911.869199999728,3.0323868000000402,16028
P04_WHITE_B_take_0001,124,45,79,79,0,0,0,2715.0479999977506,2.8116320000003725,23020
P04_WHITE_B_take_0002,121,42,79,79,0,0,0,2766.9246000004932,2.8750412999997934,23020
P04_WHITE_B_take_0003,124,50,74,74,0,0,0,2527.574399999139,2.6210987999997997,19472
P04_WHITE_B_take_0004,120,40,80,80,0,0,0,2715.1950000006764,2.8232255999996596,26520
P04_WHITE_B_take_0005,120,38,82,82,0,0,0,2810.822199998256,2.915289400000347,22812
P04_WHITE_B_take_0006,120,42,78,78,0,0,0,2600.7621000021572,2.7052159999998366,26504
P04_WHITE_B_take_0007,118,50,68,68,0,0,0,2308.339199999864,2.398972700000286,23020
P04_WHITE_B_take_0008,119,42,77,77,0,0,0,2415.6210999967698,2.5128654000000097,25208
P04_WHITE_B_take_0009,122,48,74,74,0,0,0,2484.619900001235,2.578031199999714,19472
P04_WHITE_B_take_0010,123,47,76,76,0,0,0,2602.760900001158,2.7085465000000113,22812
P04_WHITE_C_take_0001,124,44,80,80,0,0,0,2955.0553000003674,3.063191800000368,24320
P04_WHITE_C_take_0002,125,40,85,85,0,0,0,2959.74040000101,3.072635199999695,26520
P04_WHITE_C_take_0003,121,35,86,86,0,0,0,3003.3621000002313,3.1216592000000674,18664
P04_WHITE_C_take_0004,121,37,84,84,0,0,0,2940.5926000004,3.0476482999997643,30392
P04_WHITE_C_take_0005,127,58,69,69,0,0,0,2379.426899999089,2.4666222000000744,22812
P04_WHITE_C_take_0006,126,40,86,86,0,0,0,2932.889800000339,3.047845099999904,24320
P04_WHITE_C_take_0007,123,40,83,83,0,0,0,2841.7816000010134,2.948401399999966,23020
P04_WHITE_C_take_0008,127,53,74,74,0,0,0,2425.975100000869,2.5219302999998945,23020
P04_WHITE_C_take_0009,125,54,71,71,0,0,0,2532.185799999297,2.6294090000001233,22812
P04_WHITE_C_take_0010,121,45,76,76,0,0,0,2624.594999999772,2.724342699999852,23252
P04_WHITE_E_take_0001,181,72,109,109,0,0,0,3785.8134999992217,4.099182400000245,19472
P04_WHITE_E_take_0002,181,81,100,100,0,0,0,3323.9248000008956,3.627355399999942,13740
P04_WHITE_E_take_0003,181,54,127,127,0,0,0,4212.316199997986,4.583399999999983,25208
P04_WHITE_E_take_0004,182,66,116,116,0,0,0,3906.6921999983606,4.249284700000317,23020
P04_WHITE_E_take_0005,182,68,114,114,0,0,0,3878.1595999989804,4.220652800000153,5692
P04_WHITE_E_take_0006,182,63,119,119,0,0,0,4074.610500002109,4.4175021000000925,18664
P04_WHITE_E_take_0007,181,72,109,109,0,0,0,3684.2254000007415,3.9958560999998554,7280
P04_WHITE_E_take_0008,181,83,98,98,0,0,0,3335.826499997893,3.616462599999977,27164
P04_WHITE_E_take_0009,181,59,122,122,0,0,0,4070.8701000016845,4.425205900000037,26520
P04_WHITE_E_take_0010,181,78,103,103,0,0,0,3456.911599997511,3.740246699999716,22812
P04_WHITE_I_take_0001,181,84,97,97,0,0,0,3192.004199999701,3.4929119000003084,26504
P04_WHITE_I_take_0002,181,77,104,104,0,0,0,3548.480200002814,3.850634899999932,23684
P04_WHITE_I_take_0003,182,85,97,97,0,0,0,3374.0438000018003,3.6717985000000226,30392
P04_WHITE_I_take_0004,182,67,115,115,0,0,0,3785.3231000008236,4.148962299999766,23252
P04_WHITE_I_take_0005,181,67,114,114,0,0,0,3815.5556999995497,4.139017500000136,23020
P04_WHITE_I_take_0006,182,63,119,119,0,0,0,3962.9402999994454,4.288976899999852,24320
P04_WHITE_I_take_0007,181,71,110,110,0,0,0,3793.701100000362,4.105630799999744,5692
P04_WHITE_I_take_0008,181,81,100,100,0,0,0,3422.245799999928,3.703001999999742,18664
P04_WHITE_I_take_0009,182,66,116,116,0,0,0,3998.6242000027232,4.329540500000348,13740
P04_WHITE_I_take_0010,181,67,114,114,0,0,0,3766.56430000412,4.081454499999836,30392
P04_WHITE_L_take_0001,182,68,114,114,0,0,0,3958.9641000011397,4.3052332000002025,16028
P04_WHITE_L_take_0002,181,62,119,119,0,0,0,3949.7890999973606,4.303475000000162,23252
P04_WHITE_L_take_0003,181,70,111,111,0,0,0,3765.3818999992836,4.091135200000281,24320
P04_WHITE_L_take_0004,181,68,113,113,0,0,0,3868.7689000003047,4.188096899999891,16028
P04_WHITE_L_take_0005,182,83,99,99,0,0,0,3435.4032999999617,3.7184337999997297,19472
P04_WHITE_L_take_0006,181,80,101,101,0,0,0,3385.851599999114,3.681336100000408,19472
P04_WHITE_L_take_0007,182,57,125,125,0,0,0,4343.613899997308,4.69426169999997,25208
P04_WHITE_L_take_0008,182,62,120,119,1,0,0,4941.596799997569,5.279498699999749,7280
P04_WHITE_L_take_0009,182,77,105,105,0,0,0,3902.326899999025,4.1994674000002306,27164
P04_WHITE_L_take_0010,182,105,77,77,0,0,0,2719.843299999411,2.9319494000001214,26520
P04_WHITE_M_take_0001,122,45,77,77,0,0,0,2651.443499999914,2.7545586999999614,26504
P04_WHITE_M_take_0002,125,39,86,86,0,0,0,2934.051200003978,3.047790199999781,23020
P04_WHITE_M_take_0003,119,37,82,82,0,0,0,2843.1724000010945,2.9525432999998884,7280
P04_WHITE_M_take_0004,123,54,69,69,0,0,0,2440.5906000042705,2.531815000000279,16028
P04_WHITE_M_take_0005,125,42,83,83,0,0,0,2937.356199999158,3.0488443000003826,19472
P04_WHITE_M_take_0006,120,45,75,75,0,0,0,2629.3953000008514,2.723290800000086,23684
P04_WHITE_M_take_0007,123,54,69,69,0,0,0,2320.1005000018995,2.412101200000052,19472
P04_WHITE_M_take_0008,126,47,79,79,0,0,0,2742.923700000574,2.852041399999962,23684
P04_WHITE_M_take_0009,125,48,77,77,0,0,0,2670.474100003048,2.7691076999999495,16028
P04_WHITE_M_take_0010,129,53,76,76,0,0,0,2538.7677999992775,2.6365670000000136,26504
P04_WHITE_N_take_0001,126,29,97,97,0,0,0,3439.9337000013475,3.5754040000001623,13740
P04_WHITE_N_take_0002,122,54,68,68,0,0,0,2440.618799999811,2.5408971000001657,23684
P04_WHITE_N_take_0003,161,63,98,98,0,0,0,3274.8176999966745,3.5058429000000615,22812
P04_WHITE_N_take_0004,181,70,111,111,0,0,0,3685.918599998786,3.9974928999999975,13740
P04_WHITE_N_take_0005,181,43,138,138,0,0,0,4735.138800001096,5.122482199999922,25208
P04_WHITE_N_take_0006,181,24,157,157,0,0,0,5285.047300003953,5.77600429999984,7280
P04_WHITE_N_take_0007,182,79,103,103,0,0,0,3528.9970000017092,3.828353800000059,22812
P04_WHITE_N_take_0008,181,56,125,122,3,0,0,4502.607699999771,4.8771216000000095,27164
P04_WHITE_N_take_0009,182,64,118,118,0,0,0,4200.855299996874,4.56093409999994,26504
P04_WHITE_N_take_0010,182,71,111,111,0,0,0,4272.849399998449,4.618651100000079,23684
P04_WHITE_O_take_0001,181,56,125,125,0,0,0,4274.521699997877,4.6335761999998795,26520
P04_WHITE_O_take_0002,182,76,106,106,0,0,0,3634.8484000009194,3.935867700000017,23020
P04_WHITE_O_take_0003,181,52,129,129,0,0,0,4295.285299993793,4.6704374999999345,22812
P04_WHITE_O_take_0004,182,60,122,122,0,0,0,4094.0124000007927,4.454097600000296,5692
P04_WHITE_O_take_0005,182,58,124,124,0,0,0,4377.468699995916,4.762839399999848,18664
P04_WHITE_O_take_0006,181,73,108,108,0,0,0,3668.476900001224,3.9663226000002396,26504
P04_WHITE_O_take_0007,182,71,111,111,0,0,0,3830.876800001988,4.133455799999865,30392
P04_WHITE_O_take_0008,182,73,109,109,0,0,0,3944.697400000223,4.281305299999985,23252
P04_WHITE_O_take_0009,181,70,111,111,0,0,0,3755.711600002087,4.089738099999977,23684
P04_WHITE_O_take_0010,182,64,118,118,0,0,0,4575.607499996295,4.924645199999759,24320
P04_WHITE_P_take_0001,181,72,109,109,0,0,0,3653.3868999968035,3.984861699999783,23020
P04_WHITE_P_take_0002,181,78,103,103,0,0,0,3475.8678999996846,3.7672027999997226,5692
P04_WHITE_P_take_0003,181,72,109,109,0,0,0,3677.445400001943,3.986711199999718,18664
P04_WHITE_P_take_0004,182,74,108,108,0,0,0,3598.622200000591,3.932533700000022,13740
P04_WHITE_P_take_0005,181,71,110,110,0,0,0,3710.656800000379,4.032110299999658,30392
P04_WHITE_P_take_0006,182,79,103,103,0,0,0,3445.09380000045,3.755227200000263,16028
P04_WHITE_P_take_0007,182,71,111,111,0,0,0,3672.0533000016076,3.994370300000355,19472
P04_WHITE_P_take_0008,181,66,115,115,0,0,0,4093.6967000029654,4.437672999999904,23252
P04_WHITE_P_take_0009,181,77,104,104,0,0,0,3887.612799999715,4.17635590000009,24320
P04_WHITE_P_take_0010,181,70,111,111,0,0,0,3723.502199997256,4.049026199999844,16028
P04_WHITE_R_take_0001,181,82,99,99,0,0,0,3309.8672999990413,3.59409259999984,19472
P04_WHITE_R_take_0002,181,74,107,107,0,0,0,3605.333900001824,3.9230257999997775,13740
P04_WHITE_R_take_0003,181,80,101,101,0,0,0,3417.1305999984725,3.7282655999997587,25208
P04_WHITE_R_take_0004,181,81,100,100,0,0,0,3687.319000000116,3.9749667000000954,7280
P04_WHITE_R_take_0005,181,69,112,112,0,0,0,3773.4238000016376,4.121028199999728,27164
P04_WHITE_R_take_0006,182,89,93,93,0,0,0,3061.224499997479,3.3121909000001324,25208
P04_WHITE_R_take_0007,181,61,120,120,0,0,0,4215.0969000008445,4.5612880000003315,26520
P04_WHITE_R_take_0008,182,77,105,105,0,0,0,3530.4659000016727,3.8448364999999285,7280
P04_WHITE_R_take_0009,181,92,89,89,0,0,0,2991.198899995652,3.2694360999998935,22812
P04_WHITE_R_take_0010,181,88,93,93,0,0,0,3111.936199999036,3.349793800000043,26504
P04_WHITE_S_take_0001,181,74,107,107,0,0,0,3579.8485999998775,3.882260700000188,23684
P04_WHITE_S_take_0002,182,75,107,107,0,0,0,3626.9893000012416,3.9513450999997985,27164
P04_WHITE_S_take_0003,181,90,91,91,0,0,0,3029.345199997806,3.2903370000003633,23020
P04_WHITE_S_take_0004,181,70,111,111,0,0,0,3701.1495999986437,4.027865499999734,5692
P04_WHITE_S_take_0005,180,86,94,94,0,0,0,3085.1209999991624,3.3725201000002016,27164
P04_WHITE_S_take_0006,181,73,108,108,0,0,0,3663.199000000077,3.9808858999999757,18664
P04_WHITE_S_take_0007,180,82,98,98,0,0,0,3305.7964000008724,3.596328000000085,26520
P04_WHITE_S_take_0008,181,73,108,108,0,0,0,3661.159500002668,3.9671979999998257,30392
P04_WHITE_S_take_0009,181,83,98,98,0,0,0,3303.013200000805,3.5801577000002,23252
P04_WHITE_S_take_0010,181,90,91,91,0,0,0,3046.457999996619,3.2963440999997147,24320
P04_WHITE_T_take_0001,181,45,136,136,0,0,0,4538.472200000797,4.913124300000163,16028
P04_WHITE_T_take_0002,181,85,96,96,0,0,0,3235.816199997771,3.5336287999998603,19472
P04_WHITE_T_take_0003,182,56,126,126,0,0,0,4172.004699998524,4.516962700000022,26520
P04_WHITE_T_take_0004,182,74,108,108,0,0,0,3639.890399999331,3.9438398000002053,22812
P04_WHITE_T_take_0005,182,90,92,92,0,0,0,3124.068999999963,3.379783000000316,26504
P04_WHITE_T_take_0006,180,81,99,99,0,0,0,3356.452700000773,3.6616909999997915,22812
P04_WHITE_T_take_0007,181,66,115,115,0,0,0,4091.702200002146,4.436072899999999,13740
P04_WHITE_T_take_0008,182,78,104,104,0,0,0,3454.9551000022802,3.758972099999937,23684
P04_WHITE_T_take_0009,181,82,99,98,1,0,0,3417.801000002328,3.7038978999999017,25208
P04_WHITE_T_take_0010,182,81,101,101,0,0,0,3435.8366999999816,3.748626999999942,23020
P04_WHITE_U_take_0001,180,44,136,136,0,0,0,5079.87269999694,5.459732199999962,26504
P04_WHITE_U_take_0002,181,67,114,114,0,0,0,3952.4123999995027,4.269459999999981,7280
P04_WHITE_U_take_0003,179,61,118,118,0,0,0,3982.439500003238,4.393938899999739,27164
P04_WHITE_U_take_0004,181,80,101,101,0,0,0,3881.363800002873,4.180288300000029,27164
P04_WHITE_U_take_0005,179,40,139,136,3,0,0,4729.232899997896,5.179320099999586,26520
P04_WHITE_U_take_0006,182,47,135,135,0,0,0,4538.05030000467,4.923355199999605,5692
P04_WHITE_U_take_0007,178,59,119,119,0,0,0,4043.5734999973647,4.50522779999983,7280
P04_WHITE_U_take_0008,181,56,125,125,0,0,0,4185.569000002488,4.543722800000069,26520
P04_WHITE_U_take_0009,181,71,110,110,0,0,0,4065.12690000136,4.388737200000378,22812
P04_WHITE_U_take_0010,180,61,119,119,0,0,0,3881.4121999989766,4.228550599999835,23684
P04_WHITE_V_take_0001,182,85,97,97,0,0,0,3283.3490000016354,3.5568521000000146,18664
P04_WHITE_V_take_0002,183,63,120,120,0,0,0,4060.308900003747,4.367957299999944,24320
P04_WHITE_V_take_0003,182,64,118,118,0,0,0,3943.765100001656,4.284701999999925,30392
P04_WHITE_V_take_0004,182,67,115,115,0,0,0,3940.8028000011655,4.257679399999688,23252
P04_WHITE_V_take_0005,182,67,115,115,0,0,0,3825.127200002953,4.170342400000209,24320
P04_WHITE_V_take_0006,182,94,88,88,0,0,0,2977.725700000974,3.2196797999999944,13740
P04_WHITE_V_take_0007,181,66,115,115,0,0,0,3748.971499996969,4.068930000000364,26504
P04_WHITE_V_take_0008,181,81,100,100,0,0,0,3359.328699998059,3.650833700000021,23684
P04_WHITE_V_take_0009,181,66,115,115,0,0,0,3873.3082000030663,4.214987999999721,23020
P04_WHITE_V_take_0010,181,67,114,114,0,0,0,3795.907700002317,4.1310196000004,5692
P04_WHITE_W_take_0001,181,82,99,99,0,0,0,3332.44619999914,3.628384100000403,18664
P04_WHITE_W_take_0002,181,91,90,90,0,0,0,3028.8252999998804,3.2981448000000455,30392
P04_WHITE_W_take_0003,179,88,91,91,0,0,0,2955.0464000008105,3.263022000000092,22812
P04_WHITE_W_take_0004,182,41,141,141,0,0,0,4735.97659999723,5.16519500000004,16028
P04_WHITE_W_take_0005,179,78,101,101,0,0,0,3340.893299999152,3.6764043000002857,13740
P04_WHITE_W_take_0006,178,70,108,108,0,0,0,3594.80430000076,3.9264413999999306,27164
P04_WHITE_W_take_0007,180,66,114,114,0,0,0,3748.365400001603,4.0953614999998535,23020
P04_WHITE_W_take_0008,181,75,106,106,0,0,0,3623.415600001408,3.9455778000001374,23252
P04_WHITE_W_take_0009,182,85,97,97,0,0,0,3459.12259999659,3.7216628000001037,19472
P04_WHITE_W_take_0010,181,70,111,111,0,0,0,3756.815499998993,4.104044400000021,24320
P04_WHITE_Y_take_0001,181,67,114,114,0,0,0,3864.509400003044,4.185918000000129,16028
P04_WHITE_Y_take_0002,181,67,114,114,0,0,0,3776.2817000011637,4.125886100000116,19472
P04_WHITE_Y_take_0003,182,69,113,113,0,0,0,3777.851699997427,4.113196899999821,25208
P04_WHITE_Y_take_0004,181,84,97,97,0,0,0,3242.993900001238,3.5287795000003825,13740
P04_WHITE_Y_take_0005,181,73,108,108,0,0,0,3621.1050999982035,3.936417899999924,25208
P04_WHITE_Y_take_0006,182,80,102,102,0,0,0,3490.0400999995327,3.770157299999937,7280
P04_WHITE_Y_take_0007,182,54,128,128,0,0,0,4206.678400002602,4.553028799999993,27164
P04_WHITE_Y_take_0008,181,65,116,116,0,0,0,3910.0154000002476,4.24025920000031,7280
P04_WHITE_Y_take_0009,181,73,108,108,0,0,0,3652.856899998824,3.9748133999996753,27164
P04_WHITE_Y_take_0010,182,66,116,116,0,0,0,3944.6664999977656,4.277157700000316,26520
P05_BLACK_A_take_0001,157,70,87,87,0,0,0,2890.0678000013613,3.0907483999999386,19472
P05_BLACK_A_take_0002,156,59,97,97,0,0,0,3360.650800002986,3.596929700000146,26520
P05_BLACK_A_take_0003,155,50,105,105,0,0,0,3457.806000002165,3.721482599999945,13740
P05_BLACK_A_take_0004,158,62,96,96,0,0,0,3234.8353000020325,3.4685449000003246,25208
P05_BLACK_A_take_0005,156,57,99,99,0,0,0,3285.7601000018803,3.509745600000315,22812
P05_BLACK_A_take_0006,157,48,109,109,0,0,0,3734.440600002017,4.001557799999773,25208
P05_BLACK_A_take_0007,156,61,95,95,0,0,0,3235.3488999979163,3.4616902000002483,26504
P05_BLACK_A_take_0008,159,63,96,96,0,0,0,3253.193100000317,3.4957586999998966,7280
P05_BLACK_A_take_0009,159,56,103,103,0,0,0,3451.2741000030474,3.703064799999993,27164
P05_BLACK_A_take_0010,160,60,100,100,0,0,0,3372.857299997122,3.6243819000001167,27164
P05_BLACK_B_take_0001,159,62,97,97,0,0,0,3223.207200003344,3.455878599999778,26520
P05_BLACK_B_take_0002,157,68,89,89,0,0,0,2952.098399998704,3.168399099999988,7280
P05_BLACK_B_take_0003,155,58,97,97,0,0,0,3172.6578000043446,3.393922900000234,23020
P05_BLACK_B_take_0004,163,54,109,109,0,0,0,3660.721499998999,3.9284655999999814,30392
P05_BLACK_B_take_0005,160,75,85,85,0,0,0,2874.325999998746,3.0784084000001712,26520
P05_BLACK_B_take_0006,159,54,105,105,0,0,0,3555.274899998494,3.808127300000251,22812
P05_BLACK_B_take_0007,158,65,93,93,0,0,0,3196.263600002112,3.4312881999999263,7280
P05_BLACK_B_take_0008,158,57,101,101,0,0,0,3455.567200002861,3.717553399999815,27164
P05_BLACK_B_take_0009,159,61,98,98,0,0,0,3272.125499995127,3.5168715999998312,26504
P05_BLACK_B_take_0010,160,54,106,106,0,0,0,3663.6141999979372,3.9212241999998696,22812
P05_BLACK_C_take_0001,159,50,109,109,0,0,0,3627.684100001261,3.90136960000018,23684
P05_BLACK_C_take_0002,160,63,97,97,0,0,0,3286.193700001604,3.5245537000000695,26504
P05_BLACK_C_take_0003,156,69,87,87,0,0,0,2982.592100001966,3.204724900000201,23684
P05_BLACK_C_take_0004,157,69,88,88,0,0,0,2999.3526999951428,3.214443100000153,27164
P05_BLACK_C_take_0005,159,57,102,102,0,0,0,3417.320500000642,3.681145600000036,13740
P05_BLACK_C_take_0006,159,71,88,88,0,0,0,2846.937999997863,3.060963399999764,23020
P05_BLACK_C_take_0007,160,65,95,95,0,0,0,3197.801800002253,3.4279068000000734,23684
P05_BLACK_C_take_0008,161,62,99,99,0,0,0,3370.895200001087,3.6197916999999507,26504
P05_BLACK_C_take_0009,160,60,100,100,0,0,0,3361.835599999722,3.6170075999998517,13740
P05_BLACK_C_take_0010,159,62,97,97,0,0,0,3223.2972999991034,3.448308300000008,5692
P05_BLACK_E_take_0001,157,72,85,85,0,0,0,2852.6932999993733,3.0633676000002197,26520
P05_BLACK_E_take_0002,156,51,105,105,0,0,0,3506.8715999968845,3.7608908000001975,13740
P05_BLACK_E_take_0003,156,63,93,93,0,0,0,3123.2055999994373,3.3588770000001205,23020
P05_BLACK_E_take_0004,161,62,99,99,0,0,0,3405.896500001745,3.6495359000000462,23684
P05_BLACK_E_take_0005,157,54,103,103,0,0,0,3461.8741000008413,3.704145900000185,22812
P05_BLACK_E_take_0006,158,47,111,111,0,0,0,3726.9419999970523,4.001088299999992,26520
P05_BLACK_E_take_0007,157,66,91,91,0,0,0,3138.7725000031423,3.3592526999996153,26504
P05_BLACK_E_take_0008,161,55,106,106,0,0,0,3498.8005000022895,3.758904100000109,13740
P05_BLACK_E_take_0009,160,62,98,98,0,0,0,3384.3891000005897,3.636591099999805,23020
P05_BLACK_E_take_0010,159,68,91,91,0,0,0,3068.925799999306,3.303240199999891,18664
P05_BLACK_I_take_0001,158,63,95,95,0,0,0,3208.224399998926,3.4312158999996427,22812
P05_BLACK_I_take_0002,158,53,105,105,0,0,0,3474.6879999993325,3.718754099999842,26504
P05_BLACK_I_take_0003,159,58,101,101,0,0,0,3410.243599998921,3.6552151000000777,30392
P05_BLACK_I_take_0004,160,54,106,106,0,0,0,3604.3166999997993,3.859353299999839,5692
P05_BLACK_I_take_0005,161,49,112,112,0,0,0,3835.6901000001926,4.104840699999841,23020
P05_BLACK_I_take_0006,159,63,96,96,0,0,0,3305.766499997844,3.5434230000000753,23252
P05_BLACK_I_take_0007,160,56,104,104,0,0,0,3501.269400000183,3.7554164000002856,18664
P05_BLACK_I_take_0008,159,57,102,102,0,0,0,3378.4841999986384,3.6378546999999344,24320
P05_BLACK_I_take_0009,160,57,103,103,0,0,0,3472.5469000036355,3.7378794000001108,30392
P05_BLACK_I_take_0010,157,58,99,99,0,0,0,3461.3392000001113,3.7026590000000397,23684
P05_BLACK_L_take_0001,160,63,97,97,0,0,0,3236.268100002235,3.4758437000000413,23252
P05_BLACK_L_take_0002,158,52,106,106,0,0,0,3566.816500000641,3.8212938000001486,23684
P05_BLACK_L_take_0003,162,69,93,93,0,0,0,3156.5181000005396,3.3707173999996485,26520
P05_BLACK_L_take_0004,164,73,91,91,0,0,0,3100.41019999926,3.332275999999638,23684
P05_BLACK_L_take_0005,158,70,88,88,0,0,0,3002.922999999555,3.225275899999815,13740
P05_BLACK_L_take_0006,161,75,86,86,0,0,0,2883.3786000036525,3.1142227999998795,5692
P05_BLACK_L_take_0007,157,58,99,99,0,0,0,3293.0520000022625,3.552588800000194,13740
P05_BLACK_L_take_0008,163,65,98,98,0,0,0,3239.7816999996394,3.486287899999752,23252
P05_BLACK_L_take_0009,157,67,90,90,0,0,0,3055.5605000008654,3.2838527000003523,23020
P05_BLACK_L_take_0010,157,62,95,95,0,0,0,3271.546000001308,3.510274499999923,5692
P05_BLACK_M_take_0001,157,67,90,90,0,0,0,2935.9400000007554,3.1618021999997836,18664
P05_BLACK_M_take_0002,161,59,102,102,0,0,0,3473.9634000006845,3.7432136000002174,18664
P05_BLACK_M_take_0003,160,71,89,89,0,0,0,3105.782700000418,3.319664399999965,24320
P05_BLACK_M_take_0004,161,60,101,101,0,0,0,3419.6458999967945,3.6715133000002425,30392
P05_BLACK_M_take_0005,161,57,104,104,0,0,0,3498.785999998745,3.7552828999996564,23252
P05_BLACK_M_take_0006,162,76,86,86,0,0,0,2898.1180000023414,3.115947800000413,22812
P05_BLACK_M_take_0007,161,58,103,103,0,0,0,3457.363500000156,3.7054278000000522,24320
P05_BLACK_M_take_0008,161,65,96,96,0,0,0,3196.5113000014753,3.4304588999998487,16028
P05_BLACK_M_take_0009,162,68,94,94,0,0,0,3094.158000000334,3.3287992000000486,26504
P05_BLACK_M_take_0010,161,61,100,100,0,0,0,3334.2264000016257,3.572052999999869,19472
P05_BLACK_N_take_0001,161,44,117,117,0,0,0,3891.001600002255,4.170080200000029,25208
P05_BLACK_N_take_0002,161,55,106,106,0,0,0,3567.1379000013985,3.844052500000089,7280
P05_BLACK_N_take_0003,162,69,93,93,0,0,0,3059.848700000657,3.2945700000000215,23684
P05_BLACK_N_take_0004,160,37,123,123,0,0,0,4196.24519999752,4.486221900000146,16028
P05_BLACK_N_take_0005,160,38,122,122,0,0,0,4089.968500001305,4.3832078999998885,19472
P05_BLACK_N_take_0006,162,61,101,101,0,0,0,3377.387599998656,3.6185542000002897,13740
P05_BLACK_N_take_0007,159,53,106,106,0,0,0,3566.039900004398,3.809520700000121,16028
P05_BLACK_N_take_0008,161,56,105,105,0,0,0,3500.9721000014906,3.7572802999998203,27164
P05_BLACK_N_take_0009,161,49,112,112,0,0,0,3694.077599998309,3.977615500000411,26520
P05_BLACK_N_take_0010,161,51,110,110,0,0,0,3693.3581000012055,3.959726699999919,22812
P05_BLACK_O_take_0001,157,68,89,89,0,0,0,2977.83130000289,3.1972098000001097,30392
P05_BLACK_O_take_0002,159,73,86,86,0,0,0,2813.889900003687,3.019097200000033,19472
P05_BLACK_O_take_0003,160,60,100,100,0,0,0,3356.925899998714,3.6072944999996253,25208
P05_BLACK_O_take_0004,159,69,90,90,0,0,0,2976.293300002453,3.1874871999998504,25208
P05_BLACK_O_take_0005,160,69,91,91,0,0,0,3043.638599998303,3.274651200000335,7280
P05_BLACK_O_take_0006,163,74,89,89,0,0,0,2929.506400001628,3.1458183999998255,24320
P05_BLACK_O_take_0007,161,60,101,101,0,0,0,3435.232800000449,3.685390600000119,26504
P05_BLACK_O_take_0008,159,76,83,83,0,0,0,2794.2752999997538,3.0012768000001415,7280
P05_BLACK_O_take_0009,157,70,87,87,0,0,0,2847.1963999986656,3.054911499999889,23252
P05_BLACK_O_take_0010,158,61,97,97,0,0,0,3284.705800001575,3.531285300000036,23020
P05_BLACK_P_take_0001,158,63,95,95,0,0,0,3187.351700000818,3.4207149999997455,5692
P05_BLACK_P_take_0002,159,55,104,104,0,0,0,3438.280400000167,3.705469699999867,27164
P05_BLACK_P_take_0003,158,57,101,101,0,0,0,3376.051599997936,3.6223324999996294,18664
P05_BLACK_P_take_0004,159,64,95,95,0,0,0,3186.7858999980854,3.4051730999999563,26520
P05_BLACK_P_take_0005,159,71,88,88,0,0,0,3023.265400001492,3.2350013000000217,22812
P05_BLACK_P_take_0006,158,61,97,97,0,0,0,3261.9813000023896,3.5023762999999235,30392
P05_BLACK_P_take_0007,159,60,99,99,0,0,0,3358.1983999984004,3.602537900000243,26504
P05_BLACK_P_take_0008,160,55,105,105,0,0,0,3465.168799998537,3.7205040999997436,27164
P05_BLACK_P_take_0009,156,53,103,103,0,0,0,3387.044499998865,3.621017800000118,5692
P05_BLACK_P_take_0010,157,59,98,98,0,0,0,3286.72689999712,3.532371400000102,24320
P05_BLACK_R_take_0001,159,63,96,96,0,0,0,3180.403900001238,3.4273761999997987,23684
P05_BLACK_R_take_0002,160,71,89,89,0,0,0,2997.4794999980077,3.2313481000001048,26520
P05_BLACK_R_take_0003,157,66,91,91,0,0,0,3065.869100001237,3.2849789000001692,16028
P05_BLACK_R_take_0004,159,49,110,110,0,0,0,3687.859900001058,3.9421163000001798,13740
P05_BLACK_R_take_0005,157,49,108,108,0,0,0,3551.0646999991877,3.8251542999996673,19472
P05_BLACK_R_take_0006,157,53,104,104,0,0,0,3368.1249999967804,3.6364277000002403,25208
P05_BLACK_R_take_0007,158,53,105,105,0,0,0,3511.0597999987476,3.7627707000001465,23252
P05_BLACK_R_take_0008,159,63,96,96,0,0,0,3231.792499997482,3.457053999999971,23020
P05_BLACK_R_take_0009,160,54,106,106,0,0,0,3535.2310000016587,3.783292700000402,22812
P05_BLACK_R_take_0010,158,59,99,99,0,0,0,3349.553300001844,3.6038667999996505,24320
P05_BLACK_S_take_0001,157,58,99,99,0,0,0,3357.4469000018325,3.5907688000002054,7280
P05_BLACK_S_take_0002,166,79,87,87,0,0,0,2885.076599999138,3.098902299999736,26504
P05_BLACK_S_take_0003,158,71,87,87,0,0,0,2967.2404999996616,3.169223299999885,16028
P05_BLACK_S_take_0004,162,73,89,89,0,0,0,2961.5955999993275,3.1773889999999483,23020
P05_BLACK_S_take_0005,157,63,94,94,0,0,0,3086.784399996759,3.316808499999752,27164
P05_BLACK_S_take_0006,159,68,91,91,0,0,0,2992.0056000009936,3.224215799999911,5692
P05_BLACK_S_take_0007,159,68,91,91,0,0,0,3019.6605999949497,3.2563356999999087,18664
P05_BLACK_S_take_0008,160,59,101,101,0,0,0,3389.873500000249,3.6461466000000655,26504
P05_BLACK_S_take_0009,158,58,100,100,0,0,0,3384.73100000283,3.645784200000435,19472
P05_BLACK_S_take_0010,159,60,99,99,0,0,0,3300.0545999980204,3.531076000000212,30392
P05_BLACK_T_take_0001,159,77,82,82,0,0,0,2693.881700003203,2.903182999999899,23252
P05_BLACK_T_take_0002,159,69,90,90,0,0,0,3009.3640000031883,3.2262101999999686,24320
P05_BLACK_T_take_0003,158,71,87,87,0,0,0,2965.972900000452,3.169568600000275,25208
P05_BLACK_T_take_0004,156,71,85,85,0,0,0,2828.3295000023827,3.038110599999982,18664
P05_BLACK_T_take_0005,159,73,86,86,0,0,0,2966.9487000005574,3.1817520999998123,16028
P05_BLACK_T_take_0006,158,69,89,89,0,0,0,2931.369799996901,3.136337899999944,7280
P05_BLACK_T_take_0007,155,65,90,90,0,0,0,3140.176800003701,3.3511180000000422,5692
P05_BLACK_T_take_0008,157,71,86,86,0,0,0,2810.649500002455,3.0306056999997963,26520
P05_BLACK_T_take_0009,158,75,83,83,0,0,0,2960.4680000011285,3.1612629000001107,27164
P05_BLACK_T_take_0010,160,68,92,92,0,0,0,3030.2656999979263,3.255960099999811,23684
P05_BLACK_U_take_0001,152,63,89,89,0,0,0,3044.511199995668,3.173635000000104,13740
P05_BLACK_U_take_0002,153,57,96,96,0,0,0,3480.7863999981237,3.601971699999922,27164
P05_BLACK_U_take_0003,153,56,97,97,0,0,0,3353.43519999833,3.4759703999998237,26520
P05_BLACK_U_take_0004,153,65,88,88,0,0,0,3181.2892000007196,3.2961800000002768,22812
P05_BLACK_U_take_0005,152,57,95,95,0,0,0,3295.065699999668,3.4171054000003096,23020
P05_BLACK_U_take_0006,153,69,84,84,0,0,0,2990.4463999992004,3.095049999999901,26504
P05_BLACK_U_take_0007,149,64,85,85,0,0,0,2890.448600000127,3.011598099999901,13740
P05_BLACK_U_take_0008,152,58,94,94,0,0,0,3335.5732999984866,3.462299499999972,5692
P05_BLACK_U_take_0009,152,59,93,93,0,0,0,3222.602100000586,3.3490891999999803,18664
P05_BLACK_U_take_0010,152,68,84,84,0,0,0,2891.2461999993866,2.998583999999937,30392
P05_BLACK_V_take_0001,154,63,91,91,0,0,0,3072.156599999289,3.2018643999999767,16028
P05_BLACK_V_take_0002,159,69,90,90,0,0,0,3059.788499998376,3.2759274000000005,19472
P05_BLACK_V_take_0003,157,73,84,84,0,0,0,2865.5911999990167,3.0713720000003377,22812
P05_BLACK_V_take_0004,154,56,98,98,0,0,0,3337.754099999529,3.4690354999997908,19472
P05_BLACK_V_take_0005,156,54,102,102,0,0,0,3428.728500001853,3.6674204999999347,30392
P05_BLACK_V_take_0006,153,56,97,97,0,0,0,3300.153499999851,3.4276310000000194,23684
P05_BLACK_V_take_0007,156,52,104,104,0,0,0,3459.668400002556,3.714099200000419,23252
P05_BLACK_V_take_0008,156,53,103,103,0,0,0,3346.9905999963885,3.6069297999997616,24320
P05_BLACK_V_take_0009,156,54,102,102,0,0,0,3492.8888000008556,3.744748999999956,16028
P05_BLACK_V_take_0010,156,50,106,106,0,0,0,3628.342599999087,3.8850609999999506,19472
P05_BLACK_W_take_0001,159,60,99,99,0,0,0,3347.4011999996947,3.586283899999671,25208
P05_BLACK_W_take_0002,158,64,94,94,0,0,0,3283.730499995272,3.5172029000000293,26520
P05_BLACK_W_take_0003,157,61,96,96,0,0,0,3287.0124999994914,3.516030299999784,26504
P05_BLACK_W_take_0004,158,67,91,91,0,0,0,3089.9692000029972,3.306108899999799,22812
P05_BLACK_W_take_0005,155,66,89,89,0,0,0,3005.3419000009853,3.204927200000384,18664
P05_BLACK_W_take_0006,157,52,105,105,0,0,0,3606.6574000010405,3.8615796999997656,23684
P05_BLACK_W_take_0007,155,54,101,101,0,0,0,3439.3387000041002,3.6878633999999693,30392
P05_BLACK_W_take_0008,157,55,102,102,0,0,0,3352.332200001456,3.597671099999843,13740
P05_BLACK_W_take_0009,158,58,100,100,0,0,0,3382.6493999958984,3.6108492000003025,26504
P05_BLACK_W_take_0010,159,54,105,105,0,0,0,3658.21810000034,3.914698800000224,7280
P05_BLACK_Y_take_0001,157,61,96,96,0,0,0,3168.83179999968,3.4036646999998084,23020
P05_BLACK_Y_take_0002,154,49,105,105,0,0,0,3646.066399997835,3.902037199999995,25208
P05_BLACK_Y_take_0003,159,69,90,90,0,0,0,3026.126500000373,3.2463182000001325,27164
P05_BLACK_Y_take_0004,156,58,98,98,0,0,0,3288.5510999985854,3.5240362000004097,25208
P05_BLACK_Y_take_0005,158,57,101,101,0,0,0,3352.403500001401,3.6021561000002293,23684
P05_BLACK_Y_take_0006,162,72,90,90,0,0,0,3036.8737000030706,3.2644843000002766,5692
P05_BLACK_Y_take_0007,154,60,94,94,0,0,0,3141.514700002972,3.317559899999651,7280
P05_BLACK_Y_take_0008,159,62,97,97,0,0,0,3321.502999997847,3.5536057999997865,26520
P05_BLACK_Y_take_0009,154,60,94,94,0,0,0,3275.0282000029074,3.480935099999897,27164
P05_BLACK_Y_take_0010,156,57,99,99,0,0,0,3241.7604999991454,3.473985900000116,7280
P05_BLUE_A_take_0001,168,58,110,110,0,0,0,3675.6468000021414,3.9404961000000185,26520
P05_BLUE_A_take_0002,173,71,102,102,0,0,0,3430.1757000007456,3.695924500000274,25208
P05_BLUE_A_take_0003,161,44,117,117,0,0,0,3866.2173000025177,4.163310100000217,23684
P05_BLUE_A_take_0004,166,64,102,102,0,0,0,3417.9474999959893,3.6728438000000097,23684
P05_BLUE_A_take_0005,169,54,115,115,0,0,0,3846.721699997488,4.126419000000169,5692
P05_BLUE_A_take_0006,166,72,94,94,0,0,0,3242.337699998643,3.483907000000272,13740
P05_BLUE_A_take_0007,160,51,109,109,0,0,0,3655.8932999996614,3.9366359999999077,13740
P05_BLUE_A_take_0008,165,51,114,114,0,0,0,3912.039600003027,4.208983999999873,5692
P05_BLUE_A_take_0009,166,57,109,109,0,0,0,3656.388099999276,3.9192213999999694,23020
P05_BLUE_A_take_0010,166,64,102,102,0,0,0,3491.585799999484,3.7496250999997756,5692
P05_BLUE_B_take_0001,162,72,90,90,0,0,0,2993.629700002657,3.215101300000242,18664
P05_BLUE_B_take_0002,161,49,112,112,0,0,0,3739.6657999988747,4.00974479999968,13740
P05_BLUE_B_take_0003,169,75,94,94,0,0,0,3138.6464000011074,3.3705691000000115,18664
P05_BLUE_B_take_0004,161,60,101,101,0,0,0,3488.8200999998844,3.733110900000156,23020
P05_BLUE_B_take_0005,168,58,110,110,0,0,0,3631.1928999989505,3.8930194999998093,26504
P05_BLUE_B_take_0006,164,71,93,93,0,0,0,3064.7393999979613,3.2970930999999837,13740
P05_BLUE_B_take_0007,166,60,106,106,0,0,0,3583.8662999954067,3.857633699999951,18664
P05_BLUE_B_take_0008,164,55,109,109,0,0,0,3705.606900001385,3.9613829999998416,23020
P05_BLUE_B_take_0009,164,66,98,98,0,0,0,3297.5994000003084,3.530623199999809,5692
P05_BLUE_B_take_0010,166,57,109,109,0,0,0,3693.0626000034863,3.9627792000001136,30392
P05_BLUE_C_take_0001,163,55,108,108,0,0,0,3695.148199999039,3.956381099999817,16028
P05_BLUE_C_take_0002,170,64,106,106,0,0,0,3548.1322999985423,3.8262101000000257,24320
P05_BLUE_C_take_0003,167,64,103,103,0,0,0,3440.378000000237,3.6809759000002487,18664
P05_BLUE_C_take_0004,165,59,106,106,0,0,0,3687.5210000011975,3.9458824000003005,18664
P05_BLUE_C_take_0005,165,68,97,97,0,0,0,3320.7550000015544,3.5645629000000554,30392
P05_BLUE_C_take_0006,165,77,88,88,0,0,0,3063.9351999980136,3.292256599999746,23252
P05_BLUE_C_take_0007,164,58,106,106,0,0,0,3620.252900000196,3.8704077000002144,18664
P05_BLUE_C_take_0008,168,49,119,119,0,0,0,4046.9927999952233,4.328679799999918,23684
P05_BLUE_C_take_0009,164,56,108,108,0,0,0,3621.037800000522,3.8775923000002877,30392
P05_BLUE_C_take_0010,165,65,100,100,0,0,0,3310.740299999452,3.5494010000002163,24320
P05_BLUE_E_take_0001,165,71,94,94,0,0,0,3156.624400000055,3.3824555000001055,16028
P05_BLUE_E_take_0002,164,61,103,103,0,0,0,3390.083800000866,3.6402938000001086,23252
P05_BLUE_E_take_0003,166,62,104,104,0,0,0,3472.435999996378,3.71498419999989,23252
P05_BLUE_E_take_0004,164,64,100,100,0,0,0,3398.9778999998634,3.640934699999889,24320
P05_BLUE_E_take_0005,172,76,96,96,0,0,0,3159.2736000034165,3.410724299999856,26504
P05_BLUE_E_take_0006,164,78,86,86,0,0,0,2853.175799998553,3.064028899999812,16028
P05_BLUE_E_take_0007,168,56,112,112,0,0,0,3823.8630000005287,4.086414400000194,13740
P05_BLUE_E_take_0008,172,72,100,100,0,0,0,3255.403100003605,3.531659799999943,23684
P05_BLUE_E_take_0009,164,56,108,108,0,0,0,3655.7718000030945,3.9103792000000794,19472
P05_BLUE_E_take_0010,165,69,96,96,0,0,0,3206.459299999551,3.4493642000002183,19472
P05_BLUE_I_take_0001,166,62,104,104,0,0,0,3557.531399999334,3.811092500000086,24320
P05_BLUE_I_take_0002,166,63,103,103,0,0,0,3467.6289999965775,3.7184142999999494,16028
P05_BLUE_I_take_0003,168,72,96,96,0,0,0,3162.0819000036136,3.3965032999999494,23020
P05_BLUE_I_take_0004,162,64,98,98,0,0,0,3325.6873999985146,3.5583874999997533,30392
P05_BLUE_I_take_0005,170,72,98,98,0,0,0,3290.765100000044,3.5256662000001597,16028
P05_BLUE_I_take_0006,163,64,99,99,0,0,0,3340.0626000006923,3.5873403999999027,19472
P05_BLUE_I_take_0007,168,62,106,106,0,0,0,3511.811199998192,3.7744025000001784,5692
P05_BLUE_I_take_0008,168,63,105,105,0,0,0,3565.939900006015,3.8235427999998137,18664
P05_BLUE_I_take_0009,164,57,107,107,0,0,0,3688.5315000004084,3.9483280000004015,25208
P05_BLUE_I_take_0010,165,50,115,115,0,0,0,3955.209900000682,4.231970100000126,25208
P05_BLUE_L_take_0001,165,66,99,99,0,0,0,3419.879499998842,3.668503999999757,7280
P05_BLUE_L_take_0002,162,56,106,106,0,0,0,3499.3443999997,3.7527601000001596,23252
P05_BLUE_L_take_0003,168,61,107,107,0,0,0,3575.2346999984184,3.8443452999999863,30392
P05_BLUE_L_take_0004,165,58,107,107,0,0,0,3689.7659000014755,3.959371200000078,27164
P05_BLUE_L_take_0005,164,64,100,100,0,0,0,3302.4425999992673,3.539234700000179,7280
P05_BLUE_L_take_0006,164,65,99,99,0,0,0,3239.2752000018845,3.4864478999998028,27164
P05_BLUE_L_take_0007,170,64,106,106,0,0,0,3499.345099997754,3.7490639000002375,19472
P05_BLUE_L_take_0008,166,59,107,107,0,0,0,3543.429100002413,3.807955299999776,19472
P05_BLUE_L_take_0009,169,82,87,87,0,0,0,2923.7897999996676,3.139908000000105,30392
P05_BLUE_L_take_0010,162,70,92,92,0,0,0,3129.9240000016653,3.339903499999764,24320
P05_BLUE_M_take_0001,169,75,94,94,0,0,0,3124.0181999992274,3.366078099999868,23252
P05_BLUE_M_take_0002,166,69,97,97,0,0,0,3248.8450999971974,3.476160300000174,25208
P05_BLUE_M_take_0003,163,66,97,97,0,0,0,3355.88670000152,3.607959800000117,25208
P05_BLUE_M_take_0004,169,75,94,94,0,0,0,3224.5945999998185,3.4620764999999665,24320
P05_BLUE_M_take_0005,168,73,95,95,0,0,0,3291.6973999995207,3.535901400000057,23252
P05_BLUE_M_take_0006,166,71,95,95,0,0,0,3191.177200000766,3.4272289000000455,7280
P05_BLUE_M_take_0007,168,68,100,100,0,0,0,3472.711099998378,3.7249621999999363,24320
P05_BLUE_M_take_0008,172,86,86,86,0,0,0,2888.2954999990034,3.1171885000003385,13740
P05_BLUE_M_take_0009,168,76,92,92,0,0,0,2991.3592999992034,3.2240028999999595,16028
P05_BLUE_M_take_0010,168,65,103,103,0,0,0,3430.346599999666,3.666439900000114,19472
P05_BLUE_N_take_0001,173,67,106,106,0,0,0,3513.453499998377,3.7955494000002545,7280
P05_BLUE_N_take_0002,169,73,96,96,0,0,0,3264.5261000016035,3.49455399999988,16028
P05_BLUE_N_take_0003,169,60,109,109,0,0,0,3705.6407000004583,3.962089300000116,19472
P05_BLUE_N_take_0004,165,69,96,96,0,0,0,3238.9376999981323,3.4789011000002574,26520
P05_BLUE_N_take_0005,166,63,103,103,0,0,0,3402.33760000001,3.654271400000198,27164
P05_BLUE_N_take_0006,171,59,112,112,0,0,0,3795.2305999997407,4.081154200000128,27164
P05_BLUE_N_take_0007,168,72,96,96,0,0,0,3295.5925000001116,3.5349387000001116,25208
P05_BLUE_N_take_0008,164,58,106,106,0,0,0,3464.561100001447,3.713697400000001,26520
P05_BLUE_N_take_0009,164,59,105,105,0,0,0,3419.5366000008107,3.6591944000001604,22812
P05_BLUE_N_take_0010,169,84,85,85,0,0,0,2832.2165000017776,3.044504599999982,25208
P05_BLUE_O_take_0001,164,67,97,97,0,0,0,3241.8836000006195,3.4793282999999064,26504
P05_BLUE_O_take_0002,164,64,100,100,0,0,0,3286.930999996912,3.5296723999999813,23684
P05_BLUE_O_take_0003,169,71,98,98,0,0,0,3331.0858999998345,3.5859764000001633,7280
P05_BLUE_O_take_0004,165,69,96,96,0,0,0,3236.6961999964587,3.4723119000000224,22812
P05_BLUE_O_take_0005,170,76,94,94,0,0,0,3198.7242999989576,3.434563600000274,25208
P05_BLUE_O_take_0006,165,83,82,82,0,0,0,2802.3638999998184,3.002026399999977,26504
P05_BLUE_O_take_0007,167,81,86,86,0,0,0,2869.607700000415,3.0832227000000785,30392
P05_BLUE_O_take_0008,168,78,90,90,0,0,0,3124.1756000013083,3.3580183999997644,7280
P05_BLUE_O_take_0009,168,61,107,107,0,0,0,3582.249699998556,3.846702499999992,27164
P05_BLUE_O_take_0010,166,59,107,107,0,0,0,3677.527800000462,3.958969100000104,26520
P05_BLUE_P_take_0001,164,54,110,110,0,0,0,3733.736400001362,4.018408500000078,13740
P05_BLUE_P_take_0002,163,50,113,113,0,0,0,3802.4633999980324,4.071002500000304,7280
P05_BLUE_P_take_0003,163,45,118,118,0,0,0,3954.15599999842,4.229810400000133,27164
P05_BLUE_P_take_0004,163,52,111,111,0,0,0,3779.404299998987,4.04982979999977,26520
P05_BLUE_P_take_0005,165,61,104,104,0,0,0,3496.804800000973,3.7466973999999027,23684
P05_BLUE_P_take_0006,164,55,109,109,0,0,0,3704.3265999986943,3.973342799999955,23020
P05_BLUE_P_take_0007,162,51,111,111,0,0,0,3702.097500001855,3.9767950999998902,16028
P05_BLUE_P_take_0008,162,45,117,117,0,0,0,3872.138300002007,4.158829400000286,19472
P05_BLUE_P_take_0009,168,62,106,106,0,0,0,3553.2119999988936,3.813770100000056,26520
P05_BLUE_P_take_0010,162,43,119,119,0,0,0,3988.994899998943,4.29213400000026,25208
P05_BLUE_R_take_0001,168,72,96,96,0,0,0,3250.833299999613,3.4831029000001763,22812
P05_BLUE_R_take_0002,164,58,106,106,0,0,0,3612.8687000018544,3.8660494000000654,5692
P05_BLUE_R_take_0003,170,66,104,104,0,0,0,3495.0646000011147,3.7509076999999706,7280
P05_BLUE_R_take_0004,163,58,105,105,0,0,0,3584.087199998976,3.8427495999999337,22812
P05_BLUE_R_take_0005,163,59,104,104,0,0,0,3541.9496000017716,3.804041100000177,26504
P05_BLUE_R_take_0006,164,52,112,112,0,0,0,3933.0637000011848,4.212347099999988,18664
P05_BLUE_R_take_0007,165,57,108,108,0,0,0,3641.9752999991033,3.9181158000001233,13740
P05_BLUE_R_take_0008,165,55,110,110,0,0,0,3749.7596000002886,4.01233160000038,23020
P05_BLUE_R_take_0009,172,61,111,111,0,0,0,3733.2442000010815,4.031077799999821,23020
P05_BLUE_R_take_0010,163,58,105,105,0,0,0,3475.596699997368,3.7292069000000083,23684
P05_BLUE_S_take_0001,170,65,105,105,0,0,0,3516.55079999955,3.777659500000027,27164
P05_BLUE_S_take_0002,164,75,89,89,0,0,0,2965.5423999997765,3.1834700000003977,30392
P05_BLUE_S_take_0003,161,64,97,97,0,0,0,3255.716900000607,3.491082600000027,5692
P05_BLUE_S_take_0004,164,72,92,92,0,0,0,3103.820000001633,3.3294989000000896,23252
P05_BLUE_S_take_0005,178,82,96,96,0,0,0,3153.2876999999644,3.5541307999997116,26520
P05_BLUE_S_take_0006,165,71,94,94,0,0,0,3177.5054000004275,3.4027289999999084,5692
P05_BLUE_S_take_0007,162,67,95,95,0,0,0,3208.3301999982723,3.429573299999902,7280
P05_BLUE_S_take_0008,161,57,104,104,0,0,0,3468.4283999995387,3.7209356999997,18664
P05_BLUE_S_take_0009,173,69,104,104,0,0,0,3499.7278999976515,3.774837999999818,27164
P05_BLUE_S_take_0010,166,57,109,109,0,0,0,3589.3848999980946,3.879101100000298,22812
P05_BLUE_T_take_0001,162,60,102,102,0,0,0,3469.3140000013045,3.713540799999919,27164
P05_BLUE_T_take_0002,166,68,98,98,0,0,0,3337.2334999990017,3.5835541000001285,26504
P05_BLUE_T_take_0003,164,65,99,99,0,0,0,3349.890999999843,3.5965423000002374,24320
P05_BLUE_T_take_0004,165,64,101,101,0,0,0,3416.4824999988923,3.6825732000002063,18664
P05_BLUE_T_take_0005,176,61,115,115,0,0,0,3703.2733999985794,4.171048800000335,25208
P05_BLUE_T_take_0006,166,63,103,103,0,0,0,3466.325199999119,3.72475489999988,23684
P05_BLUE_T_take_0007,177,73,104,104,0,0,0,3321.3907999975163,3.7422653000003265,22812
P05_BLUE_T_take_0008,168,67,101,101,0,0,0,3410.6752999982746,3.665900899999997,26504
P05_BLUE_T_take_0009,169,69,100,100,0,0,0,3357.7735000008033,3.606253299999935,27164
P05_BLUE_T_take_0010,169,69,100,100,0,0,0,3329.9549999983356,3.577487700000347,26520
P05_BLUE_U_take_0001,164,70,94,94,0,0,0,3115.4114000000845,3.3436070000002474,16028
P05_BLUE_U_take_0002,163,60,103,103,0,0,0,3430.2867999990667,3.685737600000266,13740
P05_BLUE_U_take_0003,167,59,108,108,0,0,0,3579.915199998595,3.8440222999997786,23252
P05_BLUE_U_take_0004,162,65,97,97,0,0,0,3259.1696000008596,3.4951099999998405,26520
P05_BLUE_U_take_0005,162,60,102,102,0,0,0,3430.4314999949383,3.6754997999996704,22812
P05_BLUE_U_take_0006,159,67,92,92,0,0,0,3043.199399999594,3.2670162999997956,22812
P05_BLUE_U_take_0007,162,58,104,104,0,0,0,3484.9791000010555,3.7508843000000525,26504
P05_BLUE_U_take_0008,163,56,107,107,0,0,0,3458.523900000273,3.715704799999912,23020
P05_BLUE_U_take_0009,164,67,97,97,0,0,0,3281.750899999224,3.5248169000001326,19472
P05_BLUE_U_take_0010,163,60,103,103,0,0,0,3491.768099998808,3.742184499999894,5692
P05_BLUE_V_take_0001,162,62,100,100,0,0,0,3398.93469999879,3.637014299999919,23684
P05_BLUE_V_take_0002,169,63,106,106,0,0,0,3532.9738000014004,3.7894867999998496,22812
P05_BLUE_V_take_0003,166,69,97,97,0,0,0,3312.9272000037417,3.542872499999703,13740
P05_BLUE_V_take_0004,168,61,107,107,0,0,0,3551.845699997102,3.8191938999998456,23684
P05_BLUE_V_take_0005,167,61,106,106,0,0,0,3596.9204999992144,3.851926600000297,24320
P05_BLUE_V_take_0006,166,58,108,108,0,0,0,3681.9562000009682,3.957534800000303,23020
P05_BLUE_V_take_0007,162,49,113,113,0,0,0,3753.2183000002988,4.024777999999969,13740
P05_BLUE_V_take_0008,168,74,94,94,0,0,0,3209.4833000001017,3.435699999999997,13740
P05_BLUE_V_take_0009,166,55,111,111,0,0,0,3732.331100002284,4.003740199999811,5692
P05_BLUE_V_take_0010,166,62,104,104,0,0,0,3400.18549999877,3.6634291999998823,18664
P05_BLUE_W_take_0001,167,59,108,108,0,0,0,3597.288500002378,3.8721324999996796,16028
P05_BLUE_W_take_0002,163,61,102,102,0,0,0,3407.3468000010507,3.6702463000001444,18664
P05_BLUE_W_take_0003,162,60,102,102,0,0,0,3404.5113000011042,3.656244400000105,23020
P05_BLUE_W_take_0004,163,67,96,96,0,0,0,3144.008899997516,3.3888676000001396,30392
P05_BLUE_W_take_0005,163,64,99,99,0,0,0,3254.810500000076,3.4927339999999276,23252
P05_BLUE_W_take_0006,162,53,109,109,0,0,0,3642.624400000841,3.918052699999862,5692
P05_BLUE_W_take_0007,162,55,107,107,0,0,0,3621.8890999989526,3.8843626000002587,18664
P05_BLUE_W_take_0008,168,80,88,88,0,0,0,2964.4596999996793,3.189382099999875,23020
P05_BLUE_W_take_0009,163,75,88,88,0,0,0,2980.8226000013747,3.210993900000176,24320
P05_BLUE_W_take_0010,163,57,106,106,0,0,0,3602.0314000015787,3.854802800000016,16028
P05_BLUE_Y_take_0001,165,65,100,100,0,0,0,3399.8417999969206,3.637674099999913,30392
P05_BLUE_Y_take_0002,162,61,101,101,0,0,0,3457.945000001473,3.6949125000001004,30392
P05_BLUE_Y_take_0003,171,57,114,114,0,0,0,3764.8879000003035,4.056153900000027,26520
P05_BLUE_Y_take_0004,166,73,93,93,0,0,0,3099.791600001936,3.319389300000239,30392
P05_BLUE_Y_take_0005,171,60,111,111,0,0,0,3665.9308000021156,3.952943100000084,30392
P05_BLUE_Y_take_0006,168,67,101,101,0,0,0,3352.821900001345,3.598352999999861,5692
P05_BLUE_Y_take_0007,166,59,107,107,0,0,0,3648.9344000046913,3.92319869999983,23252
P05_BLUE_Y_take_0008,162,53,109,109,0,0,0,3689.1943000009633,3.9622958999998446,23252
P05_BLUE_Y_take_0009,174,79,95,95,0,0,0,3137.268099998437,3.363897299999735,13740
P05_BLUE_Y_take_0010,161,68,93,93,0,0,0,3139.1072999990683,3.362118200000168,30392
P05_WHITE_A_take_0001,180,65,115,115,0,0,0,3935.2699000005487,4.301746099999946,13740
P05_WHITE_A_take_0002,181,59,122,122,0,0,0,4034.606100000474,4.381470700000136,26520
P05_WHITE_A_take_0003,182,65,117,117,0,0,0,3966.4415000011104,4.2918275999995785,22812
P05_WHITE_A_take_0004,182,71,111,111,0,0,0,3667.0831000010367,3.9672974999998587,26504
P05_WHITE_A_take_0005,182,68,114,114,0,0,0,3845.6473999999616,4.16227280000021,23684
P05_WHITE_A_take_0006,181,48,133,133,0,0,0,4487.7106999992975,4.853576299999986,22812
P05_WHITE_A_take_0007,182,63,119,119,0,0,0,4081.4344000023084,4.4162608000001455,23020
P05_WHITE_A_take_0008,180,72,108,108,0,0,0,3609.290799999144,4.051436400000057,5692
P05_WHITE_A_take_0009,181,63,118,118,0,0,0,3977.865399996517,4.29001210000024,26504
P05_WHITE_A_take_0010,181,71,110,110,0,0,0,3615.036600000167,3.9379621999996743,23684
P05_WHITE_B_take_0001,181,74,107,107,0,0,0,3524.7140000024046,3.828584200000023,23020
P05_WHITE_B_take_0002,181,73,108,108,0,0,0,3712.0264999994106,4.018429300000207,5692
P05_WHITE_B_take_0003,181,62,119,119,0,0,0,3991.223199997876,4.336754999999812,18664
P05_WHITE_B_take_0004,181,66,115,115,0,0,0,3797.0644999991237,4.101885200000197,30392
P05_WHITE_B_take_0005,181,54,127,127,0,0,0,4304.561700001159,4.666707300000326,23252
P05_WHITE_B_take_0006,181,67,114,114,0,0,0,3803.92989999973,4.118105199999718,24320
P05_WHITE_B_take_0007,181,69,112,112,0,0,0,3815.714699999262,4.133584599999722,16028
P05_WHITE_B_take_0008,181,71,110,110,0,0,0,3656.1670999990383,3.9695434999998724,19472
P05_WHITE_B_take_0009,181,72,109,109,0,0,0,3782.409999997981,4.124178900000061,13740
P05_WHITE_B_take_0010,181,65,116,116,0,0,0,3852.373300002455,4.179306700000325,25208
P05_WHITE_C_take_0001,180,62,118,118,0,0,0,3909.686799998326,4.256025500000305,18664
P05_WHITE_C_take_0002,181,47,134,134,0,0,0,4401.02659999684,4.772669399999813,7280
P05_WHITE_C_take_0003,181,76,105,105,0,0,0,3488.3138999994117,3.7973895000000084,27164
P05_WHITE_C_take_0004,181,53,128,128,0,0,0,4198.95230000111,4.611055700000179,26520
P05_WHITE_C_take_0005,182,61,121,121,0,0,0,4111.650299999837,4.442632899999808,5692
P05_WHITE_C_take_0006,181,56,125,125,0,0,0,4126.883700002054,4.47180759999992,22812
P05_WHITE_C_take_0007,181,56,125,125,0,0,0,4166.979500000252,4.526556999999684,26504
P05_WHITE_C_take_0008,182,58,124,124,0,0,0,4157.384199996159,4.507630999999947,18664
P05_WHITE_C_take_0009,182,70,112,112,0,0,0,3726.1237999955483,4.061040299999604,30392
P05_WHITE_C_take_0010,182,70,112,112,0,0,0,3745.086300001276,4.051668900000095,23252
P05_WHITE_E_take_0001,177,65,112,112,0,0,0,3655.251899999257,4.065643999999793,26504
P05_WHITE_E_take_0002,176,53,123,123,0,0,0,4003.481300002022,4.494337000000087,7280
P05_WHITE_E_take_0003,176,54,122,122,0,0,0,3904.1936999992686,4.401348299999881,27164
P05_WHITE_E_take_0004,178,67,111,111,0,0,0,3629.8657000020285,3.992765899999995,22812
P05_WHITE_E_take_0005,178,61,117,117,0,0,0,3798.376300003838,4.156148999999914,26504
P05_WHITE_E_take_0006,175,54,121,121,0,0,0,3993.538299998818,4.396834300000137,23684
P05_WHITE_E_take_0007,178,58,120,120,0,0,0,4034.044199998789,4.397569000000203,23684
P05_WHITE_E_take_0008,176,60,116,116,0,0,0,3780.869800000346,4.215986599999724,26520
P05_WHITE_E_take_0009,176,63,113,113,0,0,0,3601.663999998891,4.04764810000006,22812
P05_WHITE_E_take_0010,175,67,108,108,0,0,0,3784.193700000287,4.045286699999906,13740
P05_WHITE_I_take_0001,178,63,115,115,0,0,0,3841.221800000767,4.1699047999995855,13740
P05_WHITE_I_take_0002,175,68,107,107,0,0,0,3634.7035999965556,4.010176899999806,23020
P05_WHITE_I_take_0003,176,59,117,117,0,0,0,3761.496600000555,4.228245000000243,26504
P05_WHITE_I_take_0004,178,63,115,115,0,0,0,3919.6406999994906,4.28092259999994,23020
P05_WHITE_I_take_0005,177,59,118,118,0,0,0,3856.9268000010197,4.279052699999738,23684
P05_WHITE_I_take_0006,177,71,106,106,0,0,0,3377.3915999986457,3.7673095000000103,13740
P05_WHITE_I_take_0007,180,70,110,110,0,0,0,3730.107599999883,4.1127589000002445,30392
P05_WHITE_I_take_0008,177,62,115,115,0,0,0,3714.2844999984845,4.1369534000000385,23020
P05_WHITE_I_take_0009,177,53,124,124,0,0,0,4037.9255000025296,4.5261522999999215,5692
P05_WHITE_I_take_0010,175,52,123,123,0,0,0,4318.567600000733,4.608720800000356,5692
P05_WHITE_L_take_0001,177,56,121,121,0,0,0,3908.4387000020797,4.313387899999725,18664
P05_WHITE_L_take_0002,175,69,106,106,0,0,0,3495.6780999964394,3.882213899999897,18664
P05_WHITE_L_take_0003,174,50,124,124,0,0,0,4266.963799996574,4.569952599999851,23020
P05_WHITE_L_take_0004,178,71,107,107,0,0,0,3372.2677000023396,3.7330692999998973,5692
P05_WHITE_L_take_0005,179,76,103,103,0,0,0,3412.5749999998334,3.743521899999905,26504
P05_WHITE_L_take_0006,180,72,108,108,0,0,0,3521.606200000406,3.957450400000198,23252
P05_WHITE_L_take_0007,176,68,108,108,0,0,0,3568.9020999989225,3.990227799999957,23684
P05_WHITE_L_take_0008,174,55,119,119,0,0,0,4049.3078000013156,4.35077820000015,5692
P05_WHITE_L_take_0009,177,62,115,115,0,0,0,3641.9326999953228,4.075427199999922,30392
P05_WHITE_L_take_0010,178,75,103,103,0,0,0,3367.621999999301,3.6880811999999423,18664
P05_WHITE_M_take_0001,182,86,96,96,0,0,0,3594.5546999987528,3.8704351999999744,24320
P05_WHITE_M_take_0002,182,68,114,114,0,0,0,3891.620400003376,4.218917099999999,13740
P05_WHITE_M_take_0003,182,73,109,109,0,0,0,3644.650999998248,3.963816499999666,16028
P05_WHITE_M_take_0004,181,55,126,126,0,0,0,4208.568300000479,4.559592399999929,23684
P05_WHITE_M_take_0005,181,52,129,129,0,0,0,4321.026600003279,4.70576310000024,23020
P05_WHITE_M_take_0006,182,54,128,128,0,0,0,4219.70420000207,4.586580799999865,19472
P05_WHITE_M_take_0007,182,79,103,103,0,0,0,3598.4058999993067,3.8928187000001344,25208
P05_WHITE_M_take_0008,181,66,115,115,0,0,0,3882.055200001105,4.211455600000136,5692
P05_WHITE_M_take_0009,181,74,107,107,0,0,0,3596.35309999976,3.930990600000314,18664
P05_WHITE_M_take_0010,181,59,122,122,0,0,0,4099.434199998996,4.4356212000002415,30392
P05_WHITE_N_take_0001,181,48,133,133,0,0,0,4708.8521000014225,5.090988099999777,23252
P05_WHITE_N_take_0002,182,51,131,131,0,0,0,4496.968200003266,4.893048200000067,7280
P05_WHITE_N_take_0003,181,57,124,124,0,0,0,4125.62600000183,4.47716360000004,24320
P05_WHITE_N_take_0004,182,57,125,125,0,0,0,4058.778399998573,4.41646049999963,27164
P05_WHITE_N_take_0005,182,55,127,127,0,0,0,4280.286300001535,4.643173599999955,26520
P05_WHITE_N_take_0006,182,56,126,126,0,0,0,4173.676299998078,4.534697800000231,22812
P05_WHITE_N_take_0007,181,55,126,126,0,0,0,4132.164699998157,4.473820899999737,16028
P05_WHITE_N_take_0008,181,57,124,124,0,0,0,4114.554400000543,4.507076299999881,19472
P05_WHITE_N_take_0009,181,51,130,130,0,0,0,4349.923799999033,4.752884600000016,13740
P05_WHITE_N_take_0010,182,52,130,130,0,0,0,4365.527599999041,4.733247799999845,26504
P05_WHITE_O_take_0001,182,64,118,118,0,0,0,3972.818099998676,4.319997300000068,23684
P05_WHITE_O_take_0002,182,83,99,99,0,0,0,3368.5502999987875,3.660846799999945,23020
P05_WHITE_O_take_0003,182,69,113,113,0,0,0,3746.9645999999557,4.10393460000023,5692
P05_WHITE_O_take_0004,182,78,104,104,0,0,0,3497.058699997524,3.801892299999963,18664
P05_WHITE_O_take_0005,181,71,110,110,0,0,0,3737.7277000032336,4.058532799999739,25208
P05_WHITE_O_take_0006,182,63,119,119,0,0,0,4037.932700000056,4.381315700000414,30392
P05_WHITE_O_take_0007,181,70,111,111,0,0,0,3672.5047000036284,4.089974800000164,7280
P05_WHITE_O_take_0008,182,66,116,116,0,0,0,3920.9728999990148,4.247573900000134,23252
P05_WHITE_O_take_0009,182,66,116,116,0,0,0,3948.9610000027824,4.299147100000027,24320
P05_WHITE_O_take_0010,182,74,108,108,0,0,0,3650.5297999992763,3.9590296999999737,13740
P05_WHITE_P_take_0001,175,70,105,105,0,0,0,3670.2305000003435,3.9111789000003228,30392
P05_WHITE_P_take_0002,177,61,116,116,0,0,0,3746.9400000045425,4.221240100000159,23252
P05_WHITE_P_take_0003,176,50,126,126,0,0,0,4104.076299998724,4.637632500000109,13740
P05_WHITE_P_take_0004,179,73,106,106,0,0,0,3474.024400001781,3.832040500000403,23684
P05_WHITE_P_take_0005,177,58,119,119,0,0,0,3894.52349999965,4.358308400000169,24320
P05_WHITE_P_take_0006,176,57,119,119,0,0,0,3850.875299999643,4.289054600000327,23020
P05_WHITE_P_take_0007,177,77,100,100,0,0,0,3207.9830999996375,3.5841872999999396,16028
P05_WHITE_P_take_0008,177,65,112,112,0,0,0,3628.6038999992343,4.05476950000002,19472
P05_WHITE_P_take_0009,181,64,117,117,0,0,0,3877.805600001011,4.2386586999996325,27164
P05_WHITE_P_take_0010,176,36,140,140,0,0,0,4500.3396999982215,5.057741999999962,5692
P05_WHITE_R_take_0001,180,71,109,109,0,0,0,3489.897799999653,3.8766350000000784,24320
P05_WHITE_R_take_0002,182,74,108,108,0,0,0,3697.1667999969213,4.0233439999997245,16028
P05_WHITE_R_take_0003,182,53,129,129,0,0,0,4275.168999998186,4.654224699999759,19472
P05_WHITE_R_take_0004,181,92,89,89,0,0,0,2973.5959999984516,3.3527679000003445,26520
P05_WHITE_R_take_0005,181,60,121,121,0,0,0,3979.7920000005433,4.476374300000316,22812
P05_WHITE_R_take_0006,181,60,121,121,0,0,0,3999.0289999955166,4.342262699999992,26504
P05_WHITE_R_take_0007,179,53,126,126,0,0,0,4174.47950000178,4.589091600000302,23020
P05_WHITE_R_take_0008,179,74,105,105,0,0,0,3497.2068999995827,3.838229500000125,5692
P05_WHITE_R_take_0009,181,46,135,135,0,0,0,4440.598499998487,4.823031000000356,23684
P05_WHITE_R_take_0010,181,51,130,130,0,0,0,4487.84820000219,4.868412000000262,23020
P05_WHITE_S_take_0001,180,66,114,114,0,0,0,3700.3928000003725,4.126826400000027,16028
P05_WHITE_S_take_0002,156,51,105,105,0,0,0,3449.6849999991355,3.7039432000001398,27164
P05_WHITE_S_take_0003,155,69,86,86,0,0,0,2970.9179999995285,3.1571501999997054,23252
P05_WHITE_S_take_0004,156,68,88,88,0,0,0,2994.91309999803,3.212591699999848,26520
P05_WHITE_S_take_0005,178,66,112,112,0,0,0,3751.337700001386,4.072394800000438,30392
P05_WHITE_S_take_0006,177,63,114,114,0,0,0,3616.671700000097,4.053750000000036,25208
P05_WHITE_S_take_0007,177,79,98,98,0,0,0,3118.426900004579,3.4758686000000125,7280
P05_WHITE_S_take_0008,175,77,98,98,0,0,0,3466.9042000004993,3.6970649999998386,23252
P05_WHITE_S_take_0009,177,58,119,119,0,0,0,3825.842299998385,4.290444799999932,27164
P05_WHITE_S_take_0010,178,72,106,106,0,0,0,3506.124500004262,3.8523135999998885,23252
P05_WHITE_T_take_0001,178,74,104,104,0,0,0,3339.024899996275,3.7101762000002054,24320
P05_WHITE_T_take_0002,179,58,121,121,0,0,0,4056.3348999967275,4.482622699999865,18664
P05_WHITE_T_take_0003,176,81,95,95,0,0,0,3063.0584000000454,3.404048700000203,18664
P05_WHITE_T_take_0004,177,68,109,109,0,0,0,3397.5799999993797,3.807336299999861,26520
P05_WHITE_T_take_0005,176,69,107,107,0,0,0,3438.86429999975,3.867390500000056,30392
P05_WHITE_T_take_0006,176,64,112,112,0,0,0,3478.4143000006225,3.915892399999848,23252
P05_WHITE_T_take_0007,177,55,122,122,0,0,0,3852.0111999996516,4.356057100000271,22812
P05_WHITE_T_take_0008,176,67,109,109,0,0,0,3507.7631000012843,3.8980751999997665,24320
P05_WHITE_T_take_0009,180,72,108,108,0,0,0,3456.7718000007517,3.8469334999999774,19472
P05_WHITE_T_take_0010,179,65,114,114,0,0,0,3822.7029999975457,4.197673300000133,30392
P05_WHITE_U_take_0001,175,76,99,99,0,0,0,3372.8098000010505,3.60385210000004,24320
P05_WHITE_U_take_0002,173,61,112,112,0,0,0,3774.1958999977214,4.071478899999875,26520
P05_WHITE_U_take_0003,175,56,119,119,0,0,0,4266.182799996841,4.54694070000005,16028
P05_WHITE_U_take_0004,172,58,114,114,0,0,0,3911.6894999992837,4.197539699999652,5692
P05_WHITE_U_take_0005,170,61,109,109,0,0,0,3684.205100001236,3.9472375000000284,26520
P05_WHITE_U_take_0006,174,70,104,104,0,0,0,3496.050400002332,3.7652586999997766,18664
P05_WHITE_U_take_0007,172,60,112,112,0,0,0,3799.165000000812,4.093575600000349,18664
P05_WHITE_U_take_0008,171,69,102,102,0,0,0,3621.3200999991386,3.8850971000001664,23252
P05_WHITE_U_take_0009,176,71,105,105,0,0,0,3533.7505999991663,3.86085839999987,16028
P05_WHITE_U_take_0010,175,67,108,108,0,0,0,3764.2968999989534,4.020841999999902,19472
P05_WHITE_V_take_0001,177,82,95,95,0,0,0,3109.829600001831,3.4918099999999868,26504
P05_WHITE_V_take_0002,174,63,111,111,0,0,0,3784.9204999993162,4.045349600000009,30392
P05_WHITE_V_take_0003,179,68,111,111,0,0,0,3703.0475000028673,4.059642200000326,23252
P05_WHITE_V_take_0004,175,71,104,104,0,0,0,3660.0545999990572,3.920863400000144,25208
P05_WHITE_V_take_0005,176,63,113,113,0,0,0,3787.199700000201,4.166710700000294,19472
P05_WHITE_V_take_0006,179,57,122,122,0,0,0,4083.818700001302,4.426461999999901,24320
P05_WHITE_V_take_0007,175,67,108,108,0,0,0,3757.709699998486,3.992733400000361,7280
P05_WHITE_V_take_0008,177,80,97,97,0,0,0,3200.655199999346,3.5491032999998424,23684
P05_WHITE_V_take_0009,176,56,120,120,0,0,0,3910.7680000015534,4.373563499999818,25208
P05_WHITE_V_take_0010,177,70,107,107,0,0,0,3466.6127999967102,3.88742480000019,13740
P05_WHITE_W_take_0001,180,49,131,131,0,0,0,4343.2978000009825,4.784138099999836,25208
P05_WHITE_W_take_0002,180,72,108,108,0,0,0,3636.1986999982037,4.0475932999997895,7280
P05_WHITE_W_take_0003,180,53,127,127,0,0,0,4315.093399996385,4.733094700000038,27164
P05_WHITE_W_take_0004,177,68,109,109,0,0,0,3521.038299998054,3.909512000000177,23020
P05_WHITE_W_take_0005,176,60,116,116,0,0,0,3841.118200001347,4.2079499999999825,7280
P05_WHITE_W_take_0006,174,59,115,115,0,0,0,3773.8253000029545,4.02898630000027,23252
P05_WHITE_W_take_0007,176,41,135,135,0,0,0,4515.772199996263,4.91887719999977,27164
P05_WHITE_W_take_0008,180,70,110,110,0,0,0,3658.054899999115,4.059758200000033,26520
P05_WHITE_W_take_0009,180,68,112,112,0,0,0,3693.8372999998137,4.13136459999987,22812
P05_WHITE_W_take_0010,179,48,131,131,0,0,0,4314.926199999718,4.711553800000274,16028
P05_WHITE_Y_take_0001,176,64,112,112,0,0,0,3734.1462000003958,4.019079399999555,26520
P05_WHITE_Y_take_0002,177,55,122,122,0,0,0,3861.5587999988747,4.310463100000106,5692
P05_WHITE_Y_take_0003,177,62,115,115,0,0,0,3768.2864999983394,4.187903600000027,18664
P05_WHITE_Y_take_0004,177,70,107,107,0,0,0,3412.4320999981137,3.822789300000295,30392
P05_WHITE_Y_take_0005,176,56,120,120,0,0,0,3956.61999999993,4.355292900000222,22812
P05_WHITE_Y_take_0006,175,85,90,90,0,0,0,3216.097599999557,3.4200740999999653,27164
P05_WHITE_Y_take_0007,174,64,110,110,0,0,0,3771.538499995131,4.019629400000213,24320
P05_WHITE_Y_take_0008,174,72,102,102,0,0,0,3379.218000000492,3.624149799999941,16028
P05_WHITE_Y_take_0009,176,63,113,113,0,0,0,3659.964000000855,4.089217100000042,26504
P05_WHITE_Y_take_0010,177,68,109,109,0,0,0,3590.0519000019813,3.9798909000001004,23252
