image_id,public_subject_id,background,gesture_id,filename,relative_path,sha256,size_bytes,width,height,input_is_mirrored
P01_BLACK_A_000001,P01,BLACK,A,image_000001.jpg,training/P01/BLACK/A/images/image_000001.jpg,f5c4e1e9f4ab44d48953b819653af5ffa854c94da64bdfea9c72b5368699a785,8933,,,true
P01_BLACK_A_000002,P01,BLACK,A,image_000002.jpg,training/P01/BLACK/A/images/image_000002.jpg,03be64312c2729c61da83948b6956e12410e9cf5387cf953be683654554ff249,8597,,,true
P01_BLACK_A_000003,P01,BLACK,A,image_000003.jpg,training/P01/BLACK/A/images/image_000003.jpg,693e366d931eac8222607347bc5fb7dfdef078358e0b27afe334151e3007f2b6,8625,,,true
P01_BLACK_A_000004,P01,BLACK,A,image_000004.jpg,training/P01/BLACK/A/images/image_000004.jpg,a599acdb10d26cac19927a33b8e27611f4940326c77899562b54cae53dda15f7,8629,,,true
P01_BLACK_A_000005,P01,BLACK,A,image_000005.jpg,training/P01/BLACK/A/images/image_000005.jpg,bdd3d11f059b8f1facf80e1dc3913ffa66310dcf5a03a40c8c692404d6418d1d,8594,,,true
P01_BLACK_A_000006,P01,BLACK,A,image_000006.jpg,training/P01/BLACK/A/images/image_000006.jpg,7b0853dcf7c65bb007a734fba449e486b42230f99b7438354095973a92563ca9,8552,,,true
P01_BLACK_A_000007,P01,BLACK,A,image_000007.jpg,training/P01/BLACK/A/images/image_000007.jpg,0a8acc07cbe280ac30011a4c4cac880d34bbcfbdf75367326f3dd56d7b9ac54d,8676,,,true
P01_BLACK_A_000008,P01,BLACK,A,image_000008.jpg,training/P01/BLACK/A/images/image_000008.jpg,c2c3536c24e4488ecbd2028fc891e17e224b84bd8db1b9b2e435a783acad8bd0,8621,,,true
P01_BLACK_A_000009,P01,BLACK,A,image_000009.jpg,training/P01/BLACK/A/images/image_000009.jpg,1a90b11f319e8dc35c87d6887e7f36afec8123032f7a39bee13eb138206deeba,8790,,,true
P01_BLACK_A_000010,P01,BLACK,A,image_000010.jpg,training/P01/BLACK/A/images/image_000010.jpg,e93c9f75e9119f1d3ddbf59736b306176a3446bb5aa9c762d12944f425cf4018,8895,,,true
P01_BLACK_A_000011,P01,BLACK,A,image_000011.jpg,training/P01/BLACK/A/images/image_000011.jpg,d5c977d97e31a1240617e985312998f75b9d12f42d2e6453e7e0f5392e3e3bbd,8683,,,true
P01_BLACK_A_000012,P01,BLACK,A,image_000012.jpg,training/P01/BLACK/A/images/image_000012.jpg,0e2fb0d27682f94dfbbcd69a597847e6e75c1a3476fe415e6d90e3ca48a82b09,8968,,,true
P01_BLACK_A_000013,P01,BLACK,A,image_000013.jpg,training/P01/BLACK/A/images/image_000013.jpg,0ca39dbc6655909a61ce32fc01a0ee709fc027cf32a2fa6f9d0c295eb5178406,9074,,,true
P01_BLACK_A_000014,P01,BLACK,A,image_000014.jpg,training/P01/BLACK/A/images/image_000014.jpg,d7d357a876b1a94d2802c6a8473c3a767ed5625ab5bb71ec68a5ec57392a6666,9146,,,true
P01_BLACK_A_000015,P01,BLACK,A,image_000015.jpg,training/P01/BLACK/A/images/image_000015.jpg,d47240ec903458bb99413a2ed541e5b430ebf081dc68739ff2f5e09a36c33167,9077,,,true
P01_BLACK_A_000016,P01,BLACK,A,image_000016.jpg,training/P01/BLACK/A/images/image_000016.jpg,f0e46d6dc39db309fdaf66c2aa7cf448d062005691f7ccf6c95fc868acb0a75a,9163,,,true
P01_BLACK_A_000017,P01,BLACK,A,image_000017.jpg,training/P01/BLACK/A/images/image_000017.jpg,b54f04cc6dc7f66ccfb3aabed29e8e3d111f657385f18157ecc5470c41ae93a3,9221,,,true
P01_BLACK_A_000018,P01,BLACK,A,image_000018.jpg,training/P01/BLACK/A/images/image_000018.jpg,4238c55a57b4b2c115bc823151c39190e6594ef7daaf76a5c14c5802fa668c9b,9364,,,true
P01_BLACK_A_000019,P01,BLACK,A,image_000019.jpg,training/P01/BLACK/A/images/image_000019.jpg,2eaae1d120968eab493550758c20779eab789306c051f27caf0c3cf96472096b,9139,,,true
P01_BLACK_A_000020,P01,BLACK,A,image_000020.jpg,training/P01/BLACK/A/images/image_000020.jpg,b14e7c7a259009752acdbbaac9a85f7ba99eeaf9502654057d6fb0e81caf7c44,8625,,,true
P01_BLACK_A_000021,P01,BLACK,A,image_000021.jpg,training/P01/BLACK/A/images/image_000021.jpg,ab3f98ae33ccf54cf123f1d5cc274e607a87982d5155a74274f7de568371918e,8707,,,true
P01_BLACK_A_000022,P01,BLACK,A,image_000022.jpg,training/P01/BLACK/A/images/image_000022.jpg,71b86d69db9c00cd1987f0f7c8f98e3bd4c5c8060dcce789bdbd6a19235a8109,8789,,,true
P01_BLACK_A_000023,P01,BLACK,A,image_000023.jpg,training/P01/BLACK/A/images/image_000023.jpg,f4f4726d48e7b065957648eb360dafe700ec47531c6205fdb31923e01e96cbbb,8911,,,true
P01_BLACK_A_000024,P01,BLACK,A,image_000024.jpg,training/P01/BLACK/A/images/image_000024.jpg,a1d4c5902a20aee48cab11a9b95fb44c87d0aceb06942d5dad4351e375940f8e,8837,,,true
P01_BLACK_A_000025,P01,BLACK,A,image_000025.jpg,training/P01/BLACK/A/images/image_000025.jpg,bcdb11b1f0ed91a9bd4df632e30ebeb796c4f5b063aeef6dfd2f0b9e237b18d4,8917,,,true
P01_BLACK_B_000001,P01,BLACK,B,image_000001.jpg,training/P01/BLACK/B/images/image_000001.jpg,affcde7eb7a1b9f8e3fc1033f3c5e01c1bb129aa6be2018f428d256b45be3c8a,7375,,,true
P01_BLACK_B_000002,P01,BLACK,B,image_000002.jpg,training/P01/BLACK/B/images/image_000002.jpg,8b75872eb83016ed84f7cc3c262610521aa4705f218dcd3dcc9b8fa1203b5dcd,7353,,,true
P01_BLACK_B_000003,P01,BLACK,B,image_000003.jpg,training/P01/BLACK/B/images/image_000003.jpg,ca6f1c2f7760493c2a1ea447f9b25b6b1ffbb3294f38fa2ddea6cc8cf9c0afd1,7458,,,true
P01_BLACK_B_000004,P01,BLACK,B,image_000004.jpg,training/P01/BLACK/B/images/image_000004.jpg,21918586556d3a722cc60bd0681437b7430b178e6e91163ef7402dc205f1c12b,7992,,,true
P01_BLACK_B_000005,P01,BLACK,B,image_000005.jpg,training/P01/BLACK/B/images/image_000005.jpg,0ab21815b5ab923486acd2e1cf8a6bda442761a50023fe05d71ddc750743af15,8528,,,true
P01_BLACK_B_000006,P01,BLACK,B,image_000006.jpg,training/P01/BLACK/B/images/image_000006.jpg,c67d3c8770c4f85c652e9b3201fd71906fb8d524fd91f8007634fabbfb924271,8170,,,true
P01_BLACK_B_000007,P01,BLACK,B,image_000007.jpg,training/P01/BLACK/B/images/image_000007.jpg,579bd730c091a3ca37b3e737118bb43570fb6c748fa50cb7b14ed918f21a1350,7953,,,true
P01_BLACK_B_000008,P01,BLACK,B,image_000008.jpg,training/P01/BLACK/B/images/image_000008.jpg,6d06824fb7c3ef03afa81d4386149e721f6971fb04c6221b09ea58c21e8f6478,7734,,,true
P01_BLACK_B_000009,P01,BLACK,B,image_000009.jpg,training/P01/BLACK/B/images/image_000009.jpg,d45f1f9fc834f0c2cf5d2b5cc5bd7885938aee1c5959de9d01fbf88420f7308e,8114,,,true
P01_BLACK_B_000010,P01,BLACK,B,image_000010.jpg,training/P01/BLACK/B/images/image_000010.jpg,12a9bb926d39d8af89afe04607560657519df4bb1753b7186f5873111175f665,8533,,,true
P01_BLACK_B_000011,P01,BLACK,B,image_000011.jpg,training/P01/BLACK/B/images/image_000011.jpg,c1cf2e5a24ebc1de68f290b0c8e78916560c81643859dee965c1d32387ed30e1,8836,,,true
P01_BLACK_B_000012,P01,BLACK,B,image_000012.jpg,training/P01/BLACK/B/images/image_000012.jpg,c71b22c68a89bdf494128d3113be10b277f551085c999d5784760f77626a4a57,9037,,,true
P01_BLACK_B_000013,P01,BLACK,B,image_000013.jpg,training/P01/BLACK/B/images/image_000013.jpg,6d0fc51377d8efc20d424951b6f25809dd655b6ff81dc4b71f1958839ff6a0c3,7820,,,true
P01_BLACK_B_000014,P01,BLACK,B,image_000014.jpg,training/P01/BLACK/B/images/image_000014.jpg,45dee27262b982a8aac7919c26872e5be1fee3d5af70e26c9993ba21222b4472,7562,,,true
P01_BLACK_B_000015,P01,BLACK,B,image_000015.jpg,training/P01/BLACK/B/images/image_000015.jpg,9581082894366a63d0174dbbb799b4ca5eb90fb095a6667cd2991d1881698dee,8417,,,true
P01_BLACK_B_000016,P01,BLACK,B,image_000016.jpg,training/P01/BLACK/B/images/image_000016.jpg,fd322906adb525576e261fe123ca5db705da8cd763a81e2168b96673b5ba6154,9149,,,true
P01_BLACK_B_000017,P01,BLACK,B,image_000017.jpg,training/P01/BLACK/B/images/image_000017.jpg,45489574f218c3ff74c0d983607db29ed58fc31f35e0fa8e8738dca3f5fb7a93,8574,,,true
P01_BLACK_B_000018,P01,BLACK,B,image_000018.jpg,training/P01/BLACK/B/images/image_000018.jpg,e43dd77a7ba5e6bf0f305e2d0f437069f8baf268a2c1fc97e5d7b01b2670c05f,8476,,,true
P01_BLACK_B_000019,P01,BLACK,B,image_000019.jpg,training/P01/BLACK/B/images/image_000019.jpg,adf7d4259ae3e76ba3d0889ebe8c4e8471679d4da1a110829040c26b7a1a5547,7907,,,true
P01_BLACK_B_000020,P01,BLACK,B,image_000020.jpg,training/P01/BLACK/B/images/image_000020.jpg,10e2c3996dd89207b37654677f1c3e43e0d0ca6fad93babe2916be55e06a2bc5,8106,,,true
P01_BLACK_B_000021,P01,BLACK,B,image_000021.jpg,training/P01/BLACK/B/images/image_000021.jpg,355f3f7a8c9e2aec2d4aa54020a6a19a760535b4bdf26de3c3f9bf60e745468e,9150,,,true
P01_BLACK_B_000022,P01,BLACK,B,image_000022.jpg,training/P01/BLACK/B/images/image_000022.jpg,c002afec9f50014dceecafd78e0485d2819d1e9c3dae33be807c8a5e0f510de2,9064,,,true
P01_BLACK_B_000023,P01,BLACK,B,image_000023.jpg,training/P01/BLACK/B/images/image_000023.jpg,4b80bfb5b2de4a16eee2e3bc5b19ca80d3061aff2b444dcd0d9de0ea63dd9cfe,8873,,,true
P01_BLACK_B_000024,P01,BLACK,B,image_000024.jpg,training/P01/BLACK/B/images/image_000024.jpg,b43043eaaab7ac7dab9274a28fbbfebd86190fa57881d117271d23de461ca9b6,9393,,,true
P01_BLACK_B_000025,P01,BLACK,B,image_000025.jpg,training/P01/BLACK/B/images/image_000025.jpg,0fbe3de5621c680364dbd764b619523ac68ef0a51e7b96a4dfc74440851d0b17,9134,,,true
P01_BLACK_C_000001,P01,BLACK,C,image_000001.jpg,training/P01/BLACK/C/images/image_000001.jpg,82316a8273a6317f723cacfc084680263382686da62fa25ae0131fde04ef312a,9125,,,true
P01_BLACK_C_000002,P01,BLACK,C,image_000002.jpg,training/P01/BLACK/C/images/image_000002.jpg,4d83f016d007c2f5af72ed5c95265d9ca75a3fcbfe5f010fe6ec17e2726984a8,9679,,,true
P01_BLACK_C_000003,P01,BLACK,C,image_000003.jpg,training/P01/BLACK/C/images/image_000003.jpg,8965c136c2f1b5e1f9b3855c6340af6108953cb44acdac831dfdc236a36f2f0d,9404,,,true
P01_BLACK_C_000004,P01,BLACK,C,image_000004.jpg,training/P01/BLACK/C/images/image_000004.jpg,0c453bf42f1b9eb221581f0265a7093d20159e1d8f9ade139fd34a84e73d3315,9571,,,true
P01_BLACK_C_000005,P01,BLACK,C,image_000005.jpg,training/P01/BLACK/C/images/image_000005.jpg,1840bb97fa17d4d1371c1bfaf86ee527ad145e0a10b3c42cfce0c00dbb5f6c9e,9585,,,true
P01_BLACK_C_000006,P01,BLACK,C,image_000006.jpg,training/P01/BLACK/C/images/image_000006.jpg,2c63263e685f9da008a53a08972227a1f52f214288a2a3e10d8c0715adf8c84a,9576,,,true
P01_BLACK_C_000007,P01,BLACK,C,image_000007.jpg,training/P01/BLACK/C/images/image_000007.jpg,947b68b5a8d070657b66d2ca3c259d1f5fc18e1abedc13fb14ff7853f438c9a1,9472,,,true
P01_BLACK_C_000008,P01,BLACK,C,image_000008.jpg,training/P01/BLACK/C/images/image_000008.jpg,9d51469e3e456bc997b813a4290cc7b76953ba0cfab7b56e88fa140ca76b5e4c,9359,,,true
P01_BLACK_C_000009,P01,BLACK,C,image_000009.jpg,training/P01/BLACK/C/images/image_000009.jpg,1aad302644dac2f0601dd47def05e3fe6c970341fb8d0cbd5bffa87687943450,9276,,,true
P01_BLACK_C_000010,P01,BLACK,C,image_000010.jpg,training/P01/BLACK/C/images/image_000010.jpg,a05ef880767a3ef579d03b32a786f0cd727c9703f3e8044ee2c32eb98ca60540,9476,,,true
P01_BLACK_C_000011,P01,BLACK,C,image_000011.jpg,training/P01/BLACK/C/images/image_000011.jpg,0e7c5d9dc26de779baecaae99cde1913a68eecd502d98df80f73b17f0c442da5,9075,,,true
P01_BLACK_C_000012,P01,BLACK,C,image_000012.jpg,training/P01/BLACK/C/images/image_000012.jpg,8bb0eb70ea25f1a4d307694316c7cde17499e8081d2aab549d36ccef117449ac,9329,,,true
P01_BLACK_C_000013,P01,BLACK,C,image_000013.jpg,training/P01/BLACK/C/images/image_000013.jpg,8597a479cf91e33cfbacb93057d9d763ca857b784b3a67672f84cf192a522bf5,9640,,,true
P01_BLACK_C_000014,P01,BLACK,C,image_000014.jpg,training/P01/BLACK/C/images/image_000014.jpg,346acad55078b9f8e809a2cc5dc5a9de6168331db804cd120beeee79f20b4af6,9953,,,true
P01_BLACK_C_000015,P01,BLACK,C,image_000015.jpg,training/P01/BLACK/C/images/image_000015.jpg,d5f510ac0ea08c99c6f7784ece04cd22ae3167b788c90a801be7c0827cd1f9e5,9481,,,true
P01_BLACK_C_000016,P01,BLACK,C,image_000016.jpg,training/P01/BLACK/C/images/image_000016.jpg,ee2cb8195fd4075903d7a2697033190e7c4e5f04fdfc5708cbbff9f0b551b666,9609,,,true
P01_BLACK_C_000017,P01,BLACK,C,image_000017.jpg,training/P01/BLACK/C/images/image_000017.jpg,40a537ae05163ebd45ba5f66cb6f1d26df4e3685d7062a390b3679c2cc2ce781,9749,,,true
P01_BLACK_C_000018,P01,BLACK,C,image_000018.jpg,training/P01/BLACK/C/images/image_000018.jpg,95502116a8fd2bd585b06e82b695d9454a4003453fe7ce17664e10c8a406e82b,9646,,,true
P01_BLACK_C_000019,P01,BLACK,C,image_000019.jpg,training/P01/BLACK/C/images/image_000019.jpg,09332359242f5b6659e5bd27fae70e536780fad3a4e0ea698523b5a2f8fd373d,9958,,,true
P01_BLACK_C_000020,P01,BLACK,C,image_000020.jpg,training/P01/BLACK/C/images/image_000020.jpg,cd19076b50257e2cd238f129042a3284847edd516c6a6c7c836dfa4c2fd3caf3,9852,,,true
P01_BLACK_C_000021,P01,BLACK,C,image_000021.jpg,training/P01/BLACK/C/images/image_000021.jpg,92256e949a98c10733ec1034c801ac18798f1ea4b3df3c6267c9855673d5a002,9620,,,true
P01_BLACK_C_000022,P01,BLACK,C,image_000022.jpg,training/P01/BLACK/C/images/image_000022.jpg,b5622e05e9e5491d81af2843711963860ee7a39396471df23a9cbb1bd2758f51,9531,,,true
P01_BLACK_C_000023,P01,BLACK,C,image_000023.jpg,training/P01/BLACK/C/images/image_000023.jpg,b4664ff712d4f2e6376f6f078f55b5dd808eb04dbe061e77f6726d54b4f9a867,9392,,,true
P01_BLACK_C_000024,P01,BLACK,C,image_000024.jpg,training/P01/BLACK/C/images/image_000024.jpg,9f7e7d66c69c14ae0bddcead56ab8c47b2d798470ca256b31a5701c055325109,9549,,,true
P01_BLACK_C_000025,P01,BLACK,C,image_000025.jpg,training/P01/BLACK/C/images/image_000025.jpg,b12c00f716d9ac4ca9240cbbde5f349888e646cd4bb5f324d54f33ec4c91b169,9700,,,true
P01_BLACK_E_000001,P01,BLACK,E,image_000001.jpg,training/P01/BLACK/E/images/image_000001.jpg,b8820e8757b4f412980b2f820a686408be2c1a7eee4db71795de95a87618716d,8470,,,true
P01_BLACK_E_000002,P01,BLACK,E,image_000002.jpg,training/P01/BLACK/E/images/image_000002.jpg,35a8c3e75f6558c500f43f7bec060476b00b18a477a64311a11d2de65716bcaf,8423,,,true
P01_BLACK_E_000003,P01,BLACK,E,image_000003.jpg,training/P01/BLACK/E/images/image_000003.jpg,acf50a9c889a3fe215d59733f934d3f86b44e96c709ec5de65d6f369962fbb81,8393,,,true
P01_BLACK_E_000004,P01,BLACK,E,image_000004.jpg,training/P01/BLACK/E/images/image_000004.jpg,3a1018c60b33b7d33c8f362fa98566df43af4eeb4f46c57e15fef5f993e2829d,8356,,,true
P01_BLACK_E_000005,P01,BLACK,E,image_000005.jpg,training/P01/BLACK/E/images/image_000005.jpg,0026b13b69796df7038d851e1ac91854433569b733006f191e3695c36341a978,8879,,,true
P01_BLACK_E_000006,P01,BLACK,E,image_000006.jpg,training/P01/BLACK/E/images/image_000006.jpg,f15122379069f7d668b27ad54c96e3467de79881d522666639ecbf0b1902a749,8862,,,true
P01_BLACK_E_000007,P01,BLACK,E,image_000007.jpg,training/P01/BLACK/E/images/image_000007.jpg,221a30da69a2296a46252d5fe45e6c1e6bcafb79e4626eb8eb8b25db9e0e67b2,9032,,,true
P01_BLACK_E_000008,P01,BLACK,E,image_000008.jpg,training/P01/BLACK/E/images/image_000008.jpg,ba90c5e9e8de90d861e932ea6aba76d323ed1d243212258a96a0beb46bbf10b7,8807,,,true
P01_BLACK_E_000009,P01,BLACK,E,image_000009.jpg,training/P01/BLACK/E/images/image_000009.jpg,41c9e03dc358ecd44084bb00febde23f84ff19d2fceebf1136b5f538f6f255e3,8884,,,true
P01_BLACK_E_000010,P01,BLACK,E,image_000010.jpg,training/P01/BLACK/E/images/image_000010.jpg,16a93b23c6b4b00f2bdbef270af48584598be2c8dd530e3f0d9dd3b375c27587,9099,,,true
P01_BLACK_E_000011,P01,BLACK,E,image_000011.jpg,training/P01/BLACK/E/images/image_000011.jpg,d26693c919eeca08c70e3b160e310e8511719591e1a23fcbc51ec96f83cc5f47,8792,,,true
P01_BLACK_E_000012,P01,BLACK,E,image_000012.jpg,training/P01/BLACK/E/images/image_000012.jpg,cb27d52a2bb6b91b2e43d0db44f56908f36fe2a0e66ec378e958fdfabd1b373d,8703,,,true
P01_BLACK_E_000013,P01,BLACK,E,image_000013.jpg,training/P01/BLACK/E/images/image_000013.jpg,bb6ea2347d637c5af7d7b9a439ace1d3d1be7bcc601a08bd5652cd73cf4a2981,8891,,,true
P01_BLACK_E_000014,P01,BLACK,E,image_000014.jpg,training/P01/BLACK/E/images/image_000014.jpg,7302455b6e312ad4d1446e0b7859ca045c238e91f3b8a564b7210d424ad9e5f5,9011,,,true
P01_BLACK_E_000015,P01,BLACK,E,image_000015.jpg,training/P01/BLACK/E/images/image_000015.jpg,b38b63f8f9fa9eee00b8d6a24c4dc092dcff7b4704d7a1800a3ac2c8ed39c5be,9041,,,true
P01_BLACK_E_000016,P01,BLACK,E,image_000016.jpg,training/P01/BLACK/E/images/image_000016.jpg,7b791c0eb7d57fbb462794225acd9c39f08b51121dbf9dc90a3e6d55f35919bf,8954,,,true
P01_BLACK_E_000017,P01,BLACK,E,image_000017.jpg,training/P01/BLACK/E/images/image_000017.jpg,c77ed050e0ee259ef1b9b33ab39d5dc6f6769d2390423cdb5016772cb7dc7c2f,8962,,,true
P01_BLACK_E_000018,P01,BLACK,E,image_000018.jpg,training/P01/BLACK/E/images/image_000018.jpg,99292a7460a3b48db5a5db29bcf57e71c246d03b420d234b784fa82f0f924a94,8758,,,true
P01_BLACK_E_000019,P01,BLACK,E,image_000019.jpg,training/P01/BLACK/E/images/image_000019.jpg,a1cbdaa80f94781247a45d2575148be11dd4f59db6612c1ee8a83c29e3f0ad25,8983,,,true
P01_BLACK_E_000020,P01,BLACK,E,image_000020.jpg,training/P01/BLACK/E/images/image_000020.jpg,55efafd74fd6dc5ae681d5affbf71f7f6cd01026b7d7d4423c3ca6b27e308f4d,8848,,,true
P01_BLACK_E_000021,P01,BLACK,E,image_000021.jpg,training/P01/BLACK/E/images/image_000021.jpg,8fc69cfbc77669cdb0a957fe81c09d6d97c225fa27ebab83a225c5b307cf7449,8979,,,true
P01_BLACK_E_000022,P01,BLACK,E,image_000022.jpg,training/P01/BLACK/E/images/image_000022.jpg,697a32d09e89c02c896cd74acdce6bfa7a0214e9a146cfb95188a922d8f3ec39,8904,,,true
P01_BLACK_E_000023,P01,BLACK,E,image_000023.jpg,training/P01/BLACK/E/images/image_000023.jpg,0c60b554d23e39c50fcc8a13d88333df9bd9bcd4892696094a9da3c5438b0221,9130,,,true
P01_BLACK_E_000024,P01,BLACK,E,image_000024.jpg,training/P01/BLACK/E/images/image_000024.jpg,3d470eafd99afe6d46eda8d0e5fe62e291c55e400e5b75d090014eb925cd509a,8528,,,true
P01_BLACK_E_000025,P01,BLACK,E,image_000025.jpg,training/P01/BLACK/E/images/image_000025.jpg,67fc5b3b04acaf9cbd9b55a00be8fe5c7a645b835e54fe7d45ef3bf0a8f38c78,8933,,,true
P01_BLACK_I_000001,P01,BLACK,I,image_000001.jpg,training/P01/BLACK/I/images/image_000001.jpg,90a804ea7e0d44138fa63d4d70ccd7dbed0a005944721552222edc6959a34426,8967,,,true
P01_BLACK_I_000002,P01,BLACK,I,image_000002.jpg,training/P01/BLACK/I/images/image_000002.jpg,1ed0c90b33f861898a3ab4a6ca508f4e44d4e16d6e2ed090fc3ad0eb7afa713f,8888,,,true
P01_BLACK_I_000003,P01,BLACK,I,image_000003.jpg,training/P01/BLACK/I/images/image_000003.jpg,a3fcd50edc7e572d3380e19b79be2be2a9b2872f22edfef0707420fd40be3ca3,9050,,,true
P01_BLACK_I_000004,P01,BLACK,I,image_000004.jpg,training/P01/BLACK/I/images/image_000004.jpg,66e15958aaf7ca841bbda4f9f5318c5f9f8928129ed26c1fe336ded578e70c4a,9177,,,true
P01_BLACK_I_000005,P01,BLACK,I,image_000005.jpg,training/P01/BLACK/I/images/image_000005.jpg,b0a0935c55f6f800d9e8f679181ec5b623cbad238a4cd556dbc47a38a3ebef0d,9145,,,true
P01_BLACK_I_000006,P01,BLACK,I,image_000006.jpg,training/P01/BLACK/I/images/image_000006.jpg,2e5770f35109d6182d0ad1fa95ae20569462db888654bfe2088ff5ece2372a7f,9078,,,true
P01_BLACK_I_000007,P01,BLACK,I,image_000007.jpg,training/P01/BLACK/I/images/image_000007.jpg,210a5b1ca1be0900514fce14452eab17c96c25384e5180f576228ee2ea7f14fc,9029,,,true
P01_BLACK_I_000008,P01,BLACK,I,image_000008.jpg,training/P01/BLACK/I/images/image_000008.jpg,f7cbe075e1f687538acfe36b1786d7740663e7f911f60fa2b22161603d4a2dc5,9055,,,true
P01_BLACK_I_000009,P01,BLACK,I,image_000009.jpg,training/P01/BLACK/I/images/image_000009.jpg,f2539e5129056162da2ff3c50429de6c0d3a0acf65a5f07db51b87012003da78,8904,,,true
P01_BLACK_I_000010,P01,BLACK,I,image_000010.jpg,training/P01/BLACK/I/images/image_000010.jpg,163fc23ebd8e3083c83752cc5340d78b67d997b333748f3cd904260bf919d8be,9007,,,true
P01_BLACK_I_000011,P01,BLACK,I,image_000011.jpg,training/P01/BLACK/I/images/image_000011.jpg,784cfeff558d2b811e6047f971b1343bcaccdc8e8af9b4d6b0633c474eb07849,7912,,,true
P01_BLACK_I_000012,P01,BLACK,I,image_000012.jpg,training/P01/BLACK/I/images/image_000012.jpg,2c6f1ed9554cad131f9d39dabad672bc70f46b6ce4318335ae8c477210c5ecb3,8959,,,true
P01_BLACK_I_000013,P01,BLACK,I,image_000013.jpg,training/P01/BLACK/I/images/image_000013.jpg,55c9f1771ce4c3b2e37e9e7babc654eb72c11994c0a4799a06a0344b7c00fcfa,8957,,,true
P01_BLACK_I_000014,P01,BLACK,I,image_000014.jpg,training/P01/BLACK/I/images/image_000014.jpg,4c767ce26fd50b092dd82f2e646674602eac1b2bdf0bce823df8571a89407337,9321,,,true
P01_BLACK_I_000015,P01,BLACK,I,image_000015.jpg,training/P01/BLACK/I/images/image_000015.jpg,85627e85cccc4d290a139afa2a10e0b132137c19da1d7eea984a3de80820756f,9086,,,true
P01_BLACK_I_000016,P01,BLACK,I,image_000016.jpg,training/P01/BLACK/I/images/image_000016.jpg,09df50f1769c772f35ded27ec6aa6204c9cf93d5a97df8548cd5a08487aa2e14,9264,,,true
P01_BLACK_I_000017,P01,BLACK,I,image_000017.jpg,training/P01/BLACK/I/images/image_000017.jpg,d9c0e1a539b19d07857dba93ed6bd44d39fda2600e52f18395f18dee56bdf492,9078,,,true
P01_BLACK_I_000018,P01,BLACK,I,image_000018.jpg,training/P01/BLACK/I/images/image_000018.jpg,826d61e34e5bcae85c15c526098b1a8f661be914c11a53f6833b05d74ac48f5a,9184,,,true
P01_BLACK_I_000019,P01,BLACK,I,image_000019.jpg,training/P01/BLACK/I/images/image_000019.jpg,6d992e49db1d58145d7792e2bd0c3cabbe801d3cd629b9d423632d69c3abc3e5,8951,,,true
P01_BLACK_I_000020,P01,BLACK,I,image_000020.jpg,training/P01/BLACK/I/images/image_000020.jpg,005c2f4118b4d9a9620ff8a2dbd43f0a8e3392aeede35347b96555856fa2d8ed,9320,,,true
P01_BLACK_I_000021,P01,BLACK,I,image_000021.jpg,training/P01/BLACK/I/images/image_000021.jpg,cc7da2cfd52fef5e46f33127960cc2600ca67b64d456fcdfc85ec60be7bab7e8,8673,,,true
P01_BLACK_I_000022,P01,BLACK,I,image_000022.jpg,training/P01/BLACK/I/images/image_000022.jpg,13ef6e6c14bb88af95b2ab67b484c495123c191902abba864e9ff46822455f6e,9253,,,true
P01_BLACK_I_000023,P01,BLACK,I,image_000023.jpg,training/P01/BLACK/I/images/image_000023.jpg,8b02e5c7ab24a5fec08c38aa0e4601b03d0ece9a8dd0a550c85ad27d39eadf5d,8799,,,true
P01_BLACK_I_000024,P01,BLACK,I,image_000024.jpg,training/P01/BLACK/I/images/image_000024.jpg,9a9568217aee82b9ef791fc5821c2e8bcbb08938b684733f7bbb026af49a11c4,8933,,,true
P01_BLACK_I_000025,P01,BLACK,I,image_000025.jpg,training/P01/BLACK/I/images/image_000025.jpg,53e5f96c08047306e19cb89578560d4716718f7ae67923db9a120e55e489c21c,9073,,,true
P01_BLACK_L_000001,P01,BLACK,L,image_000001.jpg,training/P01/BLACK/L/images/image_000001.jpg,735edf450eb63ddbb74f27c4a5793006c0e703096cc48fb3e1498cefaee95f07,9478,,,true
P01_BLACK_L_000002,P01,BLACK,L,image_000002.jpg,training/P01/BLACK/L/images/image_000002.jpg,3dd029f7bbef566fa7e0da999b53927f8c793269933ebe550654d2729947658f,9487,,,true
P01_BLACK_L_000003,P01,BLACK,L,image_000003.jpg,training/P01/BLACK/L/images/image_000003.jpg,5bebbf957e3f8aa67350be1586bb532fcaf1380cda6589c9ff95524393b73f54,9513,,,true
P01_BLACK_L_000004,P01,BLACK,L,image_000004.jpg,training/P01/BLACK/L/images/image_000004.jpg,ca71f902949c2a0fc6f8b28bc316b58950982b731aa9139032dcf895797eff3b,9565,,,true
P01_BLACK_L_000005,P01,BLACK,L,image_000005.jpg,training/P01/BLACK/L/images/image_000005.jpg,81b73e4afed9725f4baab36def4f5b5b44c5e1f1541390969eea1a585caf4107,9510,,,true
P01_BLACK_L_000006,P01,BLACK,L,image_000006.jpg,training/P01/BLACK/L/images/image_000006.jpg,9224459bf8babb1b7e670541b81a1349162af4d1c68fdd3384ba971bed4cfcb1,9553,,,true
P01_BLACK_L_000007,P01,BLACK,L,image_000007.jpg,training/P01/BLACK/L/images/image_000007.jpg,d5f116cb4dd3f1a47573c1eaab83ae2f16d508f620471107497ab8cbe6c79e2f,9434,,,true
P01_BLACK_L_000008,P01,BLACK,L,image_000008.jpg,training/P01/BLACK/L/images/image_000008.jpg,dc36dbc650c27caefcd7e8a89b81da97b025369ca6df4d839601342532a82fe9,9647,,,true
P01_BLACK_L_000009,P01,BLACK,L,image_000009.jpg,training/P01/BLACK/L/images/image_000009.jpg,ba8d79e8bc48856b836e9111e35ae4a57b16e8e858dda0770306b98447c38862,9655,,,true
P01_BLACK_L_000010,P01,BLACK,L,image_000010.jpg,training/P01/BLACK/L/images/image_000010.jpg,ee51b75bb5a4728114c6f60e0342321f3e8adaf9bab824b3023d136655341ea2,9424,,,true
P01_BLACK_L_000011,P01,BLACK,L,image_000011.jpg,training/P01/BLACK/L/images/image_000011.jpg,64ae84b23aa843f5a993d4394be839fb39038a87c6b6b1d5566adc5ee22247e9,9579,,,true
P01_BLACK_L_000012,P01,BLACK,L,image_000012.jpg,training/P01/BLACK/L/images/image_000012.jpg,8b3dd8281d2f8fabf2b4159d9a603c7fcebba16d1280119cde4cf8e6a77283a9,9615,,,true
P01_BLACK_L_000013,P01,BLACK,L,image_000013.jpg,training/P01/BLACK/L/images/image_000013.jpg,1dc4a4a211202891ededc327937ae28600e8b5e3b50de6335ce1aa4c8dc24991,9612,,,true
P01_BLACK_L_000014,P01,BLACK,L,image_000014.jpg,training/P01/BLACK/L/images/image_000014.jpg,54b737a40efdfac46693ca9ff9bde0c3e779cadb038400ee605d361c4b0b131e,8574,,,true
P01_BLACK_L_000015,P01,BLACK,L,image_000015.jpg,training/P01/BLACK/L/images/image_000015.jpg,fd4ebb45a5ff596378e6218166916790fb898132217c6455ba00fe5b8797d900,8601,,,true
P01_BLACK_L_000016,P01,BLACK,L,image_000016.jpg,training/P01/BLACK/L/images/image_000016.jpg,a028c595177644aa98eb3fc2b2b644996a6e0b6e7e3035fdd41b47d52431c329,9085,,,true
P01_BLACK_L_000017,P01,BLACK,L,image_000017.jpg,training/P01/BLACK/L/images/image_000017.jpg,df3c23e0261273671b195f7ca617acaf0a5642cf82b62289c06132e447883293,9027,,,true
P01_BLACK_L_000018,P01,BLACK,L,image_000018.jpg,training/P01/BLACK/L/images/image_000018.jpg,32119630a979035a545d8e483f6c61e463652e71ceae098ccc2ef725cf7e6d22,8777,,,true
P01_BLACK_L_000019,P01,BLACK,L,image_000019.jpg,training/P01/BLACK/L/images/image_000019.jpg,de39b9460be9fe9696bf25341f0fe19f1eaa66f1d6666d8861d6e79581768528,8773,,,true
P01_BLACK_L_000020,P01,BLACK,L,image_000020.jpg,training/P01/BLACK/L/images/image_000020.jpg,01655043d3ec664bf146fba66141bde1203a90a3526b2548b280b21724839a17,9304,,,true
P01_BLACK_L_000021,P01,BLACK,L,image_000021.jpg,training/P01/BLACK/L/images/image_000021.jpg,b4903e76ae692ae90027eb2a19529a10ba84e8790178a75d286cc9b59fe916a2,9532,,,true
P01_BLACK_L_000022,P01,BLACK,L,image_000022.jpg,training/P01/BLACK/L/images/image_000022.jpg,96e1aceadb73e7b5060abc382d7d51ba62e5ab11b513f5e6d6f42e9ba10c0598,8684,,,true
P01_BLACK_L_000023,P01,BLACK,L,image_000023.jpg,training/P01/BLACK/L/images/image_000023.jpg,d519f4dcc5b678f63f5866897940bffcf147a86f98fe37de63b1b38f0b8fcdf2,9195,,,true
P01_BLACK_L_000024,P01,BLACK,L,image_000024.jpg,training/P01/BLACK/L/images/image_000024.jpg,e956518e2f2924b3f3552700438263cb16796ec383feefcd9ebfd33164000159,9095,,,true
P01_BLACK_L_000025,P01,BLACK,L,image_000025.jpg,training/P01/BLACK/L/images/image_000025.jpg,7d1ce4d7698b6122047b304809587221c47bece7de08e00e81f5edcf8dc68a90,9130,,,true
P01_BLACK_M_000001,P01,BLACK,M,image_000001.jpg,training/P01/BLACK/M/images/image_000001.jpg,c5664e2b97e52044293fd8fa7db3c6940d0a8233b2b830d0c33bceaee6ae8858,9496,,,true
P01_BLACK_M_000002,P01,BLACK,M,image_000002.jpg,training/P01/BLACK/M/images/image_000002.jpg,a5da28dd99deef7203f9388979f467cedef2584d154035becee0db5f3c357ede,9201,,,true
P01_BLACK_M_000003,P01,BLACK,M,image_000003.jpg,training/P01/BLACK/M/images/image_000003.jpg,cb73b3c127714824bf46dd2cf1b769f8b1e8a38841e35efaf8ecd5f3916bbe9f,9252,,,true
P01_BLACK_M_000004,P01,BLACK,M,image_000004.jpg,training/P01/BLACK/M/images/image_000004.jpg,7860a3fdbbb312cb86af3e96333eca65978f7729019581439db051013a99f355,9432,,,true
P01_BLACK_M_000005,P01,BLACK,M,image_000005.jpg,training/P01/BLACK/M/images/image_000005.jpg,bca6b422bbd174f2435b526b3c601c98232c056317e6cb17c451508acd459fba,9594,,,true
P01_BLACK_M_000006,P01,BLACK,M,image_000006.jpg,training/P01/BLACK/M/images/image_000006.jpg,471a339f7562fc7d47ba448d9ed2881542eef1d93a3e6ec793424826e16e8989,9476,,,true
P01_BLACK_M_000007,P01,BLACK,M,image_000007.jpg,training/P01/BLACK/M/images/image_000007.jpg,ed776a46797b845895cd7453f32fb53eb45336aece0f11b9e38c15a8270eca46,9345,,,true
P01_BLACK_M_000008,P01,BLACK,M,image_000008.jpg,training/P01/BLACK/M/images/image_000008.jpg,eaca8f4634d62d961d44e30b0beb922697143e656009d85ddec314a2e2d8511a,9210,,,true
P01_BLACK_M_000009,P01,BLACK,M,image_000009.jpg,training/P01/BLACK/M/images/image_000009.jpg,d341c733082c7db821bda1a42918be61b55e63443df74ab1ecd49f5cd8c29ce5,9193,,,true
P01_BLACK_M_000010,P01,BLACK,M,image_000010.jpg,training/P01/BLACK/M/images/image_000010.jpg,8ec1835ac704eadf951d2efd8c8d3fbe7a654f06db9124e798ff131f4eae53e8,9636,,,true
P01_BLACK_M_000011,P01,BLACK,M,image_000011.jpg,training/P01/BLACK/M/images/image_000011.jpg,9a0d773700c6809fd92d293016d84d9f3327c86e90d4335ed3c2a818c384367d,9378,,,true
P01_BLACK_M_000012,P01,BLACK,M,image_000012.jpg,training/P01/BLACK/M/images/image_000012.jpg,9f430008fd11afcf52bd519af7c595d7ea52fdab96e91ebddb1b59acf03037c2,9069,,,true
P01_BLACK_M_000013,P01,BLACK,M,image_000013.jpg,training/P01/BLACK/M/images/image_000013.jpg,b88048a055b8d889dc2d350b23eb43ecaca284f85eb08f8f57cc67eada9ba510,9550,,,true
P01_BLACK_M_000014,P01,BLACK,M,image_000014.jpg,training/P01/BLACK/M/images/image_000014.jpg,370d10d797c9fe521b2d9492e95501b63682832132e79469e27390eb74d48212,9415,,,true
P01_BLACK_M_000015,P01,BLACK,M,image_000015.jpg,training/P01/BLACK/M/images/image_000015.jpg,4cfb730649f97d03b4ce62a5dd8338693de57147bea5e3dd9a97b68efce4cd8c,9354,,,true
P01_BLACK_M_000016,P01,BLACK,M,image_000016.jpg,training/P01/BLACK/M/images/image_000016.jpg,0bd583281b92cc55c27eb88ffc8660f8198487d47d9c1a67a9e7a66b905e11c3,9463,,,true
P01_BLACK_M_000017,P01,BLACK,M,image_000017.jpg,training/P01/BLACK/M/images/image_000017.jpg,669d53071968bd4810bc713d76d3df4cdcb676ab8a3b0f3cf78dddd9f2b10a98,9235,,,true
P01_BLACK_M_000018,P01,BLACK,M,image_000018.jpg,training/P01/BLACK/M/images/image_000018.jpg,3a3e61e45e86fd86d5bd496ad6efbed7abd6fdc0bcaedbc079afc5a27ff66b1c,9265,,,true
P01_BLACK_M_000019,P01,BLACK,M,image_000019.jpg,training/P01/BLACK/M/images/image_000019.jpg,40fe877b682acd811ed74e124a954644c735ec77b479f629f1ebdd29a13d7566,9280,,,true
P01_BLACK_M_000020,P01,BLACK,M,image_000020.jpg,training/P01/BLACK/M/images/image_000020.jpg,1bafeee173493feccf15bd07947af575a798bd22d1e3fefbd80f295297ce24a8,9631,,,true
P01_BLACK_M_000021,P01,BLACK,M,image_000021.jpg,training/P01/BLACK/M/images/image_000021.jpg,4bf7f2d90b037770fb3d2af3854316b4e20c9d3a506fc6e56d87a15877aa16e0,9782,,,true
P01_BLACK_M_000022,P01,BLACK,M,image_000022.jpg,training/P01/BLACK/M/images/image_000022.jpg,850bf0b17636f47bb17bceb67e92ed7fab222c94e8b42d3b865b2e4c7b380a43,9621,,,true
P01_BLACK_M_000023,P01,BLACK,M,image_000023.jpg,training/P01/BLACK/M/images/image_000023.jpg,9b395a0ad21d0a0ea18e8d62dda2af74549ef8324c8307fb857aa26d5ebf097e,9644,,,true
P01_BLACK_M_000024,P01,BLACK,M,image_000024.jpg,training/P01/BLACK/M/images/image_000024.jpg,eb51a61bd7cb9c45a8178c6f15bdf2d56eaf4f0665c831ffeebaaf4fb3a32312,9545,,,true
P01_BLACK_M_000025,P01,BLACK,M,image_000025.jpg,training/P01/BLACK/M/images/image_000025.jpg,42843244870ad58c55ff7a4b5b540c645c8bb60678f61e4be66453dd7f62689e,9511,,,true
P01_BLACK_N_000001,P01,BLACK,N,image_000001.jpg,training/P01/BLACK/N/images/image_000001.jpg,4e09085ee568025b4f58d0b723542d3df044467fa4af1ae279d7527c5b29dad3,8988,,,true
P01_BLACK_N_000002,P01,BLACK,N,image_000002.jpg,training/P01/BLACK/N/images/image_000002.jpg,4dd1e92d151560aef3fdce804062ba6a95c7a2b6fb9b419eb1e63e7d349186a4,8981,,,true
P01_BLACK_N_000003,P01,BLACK,N,image_000003.jpg,training/P01/BLACK/N/images/image_000003.jpg,04d80300ca7da1a787cbdffb2316be485315bb1a82456066220ffdf57b134b44,9281,,,true
P01_BLACK_N_000004,P01,BLACK,N,image_000004.jpg,training/P01/BLACK/N/images/image_000004.jpg,3986fddcd32dfc3b98a9025dfc8e894bf0c11bac6088c8bf36f757dfe0f38d32,9333,,,true
P01_BLACK_N_000005,P01,BLACK,N,image_000005.jpg,training/P01/BLACK/N/images/image_000005.jpg,58c72eeebf8f1928a9c527154cda5ffcd2e613dc3406ec77f81fbc2e1ee5afc2,9273,,,true
P01_BLACK_N_000006,P01,BLACK,N,image_000006.jpg,training/P01/BLACK/N/images/image_000006.jpg,5c8401420704092f4385859b44dbf977a3e8991400efc842635066a58ab422c1,9180,,,true
P01_BLACK_N_000007,P01,BLACK,N,image_000007.jpg,training/P01/BLACK/N/images/image_000007.jpg,a35ba2d768ef12267f59ad116eb77c5c5955d0f353eee68d6bcea1f41d51e7c2,9081,,,true
P01_BLACK_N_000008,P01,BLACK,N,image_000008.jpg,training/P01/BLACK/N/images/image_000008.jpg,ed2bc3cfd2e518164d7b6fb565fe9c470f6b18d165d9a9ba74831bb742200d71,8956,,,true
P01_BLACK_N_000009,P01,BLACK,N,image_000009.jpg,training/P01/BLACK/N/images/image_000009.jpg,9b6711698476e7e97accaf0d8c3c75f4705ecf06dcc150cf407cececea2b7a86,9160,,,true
P01_BLACK_N_000010,P01,BLACK,N,image_000010.jpg,training/P01/BLACK/N/images/image_000010.jpg,09c48acc890864492e1b66b2835875cd0a59de0f0820f0fc75c582a7693ef5b2,9189,,,true
P01_BLACK_N_000011,P01,BLACK,N,image_000011.jpg,training/P01/BLACK/N/images/image_000011.jpg,4bcfc89f2f4b4a43e2f6959285198b1d39591d55015146c722c9867dd99b0843,9153,,,true
P01_BLACK_N_000012,P01,BLACK,N,image_000012.jpg,training/P01/BLACK/N/images/image_000012.jpg,66f7a53823e1331173c0462941a45a42721d13e4c4e142a9b5e0b6859c34fdad,9199,,,true
P01_BLACK_N_000013,P01,BLACK,N,image_000013.jpg,training/P01/BLACK/N/images/image_000013.jpg,18e915f4422f3f999647ea68a6d272089eb8f17c9a67a91efc7c682b4b018c7e,8980,,,true
P01_BLACK_N_000014,P01,BLACK,N,image_000014.jpg,training/P01/BLACK/N/images/image_000014.jpg,96e385e97458f2cc0f4ef174f78e05302f5fced0c4642bcd73f59d108ec783c2,9138,,,true
P01_BLACK_N_000015,P01,BLACK,N,image_000015.jpg,training/P01/BLACK/N/images/image_000015.jpg,a05a360609b42403fd55ecdc07b468473e88551af6fde8e944a507365676194e,9279,,,true
P01_BLACK_N_000016,P01,BLACK,N,image_000016.jpg,training/P01/BLACK/N/images/image_000016.jpg,f0f722108a9d5721cfdcf8fad06fb720429567ca44754f240bc579db724c3880,9363,,,true
P01_BLACK_N_000017,P01,BLACK,N,image_000017.jpg,training/P01/BLACK/N/images/image_000017.jpg,b08f2cbd405020e8ad9265205c96cdc0217bba031617fe6ff6d888f203e4d4a9,9243,,,true
P01_BLACK_N_000018,P01,BLACK,N,image_000018.jpg,training/P01/BLACK/N/images/image_000018.jpg,700533504179e1c9c44b3a59768bc71bc6d64f18a69f1c1e24eb70e2f71619e1,9324,,,true
P01_BLACK_N_000019,P01,BLACK,N,image_000019.jpg,training/P01/BLACK/N/images/image_000019.jpg,b1dafa7d833b8158201d91ce311f6c8507703983daa8651648e533cb74c936c2,8935,,,true
P01_BLACK_N_000020,P01,BLACK,N,image_000020.jpg,training/P01/BLACK/N/images/image_000020.jpg,023ff4ed9047774dbee243a2692280d6a0e667305943fd3e1a7210301ef30341,8982,,,true
P01_BLACK_N_000021,P01,BLACK,N,image_000021.jpg,training/P01/BLACK/N/images/image_000021.jpg,4c25696f8806b0074b1e834cd92742788fa94cc53289061a34e9e842b4eeb9ef,9289,,,true
P01_BLACK_N_000022,P01,BLACK,N,image_000022.jpg,training/P01/BLACK/N/images/image_000022.jpg,ba14943ff01b0fda228711a66b46e0664db06c91bf3da78f1198a20d539cf886,9314,,,true
P01_BLACK_N_000023,P01,BLACK,N,image_000023.jpg,training/P01/BLACK/N/images/image_000023.jpg,2903c73e4ddc64a11a94ecdee38604caa219d787c39c1bc9a426bd0922d03841,8953,,,true
P01_BLACK_N_000024,P01,BLACK,N,image_000024.jpg,training/P01/BLACK/N/images/image_000024.jpg,010f773ea1d7dd3b36d3122d09cace35b95df041c0c93bba05c651a236807729,8954,,,true
P01_BLACK_N_000025,P01,BLACK,N,image_000025.jpg,training/P01/BLACK/N/images/image_000025.jpg,e0e514b3422d9db2e5697b08aa0cfc5ae562332ea6bbd265d44f3d64576ec787,9102,,,true
P01_BLACK_O_000001,P01,BLACK,O,image_000001.jpg,training/P01/BLACK/O/images/image_000001.jpg,6ff0d20eaa2454f515d56f6062da7ae1b4cc3364f2ff3aad42972539ea3c94fc,9513,,,true
P01_BLACK_O_000002,P01,BLACK,O,image_000002.jpg,training/P01/BLACK/O/images/image_000002.jpg,f00d50a172c9a03936295b56e70f38e734645abe84ca64d7c7ff526101b68fe9,9474,,,true
P01_BLACK_O_000003,P01,BLACK,O,image_000003.jpg,training/P01/BLACK/O/images/image_000003.jpg,badb3f7570b321757dc7923459eb7640a5d4a82ff5aba886146182c6c52c59fb,9491,,,true
P01_BLACK_O_000004,P01,BLACK,O,image_000004.jpg,training/P01/BLACK/O/images/image_000004.jpg,45daba18ac65a8bb1b3dda78e9819728d7987fe3be19a3f946c3807db82053c7,9300,,,true
P01_BLACK_O_000005,P01,BLACK,O,image_000005.jpg,training/P01/BLACK/O/images/image_000005.jpg,9e02e73a984ce1b959279e4934d88f28b0399a861dd92e0793df4bf81574256a,9182,,,true
P01_BLACK_O_000006,P01,BLACK,O,image_000006.jpg,training/P01/BLACK/O/images/image_000006.jpg,49a5654841461e2ac7498f7ee80a989bc2a2abddb2178784474b7f5929f43bc2,9104,,,true
P01_BLACK_O_000007,P01,BLACK,O,image_000007.jpg,training/P01/BLACK/O/images/image_000007.jpg,9de701b2834e4b25b890ac1029d56617f16d4b81af6bea9d5009b397519c349f,9397,,,true
P01_BLACK_O_000008,P01,BLACK,O,image_000008.jpg,training/P01/BLACK/O/images/image_000008.jpg,2ac8283d7533e3d9d8ae6bb19ea1250ad05acfd82a3fbbd5242ca6907757ff0a,9452,,,true
P01_BLACK_O_000009,P01,BLACK,O,image_000009.jpg,training/P01/BLACK/O/images/image_000009.jpg,53a6c49f05927be955589e5f8de05bbe5fc48b026bc72bff1ad5cd71aa0d57d3,9512,,,true
P01_BLACK_O_000010,P01,BLACK,O,image_000010.jpg,training/P01/BLACK/O/images/image_000010.jpg,4e7c1ac12af37a148fd1666005cd777c8c8155a2006293e01801ded9990bec06,9459,,,true
P01_BLACK_O_000011,P01,BLACK,O,image_000011.jpg,training/P01/BLACK/O/images/image_000011.jpg,bfc6e2f7618d855643b913ec25046c119ff424938c6cf202d4f7decd3eedea39,9464,,,true
P01_BLACK_O_000012,P01,BLACK,O,image_000012.jpg,training/P01/BLACK/O/images/image_000012.jpg,b24b5415b8f33a0302074cf91159282179255e3377918f02d02131b081767ede,9027,,,true
P01_BLACK_O_000013,P01,BLACK,O,image_000013.jpg,training/P01/BLACK/O/images/image_000013.jpg,3805f4134a0a5db68b215c2125d21a2022930b4803e4b4d850bf386e0ca3636e,9121,,,true
P01_BLACK_O_000014,P01,BLACK,O,image_000014.jpg,training/P01/BLACK/O/images/image_000014.jpg,2ba69a6b50c3be84786b84e211de8a41973848b7c05ffdd555e5f3889a841d84,9313,,,true
P01_BLACK_O_000015,P01,BLACK,O,image_000015.jpg,training/P01/BLACK/O/images/image_000015.jpg,b12721a88aefe993cb10d2441962b91d5aaa58ef3f4669fc242bb1d2e1f90d45,8478,,,true
P01_BLACK_O_000016,P01,BLACK,O,image_000016.jpg,training/P01/BLACK/O/images/image_000016.jpg,b9f5d81dcfa1c2aec3583798fd984e9e1e684dd294af3d1679998fc0cdd09487,9126,,,true
P01_BLACK_O_000017,P01,BLACK,O,image_000017.jpg,training/P01/BLACK/O/images/image_000017.jpg,83ebd85224abdad49fe607d927079da1c843ca2dcd310b37c0e0ae072e6e0e0f,9065,,,true
P01_BLACK_O_000018,P01,BLACK,O,image_000018.jpg,training/P01/BLACK/O/images/image_000018.jpg,79e73d061be6c803f93a7246b26629cb045a8ad180cc54f6b6f8ddc70b64695f,9541,,,true
P01_BLACK_O_000019,P01,BLACK,O,image_000019.jpg,training/P01/BLACK/O/images/image_000019.jpg,aed10d742553760cc977ed5aebe9651fbe97cc13e600e0d0ed82ee3d2f280f40,9465,,,true
P01_BLACK_O_000020,P01,BLACK,O,image_000020.jpg,training/P01/BLACK/O/images/image_000020.jpg,93eeb3305fb2932a25315fcd4a26c16c24849debb3ee200f75ee65438714bc28,9341,,,true
P01_BLACK_O_000021,P01,BLACK,O,image_000021.jpg,training/P01/BLACK/O/images/image_000021.jpg,cb3f0f40f1222ac0cc3c4b8036f2965d09461e91534a62e6f3a7e1d59809d23e,9378,,,true
P01_BLACK_O_000022,P01,BLACK,O,image_000022.jpg,training/P01/BLACK/O/images/image_000022.jpg,81e7aba8f9ad07c0c64c2d004128caac73b5edf8cbc6483487c5abef04ba4d1f,9464,,,true
P01_BLACK_O_000023,P01,BLACK,O,image_000023.jpg,training/P01/BLACK/O/images/image_000023.jpg,ba90cedd97f28b1c725c17aaa51499b94068bd3e39083adda1747a9ef0c6778b,9651,,,true
P01_BLACK_O_000024,P01,BLACK,O,image_000024.jpg,training/P01/BLACK/O/images/image_000024.jpg,7ecefda2b1d43957437af6946f26a4e18af715bed5c4873eb9b4f03409225f79,9566,,,true
P01_BLACK_O_000025,P01,BLACK,O,image_000025.jpg,training/P01/BLACK/O/images/image_000025.jpg,f9531b1035ca7b51fa6b646c282c8663c884897bd942f5d36fa6c6eb7edd5e6a,10131,,,true
P01_BLACK_P_000001,P01,BLACK,P,image_000001.jpg,training/P01/BLACK/P/images/image_000001.jpg,9039248504218b1028fc410190777cae5a35da685073096d6ec958e95a947550,7545,,,true
P01_BLACK_P_000002,P01,BLACK,P,image_000002.jpg,training/P01/BLACK/P/images/image_000002.jpg,c98135aeae462bb499e52325a98f31a49e9b1c117abddb28e2d5ff120cf2543e,7536,,,true
P01_BLACK_P_000003,P01,BLACK,P,image_000003.jpg,training/P01/BLACK/P/images/image_000003.jpg,bb20d16124e7e8e98bdfc4ef4764720840872f3e2eb52b7091ecba7a6bd1c8e8,8459,,,true
P01_BLACK_P_000004,P01,BLACK,P,image_000004.jpg,training/P01/BLACK/P/images/image_000004.jpg,8507dcd7e1defd3571c646803fd81ebd87df3b71e557a75eccfe69a2728170b5,8704,,,true
P01_BLACK_P_000005,P01,BLACK,P,image_000005.jpg,training/P01/BLACK/P/images/image_000005.jpg,34239ee9ebe83d0b406b22af3526e03af41402b60cae9f7b98cb77f6dd243a52,8590,,,true
P01_BLACK_P_000006,P01,BLACK,P,image_000006.jpg,training/P01/BLACK/P/images/image_000006.jpg,d94143363b81bf1c5bbb42780db13547bee02593ab2ff3808fd46de3565d409f,8431,,,true
P01_BLACK_P_000007,P01,BLACK,P,image_000007.jpg,training/P01/BLACK/P/images/image_000007.jpg,e3dd9de350b7483542c2536a4c3de8417915fc2606f79754a45f8f31233cfd1b,8260,,,true
P01_BLACK_P_000008,P01,BLACK,P,image_000008.jpg,training/P01/BLACK/P/images/image_000008.jpg,c45f3bc0682388a080464a18a1de679a182fcb610d67e387841526a010b3b73e,8440,,,true
P01_BLACK_P_000009,P01,BLACK,P,image_000009.jpg,training/P01/BLACK/P/images/image_000009.jpg,86087c58b1aa9326b0d96e2aec40f1f33d9d42cd2acf10fc9f9ab20eb8c9d8b3,8222,,,true
P01_BLACK_P_000010,P01,BLACK,P,image_000010.jpg,training/P01/BLACK/P/images/image_000010.jpg,4963d7ff7e13d7f91c8eb9a65322d87c4c231f511e37156e04a4b45b190da156,8158,,,true
P01_BLACK_P_000011,P01,BLACK,P,image_000011.jpg,training/P01/BLACK/P/images/image_000011.jpg,55a90ef2f38327c08e12186e27b70d9eabdff8c36a64388103c99bf85a0691ad,7841,,,true
P01_BLACK_P_000012,P01,BLACK,P,image_000012.jpg,training/P01/BLACK/P/images/image_000012.jpg,ff4107760e234bf6d9d2cdd06fc6a50503be1046fcfc2ed7284a35b4d0b5f90d,8091,,,true
P01_BLACK_P_000013,P01,BLACK,P,image_000013.jpg,training/P01/BLACK/P/images/image_000013.jpg,33aca93c13dae54bfa26b79254c8b5e642b95d372042698933e91db1829f5ab2,8443,,,true
P01_BLACK_P_000014,P01,BLACK,P,image_000014.jpg,training/P01/BLACK/P/images/image_000014.jpg,e409be4352f66c9bc762621c5b2994709760716a6c9580f2e4c2c34cdf2ed746,8788,,,true
P01_BLACK_P_000015,P01,BLACK,P,image_000015.jpg,training/P01/BLACK/P/images/image_000015.jpg,af2528036722e79048cfc618dd3282a2734e00a4e43b048057155f0e2a799c11,8741,,,true
P01_BLACK_P_000016,P01,BLACK,P,image_000016.jpg,training/P01/BLACK/P/images/image_000016.jpg,020f6b67d73e4aabafe0fbac9d0223817cddbfc97d085431da6b78d70ea418a4,8910,,,true
P01_BLACK_P_000017,P01,BLACK,P,image_000017.jpg,training/P01/BLACK/P/images/image_000017.jpg,49a6493de7327cc7e2c098d300707e892e421a369ffc8eacf77bc2fcc89b143c,8769,,,true
P01_BLACK_P_000018,P01,BLACK,P,image_000018.jpg,training/P01/BLACK/P/images/image_000018.jpg,0e80d0990a681a5940fc8558407ba1c50e203020677e283e333b9f83f8eed0ad,8773,,,true
P01_BLACK_P_000019,P01,BLACK,P,image_000019.jpg,training/P01/BLACK/P/images/image_000019.jpg,e8de8c868d6460fca4eb9018d446e267a7d21f9ca121f95ab8d106408351a8d5,8756,,,true
P01_BLACK_P_000020,P01,BLACK,P,image_000020.jpg,training/P01/BLACK/P/images/image_000020.jpg,da450de3af857871800a2e4314de56324f702584ab1a16b48dac8d91c20995ea,8185,,,true
P01_BLACK_P_000021,P01,BLACK,P,image_000021.jpg,training/P01/BLACK/P/images/image_000021.jpg,f45bba0776fa6b09b91b152ce946c7f8b571d58acc3e1a0c8860b100c56fb628,8816,,,true
P01_BLACK_P_000022,P01,BLACK,P,image_000022.jpg,training/P01/BLACK/P/images/image_000022.jpg,c1e548e62e15d9fd6653c8effbdd8d4d10885d70285617b8c204395e906253df,8603,,,true
P01_BLACK_P_000023,P01,BLACK,P,image_000023.jpg,training/P01/BLACK/P/images/image_000023.jpg,38236ee95042f6ccb317e169e606b7420bf45146bca6abaf54ed7dfa12062f68,8963,,,true
P01_BLACK_P_000024,P01,BLACK,P,image_000024.jpg,training/P01/BLACK/P/images/image_000024.jpg,4117729c6daf6800d9a626b7ab72d68fc331187d63bda76bf605fac21b08bed4,9056,,,true
P01_BLACK_P_000025,P01,BLACK,P,image_000025.jpg,training/P01/BLACK/P/images/image_000025.jpg,abb52c153d49e357c730a266660b7f100dab8c6bcbd7021687fda4cd5e4ac491,8721,,,true
P01_BLACK_R_000001,P01,BLACK,R,image_000001.jpg,training/P01/BLACK/R/images/image_000001.jpg,2d83b47022aa19a8ce1b8638eef1e53018cc8757d94d2618faa65e687aaa6876,8974,,,true
P01_BLACK_R_000002,P01,BLACK,R,image_000002.jpg,training/P01/BLACK/R/images/image_000002.jpg,63bd5484f96cc92541e9334c7fdd8a8b2e2acbbbca62311a7ad3bdd3289c6090,8839,,,true
P01_BLACK_R_000003,P01,BLACK,R,image_000003.jpg,training/P01/BLACK/R/images/image_000003.jpg,230987f32a4c2f8ceffe5c06b7b3e1f8c8eee38e69194aa89dc9ac8f5c338747,8866,,,true
P01_BLACK_R_000004,P01,BLACK,R,image_000004.jpg,training/P01/BLACK/R/images/image_000004.jpg,0b0d2a8140059a8a136132eda53439e26ee2069b73daaeff1be0454d0e43841b,9010,,,true
P01_BLACK_R_000005,P01,BLACK,R,image_000005.jpg,training/P01/BLACK/R/images/image_000005.jpg,6ecd1a275e2f8b3c3080968f68c91c14c07ed9cf6dea8803fba20bed28b364c6,9011,,,true
P01_BLACK_R_000006,P01,BLACK,R,image_000006.jpg,training/P01/BLACK/R/images/image_000006.jpg,10e5e6ed98e366b7a88ad30b2dd76e327048d5edfd11df8af12205eb27ff9b29,8907,,,true
P01_BLACK_R_000007,P01,BLACK,R,image_000007.jpg,training/P01/BLACK/R/images/image_000007.jpg,ab74e6b2c911e3dfb13f081106c436108ade903f039228914d3f59c338ab3fad,8901,,,true
P01_BLACK_R_000008,P01,BLACK,R,image_000008.jpg,training/P01/BLACK/R/images/image_000008.jpg,ac72181b3696c7461f78b460f7a298c8bf649ced86f99350571addea90116d92,8706,,,true
P01_BLACK_R_000009,P01,BLACK,R,image_000009.jpg,training/P01/BLACK/R/images/image_000009.jpg,1569fd5c5b2f32f0be0a18313f3b524a8ab5389ef52179c0bc5dbf4c7e9aba62,8857,,,true
P01_BLACK_R_000010,P01,BLACK,R,image_000010.jpg,training/P01/BLACK/R/images/image_000010.jpg,240401f758ab87b441f9a845271d0e68ff27c2d23631901c2a8f385f4a3ab6d5,8820,,,true
P01_BLACK_R_000011,P01,BLACK,R,image_000011.jpg,training/P01/BLACK/R/images/image_000011.jpg,fd01bfe3e2f7d863dfbf85e8ea444598dfcdb6c1e606352565aefc58b8db4a3f,8920,,,true
P01_BLACK_R_000012,P01,BLACK,R,image_000012.jpg,training/P01/BLACK/R/images/image_000012.jpg,6625550bb36d49c2016e6131ecab3b09955eb2866847595ff6560aafff98653f,8734,,,true
P01_BLACK_R_000013,P01,BLACK,R,image_000013.jpg,training/P01/BLACK/R/images/image_000013.jpg,a80b1ad39c9e79eb8866e50b6e035fa9a5d1e44766fae1f4482e7c443eb9e268,8749,,,true
P01_BLACK_R_000014,P01,BLACK,R,image_000014.jpg,training/P01/BLACK/R/images/image_000014.jpg,5e05b636b24721dd596cf20e71e908e1f5dc840d596684bf04114c87e1fb1516,8756,,,true
P01_BLACK_R_000015,P01,BLACK,R,image_000015.jpg,training/P01/BLACK/R/images/image_000015.jpg,a86e09c5701472131b33669c700c90b41078043adf0e3a25a4c521da9bad3879,8760,,,true
P01_BLACK_R_000016,P01,BLACK,R,image_000016.jpg,training/P01/BLACK/R/images/image_000016.jpg,59ed87d6def8af1748cef4e2d6ec21246a94343be3865e723701911f78000b2b,8899,,,true
P01_BLACK_R_000017,P01,BLACK,R,image_000017.jpg,training/P01/BLACK/R/images/image_000017.jpg,cef123e7c02ee9f39bab0554089ba0b4035860dc424ff5d86ae36c48f0674778,8958,,,true
P01_BLACK_R_000018,P01,BLACK,R,image_000018.jpg,training/P01/BLACK/R/images/image_000018.jpg,0d51b741ee92bb2a0d7345d2ebdd0125f150e36c5684a5b596fab2e58c9506bb,8864,,,true
P01_BLACK_R_000019,P01,BLACK,R,image_000019.jpg,training/P01/BLACK/R/images/image_000019.jpg,bc7ffd6d2125b46cd152bedac329d0a8aa085d5bc77c71bbe6b6875c257085d6,8811,,,true
P01_BLACK_R_000020,P01,BLACK,R,image_000020.jpg,training/P01/BLACK/R/images/image_000020.jpg,c876cf9becd881cf9b38c2cd4050746e9b726678e3e3f1c6e028d798d2bfafae,8922,,,true
P01_BLACK_R_000021,P01,BLACK,R,image_000021.jpg,training/P01/BLACK/R/images/image_000021.jpg,8598b254340150df6bb901f4752d39889a677b5eda420bfea7a5a92c1f31e716,9153,,,true
P01_BLACK_R_000022,P01,BLACK,R,image_000022.jpg,training/P01/BLACK/R/images/image_000022.jpg,b474f9fef003b740fc18e471f19561efc6a9f5f82c1bd472ec6480523ec12940,8889,,,true
P01_BLACK_R_000023,P01,BLACK,R,image_000023.jpg,training/P01/BLACK/R/images/image_000023.jpg,cbaa0fcbc6791a33d4653b8d17412ada8b9497359ed59a4b7bd2ed74bd86b875,8851,,,true
P01_BLACK_R_000024,P01,BLACK,R,image_000024.jpg,training/P01/BLACK/R/images/image_000024.jpg,e639ddce9cc1bc3b9fa45afc5bb29dcd58c3619335a4b11abd4c0d624f17e8e7,8832,,,true
P01_BLACK_R_000025,P01,BLACK,R,image_000025.jpg,training/P01/BLACK/R/images/image_000025.jpg,d7ea25ce63665dbd3119f5cfff3a830727026325ba9bc8e8df96dff567de1261,8892,,,true
P01_BLACK_S_000001,P01,BLACK,S,image_000001.jpg,training/P01/BLACK/S/images/image_000001.jpg,cc121dabad977c3fedd05a05b136065d2f78ab4dd06fe91c96dbf793c0d6a8e4,9137,,,true
P01_BLACK_S_000002,P01,BLACK,S,image_000002.jpg,training/P01/BLACK/S/images/image_000002.jpg,f8a3332dc1ae4700b8ddb310a07a0a2306d9cd7c29bd278d6a3a5db80d3d1367,9251,,,true
P01_BLACK_S_000003,P01,BLACK,S,image_000003.jpg,training/P01/BLACK/S/images/image_000003.jpg,8ddf5ebe2c65d67745f9478975efbc335a0482d423cd80ab714b2aae0a55073a,9572,,,true
P01_BLACK_S_000004,P01,BLACK,S,image_000004.jpg,training/P01/BLACK/S/images/image_000004.jpg,cae928519c7ef0f9c66a0ad17bd1d53b078026166e684e88ed633382ce62025b,9799,,,true
P01_BLACK_S_000005,P01,BLACK,S,image_000005.jpg,training/P01/BLACK/S/images/image_000005.jpg,bfb34d80b6a3cd3f8f9be9cfa0634079f2166b32a9235d88f81015d0603c3b8c,9850,,,true
P01_BLACK_S_000006,P01,BLACK,S,image_000006.jpg,training/P01/BLACK/S/images/image_000006.jpg,118e03ef26b008fecb83d4770837cf2c888459afb22b6e02a975365aa2e2e8ab,9656,,,true
P01_BLACK_S_000007,P01,BLACK,S,image_000007.jpg,training/P01/BLACK/S/images/image_000007.jpg,e60ce78ca01de5b5e43a4afed9fe8b92aff1082f43dcba440ecc5b8c99fc95a2,9188,,,true
P01_BLACK_S_000008,P01,BLACK,S,image_000008.jpg,training/P01/BLACK/S/images/image_000008.jpg,854960214ee83c60f5b20111a6d6277b1361968a3528fc43d784b1d9eb404032,8210,,,true
P01_BLACK_S_000009,P01,BLACK,S,image_000009.jpg,training/P01/BLACK/S/images/image_000009.jpg,fafbd93a5da5d4dead69d6dce6b670ed8e821defe5a8019e9d305a0bb06c7d4f,8500,,,true
P01_BLACK_S_000010,P01,BLACK,S,image_000010.jpg,training/P01/BLACK/S/images/image_000010.jpg,f841a0470e485cbb9583ec6a234d768ddb31a46b8194713a5c9663b0c03dc97f,9396,,,true
P01_BLACK_S_000011,P01,BLACK,S,image_000011.jpg,training/P01/BLACK/S/images/image_000011.jpg,03d07473d46c5e36b3151ee2de272a9e42c34ae57830e6e6e3a8a2f55166326b,9543,,,true
P01_BLACK_S_000012,P01,BLACK,S,image_000012.jpg,training/P01/BLACK/S/images/image_000012.jpg,df2bfb6fd78762def06cb672b29171add4e9dc9f700cd600af5d7a22cc797289,8922,,,true
P01_BLACK_S_000013,P01,BLACK,S,image_000013.jpg,training/P01/BLACK/S/images/image_000013.jpg,0b091e2015b4ea796f6eaf06c0d1627eccebeda94f327881133a30665cc1b5f6,9429,,,true
P01_BLACK_S_000014,P01,BLACK,S,image_000014.jpg,training/P01/BLACK/S/images/image_000014.jpg,64909ac2c0af904df6778e64478001a1a19c002d374573cf7db0e68779743b97,9610,,,true
P01_BLACK_S_000015,P01,BLACK,S,image_000015.jpg,training/P01/BLACK/S/images/image_000015.jpg,0bbf1141409906896fe132b160ecb7b41a667d89daa7224863488c571e714147,9671,,,true
P01_BLACK_S_000016,P01,BLACK,S,image_000016.jpg,training/P01/BLACK/S/images/image_000016.jpg,9d047dbc15110f09abcc544844e3985506e44a8fd616a5254d79d7fca2f427f2,9482,,,true
P01_BLACK_S_000017,P01,BLACK,S,image_000017.jpg,training/P01/BLACK/S/images/image_000017.jpg,b608146cb13e45c3c27309a88c2cc3258df2d5495660d578930159ef392ec83d,9417,,,true
P01_BLACK_S_000018,P01,BLACK,S,image_000018.jpg,training/P01/BLACK/S/images/image_000018.jpg,4a5953bcb44b1317f51979b10a599e75cad8e332d9edbde86a50cf2251621757,9673,,,true
P01_BLACK_S_000019,P01,BLACK,S,image_000019.jpg,training/P01/BLACK/S/images/image_000019.jpg,28c4d447309da29adb0a9c2352c26faf6b6c62fb4c589fa6cbaa28d021e97e81,9385,,,true
P01_BLACK_S_000020,P01,BLACK,S,image_000020.jpg,training/P01/BLACK/S/images/image_000020.jpg,612c499f0d9c25357832ee27c046971df5a0dccb3c67e02328c7318e0ea2f7b5,9584,,,true
P01_BLACK_S_000021,P01,BLACK,S,image_000021.jpg,training/P01/BLACK/S/images/image_000021.jpg,feffefe7bc6c67d394ca1862e2c99c5500badf9f66a54fe42a3a74874d71cb54,9120,,,true
P01_BLACK_S_000022,P01,BLACK,S,image_000022.jpg,training/P01/BLACK/S/images/image_000022.jpg,61680f237ae646683f5ae16d68caa5fa55c6d90ff7b35761226bdbd66a8f0d33,9280,,,true
P01_BLACK_S_000023,P01,BLACK,S,image_000023.jpg,training/P01/BLACK/S/images/image_000023.jpg,ec6d1a0bcdbea7936e431fda027abc1671a4c8c6ad4aa51ff5d5ec2cb2ea18d3,9425,,,true
P01_BLACK_S_000024,P01,BLACK,S,image_000024.jpg,training/P01/BLACK/S/images/image_000024.jpg,bad1b50eb14562973e70b7c5a1e633c82f693e773ba20660e7440557a88f5c2d,9386,,,true
P01_BLACK_S_000025,P01,BLACK,S,image_000025.jpg,training/P01/BLACK/S/images/image_000025.jpg,9dff4a1d588b1dc87405e89f6e8988c04cb8060708be378f686559786920827b,9265,,,true
P01_BLACK_T_000001,P01,BLACK,T,image_000001.jpg,training/P01/BLACK/T/images/image_000001.jpg,f6a2332b2b7ec5946c5d4658566c0a15d89836450ae3c0eb8f521125edf6db4b,9998,,,true
P01_BLACK_T_000002,P01,BLACK,T,image_000002.jpg,training/P01/BLACK/T/images/image_000002.jpg,5843cfcf97bbab4b47d0f899bc5e1b6e267d6386ff86a9cea1983ecf58f64720,9736,,,true
P01_BLACK_T_000003,P01,BLACK,T,image_000003.jpg,training/P01/BLACK/T/images/image_000003.jpg,c6dbcc98dc67167eecce2f177b8e14d51a368e985403b8a2be6dcee291b97cef,9843,,,true
P01_BLACK_T_000004,P01,BLACK,T,image_000004.jpg,training/P01/BLACK/T/images/image_000004.jpg,d943eb2fa94c9d74cf579028dbb56e5e307a3e46bb0ffc66484f8a3a38abdf95,9906,,,true
P01_BLACK_T_000005,P01,BLACK,T,image_000005.jpg,training/P01/BLACK/T/images/image_000005.jpg,1a2567c78023e4515fe2ceeebcc903a20bd161f2553f96ca54886bada3426d63,9794,,,true
P01_BLACK_T_000006,P01,BLACK,T,image_000006.jpg,training/P01/BLACK/T/images/image_000006.jpg,7efcc1f958f4e7411190fcc19a420ee790b2066287055459f19bf823ed96389a,9718,,,true
P01_BLACK_T_000007,P01,BLACK,T,image_000007.jpg,training/P01/BLACK/T/images/image_000007.jpg,dea54fff89eea8de8dbf6123f46448631b7ac182a555e57c31cc84738c00de4d,9788,,,true
P01_BLACK_T_000008,P01,BLACK,T,image_000008.jpg,training/P01/BLACK/T/images/image_000008.jpg,b47908f99d81fcc085391e67351b5c7d6ed42b96b55023a150a2afe9c9b01bfd,10168,,,true
P01_BLACK_T_000009,P01,BLACK,T,image_000009.jpg,training/P01/BLACK/T/images/image_000009.jpg,fb0dab12284f27eb32cf585553d3dc744eb9ff4bfc8996bfd9f213e1ec725b1c,8986,,,true
P01_BLACK_T_000010,P01,BLACK,T,image_000010.jpg,training/P01/BLACK/T/images/image_000010.jpg,c0f5cc84c92ae464760f338e9ade36da6bf7dfc398518fe779bc02b6fd070162,9110,,,true
P01_BLACK_T_000011,P01,BLACK,T,image_000011.jpg,training/P01/BLACK/T/images/image_000011.jpg,731591aae89757253dc49e03a0756090507f4b0dd71158c5f10183b084982d1d,9118,,,true
P01_BLACK_T_000012,P01,BLACK,T,image_000012.jpg,training/P01/BLACK/T/images/image_000012.jpg,a06778d4a9d6df7559708ef41579326da2000a3b3fba1e2e189585f23afd56f8,9370,,,true
P01_BLACK_T_000013,P01,BLACK,T,image_000013.jpg,training/P01/BLACK/T/images/image_000013.jpg,ccb97757da32dd82fddc0e1d97b772a68dfbbb090725d610317c7be192d3d2b7,9184,,,true
P01_BLACK_T_000014,P01,BLACK,T,image_000014.jpg,training/P01/BLACK/T/images/image_000014.jpg,1c7ed91cbad74ee24de5a11e87f504fc92e4da4c42add682568acba459b101f2,9199,,,true
P01_BLACK_T_000015,P01,BLACK,T,image_000015.jpg,training/P01/BLACK/T/images/image_000015.jpg,d62c8892f7e20fe3d89fad1d7c9016fab923e04898af1790426c602c25e56a9c,8923,,,true
P01_BLACK_T_000016,P01,BLACK,T,image_000016.jpg,training/P01/BLACK/T/images/image_000016.jpg,b716b9fbc0dfdc1dc408b29e0e417f098e1e692a6e719226dfe2f0ddd443a50e,9071,,,true
P01_BLACK_T_000017,P01,BLACK,T,image_000017.jpg,training/P01/BLACK/T/images/image_000017.jpg,a2d7f38c25787fbf3bb1c6daad0d8a3910968c159d09ed5e362d592a701f0d2c,9239,,,true
P01_BLACK_T_000018,P01,BLACK,T,image_000018.jpg,training/P01/BLACK/T/images/image_000018.jpg,6df7f2dbc64826c65e2b48094bc46d6318a29ca85b459350f9200f812af6a8b9,9328,,,true
P01_BLACK_T_000019,P01,BLACK,T,image_000019.jpg,training/P01/BLACK/T/images/image_000019.jpg,f266fb2d5e986ddacdb82b7ea1a3354139e1b30e304fa6b8d28f64274a0457da,9380,,,true
P01_BLACK_T_000020,P01,BLACK,T,image_000020.jpg,training/P01/BLACK/T/images/image_000020.jpg,c84409ef23e672a241b0568b0a53104dfedd49f4496c361b4a9c4419f179296e,9299,,,true
P01_BLACK_T_000021,P01,BLACK,T,image_000021.jpg,training/P01/BLACK/T/images/image_000021.jpg,eca152991ee60aea7bcfaf4bbe2d5afb7202409b1dfb5a5932ec24949d3d4f7e,9549,,,true
P01_BLACK_T_000022,P01,BLACK,T,image_000022.jpg,training/P01/BLACK/T/images/image_000022.jpg,4d44dd0237d713f06c6b6f1a61985eae2477f12f216e4b9780d41245116c7115,9095,,,true
P01_BLACK_T_000023,P01,BLACK,T,image_000023.jpg,training/P01/BLACK/T/images/image_000023.jpg,1e5a5862b2a3fb3cfb7f5e2885917c49be125c4ad43021f3c8ba929b7f919c00,9109,,,true
P01_BLACK_T_000024,P01,BLACK,T,image_000024.jpg,training/P01/BLACK/T/images/image_000024.jpg,19243f1184dc3b25b32e175d1640f8876def3e6db34b47b9d0d1417922359ab0,9004,,,true
P01_BLACK_T_000025,P01,BLACK,T,image_000025.jpg,training/P01/BLACK/T/images/image_000025.jpg,3cbfa47505844df9b9cd78c45f567411d68c35c4bb79c4fdcc16ef1672b5c4c4,8956,,,true
P01_BLACK_U_000001,P01,BLACK,U,image_000001.jpg,training/P01/BLACK/U/images/image_000001.jpg,68db4a06a04f8746baa1f3560065a96f6eea9ace3d15049ca9042a22450edabb,8033,,,true
P01_BLACK_U_000002,P01,BLACK,U,image_000002.jpg,training/P01/BLACK/U/images/image_000002.jpg,b335c17b35e30a378dcfa161328ba985143eef9e1b8cbb8d20f0d39c2d424fa2,8786,,,true
P01_BLACK_U_000003,P01,BLACK,U,image_000003.jpg,training/P01/BLACK/U/images/image_000003.jpg,f8b9b04de4d73845fcf1b9f8c44911e287e16502cc1f17340feed7cbe883ede9,8863,,,true
P01_BLACK_U_000004,P01,BLACK,U,image_000004.jpg,training/P01/BLACK/U/images/image_000004.jpg,5c31c4bf23816693e53b4cc432e9dd3adb0c2e309998208cba837c6910332371,8748,,,true
P01_BLACK_U_000005,P01,BLACK,U,image_000005.jpg,training/P01/BLACK/U/images/image_000005.jpg,dd698c7988719d198f49a2a3789c17356c1b508d25d0d700790094e19917ce56,8630,,,true
P01_BLACK_U_000006,P01,BLACK,U,image_000006.jpg,training/P01/BLACK/U/images/image_000006.jpg,ca14930cdabc43be3b171a7914dcfee559dd5934629aad1c69b9a8de11a09b78,8492,,,true
P01_BLACK_U_000007,P01,BLACK,U,image_000007.jpg,training/P01/BLACK/U/images/image_000007.jpg,e11934367d75741c6bd57572949d8fa6fe8b9373ccdc21a99d87a8a95305516b,8607,,,true
P01_BLACK_U_000008,P01,BLACK,U,image_000008.jpg,training/P01/BLACK/U/images/image_000008.jpg,0545171f8a383e350acc9654cb5e6ffa52002bef2c463543268bf41219ad166c,8561,,,true
P01_BLACK_U_000009,P01,BLACK,U,image_000009.jpg,training/P01/BLACK/U/images/image_000009.jpg,f3e845e86130d03b866d89e1c2d105d0cf874032729ec86fea0191496c76ed16,8717,,,true
P01_BLACK_U_000010,P01,BLACK,U,image_000010.jpg,training/P01/BLACK/U/images/image_000010.jpg,5f0056d5402c387592b748c0aa96f208c633e8454a5b59e6212fa9fe3a95db3a,8636,,,true
P01_BLACK_U_000011,P01,BLACK,U,image_000011.jpg,training/P01/BLACK/U/images/image_000011.jpg,eefb2e8f1d9649efb8dfe634b91747e06c31034475e4e6ef944676176a00c97f,8771,,,true
P01_BLACK_U_000012,P01,BLACK,U,image_000012.jpg,training/P01/BLACK/U/images/image_000012.jpg,c9af108ae75a58eb946e3cc3bbc0908c6f1f2abd0c95e0905b7b714af738eb0e,9019,,,true
P01_BLACK_U_000013,P01,BLACK,U,image_000013.jpg,training/P01/BLACK/U/images/image_000013.jpg,04aedb81c4c38b5c4c9e62fe2349dbad4e3cc8ccd177db5897c66430fd1b0ffe,8897,,,true
P01_BLACK_U_000014,P01,BLACK,U,image_000014.jpg,training/P01/BLACK/U/images/image_000014.jpg,e262620748cc33483bb03a0504685c86da1171ebda77fe49bdcd2fa135d07c4b,8915,,,true
P01_BLACK_U_000015,P01,BLACK,U,image_000015.jpg,training/P01/BLACK/U/images/image_000015.jpg,be344e3517fcd55ef6b9cf2cdff2b21211cef5db5991aa84de3f8356403ef8e7,8846,,,true
P01_BLACK_U_000016,P01,BLACK,U,image_000016.jpg,training/P01/BLACK/U/images/image_000016.jpg,aecfef0588d3a51f28bb66f986f5a4c01979bf45877905b75769a4b621863727,8831,,,true
P01_BLACK_U_000017,P01,BLACK,U,image_000017.jpg,training/P01/BLACK/U/images/image_000017.jpg,be0c85298e3aecf14a299cb8e9b9cb4d6a2622d39739475625c313a11d0936e4,8897,,,true
P01_BLACK_U_000018,P01,BLACK,U,image_000018.jpg,training/P01/BLACK/U/images/image_000018.jpg,04e9c90be67291fc9eb04d304e9db543671532d82c794fd32675c514935070fe,8866,,,true
P01_BLACK_U_000019,P01,BLACK,U,image_000019.jpg,training/P01/BLACK/U/images/image_000019.jpg,fd74e7b26a035c339ecf800d9b8326f57b7ff22a57d8ea6ad5382649c439ce32,8831,,,true
P01_BLACK_U_000020,P01,BLACK,U,image_000020.jpg,training/P01/BLACK/U/images/image_000020.jpg,c1f7df8cb044141c5cb67ebe534f60702610eaecf136939da31e6e617eba2c6a,8787,,,true
P01_BLACK_U_000021,P01,BLACK,U,image_000021.jpg,training/P01/BLACK/U/images/image_000021.jpg,01653b995375a3bea4d60745d21988ff3f45a1458e19c740401953752423ff99,8712,,,true
P01_BLACK_U_000022,P01,BLACK,U,image_000022.jpg,training/P01/BLACK/U/images/image_000022.jpg,fbe9a6681f1953df1d84c27d53f763a6ad8ef6a81d6dee0bb4f0b8ebb2be3132,8779,,,true
P01_BLACK_U_000023,P01,BLACK,U,image_000023.jpg,training/P01/BLACK/U/images/image_000023.jpg,99388d0faaddfc71d6d458118bc121f31b60b8fc8047a3ac92ca773d677ecf8a,8918,,,true
P01_BLACK_U_000024,P01,BLACK,U,image_000024.jpg,training/P01/BLACK/U/images/image_000024.jpg,e62176c93e4e86f15c76580768ac990f3b5582ac0da3745ef25c6e001a0e398b,8770,,,true
P01_BLACK_U_000025,P01,BLACK,U,image_000025.jpg,training/P01/BLACK/U/images/image_000025.jpg,1ace05a49c739e592633b3702b73f413c80aff1fa7c20ed4523ec410e10e8745,8777,,,true
P01_BLACK_V_000001,P01,BLACK,V,image_000001.jpg,training/P01/BLACK/V/images/image_000001.jpg,1c6c202c43b77b4547bed1f8f5c83e62dec936b223c21c46e49f4ccf163b8c91,8704,,,true
P01_BLACK_V_000002,P01,BLACK,V,image_000002.jpg,training/P01/BLACK/V/images/image_000002.jpg,b732fc64a4a4c503cdd7fa81f304ac1e81754a5a32728b8bb423014bfd921b7d,9049,,,true
P01_BLACK_V_000003,P01,BLACK,V,image_000003.jpg,training/P01/BLACK/V/images/image_000003.jpg,38449a71b98c6ba1898150d18d8d65776156b1914d1bd30c6bf81806d6484f13,9116,,,true
P01_BLACK_V_000004,P01,BLACK,V,image_000004.jpg,training/P01/BLACK/V/images/image_000004.jpg,e838d336940100f34498b8dee6b81bb9591c908d1bc4e246f635378e7c1d69cd,9199,,,true
P01_BLACK_V_000005,P01,BLACK,V,image_000005.jpg,training/P01/BLACK/V/images/image_000005.jpg,c1d0f2f12a9de665146aad77a39bd43caf782c59e87f0853424bcdb600f6863e,9060,,,true
P01_BLACK_V_000006,P01,BLACK,V,image_000006.jpg,training/P01/BLACK/V/images/image_000006.jpg,f97f917ed148834cdfcdc2d781997841a6f2a311edf5bdfe4511b0686984a7ed,9232,,,true
P01_BLACK_V_000007,P01,BLACK,V,image_000007.jpg,training/P01/BLACK/V/images/image_000007.jpg,99f3146b26b28967d2fc5ecc066673f4fa8fbfe1a079d8857d3e034d52b69110,9280,,,true
P01_BLACK_V_000008,P01,BLACK,V,image_000008.jpg,training/P01/BLACK/V/images/image_000008.jpg,127aa0629ef2478083ac5e04d114cef6968496b1680792fbeb994a725d9fe4e2,9279,,,true
P01_BLACK_V_000009,P01,BLACK,V,image_000009.jpg,training/P01/BLACK/V/images/image_000009.jpg,845e95f1a27ff09e4e582a4497939a9db77450cfefd5241b48bf9430986ae1f3,8847,,,true
P01_BLACK_V_000010,P01,BLACK,V,image_000010.jpg,training/P01/BLACK/V/images/image_000010.jpg,0f5cba3ce08a359b38e14bb4104778cf10f2944ffefd002a9fd9e7fb68b88cb1,9124,,,true
P01_BLACK_V_000011,P01,BLACK,V,image_000011.jpg,training/P01/BLACK/V/images/image_000011.jpg,14de12058fa28f8a2bedc49c09ef301b1d5ee5cf87cec6e73b4682d96d2c3bd5,9012,,,true
P01_BLACK_V_000012,P01,BLACK,V,image_000012.jpg,training/P01/BLACK/V/images/image_000012.jpg,220bd3617f7fd8e2917bff07222624d7379e7d5f898ea0e8f9f778258c8d3431,9036,,,true
P01_BLACK_V_000013,P01,BLACK,V,image_000013.jpg,training/P01/BLACK/V/images/image_000013.jpg,c13aa849ce63cc88b7ea92759ed8632a726a82c2c99bc0d84b4f5b7a12c81cb2,9048,,,true
P01_BLACK_V_000014,P01,BLACK,V,image_000014.jpg,training/P01/BLACK/V/images/image_000014.jpg,c8d6dc91d6f755325fdb6ecaebd5ef436a05b1003cb28f56079cb4ac1436dc3d,9042,,,true
P01_BLACK_V_000015,P01,BLACK,V,image_000015.jpg,training/P01/BLACK/V/images/image_000015.jpg,379e31ba79bed3a62fb6b4bd8b0abc0792f5c676defde987b4eb76da8aa64f28,9093,,,true
P01_BLACK_V_000016,P01,BLACK,V,image_000016.jpg,training/P01/BLACK/V/images/image_000016.jpg,8be26365453304417d7d7cc7132ac2185a920fbeb3f8c7d3e2c8a5d12ed0f11b,9249,,,true
P01_BLACK_V_000017,P01,BLACK,V,image_000017.jpg,training/P01/BLACK/V/images/image_000017.jpg,a8351956200e790c3b824732a2cbcc104d82524ae1e50ad54431c958f75a3f89,9253,,,true
P01_BLACK_V_000018,P01,BLACK,V,image_000018.jpg,training/P01/BLACK/V/images/image_000018.jpg,239d14035b9957ac9a2cb9608ab99b973a6ea547feec942a08b454cc17f08ef6,9294,,,true
P01_BLACK_V_000019,P01,BLACK,V,image_000019.jpg,training/P01/BLACK/V/images/image_000019.jpg,da3fcaf8a2d062c4804bc1e6c20029af413c32344a14186166bcd85f0f283747,9357,,,true
P01_BLACK_V_000020,P01,BLACK,V,image_000020.jpg,training/P01/BLACK/V/images/image_000020.jpg,ebfb0277d3b864a987acf5576b5d6799ff9c97f8847c67aab24441727d35d981,9200,,,true
P01_BLACK_V_000021,P01,BLACK,V,image_000021.jpg,training/P01/BLACK/V/images/image_000021.jpg,82640067ff7b376ce1596e6cc6eaf1496b21cd3749f5ad2aed776d11af9bf1f2,9173,,,true
P01_BLACK_V_000022,P01,BLACK,V,image_000022.jpg,training/P01/BLACK/V/images/image_000022.jpg,44f9d93c77a4e77d438997c607487bec61718463b247aafc793dc995341d707b,9343,,,true
P01_BLACK_V_000023,P01,BLACK,V,image_000023.jpg,training/P01/BLACK/V/images/image_000023.jpg,5126674a47d4c8a259342b2e30ce5e77303f9fcdfb5414bf9fa6267edc600fe4,9315,,,true
P01_BLACK_V_000024,P01,BLACK,V,image_000024.jpg,training/P01/BLACK/V/images/image_000024.jpg,2d224d0e2682e717a02b9b4919d804eadee5163aed813dae4518160c620ecfd5,9360,,,true
P01_BLACK_V_000025,P01,BLACK,V,image_000025.jpg,training/P01/BLACK/V/images/image_000025.jpg,a7dc6a207f69c9e27380d2b0cbe0c961b99fa350762e86da77e714ba6c5c541a,9130,,,true
P01_BLACK_W_000001,P01,BLACK,W,image_000001.jpg,training/P01/BLACK/W/images/image_000001.jpg,9b9fdf6826d4d7dede08fdeddbec0fd06e8e72e2c87c06ce9276e54f36db6076,9087,,,true
P01_BLACK_W_000002,P01,BLACK,W,image_000002.jpg,training/P01/BLACK/W/images/image_000002.jpg,6b60b7b0e8c3a6853a5366d69bc90cddf48185b945b66ea5c69cb3b7928b45f3,9295,,,true
P01_BLACK_W_000003,P01,BLACK,W,image_000003.jpg,training/P01/BLACK/W/images/image_000003.jpg,dfaf1317d2d51c17282fe444a32f0ca0c7cc89306bfa72f6dbd9f4b9f1c93c8b,9117,,,true
P01_BLACK_W_000004,P01,BLACK,W,image_000004.jpg,training/P01/BLACK/W/images/image_000004.jpg,24b0d4b6f56d4b91719bcce86a3aa2eecf61caf0efffedb05c2df78441a91f8b,9205,,,true
P01_BLACK_W_000005,P01,BLACK,W,image_000005.jpg,training/P01/BLACK/W/images/image_000005.jpg,8e655718af908efe0db6e7aefb468878f37482a2dc6a83e18052cfd297f43085,9121,,,true
P01_BLACK_W_000006,P01,BLACK,W,image_000006.jpg,training/P01/BLACK/W/images/image_000006.jpg,c01279df0ee2ee359584f0f1ed20aca1b3c4bc874335c5b35cfb1abf98c42d09,9407,,,true
P01_BLACK_W_000007,P01,BLACK,W,image_000007.jpg,training/P01/BLACK/W/images/image_000007.jpg,c02b608b4167f7623b969af54ea0d906b64393c48b9ea0d2d12d9666fd02846b,9128,,,true
P01_BLACK_W_000008,P01,BLACK,W,image_000008.jpg,training/P01/BLACK/W/images/image_000008.jpg,3dfba8cc2a53c1a178a7c2180f9866dcf52cfc19136262ca9216268522973dc6,9151,,,true
P01_BLACK_W_000009,P01,BLACK,W,image_000009.jpg,training/P01/BLACK/W/images/image_000009.jpg,6501cbcad9b4408cfb964fbf13cc39cd955790f9e7b0028885b7dd47451eb5ba,9262,,,true
P01_BLACK_W_000010,P01,BLACK,W,image_000010.jpg,training/P01/BLACK/W/images/image_000010.jpg,bdbe4642da4b32fc829309a655df12d3c8690fa6daac708eb1892e3e8180509b,9228,,,true
P01_BLACK_W_000011,P01,BLACK,W,image_000011.jpg,training/P01/BLACK/W/images/image_000011.jpg,a830380b10dcc4fe74e0759e15d09a357b66a01261b98b2a94c01c265f664178,9328,,,true
P01_BLACK_W_000012,P01,BLACK,W,image_000012.jpg,training/P01/BLACK/W/images/image_000012.jpg,2c7b7165fa371cfd93cfe39b877a38c6b1310ef0eef7fca495896a0fbf4ccffa,9302,,,true
P01_BLACK_W_000013,P01,BLACK,W,image_000013.jpg,training/P01/BLACK/W/images/image_000013.jpg,58d623b0b4bcc01c5cc5a29416abb5c2f074b33d303764c5878c179269f541ba,9217,,,true
P01_BLACK_W_000014,P01,BLACK,W,image_000014.jpg,training/P01/BLACK/W/images/image_000014.jpg,987846e963909a25db02f0747c9bf38f122e9f6fe4b15b236b92fc77488cc83d,9208,,,true
P01_BLACK_W_000015,P01,BLACK,W,image_000015.jpg,training/P01/BLACK/W/images/image_000015.jpg,ae944053a54169f65897a4fb3d3f6ef4d76fd03b171cb97d0e21020d4f6f5201,9226,,,true
P01_BLACK_W_000016,P01,BLACK,W,image_000016.jpg,training/P01/BLACK/W/images/image_000016.jpg,1e0c11e3edabd39516a405b838075c9f44b909df0af2d7c9fd6801630209fb6b,9336,,,true
P01_BLACK_W_000017,P01,BLACK,W,image_000017.jpg,training/P01/BLACK/W/images/image_000017.jpg,db54254fa650e3cbe50399fe34daf9a30c707854bf244a4c41522f09da692f19,9295,,,true
P01_BLACK_W_000018,P01,BLACK,W,image_000018.jpg,training/P01/BLACK/W/images/image_000018.jpg,d9ae31f12bc613a700084db9685651b8ebe096fc57301f34c2f29b9c2f9411df,9342,,,true
P01_BLACK_W_000019,P01,BLACK,W,image_000019.jpg,training/P01/BLACK/W/images/image_000019.jpg,01a24e1f6ef6d0dcc0a685ad37c2cdeba840b67a63c998d1fd885c4de3356b39,9296,,,true
P01_BLACK_W_000020,P01,BLACK,W,image_000020.jpg,training/P01/BLACK/W/images/image_000020.jpg,88741ed8b3b2d6b8814bff6be63bf64d246734d4fea333b43d3abc661ab85214,9103,,,true
P01_BLACK_W_000021,P01,BLACK,W,image_000021.jpg,training/P01/BLACK/W/images/image_000021.jpg,5aa82bc8e0ed8a8bd0a364dd9570a33e1f97c433a57f3fdd5833b8a699cb6b3f,8795,,,true
P01_BLACK_W_000022,P01,BLACK,W,image_000022.jpg,training/P01/BLACK/W/images/image_000022.jpg,e24c75a3b9accfe2585b27b5d9cf10fe378404a185fed3147f1ce9228d848f45,9193,,,true
P01_BLACK_W_000023,P01,BLACK,W,image_000023.jpg,training/P01/BLACK/W/images/image_000023.jpg,297f94708eb7e852870a465fd9939497b3e28343b69787edc1a13113c1768ba5,9425,,,true
P01_BLACK_W_000024,P01,BLACK,W,image_000024.jpg,training/P01/BLACK/W/images/image_000024.jpg,52c6be694c760d7c9d43d54874a78002c1372ad1d17355c685cd7970cd27da50,9329,,,true
P01_BLACK_W_000025,P01,BLACK,W,image_000025.jpg,training/P01/BLACK/W/images/image_000025.jpg,22bf510021b1c096d2f4cc94f02c28f1747d265969c3e02c6d9b53b5a6869c5f,9382,,,true
P01_BLACK_Y_000001,P01,BLACK,Y,image_000001.jpg,training/P01/BLACK/Y/images/image_000001.jpg,cf820555a58640e11e0031696c9e5d022636f615238bf7f9861665e8c125c733,8319,,,true
P01_BLACK_Y_000002,P01,BLACK,Y,image_000002.jpg,training/P01/BLACK/Y/images/image_000002.jpg,b324f859309a9ac41bdfc41151a9350141dc2729557136b29d68cb63280a7740,8821,,,true
P01_BLACK_Y_000003,P01,BLACK,Y,image_000003.jpg,training/P01/BLACK/Y/images/image_000003.jpg,78735e4b6401b7274c0b89ddaeb271ff174c02ed67b8ed42fff0c51c7262d8f0,8902,,,true
P01_BLACK_Y_000004,P01,BLACK,Y,image_000004.jpg,training/P01/BLACK/Y/images/image_000004.jpg,f0f3f3370c8b9725ea3d586aa1f8d6afa0c6cd31346127f77b87c7fa1da6b047,8942,,,true
P01_BLACK_Y_000005,P01,BLACK,Y,image_000005.jpg,training/P01/BLACK/Y/images/image_000005.jpg,ac10488472435ba4f06202235469bca8be625cd0b2db05179f49c4b35be9cc87,9184,,,true
P01_BLACK_Y_000006,P01,BLACK,Y,image_000006.jpg,training/P01/BLACK/Y/images/image_000006.jpg,fac15e035e329deb8648b8bd3d2d1656dc0cda4c1ed494628acb689031439726,9215,,,true
P01_BLACK_Y_000007,P01,BLACK,Y,image_000007.jpg,training/P01/BLACK/Y/images/image_000007.jpg,0dc1b36cfc0799d3c26bc90a7b45330b9396e1f9ef2e71c2976916ec9ea3dfc4,9372,,,true
P01_BLACK_Y_000008,P01,BLACK,Y,image_000008.jpg,training/P01/BLACK/Y/images/image_000008.jpg,0e233c1f61d09d2b9415658230a40fda7c42f0093b72663c68681852d9aa0f98,9296,,,true
P01_BLACK_Y_000009,P01,BLACK,Y,image_000009.jpg,training/P01/BLACK/Y/images/image_000009.jpg,5688fdeda7586d2eb151deca22f8c8c43f968fae74a0948c8f56edc8e5d6ead2,9284,,,true
P01_BLACK_Y_000010,P01,BLACK,Y,image_000010.jpg,training/P01/BLACK/Y/images/image_000010.jpg,8649be4f95c813365183e2138638d2b54096fa2e37941b1ea9b24f20ee88cbdf,9215,,,true
P01_BLACK_Y_000011,P01,BLACK,Y,image_000011.jpg,training/P01/BLACK/Y/images/image_000011.jpg,69d55970d3d567c61703fd1a7b84f7d29f03620caf0ae1ca4a587ac5d78dd0a9,9139,,,true
P01_BLACK_Y_000012,P01,BLACK,Y,image_000012.jpg,training/P01/BLACK/Y/images/image_000012.jpg,a8857cab7961a3a9529400750e6157ef4d90751ec54137ed98011fa0cc39576b,8792,,,true
P01_BLACK_Y_000013,P01,BLACK,Y,image_000013.jpg,training/P01/BLACK/Y/images/image_000013.jpg,d121fa70a9a1f3897e897dacb14d72af03df82dd85e4d48b15cbf159df64b547,8790,,,true
P01_BLACK_Y_000014,P01,BLACK,Y,image_000014.jpg,training/P01/BLACK/Y/images/image_000014.jpg,9d071602d1e937c16a7ee8c3911c6635d34c068d7583f73ed277c86a96d9663a,9208,,,true
P01_BLACK_Y_000015,P01,BLACK,Y,image_000015.jpg,training/P01/BLACK/Y/images/image_000015.jpg,733fd26165c7bd3b3068fcd5c4a66ec4263bae3dcbdb229ebbd6a8bf0afae6ea,9017,,,true
P01_BLACK_Y_000016,P01,BLACK,Y,image_000016.jpg,training/P01/BLACK/Y/images/image_000016.jpg,a28955fa9e92f7a58a4079b212abe988d9a225e18cdaa3fd94214e87329032b8,9052,,,true
P01_BLACK_Y_000017,P01,BLACK,Y,image_000017.jpg,training/P01/BLACK/Y/images/image_000017.jpg,3988f92a0717f574a10d3f2769bbba2a0a6c130191b7be66418cc370ca0d8b59,9080,,,true
P01_BLACK_Y_000018,P01,BLACK,Y,image_000018.jpg,training/P01/BLACK/Y/images/image_000018.jpg,3cf97151adfa8f6053444906bb3084d90740f9cfccbed212e08a1fb082ac3b16,8922,,,true
P01_BLACK_Y_000019,P01,BLACK,Y,image_000019.jpg,training/P01/BLACK/Y/images/image_000019.jpg,14d89735279ad4dfd846fb410448bcc3bbe2875ccade900050d98e54b6c63de1,9464,,,true
P01_BLACK_Y_000020,P01,BLACK,Y,image_000020.jpg,training/P01/BLACK/Y/images/image_000020.jpg,1d46f4b4d0e5d5e2da1c5f20a371cb39d92d453e854faa55e952b4fe1abb12a3,9430,,,true
P01_BLACK_Y_000021,P01,BLACK,Y,image_000021.jpg,training/P01/BLACK/Y/images/image_000021.jpg,47e7177dba9d7dbc7128dfa93a81fdd79025969932135b7808328737148a4b54,9390,,,true
P01_BLACK_Y_000022,P01,BLACK,Y,image_000022.jpg,training/P01/BLACK/Y/images/image_000022.jpg,e0fbddedbe54ef2717dc629380a47de50991b0a95032b337e855de6d09434c39,9288,,,true
P01_BLACK_Y_000023,P01,BLACK,Y,image_000023.jpg,training/P01/BLACK/Y/images/image_000023.jpg,e338287b2c73ace798a49305d18e78b4fc025c67584c2870e54f10db3d396a0a,9055,,,true
P01_BLACK_Y_000024,P01,BLACK,Y,image_000024.jpg,training/P01/BLACK/Y/images/image_000024.jpg,65e13ec1c7cb7481d0088dc7b8d37d35dfd38892003821df0f8be37e6e779518,9313,,,true
P01_BLACK_Y_000025,P01,BLACK,Y,image_000025.jpg,training/P01/BLACK/Y/images/image_000025.jpg,22d833710df467c492b10b8c4b060853cc870edadbfbc78dfc405cce5fdcae41,9288,,,true
P01_WHITE_A_000001,P01,WHITE,A,image_000001.jpg,training/P01/WHITE/A/images/image_000001.jpg,2c216dc25579481b69eb729d20dfaaf06d29091de369949e20caddfc838d561e,7665,,,true
P01_WHITE_A_000002,P01,WHITE,A,image_000002.jpg,training/P01/WHITE/A/images/image_000002.jpg,4b431fc616dffc873086feb75a032d54ff97c86e47f8ba38e4ea0fa83fbc2488,7817,,,true
P01_WHITE_A_000003,P01,WHITE,A,image_000003.jpg,training/P01/WHITE/A/images/image_000003.jpg,0b015c268cb02b9bca91e0003502bbc097177fe526e5b784eedc6c663e2d60e5,7662,,,true
P01_WHITE_A_000004,P01,WHITE,A,image_000004.jpg,training/P01/WHITE/A/images/image_000004.jpg,2e371c93b5ef3b5793a91cb387d55f4ece7faa6d3d9d988f757bbb88ed1bea40,7435,,,true
P01_WHITE_A_000005,P01,WHITE,A,image_000005.jpg,training/P01/WHITE/A/images/image_000005.jpg,8ed77e642ab4ab0874e600b26604742044328446fcb9dbc326003b5faf0d4979,7744,,,true
P01_WHITE_A_000006,P01,WHITE,A,image_000006.jpg,training/P01/WHITE/A/images/image_000006.jpg,1583a449405d04dcd539230573620cb4655f4ba222966b981b2306486b3d938f,7469,,,true
P01_WHITE_A_000007,P01,WHITE,A,image_000007.jpg,training/P01/WHITE/A/images/image_000007.jpg,9ea1fa0da3aadc24fe49f043572d6d4d8d0c38dc4bffaff60e0f0782f2c60266,7680,,,true
P01_WHITE_A_000008,P01,WHITE,A,image_000008.jpg,training/P01/WHITE/A/images/image_000008.jpg,cd8e7ae3f75e1aee8f23a39e1fb06eb373d32148c7a21abe013e21dd20720229,7264,,,true
P01_WHITE_A_000009,P01,WHITE,A,image_000009.jpg,training/P01/WHITE/A/images/image_000009.jpg,58cbe95000876bda4fcbe4ad6f492b7b0b7b0f9fae02fee56c928151ce53eb0d,7814,,,true
P01_WHITE_A_000010,P01,WHITE,A,image_000010.jpg,training/P01/WHITE/A/images/image_000010.jpg,5249bd80f74ef7e4090be72e2d30e16eea24f611b6e70ffdc6c5fd500850b55b,7904,,,true
P01_WHITE_A_000011,P01,WHITE,A,image_000011.jpg,training/P01/WHITE/A/images/image_000011.jpg,34d44906cf533b56a57e29ad14c49cd004338e7ffc4c89c056fca4fc2e898336,7604,,,true
P01_WHITE_A_000012,P01,WHITE,A,image_000012.jpg,training/P01/WHITE/A/images/image_000012.jpg,d3cf80e301c189805161aaafab74a41c7211931af37c5e0bd0a4d54759675821,7241,,,true
P01_WHITE_A_000013,P01,WHITE,A,image_000013.jpg,training/P01/WHITE/A/images/image_000013.jpg,03df8b6bcf5232084d6ef3afbddc52158d0be54d13a8e7f450870daf15d07d54,7689,,,true
P01_WHITE_A_000014,P01,WHITE,A,image_000014.jpg,training/P01/WHITE/A/images/image_000014.jpg,f8392ab08e0404f88c5bba248668e43a700a8cd175f5623ef6186384efdc2d22,7494,,,true
P01_WHITE_A_000015,P01,WHITE,A,image_000015.jpg,training/P01/WHITE/A/images/image_000015.jpg,a30832842bc4f7de0b380d349992900dd8dd921a35781d00672cdbf96f090912,7503,,,true
P01_WHITE_A_000016,P01,WHITE,A,image_000016.jpg,training/P01/WHITE/A/images/image_000016.jpg,994b291bc9c126b7c1b2b697e89ed8dd48b632b9c9510100994acdb2d5c95ea5,7682,,,true
P01_WHITE_A_000017,P01,WHITE,A,image_000017.jpg,training/P01/WHITE/A/images/image_000017.jpg,5d0ca7b66ad34c202f6e3ccac2ee02e2770e790bff1e66cfe70bb07a903d1c53,7357,,,true
P01_WHITE_A_000018,P01,WHITE,A,image_000018.jpg,training/P01/WHITE/A/images/image_000018.jpg,059944be402e3ee14bd6bdb796aeb6f745f2804cef65555737be7c0ff1aa39aa,7854,,,true
P01_WHITE_A_000019,P01,WHITE,A,image_000019.jpg,training/P01/WHITE/A/images/image_000019.jpg,465dbd76383835498a08ac886ca8ddba092b6a26f9ececcb07ed3cc973599129,7910,,,true
P01_WHITE_A_000020,P01,WHITE,A,image_000020.jpg,training/P01/WHITE/A/images/image_000020.jpg,68fb0b6b67700f2984718b797f3da503f257bf3a32c4a523cbbdd2e7bcd77790,8397,,,true
P01_WHITE_A_000021,P01,WHITE,A,image_000021.jpg,training/P01/WHITE/A/images/image_000021.jpg,ecad16ca7344534d60b05b093f096d54b4f68b204a60716dd05fae0cc9a97857,7643,,,true
P01_WHITE_A_000022,P01,WHITE,A,image_000022.jpg,training/P01/WHITE/A/images/image_000022.jpg,4db81d1ffd8f0acb7cd4ac863354664cc95112ca01cad43342005f82c24d93f1,7509,,,true
P01_WHITE_A_000023,P01,WHITE,A,image_000023.jpg,training/P01/WHITE/A/images/image_000023.jpg,e86f05efbaf6affef890989a827b370cc38b253c97d96ce8a688029f2334d6f4,7539,,,true
P01_WHITE_A_000024,P01,WHITE,A,image_000024.jpg,training/P01/WHITE/A/images/image_000024.jpg,398e6141a2b6f93c979605783c32f197c6e6afc3415406ba51292db822bee884,7781,,,true
P01_WHITE_A_000025,P01,WHITE,A,image_000025.jpg,training/P01/WHITE/A/images/image_000025.jpg,f7bb0b594265787c9c7653f57e5202cf00ee9fd8b676e275d68f90b4f3e1c8f2,7870,,,true
P01_WHITE_B_000001,P01,WHITE,B,image_000001.jpg,training/P01/WHITE/B/images/image_000001.jpg,d5c678647dd65b82631bf51dca44f145e5381aa5c4d4753a32f07506f43547cf,8046,,,true
P01_WHITE_B_000002,P01,WHITE,B,image_000002.jpg,training/P01/WHITE/B/images/image_000002.jpg,f610aad4cb61efe8d41b3d8b160e08b61cbed85d35ce9ffdb2de4b71d3185335,7845,,,true
P01_WHITE_B_000003,P01,WHITE,B,image_000003.jpg,training/P01/WHITE/B/images/image_000003.jpg,61b99e2c1e2040bf3ae795d580f32f0a2654191865bcc21749e8ac3941df2605,8329,,,true
P01_WHITE_B_000004,P01,WHITE,B,image_000004.jpg,training/P01/WHITE/B/images/image_000004.jpg,4967d1f76a11e8145f2dc63b7e08ee760b480dbf69f56897bb1d020c4416b399,8103,,,true
P01_WHITE_B_000005,P01,WHITE,B,image_000005.jpg,training/P01/WHITE/B/images/image_000005.jpg,0f54d62fe36ba53a8d57f61cd1b4218ad439ec819cbce096bddd643bfa9ac688,8303,,,true
P01_WHITE_B_000006,P01,WHITE,B,image_000006.jpg,training/P01/WHITE/B/images/image_000006.jpg,7d9c26233b8e1eaa660ffa3bff291bcf86c10eca8e520c9773a3b08557220ffd,8021,,,true
P01_WHITE_B_000007,P01,WHITE,B,image_000007.jpg,training/P01/WHITE/B/images/image_000007.jpg,f993eaef33ab5b36adc7a6bed95474a2683193274a341a188be75f89f4a16793,7847,,,true
P01_WHITE_B_000008,P01,WHITE,B,image_000008.jpg,training/P01/WHITE/B/images/image_000008.jpg,97ccaa5123b26ddd5d0d8f1cd86aa884bb5aa292a9395f5b00dd1367defac7e1,7818,,,true
P01_WHITE_B_000009,P01,WHITE,B,image_000009.jpg,training/P01/WHITE/B/images/image_000009.jpg,0983fda6ba772d5819690e66b7e03868764b925d4ed5f520252a82c2d76e7118,7765,,,true
P01_WHITE_B_000010,P01,WHITE,B,image_000010.jpg,training/P01/WHITE/B/images/image_000010.jpg,e8df093c76a3c76bae573043424fcc2770c6e02026223ac7605f8d111263e1ad,7801,,,true
P01_WHITE_B_000011,P01,WHITE,B,image_000011.jpg,training/P01/WHITE/B/images/image_000011.jpg,15fb7a35d3f8a7bc85a4e98e2d2ea34bfa2814f7da4fafd0989c6ceb5c1e8c2c,7697,,,true
P01_WHITE_B_000012,P01,WHITE,B,image_000012.jpg,training/P01/WHITE/B/images/image_000012.jpg,9ee2fe59e5054378806d4b6670d5453183d08c51a338f6f1382f03d06adcf14e,7886,,,true
P01_WHITE_B_000013,P01,WHITE,B,image_000013.jpg,training/P01/WHITE/B/images/image_000013.jpg,30fbedc4968634fbf34dd8eda9dbe323933e2097d9915ed3b1707d5b5e051067,8049,,,true
P01_WHITE_B_000014,P01,WHITE,B,image_000014.jpg,training/P01/WHITE/B/images/image_000014.jpg,50e68d90e69ee81dd7f7a50de38021b21b489445bbdbe9f2f44407d47d0b2222,7911,,,true
P01_WHITE_B_000015,P01,WHITE,B,image_000015.jpg,training/P01/WHITE/B/images/image_000015.jpg,4a75db4f41f0855ab87e98e1ade41e2d764d660375f60e84ddd4289d7bb1c470,7816,,,true
P01_WHITE_B_000016,P01,WHITE,B,image_000016.jpg,training/P01/WHITE/B/images/image_000016.jpg,9b357206bda4cb627e3a22dc870d96abc1dda843bfd1d4cdca905ae9c5887346,7948,,,true
P01_WHITE_B_000017,P01,WHITE,B,image_000017.jpg,training/P01/WHITE/B/images/image_000017.jpg,63988843987c4d8e4a86422e97de445acdd2979013b6f09d43923a0d9e20953c,8039,,,true
P01_WHITE_B_000018,P01,WHITE,B,image_000018.jpg,training/P01/WHITE/B/images/image_000018.jpg,a8893fab93aa0d868313a5664b659500a36ed689ba25f066842b4f7f1fd9e558,8208,,,true
P01_WHITE_B_000019,P01,WHITE,B,image_000019.jpg,training/P01/WHITE/B/images/image_000019.jpg,15a04aef829fe8ab14534bc5623e3052ac0f0dad008c8f43b231cacf85bc773e,7870,,,true
P01_WHITE_B_000020,P01,WHITE,B,image_000020.jpg,training/P01/WHITE/B/images/image_000020.jpg,dace28dcaca7ca50177b990aa829ab227d7721a6173ffa84998259be7ba3fd72,7680,,,true
P01_WHITE_B_000021,P01,WHITE,B,image_000021.jpg,training/P01/WHITE/B/images/image_000021.jpg,231961d5711a073a37364406d4f9202e941fe9f31da250bdcda435d925eb8465,7740,,,true
P01_WHITE_B_000022,P01,WHITE,B,image_000022.jpg,training/P01/WHITE/B/images/image_000022.jpg,68ec1dc3c04487ee5bc7a27c371ff9019a766219e8f00af1bbcdfe16d232a66e,7800,,,true
P01_WHITE_B_000023,P01,WHITE,B,image_000023.jpg,training/P01/WHITE/B/images/image_000023.jpg,096994603b5616e9e7b852d0a7ae3808d492b705f638fd7650ceb3d3cc9e666e,8306,,,true
P01_WHITE_B_000024,P01,WHITE,B,image_000024.jpg,training/P01/WHITE/B/images/image_000024.jpg,c4863fd2b4c0d05815081f359b719231d59eef26e7d07fb1801174630fd20f7a,8287,,,true
P01_WHITE_B_000025,P01,WHITE,B,image_000025.jpg,training/P01/WHITE/B/images/image_000025.jpg,f55b312613b3f9abb24489815e65ab9c56bd2e7aa10f0db6445779f3bdcb588d,8130,,,true
P01_WHITE_C_000001,P01,WHITE,C,image_000001.jpg,training/P01/WHITE/C/images/image_000001.jpg,5dc18efa4c29b255d3d3cfa04c88b80dd4fb2f2c67caedc41234a951ff2c9c14,8294,,,true
P01_WHITE_C_000002,P01,WHITE,C,image_000002.jpg,training/P01/WHITE/C/images/image_000002.jpg,210d8e208736801731bdf6dbba14b9dde97137ea50c3e59e1660517999a951f1,8160,,,true
P01_WHITE_C_000003,P01,WHITE,C,image_000003.jpg,training/P01/WHITE/C/images/image_000003.jpg,c8956b8c66f238bf84040c1fc1e9bb0f7d0ef0c1264a64ed57cef28b5ff952e6,8257,,,true
P01_WHITE_C_000004,P01,WHITE,C,image_000004.jpg,training/P01/WHITE/C/images/image_000004.jpg,4c71ce818b91901076b4c3cb7083dd9b4d1cfdf6b85839322e00d6efe7867136,8263,,,true
P01_WHITE_C_000005,P01,WHITE,C,image_000005.jpg,training/P01/WHITE/C/images/image_000005.jpg,f0013c27df6f9ccd7c4ffc3bd38924fe7b6df27cb5127da808ecad38eab330f1,8165,,,true
P01_WHITE_C_000006,P01,WHITE,C,image_000006.jpg,training/P01/WHITE/C/images/image_000006.jpg,2876eb9712949bfe100cb9859413fd3d930252e403197425b48f959b72c2507b,7965,,,true
P01_WHITE_C_000007,P01,WHITE,C,image_000007.jpg,training/P01/WHITE/C/images/image_000007.jpg,7bf6032177acfb72e5a6353e924f01c8930ba2482261f48b0efb654e94eb9078,8468,,,true
P01_WHITE_C_000008,P01,WHITE,C,image_000008.jpg,training/P01/WHITE/C/images/image_000008.jpg,5342fdfc50a7c96450c4fef2a9994be531692cfdf9fce7d423060b138e7fe46c,8650,,,true
P01_WHITE_C_000009,P01,WHITE,C,image_000009.jpg,training/P01/WHITE/C/images/image_000009.jpg,c92804d9a9b0d4d2e3e3f4b2fd9cac2ac56b0ec4ad04dc4110cc7932b2e90c56,8633,,,true
P01_WHITE_C_000010,P01,WHITE,C,image_000010.jpg,training/P01/WHITE/C/images/image_000010.jpg,ead6c3051f9428024d7c35ab0a629db80d3358cc6402979f62cc1f15ab74ca56,8291,,,true
P01_WHITE_C_000011,P01,WHITE,C,image_000011.jpg,training/P01/WHITE/C/images/image_000011.jpg,b8b6dfbf1ed1f838da57ebae9744f7cd954c38d3e48517edcf0d46908a122a11,8249,,,true
P01_WHITE_C_000012,P01,WHITE,C,image_000012.jpg,training/P01/WHITE/C/images/image_000012.jpg,2492723f29a2cfb7a8315b33dba7fee887c3cb0fc4d58526881842603f153e17,8196,,,true
P01_WHITE_C_000013,P01,WHITE,C,image_000013.jpg,training/P01/WHITE/C/images/image_000013.jpg,536f2f252bff1dc78154a247ad5a9fdd545f42beb8fc24abe818d6473da137e3,8183,,,true
P01_WHITE_C_000014,P01,WHITE,C,image_000014.jpg,training/P01/WHITE/C/images/image_000014.jpg,a89a49f63f3778c323d756c070f50a03374bed2830b1d6d7218fbac6635a4aa1,8183,,,true
P01_WHITE_C_000015,P01,WHITE,C,image_000015.jpg,training/P01/WHITE/C/images/image_000015.jpg,6e2caf368dbe0342f1ce2bd1cfed56bc796e9eb3948eb0aa3f72dc379320592d,8288,,,true
P01_WHITE_C_000016,P01,WHITE,C,image_000016.jpg,training/P01/WHITE/C/images/image_000016.jpg,b0e3b5bf557db34adb5bd2c50b08d63b2803ce27c92f074bfe5d3991f48fe9f3,7999,,,true
P01_WHITE_C_000017,P01,WHITE,C,image_000017.jpg,training/P01/WHITE/C/images/image_000017.jpg,9598520e864dba2f12e6a13f80e2ea75d73f31f950fe0a3f33e7d2269d1b4f4e,8197,,,true
P01_WHITE_C_000018,P01,WHITE,C,image_000018.jpg,training/P01/WHITE/C/images/image_000018.jpg,b740ea817343a2f0cb39a144f490099bf8ff7ec8de6bc2a909efd55e3ffa3fae,8487,,,true
P01_WHITE_C_000019,P01,WHITE,C,image_000019.jpg,training/P01/WHITE/C/images/image_000019.jpg,6300d6eba7c6fa7b144cda23f4f9269cae158717b54112872f6c72f3e920a7ed,8479,,,true
P01_WHITE_C_000020,P01,WHITE,C,image_000020.jpg,training/P01/WHITE/C/images/image_000020.jpg,00357a9d7056d74fc2618aeee55b98f885a570b0141aac4de9326c84405575f6,8032,,,true
P01_WHITE_C_000021,P01,WHITE,C,image_000021.jpg,training/P01/WHITE/C/images/image_000021.jpg,aa250a33dac51211f2ce3e10fe7d6b96c5e6934e4a6851f7ba8084a0035e789b,8734,,,true
P01_WHITE_C_000022,P01,WHITE,C,image_000022.jpg,training/P01/WHITE/C/images/image_000022.jpg,d1c9d00ed42f394663bd0b527e4e7eb9716881a5e80c7b8585e37006d49f6df6,8191,,,true
P01_WHITE_C_000023,P01,WHITE,C,image_000023.jpg,training/P01/WHITE/C/images/image_000023.jpg,d992f7f47cf2b1692e9e231f05b6e65854d1cf029ae857ab753c903fc33d119c,8376,,,true
P01_WHITE_C_000024,P01,WHITE,C,image_000024.jpg,training/P01/WHITE/C/images/image_000024.jpg,d73b5a8fea980612d3a3aa2abd1aa243b058239916cdd854b55bfe7e0ab25e0a,8639,,,true
P01_WHITE_C_000025,P01,WHITE,C,image_000025.jpg,training/P01/WHITE/C/images/image_000025.jpg,a0445c599bf31fbe02c038dd4767d52ae9a04ebaca816b06ec4dcec5d5d408b5,8376,,,true
P01_WHITE_E_000001,P01,WHITE,E,image_000001.jpg,training/P01/WHITE/E/images/image_000001.jpg,22e37e2cb6dc8a3018a5a1aec9791d9360862ec1a3cf64c0e58514a8af32f342,7475,,,true
P01_WHITE_E_000002,P01,WHITE,E,image_000002.jpg,training/P01/WHITE/E/images/image_000002.jpg,b2e5af7ca2e17d822c6f3bc874a4a0b9548fb40f345fb32014b6502fdfd4e359,7320,,,true
P01_WHITE_E_000003,P01,WHITE,E,image_000003.jpg,training/P01/WHITE/E/images/image_000003.jpg,7929e0f7c51b35427093cae48bfbb539f0017c2e20e6d80cd014d0ab2c9b7c43,7470,,,true
P01_WHITE_E_000004,P01,WHITE,E,image_000004.jpg,training/P01/WHITE/E/images/image_000004.jpg,c87a3bb92a5c3818496cadfec6d849cc084a3150bbbd52ca5649ded30588629c,7679,,,true
P01_WHITE_E_000005,P01,WHITE,E,image_000005.jpg,training/P01/WHITE/E/images/image_000005.jpg,5d9e0a55a7066b1ae10b1886f3fb28baebc81ff490e20939f0d90345c4f9fdd1,7442,,,true
P01_WHITE_E_000006,P01,WHITE,E,image_000006.jpg,training/P01/WHITE/E/images/image_000006.jpg,fa507535680ff400814fdda32de8b30958080b32ea7a8b887fbdf8d058af738e,7214,,,true
P01_WHITE_E_000007,P01,WHITE,E,image_000007.jpg,training/P01/WHITE/E/images/image_000007.jpg,aeb6e8c34ee4d681686550748a7b97918d8e8cf6d32db97fcf7d9da238e1ceeb,7476,,,true
P01_WHITE_E_000008,P01,WHITE,E,image_000008.jpg,training/P01/WHITE/E/images/image_000008.jpg,3917a498ec2b89daa5efd861134339423eaa14d5f0e0789b6bd6e0ea9665647d,7381,,,true
P01_WHITE_E_000009,P01,WHITE,E,image_000009.jpg,training/P01/WHITE/E/images/image_000009.jpg,25731dfd6d147125015829fe1b74309f4ebcce86a9ffd322349c0e1dbb317cb9,7569,,,true
P01_WHITE_E_000010,P01,WHITE,E,image_000010.jpg,training/P01/WHITE/E/images/image_000010.jpg,421e89a7e6913138c296fb60ec9078cc6192af32eb449a97da9b232d2eae1948,8075,,,true
P01_WHITE_E_000011,P01,WHITE,E,image_000011.jpg,training/P01/WHITE/E/images/image_000011.jpg,fb5a1284af36517cc232995e5ec4ac7fa37aa4cabaf25ce1356dc21579eb509a,7693,,,true
P01_WHITE_E_000012,P01,WHITE,E,image_000012.jpg,training/P01/WHITE/E/images/image_000012.jpg,37239aa47f864bcaa8c802745a998ce67d805b9a478dd8e7c5454efb628972d0,7533,,,true
P01_WHITE_E_000013,P01,WHITE,E,image_000013.jpg,training/P01/WHITE/E/images/image_000013.jpg,1ae073bf7523f90bd4baa88a58b6eedbf1d888cf79239e953f5692dcd234fcb4,7385,,,true
P01_WHITE_E_000014,P01,WHITE,E,image_000014.jpg,training/P01/WHITE/E/images/image_000014.jpg,a8e6d2a6bc8064236efeab073a56ff2a06a571efdec8342c241b9adcfde3383d,7426,,,true
P01_WHITE_E_000015,P01,WHITE,E,image_000015.jpg,training/P01/WHITE/E/images/image_000015.jpg,08c0c017a5434aecacda7dec4f1fa744347d3e1d2010aac698ce2ff5acac6831,7653,,,true
P01_WHITE_E_000016,P01,WHITE,E,image_000016.jpg,training/P01/WHITE/E/images/image_000016.jpg,5aaa8072d34aacacddfaa7a4493bb71692ac5010874d0e501229506c792771b6,7592,,,true
P01_WHITE_E_000017,P01,WHITE,E,image_000017.jpg,training/P01/WHITE/E/images/image_000017.jpg,7303a1cf828de47b5e5e57b164ea518e4be7ae8c3be21044bfff1973f0eec9e9,7677,,,true
P01_WHITE_E_000018,P01,WHITE,E,image_000018.jpg,training/P01/WHITE/E/images/image_000018.jpg,99936e90ca433094d06238b5ed9f10cd1b666788913e3a26cea6feebc1cc7926,7838,,,true
P01_WHITE_E_000019,P01,WHITE,E,image_000019.jpg,training/P01/WHITE/E/images/image_000019.jpg,5fe6ffd556e78bf4d2079706784d279fbfda0d8be22dc6d63b34e3ff98555f2a,7874,,,true
P01_WHITE_E_000020,P01,WHITE,E,image_000020.jpg,training/P01/WHITE/E/images/image_000020.jpg,992d630fbf0c639b077a00dfadd06c865b4d3ebebdfcab09cb5210df680e8aa8,7698,,,true
P01_WHITE_E_000021,P01,WHITE,E,image_000021.jpg,training/P01/WHITE/E/images/image_000021.jpg,6f2ec905c2ed4c84e1d2d824f59efbbf9024118648856cc18b366084ca36092a,7502,,,true
P01_WHITE_E_000022,P01,WHITE,E,image_000022.jpg,training/P01/WHITE/E/images/image_000022.jpg,f4e9b006196df6b8acbb1c5be7e86d6d4519460b557d91df1bf2f56c426bf69b,7633,,,true
P01_WHITE_E_000023,P01,WHITE,E,image_000023.jpg,training/P01/WHITE/E/images/image_000023.jpg,dfffc473fa00c1e71bdbe7310f55bc094c50002bd4ef7bb7b253aa2b4708bb82,7839,,,true
P01_WHITE_E_000024,P01,WHITE,E,image_000024.jpg,training/P01/WHITE/E/images/image_000024.jpg,3084e0b7f3a4a83df9fdb05473204252d8e1ae4ed22bd79abc8b8669ecacdb8b,7781,,,true
P01_WHITE_E_000025,P01,WHITE,E,image_000025.jpg,training/P01/WHITE/E/images/image_000025.jpg,9f6dafcb930bd1552165cb6069509751eca79a922ed338a6bee79bde5bb2e0bf,7682,,,true
P01_WHITE_I_000001,P01,WHITE,I,image_000001.jpg,training/P01/WHITE/I/images/image_000001.jpg,9526ec5cd453356cf0a14ee2e5f41c4a4112fa4c248f55cd18c469c2f6dd675b,7509,,,true
P01_WHITE_I_000002,P01,WHITE,I,image_000002.jpg,training/P01/WHITE/I/images/image_000002.jpg,6a799350dbb8cdb21a468884ed761d9d448484c936e107bdf337314f19caf5bc,7526,,,true
P01_WHITE_I_000003,P01,WHITE,I,image_000003.jpg,training/P01/WHITE/I/images/image_000003.jpg,e1e1b44654d1223bedfd111fbd4ba5bc267fa7a4b9736c440e1e86850e262856,7633,,,true
P01_WHITE_I_000004,P01,WHITE,I,image_000004.jpg,training/P01/WHITE/I/images/image_000004.jpg,24deedd716343d14928b8171f6dc4d0291d49beb3a99cfd305436e614e746c38,7377,,,true
P01_WHITE_I_000005,P01,WHITE,I,image_000005.jpg,training/P01/WHITE/I/images/image_000005.jpg,3d3ee42397824ec95cfd92bd68f978995fa8d78cc8a76ce2465a271abf8eac8a,7641,,,true
P01_WHITE_I_000006,P01,WHITE,I,image_000006.jpg,training/P01/WHITE/I/images/image_000006.jpg,5d2db698f515a1e02638b9122d270f92b9ab46a97888dd65a596bc4724253d9f,7616,,,true
P01_WHITE_I_000007,P01,WHITE,I,image_000007.jpg,training/P01/WHITE/I/images/image_000007.jpg,7b32c2b46b403f410b1deff075a8093c5a1ff57523c084b698355f1b03343f21,7700,,,true
P01_WHITE_I_000008,P01,WHITE,I,image_000008.jpg,training/P01/WHITE/I/images/image_000008.jpg,7d650f8d764696b94b8b28c082a1012c081afea322466b0de486c2e4c275ec9e,7759,,,true
P01_WHITE_I_000009,P01,WHITE,I,image_000009.jpg,training/P01/WHITE/I/images/image_000009.jpg,3b42834749b01de5d96dddcb684bb90f13d527189f7e71e032932390a864ebb2,7820,,,true
P01_WHITE_I_000010,P01,WHITE,I,image_000010.jpg,training/P01/WHITE/I/images/image_000010.jpg,9274c4bb16e2797f1779de6859653eca5d4be03736f6ba02e2f7d4402ba50e96,7840,,,true
P01_WHITE_I_000011,P01,WHITE,I,image_000011.jpg,training/P01/WHITE/I/images/image_000011.jpg,d74a78ba98e241e6cacd419a3e1430de461ec0e10d128eebd47376b6773ce980,7779,,,true
P01_WHITE_I_000012,P01,WHITE,I,image_000012.jpg,training/P01/WHITE/I/images/image_000012.jpg,de2847769b8fc0eb9919012dc58aa8857834050c35ea443487421e7258a47cd1,7490,,,true
P01_WHITE_I_000013,P01,WHITE,I,image_000013.jpg,training/P01/WHITE/I/images/image_000013.jpg,90d1d17951bcb812b3ebd1c1b1ba55b2f78a0b11aae080646b1f2f4524c58ac1,7553,,,true
P01_WHITE_I_000014,P01,WHITE,I,image_000014.jpg,training/P01/WHITE/I/images/image_000014.jpg,2ceb69ce8e152ae879040a05b5b7a67d8d0a5b921114fdfc1941e9707c62d2a5,7688,,,true
P01_WHITE_I_000015,P01,WHITE,I,image_000015.jpg,training/P01/WHITE/I/images/image_000015.jpg,80cbfe1719680be26bfd65d42c42c54caa6c474ebce1832c64c4ecaf20f008cf,7969,,,true
P01_WHITE_I_000016,P01,WHITE,I,image_000016.jpg,training/P01/WHITE/I/images/image_000016.jpg,76c3efa196cbf0def298ee3c380ac6ecbe07aac4c4cd3b23dec4731f31abad7e,7579,,,true
P01_WHITE_I_000017,P01,WHITE,I,image_000017.jpg,training/P01/WHITE/I/images/image_000017.jpg,3fce96dbf36a7acc4826708a20fabf0dd5b1d91248d2f5bd5d8de78d6a05668b,7639,,,true
P01_WHITE_I_000018,P01,WHITE,I,image_000018.jpg,training/P01/WHITE/I/images/image_000018.jpg,27924a97a27641623c946b29c7fac738ff0485a624d44c5fd34304d4d91f784d,7585,,,true
P01_WHITE_I_000019,P01,WHITE,I,image_000019.jpg,training/P01/WHITE/I/images/image_000019.jpg,221f60eb1aab48ae163fada68f7569ae7bdce0f4a609d5961366e75f0faf2c5c,7592,,,true
P01_WHITE_I_000020,P01,WHITE,I,image_000020.jpg,training/P01/WHITE/I/images/image_000020.jpg,030922284c0d347e0c891a258b2a92306238f0b1250dd0f048638e8e9a99dc17,7626,,,true
P01_WHITE_I_000021,P01,WHITE,I,image_000021.jpg,training/P01/WHITE/I/images/image_000021.jpg,4ed20ccb2f4c8cc13a97f780d0a0bcb04258f1f2db908d819b38a93473c7e6ea,7532,,,true
P01_WHITE_I_000022,P01,WHITE,I,image_000022.jpg,training/P01/WHITE/I/images/image_000022.jpg,4c1a253d96292dd85d7d840550991d02a85ef9c72a2f96cc8dadf4da477c0327,7477,,,true
P01_WHITE_I_000023,P01,WHITE,I,image_000023.jpg,training/P01/WHITE/I/images/image_000023.jpg,f5ee8c98f1355a332dac932e4901da6a2b5e79133fafa36ef0c92ee1f35a18c2,7394,,,true
P01_WHITE_I_000024,P01,WHITE,I,image_000024.jpg,training/P01/WHITE/I/images/image_000024.jpg,0c2bf13895eab47642da4abe4fc081afb8a984b6ebf3a3d841caccae3bdca349,7364,,,true
P01_WHITE_I_000025,P01,WHITE,I,image_000025.jpg,training/P01/WHITE/I/images/image_000025.jpg,6b48cc3b562a7af673617962b6cf9f0b212ba9938ee9441d7cb4a0575d00856c,7383,,,true
P01_WHITE_L_000001,P01,WHITE,L,image_000001.jpg,training/P01/WHITE/L/images/image_000001.jpg,d34fb09f355931da77e2311118f670f94880b7b32d963e9c4c37db9f6b6e2cfc,8251,,,true
P01_WHITE_L_000002,P01,WHITE,L,image_000002.jpg,training/P01/WHITE/L/images/image_000002.jpg,ad858425f0f997961920b2ff94405cb70b5cf021e01b03faa37d6626cbcbd632,8241,,,true
P01_WHITE_L_000003,P01,WHITE,L,image_000003.jpg,training/P01/WHITE/L/images/image_000003.jpg,e52440851ee9b550bf120c03d646f39d2b38253b5a3b35ab818bc2a2f6f5737b,8163,,,true
P01_WHITE_L_000004,P01,WHITE,L,image_000004.jpg,training/P01/WHITE/L/images/image_000004.jpg,9fcde39d509027a87577b6ff194644f21ff368cad12a813e7c890fbbe540580a,8028,,,true
P01_WHITE_L_000005,P01,WHITE,L,image_000005.jpg,training/P01/WHITE/L/images/image_000005.jpg,68ebcf83dec476c689eecb0dbd65505101a050dda1a61910b92fa70bd8566525,8108,,,true
P01_WHITE_L_000006,P01,WHITE,L,image_000006.jpg,training/P01/WHITE/L/images/image_000006.jpg,3036dd1abcf1e97a2cc553e294b9efe2aa1c3a4b261a096a57f5470246a51dd0,8040,,,true
P01_WHITE_L_000007,P01,WHITE,L,image_000007.jpg,training/P01/WHITE/L/images/image_000007.jpg,17f1266f67607f526d8b0240a513623fc49531471846a03ac482df6ff6385b2b,7956,,,true
P01_WHITE_L_000008,P01,WHITE,L,image_000008.jpg,training/P01/WHITE/L/images/image_000008.jpg,5e5ac99a15b75b9276d5ddc09efb7719e8b4363ed5deca7db3d5a17a79746f77,7845,,,true
P01_WHITE_L_000009,P01,WHITE,L,image_000009.jpg,training/P01/WHITE/L/images/image_000009.jpg,92a175bc30b60d55d38ff6b63c2d8cf266970e0e6001763e381d45465bc01347,7793,,,true
P01_WHITE_L_000010,P01,WHITE,L,image_000010.jpg,training/P01/WHITE/L/images/image_000010.jpg,1626d997a3c26d8063de8cdcfd3327a36c31c5ead2b9ca90d7c6656e48099ce1,7683,,,true
P01_WHITE_L_000011,P01,WHITE,L,image_000011.jpg,training/P01/WHITE/L/images/image_000011.jpg,84148e590bbdb8341d65f117fc34ffcb78830d7e190cd8d82d853b52d236aae2,7687,,,true
P01_WHITE_L_000012,P01,WHITE,L,image_000012.jpg,training/P01/WHITE/L/images/image_000012.jpg,c607322288672988e3b1706f6b91b48c2ca0b208276ae8d6b33e153c6caa6c3a,7814,,,true
P01_WHITE_L_000013,P01,WHITE,L,image_000013.jpg,training/P01/WHITE/L/images/image_000013.jpg,27f47936e43ac3baec4a6a4c3c625cef0cf4234874d4fa14d8fe913e5fa6db6d,7705,,,true
P01_WHITE_L_000014,P01,WHITE,L,image_000014.jpg,training/P01/WHITE/L/images/image_000014.jpg,5268d489ec42c29da6d370fbda7228802607f4e325f836657ad5689efb9f3200,7746,,,true
P01_WHITE_L_000015,P01,WHITE,L,image_000015.jpg,training/P01/WHITE/L/images/image_000015.jpg,ef6a5080ca180f008a16fa520da9b611c12235d5116d8cc18ad192c16c41cb23,7724,,,true
P01_WHITE_L_000016,P01,WHITE,L,image_000016.jpg,training/P01/WHITE/L/images/image_000016.jpg,a2dacf06ef962504ad9f3d99d6235d62740153200e0365410398a3edb1349ef9,7734,,,true
P01_WHITE_L_000017,P01,WHITE,L,image_000017.jpg,training/P01/WHITE/L/images/image_000017.jpg,ae1cc6677e19e83ba9e58693fe2737fc5e63f119781eb4a7598b52f92b2f0517,8521,,,true
P01_WHITE_L_000018,P01,WHITE,L,image_000018.jpg,training/P01/WHITE/L/images/image_000018.jpg,7a10fad58fd6c02aec91f6b9571ad989b0240a4fbd2e61416570a57ed404dc69,7984,,,true
P01_WHITE_L_000019,P01,WHITE,L,image_000019.jpg,training/P01/WHITE/L/images/image_000019.jpg,a4cbc886cda80cc3a0f6190cfb68851cd0e2ad7a1422a49bcadf0fc78e29f3e1,7993,,,true
P01_WHITE_L_000020,P01,WHITE,L,image_000020.jpg,training/P01/WHITE/L/images/image_000020.jpg,7081e80c4f71fd8a464e268bc365f373a38e585059c11e5fae448ab68863cefc,7596,,,true
P01_WHITE_L_000021,P01,WHITE,L,image_000021.jpg,training/P01/WHITE/L/images/image_000021.jpg,91dcc253c698cfdc8e3569847efec75b4b0c07d759c592fe37a2337c232fad81,7718,,,true
P01_WHITE_L_000022,P01,WHITE,L,image_000022.jpg,training/P01/WHITE/L/images/image_000022.jpg,f282d6a8aed757b188c4e506b9aa720e8d6408ae3b598d071af731c694cc8b62,7661,,,true
P01_WHITE_L_000023,P01,WHITE,L,image_000023.jpg,training/P01/WHITE/L/images/image_000023.jpg,a6e5e5d1ef301647de93fa5c78fe261a1765b963f2f6207c2476d5f9a4d00ef1,7795,,,true
P01_WHITE_L_000024,P01,WHITE,L,image_000024.jpg,training/P01/WHITE/L/images/image_000024.jpg,dce7f5076d889cb55723d7bd4b187f39dba090c0af82fe6c57de0055a47094c8,7550,,,true
P01_WHITE_L_000025,P01,WHITE,L,image_000025.jpg,training/P01/WHITE/L/images/image_000025.jpg,de2ba13075551240f9c0bd83692dcc68c96759e468d067a88a3343464ebfb52b,7403,,,true
P01_WHITE_M_000001,P01,WHITE,M,image_000001.jpg,training/P01/WHITE/M/images/image_000001.jpg,a143c92b7887f7a32e60017e7b9c712407b5521c433af22efef5c36c3530149f,8216,,,true
P01_WHITE_M_000002,P01,WHITE,M,image_000002.jpg,training/P01/WHITE/M/images/image_000002.jpg,2d4220efa080b12c7551bc8aff4eb72f8486c54ead0713e0ecfe9cd8e7e8a3c8,8491,,,true
P01_WHITE_M_000003,P01,WHITE,M,image_000003.jpg,training/P01/WHITE/M/images/image_000003.jpg,5487fcd50857a6635b71fdf42128aa3ec4ed1fa853d6bfd6402ce0d5f237924a,8421,,,true
P01_WHITE_M_000004,P01,WHITE,M,image_000004.jpg,training/P01/WHITE/M/images/image_000004.jpg,55fc3b19b05a1876ec291dd21a143ab1221a59d90439370cf0c669ae229ba6ce,8505,,,true
P01_WHITE_M_000005,P01,WHITE,M,image_000005.jpg,training/P01/WHITE/M/images/image_000005.jpg,31a2d967785b7866f6c98a97981b0a48de26835c1bb52e21e3b2bdc1894b22df,8534,,,true
P01_WHITE_M_000006,P01,WHITE,M,image_000006.jpg,training/P01/WHITE/M/images/image_000006.jpg,f8b621d63114c423a285f322c7c976c34f22098d353e1e3bf07966438c85ccc9,8817,,,true
P01_WHITE_M_000007,P01,WHITE,M,image_000007.jpg,training/P01/WHITE/M/images/image_000007.jpg,ef13c331e270a9f0597513cec7bc52a898b5812ef1e3370d87501d1eb9465dca,8573,,,true
P01_WHITE_M_000008,P01,WHITE,M,image_000008.jpg,training/P01/WHITE/M/images/image_000008.jpg,b3f792775b9370914d41946561bee7f745bd75ce6e03ffa7dbdc6e22de850787,8487,,,true
P01_WHITE_M_000009,P01,WHITE,M,image_000009.jpg,training/P01/WHITE/M/images/image_000009.jpg,75d46800be497c64619ea483a61e92e710de137d9b5c5721c31cf3014118c6b7,8508,,,true
P01_WHITE_M_000010,P01,WHITE,M,image_000010.jpg,training/P01/WHITE/M/images/image_000010.jpg,d9dbed2e434bcc769b8f3e7ce8b30da6dbe8ddfc63ea6c8f24b15c10a0b1049d,8430,,,true
P01_WHITE_M_000011,P01,WHITE,M,image_000011.jpg,training/P01/WHITE/M/images/image_000011.jpg,370ce5cdafdb0387ea311727c0f75a792913e926090309b472dfd0a70c56cc30,8569,,,true
P01_WHITE_M_000012,P01,WHITE,M,image_000012.jpg,training/P01/WHITE/M/images/image_000012.jpg,b9413517b6fce7a76a7dde420aa6c8c402f68eaf5f7fe4134ab9305bf94688c8,8792,,,true
P01_WHITE_M_000013,P01,WHITE,M,image_000013.jpg,training/P01/WHITE/M/images/image_000013.jpg,ba056238b3ab80f0439b82b601995fec7d34dde1d302b7156289e12987a4eae8,8681,,,true
P01_WHITE_M_000014,P01,WHITE,M,image_000014.jpg,training/P01/WHITE/M/images/image_000014.jpg,4c30d256e76f60f084a79c8761e43a648940c7f3ec64e0b19152c479a050e6e5,8508,,,true
P01_WHITE_M_000015,P01,WHITE,M,image_000015.jpg,training/P01/WHITE/M/images/image_000015.jpg,e2c66cbbe79f59fefb1829021dbed27edd1dae2f6cc1cbe08bdb59b920880b7d,8369,,,true
P01_WHITE_M_000016,P01,WHITE,M,image_000016.jpg,training/P01/WHITE/M/images/image_000016.jpg,88636921c9fd37898b3a03afa3321d506cd92024bbd2e4f9fc75fa64e41c3b98,8769,,,true
P01_WHITE_M_000017,P01,WHITE,M,image_000017.jpg,training/P01/WHITE/M/images/image_000017.jpg,1925206d5476dbf3d0c85d5b364319d3800b45197929088676fd47effc4660c4,8769,,,true
P01_WHITE_M_000018,P01,WHITE,M,image_000018.jpg,training/P01/WHITE/M/images/image_000018.jpg,e14e1728fb050ba4f94f5bea6a60aaa468666c5ad48e86aa1d7467e7dcda9067,8552,,,true
P01_WHITE_M_000019,P01,WHITE,M,image_000019.jpg,training/P01/WHITE/M/images/image_000019.jpg,9f5807961452ec04ca861b8b7e5aebce195553d90cd45efd4aa706d129be6a7b,8384,,,true
P01_WHITE_M_000020,P01,WHITE,M,image_000020.jpg,training/P01/WHITE/M/images/image_000020.jpg,08cd0b778d183fdc06af69d3f5646d9c8571449652a22fd93371365b5e4b8437,8768,,,true
P01_WHITE_M_000021,P01,WHITE,M,image_000021.jpg,training/P01/WHITE/M/images/image_000021.jpg,34a05ecf978d2c1d7f9c488e8ec73803f55ff632b8ec609a204f97c457a0b242,8317,,,true
P01_WHITE_M_000022,P01,WHITE,M,image_000022.jpg,training/P01/WHITE/M/images/image_000022.jpg,7ddfc3ce5f24a1d04fd52918ddab0fb9e1e40fdf8846e5d8180c7cdfefa8ff7d,8411,,,true
P01_WHITE_M_000023,P01,WHITE,M,image_000023.jpg,training/P01/WHITE/M/images/image_000023.jpg,17dc4929347b195aadf8bcd5b7dd270e31c09408914c7233338f52987495a9b7,8428,,,true
P01_WHITE_M_000024,P01,WHITE,M,image_000024.jpg,training/P01/WHITE/M/images/image_000024.jpg,77943264792a8f7ec4a85b19c8d8ea8143800af51fc8fcda0647c8309e045c05,8739,,,true
P01_WHITE_M_000025,P01,WHITE,M,image_000025.jpg,training/P01/WHITE/M/images/image_000025.jpg,34776e0e791fbbc26d2ef1057980c202e4c681e8c99ee403918473223b2257a0,8401,,,true
P01_WHITE_N_000001,P01,WHITE,N,image_000001.jpg,training/P01/WHITE/N/images/image_000001.jpg,cda3803fe28587a4cb95736f7a02c1928438a96c87fbe3c947c143bcf92275f2,8302,,,true
P01_WHITE_N_000002,P01,WHITE,N,image_000002.jpg,training/P01/WHITE/N/images/image_000002.jpg,767a2574520d3c844ebb5d73567bbac53427a8747dbb35e7bf7cdff17f941c47,8473,,,true
P01_WHITE_N_000003,P01,WHITE,N,image_000003.jpg,training/P01/WHITE/N/images/image_000003.jpg,72a36bbfda8fc93dbeb21d84c5222eb408cf849049f8775b3ea0e6b90ed1c511,8223,,,true
P01_WHITE_N_000004,P01,WHITE,N,image_000004.jpg,training/P01/WHITE/N/images/image_000004.jpg,247fbe9fcb18126adbcd87af1d3e5b6dab3d2a95f1f92917eb76ab267d1a7d0e,8588,,,true
P01_WHITE_N_000005,P01,WHITE,N,image_000005.jpg,training/P01/WHITE/N/images/image_000005.jpg,7b58a0fa99ef2153cb949eda5f23c26845539e6fb91bd97aa69fcd41f6297314,7987,,,true
P01_WHITE_N_000006,P01,WHITE,N,image_000006.jpg,training/P01/WHITE/N/images/image_000006.jpg,cd40cf14bb7c01c159725d3b302ea8f14587252daa267198486de85697fc77ac,8042,,,true
P01_WHITE_N_000007,P01,WHITE,N,image_000007.jpg,training/P01/WHITE/N/images/image_000007.jpg,8b89593d3e34c6b504365e61e830ebdec6a8fe50e5121377dcf0cb3073c551fa,8145,,,true
P01_WHITE_N_000008,P01,WHITE,N,image_000008.jpg,training/P01/WHITE/N/images/image_000008.jpg,1d4419edd9770953dde926ca3644d337bd960801f3c583ba34fe50b362fc45a8,8052,,,true
P01_WHITE_N_000009,P01,WHITE,N,image_000009.jpg,training/P01/WHITE/N/images/image_000009.jpg,eaf1bfcd954230011507d51a13a2273317d423541b43ef44eb778a2657d4ad2f,8378,,,true
P01_WHITE_N_000010,P01,WHITE,N,image_000010.jpg,training/P01/WHITE/N/images/image_000010.jpg,19bdb725491a1690616b990fe5e3b03738ad44d4924661298fe14ff160bd7424,8273,,,true
P01_WHITE_N_000011,P01,WHITE,N,image_000011.jpg,training/P01/WHITE/N/images/image_000011.jpg,7cfece5faf014cd6964376e5279f64943ac17921685a56936282a30ea99e9712,8062,,,true
P01_WHITE_N_000012,P01,WHITE,N,image_000012.jpg,training/P01/WHITE/N/images/image_000012.jpg,e24767a4618be55f907320a11a5782e0c9a2c50c2c89540fbd4cd651fe27745b,8192,,,true
P01_WHITE_N_000013,P01,WHITE,N,image_000013.jpg,training/P01/WHITE/N/images/image_000013.jpg,dd5c2ee0f496622e3d6aced722f6c8b1a564a732cf0c14057655ff2a954ffe39,8018,,,true
P01_WHITE_N_000014,P01,WHITE,N,image_000014.jpg,training/P01/WHITE/N/images/image_000014.jpg,532e239447ac3af2cdfc0b161e4edc1a9f93e67d96cc9cb71828110ac673d9c2,7867,,,true
P01_WHITE_N_000015,P01,WHITE,N,image_000015.jpg,training/P01/WHITE/N/images/image_000015.jpg,1177600136b9501735769c3ff334ff399b56a90c3dad48b83019bf075489789c,7834,,,true
P01_WHITE_N_000016,P01,WHITE,N,image_000016.jpg,training/P01/WHITE/N/images/image_000016.jpg,5da7b3df717833cf4e400d6d0a07c7287688d8bdd02e73568a80a48e714e5c72,8321,,,true
P01_WHITE_N_000017,P01,WHITE,N,image_000017.jpg,training/P01/WHITE/N/images/image_000017.jpg,e032ce60626fd897fe2bd9092fcabf8d8350df68e7ce41077e69f20fc401df1c,8034,,,true
P01_WHITE_N_000018,P01,WHITE,N,image_000018.jpg,training/P01/WHITE/N/images/image_000018.jpg,c991e8197045f8edb069748e3eb2db12fb698761ab62e94641224099c8c32d92,7983,,,true
P01_WHITE_N_000019,P01,WHITE,N,image_000019.jpg,training/P01/WHITE/N/images/image_000019.jpg,a735446d4b6b898a4a33ded5ece1a965c614a68cba384872353edda24d29a91a,7974,,,true
P01_WHITE_N_000020,P01,WHITE,N,image_000020.jpg,training/P01/WHITE/N/images/image_000020.jpg,f966dc6f287925ee853ba948240cea75ab488bd927e487f08abf6549b839edfb,7997,,,true
P01_WHITE_N_000021,P01,WHITE,N,image_000021.jpg,training/P01/WHITE/N/images/image_000021.jpg,44b6e9344ecf5006dcb5b9db2e9e2ec966a9033f31357a69060a2becf239e358,7955,,,true
P01_WHITE_N_000022,P01,WHITE,N,image_000022.jpg,training/P01/WHITE/N/images/image_000022.jpg,8823c2527c9ec693009622fe7acb31a376700c0f92ed0edc3d858a792f2ce77b,8222,,,true
P01_WHITE_N_000023,P01,WHITE,N,image_000023.jpg,training/P01/WHITE/N/images/image_000023.jpg,3ca13a6109a4d3e4299a0fbd025963277951c7b65fb306652c35d11f8a403e75,8203,,,true
P01_WHITE_N_000024,P01,WHITE,N,image_000024.jpg,training/P01/WHITE/N/images/image_000024.jpg,4f66c56a28da6ce5de834d6d260577c36f5d1645d47c404fcf7ae9b94000bca8,7846,,,true
P01_WHITE_N_000025,P01,WHITE,N,image_000025.jpg,training/P01/WHITE/N/images/image_000025.jpg,72449fb48d87778b75d9e0f46a76d9d282c0e80f4064dcb1e4bb41cefa0c3607,8115,,,true
P01_WHITE_O_000001,P01,WHITE,O,image_000001.jpg,training/P01/WHITE/O/images/image_000001.jpg,15d352e78b1556000a1188d4c6a0375194620820f5c1b30a021625ca0fa2c363,9012,,,true
P01_WHITE_O_000002,P01,WHITE,O,image_000002.jpg,training/P01/WHITE/O/images/image_000002.jpg,2769611186dcc2089a159a6159e7931ae9faaa37a6f62ae90591be368275a6b4,8748,,,true
P01_WHITE_O_000003,P01,WHITE,O,image_000003.jpg,training/P01/WHITE/O/images/image_000003.jpg,8737e2eec9b7310d4c608e5f127fed13741844bf748cdbc64ef47194706b4c6a,8981,,,true
P01_WHITE_O_000004,P01,WHITE,O,image_000004.jpg,training/P01/WHITE/O/images/image_000004.jpg,1a98ec6db04093f5b384f885db1aca51faa3cc25cde7cff75d2457665b9acb0d,8956,,,true
P01_WHITE_O_000005,P01,WHITE,O,image_000005.jpg,training/P01/WHITE/O/images/image_000005.jpg,1c6f770d6b2cd39e39aa9dfe0108e4313453f3b965ffefdb343b8ca3173388fa,8939,,,true
P01_WHITE_O_000006,P01,WHITE,O,image_000006.jpg,training/P01/WHITE/O/images/image_000006.jpg,d7d616d9df3f67579994081a217df1572a96be642740b1fb801ce5f6eeb189e1,9367,,,true
P01_WHITE_O_000007,P01,WHITE,O,image_000007.jpg,training/P01/WHITE/O/images/image_000007.jpg,352affbf3b15421b8d4526efb1221a88963c6b331c68e1827e137e01e05c1f7c,9016,,,true
P01_WHITE_O_000008,P01,WHITE,O,image_000008.jpg,training/P01/WHITE/O/images/image_000008.jpg,03369d7aedd6e00a4a45bbaada7ae872601ac7cdb4978d07ddcd3ea17cdcb6f8,9021,,,true
P01_WHITE_O_000009,P01,WHITE,O,image_000009.jpg,training/P01/WHITE/O/images/image_000009.jpg,a4350b743d714a0981b1448ab66df02dfe6a6cf981dd06f7d020ddfadc7453eb,8592,,,true
P01_WHITE_O_000010,P01,WHITE,O,image_000010.jpg,training/P01/WHITE/O/images/image_000010.jpg,5e77264bee88da944de22319171cc2e091d18f2e3c8090b4a62b62343642dac9,8946,,,true
P01_WHITE_O_000011,P01,WHITE,O,image_000011.jpg,training/P01/WHITE/O/images/image_000011.jpg,0760e8e4b45d8661f7b450702f55ebf5392cfc0bf60e185fd7ce91fc3b7264c1,9116,,,true
P01_WHITE_O_000012,P01,WHITE,O,image_000012.jpg,training/P01/WHITE/O/images/image_000012.jpg,5ed8df599a2f90605266e8da41081722108bf5fd57bbc21e699a95586c6cd26b,9595,,,true
P01_WHITE_O_000013,P01,WHITE,O,image_000013.jpg,training/P01/WHITE/O/images/image_000013.jpg,81f29e0c9ac120104650091a319bbd0212ac2c307a5e06e99b95af2e0b52ae4c,9109,,,true
P01_WHITE_O_000014,P01,WHITE,O,image_000014.jpg,training/P01/WHITE/O/images/image_000014.jpg,1021e35da01d8a7f33de1ed58b0e98d336302243fb5519ce22841b17f25fb434,9049,,,true
P01_WHITE_O_000015,P01,WHITE,O,image_000015.jpg,training/P01/WHITE/O/images/image_000015.jpg,73d04e4f57e84cd00a9c82be97170ed3b1d9d951ab086d83e47f65217ca2d79f,9409,,,true
P01_WHITE_O_000016,P01,WHITE,O,image_000016.jpg,training/P01/WHITE/O/images/image_000016.jpg,7f588a11fe373ab0d74f5703636675bbc334fe1780823b04e2da63728e9c68ab,9402,,,true
P01_WHITE_O_000017,P01,WHITE,O,image_000017.jpg,training/P01/WHITE/O/images/image_000017.jpg,a092865d2c87a7662eeaf5161d45c71804d9a3a513640727e6548930391244bd,9003,,,true
P01_WHITE_O_000018,P01,WHITE,O,image_000018.jpg,training/P01/WHITE/O/images/image_000018.jpg,a6f0f715625c4583d18831a362ea1c8f0fca13dcdcf8fbff1f2ee44119058f91,9631,,,true
P01_WHITE_O_000019,P01,WHITE,O,image_000019.jpg,training/P01/WHITE/O/images/image_000019.jpg,206ad6504048a9168fae7b5a1c9c7ee4979df068ca1b28d2e649cb5866b807d7,9657,,,true
P01_WHITE_O_000020,P01,WHITE,O,image_000020.jpg,training/P01/WHITE/O/images/image_000020.jpg,1f50567dc26ee2676c3316bcc4c97ac699058fbe35b9d9750a80754097bf3209,9544,,,true
P01_WHITE_O_000021,P01,WHITE,O,image_000021.jpg,training/P01/WHITE/O/images/image_000021.jpg,29951a4a08cfb51d1f38c24de6b68d0ab108c13584fec2fb298646b334470001,10033,,,true
P01_WHITE_O_000022,P01,WHITE,O,image_000022.jpg,training/P01/WHITE/O/images/image_000022.jpg,8d537c3bf82bf9be38047fc9c25300d8528d27916d04dbf45e9e70a04d0d8d11,9754,,,true
P01_WHITE_O_000023,P01,WHITE,O,image_000023.jpg,training/P01/WHITE/O/images/image_000023.jpg,5db8588afc29317430dd782c5e1d77aaebc4b655a913ee3ace4b1e7c451973e3,9591,,,true
P01_WHITE_O_000024,P01,WHITE,O,image_000024.jpg,training/P01/WHITE/O/images/image_000024.jpg,55706607904c08d217247e93c448761c6617c721ae1e940fc8406d1a3c530cf2,9553,,,true
P01_WHITE_O_000025,P01,WHITE,O,image_000025.jpg,training/P01/WHITE/O/images/image_000025.jpg,b8d53cf210a14451469f837327df722e4fcc6bef3a29f87935dea8ed6c392af4,9957,,,true
P01_WHITE_P_000001,P01,WHITE,P,image_000001.jpg,training/P01/WHITE/P/images/image_000001.jpg,651df9c7a5877794cb661367e1d15bff4704085e32a513af007d9f6a350733d4,7863,,,true
P01_WHITE_P_000002,P01,WHITE,P,image_000002.jpg,training/P01/WHITE/P/images/image_000002.jpg,6b57799b968654e973230e001eb30f9c3a2b651c216114675d08ea8a8507a63d,7875,,,true
P01_WHITE_P_000003,P01,WHITE,P,image_000003.jpg,training/P01/WHITE/P/images/image_000003.jpg,84162ac94f747fb01ceb5aafba104dc13a8153e529249b871fc103ba75902621,8098,,,true
P01_WHITE_P_000004,P01,WHITE,P,image_000004.jpg,training/P01/WHITE/P/images/image_000004.jpg,f5faf11254f2aa8f09f08e5f6ec84d22e1a6ce5b985732fdc25c4e161797ab0a,7722,,,true
P01_WHITE_P_000005,P01,WHITE,P,image_000005.jpg,training/P01/WHITE/P/images/image_000005.jpg,a609ad58f0e254dbbf477b25416a586ebd2750e7731404e5fe39ab82beec9ee0,7958,,,true
P01_WHITE_P_000006,P01,WHITE,P,image_000006.jpg,training/P01/WHITE/P/images/image_000006.jpg,15ac24dd79c475570964e181851139b177965041cdc2abaaf4ed14ea58e6213d,7688,,,true
P01_WHITE_P_000007,P01,WHITE,P,image_000007.jpg,training/P01/WHITE/P/images/image_000007.jpg,d750c1c7d9d06ad3841d649f6b7eb0a7aef2caa7da0d49cf0c2574f515c2e64f,7852,,,true
P01_WHITE_P_000008,P01,WHITE,P,image_000008.jpg,training/P01/WHITE/P/images/image_000008.jpg,e0af281280e6782b689be11eb23ff7d4dcce92096134d50a52af9053346ea582,7995,,,true
P01_WHITE_P_000009,P01,WHITE,P,image_000009.jpg,training/P01/WHITE/P/images/image_000009.jpg,7bd61796ca72245e34552898e1723ae5138b002785a0bd739326b0170fca76e7,7721,,,true
P01_WHITE_P_000010,P01,WHITE,P,image_000010.jpg,training/P01/WHITE/P/images/image_000010.jpg,985f457c60bac55aed8ba26bc240fa669127fa29111f9e8360d9850a58dcf473,7729,,,true
P01_WHITE_P_000011,P01,WHITE,P,image_000011.jpg,training/P01/WHITE/P/images/image_000011.jpg,9db0e59c9ebea6354bbec13d90408aeb8c0f5fd51a07e4bdbe3246e20876a712,7656,,,true
P01_WHITE_P_000012,P01,WHITE,P,image_000012.jpg,training/P01/WHITE/P/images/image_000012.jpg,a8edcb7d39ee4dc94cf432927cc6d92b429cef12f7b4b257db6c8b98fd917950,7649,,,true
P01_WHITE_P_000013,P01,WHITE,P,image_000013.jpg,training/P01/WHITE/P/images/image_000013.jpg,5844611c8d55baabe5db43e8eb375fc055cde189e1c1b2da9c60b9b3b7e20249,7893,,,true
P01_WHITE_P_000014,P01,WHITE,P,image_000014.jpg,training/P01/WHITE/P/images/image_000014.jpg,98e143d97d18f7c14ec6b28bc64ef08b7350e5615490d01cb9b8adf32415c79b,7990,,,true
P01_WHITE_P_000015,P01,WHITE,P,image_000015.jpg,training/P01/WHITE/P/images/image_000015.jpg,dabfbb53eec012157670cefe6b830a82f7aadcdfd7dceaa0d5027ac35aac9314,7801,,,true
P01_WHITE_P_000016,P01,WHITE,P,image_000016.jpg,training/P01/WHITE/P/images/image_000016.jpg,819f86fa56207e19cdb227090bcafacaf0542bd73d7124e1650791aa694d4cc9,7762,,,true
P01_WHITE_P_000017,P01,WHITE,P,image_000017.jpg,training/P01/WHITE/P/images/image_000017.jpg,4cb8717fc0f602033a7a4faad7c0ab58726e127ea9d210e468443c2990e20114,7729,,,true
P01_WHITE_P_000018,P01,WHITE,P,image_000018.jpg,training/P01/WHITE/P/images/image_000018.jpg,37fb3b896a0132797d231d333532aa03865e54080cb3299bcbc0c804588f7a22,7493,,,true
P01_WHITE_P_000019,P01,WHITE,P,image_000019.jpg,training/P01/WHITE/P/images/image_000019.jpg,76ce41a277e64c5fb0e8e8d6169ee29e6a3ce5daab9819410c8cee8b708105c6,7614,,,true
P01_WHITE_P_000020,P01,WHITE,P,image_000020.jpg,training/P01/WHITE/P/images/image_000020.jpg,e144d0c6b0f2d19b5b09d2f97666ab81cdce0920b412b59f6e8c298fb782d9ac,7494,,,true
P01_WHITE_P_000021,P01,WHITE,P,image_000021.jpg,training/P01/WHITE/P/images/image_000021.jpg,85b4d3d5e3e45c196486a213f2184109aa6247af24f5c77acb98dcffbc9530d3,7846,,,true
P01_WHITE_P_000022,P01,WHITE,P,image_000022.jpg,training/P01/WHITE/P/images/image_000022.jpg,16dc81fb922fddd80e4537d7f23681b199d60bb6e455f65bdd14201464ec5f53,7641,,,true
P01_WHITE_P_000023,P01,WHITE,P,image_000023.jpg,training/P01/WHITE/P/images/image_000023.jpg,c99eef59b7869d9ce196c08b03a91087759274e2ec93a5329d756cc218157e31,7626,,,true
P01_WHITE_P_000024,P01,WHITE,P,image_000024.jpg,training/P01/WHITE/P/images/image_000024.jpg,01e28121a932f4428e8191040f0eb5ee95a6109a1da7be94489b02f027dae1c2,7685,,,true
P01_WHITE_P_000025,P01,WHITE,P,image_000025.jpg,training/P01/WHITE/P/images/image_000025.jpg,cee4da88943f9e671ce6d5a9b9e52ee19f2a86572d75d7c877ffe401513eb1eb,8001,,,true
P01_WHITE_R_000001,P01,WHITE,R,image_000001.jpg,training/P01/WHITE/R/images/image_000001.jpg,f940089ac276964c9ff0d30eab126683103b242f98a0c75ba25de7025dc61a15,7896,,,true
P01_WHITE_R_000002,P01,WHITE,R,image_000002.jpg,training/P01/WHITE/R/images/image_000002.jpg,a0dad1ebf3e8107ae0f3ac88ebc1e6398b219907690bcf8463cb191e75457350,7722,,,true
P01_WHITE_R_000003,P01,WHITE,R,image_000003.jpg,training/P01/WHITE/R/images/image_000003.jpg,f5c96a902e3aa502b6df427d8d0c2e017966d27fb3a534e0e857f779c8dc6489,8096,,,true
P01_WHITE_R_000004,P01,WHITE,R,image_000004.jpg,training/P01/WHITE/R/images/image_000004.jpg,22c1f8063b2f86cce6d4d5d6bc547b5db7eb41a29ff4681bc29888e497f1dd47,8082,,,true
P01_WHITE_R_000005,P01,WHITE,R,image_000005.jpg,training/P01/WHITE/R/images/image_000005.jpg,54ae5b9e079424268f549365a734167157df77c32630fca73cc66358b009fa86,8093,,,true
P01_WHITE_R_000006,P01,WHITE,R,image_000006.jpg,training/P01/WHITE/R/images/image_000006.jpg,41b8d883e1fa46f708b39628c190c137b972710427a5a6522e58e18606be6947,8025,,,true
P01_WHITE_R_000007,P01,WHITE,R,image_000007.jpg,training/P01/WHITE/R/images/image_000007.jpg,1f930a652245784cdf459dbcdd93054aac93c91e010cc0af4174a76a069a6d5b,7735,,,true
P01_WHITE_R_000008,P01,WHITE,R,image_000008.jpg,training/P01/WHITE/R/images/image_000008.jpg,aefe1b1a5a485998b2390109a786744b08b3b55875159652a09b2fdb2c93680e,7892,,,true
P01_WHITE_R_000009,P01,WHITE,R,image_000009.jpg,training/P01/WHITE/R/images/image_000009.jpg,ac6b25481a784d1ab6277eb6f40af9f5ca207d514e696bf97e2ebd5b177d6a06,7838,,,true
P01_WHITE_R_000010,P01,WHITE,R,image_000010.jpg,training/P01/WHITE/R/images/image_000010.jpg,b1fd6fec40f2a0ab35a11abd39288610722a585ce157acbf23e76d2e8f0131c9,7645,,,true
P01_WHITE_R_000011,P01,WHITE,R,image_000011.jpg,training/P01/WHITE/R/images/image_000011.jpg,ea4cbc4db749e17da4982d33b769713c7a5584eae7f71cff80b7a95566357c96,7694,,,true
P01_WHITE_R_000012,P01,WHITE,R,image_000012.jpg,training/P01/WHITE/R/images/image_000012.jpg,3c834782a8d395bde4c0bcc00f56e49d84e268c3b48294b8fd2fa06d1092a29b,7982,,,true
P01_WHITE_R_000013,P01,WHITE,R,image_000013.jpg,training/P01/WHITE/R/images/image_000013.jpg,bf387e5cdf4186a71a17cb4fe46598aa027dfbdbdff1ae66134505507acd52eb,7680,,,true
P01_WHITE_R_000014,P01,WHITE,R,image_000014.jpg,training/P01/WHITE/R/images/image_000014.jpg,378cafe521a9feb855cb8df4078dc45057dfed18e5de632d030da110444f1c03,7692,,,true
P01_WHITE_R_000015,P01,WHITE,R,image_000015.jpg,training/P01/WHITE/R/images/image_000015.jpg,87c5e8741cb328b970f530935da986ae6042db13377bea73e523afe9e8f272af,7744,,,true
P01_WHITE_R_000016,P01,WHITE,R,image_000016.jpg,training/P01/WHITE/R/images/image_000016.jpg,10bb6639755043e2281451a35eb98cbfcf8aa5c9cf75f3ecb31050fcc3413c33,7647,,,true
P01_WHITE_R_000017,P01,WHITE,R,image_000017.jpg,training/P01/WHITE/R/images/image_000017.jpg,7af708508749e4ae618aefdac1f589e2d82e4e4521ece5399c01e19a5f06fc3e,7529,,,true
P01_WHITE_R_000018,P01,WHITE,R,image_000018.jpg,training/P01/WHITE/R/images/image_000018.jpg,5dab6114b1f070c906519ba278a048042e6ecd83f406e15593bce96a422739c6,7695,,,true
P01_WHITE_R_000019,P01,WHITE,R,image_000019.jpg,training/P01/WHITE/R/images/image_000019.jpg,c3d39083b98d52ce53083c31836b34e4408cac930da91979775cf4bfad534703,7667,,,true
P01_WHITE_R_000020,P01,WHITE,R,image_000020.jpg,training/P01/WHITE/R/images/image_000020.jpg,960c995a6546dc8dca71ea81eae13440b49593e73e66779982c559a96b2263b6,7709,,,true
P01_WHITE_R_000021,P01,WHITE,R,image_000021.jpg,training/P01/WHITE/R/images/image_000021.jpg,de7b45f0a8d38701791f1038ca9ff986c1ab6072dc52a0f449d01d2ec8f31ddc,7637,,,true
P01_WHITE_R_000022,P01,WHITE,R,image_000022.jpg,training/P01/WHITE/R/images/image_000022.jpg,ea522703cd1c310ec9cf1e24ae777ead7e58b87775ad4eed02b24b5e924d8270,7580,,,true
P01_WHITE_R_000023,P01,WHITE,R,image_000023.jpg,training/P01/WHITE/R/images/image_000023.jpg,2fb94c8bdd41a9760b3554aaf12b1bef023fced7462e9f05455e56ec367fc99b,7647,,,true
P01_WHITE_R_000024,P01,WHITE,R,image_000024.jpg,training/P01/WHITE/R/images/image_000024.jpg,15e00dac5f654d3136790ce762be77fe121a8a4b87c421937c2a55b7ab9a7518,8116,,,true
P01_WHITE_R_000025,P01,WHITE,R,image_000025.jpg,training/P01/WHITE/R/images/image_000025.jpg,3a9cfa305b6cf629a7320bf59c9fcd3473e9919e3ccbe68c795a06d1411ea234,7724,,,true
P01_WHITE_S_000001,P01,WHITE,S,image_000001.jpg,training/P01/WHITE/S/images/image_000001.jpg,d83282d058545010fe16406c4806eb14072e1daea6a0400dd2f18a23722131db,9418,,,true
P01_WHITE_S_000002,P01,WHITE,S,image_000002.jpg,training/P01/WHITE/S/images/image_000002.jpg,e8f1673170e1b3694760c58702d0aa715368555e952384b3e677f553e35aab4f,9381,,,true
P01_WHITE_S_000003,P01,WHITE,S,image_000003.jpg,training/P01/WHITE/S/images/image_000003.jpg,e409d6b63d4c89004c0151dddc683f7754a84b5b84d148484ece2721fda306a2,9144,,,true
P01_WHITE_S_000004,P01,WHITE,S,image_000004.jpg,training/P01/WHITE/S/images/image_000004.jpg,4f58a27d5f65c9cfac2a9437ed642c2179d9514cb6a9eb4216530df93f957c7d,9415,,,true
P01_WHITE_S_000005,P01,WHITE,S,image_000005.jpg,training/P01/WHITE/S/images/image_000005.jpg,e214f7be307fa2fc8971bd0f9ad2390415b75ab0decc9650c0d51a013c9a1080,9499,,,true
P01_WHITE_S_000006,P01,WHITE,S,image_000006.jpg,training/P01/WHITE/S/images/image_000006.jpg,347ea43062707ca7c27e4ef06e8149b063dfc4b43fe15f6b2a62fc8d332d988d,9341,,,true
P01_WHITE_S_000007,P01,WHITE,S,image_000007.jpg,training/P01/WHITE/S/images/image_000007.jpg,dd01c2fe373ce92e420cd4a4388afc37cbe83d8f046f1752c6132a16af961378,9164,,,true
P01_WHITE_S_000008,P01,WHITE,S,image_000008.jpg,training/P01/WHITE/S/images/image_000008.jpg,58e722ee237e8faa5f70e04ad0e997829b0a79fafd55e41e4e2131ec84684486,9374,,,true
P01_WHITE_S_000009,P01,WHITE,S,image_000009.jpg,training/P01/WHITE/S/images/image_000009.jpg,7375eeac7ddfcf1b6259c75e6cb7b7365f465ca2c08e8c5e210ca064897b4a7b,9382,,,true
P01_WHITE_S_000010,P01,WHITE,S,image_000010.jpg,training/P01/WHITE/S/images/image_000010.jpg,f0dd3b1a011ed1675a5a06e4a832477a6270a295ce829d53744ac4cb76b1bd3e,9282,,,true
P01_WHITE_S_000011,P01,WHITE,S,image_000011.jpg,training/P01/WHITE/S/images/image_000011.jpg,26762a04e93572b6f031c44fe50281fd0d0a0c2d0156a4f3b75fa0b4290857cf,9133,,,true
P01_WHITE_S_000012,P01,WHITE,S,image_000012.jpg,training/P01/WHITE/S/images/image_000012.jpg,d2df9ef2da36076b1c8aaf389bb735ddd755e7f68192b852223ed48c8f9343a4,9320,,,true
P01_WHITE_S_000013,P01,WHITE,S,image_000013.jpg,training/P01/WHITE/S/images/image_000013.jpg,6d0f6781a06e065a3e5c597784ce14a5bb1d8f5d7b18939924bd1a26b7172709,9300,,,true
P01_WHITE_S_000014,P01,WHITE,S,image_000014.jpg,training/P01/WHITE/S/images/image_000014.jpg,d5b63014b98edf8cd99a92ffc1b95c4354b8ce47e13c145e5030172ee18b6669,9620,,,true
P01_WHITE_S_000015,P01,WHITE,S,image_000015.jpg,training/P01/WHITE/S/images/image_000015.jpg,dbeeca73f33d3ef6d407eae659405472d132c9aad55992f307973bfd6505319e,9228,,,true
P01_WHITE_S_000016,P01,WHITE,S,image_000016.jpg,training/P01/WHITE/S/images/image_000016.jpg,26ca118a72d44178b517fc8f333d7c8a4d6e42061b10e26ccedf58411d5ea255,9207,,,true
P01_WHITE_S_000017,P01,WHITE,S,image_000017.jpg,training/P01/WHITE/S/images/image_000017.jpg,fdf7ace01535b93b19bfd82ef4310d939e30c1966ef1a3b5915a35e075fb3bc4,9356,,,true
P01_WHITE_S_000018,P01,WHITE,S,image_000018.jpg,training/P01/WHITE/S/images/image_000018.jpg,296099b4422d7303f767ec3439676aa575ae46493094ec8ed46e43c984e0d42b,9861,,,true
P01_WHITE_S_000019,P01,WHITE,S,image_000019.jpg,training/P01/WHITE/S/images/image_000019.jpg,0a4b9055b5635ceee07153e07ea40431a1683d2133757fd2751b985392e2cb3a,9135,,,true
P01_WHITE_S_000020,P01,WHITE,S,image_000020.jpg,training/P01/WHITE/S/images/image_000020.jpg,49738c1170fafbfd261e1524c55da9315a6bdbcddd406a14bc0e3c5e358a6893,8952,,,true
P01_WHITE_S_000021,P01,WHITE,S,image_000021.jpg,training/P01/WHITE/S/images/image_000021.jpg,e7f06f0b995976b8301347865c7140929a6cb2a423cdfa67fda557c77c141790,8946,,,true
P01_WHITE_S_000022,P01,WHITE,S,image_000022.jpg,training/P01/WHITE/S/images/image_000022.jpg,450f51903dabe9671e061bc29aaaac31a2e7e297dc7560701ca05f6fb634e961,9160,,,true
P01_WHITE_S_000023,P01,WHITE,S,image_000023.jpg,training/P01/WHITE/S/images/image_000023.jpg,ff7f33ec4f43d1924b0741694193f076256f3735225f8abd7dc6e00c4668ec54,9501,,,true
P01_WHITE_S_000024,P01,WHITE,S,image_000024.jpg,training/P01/WHITE/S/images/image_000024.jpg,0e7843317c81a5e0dd13eaad048f913b7d89910a5ab94633b6f81f68d293578d,9315,,,true
P01_WHITE_S_000025,P01,WHITE,S,image_000025.jpg,training/P01/WHITE/S/images/image_000025.jpg,0d6c4ebce83464362c659e79604db3dbf6b3bb356867751b395d15580636a160,9176,,,true
P01_WHITE_T_000001,P01,WHITE,T,image_000001.jpg,training/P01/WHITE/T/images/image_000001.jpg,44e3751376636d2684fd12777c5f0b4c3279c1d9de697d093b3757fbf92413a8,8939,,,true
P01_WHITE_T_000002,P01,WHITE,T,image_000002.jpg,training/P01/WHITE/T/images/image_000002.jpg,c4749bb573d73dae9c872a9f1ca0b0da55b206cc868ba8fb2a50ecebb97365f3,8832,,,true
P01_WHITE_T_000003,P01,WHITE,T,image_000003.jpg,training/P01/WHITE/T/images/image_000003.jpg,1175b2e7dba5fdcfc8874b1f6de7d0d0d27f14b7570761dae3d8113145660e95,8828,,,true
P01_WHITE_T_000004,P01,WHITE,T,image_000004.jpg,training/P01/WHITE/T/images/image_000004.jpg,23d2db59533895108d0b218bb87f75d5d6dc7f0dd5f72f1863832ab110d91e8e,8438,,,true
P01_WHITE_T_000005,P01,WHITE,T,image_000005.jpg,training/P01/WHITE/T/images/image_000005.jpg,41c22591ba721391ffb40af2e4209ad09f0626e006947c38cb8462a17f884582,8719,,,true
P01_WHITE_T_000006,P01,WHITE,T,image_000006.jpg,training/P01/WHITE/T/images/image_000006.jpg,9d8fdea90771f7517cf845970924bd64278e29e81de43faa193044ebe02f4c1a,8685,,,true
P01_WHITE_T_000007,P01,WHITE,T,image_000007.jpg,training/P01/WHITE/T/images/image_000007.jpg,5df51fcfe86ce3b6d24b45c271ebea00d09943b2c3b23ba7137f0967cd0a5a15,8629,,,true
P01_WHITE_T_000008,P01,WHITE,T,image_000008.jpg,training/P01/WHITE/T/images/image_000008.jpg,f1ab5d9985eab119b1168af61479cce82d30ce16fa5c77f735b4146b7fbf1120,8635,,,true
P01_WHITE_T_000009,P01,WHITE,T,image_000009.jpg,training/P01/WHITE/T/images/image_000009.jpg,3fe1bdd32593d42937d7884bb0480c3bf815519f8cdfc50e04ccd496f8540831,8637,,,true
P01_WHITE_T_000010,P01,WHITE,T,image_000010.jpg,training/P01/WHITE/T/images/image_000010.jpg,2020ed22a6c74938a497bc0e2fd4f983e1aecca3f598fb84c2d016ab654fd3af,8710,,,true
P01_WHITE_T_000011,P01,WHITE,T,image_000011.jpg,training/P01/WHITE/T/images/image_000011.jpg,edc4b7731b5a3dff8ace8e62d60f8f3ae57a3da5a37bf0353708f720cb74c18a,8538,,,true
P01_WHITE_T_000012,P01,WHITE,T,image_000012.jpg,training/P01/WHITE/T/images/image_000012.jpg,1fb01f20335625a6cdd38a5898eb144c409926a40f08495fceb4f307c6f727e3,8937,,,true
P01_WHITE_T_000013,P01,WHITE,T,image_000013.jpg,training/P01/WHITE/T/images/image_000013.jpg,8031672858b09f5cad206d063977ef80097542c4b23d539d7788091fc361445d,8665,,,true
P01_WHITE_T_000014,P01,WHITE,T,image_000014.jpg,training/P01/WHITE/T/images/image_000014.jpg,3fa8d6d73f977afabf1f3795f42ae2bf486ea3b17365ae65f7dfb7722dbc6d0d,9515,,,true
P01_WHITE_T_000015,P01,WHITE,T,image_000015.jpg,training/P01/WHITE/T/images/image_000015.jpg,5a79ed8357cb2e5303761fc131897a06a22e709e13d4a6c6754457243d7c3f4a,8488,,,true
P01_WHITE_T_000016,P01,WHITE,T,image_000016.jpg,training/P01/WHITE/T/images/image_000016.jpg,98040535e86a9b5b2ef9622dd2bb884b333f165545e9c3f2765f9a11e13a1851,8495,,,true
P01_WHITE_T_000017,P01,WHITE,T,image_000017.jpg,training/P01/WHITE/T/images/image_000017.jpg,523a32a1ce0e647180c6371b7edb9913909dc505350382fa51fffdf8d1b2a30a,8595,,,true
P01_WHITE_T_000018,P01,WHITE,T,image_000018.jpg,training/P01/WHITE/T/images/image_000018.jpg,9f74ece5a80fbe2e8e321701dbabbeaeb04c71819fd3a706641684ba2b2aafb5,8809,,,true
P01_WHITE_T_000019,P01,WHITE,T,image_000019.jpg,training/P01/WHITE/T/images/image_000019.jpg,ba9d1f4facd928d1c77072026d09c274e4e7b43982dd4627bfa1fa4fcacbe0c2,8763,,,true
P01_WHITE_T_000020,P01,WHITE,T,image_000020.jpg,training/P01/WHITE/T/images/image_000020.jpg,f21ab573c0554f06f5014f0b47b56eaaa7b033d5c18841f6a18c6f84522bc80e,8584,,,true
P01_WHITE_T_000021,P01,WHITE,T,image_000021.jpg,training/P01/WHITE/T/images/image_000021.jpg,13e623c54fc1475abf1d7c659e24d2b4aae6d02ed9b0a8b3de3add4df4e59afa,8944,,,true
P01_WHITE_T_000022,P01,WHITE,T,image_000022.jpg,training/P01/WHITE/T/images/image_000022.jpg,cde79f31b206a84d2e18f81cd158d73e63390a072d15b345c80e1a6258a4ef60,9213,,,true
P01_WHITE_T_000023,P01,WHITE,T,image_000023.jpg,training/P01/WHITE/T/images/image_000023.jpg,a28c6db409b2d5ad3577ee8c54a3b39e492bb3e2ed42f161101b26cd41a3f246,8686,,,true
P01_WHITE_T_000024,P01,WHITE,T,image_000024.jpg,training/P01/WHITE/T/images/image_000024.jpg,cc5b0ffef52a2fd59f37f95977f940dfbf92a33553bc45a29907153f18f93dcf,9090,,,true
P01_WHITE_T_000025,P01,WHITE,T,image_000025.jpg,training/P01/WHITE/T/images/image_000025.jpg,06aaa446bdad5ec3ccaaaed30d7d335d9c76dc7be42f5727004791285ab42df3,8992,,,true
P01_WHITE_U_000001,P01,WHITE,U,image_000001.jpg,training/P01/WHITE/U/images/image_000001.jpg,6a559496768b7ab164ca9d12c6291fda6e709d4433653fe42897b8eb394f1d65,7059,,,true
P01_WHITE_U_000002,P01,WHITE,U,image_000002.jpg,training/P01/WHITE/U/images/image_000002.jpg,a909b807ea710110477c9266a6052efa3cc20a6e6b1f2ea9d48096305092aa99,7643,,,true
P01_WHITE_U_000003,P01,WHITE,U,image_000003.jpg,training/P01/WHITE/U/images/image_000003.jpg,d3c9b8c058a5b8018d02f5eca7107295f443904d0d50f8a65a67ebc05cea0d73,6631,,,true
P01_WHITE_U_000004,P01,WHITE,U,image_000004.jpg,training/P01/WHITE/U/images/image_000004.jpg,0bf6c9420b76859a4c320db7767ca3900cbe67e1c109739f2c2ded40ab3cfe25,3643,,,true
P01_WHITE_U_000005,P01,WHITE,U,image_000005.jpg,training/P01/WHITE/U/images/image_000005.jpg,4fb207e1db042bfe3bb89c9e27a1493896a77d9e2091fab78d7f5e336679721f,6908,,,true
P01_WHITE_U_000006,P01,WHITE,U,image_000006.jpg,training/P01/WHITE/U/images/image_000006.jpg,69beeb6b62084e6b2034ec036f95063a157468a05d990f5ec580bf57f1ca97aa,6976,,,true
P01_WHITE_U_000007,P01,WHITE,U,image_000007.jpg,training/P01/WHITE/U/images/image_000007.jpg,b03cd43468f437de54f86b4370a3dcc9871542ae0759f6c43a855bae5e953bec,6639,,,true
P01_WHITE_U_000008,P01,WHITE,U,image_000008.jpg,training/P01/WHITE/U/images/image_000008.jpg,43639880090769dc11c6d02f7df600c4c2e67a9dba8738214a00daf681ea4b82,6619,,,true
P01_WHITE_U_000009,P01,WHITE,U,image_000009.jpg,training/P01/WHITE/U/images/image_000009.jpg,54363696813c65adb92b7b997db2629fb87f30ffee03d13b18a13fc786b0c985,6556,,,true
P01_WHITE_U_000010,P01,WHITE,U,image_000010.jpg,training/P01/WHITE/U/images/image_000010.jpg,815f2d24d310ca00313ca033b748065f8b7730dce9bf86a5737b29d4f1a7f42d,6946,,,true
P01_WHITE_U_000011,P01,WHITE,U,image_000011.jpg,training/P01/WHITE/U/images/image_000011.jpg,63a40543694709248552509031744b9748c91a70038f766ee638741b5f8dd55c,6879,,,true
P01_WHITE_U_000012,P01,WHITE,U,image_000012.jpg,training/P01/WHITE/U/images/image_000012.jpg,6ead9d24d8563201631228bf8e54cd3a320199a6959d5dbc6779bbeb2020340a,6887,,,true
P01_WHITE_U_000013,P01,WHITE,U,image_000013.jpg,training/P01/WHITE/U/images/image_000013.jpg,d30d8bef369b2a7af53ca2812623e4fcc3cb3971a2ac435116e620f0ad893e8e,7058,,,true
P01_WHITE_U_000014,P01,WHITE,U,image_000014.jpg,training/P01/WHITE/U/images/image_000014.jpg,1187cef2429540b3bfaf4bff17a9331c909840e4685bae7bfb3b321b937e64dd,6974,,,true
P01_WHITE_U_000015,P01,WHITE,U,image_000015.jpg,training/P01/WHITE/U/images/image_000015.jpg,fbaf3537f73ab0c0a101265f39a5ad459b891a7996ab01bacaacfa8dc6b3ff40,6939,,,true
P01_WHITE_U_000016,P01,WHITE,U,image_000016.jpg,training/P01/WHITE/U/images/image_000016.jpg,1ec3f7dea6362558f8acb98ddd30edf987e1d64ef9e27f1c2dc4c75041a1da80,7289,,,true
P01_WHITE_U_000017,P01,WHITE,U,image_000017.jpg,training/P01/WHITE/U/images/image_000017.jpg,4d8620ada1f44423317763beb96028fc946adec14dbf7e3ee87dd674fe177817,6978,,,true
P01_WHITE_U_000018,P01,WHITE,U,image_000018.jpg,training/P01/WHITE/U/images/image_000018.jpg,420c37d083a3e9f1fbde831c4135544f32255027015856ec615411779edce433,6738,,,true
P01_WHITE_U_000019,P01,WHITE,U,image_000019.jpg,training/P01/WHITE/U/images/image_000019.jpg,68c10ca6281454470d40b5eb0d75dd463ab2b3d374c17acfaecb9cb34c08f918,6858,,,true
P01_WHITE_U_000020,P01,WHITE,U,image_000020.jpg,training/P01/WHITE/U/images/image_000020.jpg,fd8d4b3f303ba8d4b0dff3821be5c8366b559c14498a12e067c6e3278ae96b83,7138,,,true
P01_WHITE_U_000021,P01,WHITE,U,image_000021.jpg,training/P01/WHITE/U/images/image_000021.jpg,17c63ad65c3b86d66a53195877e2881ad0f45496e5e6ac04eaf770fe2ada692c,7176,,,true
P01_WHITE_U_000022,P01,WHITE,U,image_000022.jpg,training/P01/WHITE/U/images/image_000022.jpg,dc9742474a5bebd32ae33896176a1791a5c1396d44499141c4471814575cae4e,6776,,,true
P01_WHITE_U_000023,P01,WHITE,U,image_000023.jpg,training/P01/WHITE/U/images/image_000023.jpg,7c8bb8e469d64e89c39ecb8df371ac3c8756b8396b489a761a915c29a5b3d75f,6544,,,true
P01_WHITE_U_000024,P01,WHITE,U,image_000024.jpg,training/P01/WHITE/U/images/image_000024.jpg,60ee425580c824d951821569f3811251ebc99739d1a695a112e73a3ee5dec35a,6513,,,true
P01_WHITE_U_000025,P01,WHITE,U,image_000025.jpg,training/P01/WHITE/U/images/image_000025.jpg,0b36bdc085915f9ed89e018bb423f1860e50920b73f766940b899f176c502d0b,7643,,,true
P01_WHITE_V_000001,P01,WHITE,V,image_000001.jpg,training/P01/WHITE/V/images/image_000001.jpg,8649f6652b66b9c6461eada41e8500f02eb27a167b4fd3322dc0f4ebc056488a,8145,,,true
P01_WHITE_V_000002,P01,WHITE,V,image_000002.jpg,training/P01/WHITE/V/images/image_000002.jpg,895bf19ab3a43c7180852f5ac4badf109b07fc6c3b5614d7880ccd87f0d3e677,8088,,,true
P01_WHITE_V_000003,P01,WHITE,V,image_000003.jpg,training/P01/WHITE/V/images/image_000003.jpg,7e2f1d6ee47ef9c89448528e69c1182e98de61dcae2d1ff587e01ab6ee8c8734,8550,,,true
P01_WHITE_V_000004,P01,WHITE,V,image_000004.jpg,training/P01/WHITE/V/images/image_000004.jpg,265aef7839c8f9e2315d7cfbdf8e045f4fb8c3eca031fd6dc2d84ff59c8106dd,8367,,,true
P01_WHITE_V_000005,P01,WHITE,V,image_000005.jpg,training/P01/WHITE/V/images/image_000005.jpg,b4dfdcc5b7b4bcc7091643ebc4bc5c5bfc1612ead88b3e1c1dd220ff23b7f37e,8129,,,true
P01_WHITE_V_000006,P01,WHITE,V,image_000006.jpg,training/P01/WHITE/V/images/image_000006.jpg,0a58fa05dc049e6db9c1fcafdf8351609a01ef12466e1556ea7c79bec123e660,8413,,,true
P01_WHITE_V_000007,P01,WHITE,V,image_000007.jpg,training/P01/WHITE/V/images/image_000007.jpg,6b1ad459df5e6572f6cbb4f8f087ce4163d799add7de73bde39c3e4e0ab9616f,7607,,,true
P01_WHITE_V_000008,P01,WHITE,V,image_000008.jpg,training/P01/WHITE/V/images/image_000008.jpg,0fbee17806bc9ec093ad08b5f89c84a695f05c4a008cda79a5f26fccc225563a,7519,,,true
P01_WHITE_V_000009,P01,WHITE,V,image_000009.jpg,training/P01/WHITE/V/images/image_000009.jpg,a43cd6e70ef78cc42c69ca546bfafacb39a0fec5b9bde5f31219bbd7ce144132,7489,,,true
P01_WHITE_V_000010,P01,WHITE,V,image_000010.jpg,training/P01/WHITE/V/images/image_000010.jpg,7039fdf71a4b9507deb325622b7fed70c97a7a29ea5f21ba40ea1c34a7693030,7686,,,true
P01_WHITE_V_000011,P01,WHITE,V,image_000011.jpg,training/P01/WHITE/V/images/image_000011.jpg,375695da5ff2034b815908f9497e41e4a71cdc46ef04ecc46d762be6de1133e7,7740,,,true
P01_WHITE_V_000012,P01,WHITE,V,image_000012.jpg,training/P01/WHITE/V/images/image_000012.jpg,bdc17457a869611ca7e0318a148cf309584efab03dd3e0ed6ba6d8c753582c18,7317,,,true
P01_WHITE_V_000013,P01,WHITE,V,image_000013.jpg,training/P01/WHITE/V/images/image_000013.jpg,861e71ca74dab2d8709e35bb15946d46ef1a5a1f52502fa5d94b23697b26ea82,7907,,,true
P01_WHITE_V_000014,P01,WHITE,V,image_000014.jpg,training/P01/WHITE/V/images/image_000014.jpg,0b0522d78ba6efa8bf1304a6a661f2606c1c76e9df494223a739e825a8136a43,7849,,,true
P01_WHITE_V_000015,P01,WHITE,V,image_000015.jpg,training/P01/WHITE/V/images/image_000015.jpg,36af2d4e1013a4ca09ee115ef83792003d3c6b04de4eb7024dec823c2ed3a06a,7265,,,true
P01_WHITE_V_000016,P01,WHITE,V,image_000016.jpg,training/P01/WHITE/V/images/image_000016.jpg,57615e4779a24ee633bbe2b67784c398c0dcd1c9a2dc571ed1843afc1265996b,7564,,,true
P01_WHITE_V_000017,P01,WHITE,V,image_000017.jpg,training/P01/WHITE/V/images/image_000017.jpg,6c22aa5130b61a1c33d5ea1b739db03de518ddc909d6c720f4b9b1a1d3d700a8,7825,,,true
P01_WHITE_V_000018,P01,WHITE,V,image_000018.jpg,training/P01/WHITE/V/images/image_000018.jpg,e22f19d8f797901f73d519d2870a29ea314a0baeabe8a6611f6639d650e6dbe6,7749,,,true
P01_WHITE_V_000019,P01,WHITE,V,image_000019.jpg,training/P01/WHITE/V/images/image_000019.jpg,aa7a71059b730d29dacb8e7f84edf58d85635cfccbd1046fab11debfeffef10a,7378,,,true
P01_WHITE_V_000020,P01,WHITE,V,image_000020.jpg,training/P01/WHITE/V/images/image_000020.jpg,96bd9a133f1cc996aa7d0b4cad7d08a96c686dedb78a6ec72241ec38798e4e2e,7283,,,true
P01_WHITE_V_000021,P01,WHITE,V,image_000021.jpg,training/P01/WHITE/V/images/image_000021.jpg,07955d2bc761a529195452119fa4b8c12c1ef6637dbe42b92cb785ec0af0f800,7724,,,true
P01_WHITE_V_000022,P01,WHITE,V,image_000022.jpg,training/P01/WHITE/V/images/image_000022.jpg,fabf9e033b50fc6004ea49b15acf436282b1df590cd4602b913aab42d4fe4318,7993,,,true
P01_WHITE_V_000023,P01,WHITE,V,image_000023.jpg,training/P01/WHITE/V/images/image_000023.jpg,21b5e548c6321d0d3287376a3dcc619ff0f7e19073d171b27f447cacbeeb11e0,7598,,,true
P01_WHITE_V_000024,P01,WHITE,V,image_000024.jpg,training/P01/WHITE/V/images/image_000024.jpg,3ee1b8cfd2f637807e281349aaf5bd926b1571e4d5694bd5c488351c47f2a658,7642,,,true
P01_WHITE_V_000025,P01,WHITE,V,image_000025.jpg,training/P01/WHITE/V/images/image_000025.jpg,584e1266aff3ad768633be6528c1f985c35fca30dbe74edb89176f0bab7e23f7,7512,,,true
P01_WHITE_W_000001,P01,WHITE,W,image_000001.jpg,training/P01/WHITE/W/images/image_000001.jpg,afb4e798e429cca81c4d9015925e63c6860b19062e3a51acccd4f9b59c8906ff,8680,,,true
P01_WHITE_W_000002,P01,WHITE,W,image_000002.jpg,training/P01/WHITE/W/images/image_000002.jpg,6ea562f7761cc6d20e77312093cc5975680aabec0317da5d3edbd30ded6b7818,8202,,,true
P01_WHITE_W_000003,P01,WHITE,W,image_000003.jpg,training/P01/WHITE/W/images/image_000003.jpg,7c7b33ec9926d9fe5ebaf14f21063f71e0135431fe1f7d752ba6fc10ba4c6e66,8209,,,true
P01_WHITE_W_000004,P01,WHITE,W,image_000004.jpg,training/P01/WHITE/W/images/image_000004.jpg,9d1cc4278d6ca9d5503e6d85dd75336eb9c0f667e58adfc234501fcdb35664bb,8319,,,true
P01_WHITE_W_000005,P01,WHITE,W,image_000005.jpg,training/P01/WHITE/W/images/image_000005.jpg,e3bd4932ed46293ab27f93489795e63d33db52bb398f85fa09855e8371393b34,8404,,,true
P01_WHITE_W_000006,P01,WHITE,W,image_000006.jpg,training/P01/WHITE/W/images/image_000006.jpg,e1e118b33697f723bb2360b82ac20fd603a9b5ac68a652cce193c166a16d6698,8331,,,true
P01_WHITE_W_000007,P01,WHITE,W,image_000007.jpg,training/P01/WHITE/W/images/image_000007.jpg,30db4dd0dcfcfc3622b7ede58223fbd9f0fe872700fc32d2314b28f63193c605,8142,,,true
P01_WHITE_W_000008,P01,WHITE,W,image_000008.jpg,training/P01/WHITE/W/images/image_000008.jpg,fc8a721ced112a700b012d8c7eb4d852c8838d56c0ce59ce7d578ea7943a782d,8248,,,true
P01_WHITE_W_000009,P01,WHITE,W,image_000009.jpg,training/P01/WHITE/W/images/image_000009.jpg,2d8d2fe4549c8353f65bf35e453ede05132a819a4cafee2d706b6c814ebf251f,8120,,,true
P01_WHITE_W_000010,P01,WHITE,W,image_000010.jpg,training/P01/WHITE/W/images/image_000010.jpg,ea037315c044e019cd378659cfc3eb337961447d0aa15b079d6f95b10b54e222,8360,,,true
P01_WHITE_W_000011,P01,WHITE,W,image_000011.jpg,training/P01/WHITE/W/images/image_000011.jpg,0dfd90080114b7d7205197524644be528caea8e019d541eb7cfeea021fe9dc7d,8332,,,true
P01_WHITE_W_000012,P01,WHITE,W,image_000012.jpg,training/P01/WHITE/W/images/image_000012.jpg,4a5d6fd819eb7554607b5cf496b38a46476be81c865530445b870c4255c1d389,8755,,,true
P01_WHITE_W_000013,P01,WHITE,W,image_000013.jpg,training/P01/WHITE/W/images/image_000013.jpg,fe179bfd046f5e77ea6335dc2fb1e7b9af689d658bc0ed36edb79a55758e8e05,8421,,,true
P01_WHITE_W_000014,P01,WHITE,W,image_000014.jpg,training/P01/WHITE/W/images/image_000014.jpg,36aa088eac95c8ccd62c7d5e2e77cb7a0322574c9bce7f263d6b4d4666044fb8,8387,,,true
P01_WHITE_W_000015,P01,WHITE,W,image_000015.jpg,training/P01/WHITE/W/images/image_000015.jpg,7ecf276465e9031c240e72177cf6641bbd819c21fc65cfb0c42187edb27937b0,8408,,,true
P01_WHITE_W_000016,P01,WHITE,W,image_000016.jpg,training/P01/WHITE/W/images/image_000016.jpg,b45ccb95f96ef1dc8fa8a5110faeefd0379bc196839bf392474fd17ced75ce30,8482,,,true
P01_WHITE_W_000017,P01,WHITE,W,image_000017.jpg,training/P01/WHITE/W/images/image_000017.jpg,eec0f900319e6fe2172f2b20dde0f13b089ee071ce97317abf69e45a9712d90f,8037,,,true
P01_WHITE_W_000018,P01,WHITE,W,image_000018.jpg,training/P01/WHITE/W/images/image_000018.jpg,02f3a1179009597a5d95890fd501604d5ebfbc2529e0995de53cc1d6d3b181b6,8060,,,true
P01_WHITE_W_000019,P01,WHITE,W,image_000019.jpg,training/P01/WHITE/W/images/image_000019.jpg,a5f918a0bcd0fcd5685d76657e598945fe2b3c4ab6e34d1380684a19d01bbb34,8159,,,true
P01_WHITE_W_000020,P01,WHITE,W,image_000020.jpg,training/P01/WHITE/W/images/image_000020.jpg,252151208590a2f3843583f28c22c3bd8ce9d13c3b36f38dd4388c78adadd719,8067,,,true
P01_WHITE_W_000021,P01,WHITE,W,image_000021.jpg,training/P01/WHITE/W/images/image_000021.jpg,e1a37dc48880bfe39efdb12aefa9b0f9c56c0a0a6383803912c8af774de5c09d,8036,,,true
P01_WHITE_W_000022,P01,WHITE,W,image_000022.jpg,training/P01/WHITE/W/images/image_000022.jpg,783fe281f4f9290daecb506b6c2417cab1c5af636b989d4e0456ee9baebcbdfd,7897,,,true
P01_WHITE_W_000023,P01,WHITE,W,image_000023.jpg,training/P01/WHITE/W/images/image_000023.jpg,fafda22176ca26f4ff184d9a3c4508a53d76be0181284b87c0024399e2485970,7763,,,true
P01_WHITE_W_000024,P01,WHITE,W,image_000024.jpg,training/P01/WHITE/W/images/image_000024.jpg,34b936fdd0d0aed055e1f209fc59c73883f11e385e32d7a182e92cdd3916fab7,8014,,,true
P01_WHITE_W_000025,P01,WHITE,W,image_000025.jpg,training/P01/WHITE/W/images/image_000025.jpg,01be2ef5b503820e50b188136104aba53584f58a173930e4257443640fc6bb30,7893,,,true
P01_WHITE_Y_000001,P01,WHITE,Y,image_000001.jpg,training/P01/WHITE/Y/images/image_000001.jpg,43335807491dfde0915d8e397b21e610808d16b7581e42aacc17bd2fe209351a,7658,,,true
P01_WHITE_Y_000002,P01,WHITE,Y,image_000002.jpg,training/P01/WHITE/Y/images/image_000002.jpg,b5344517a66b3541bb10c4e1c67f5fd2dec56a08efd16b52d8cda75312077899,7719,,,true
P01_WHITE_Y_000003,P01,WHITE,Y,image_000003.jpg,training/P01/WHITE/Y/images/image_000003.jpg,8b939ffd5b94467c07617b5df5565318c95d1c34b6218a362063d72f919eac95,7799,,,true
P01_WHITE_Y_000004,P01,WHITE,Y,image_000004.jpg,training/P01/WHITE/Y/images/image_000004.jpg,b80f8e02393631b9c59f8f2a056ff9ed988c9d2e90b32d51b77df12582b6ca7e,7832,,,true
P01_WHITE_Y_000005,P01,WHITE,Y,image_000005.jpg,training/P01/WHITE/Y/images/image_000005.jpg,81ba6af3103e07b385164ed07e1c245b51c189ba0e86128ad437b32aea91f48a,7837,,,true
P01_WHITE_Y_000006,P01,WHITE,Y,image_000006.jpg,training/P01/WHITE/Y/images/image_000006.jpg,281d8529dbfaab762cd6a406cb28620188cd503a9d3bd85bae3af4c037e52a63,7606,,,true
P01_WHITE_Y_000007,P01,WHITE,Y,image_000007.jpg,training/P01/WHITE/Y/images/image_000007.jpg,c3f4e4486ebc811e39f1f4f8ab4586e5da663c386f53230c6b7cb52c6113699d,7625,,,true
P01_WHITE_Y_000008,P01,WHITE,Y,image_000008.jpg,training/P01/WHITE/Y/images/image_000008.jpg,48d022953d611828f307d0eeb8cdf3ba5b006a8852c7f5643f4480b7193c01ef,7920,,,true
P01_WHITE_Y_000009,P01,WHITE,Y,image_000009.jpg,training/P01/WHITE/Y/images/image_000009.jpg,fe4b9916e5a39c30c5440e41faaf18b79f26850e1110c7a5095efe749f52ac38,7757,,,true
P01_WHITE_Y_000010,P01,WHITE,Y,image_000010.jpg,training/P01/WHITE/Y/images/image_000010.jpg,8627446168711d08143c6fd0af8d39cdb753eead276fc927d5fa40484552f92c,7710,,,true
P01_WHITE_Y_000011,P01,WHITE,Y,image_000011.jpg,training/P01/WHITE/Y/images/image_000011.jpg,ec3e5b734b1f2a7f25b80a271aa900792fa12a15d02a844c178b814e21e8326d,7658,,,true
P01_WHITE_Y_000012,P01,WHITE,Y,image_000012.jpg,training/P01/WHITE/Y/images/image_000012.jpg,db9b4441a53878538cbc0040f50b957ff013038022fd6f359faa9e74d1e2e899,7660,,,true
P01_WHITE_Y_000013,P01,WHITE,Y,image_000013.jpg,training/P01/WHITE/Y/images/image_000013.jpg,37463c6d273284580375fbc5ac6846294180e436703b3b13763ebcddc04ae179,7594,,,true
P01_WHITE_Y_000014,P01,WHITE,Y,image_000014.jpg,training/P01/WHITE/Y/images/image_000014.jpg,b8e25168747a4de6e912b580f5ed21743bfa830c7783187fe51e0b683ad6ca9a,7518,,,true
P01_WHITE_Y_000015,P01,WHITE,Y,image_000015.jpg,training/P01/WHITE/Y/images/image_000015.jpg,e8973b403c6e0a83ed66e0e2a1df62cb2020c91ad543cf0661303262a324e809,7509,,,true
P01_WHITE_Y_000016,P01,WHITE,Y,image_000016.jpg,training/P01/WHITE/Y/images/image_000016.jpg,be7f9d49991828d974a3cc283551c81ea2c4acd2d2ca4bb702ffa641b90e3cec,7669,,,true
P01_WHITE_Y_000017,P01,WHITE,Y,image_000017.jpg,training/P01/WHITE/Y/images/image_000017.jpg,cf8b5af50054d38eac3bf4d183a2879f9277cf7ff8f740adfe6bce46f22c611a,7621,,,true
P01_WHITE_Y_000018,P01,WHITE,Y,image_000018.jpg,training/P01/WHITE/Y/images/image_000018.jpg,ce9d3ab1da93f35f85daf0420c1b853eb7c6eb996da9a8dd41760893455fd234,7520,,,true
P01_WHITE_Y_000019,P01,WHITE,Y,image_000019.jpg,training/P01/WHITE/Y/images/image_000019.jpg,6a308eb3bd1b7293c4abe158cfd7e7e356dedefc3b204fc0e5ed27d43f5b8f48,8109,,,true
P01_WHITE_Y_000020,P01,WHITE,Y,image_000020.jpg,training/P01/WHITE/Y/images/image_000020.jpg,deee9e403e43ef71ab3c2299388feab5994d2ee6f19c746a9ae4c088d2240ce9,7642,,,true
P01_WHITE_Y_000021,P01,WHITE,Y,image_000021.jpg,training/P01/WHITE/Y/images/image_000021.jpg,fd26165dd052fa9e68930ce9c0f4a4a3263f4eaf71e280e9d3014dd05c8ba386,7526,,,true
P01_WHITE_Y_000022,P01,WHITE,Y,image_000022.jpg,training/P01/WHITE/Y/images/image_000022.jpg,2158496c1b6a3ca15bb779da80ef0a678e51678e84472e1c70ad58b14a4ba5e3,7590,,,true
P01_WHITE_Y_000023,P01,WHITE,Y,image_000023.jpg,training/P01/WHITE/Y/images/image_000023.jpg,c51655ad070ef7dc2b927a8fda4db21df426775bab960bbfb2994a3f7d1d05b2,7878,,,true
P01_WHITE_Y_000024,P01,WHITE,Y,image_000024.jpg,training/P01/WHITE/Y/images/image_000024.jpg,b48a3f760097441f3e2d8b3fc1c117484606c06e2a0d6b9374aed6817eec2ef4,8030,,,true
P01_WHITE_Y_000025,P01,WHITE,Y,image_000025.jpg,training/P01/WHITE/Y/images/image_000025.jpg,98d0d5fc5aea4252a8045a720fa89d7f0c05e45573bbbd2993d004565dfc7059,7611,,,true
P02_BLACK_A_000001,P02,BLACK,A,image_000001.jpg,training/P02/BLACK/A/images/image_000001.jpg,beb0c92309ba67fdd0e162dcc448648a932a76fc7908327d4e206d24500194f6,8402,,,true
P02_BLACK_A_000002,P02,BLACK,A,image_000002.jpg,training/P02/BLACK/A/images/image_000002.jpg,85e5b928ea506c8e8434d579dcf07799ec971f47de19929e742f3cd43e7948ec,8365,,,true
P02_BLACK_A_000003,P02,BLACK,A,image_000003.jpg,training/P02/BLACK/A/images/image_000003.jpg,d42b542591bfb4c115d2df52b18c9a916eaf166d800bcdbf449d050be2a9ed5f,8399,,,true
P02_BLACK_A_000004,P02,BLACK,A,image_000004.jpg,training/P02/BLACK/A/images/image_000004.jpg,56542c068e5cdd87a52ba8810d750668843fdd55a662358a14faf3413ce38143,8498,,,true
P02_BLACK_A_000005,P02,BLACK,A,image_000005.jpg,training/P02/BLACK/A/images/image_000005.jpg,daf236fbabd2466a24e2d57f8d572ac6a0518479bee296f5024aa291ad2da4d8,8450,,,true
P02_BLACK_A_000006,P02,BLACK,A,image_000006.jpg,training/P02/BLACK/A/images/image_000006.jpg,57397993f9ae87c005828971b0472b8f34206e2ab12cc61157401bdc3c140b99,8185,,,true
P02_BLACK_A_000007,P02,BLACK,A,image_000007.jpg,training/P02/BLACK/A/images/image_000007.jpg,b13e5b5d92338ea534bb40849bcd98439f21118a10238f28264dd7c915e52c20,8378,,,true
P02_BLACK_A_000008,P02,BLACK,A,image_000008.jpg,training/P02/BLACK/A/images/image_000008.jpg,6b97e302a04ae9ef06f2af6be62de461cfcb0d66abf3549637b147f3512719e7,8051,,,true
P02_BLACK_A_000009,P02,BLACK,A,image_000009.jpg,training/P02/BLACK/A/images/image_000009.jpg,19840052cab4f0251f1c33ace487ee89eebc4a5bc6ede98f8422ce5d00479ae5,8607,,,true
P02_BLACK_A_000010,P02,BLACK,A,image_000010.jpg,training/P02/BLACK/A/images/image_000010.jpg,c13e45b9bd06f5bf0c5cc26f92cc2206e25fd7e573d4dce9344daf195f538d81,10384,,,true
P02_BLACK_A_000011,P02,BLACK,A,image_000011.jpg,training/P02/BLACK/A/images/image_000011.jpg,fbc8ed2dca0c4495c6a7c1ee3cc40d88dc478a841ac3ee3f23e4f931b36f0e2b,8941,,,true
P02_BLACK_A_000012,P02,BLACK,A,image_000012.jpg,training/P02/BLACK/A/images/image_000012.jpg,5eea53adc88ab617a4e888406b57fd454f6d0250548d64ffe8a61432f687468d,8536,,,true
P02_BLACK_A_000013,P02,BLACK,A,image_000013.jpg,training/P02/BLACK/A/images/image_000013.jpg,5ac5be26a4e450bfcab9553826f560877c87769890c4f29aa5d6ffafac1c38d3,9555,,,true
P02_BLACK_A_000014,P02,BLACK,A,image_000014.jpg,training/P02/BLACK/A/images/image_000014.jpg,626838d79b6272682ab918406ef4950bb3e871f568c93f02f264bbf503d780ea,8278,,,true
P02_BLACK_A_000015,P02,BLACK,A,image_000015.jpg,training/P02/BLACK/A/images/image_000015.jpg,0f16f2e3290dae8a39a007ee864764724df1790b4d944f5521576a6c81ae3898,8113,,,true
P02_BLACK_A_000016,P02,BLACK,A,image_000016.jpg,training/P02/BLACK/A/images/image_000016.jpg,d625a6d97c3bcb14a439ea3da7386018a13b57537ed48cec4651c28119478326,7765,,,true
P02_BLACK_A_000017,P02,BLACK,A,image_000017.jpg,training/P02/BLACK/A/images/image_000017.jpg,a7a9a62da4f64c01ab96ffe3dbce408062237fec4d0d0d2f96f0271416ab0e12,7167,,,true
P02_BLACK_A_000018,P02,BLACK,A,image_000018.jpg,training/P02/BLACK/A/images/image_000018.jpg,1d817ab695d104d0580938df5d5ba65fad1547041676c91da1f300a4778a1138,8135,,,true
P02_BLACK_A_000019,P02,BLACK,A,image_000019.jpg,training/P02/BLACK/A/images/image_000019.jpg,f9d9cd81cbcfa0e2b92ca25c72ecdb2110b2b341b604269f71c8b970048adecf,7840,,,true
P02_BLACK_A_000020,P02,BLACK,A,image_000020.jpg,training/P02/BLACK/A/images/image_000020.jpg,26db050b77001ad10bc1825313194dcb76c613b3f235a7b13aa04571234f1c08,8387,,,true
P02_BLACK_A_000021,P02,BLACK,A,image_000021.jpg,training/P02/BLACK/A/images/image_000021.jpg,28cbdafc6cb42158407ba906f0c6fd6ff9551e8f0b515a3980ac9f49fb2e5741,8667,,,true
P02_BLACK_A_000022,P02,BLACK,A,image_000022.jpg,training/P02/BLACK/A/images/image_000022.jpg,9fc7abc27eae938cbbd1a09e4b1e55b6be152fac4973a329a060598f2a88f11e,8612,,,true
P02_BLACK_A_000023,P02,BLACK,A,image_000023.jpg,training/P02/BLACK/A/images/image_000023.jpg,662640188679d9ae5510c64cc916b79d599b0a70ada67e4eb77019941b3b73f7,8266,,,true
P02_BLACK_A_000024,P02,BLACK,A,image_000024.jpg,training/P02/BLACK/A/images/image_000024.jpg,efd6a6d9dd4dc05f49d2b726b63939e5100252cd0fcfdb36cc6ef6529433928f,8088,,,true
P02_BLACK_A_000025,P02,BLACK,A,image_000025.jpg,training/P02/BLACK/A/images/image_000025.jpg,d552b164b965964bd17595dd8ab46c9239cf58441057dbbacc7a23a4dd3bc717,6870,,,true
P02_BLACK_B_000001,P02,BLACK,B,image_000001.jpg,training/P02/BLACK/B/images/image_000001.jpg,f1e327fab9accfc79e52503183e5000f282122d93d2bcb8a766eee2aa0387dee,8019,,,true
P02_BLACK_B_000002,P02,BLACK,B,image_000002.jpg,training/P02/BLACK/B/images/image_000002.jpg,58d4ad0f67f8a271688d3180e35fb1d9270816e4961660305f20279665ffe54d,8026,,,true
P02_BLACK_B_000003,P02,BLACK,B,image_000003.jpg,training/P02/BLACK/B/images/image_000003.jpg,0eba1518f57833e825275d0784edc39f7065d978f861f2b03a7acd1708f92a49,8468,,,true
P02_BLACK_B_000004,P02,BLACK,B,image_000004.jpg,training/P02/BLACK/B/images/image_000004.jpg,6183ff20d65ec9fc1c40687cca7a40db3798501b4401c387d727f0acb455d3e0,8892,,,true
P02_BLACK_B_000005,P02,BLACK,B,image_000005.jpg,training/P02/BLACK/B/images/image_000005.jpg,91287448a1d6750906b81c45e709f8ca4e0024d5f3ad5f5a36737ac029f226cf,8690,,,true
P02_BLACK_B_000006,P02,BLACK,B,image_000006.jpg,training/P02/BLACK/B/images/image_000006.jpg,f5c2bf1a4286cbcde8f76c51fdcd4aa86f9c3bdb18dca014bd3d51a37b2ab211,8591,,,true
P02_BLACK_B_000007,P02,BLACK,B,image_000007.jpg,training/P02/BLACK/B/images/image_000007.jpg,911538f8fd55b610eed187f5c7fbf47e9c36a6b7d44a6cd2b5de2b14c8acd04a,8413,,,true
P02_BLACK_B_000008,P02,BLACK,B,image_000008.jpg,training/P02/BLACK/B/images/image_000008.jpg,b5b2e1795e56359d2141838f1ede294b8b1b51ecf021a4cd40da07f6848b4235,8258,,,true
P02_BLACK_B_000009,P02,BLACK,B,image_000009.jpg,training/P02/BLACK/B/images/image_000009.jpg,3d2ae32615b0c0ebda4b082c48ec2efeb9c009fef955f842dd78b6154037f13d,8873,,,true
P02_BLACK_B_000010,P02,BLACK,B,image_000010.jpg,training/P02/BLACK/B/images/image_000010.jpg,65fffeac657fd0d82f2a33365be18cf5a7d35ecad8ee5b82ca8185936f67c1e3,8022,,,true
P02_BLACK_B_000011,P02,BLACK,B,image_000011.jpg,training/P02/BLACK/B/images/image_000011.jpg,eb24111919b8808920cf4bb9ab30bae89f20c9bc01b2aab87ae0395eaa69e077,8759,,,true
P02_BLACK_B_000012,P02,BLACK,B,image_000012.jpg,training/P02/BLACK/B/images/image_000012.jpg,df26178629b7ee15e095f187ae852ab1cace33e7af5482b33d313f58d4f36ca1,8244,,,true
P02_BLACK_B_000013,P02,BLACK,B,image_000013.jpg,training/P02/BLACK/B/images/image_000013.jpg,48af55283dc891bfde0ed324007e274b1d21f09d9f20917e6d9aed1cfd9c03b6,7889,,,true
P02_BLACK_B_000014,P02,BLACK,B,image_000014.jpg,training/P02/BLACK/B/images/image_000014.jpg,7da60ddce080ba6aacbdb0de42f7386d24d317213c88e0a0ec78bc340d671e43,8369,,,true
P02_BLACK_B_000015,P02,BLACK,B,image_000015.jpg,training/P02/BLACK/B/images/image_000015.jpg,3b12b4486ec77b1caa2b0f00c837d955bd50f5f50fad01dd571c7ce0bbd72281,8466,,,true
P02_BLACK_B_000016,P02,BLACK,B,image_000016.jpg,training/P02/BLACK/B/images/image_000016.jpg,3e99d4ad2b06e0ea11d2b128c8377dcc56b0532f1c373e883d53a66868a35829,9351,,,true
P02_BLACK_B_000017,P02,BLACK,B,image_000017.jpg,training/P02/BLACK/B/images/image_000017.jpg,d0d7d3a51ae960fe4c9d80ece7e0272d52b1f62105025f386b6b3f90a01416c2,8615,,,true
P02_BLACK_B_000018,P02,BLACK,B,image_000018.jpg,training/P02/BLACK/B/images/image_000018.jpg,321ecf6b32e45c64901f20a5560ef3d9bfbab044ec0f754e06c99ed5689bcbe6,8972,,,true
P02_BLACK_B_000019,P02,BLACK,B,image_000019.jpg,training/P02/BLACK/B/images/image_000019.jpg,974c3df0ead3d1582090b7cfeb03749c5f67ebbd1faa173c2dca2d409435fb0f,9125,,,true
P02_BLACK_B_000020,P02,BLACK,B,image_000020.jpg,training/P02/BLACK/B/images/image_000020.jpg,4e14dbeb45217fc170ca7fbb32fb7fffdd4ebe8ffefe52dd31dfe1dea6a7fb2f,8835,,,true
P02_BLACK_B_000021,P02,BLACK,B,image_000021.jpg,training/P02/BLACK/B/images/image_000021.jpg,15f7bab12df18b79893e771a8f24cf61da1164b025ab46ed78e3e7f8c251d11a,8929,,,true
P02_BLACK_B_000022,P02,BLACK,B,image_000022.jpg,training/P02/BLACK/B/images/image_000022.jpg,6ef3899745a3d0e329a27f7bdc0efccf4d07b0de4b3953ef8d9ea8e0531d9510,9413,,,true
P02_BLACK_B_000023,P02,BLACK,B,image_000023.jpg,training/P02/BLACK/B/images/image_000023.jpg,b3daae4b9ae70e7557b9fb08ba9d8b026151b1e1a1c5858df905b074cf4b14a6,9263,,,true
P02_BLACK_B_000024,P02,BLACK,B,image_000024.jpg,training/P02/BLACK/B/images/image_000024.jpg,67a1fa535bb445e105c9da4453275b149bb1a7f810eefbe3db1fd9b3a61fbf56,9103,,,true
P02_BLACK_B_000025,P02,BLACK,B,image_000025.jpg,training/P02/BLACK/B/images/image_000025.jpg,23ac15fb4be0a5a1fa582cb8fcd36b9e2b6f97df515401a8201d1ffe27beca8a,9078,,,true
P02_BLACK_C_000001,P02,BLACK,C,image_000001.jpg,training/P02/BLACK/C/images/image_000001.jpg,e8b1b716ce9a9ecc4b49110e0911709d69c1f769fa0a4f364abd4b1f414db9a6,9192,,,true
P02_BLACK_C_000002,P02,BLACK,C,image_000002.jpg,training/P02/BLACK/C/images/image_000002.jpg,2446653bb76c57ea77500d0409d97ba69f4cc5e88e977b0bb509f3a335251d63,8915,,,true
P02_BLACK_C_000003,P02,BLACK,C,image_000003.jpg,training/P02/BLACK/C/images/image_000003.jpg,fc14eb497701b7ce7a5e2a6fb6a301bf7a128602b45f1bea838f28c38955c89a,8877,,,true
P02_BLACK_C_000004,P02,BLACK,C,image_000004.jpg,training/P02/BLACK/C/images/image_000004.jpg,831a3c771bee4a15b01862eb772de941c28ef3ddc50dd507482d154ae3bcc13a,8058,,,true
P02_BLACK_C_000005,P02,BLACK,C,image_000005.jpg,training/P02/BLACK/C/images/image_000005.jpg,ea7ac00655a461b6b2aa887f3fcd7d21178a40eb9010b12e7758c8946617e534,8490,,,true
P02_BLACK_C_000006,P02,BLACK,C,image_000006.jpg,training/P02/BLACK/C/images/image_000006.jpg,e46e4b825b9b096d18fc67bb77ca5039cc10bc97f5223f8118fc8fdb4d74686d,7974,,,true
P02_BLACK_C_000007,P02,BLACK,C,image_000007.jpg,training/P02/BLACK/C/images/image_000007.jpg,9201da125a007021b36d7d791ae0d753d676fa9cf34967759348f7160fd3aae5,8550,,,true
P02_BLACK_C_000008,P02,BLACK,C,image_000008.jpg,training/P02/BLACK/C/images/image_000008.jpg,5336f1e2b4177304d2a39798223ad276a46d843d74a7afa1d998f5e167eb31c7,8009,,,true
P02_BLACK_C_000009,P02,BLACK,C,image_000009.jpg,training/P02/BLACK/C/images/image_000009.jpg,df76687f25884d9a491cae80dcd24c2761598538d250290d732f80361e7513ff,8169,,,true
P02_BLACK_C_000010,P02,BLACK,C,image_000010.jpg,training/P02/BLACK/C/images/image_000010.jpg,ebc0e52009764c1458c80d3dabad63b42d64eada95c18210a57339e88731946e,8251,,,true
P02_BLACK_C_000011,P02,BLACK,C,image_000011.jpg,training/P02/BLACK/C/images/image_000011.jpg,24b441b96998cc3c9cf94e579e7015b26fa91e0000af906ebd24cbcbe859f2a5,8587,,,true
P02_BLACK_C_000012,P02,BLACK,C,image_000012.jpg,training/P02/BLACK/C/images/image_000012.jpg,bd2a6ad7407390eaadcab877f8d01ed2a957aff0c208bf65b7f6caa0a6c134e5,9124,,,true
P02_BLACK_C_000013,P02,BLACK,C,image_000013.jpg,training/P02/BLACK/C/images/image_000013.jpg,1e686752133679c89732a5e7f99be021ee74dea383772053e4772b91139a2520,8828,,,true
P02_BLACK_C_000014,P02,BLACK,C,image_000014.jpg,training/P02/BLACK/C/images/image_000014.jpg,8c9550f24549a7185aaba59423d298e3c14be87dedb476573ba2c3d36f7f5a5d,9126,,,true
P02_BLACK_C_000015,P02,BLACK,C,image_000015.jpg,training/P02/BLACK/C/images/image_000015.jpg,c7450ea4aca979095242b34e25ea9ceddb55eee61492e04ac73b495713f4131c,7845,,,true
P02_BLACK_C_000016,P02,BLACK,C,image_000016.jpg,training/P02/BLACK/C/images/image_000016.jpg,455573f80a1ad410e25b6e73bf58c177c354c49a19fad48cbe38919cde7d72b1,8693,,,true
P02_BLACK_C_000017,P02,BLACK,C,image_000017.jpg,training/P02/BLACK/C/images/image_000017.jpg,c4b4828533d7e4c5c70670ae57b4d584403839f5fb75613d1f65dd625fe69d26,8130,,,true
P02_BLACK_C_000018,P02,BLACK,C,image_000018.jpg,training/P02/BLACK/C/images/image_000018.jpg,7ba8e4e1053ced3cf9c6de207e2915379363316b260656270740dfbc457dc349,8149,,,true
P02_BLACK_C_000019,P02,BLACK,C,image_000019.jpg,training/P02/BLACK/C/images/image_000019.jpg,2a35c12a0cca13de0ac10160fddcd5fb68e95ff36c3fbd742ac33f0eaab02f3f,8268,,,true
P02_BLACK_C_000020,P02,BLACK,C,image_000020.jpg,training/P02/BLACK/C/images/image_000020.jpg,f659a802ef6d8355f8fca6d7539a46c16e178f0594ef400ca54977c0438e8a1a,8156,,,true
P02_BLACK_C_000021,P02,BLACK,C,image_000021.jpg,training/P02/BLACK/C/images/image_000021.jpg,5ae643087bd8c83a174cff77025a956ffa8d6f142fd11570e23a2a8c557ea514,8801,,,true
P02_BLACK_C_000022,P02,BLACK,C,image_000022.jpg,training/P02/BLACK/C/images/image_000022.jpg,77d53a4a298954e7b17df5fd6585c9d11ee22f9878bcbf236f220dc828aab180,8859,,,true
P02_BLACK_C_000023,P02,BLACK,C,image_000023.jpg,training/P02/BLACK/C/images/image_000023.jpg,9cd9a0e1cb7ee1085e2a2cc4f8ac16ccff58f997f87e3443e2b78de6c13332a5,8672,,,true
P02_BLACK_C_000024,P02,BLACK,C,image_000024.jpg,training/P02/BLACK/C/images/image_000024.jpg,166e4ce4530cdc416456591e63f6340d4e207c30df7b3f45d90b10eeb23b3a2f,8346,,,true
P02_BLACK_C_000025,P02,BLACK,C,image_000025.jpg,training/P02/BLACK/C/images/image_000025.jpg,c7ba642d4680a7a01a59b37b8493652578eabc2ecb502bcccc1f81149fbe9724,8478,,,true
P02_BLACK_E_000001,P02,BLACK,E,image_000001.jpg,training/P02/BLACK/E/images/image_000001.jpg,a67c0484c9b07afc204c5e2f8e76ccc5265c54c4d274e9360c2d2809a9321fe2,6235,,,true
P02_BLACK_E_000002,P02,BLACK,E,image_000002.jpg,training/P02/BLACK/E/images/image_000002.jpg,f8163503f5fdc9a5a53196148ecce8dbf00e0737dfa955d498e211e018cc5c4e,6221,,,true
P02_BLACK_E_000003,P02,BLACK,E,image_000003.jpg,training/P02/BLACK/E/images/image_000003.jpg,921616a428dd48a1669829e694b28bb7b573153ec6aa8074d48e836f48e87c80,9286,,,true
P02_BLACK_E_000004,P02,BLACK,E,image_000004.jpg,training/P02/BLACK/E/images/image_000004.jpg,e80cf20b9001d6250b17e3f4d8775c7f311898eaad770ca4db3ba0d2fda7d5da,9231,,,true
P02_BLACK_E_000005,P02,BLACK,E,image_000005.jpg,training/P02/BLACK/E/images/image_000005.jpg,93a2871688ae8e3416cc710dea7a457a9a401963067d986836e6e03dce5cd1df,9275,,,true
P02_BLACK_E_000006,P02,BLACK,E,image_000006.jpg,training/P02/BLACK/E/images/image_000006.jpg,ffacc22f1408b6e785b91aecd49b98395d5e5c89779b205299ee44c0075986e0,9113,,,true
P02_BLACK_E_000007,P02,BLACK,E,image_000007.jpg,training/P02/BLACK/E/images/image_000007.jpg,fc53b89d7eb0ac1b2f90473d2ead309ec4e88e5ccd706639eaddcbd16bf63093,9017,,,true
P02_BLACK_E_000008,P02,BLACK,E,image_000008.jpg,training/P02/BLACK/E/images/image_000008.jpg,b1f5d1e511e984f9fb1fcc610c1cbcd98e25fce48b405ed692833c8546c41803,9582,,,true
P02_BLACK_E_000009,P02,BLACK,E,image_000009.jpg,training/P02/BLACK/E/images/image_000009.jpg,79fffb1520613709ae7eabd422f7cb99e643747292e3f091758418ed836f66a3,9742,,,true
P02_BLACK_E_000010,P02,BLACK,E,image_000010.jpg,training/P02/BLACK/E/images/image_000010.jpg,17a5d00346a32184d4401f48c7c9f335b823a61f8e43ada6762358b1f436572f,9181,,,true
P02_BLACK_E_000011,P02,BLACK,E,image_000011.jpg,training/P02/BLACK/E/images/image_000011.jpg,43ecc185ff49f505f0d2e4f43d933fdc7624498e39ed4beab2dcd93d9184c2fc,9246,,,true
P02_BLACK_E_000012,P02,BLACK,E,image_000012.jpg,training/P02/BLACK/E/images/image_000012.jpg,536f7ceef8707f543ee6d2763b80785bce75cc6970fd450e96fa1491935c0970,9551,,,true
P02_BLACK_E_000013,P02,BLACK,E,image_000013.jpg,training/P02/BLACK/E/images/image_000013.jpg,f6a9cbbd53e52bc51796f661db7238579552a32445f71cb104ca159edbe9c1ae,9618,,,true
P02_BLACK_E_000014,P02,BLACK,E,image_000014.jpg,training/P02/BLACK/E/images/image_000014.jpg,d4ae7a498b5be48176207b96f1153b5ea01ed218836d72acc96f0a9608cc680e,9291,,,true
P02_BLACK_E_000015,P02,BLACK,E,image_000015.jpg,training/P02/BLACK/E/images/image_000015.jpg,25c820768145e8d79c66cd1fb133f1c9b2feb7e70ab366a27fe4c8a95ca93aa3,9533,,,true
P02_BLACK_E_000016,P02,BLACK,E,image_000016.jpg,training/P02/BLACK/E/images/image_000016.jpg,6cc140aab29c12ebb7897d28b9760a6117c8a552a98ad59defe0dd42530ee370,9367,,,true
P02_BLACK_E_000017,P02,BLACK,E,image_000017.jpg,training/P02/BLACK/E/images/image_000017.jpg,6ceb10a63d9f8f487e9447e65c97e7c6959a2ffac31e7bb2c4a0ac09360e5abc,9173,,,true
P02_BLACK_E_000018,P02,BLACK,E,image_000018.jpg,training/P02/BLACK/E/images/image_000018.jpg,c7bd1f0e248099e45dc4900a81baf086ac3101597a30dde969addbc38063cd92,9177,,,true
P02_BLACK_E_000019,P02,BLACK,E,image_000019.jpg,training/P02/BLACK/E/images/image_000019.jpg,61ab3e42620c118de3db9eaa6dc5ae6933e6e1ab54bec5a9df96907d32d61e60,9276,,,true
P02_BLACK_E_000020,P02,BLACK,E,image_000020.jpg,training/P02/BLACK/E/images/image_000020.jpg,165c92abfcc2fab57e9263d236c4b2179cc47e07da6d8138e8097a55907cdd33,9408,,,true
P02_BLACK_E_000021,P02,BLACK,E,image_000021.jpg,training/P02/BLACK/E/images/image_000021.jpg,6fd78317266f9568f34881326598f6d05393cd1a1e37313c206507dc7b7d4857,8558,,,true
P02_BLACK_E_000022,P02,BLACK,E,image_000022.jpg,training/P02/BLACK/E/images/image_000022.jpg,4b7eef88635a3e20fc00cfecc2134daeb64b783f7b27494ef9f71a8e570767a9,10299,,,true
P02_BLACK_E_000023,P02,BLACK,E,image_000023.jpg,training/P02/BLACK/E/images/image_000023.jpg,58baa0a019aeca810c82bca2f9460811d4e9a63825e40a6885d06a0c2ee7a75b,9646,,,true
P02_BLACK_E_000024,P02,BLACK,E,image_000024.jpg,training/P02/BLACK/E/images/image_000024.jpg,cbad365bc1b63a5a71ae4200a5904ba1269316ff9265ab04ffd9c5153df4915c,9178,,,true
P02_BLACK_E_000025,P02,BLACK,E,image_000025.jpg,training/P02/BLACK/E/images/image_000025.jpg,2980631c71b14970ff3019e973ba26d1efc48dde3c97ab9c4c73616a6023df37,9463,,,true
P02_BLACK_I_000001,P02,BLACK,I,image_000001.jpg,training/P02/BLACK/I/images/image_000001.jpg,8746251cbc62fe003f0cc638b4ee4acc113d8668958d4de512ef2556627d6dcf,8522,,,true
P02_BLACK_I_000002,P02,BLACK,I,image_000002.jpg,training/P02/BLACK/I/images/image_000002.jpg,c42a8951e970eff0f28cb8c6341916282a9a4e3e29cf95196d08784391cda6c7,8905,,,true
P02_BLACK_I_000003,P02,BLACK,I,image_000003.jpg,training/P02/BLACK/I/images/image_000003.jpg,21d0b6ad7b887cfe400606246a003ac1ac6accd4f08d3508c3ceb0f8df89d17a,9075,,,true
P02_BLACK_I_000004,P02,BLACK,I,image_000004.jpg,training/P02/BLACK/I/images/image_000004.jpg,44ddee3078d930d970938778f94daa36ea439da46ef61b3d4ce2eb2f8cc6e731,9101,,,true
P02_BLACK_I_000005,P02,BLACK,I,image_000005.jpg,training/P02/BLACK/I/images/image_000005.jpg,6506bca907e11833a0e46f4273dcf58bcea9b01e1cf65b6bd0cdacbeb9051bb3,8126,,,true
P02_BLACK_I_000006,P02,BLACK,I,image_000006.jpg,training/P02/BLACK/I/images/image_000006.jpg,5a2efa513ad3c354fef4ee46550e43a8cd04a8d055237075de5cec454856c349,8627,,,true
P02_BLACK_I_000007,P02,BLACK,I,image_000007.jpg,training/P02/BLACK/I/images/image_000007.jpg,61bde38ca937a97c37f60f57c5afbfbfade5e014d6056149a02ae1aec1031341,8520,,,true
P02_BLACK_I_000008,P02,BLACK,I,image_000008.jpg,training/P02/BLACK/I/images/image_000008.jpg,a3cbe387a9207bae51db0a4e506edb209cf155e5bda9b6e54f63dd27e7cb8c39,9629,,,true
P02_BLACK_I_000009,P02,BLACK,I,image_000009.jpg,training/P02/BLACK/I/images/image_000009.jpg,a50d5ec13d2d87001d23ad3d67f7c144a30be79c10cba443fd72e0e2205efb4e,9774,,,true
P02_BLACK_I_000010,P02,BLACK,I,image_000010.jpg,training/P02/BLACK/I/images/image_000010.jpg,27f2638fd322c471ed9f4f84123b88c1a336e261f00620fbd597b19941cfe958,9339,,,true
P02_BLACK_I_000011,P02,BLACK,I,image_000011.jpg,training/P02/BLACK/I/images/image_000011.jpg,22b54c9e331bdb8c4165706f83e34c9fccb78b91b3e30d5974b9380c8b039367,9708,,,true
P02_BLACK_I_000012,P02,BLACK,I,image_000012.jpg,training/P02/BLACK/I/images/image_000012.jpg,6d0aed8148098dc430dcab9c5ce6d9f5e46005903b6b7e9fd24b86f95ef52875,8433,,,true
P02_BLACK_I_000013,P02,BLACK,I,image_000013.jpg,training/P02/BLACK/I/images/image_000013.jpg,1d9a961758188136037c69ea548c749be467b4bbb095a5175ea792b640847825,8154,,,true
P02_BLACK_I_000014,P02,BLACK,I,image_000014.jpg,training/P02/BLACK/I/images/image_000014.jpg,6e7a973b0abb1f9009add9cc2dda0839688c2b9d901f432692a6f5b8f5909ce2,9308,,,true
P02_BLACK_I_000015,P02,BLACK,I,image_000015.jpg,training/P02/BLACK/I/images/image_000015.jpg,49c3edf9ad9bdd5768cb5606cd69671a5f15e42ae8556c2c2ded197635d203c9,9375,,,true
P02_BLACK_I_000016,P02,BLACK,I,image_000016.jpg,training/P02/BLACK/I/images/image_000016.jpg,34222491f7b61e73637540ca44a60f4126206a680d1b76954fd61470e24adfef,7546,,,true
P02_BLACK_I_000017,P02,BLACK,I,image_000017.jpg,training/P02/BLACK/I/images/image_000017.jpg,8b103759458528a3c300b3637f2ae996be79a0354f86cb0bb5ef266b54dd4225,9191,,,true
P02_BLACK_I_000018,P02,BLACK,I,image_000018.jpg,training/P02/BLACK/I/images/image_000018.jpg,e9960b7c1e2cc0d89343f2e06a0486286b3a85b8347a88260efda7ef940df4f6,9776,,,true
P02_BLACK_I_000019,P02,BLACK,I,image_000019.jpg,training/P02/BLACK/I/images/image_000019.jpg,9d062d43262599ed4d5ea0479bb8aee4eb3956c9e0859a1e9a9272a7647a7f09,8717,,,true
P02_BLACK_I_000020,P02,BLACK,I,image_000020.jpg,training/P02/BLACK/I/images/image_000020.jpg,270e3d4d12fb3921364cedd703db9849213f2c9cfe8473774a9ca0f8b1b6070e,8762,,,true
P02_BLACK_I_000021,P02,BLACK,I,image_000021.jpg,training/P02/BLACK/I/images/image_000021.jpg,254686a537df4d92334eb2351dbcdff9351a26a2665a25c3b57a85abe35727a4,9128,,,true
P02_BLACK_I_000022,P02,BLACK,I,image_000022.jpg,training/P02/BLACK/I/images/image_000022.jpg,b396b0b2cdaa44fea4373efeaba07d055b2ccd6f3e653ecf03c8ebc162dad12f,8608,,,true
P02_BLACK_I_000023,P02,BLACK,I,image_000023.jpg,training/P02/BLACK/I/images/image_000023.jpg,11dea7975b4366b77f9212886f33c20c46c48425e3bfa85e563f64c70e89ba20,8547,,,true
P02_BLACK_I_000024,P02,BLACK,I,image_000024.jpg,training/P02/BLACK/I/images/image_000024.jpg,4506022653f7b400c6a2658552acf11446e9905f03e220ae8be6ae40927ef354,8719,,,true
P02_BLACK_I_000025,P02,BLACK,I,image_000025.jpg,training/P02/BLACK/I/images/image_000025.jpg,3f81ef533f41492e0fdbda22889d52cc80d3dece2ce412ac5716f2657e5265c7,8462,,,true
P02_BLACK_L_000001,P02,BLACK,L,image_000001.jpg,training/P02/BLACK/L/images/image_000001.jpg,7dde8b0ab0bf5124abcdbbc3cecb592d61900d31002b12eeb331d95edf8bc478,9685,,,true
P02_BLACK_L_000002,P02,BLACK,L,image_000002.jpg,training/P02/BLACK/L/images/image_000002.jpg,8e6c7e3424640745bd1cfd4aed3794d2691047674ebf61739b15c13d50948fb3,9683,,,true
P02_BLACK_L_000003,P02,BLACK,L,image_000003.jpg,training/P02/BLACK/L/images/image_000003.jpg,34f3fc9e2098b68a48e344d6342c91d9e9409929cf296ab8a78e90282207e4b8,9142,,,true
P02_BLACK_L_000004,P02,BLACK,L,image_000004.jpg,training/P02/BLACK/L/images/image_000004.jpg,d9a727adb9d654dbc76bf99eb083bcae561e77207be65b3d168c2e43aca11a31,8868,,,true
P02_BLACK_L_000005,P02,BLACK,L,image_000005.jpg,training/P02/BLACK/L/images/image_000005.jpg,8b14287b2bef14431551aa64054235015116070a0dd7516f6f24481d5ffc4eeb,8600,,,true
P02_BLACK_L_000006,P02,BLACK,L,image_000006.jpg,training/P02/BLACK/L/images/image_000006.jpg,fe3a26e0646b1bfb5ecc82d7659a37b5c1b1b5b8aec6d70e6405b7c0e785c573,8822,,,true
P02_BLACK_L_000007,P02,BLACK,L,image_000007.jpg,training/P02/BLACK/L/images/image_000007.jpg,0ed8079adc3d4f899d0cbb765040107a29815a8cc8eb26d79cd3185d0b273555,9256,,,true
P02_BLACK_L_000008,P02,BLACK,L,image_000008.jpg,training/P02/BLACK/L/images/image_000008.jpg,6076da9256386295ded0ea7dd57d699c583eabc526c31436971c81102bdc0943,9437,,,true
P02_BLACK_L_000009,P02,BLACK,L,image_000009.jpg,training/P02/BLACK/L/images/image_000009.jpg,25e178b9296a44aabb057d8a753ff23df5942926e39a2b6cff936650b51763f2,8494,,,true
P02_BLACK_L_000010,P02,BLACK,L,image_000010.jpg,training/P02/BLACK/L/images/image_000010.jpg,6374fdb48fe3e91c879b66dfea921ac2cbe7877bf7752608131ccdd6cd4fce84,8892,,,true
P02_BLACK_L_000011,P02,BLACK,L,image_000011.jpg,training/P02/BLACK/L/images/image_000011.jpg,310a6a588bb7a968bc1c27e1b0efbf6d3f9ca83d7bf9659564a6ce1698fc8fd1,8930,,,true
P02_BLACK_L_000012,P02,BLACK,L,image_000012.jpg,training/P02/BLACK/L/images/image_000012.jpg,c8ed6ee3993ca685e45156f4a194de02238d995e68226255506815df6d30d6b9,8954,,,true
P02_BLACK_L_000013,P02,BLACK,L,image_000013.jpg,training/P02/BLACK/L/images/image_000013.jpg,9d4170846b710c90803c7cc134f6cf54c12c1857f30ce88596f5f4690a970ea8,9592,,,true
P02_BLACK_L_000014,P02,BLACK,L,image_000014.jpg,training/P02/BLACK/L/images/image_000014.jpg,0be258eddb90e39d4d49e2a616db7e8f93932d0169c39b9bc09b3bb85bad3064,9292,,,true
P02_BLACK_L_000015,P02,BLACK,L,image_000015.jpg,training/P02/BLACK/L/images/image_000015.jpg,cfc14268a74a6d0332671e78cd1439aed10ae548123661c50bbaeb4fac708e43,9210,,,true
P02_BLACK_L_000016,P02,BLACK,L,image_000016.jpg,training/P02/BLACK/L/images/image_000016.jpg,004bd725461af798bc41377941bebdcf3adbec37d20e6c96a0f67e2dce827345,9025,,,true
P02_BLACK_L_000017,P02,BLACK,L,image_000017.jpg,training/P02/BLACK/L/images/image_000017.jpg,94ce0c0226169396aa0f78c8501b2cb8891866c7fad7a8686344e69afae6f989,8911,,,true
P02_BLACK_L_000018,P02,BLACK,L,image_000018.jpg,training/P02/BLACK/L/images/image_000018.jpg,0783fa6780fe3ed4a2cd5a9c4077a67e35827a2eb29737ca461ca43de666a00b,8806,,,true
P02_BLACK_L_000019,P02,BLACK,L,image_000019.jpg,training/P02/BLACK/L/images/image_000019.jpg,f996db1c88bb7066799423face8fb3bb39074376fa70e30e10035b7176c2a241,9330,,,true
P02_BLACK_L_000020,P02,BLACK,L,image_000020.jpg,training/P02/BLACK/L/images/image_000020.jpg,2fd02c06fab82b5e493525d07ac324f3a7ef52424b3e469eb2bfe91a5b871c74,9319,,,true
P02_BLACK_L_000021,P02,BLACK,L,image_000021.jpg,training/P02/BLACK/L/images/image_000021.jpg,9d964a9dedd49b2aaf3180d5f328c5e82f53b4db5537b577612b4928cf6992c0,9676,,,true
P02_BLACK_L_000022,P02,BLACK,L,image_000022.jpg,training/P02/BLACK/L/images/image_000022.jpg,8a8ebed7bc69bf5bf8987cc1aa66cb83ceb80fd4fff733bb72533e7c89ed0b31,8475,,,true
P02_BLACK_L_000023,P02,BLACK,L,image_000023.jpg,training/P02/BLACK/L/images/image_000023.jpg,72f4e54b4c2ae7e053b239ea20fa9eb843c632de8536fb13b3ec4035f6dca85e,8440,,,true
P02_BLACK_L_000024,P02,BLACK,L,image_000024.jpg,training/P02/BLACK/L/images/image_000024.jpg,452c7eec143d62d220cbd077eb840a2131a6646e393890583701f5fbeaa4cee8,8388,,,true
P02_BLACK_L_000025,P02,BLACK,L,image_000025.jpg,training/P02/BLACK/L/images/image_000025.jpg,f0af3f2b7057a003442b14977b4140d78ab6fd58c37a212525838e5a2f42f5da,8703,,,true
P02_BLACK_M_000001,P02,BLACK,M,image_000001.jpg,training/P02/BLACK/M/images/image_000001.jpg,b1159db336ca1ca698bdc63fd34613daa14a0d5c681dc8b89f6f0c2a1ac8000d,8831,,,true
P02_BLACK_M_000002,P02,BLACK,M,image_000002.jpg,training/P02/BLACK/M/images/image_000002.jpg,160b500a2db0fb5d96d50ac9f99ead347913a339850d77bda8279846dc65cad2,8535,,,true
P02_BLACK_M_000003,P02,BLACK,M,image_000003.jpg,training/P02/BLACK/M/images/image_000003.jpg,2b850907d5adf0884b35af4766b3a9ce01a1881ed0fc72e3ce166d9c3fcfe4f8,9031,,,true
P02_BLACK_M_000004,P02,BLACK,M,image_000004.jpg,training/P02/BLACK/M/images/image_000004.jpg,7e2a89e8d9438f1a1f176fea9739ae5d36feb72d0fa5793eb88000811f08a550,8576,,,true
P02_BLACK_M_000005,P02,BLACK,M,image_000005.jpg,training/P02/BLACK/M/images/image_000005.jpg,6214af9e83f83fed30cd177120b4229a7f17775e6368e8016f8b09ee49fd33cc,8303,,,true
P02_BLACK_M_000006,P02,BLACK,M,image_000006.jpg,training/P02/BLACK/M/images/image_000006.jpg,7f21356f879b15058752e3accc1e0b467ec7ee153db57b04f03ba5a9e4b6c6ac,7861,,,true
P02_BLACK_M_000007,P02,BLACK,M,image_000007.jpg,training/P02/BLACK/M/images/image_000007.jpg,a37d1ddee804cc97a8e048e4b3a2580bfd8537faa4f0855a8a6374bb87cbb3be,8259,,,true
P02_BLACK_M_000008,P02,BLACK,M,image_000008.jpg,training/P02/BLACK/M/images/image_000008.jpg,3afa14870d70f16d3951a99e42d930e391d0dad1ccf1dbeb59cdb974c4a5aed0,8524,,,true
P02_BLACK_M_000009,P02,BLACK,M,image_000009.jpg,training/P02/BLACK/M/images/image_000009.jpg,7856f16240983837f46bd5fe0e49b0ffcae2bc431c046fef4774b54cdeb1f226,8417,,,true
P02_BLACK_M_000010,P02,BLACK,M,image_000010.jpg,training/P02/BLACK/M/images/image_000010.jpg,bfe8e776d6ded947d35be3da385a9a7bebe6597756b00a5d882f9a2446e27046,8564,,,true
P02_BLACK_M_000011,P02,BLACK,M,image_000011.jpg,training/P02/BLACK/M/images/image_000011.jpg,94a85cb6d7d64349992777cad393c39c56f0d4497df0b7fc7cef0fec4fb8be1b,9178,,,true
P02_BLACK_M_000012,P02,BLACK,M,image_000012.jpg,training/P02/BLACK/M/images/image_000012.jpg,f09a49c2d3cc6a9d6fcb1219b7f3ad8dd539cd069e6c742d7fe000ddf633daed,8661,,,true
P02_BLACK_M_000013,P02,BLACK,M,image_000013.jpg,training/P02/BLACK/M/images/image_000013.jpg,4f1c3e81ae7049eb795a9c120b819f77f38832e5d8a2e10823926a76a2ae3948,8362,,,true
P02_BLACK_M_000014,P02,BLACK,M,image_000014.jpg,training/P02/BLACK/M/images/image_000014.jpg,ef0dbf0a465cf782a292776572a53f0abebac087688f74ff492b1b9e8e7e7a05,8247,,,true
P02_BLACK_M_000015,P02,BLACK,M,image_000015.jpg,training/P02/BLACK/M/images/image_000015.jpg,345fb7504bbef27756db1a0aba1669ac595ae3bb1aaf69c9d73378692816a413,8320,,,true
P02_BLACK_M_000016,P02,BLACK,M,image_000016.jpg,training/P02/BLACK/M/images/image_000016.jpg,026733891b26a103c32951a5e548c0280c30fbd636b5f457c79bc13734695afe,8256,,,true
P02_BLACK_M_000017,P02,BLACK,M,image_000017.jpg,training/P02/BLACK/M/images/image_000017.jpg,c05c3d847ae8053bce1b1ce1f5aaacdcbb753de8f116c67572f9a3dd6e08f464,8541,,,true
P02_BLACK_M_000018,P02,BLACK,M,image_000018.jpg,training/P02/BLACK/M/images/image_000018.jpg,c38d87f213e8ceb8a7c0895122a0fe84da622ca4b15ff28fc69374d99f626b88,8650,,,true
P02_BLACK_M_000019,P02,BLACK,M,image_000019.jpg,training/P02/BLACK/M/images/image_000019.jpg,540ec22bcbc285fd5b92b95cff30c106ab4378417f71614a9f80f900dc001a58,8717,,,true
P02_BLACK_M_000020,P02,BLACK,M,image_000020.jpg,training/P02/BLACK/M/images/image_000020.jpg,81aebb8b9475f4e64f63b702a97cbcc60cc7cfc0a73f550d5862670566d25fe5,8367,,,true
P02_BLACK_M_000021,P02,BLACK,M,image_000021.jpg,training/P02/BLACK/M/images/image_000021.jpg,12aba044c137d42116bf352105c34934b8f3c40a0722135f68acb42dac23fdf6,8135,,,true
P02_BLACK_M_000022,P02,BLACK,M,image_000022.jpg,training/P02/BLACK/M/images/image_000022.jpg,4a9129190cc9bc1abb6eab08428f6336b3a384f4a91db6d49b1284febb813008,8824,,,true
P02_BLACK_M_000023,P02,BLACK,M,image_000023.jpg,training/P02/BLACK/M/images/image_000023.jpg,236367424acee2f0a5b72b8c9526e5b00d6fac95361ce335ef7d0f63398ff3c4,8357,,,true
P02_BLACK_M_000024,P02,BLACK,M,image_000024.jpg,training/P02/BLACK/M/images/image_000024.jpg,f7970287dde34a46d04a1651bf66724337fda2ace9775bce4550a9e3a5a041fa,8640,,,true
P02_BLACK_M_000025,P02,BLACK,M,image_000025.jpg,training/P02/BLACK/M/images/image_000025.jpg,aac9166d0665e99138cbd5c73ee2f0e06d729e54b7151d05fdaa667a52b0fd07,8945,,,true
P02_BLACK_N_000001,P02,BLACK,N,image_000001.jpg,training/P02/BLACK/N/images/image_000001.jpg,253a638be2adb577e72a4a76468f6b43ee20c7af8c8db9f8854c89dca40f6ce0,9535,,,true
P02_BLACK_N_000002,P02,BLACK,N,image_000002.jpg,training/P02/BLACK/N/images/image_000002.jpg,c0b98bbb10be58d03ff844cb7c81cbba21374a565270c9272dda5c95ff8be181,9771,,,true
P02_BLACK_N_000003,P02,BLACK,N,image_000003.jpg,training/P02/BLACK/N/images/image_000003.jpg,eb37bca7542cd96dec494bd40832164fe085fa899cbd1c462952e91be489c2d5,9873,,,true
P02_BLACK_N_000004,P02,BLACK,N,image_000004.jpg,training/P02/BLACK/N/images/image_000004.jpg,31c65a737060a3cf1f8b2fafaab289883aa4188078b35a071fd282b74979245a,10120,,,true
P02_BLACK_N_000005,P02,BLACK,N,image_000005.jpg,training/P02/BLACK/N/images/image_000005.jpg,0c6565eead00ae914890c24bf56c10580610acd0be8f623f48065e9e9adb2b61,9991,,,true
P02_BLACK_N_000006,P02,BLACK,N,image_000006.jpg,training/P02/BLACK/N/images/image_000006.jpg,68bfa510c32e1c07af25a9dc741606b70e18d0717c915bb4a6327c40123f760b,9762,,,true
P02_BLACK_N_000007,P02,BLACK,N,image_000007.jpg,training/P02/BLACK/N/images/image_000007.jpg,ec1ada6be3a009d3ae76ade472cf43166beb316080b2287183247481fdbced36,9983,,,true
P02_BLACK_N_000008,P02,BLACK,N,image_000008.jpg,training/P02/BLACK/N/images/image_000008.jpg,f1a8b6776446ccb93aed9b4021956d60922fb62f6bc220a97b94d05894bd4612,9794,,,true
P02_BLACK_N_000009,P02,BLACK,N,image_000009.jpg,training/P02/BLACK/N/images/image_000009.jpg,6854347e2515edd54cfccfd9b279169323c5e3d910abe7c88991355c3512c04a,10048,,,true
P02_BLACK_N_000010,P02,BLACK,N,image_000010.jpg,training/P02/BLACK/N/images/image_000010.jpg,4cbb93fb3150b79ce49477c2fe5a23dc5198c748ddca2ef50875f829ee5d92ce,9578,,,true
P02_BLACK_N_000011,P02,BLACK,N,image_000011.jpg,training/P02/BLACK/N/images/image_000011.jpg,24b7541fe4016fdb40c30277e5a0ef7a14cde3774c6638974cd1554c37598adb,9856,,,true
P02_BLACK_N_000012,P02,BLACK,N,image_000012.jpg,training/P02/BLACK/N/images/image_000012.jpg,aeb3af062a885642a5ccfff9d4277fe02ca1bb471680421179115acf6110b922,10182,,,true
P02_BLACK_N_000013,P02,BLACK,N,image_000013.jpg,training/P02/BLACK/N/images/image_000013.jpg,f021de49ff6dac450efe5cd7bc5611362c2f10e111a09e4b920a21b9449b1ab5,9777,,,true
P02_BLACK_N_000014,P02,BLACK,N,image_000014.jpg,training/P02/BLACK/N/images/image_000014.jpg,04d0ff1216861e77f41e446e7c0e194133c6738b779556a157b107de91b3dd6b,9868,,,true
P02_BLACK_N_000015,P02,BLACK,N,image_000015.jpg,training/P02/BLACK/N/images/image_000015.jpg,5306fb9795811365de1644ee3cda715bf9f48d3f74a9b464d384932f734d7d10,9629,,,true
P02_BLACK_N_000016,P02,BLACK,N,image_000016.jpg,training/P02/BLACK/N/images/image_000016.jpg,8aaae6e1df3ba445a485d29d678e305fa7a0221622d655c8281d5a5fc90ce2df,9571,,,true
P02_BLACK_N_000017,P02,BLACK,N,image_000017.jpg,training/P02/BLACK/N/images/image_000017.jpg,5454772bcddc4a7b6b43c1b8697e4a29f73723711a953234269a83673005a820,9544,,,true
P02_BLACK_N_000018,P02,BLACK,N,image_000018.jpg,training/P02/BLACK/N/images/image_000018.jpg,05e02fc60ea396c2222591e0ea435982e2764aab33f19fee1bf4c152e9449b33,9526,,,true
P02_BLACK_N_000019,P02,BLACK,N,image_000019.jpg,training/P02/BLACK/N/images/image_000019.jpg,bba83dd9563f5d087df08327dc47b45187229546104cc676394e9fd660cab14a,8850,,,true
P02_BLACK_N_000020,P02,BLACK,N,image_000020.jpg,training/P02/BLACK/N/images/image_000020.jpg,880599d08effa9f238c9f74c55ab841d3d0f8eaf3e12cc31d375bce4a8464449,8397,,,true
P02_BLACK_N_000021,P02,BLACK,N,image_000021.jpg,training/P02/BLACK/N/images/image_000021.jpg,c4c54835481337f8dd13b511ba09bc481cb52b999892b1d1c07ee238fec50193,9563,,,true
P02_BLACK_N_000022,P02,BLACK,N,image_000022.jpg,training/P02/BLACK/N/images/image_000022.jpg,def4834cd288c9a6d02f1e512ce8c3059c426238cf30e9b0224fc0aefb2172e4,9678,,,true
P02_BLACK_N_000023,P02,BLACK,N,image_000023.jpg,training/P02/BLACK/N/images/image_000023.jpg,eaaf8ff9cbe79045a9c1c6695fd95fbc155cf275dced8366203bb77a35b732f0,9285,,,true
P02_BLACK_N_000024,P02,BLACK,N,image_000024.jpg,training/P02/BLACK/N/images/image_000024.jpg,374ac3b9cc3cb78070032d9b0bdc451f4a726c6bfe633c128a6381c887d39964,9775,,,true
P02_BLACK_N_000025,P02,BLACK,N,image_000025.jpg,training/P02/BLACK/N/images/image_000025.jpg,4c27e22ef651857995b1c66eb8867b56605f0809d7ec1c9164a0162bf9a12bca,9972,,,true
P02_BLACK_O_000001,P02,BLACK,O,image_000001.jpg,training/P02/BLACK/O/images/image_000001.jpg,65df7ad30a42f39fde0163716b469fc7e805a1dbc2aec66dafa920539b3f75a1,9272,,,true
P02_BLACK_O_000002,P02,BLACK,O,image_000002.jpg,training/P02/BLACK/O/images/image_000002.jpg,fddf9dcc1d6ea38e70649dda7e9bbc4f959a0789eb4d7c66f2ca196d4c7e6c35,9067,,,true
P02_BLACK_O_000003,P02,BLACK,O,image_000003.jpg,training/P02/BLACK/O/images/image_000003.jpg,b4a750125121d6333d319da0dcd827b4d40fd84f72d46b7b0d8d8dd94418f02c,9334,,,true
P02_BLACK_O_000004,P02,BLACK,O,image_000004.jpg,training/P02/BLACK/O/images/image_000004.jpg,b3b697bff3a83b88cc5370865ab9169663fd8330d8aaac5d9accf0d08d4961bf,9607,,,true
P02_BLACK_O_000005,P02,BLACK,O,image_000005.jpg,training/P02/BLACK/O/images/image_000005.jpg,35e5f417c7decc9371c8243dd7d8188abddbbc06733071211c324614cdf8baf0,9508,,,true
P02_BLACK_O_000006,P02,BLACK,O,image_000006.jpg,training/P02/BLACK/O/images/image_000006.jpg,42e9d8b9a39dd68ffaa814eaa4a45bd51dfb06617f6caff6d1ea09decdfdff08,9729,,,true
P02_BLACK_O_000007,P02,BLACK,O,image_000007.jpg,training/P02/BLACK/O/images/image_000007.jpg,7a6d5e363872e6d7583e4be9b2a5361ae75673e2f03212740bb2016573d8b943,9407,,,true
P02_BLACK_O_000008,P02,BLACK,O,image_000008.jpg,training/P02/BLACK/O/images/image_000008.jpg,8f31c270acda4f1190eeafac39855c65e9ba9654dcce3660a1f59388820f11d7,8946,,,true
P02_BLACK_O_000009,P02,BLACK,O,image_000009.jpg,training/P02/BLACK/O/images/image_000009.jpg,6544d2fcf5d5b927b5eb65d1cdfd8727338ae87ec88fa2ddd44e52435f1b1a16,9269,,,true
P02_BLACK_O_000010,P02,BLACK,O,image_000010.jpg,training/P02/BLACK/O/images/image_000010.jpg,3fdd50a3fb303b69de08946106579e0a2f7d83f5009cd967cdc0ede67c5cc3f7,9433,,,true
P02_BLACK_O_000011,P02,BLACK,O,image_000011.jpg,training/P02/BLACK/O/images/image_000011.jpg,b4061ed8f127a1b921fc50c1f288fac27a4671b20ef1c43b02815365f8cfab37,9424,,,true
P02_BLACK_O_000012,P02,BLACK,O,image_000012.jpg,training/P02/BLACK/O/images/image_000012.jpg,7c39c2d20aa7f32f5cbeb9a76013c95e4c3bba594ad1c310db62f49d0d6a4c97,9529,,,true
P02_BLACK_O_000013,P02,BLACK,O,image_000013.jpg,training/P02/BLACK/O/images/image_000013.jpg,e096d09fce26b5c357553ce23789f3949cffc1afdd27b4c626e20536e5a89d4a,9501,,,true
P02_BLACK_O_000014,P02,BLACK,O,image_000014.jpg,training/P02/BLACK/O/images/image_000014.jpg,695fd52bd7e5f9ca835aa322fe801dab2cd34f3cac1904bb4d36a911c8a1f34b,9368,,,true
P02_BLACK_O_000015,P02,BLACK,O,image_000015.jpg,training/P02/BLACK/O/images/image_000015.jpg,006e06e10fdd6eb24d99f49112ec2c50d3ebe132553afd939f9fd21fa9c68e45,9304,,,true
P02_BLACK_O_000016,P02,BLACK,O,image_000016.jpg,training/P02/BLACK/O/images/image_000016.jpg,ceed86002919145c331fed4d687fa3ce1771b2a420cf4c1edf0b4d804a00c53c,9141,,,true
P02_BLACK_O_000017,P02,BLACK,O,image_000017.jpg,training/P02/BLACK/O/images/image_000017.jpg,c9503ddfa24c17921e4adbfff070d6f1d8e22d676abbca93cddc65ff8bd25e25,9250,,,true
P02_BLACK_O_000018,P02,BLACK,O,image_000018.jpg,training/P02/BLACK/O/images/image_000018.jpg,3061a0c7ce071438bdf562593b9098c5619e6afe892f41667e4817116cc87d26,8874,,,true
P02_BLACK_O_000019,P02,BLACK,O,image_000019.jpg,training/P02/BLACK/O/images/image_000019.jpg,3552caedc942dca174857d8ef30ebd617876bdc0cb111aa617eaa270a3e05dad,8899,,,true
P02_BLACK_O_000020,P02,BLACK,O,image_000020.jpg,training/P02/BLACK/O/images/image_000020.jpg,ce237f188067420d6aeda3264cc0a81667173c945e6d337df2999b6d5d6a2214,8416,,,true
P02_BLACK_O_000021,P02,BLACK,O,image_000021.jpg,training/P02/BLACK/O/images/image_000021.jpg,a98743cfc4f8d17a6c86bb6d97f5f63c321b7583859652bca185a418d7b61ccd,9123,,,true
P02_BLACK_O_000022,P02,BLACK,O,image_000022.jpg,training/P02/BLACK/O/images/image_000022.jpg,22b2d142152afb3e7743ee82b14819e02ea0b4d469d48ddf7a0d5d4a51f4be0a,9303,,,true
P02_BLACK_O_000023,P02,BLACK,O,image_000023.jpg,training/P02/BLACK/O/images/image_000023.jpg,cb82a5b187bc4df4736959e785bd009d6e546b9b84bc450236ef8408026a8d48,9817,,,true
P02_BLACK_O_000024,P02,BLACK,O,image_000024.jpg,training/P02/BLACK/O/images/image_000024.jpg,8c03b17c1bc43069375e2d37da3fb83c293b672526bf9e2604a61cf51e7b4c6f,9565,,,true
P02_BLACK_O_000025,P02,BLACK,O,image_000025.jpg,training/P02/BLACK/O/images/image_000025.jpg,d07a55e938c540aac6c9d3b6126b28a9ef7e9855d178970230af84e7cf45ef44,9235,,,true
P02_BLACK_P_000001,P02,BLACK,P,image_000001.jpg,training/P02/BLACK/P/images/image_000001.jpg,deff83621530fd9d57ff3f1787a74d2a5951566f5412aa670bf5f12961b2fe52,9050,,,true
P02_BLACK_P_000002,P02,BLACK,P,image_000002.jpg,training/P02/BLACK/P/images/image_000002.jpg,def47685a4665a661513e4da076d5386f1c16d30934f450c02d94bf4cc49b4aa,9121,,,true
P02_BLACK_P_000003,P02,BLACK,P,image_000003.jpg,training/P02/BLACK/P/images/image_000003.jpg,5b7164f6313a0b448b880be159393f9d149a4aa5466a04288a7706e3e3683d0d,9164,,,true
P02_BLACK_P_000004,P02,BLACK,P,image_000004.jpg,training/P02/BLACK/P/images/image_000004.jpg,d0cb86e66013f92ea6850916baed72bc1477d59578524a73136d92e5cd0843b8,8787,,,true
P02_BLACK_P_000005,P02,BLACK,P,image_000005.jpg,training/P02/BLACK/P/images/image_000005.jpg,976bfd72f169b301897189df92c2647c69923dd1c0ca7b148dd8bdff450c99da,8975,,,true
P02_BLACK_P_000006,P02,BLACK,P,image_000006.jpg,training/P02/BLACK/P/images/image_000006.jpg,cf553975ab784a52c30e207d63b5522690569c083a0c331a56372b171431d547,9947,,,true
P02_BLACK_P_000007,P02,BLACK,P,image_000007.jpg,training/P02/BLACK/P/images/image_000007.jpg,3ee9908472691e0a804455e37d7687d50b6c25a95c575f9780deb0013dbb5e8a,9024,,,true
P02_BLACK_P_000008,P02,BLACK,P,image_000008.jpg,training/P02/BLACK/P/images/image_000008.jpg,5e44ea71d33b41b23a9888c6adddb72e7cd88e643bc2d7517fe2b71aaa78fa5b,8503,,,true
P02_BLACK_P_000009,P02,BLACK,P,image_000009.jpg,training/P02/BLACK/P/images/image_000009.jpg,002a6e4aa1620b8a8c2f037902e6fa5097d71f5e04276cabf834e0737fcb622f,8519,,,true
P02_BLACK_P_000010,P02,BLACK,P,image_000010.jpg,training/P02/BLACK/P/images/image_000010.jpg,39743437b77972475964a359d4b618c89c62889937b45a1dd11f2bfd381e9d6b,8821,,,true
P02_BLACK_P_000011,P02,BLACK,P,image_000011.jpg,training/P02/BLACK/P/images/image_000011.jpg,57f818d125a949dd79a94deae4637eded7bb5eefdffd38eb26471ea240f510fd,9943,,,true
P02_BLACK_P_000012,P02,BLACK,P,image_000012.jpg,training/P02/BLACK/P/images/image_000012.jpg,e37fedbd9b214afda673a900f12e29716190fbbfd3a2a596083e822e5ad84e31,8784,,,true
P02_BLACK_P_000013,P02,BLACK,P,image_000013.jpg,training/P02/BLACK/P/images/image_000013.jpg,355f139e60aa3d2128e4f58e865ca9d13595819658956c2aec49ec4e4fcc5298,9237,,,true
P02_BLACK_P_000014,P02,BLACK,P,image_000014.jpg,training/P02/BLACK/P/images/image_000014.jpg,ac8b45a4af74d16062a681889438c6419097f4fe429a3addf3782ec9065e0a8e,9212,,,true
P02_BLACK_P_000015,P02,BLACK,P,image_000015.jpg,training/P02/BLACK/P/images/image_000015.jpg,4868f2d2f6d4b89aefb13d062015439d6e4c0c9ab2f60f0d28478cc5067102c3,9756,,,true
P02_BLACK_P_000016,P02,BLACK,P,image_000016.jpg,training/P02/BLACK/P/images/image_000016.jpg,de8a3febae4d578348b9550aceeee52f7c1d995cc2f6df83e4d5869fe5540a53,9521,,,true
P02_BLACK_P_000017,P02,BLACK,P,image_000017.jpg,training/P02/BLACK/P/images/image_000017.jpg,0a9625a6845461609db5c6e7587d3dcccc21fb3f472f4fdc4d151cd85da1c266,8943,,,true
P02_BLACK_P_000018,P02,BLACK,P,image_000018.jpg,training/P02/BLACK/P/images/image_000018.jpg,40670fb1d780d04df98acb375b354a2fd15a74469304f2a8be76959514ebf324,9560,,,true
P02_BLACK_P_000019,P02,BLACK,P,image_000019.jpg,training/P02/BLACK/P/images/image_000019.jpg,6a625b5510116a50009ae6155570679e077dba3286d33bf9b1ac8b73085ed9b1,9758,,,true
P02_BLACK_P_000020,P02,BLACK,P,image_000020.jpg,training/P02/BLACK/P/images/image_000020.jpg,23b3367f5ca7f404ab9a3a9c507776f28503a18b9db3b62ef3efa1d3090f81e7,7949,,,true
P02_BLACK_P_000021,P02,BLACK,P,image_000021.jpg,training/P02/BLACK/P/images/image_000021.jpg,33825c7ce86556322dff7e89c25124aa9a6e2ef62c264f27df4c7c9e32dd94a4,8125,,,true
P02_BLACK_P_000022,P02,BLACK,P,image_000022.jpg,training/P02/BLACK/P/images/image_000022.jpg,2d4ac79825cbf2bd025a194273d7ece419c80345c0ae24e4724d7949f955c331,9003,,,true
P02_BLACK_P_000023,P02,BLACK,P,image_000023.jpg,training/P02/BLACK/P/images/image_000023.jpg,ef733297c57830155adc96555cf44d889f4db7d94c8ef24f9038432931f2a596,8854,,,true
P02_BLACK_P_000024,P02,BLACK,P,image_000024.jpg,training/P02/BLACK/P/images/image_000024.jpg,08ac7b8e992c69fd2bd0b41f9ff5ffd78a8e9b30d26311855387db2d0d86a6e8,9102,,,true
P02_BLACK_P_000025,P02,BLACK,P,image_000025.jpg,training/P02/BLACK/P/images/image_000025.jpg,da322de97afd44531d9dfab18ec15019252bddf025ba225b81b4f7b90a3580e5,9134,,,true
P02_BLACK_R_000001,P02,BLACK,R,image_000001.jpg,training/P02/BLACK/R/images/image_000001.jpg,e30e13ef4b095730573ad620e818272a606132d2e7820e476eacf37c4ae14c18,9606,,,true
P02_BLACK_R_000002,P02,BLACK,R,image_000002.jpg,training/P02/BLACK/R/images/image_000002.jpg,690d04c72e593aca18e4da1da4f195ed474db830a5151a08d163c5999d35ef26,9651,,,true
P02_BLACK_R_000003,P02,BLACK,R,image_000003.jpg,training/P02/BLACK/R/images/image_000003.jpg,ed222ce2b26159ceab815b684562a672c65809e01bdf4452c9671a6c5c868b31,9413,,,true
P02_BLACK_R_000004,P02,BLACK,R,image_000004.jpg,training/P02/BLACK/R/images/image_000004.jpg,9eaa0eb4c0008103238431e2171c3d0dd9db2f15d70b2b3ba65313e9c57189bf,9797,,,true
P02_BLACK_R_000005,P02,BLACK,R,image_000005.jpg,training/P02/BLACK/R/images/image_000005.jpg,939dd3386eec626875b079e9fe9d4247c91d2e01b7b8f51b24632ee053e9dd60,9015,,,true
P02_BLACK_R_000006,P02,BLACK,R,image_000006.jpg,training/P02/BLACK/R/images/image_000006.jpg,665a7efa3c6d1ea2fe3c7919d7fb168df3d055251a4e4aebcd95a21a5e32eea9,8780,,,true
P02_BLACK_R_000007,P02,BLACK,R,image_000007.jpg,training/P02/BLACK/R/images/image_000007.jpg,1c69a9022945c299be2fd733632e638621017129611b823e02bc029dd0152f12,9156,,,true
P02_BLACK_R_000008,P02,BLACK,R,image_000008.jpg,training/P02/BLACK/R/images/image_000008.jpg,71ba911b8657ee5c19b2623539d55e0dfd3456242a2610a1e0a5337477856ab5,9392,,,true
P02_BLACK_R_000009,P02,BLACK,R,image_000009.jpg,training/P02/BLACK/R/images/image_000009.jpg,71f1f52c74f0879b10528ced3599cf5da206693075fe15f7045c9c27f591262f,8883,,,true
P02_BLACK_R_000010,P02,BLACK,R,image_000010.jpg,training/P02/BLACK/R/images/image_000010.jpg,ac74f1ed7635b8d04b54c137c48114fb40a7864d973be8f06ca528a07d176c7d,9221,,,true
P02_BLACK_R_000011,P02,BLACK,R,image_000011.jpg,training/P02/BLACK/R/images/image_000011.jpg,247dff55447740035f0f0034eef76ba06f646c4e91851a783bf62d8cebd22688,9293,,,true
P02_BLACK_R_000012,P02,BLACK,R,image_000012.jpg,training/P02/BLACK/R/images/image_000012.jpg,ac84ae16ecac7b82a903d20243912b0c8eec07cb5176dd0ed1e9f87de2df5d9d,9152,,,true
P02_BLACK_R_000013,P02,BLACK,R,image_000013.jpg,training/P02/BLACK/R/images/image_000013.jpg,c5f51535fdb4d7e329e5768c914d7752aa6e9a9d18709d152b3cfd23a3868ffe,8897,,,true
P02_BLACK_R_000014,P02,BLACK,R,image_000014.jpg,training/P02/BLACK/R/images/image_000014.jpg,ab6e8aebb3650ef40f9f3d02c0d8fa14ec7b599cf86335c6ad471fdaaa9e5b8b,9407,,,true
P02_BLACK_R_000015,P02,BLACK,R,image_000015.jpg,training/P02/BLACK/R/images/image_000015.jpg,2db8bbc06c4f0bbacb4bad6da0e8162c00624cc77eecbe1d9f481ef45b9b3ecc,8702,,,true
P02_BLACK_R_000016,P02,BLACK,R,image_000016.jpg,training/P02/BLACK/R/images/image_000016.jpg,683fa7abf0feb5ad50d12aeacd0f601b944f6b26f42a1f2e95a121866acb7cf6,8771,,,true
P02_BLACK_R_000017,P02,BLACK,R,image_000017.jpg,training/P02/BLACK/R/images/image_000017.jpg,271a720242655e482c7c37071bb0f511491f916c1bb620f2741740ad7a4829e7,8636,,,true
P02_BLACK_R_000018,P02,BLACK,R,image_000018.jpg,training/P02/BLACK/R/images/image_000018.jpg,e6fba9546fcfe212644b418fa0f01a5d1fb0fb75edd8167106ddcc6f9d464636,8611,,,true
P02_BLACK_R_000019,P02,BLACK,R,image_000019.jpg,training/P02/BLACK/R/images/image_000019.jpg,ec51d7f1d4945a1976d04d74b3e2a09ca5ba47ddda0e932c4bff3f3b9f5c496f,9381,,,true
P02_BLACK_R_000020,P02,BLACK,R,image_000020.jpg,training/P02/BLACK/R/images/image_000020.jpg,75c78e387bfc43a393417b8b8b400dc82ca86ca44f03032887e93127d82ccd28,8704,,,true
P02_BLACK_R_000021,P02,BLACK,R,image_000021.jpg,training/P02/BLACK/R/images/image_000021.jpg,f15abae392e8977cccedc86eb1a3799d33b25883665f7866eaa761d1ef1f41f5,8679,,,true
P02_BLACK_R_000022,P02,BLACK,R,image_000022.jpg,training/P02/BLACK/R/images/image_000022.jpg,248ddbabe624dd6715490f43fbf36ca4a12c67fe5479960dfe9a8e325c0fe8aa,8166,,,true
P02_BLACK_R_000023,P02,BLACK,R,image_000023.jpg,training/P02/BLACK/R/images/image_000023.jpg,a3bb2fe300b337d13307f0d6d1034b9a3d4cc5b71b3cc8924a8ee5bf33911ab9,8276,,,true
P02_BLACK_R_000024,P02,BLACK,R,image_000024.jpg,training/P02/BLACK/R/images/image_000024.jpg,a29a036dc59a78d3ef87f8f960d2d291f091b9594743904a5a881f576e72bac5,8083,,,true
P02_BLACK_R_000025,P02,BLACK,R,image_000025.jpg,training/P02/BLACK/R/images/image_000025.jpg,162757a15e0dab438802baa84fce503a39e2050e69bfe176eb0abe7f7fd534e4,8144,,,true
P02_BLACK_S_000001,P02,BLACK,S,image_000001.jpg,training/P02/BLACK/S/images/image_000001.jpg,c1566751c895179f32ea35a6d46c7d3831f16ae67bb87c369d3091140a7c635c,9779,,,true
P02_BLACK_S_000002,P02,BLACK,S,image_000002.jpg,training/P02/BLACK/S/images/image_000002.jpg,49659141e3dbd5731401b993f8d6fa0177e5062992924ac7f86d7010e6e7213a,10187,,,true
P02_BLACK_S_000003,P02,BLACK,S,image_000003.jpg,training/P02/BLACK/S/images/image_000003.jpg,4d21b6cc6453d89d6359a01944971974a35352edec37c3d8d3d552c8febd7e2e,10172,,,true
P02_BLACK_S_000004,P02,BLACK,S,image_000004.jpg,training/P02/BLACK/S/images/image_000004.jpg,4eb6f47b79381d5ea8804f44b8a50851a6d903cdc0579f36b6b4aabaad6a74b7,9987,,,true
P02_BLACK_S_000005,P02,BLACK,S,image_000005.jpg,training/P02/BLACK/S/images/image_000005.jpg,ffadc9c3db3bf850bc51ae0def4365c782a783c28547bb0073bc2efca8af589b,10101,,,true
P02_BLACK_S_000006,P02,BLACK,S,image_000006.jpg,training/P02/BLACK/S/images/image_000006.jpg,d65404595de3b0a94471a03ae928da80d2116d8f41fe72bafb4cfb152c9aa1ee,9541,,,true
P02_BLACK_S_000007,P02,BLACK,S,image_000007.jpg,training/P02/BLACK/S/images/image_000007.jpg,35bcf19497856e8c92bcd9b9eddec0874748d9e65afed5b9634e455c085688fb,9313,,,true
P02_BLACK_S_000008,P02,BLACK,S,image_000008.jpg,training/P02/BLACK/S/images/image_000008.jpg,1e17b1d3134e2008e3a3bfad08cefbe66fbca9a397e3bf8e9c7eb65fcccf00ff,10134,,,true
P02_BLACK_S_000009,P02,BLACK,S,image_000009.jpg,training/P02/BLACK/S/images/image_000009.jpg,9fd79eb2181eba410354135abcc8983a6fcca84a140ff5dbd95c747aa0df1ba1,9303,,,true
P02_BLACK_S_000010,P02,BLACK,S,image_000010.jpg,training/P02/BLACK/S/images/image_000010.jpg,2e1f2613212a82f056dc16892779f90b6b9d52789092b8ea8cb776f15a04e44d,10264,,,true
P02_BLACK_S_000011,P02,BLACK,S,image_000011.jpg,training/P02/BLACK/S/images/image_000011.jpg,bb026a1180663f86357b09d39c263e98e409ea7e0014422f9ffb903e29c97c29,9485,,,true
P02_BLACK_S_000012,P02,BLACK,S,image_000012.jpg,training/P02/BLACK/S/images/image_000012.jpg,9c2a7fd2b18ec1bf414d164feb50962466dc9b45c5ee6ac3e4474e3727ce5033,9262,,,true
P02_BLACK_S_000013,P02,BLACK,S,image_000013.jpg,training/P02/BLACK/S/images/image_000013.jpg,7e6829f51b4eccbb35922e3469a162025a3d76626f43b8ebbe8a9b415c1d6085,9180,,,true
P02_BLACK_S_000014,P02,BLACK,S,image_000014.jpg,training/P02/BLACK/S/images/image_000014.jpg,3eaa4ae777c0363be4d8b7a57c19180131c8541416b2cfb26e6037e6eb530dca,9412,,,true
P02_BLACK_S_000015,P02,BLACK,S,image_000015.jpg,training/P02/BLACK/S/images/image_000015.jpg,a7a00e5fc1f6719698ba0d9bd410ca25ea6f69d1b473d206ae561e3d12d2d405,9135,,,true
P02_BLACK_S_000016,P02,BLACK,S,image_000016.jpg,training/P02/BLACK/S/images/image_000016.jpg,99e68ed563202f2db350d71a4a6cec227477e8811a1fbe318dd3979ab79a6dc9,9175,,,true
P02_BLACK_S_000017,P02,BLACK,S,image_000017.jpg,training/P02/BLACK/S/images/image_000017.jpg,33626ff856ca72373613c0d3978d36d2ccf268698813d337d93910d666d7d4c4,9305,,,true
P02_BLACK_S_000018,P02,BLACK,S,image_000018.jpg,training/P02/BLACK/S/images/image_000018.jpg,f7d39c2d6beba3a83796d25d4625da715acbdcafb6e514e3af744695f7b85e18,10182,,,true
P02_BLACK_S_000019,P02,BLACK,S,image_000019.jpg,training/P02/BLACK/S/images/image_000019.jpg,aba306c32e85004e036128182cc5ce169958ca0fe5c84cbda3e917db2272893d,9151,,,true
P02_BLACK_S_000020,P02,BLACK,S,image_000020.jpg,training/P02/BLACK/S/images/image_000020.jpg,69c8739b724642d5b8cf3abd30ecf5c0099dea530ce3caa7a92fe6d799967404,9695,,,true
P02_BLACK_S_000021,P02,BLACK,S,image_000021.jpg,training/P02/BLACK/S/images/image_000021.jpg,3b03ef8d29f0d1ad2d585a90a49e7bc75554d1fa665f47c1473e73c148a5286b,10241,,,true
P02_BLACK_S_000022,P02,BLACK,S,image_000022.jpg,training/P02/BLACK/S/images/image_000022.jpg,ebd2e7c62d10c6eb2b3c16573d73812ac6742dee3f352e65f07bbc48a825777c,10038,,,true
P02_BLACK_S_000023,P02,BLACK,S,image_000023.jpg,training/P02/BLACK/S/images/image_000023.jpg,75572cc47c4d2b24f5ea11b1707b06897ec7ea9b33392f0b7cfce94b5ed75630,10146,,,true
P02_BLACK_S_000024,P02,BLACK,S,image_000024.jpg,training/P02/BLACK/S/images/image_000024.jpg,3804122bd7cba56ac902696a42a1facce5a2bc878ac2cff75fb2e994bb922489,9995,,,true
P02_BLACK_S_000025,P02,BLACK,S,image_000025.jpg,training/P02/BLACK/S/images/image_000025.jpg,e8b5593fbc6e47ad405d2a44e8f244da5a0e3fe2dbf5da3feee81883056464d8,9179,,,true
P02_BLACK_T_000001,P02,BLACK,T,image_000001.jpg,training/P02/BLACK/T/images/image_000001.jpg,c43ccf3a8edf62838558654f9c723969d63d5139edd97b05789a124cfa6bb573,9761,,,true
P02_BLACK_T_000002,P02,BLACK,T,image_000002.jpg,training/P02/BLACK/T/images/image_000002.jpg,cdb1c3bfff92739c49d01c3b62828867a6d9a638df0d7f7c1e510af48a2a0b86,9840,,,true
P02_BLACK_T_000003,P02,BLACK,T,image_000003.jpg,training/P02/BLACK/T/images/image_000003.jpg,4f264a9e627183da858b48b7b2ff715333a965e3812ecccbbd142a724dbd57da,10195,,,true
P02_BLACK_T_000004,P02,BLACK,T,image_000004.jpg,training/P02/BLACK/T/images/image_000004.jpg,b10ad8f13fd5ca46f4abc1f5afd227e933c994946c55452c80cdb34f528a4e40,9984,,,true
P02_BLACK_T_000005,P02,BLACK,T,image_000005.jpg,training/P02/BLACK/T/images/image_000005.jpg,37b0182eef7929eed6846ac0fec03131439004a595cb84e86d98d7d40dde9e89,9747,,,true
P02_BLACK_T_000006,P02,BLACK,T,image_000006.jpg,training/P02/BLACK/T/images/image_000006.jpg,1aee6ab6649fdaf8fd188a93743b0004291c25284d3d7f3a7742e93b8ed8d21b,8985,,,true
P02_BLACK_T_000007,P02,BLACK,T,image_000007.jpg,training/P02/BLACK/T/images/image_000007.jpg,a35d5ac32672c44470359a4ae9d2beaefbfe86bf290b6948b1b8bf6f03479b0d,9500,,,true
P02_BLACK_T_000008,P02,BLACK,T,image_000008.jpg,training/P02/BLACK/T/images/image_000008.jpg,9d6a0a018049a15885658ed809d799e33c93f962d3b10538588a2905e047ac1b,9515,,,true
P02_BLACK_T_000009,P02,BLACK,T,image_000009.jpg,training/P02/BLACK/T/images/image_000009.jpg,47875ab6d432287144b576b6b5b65e2474c7f42e7458399a359125de0b37dcc8,9237,,,true
P02_BLACK_T_000010,P02,BLACK,T,image_000010.jpg,training/P02/BLACK/T/images/image_000010.jpg,aa3204fff3ec0e82a47648ea9b9ebcfd4c196ff1bbca118a83ca174114f569fc,9447,,,true
P02_BLACK_T_000011,P02,BLACK,T,image_000011.jpg,training/P02/BLACK/T/images/image_000011.jpg,da9b6b5b5876645f7434ce1d2b767b6a8d586a963b0b19b03a3d488233254d5e,9403,,,true
P02_BLACK_T_000012,P02,BLACK,T,image_000012.jpg,training/P02/BLACK/T/images/image_000012.jpg,8b8cbfab0dbf429cb3563302ede119bd810cc9eb773fa0f6bfb8b60d24838b08,9043,,,true
P02_BLACK_T_000013,P02,BLACK,T,image_000013.jpg,training/P02/BLACK/T/images/image_000013.jpg,cb04e91f2c8d00d28ebf37b7e9d577a0505dda133771c06242516e47d08166dc,9181,,,true
P02_BLACK_T_000014,P02,BLACK,T,image_000014.jpg,training/P02/BLACK/T/images/image_000014.jpg,bf29cb4093730e518244cd19914efc8e7a556b15b13d04d64d2b7b00f44e9cbe,8676,,,true
P02_BLACK_T_000015,P02,BLACK,T,image_000015.jpg,training/P02/BLACK/T/images/image_000015.jpg,dbb8a5e91c690955be10d3255dc063efbe64daa16136a7321a3f927f37591fb4,9121,,,true
P02_BLACK_T_000016,P02,BLACK,T,image_000016.jpg,training/P02/BLACK/T/images/image_000016.jpg,e67a324dfed4747ad338a8fda4c499397a5ed5eaec33cf410aa5185b89b1eb24,8579,,,true
P02_BLACK_T_000017,P02,BLACK,T,image_000017.jpg,training/P02/BLACK/T/images/image_000017.jpg,c8a19ef1d2012af6c6af8d7a9d14b01aa651189087029c1b5e12b74d98e620c6,8517,,,true
P02_BLACK_T_000018,P02,BLACK,T,image_000018.jpg,training/P02/BLACK/T/images/image_000018.jpg,ef92cc2f5ecac925137e5e0cfc2c6347ff60ed1eb110c0a7da056f97369f410d,9053,,,true
P02_BLACK_T_000019,P02,BLACK,T,image_000019.jpg,training/P02/BLACK/T/images/image_000019.jpg,96ea611b02bab3ba883d7a56f110497a7e56c832861c8214cfa74aa693544c20,10033,,,true
P02_BLACK_T_000020,P02,BLACK,T,image_000020.jpg,training/P02/BLACK/T/images/image_000020.jpg,b9cbc67c27f72bfe7e7f574da2b1f24d4e8988b50366060f4f30d76d44c2ac99,9900,,,true
P02_BLACK_T_000021,P02,BLACK,T,image_000021.jpg,training/P02/BLACK/T/images/image_000021.jpg,375cff373fa321e4c0a49246cfac48bff6d28515d87f640ca1739b9971281a00,9678,,,true
P02_BLACK_T_000022,P02,BLACK,T,image_000022.jpg,training/P02/BLACK/T/images/image_000022.jpg,b901062f03f181c5eb7d9754301e5515bf309c50d2569c1dbb089d217847e463,9365,,,true
P02_BLACK_T_000023,P02,BLACK,T,image_000023.jpg,training/P02/BLACK/T/images/image_000023.jpg,523fa8244e769c70193fea1d6676e92acaaadb1c1b9d014bcea990dac657e4a0,8852,,,true
P02_BLACK_T_000024,P02,BLACK,T,image_000024.jpg,training/P02/BLACK/T/images/image_000024.jpg,514039dd4c7649156bba07721fe563a7fd424aeb0a2cc506bf02caa72c1b5a9f,8146,,,true
P02_BLACK_T_000025,P02,BLACK,T,image_000025.jpg,training/P02/BLACK/T/images/image_000025.jpg,8c186f1482b97129fa0c60ba89898b853654e88d42b63dafab4ac257258d3249,9820,,,true
P02_BLACK_U_000001,P02,BLACK,U,image_000001.jpg,training/P02/BLACK/U/images/image_000001.jpg,0aa22ee8f7580b2bf146bedbacb0ed71437a22bdf8cf850c9fe50fd8af17e8c1,9569,,,true
P02_BLACK_U_000002,P02,BLACK,U,image_000002.jpg,training/P02/BLACK/U/images/image_000002.jpg,7f3a5e4deaf84d370f43ec2a5841ca9c108422d372045e864ab7421d84c8e1f2,9563,,,true
P02_BLACK_U_000003,P02,BLACK,U,image_000003.jpg,training/P02/BLACK/U/images/image_000003.jpg,a3375acff3ecf20000619e67be7d6a237a150dc1425ff8f48f8128211c49f9d1,9341,,,true
P02_BLACK_U_000004,P02,BLACK,U,image_000004.jpg,training/P02/BLACK/U/images/image_000004.jpg,c53461458a97a2e1ecd326fa896cdbc3839d50d3f9f0a30a165d51763d272ea1,9410,,,true
P02_BLACK_U_000005,P02,BLACK,U,image_000005.jpg,training/P02/BLACK/U/images/image_000005.jpg,60c41f58b810f1ed3e029067fed698fe74950b8fe76fdccb5fff896ec19ddc1d,8853,,,true
P02_BLACK_U_000006,P02,BLACK,U,image_000006.jpg,training/P02/BLACK/U/images/image_000006.jpg,8cde896a4b8ebb6c4c4adba0d52352bd018f478c7995d1e9a9c07d478f4a40cb,8776,,,true
P02_BLACK_U_000007,P02,BLACK,U,image_000007.jpg,training/P02/BLACK/U/images/image_000007.jpg,ee316e639677aee8c75475c2ec9c5585e4e5bb89dcb22d2486f2bc2bb4d4af75,8223,,,true
P02_BLACK_U_000008,P02,BLACK,U,image_000008.jpg,training/P02/BLACK/U/images/image_000008.jpg,d2dd4d38b7eca76ead20edf1419c3fa8f0aa79c2733abb1b66476e89aa88e158,8624,,,true
P02_BLACK_U_000009,P02,BLACK,U,image_000009.jpg,training/P02/BLACK/U/images/image_000009.jpg,1e456f4df9dff9ff31b0e6aae6ee834905314344317686191bc1a01f837429cc,8736,,,true
P02_BLACK_U_000010,P02,BLACK,U,image_000010.jpg,training/P02/BLACK/U/images/image_000010.jpg,b7dbe91d6c6c4274c69327db9d22198db7fd15c2211073e006c02e1ad80ecaa8,8802,,,true
P02_BLACK_U_000011,P02,BLACK,U,image_000011.jpg,training/P02/BLACK/U/images/image_000011.jpg,0ff653015282daf368a22daffe75ee898bfda243bea512559ba221643258cd4b,8849,,,true
P02_BLACK_U_000012,P02,BLACK,U,image_000012.jpg,training/P02/BLACK/U/images/image_000012.jpg,aa4bd40ee949e1195e8fc60db3ff4ce11682266517851ec71e1e606d892d045e,9298,,,true
P02_BLACK_U_000013,P02,BLACK,U,image_000013.jpg,training/P02/BLACK/U/images/image_000013.jpg,e7d9f114919321895cf48b2cf6d8516976687b09f28760bcf83070b860366d7e,8983,,,true
P02_BLACK_U_000014,P02,BLACK,U,image_000014.jpg,training/P02/BLACK/U/images/image_000014.jpg,3e1f18857d0d2fa330771256a209fb8052e50a3bdf30c7a46037fe24d730a69c,9417,,,true
P02_BLACK_U_000015,P02,BLACK,U,image_000015.jpg,training/P02/BLACK/U/images/image_000015.jpg,7e689db69c56cda88db829b921422b2af86dcadb8a5da4a37fe4d219101b74f3,8764,,,true
P02_BLACK_U_000016,P02,BLACK,U,image_000016.jpg,training/P02/BLACK/U/images/image_000016.jpg,0a72d5f7a3735a6d03b3fd35230ef8a6db12a5210112252ebd5ba5f590b9c8b9,8007,,,true
P02_BLACK_U_000017,P02,BLACK,U,image_000017.jpg,training/P02/BLACK/U/images/image_000017.jpg,3a7b4d2e1d76a7569d601a13a5241e9db5472f01f2d17d87f731f4d7715df4fe,8309,,,true
P02_BLACK_U_000018,P02,BLACK,U,image_000018.jpg,training/P02/BLACK/U/images/image_000018.jpg,f20615fc06a64b3669af43535c270aeb7c2efc94a55b5f2ead1445476e5da6ec,8191,,,true
P02_BLACK_U_000019,P02,BLACK,U,image_000019.jpg,training/P02/BLACK/U/images/image_000019.jpg,c205bae413fc8f5d9ccb485d044c861707bbe20477ca7f1858e18007d743ea97,8412,,,true
P02_BLACK_U_000020,P02,BLACK,U,image_000020.jpg,training/P02/BLACK/U/images/image_000020.jpg,b27f8026f2aefc530ddd977e95d7edb5232927de97feabae62c490c98e57c2d9,8314,,,true
P02_BLACK_U_000021,P02,BLACK,U,image_000021.jpg,training/P02/BLACK/U/images/image_000021.jpg,d4843b7a9b7e425eab8da345be1bfabd6f63a5f080db0fd1b639adbbb8f9c15c,8090,,,true
P02_BLACK_U_000022,P02,BLACK,U,image_000022.jpg,training/P02/BLACK/U/images/image_000022.jpg,029bd979f251280d7e0bf1f830e788a75b95aaae6ec0015614aaa873d5a0651a,8036,,,true
P02_BLACK_U_000023,P02,BLACK,U,image_000023.jpg,training/P02/BLACK/U/images/image_000023.jpg,4a920dfd51fefe141c73b3690791ebcdbf9fdf475f42cb68d934c1c3ae4dd9d6,8041,,,true
P02_BLACK_U_000024,P02,BLACK,U,image_000024.jpg,training/P02/BLACK/U/images/image_000024.jpg,da1f8d4b95906c43828288ba6f7232ecfcfd2036142e0e86ab0d5e8f74fe7173,8641,,,true
P02_BLACK_U_000025,P02,BLACK,U,image_000025.jpg,training/P02/BLACK/U/images/image_000025.jpg,9131afe7a93df31f359c9a4a28780b421d806a8d91c30cd46d5a8d6be16a734d,8462,,,true
P02_BLACK_V_000001,P02,BLACK,V,image_000001.jpg,training/P02/BLACK/V/images/image_000001.jpg,9590e47d03416c7c8c215209f1cfb0225ee19b5d54a106ee2003a98670761abc,8986,,,true
P02_BLACK_V_000002,P02,BLACK,V,image_000002.jpg,training/P02/BLACK/V/images/image_000002.jpg,628ac70e8688116997c544baf61b37c292815884bfeaf3379eebea5d17e581f8,8948,,,true
P02_BLACK_V_000003,P02,BLACK,V,image_000003.jpg,training/P02/BLACK/V/images/image_000003.jpg,0d1933ac8122c1bb83c49dbdf7631b3c739338393503eec0ab8efd92a3f39c3a,8748,,,true
P02_BLACK_V_000004,P02,BLACK,V,image_000004.jpg,training/P02/BLACK/V/images/image_000004.jpg,6f63891a54c3de72b32b78a5bae037ba2bc618bbf23944264b6ab5ad3e939602,8676,,,true
P02_BLACK_V_000005,P02,BLACK,V,image_000005.jpg,training/P02/BLACK/V/images/image_000005.jpg,56b6486a6e93d37ed3beefbf32e2392530f9bff4163e970dd097c8ac930f9a01,8726,,,true
P02_BLACK_V_000006,P02,BLACK,V,image_000006.jpg,training/P02/BLACK/V/images/image_000006.jpg,2227da63151c3fbb1e31d7695fd2e642247b1b31794d01e32073aeebefaee631,9168,,,true
P02_BLACK_V_000007,P02,BLACK,V,image_000007.jpg,training/P02/BLACK/V/images/image_000007.jpg,be8599c7625320e00cd35298d3e85209d51f870eab0a7ba220c2ad4f7ca5b43d,8960,,,true
P02_BLACK_V_000008,P02,BLACK,V,image_000008.jpg,training/P02/BLACK/V/images/image_000008.jpg,4a21ce252e60e4cc269333802a8c076a57b98556aae743a79e692b48f2fdff79,8314,,,true
P02_BLACK_V_000009,P02,BLACK,V,image_000009.jpg,training/P02/BLACK/V/images/image_000009.jpg,1efef1bb79c754401c93c7c8473117f4288999e843a7227a860eea006902ba6f,8247,,,true
P02_BLACK_V_000010,P02,BLACK,V,image_000010.jpg,training/P02/BLACK/V/images/image_000010.jpg,d95748f71ea811423caa926916e6bb24ac917706f9431521e1acfebcde9694cf,8788,,,true
P02_BLACK_V_000011,P02,BLACK,V,image_000011.jpg,training/P02/BLACK/V/images/image_000011.jpg,a686fd70257cc86ca051f72d6b909b05bedf0aa8c4b194550013cd2e7273879e,8748,,,true
P02_BLACK_V_000012,P02,BLACK,V,image_000012.jpg,training/P02/BLACK/V/images/image_000012.jpg,2acb2c9b6c643004c83046086f57b37724fcbcfea5e28944c03d0f4562c64965,9074,,,true
P02_BLACK_V_000013,P02,BLACK,V,image_000013.jpg,training/P02/BLACK/V/images/image_000013.jpg,87e577dbd0b8d05c03b55f547283372c8757a46c2f465f9d6d0df2428e4e8b8d,8882,,,true
P02_BLACK_V_000014,P02,BLACK,V,image_000014.jpg,training/P02/BLACK/V/images/image_000014.jpg,48a7a89b7c04adb5094506205d8b08b0b8944cb36e32c2edd5812049fb5c10a3,8615,,,true
P02_BLACK_V_000015,P02,BLACK,V,image_000015.jpg,training/P02/BLACK/V/images/image_000015.jpg,a563e855f5959184f28232f75d23399949fe297495e48d096d161c4329f71b78,9051,,,true
P02_BLACK_V_000016,P02,BLACK,V,image_000016.jpg,training/P02/BLACK/V/images/image_000016.jpg,c47d6afd92b58d086ca8b6b3f86731506c93fd7a8a04bc016c8e97b478f0d611,8672,,,true
P02_BLACK_V_000017,P02,BLACK,V,image_000017.jpg,training/P02/BLACK/V/images/image_000017.jpg,6baf67a98d2d01e2edf0a4dfd9d3445e21807fadab30855347bdca9479c6e62f,8834,,,true
P02_BLACK_V_000018,P02,BLACK,V,image_000018.jpg,training/P02/BLACK/V/images/image_000018.jpg,8b3ffd429b35ff757277d10f4a54bb3df0d3754a7febd4efe3f00ac2566017f5,8988,,,true
P02_BLACK_V_000019,P02,BLACK,V,image_000019.jpg,training/P02/BLACK/V/images/image_000019.jpg,2aabbb95e667de004b8e91d0f2326d528f8bb93b8d66c0caa0d4401e9c874709,9200,,,true
P02_BLACK_V_000020,P02,BLACK,V,image_000020.jpg,training/P02/BLACK/V/images/image_000020.jpg,b6aeafa6d9bfa6a2c63f76eda46f4156ae7c88ca5d5498416a45b5543cddfd36,9635,,,true
P02_BLACK_V_000021,P02,BLACK,V,image_000021.jpg,training/P02/BLACK/V/images/image_000021.jpg,213a45bb51d31bb446e254e65f5446b78a7b7e2f76a59cdfc41a295a898262d1,9534,,,true
P02_BLACK_V_000022,P02,BLACK,V,image_000022.jpg,training/P02/BLACK/V/images/image_000022.jpg,04cf77d1f5196c61d4a9c0a80723eb4aa97467462f05d20642a36920d919a18c,9495,,,true
P02_BLACK_V_000023,P02,BLACK,V,image_000023.jpg,training/P02/BLACK/V/images/image_000023.jpg,4bf0b7ea9159e8b868e42a9c51a6df83536d51bf2651161f090ed73526bd46b3,9542,,,true
P02_BLACK_V_000024,P02,BLACK,V,image_000024.jpg,training/P02/BLACK/V/images/image_000024.jpg,d04386fa984fd951bc63f6ee0bedbdaa636cd6cf5ee8626dba5aaabf703137c0,9535,,,true
P02_BLACK_V_000025,P02,BLACK,V,image_000025.jpg,training/P02/BLACK/V/images/image_000025.jpg,f15f5114bbc5c4a2c004cc309e92201ea556e85a5ac92521ebc3f65fc75658ae,9433,,,true
P02_BLACK_W_000001,P02,BLACK,W,image_000001.jpg,training/P02/BLACK/W/images/image_000001.jpg,d95eb9882e1eb2f02925ac34666fde0a01d34fd00972686eec435a8fd78009c4,9126,,,true
P02_BLACK_W_000002,P02,BLACK,W,image_000002.jpg,training/P02/BLACK/W/images/image_000002.jpg,2fc82ccc944ed3abca210e6aa710257726289e61756ee5c10dbc3dbc57ac0dd9,9154,,,true
P02_BLACK_W_000003,P02,BLACK,W,image_000003.jpg,training/P02/BLACK/W/images/image_000003.jpg,f3c375c393dc0e1b12364182f269bc054abdf964bcc130f9d0069f6120da759b,8866,,,true
P02_BLACK_W_000004,P02,BLACK,W,image_000004.jpg,training/P02/BLACK/W/images/image_000004.jpg,f796727acb647055c4a98d803575615303a002e9ea9dfdb927a7a54742e6d696,9124,,,true
P02_BLACK_W_000005,P02,BLACK,W,image_000005.jpg,training/P02/BLACK/W/images/image_000005.jpg,412b2c743f77545969360141a1e057d9a73b44248ee28895ad4c1b3b6bc393dd,9017,,,true
P02_BLACK_W_000006,P02,BLACK,W,image_000006.jpg,training/P02/BLACK/W/images/image_000006.jpg,392aea0a96a36b45e706236b1490e6ca77c5dc3f211dc4ea7425e64df5cdfc19,9468,,,true
P02_BLACK_W_000007,P02,BLACK,W,image_000007.jpg,training/P02/BLACK/W/images/image_000007.jpg,228b2e44dc35c41cb31a6ef62ff055d328529dd7d6b821fd155edbd52bb09988,9363,,,true
P02_BLACK_W_000008,P02,BLACK,W,image_000008.jpg,training/P02/BLACK/W/images/image_000008.jpg,8b6323400d6df1467b2928d51f2a32dfe844dd2e948b4b5003159433f15eba34,9279,,,true
P02_BLACK_W_000009,P02,BLACK,W,image_000009.jpg,training/P02/BLACK/W/images/image_000009.jpg,64b2d7ed1d9ee35ab7d2e9c7625a7b0c2cc6c2477394d7db8169ac4045e3aefb,8415,,,true
P02_BLACK_W_000010,P02,BLACK,W,image_000010.jpg,training/P02/BLACK/W/images/image_000010.jpg,f7079a6f1d15997f9ef95327d7d5d38b6228a1ca0f00265422127b0159f7dc6b,9374,,,true
P02_BLACK_W_000011,P02,BLACK,W,image_000011.jpg,training/P02/BLACK/W/images/image_000011.jpg,51f2ae520ae868fbc179339d22733bd3065fe5cc5287cceb49b4bf2c9be6fd12,9485,,,true
P02_BLACK_W_000012,P02,BLACK,W,image_000012.jpg,training/P02/BLACK/W/images/image_000012.jpg,1a39d52550beea290cd489c37d9553c631400d2ff0f29b6eaa9af96023604087,9337,,,true
P02_BLACK_W_000013,P02,BLACK,W,image_000013.jpg,training/P02/BLACK/W/images/image_000013.jpg,ab9b8f48908d1ade555dc7a99be2bd0e9014762a667a562828fff39f545429df,9219,,,true
P02_BLACK_W_000014,P02,BLACK,W,image_000014.jpg,training/P02/BLACK/W/images/image_000014.jpg,f1058396823af2a84c7392166a9e83375403c64a25def5281f66308e8b92e279,9127,,,true
P02_BLACK_W_000015,P02,BLACK,W,image_000015.jpg,training/P02/BLACK/W/images/image_000015.jpg,52b99551fd2ef96e6608d79b28bc0291347a0cb999040c1f387acd5e26a1f618,9091,,,true
P02_BLACK_W_000016,P02,BLACK,W,image_000016.jpg,training/P02/BLACK/W/images/image_000016.jpg,1e8dd29eaf2bedc04313d1027093ed3fbccce712ea373d3b4c7a833229d858fe,9259,,,true
P02_BLACK_W_000017,P02,BLACK,W,image_000017.jpg,training/P02/BLACK/W/images/image_000017.jpg,d2b75014c1ee720c9e78defb9b7429c655438b936ac8f58707759794ca4601f4,9127,,,true
P02_BLACK_W_000018,P02,BLACK,W,image_000018.jpg,training/P02/BLACK/W/images/image_000018.jpg,eedf249ca9939b639f507bf6cf3cdd10354acd5c20036fd68ae08840de3f75af,7600,,,true
P02_BLACK_W_000019,P02,BLACK,W,image_000019.jpg,training/P02/BLACK/W/images/image_000019.jpg,f6f1c8667e202cff1a420e2b9a6f9e21e77771b2d479463d21afecab03ba3cb7,7680,,,true
P02_BLACK_W_000020,P02,BLACK,W,image_000020.jpg,training/P02/BLACK/W/images/image_000020.jpg,92bba669b507e16e2fc552f61aac66c4652657bb1aaa660939969fbf2bc6dac2,7548,,,true
P02_BLACK_W_000021,P02,BLACK,W,image_000021.jpg,training/P02/BLACK/W/images/image_000021.jpg,1b889fdb07810f945afd80458bc183ac734e4f97c4bc147b52407dac54d9f381,9322,,,true
P02_BLACK_W_000022,P02,BLACK,W,image_000022.jpg,training/P02/BLACK/W/images/image_000022.jpg,c377edc9338eb1e36d89224bc530b627a9743423a1c7c26f74977ae9b62daa5d,9246,,,true
P02_BLACK_W_000023,P02,BLACK,W,image_000023.jpg,training/P02/BLACK/W/images/image_000023.jpg,8b3909de1131d20cf2d62596022b34a1c3f51be5f057c584a1c52e9870766d4f,8602,,,true
P02_BLACK_W_000024,P02,BLACK,W,image_000024.jpg,training/P02/BLACK/W/images/image_000024.jpg,fdfb92d60e0d17b66cfa836a1c61befab00e2064b4da716dd26ff4b213c7c996,8319,,,true
P02_BLACK_W_000025,P02,BLACK,W,image_000025.jpg,training/P02/BLACK/W/images/image_000025.jpg,9e66af791e2b0285e27e596f843e97d5413e044e11924c400e60e907281b80fa,8998,,,true
P02_BLACK_Y_000001,P02,BLACK,Y,image_000001.jpg,training/P02/BLACK/Y/images/image_000001.jpg,c75e445df1725f9bb21bd3df26b581884649c57568fd2ca14604020eba605bbd,9354,,,true
P02_BLACK_Y_000002,P02,BLACK,Y,image_000002.jpg,training/P02/BLACK/Y/images/image_000002.jpg,9b3e4462b7eaededcf4fd6a5c24cccb4629fd3197ae357615c7a29dff9396535,9320,,,true
P02_BLACK_Y_000003,P02,BLACK,Y,image_000003.jpg,training/P02/BLACK/Y/images/image_000003.jpg,74fecd28d7a630837bcf18d9acabb5ff1c3b6c8a41115e18ac9a8125d1878fe6,9146,,,true
P02_BLACK_Y_000004,P02,BLACK,Y,image_000004.jpg,training/P02/BLACK/Y/images/image_000004.jpg,a38f60346ea0ecc63c3851dd123715347e21698e75f4996faf26cd29bfcf78a5,9023,,,true
P02_BLACK_Y_000005,P02,BLACK,Y,image_000005.jpg,training/P02/BLACK/Y/images/image_000005.jpg,9e59b05a23c5d687ded7887a1c605cc8c0c668e55d9bcf46e811218f4bfe198e,8763,,,true
P02_BLACK_Y_000006,P02,BLACK,Y,image_000006.jpg,training/P02/BLACK/Y/images/image_000006.jpg,0ba3e7cb3e6d0f75698c4fda0d7679056d9da9fdb9a29e5801339f0bab134457,8480,,,true
P02_BLACK_Y_000007,P02,BLACK,Y,image_000007.jpg,training/P02/BLACK/Y/images/image_000007.jpg,e17af1c50cb2b5c539e7c5abe2894e30ce1d7f524629261c73993d8182af66ca,8430,,,true
P02_BLACK_Y_000008,P02,BLACK,Y,image_000008.jpg,training/P02/BLACK/Y/images/image_000008.jpg,4cf50bd78975710f701246db153845e338342162d1b3f1b5f6c9578364908ee6,8765,,,true
P02_BLACK_Y_000009,P02,BLACK,Y,image_000009.jpg,training/P02/BLACK/Y/images/image_000009.jpg,fe4bae2537bdad9e8b226fa484cf6bab82dceab8201ab28535d0cd32ac2000d5,8729,,,true
P02_BLACK_Y_000010,P02,BLACK,Y,image_000010.jpg,training/P02/BLACK/Y/images/image_000010.jpg,1cb097208f81c8041297d5567093ed1d7b7ea2edfa5246b1e4090a569f34ba9d,8488,,,true
P02_BLACK_Y_000011,P02,BLACK,Y,image_000011.jpg,training/P02/BLACK/Y/images/image_000011.jpg,fd2496730b0fdc7e038091b9da3f335682f1b55bd807c403efe4f6fee5ccf12f,8636,,,true
P02_BLACK_Y_000012,P02,BLACK,Y,image_000012.jpg,training/P02/BLACK/Y/images/image_000012.jpg,90d452fb3354834ce09f836d7830d7504801de5152afc1b43f93d00627d272e8,8344,,,true
P02_BLACK_Y_000013,P02,BLACK,Y,image_000013.jpg,training/P02/BLACK/Y/images/image_000013.jpg,a0927aeda59e72ea2fbdfc160c693f89bb6a97000fd77ac4c4f5fe8c242645f8,8540,,,true
P02_BLACK_Y_000014,P02,BLACK,Y,image_000014.jpg,training/P02/BLACK/Y/images/image_000014.jpg,69d628b06f071d94984e438adc3df863e465e2a8b8cacd018fbf4424181ee0f6,8830,,,true
P02_BLACK_Y_000015,P02,BLACK,Y,image_000015.jpg,training/P02/BLACK/Y/images/image_000015.jpg,1882035bc7b8b98acbfe19623d909ab3ec4bbb908d936b61d723acd49689a803,8779,,,true
P02_BLACK_Y_000016,P02,BLACK,Y,image_000016.jpg,training/P02/BLACK/Y/images/image_000016.jpg,57df6acfb4641252a930ea022fd07202c1f38fa2eb4591369631ecb1a9bdfa91,9078,,,true
P02_BLACK_Y_000017,P02,BLACK,Y,image_000017.jpg,training/P02/BLACK/Y/images/image_000017.jpg,23fc9ddb43c5a1413503be27f1b6ac59901a89c54c63a9f90447eb5fc4186524,8746,,,true
P02_BLACK_Y_000018,P02,BLACK,Y,image_000018.jpg,training/P02/BLACK/Y/images/image_000018.jpg,d17c58508d87ee91872eac9ba40ed3b51a23a247ea5a260dfa77c1b5c980b35a,8421,,,true
P02_BLACK_Y_000019,P02,BLACK,Y,image_000019.jpg,training/P02/BLACK/Y/images/image_000019.jpg,0c9d4f2885ba6d75ae7dea350a3f23afde96fd7c013e73d8f5af7c04fdb1d706,9086,,,true
P02_BLACK_Y_000020,P02,BLACK,Y,image_000020.jpg,training/P02/BLACK/Y/images/image_000020.jpg,23b82cfed6f54cfa4d037b5627424d4a9f752e113ec58f2be039a35de3234e1d,9176,,,true
P02_BLACK_Y_000021,P02,BLACK,Y,image_000021.jpg,training/P02/BLACK/Y/images/image_000021.jpg,67668911a0b622ecca579cb72533603226183985a46749ca199375f4777abbe6,7976,,,true
P02_BLACK_Y_000022,P02,BLACK,Y,image_000022.jpg,training/P02/BLACK/Y/images/image_000022.jpg,8875605db9a52ec9282c669bca4a61cb073151f58d6d909202fcabd9de14505f,8155,,,true
P02_BLACK_Y_000023,P02,BLACK,Y,image_000023.jpg,training/P02/BLACK/Y/images/image_000023.jpg,889390702274f856c759d4d66320672f8ed714add6a5a9bfc12169a46c8f10b8,8093,,,true
P02_BLACK_Y_000024,P02,BLACK,Y,image_000024.jpg,training/P02/BLACK/Y/images/image_000024.jpg,650a1f564b97906d936763563c06722ce850e4aff9264e7fb9e2e47f5d81c333,8443,,,true
P02_BLACK_Y_000025,P02,BLACK,Y,image_000025.jpg,training/P02/BLACK/Y/images/image_000025.jpg,37176004207d13d64c638f9643b153ae61756334b6d9449deb94f87d3dc341bf,9878,,,true
P02_WHITE_A_000001,P02,WHITE,A,image_000001.jpg,training/P02/WHITE/A/images/image_000001.jpg,3576976f1335e6078fee8f12dd98ac4d292d4ecb0ea56d3c07b6f90ae8a626a2,6345,,,true
P02_WHITE_A_000002,P02,WHITE,A,image_000002.jpg,training/P02/WHITE/A/images/image_000002.jpg,a090bd534e4099c8b60f78fed528affde751d2aaae5596c4c8003558ecb40c22,6508,,,true
P02_WHITE_A_000003,P02,WHITE,A,image_000003.jpg,training/P02/WHITE/A/images/image_000003.jpg,df5ff4718b17b8e0f7cbdb5bc1aa843541cbe6d599c6b142f7d36c1e05eda574,6637,,,true
P02_WHITE_A_000004,P02,WHITE,A,image_000004.jpg,training/P02/WHITE/A/images/image_000004.jpg,cbda9d3ce391926d3293b798a2953ed64547017eecb3e00e942c24ee55f58b9d,7217,,,true
P02_WHITE_A_000005,P02,WHITE,A,image_000005.jpg,training/P02/WHITE/A/images/image_000005.jpg,818a751ed2e20a5103021d1ac67b45093f9e0b911ce8727a9f6551bc0d1138a7,6554,,,true
P02_WHITE_A_000006,P02,WHITE,A,image_000006.jpg,training/P02/WHITE/A/images/image_000006.jpg,91dccf469b791dd0a0edbe07c8d6b848362d757a22bdeffbd359dc50036dccea,6531,,,true
P02_WHITE_A_000007,P02,WHITE,A,image_000007.jpg,training/P02/WHITE/A/images/image_000007.jpg,ab650c689400023e13c377cb050f6ec61f515ea25abc5fcba1e8e238aea0e0f6,6298,,,true
P02_WHITE_A_000008,P02,WHITE,A,image_000008.jpg,training/P02/WHITE/A/images/image_000008.jpg,e4749eb100cb546346ba0138da69ffd4a6dab076d46549367d29354da961b07e,6877,,,true
P02_WHITE_A_000009,P02,WHITE,A,image_000009.jpg,training/P02/WHITE/A/images/image_000009.jpg,3e9efe97557abe76c90bf7989a4222f42752feff26fc8f8a3609c97092d0b9b6,7101,,,true
P02_WHITE_A_000010,P02,WHITE,A,image_000010.jpg,training/P02/WHITE/A/images/image_000010.jpg,50b1e4573c24f9fd48dedffccf8f53013419bbd4cbc7661a2c71660628eea03e,6594,,,true
P02_WHITE_A_000011,P02,WHITE,A,image_000011.jpg,training/P02/WHITE/A/images/image_000011.jpg,85dc0a0bcb3aac0dec51cc16a0c94b17cf3ded39a401839427900d0bf4739178,6795,,,true
P02_WHITE_A_000012,P02,WHITE,A,image_000012.jpg,training/P02/WHITE/A/images/image_000012.jpg,cfde69565ee5f2e8395750765650c7ced64239ea5e6673e9b5431de21f934eea,7047,,,true
P02_WHITE_A_000013,P02,WHITE,A,image_000013.jpg,training/P02/WHITE/A/images/image_000013.jpg,a1ed5d72170b35659f7d08f86669478163fcc02f179c526629ecd5c9008160ea,6738,,,true
P02_WHITE_A_000014,P02,WHITE,A,image_000014.jpg,training/P02/WHITE/A/images/image_000014.jpg,65550ffcd4d2b753cfe3284f3f3279b47bbf92a40293726bd6b2607075e7012d,7703,,,true
P02_WHITE_A_000015,P02,WHITE,A,image_000015.jpg,training/P02/WHITE/A/images/image_000015.jpg,099e34a2b762a358f1673f45091bed2d2f714093dc8d477186e45dc453c12fd4,7560,,,true
P02_WHITE_A_000016,P02,WHITE,A,image_000016.jpg,training/P02/WHITE/A/images/image_000016.jpg,6e1f4a1d764f60e5e01fb0016d14e3326768e655c77ba86acc69192ea7785749,6308,,,true
P02_WHITE_A_000017,P02,WHITE,A,image_000017.jpg,training/P02/WHITE/A/images/image_000017.jpg,fd3d742d4af04deaa207e7ae729751c8052af6f0c7f95a598592744221b702ca,6692,,,true
P02_WHITE_A_000018,P02,WHITE,A,image_000018.jpg,training/P02/WHITE/A/images/image_000018.jpg,3d59ed0417d3eb2b228e4a4c399e4f87f3ee7308e5eef815d57dbb8e48c41a90,6797,,,true
P02_WHITE_A_000019,P02,WHITE,A,image_000019.jpg,training/P02/WHITE/A/images/image_000019.jpg,175e15b8a7dbb79ced3870e4782cd76be404bcb20663ae29bcfbf8ec938e44e3,7030,,,true
P02_WHITE_A_000020,P02,WHITE,A,image_000020.jpg,training/P02/WHITE/A/images/image_000020.jpg,1c86e397ed63a8170ea91fd999991ef3b6b2c7200400ebd03b8e5dbddc7560b8,6317,,,true
P02_WHITE_A_000021,P02,WHITE,A,image_000021.jpg,training/P02/WHITE/A/images/image_000021.jpg,cc4ba5f20076314ef4227cfad2f860a598a3413c8c4ffc56e0353adfd45d8353,6426,,,true
P02_WHITE_A_000022,P02,WHITE,A,image_000022.jpg,training/P02/WHITE/A/images/image_000022.jpg,e1f9081879af9d6a61d3d3c58f2f73a65787b8947000dd465720a8aa6a930bb7,6495,,,true
P02_WHITE_A_000023,P02,WHITE,A,image_000023.jpg,training/P02/WHITE/A/images/image_000023.jpg,c13522a50480297e8d47bfa9deb973ff2cfd3a0d35dbfe00b990fcaf4a910f4c,6422,,,true
P02_WHITE_A_000024,P02,WHITE,A,image_000024.jpg,training/P02/WHITE/A/images/image_000024.jpg,536334f32ec1bf4d2cf4d7fc90fee75a7b098dc09e0ec9eb3692f147459a74bb,6450,,,true
P02_WHITE_A_000025,P02,WHITE,A,image_000025.jpg,training/P02/WHITE/A/images/image_000025.jpg,5a7b64468babebab0fd9901d3f3f1c6774b6abeeef7488e9413e386eaf125e56,6973,,,true
P02_WHITE_B_000001,P02,WHITE,B,image_000001.jpg,training/P02/WHITE/B/images/image_000001.jpg,94257ea9846d995d6aa12e5b0d231cdd55e6ab1dcbea770fe13315da3f84aa1c,8354,,,true
P02_WHITE_B_000002,P02,WHITE,B,image_000002.jpg,training/P02/WHITE/B/images/image_000002.jpg,1a3da6699444bcbf6c64256d3b8f9ee0e33d1c992d86795f78845cee0f2ad6de,8745,,,true
P02_WHITE_B_000003,P02,WHITE,B,image_000003.jpg,training/P02/WHITE/B/images/image_000003.jpg,d2f462f52c3428868e68927ae89ba051c3541f5f16895b4566948d1f17d1c2c4,7243,,,true
P02_WHITE_B_000004,P02,WHITE,B,image_000004.jpg,training/P02/WHITE/B/images/image_000004.jpg,b57fe9538bcb632f83cdbf2d42c51eba540117cc5aae2613f5a5c20f63090f93,6811,,,true
P02_WHITE_B_000005,P02,WHITE,B,image_000005.jpg,training/P02/WHITE/B/images/image_000005.jpg,f1330e35d1e80a07074b3fb0750795721637d5f58e98e2389a46f93b983771af,7245,,,true
P02_WHITE_B_000006,P02,WHITE,B,image_000006.jpg,training/P02/WHITE/B/images/image_000006.jpg,4485cf799db074c822757b41a6939f78be2be9f7bbd117d4d402ae62bcc7058c,7215,,,true
P02_WHITE_B_000007,P02,WHITE,B,image_000007.jpg,training/P02/WHITE/B/images/image_000007.jpg,d87d81cd15a597d1dcfbe41a5a7b8941bbbcce61d884ffca741585f6afb9a4aa,6994,,,true
P02_WHITE_B_000008,P02,WHITE,B,image_000008.jpg,training/P02/WHITE/B/images/image_000008.jpg,84d0081907a641056a01d87e90f8f729d134d8432a32662133c5a286614b7d07,7086,,,true
P02_WHITE_B_000009,P02,WHITE,B,image_000009.jpg,training/P02/WHITE/B/images/image_000009.jpg,54657fcd51c85814553b02cd042a0e670296044374c801445d3648ec1a68b671,6968,,,true
P02_WHITE_B_000010,P02,WHITE,B,image_000010.jpg,training/P02/WHITE/B/images/image_000010.jpg,13454db39907b03aefb60a3fe97c46c37b27b458a8f3acf7ac874f29236e63f0,6996,,,true
P02_WHITE_B_000011,P02,WHITE,B,image_000011.jpg,training/P02/WHITE/B/images/image_000011.jpg,ff2db631a3f8fc2542c85e2e49f62e972fd8643cdeb8a8deb7988c281bfcbdc0,6498,,,true
P02_WHITE_B_000012,P02,WHITE,B,image_000012.jpg,training/P02/WHITE/B/images/image_000012.jpg,77bec02540a24d5ab3b428c17b240a874f6fd9d004920bdb594f884d9d45cb5a,6971,,,true
P02_WHITE_B_000013,P02,WHITE,B,image_000013.jpg,training/P02/WHITE/B/images/image_000013.jpg,01f4addc9a8d9fd813231b0baaa1908162928b637cb2e26e6b7a270bf76a5933,6929,,,true
P02_WHITE_B_000014,P02,WHITE,B,image_000014.jpg,training/P02/WHITE/B/images/image_000014.jpg,9f0aa69693d158914489d8a9929356ea8fa1f6919738faee28f9387392fe2cc7,7047,,,true
P02_WHITE_B_000015,P02,WHITE,B,image_000015.jpg,training/P02/WHITE/B/images/image_000015.jpg,f6c5b305f0e6d11ef97e9a849d8f9b1e01e2e08d20f13bbc074f704a6308e04c,7198,,,true
P02_WHITE_B_000016,P02,WHITE,B,image_000016.jpg,training/P02/WHITE/B/images/image_000016.jpg,eaf1ab82df62c673e853cc1ed3a6e97f0712089c94d5291b59c72d057da83737,6952,,,true
P02_WHITE_B_000017,P02,WHITE,B,image_000017.jpg,training/P02/WHITE/B/images/image_000017.jpg,cbb0ccd86e7330f0e33a066502c3e45ed75694c6fade4536132610fbbd469411,8018,,,true
P02_WHITE_B_000018,P02,WHITE,B,image_000018.jpg,training/P02/WHITE/B/images/image_000018.jpg,13e6c4d079ab780d6b5b49e34f7f4068eb904be2b0a59d673d8052a0c1abea9f,6586,,,true
P02_WHITE_B_000019,P02,WHITE,B,image_000019.jpg,training/P02/WHITE/B/images/image_000019.jpg,746d39df271842f3379d8391ee05a59c2b48b20b63dcb5d7bc79a8ff0f94c4c6,6626,,,true
P02_WHITE_B_000020,P02,WHITE,B,image_000020.jpg,training/P02/WHITE/B/images/image_000020.jpg,7386786c17b3f14953d0fae6947db62c19dd94b24e1489193d0e150427decdcd,7123,,,true
P02_WHITE_B_000021,P02,WHITE,B,image_000021.jpg,training/P02/WHITE/B/images/image_000021.jpg,455fe274a45e8c0b6d1322ed176034b0db8af69820529cec7f4c30d2476a056c,6685,,,true
P02_WHITE_B_000022,P02,WHITE,B,image_000022.jpg,training/P02/WHITE/B/images/image_000022.jpg,91e9e3a656b5aff6d9fcc42f6a9d6f705f680c4ebb22a9eb35637f172c31021c,6732,,,true
P02_WHITE_B_000023,P02,WHITE,B,image_000023.jpg,training/P02/WHITE/B/images/image_000023.jpg,0a87d746bf66e103d0e17a853d05d8430768471e5316d56f598ed52a8b1857c9,6542,,,true
P02_WHITE_B_000024,P02,WHITE,B,image_000024.jpg,training/P02/WHITE/B/images/image_000024.jpg,9de6b3c348a41ae4569457e4b7dbaf36c18d5117a971efa49ef1d90a02f488a0,6849,,,true
P02_WHITE_B_000025,P02,WHITE,B,image_000025.jpg,training/P02/WHITE/B/images/image_000025.jpg,bab8ee3ba2effdf45e0535f98676b3881d0d714dea50dc98d1d7c648f7ca4a88,6432,,,true
P02_WHITE_C_000001,P02,WHITE,C,image_000001.jpg,training/P02/WHITE/C/images/image_000001.jpg,7b571d1954adbe79dbe0ba97c526693baf7977045da185187c8e15dff06acd3d,6993,,,true
P02_WHITE_C_000002,P02,WHITE,C,image_000002.jpg,training/P02/WHITE/C/images/image_000002.jpg,e35b9597730030f51a17c38c9b00e889109d31724f106c9ae894c87439e6f4fb,6534,,,true
P02_WHITE_C_000003,P02,WHITE,C,image_000003.jpg,training/P02/WHITE/C/images/image_000003.jpg,cee26d5f44b45f1daad45d348e326bf7a1805848fb371cd2ac4c64f86b4e3c76,6971,,,true
P02_WHITE_C_000004,P02,WHITE,C,image_000004.jpg,training/P02/WHITE/C/images/image_000004.jpg,8aef6ae12fb4cb36d1d0884527c3c4d37c46d4c5924339b1b3145d8eec9edbee,6436,,,true
P02_WHITE_C_000005,P02,WHITE,C,image_000005.jpg,training/P02/WHITE/C/images/image_000005.jpg,b4d752825b501d58df685acf1a8c59581a6cd1247834c65717911be66e7b5ae3,6344,,,true
P02_WHITE_C_000006,P02,WHITE,C,image_000006.jpg,training/P02/WHITE/C/images/image_000006.jpg,a63f8a5add03f508af81b9607f21ceed1727c009f2def0c7880423d650d143b0,6911,,,true
P02_WHITE_C_000007,P02,WHITE,C,image_000007.jpg,training/P02/WHITE/C/images/image_000007.jpg,774e04abecaae1e812ac63b9efd1c75d7623c5d259da99cb4d9e0837aac29bee,7454,,,true
P02_WHITE_C_000008,P02,WHITE,C,image_000008.jpg,training/P02/WHITE/C/images/image_000008.jpg,c81c175e5b46d740fd8bb9726260382df84d6ee040301c176b2e0c0cae53f459,6777,,,true
P02_WHITE_C_000009,P02,WHITE,C,image_000009.jpg,training/P02/WHITE/C/images/image_000009.jpg,446a312da1d8712509fc49dd9e250ddb1bbad58b903b836630151dd4b4e0ea04,6747,,,true
P02_WHITE_C_000010,P02,WHITE,C,image_000010.jpg,training/P02/WHITE/C/images/image_000010.jpg,d9f3e95572938bfed2933cccc6191676d5b51ea87354014a8f6418374c378e5c,7198,,,true
P02_WHITE_C_000011,P02,WHITE,C,image_000011.jpg,training/P02/WHITE/C/images/image_000011.jpg,73d36fa00d14eb3ee71e9b12e94ec5fea5af018563d62e758c1a688813d1f05e,7254,,,true
P02_WHITE_C_000012,P02,WHITE,C,image_000012.jpg,training/P02/WHITE/C/images/image_000012.jpg,46cda0c21d7203418bb7ac5783345b0f36ed4a4c3d9462b837113ebc1f89ecf8,6942,,,true
P02_WHITE_C_000013,P02,WHITE,C,image_000013.jpg,training/P02/WHITE/C/images/image_000013.jpg,1aa4554bd250a930e7f6dfb84efb4505394e8ae957acde55cfe6dbc4e2c3ce4b,6811,,,true
P02_WHITE_C_000014,P02,WHITE,C,image_000014.jpg,training/P02/WHITE/C/images/image_000014.jpg,06c7ed8b9cb7ea87795da89be6ccdb29eb837e0f2c9c5dd9fcc25197bdd99ed4,7129,,,true
P02_WHITE_C_000015,P02,WHITE,C,image_000015.jpg,training/P02/WHITE/C/images/image_000015.jpg,fe367d4443229cf1129a057a62cfe5ea1cc66b3f4f97fead54fcd7d012ba9f15,6920,,,true
P02_WHITE_C_000016,P02,WHITE,C,image_000016.jpg,training/P02/WHITE/C/images/image_000016.jpg,e0bf5a337bc05668052c990396f604fecff9eb46e214655fc9270ba6c9e4290b,6691,,,true
P02_WHITE_C_000017,P02,WHITE,C,image_000017.jpg,training/P02/WHITE/C/images/image_000017.jpg,f4993a7051b698805d04b9d023cb992c85fe2e94188be9d6a3f7abdb376e850f,6749,,,true
P02_WHITE_C_000018,P02,WHITE,C,image_000018.jpg,training/P02/WHITE/C/images/image_000018.jpg,b78b5d958132f690b973549456cf1608b11a2df79ce9c8645e48368abc46c92e,7398,,,true
P02_WHITE_C_000019,P02,WHITE,C,image_000019.jpg,training/P02/WHITE/C/images/image_000019.jpg,71a120512dc900b62400392de7983e3cfd64c8a28831be01dbfa66470e044230,6816,,,true
P02_WHITE_C_000020,P02,WHITE,C,image_000020.jpg,training/P02/WHITE/C/images/image_000020.jpg,d91d7b80b6e87bbc259a9ac4e1cd37f5953bb427e5d5f7ce076e401f829b6770,6807,,,true
P02_WHITE_C_000021,P02,WHITE,C,image_000021.jpg,training/P02/WHITE/C/images/image_000021.jpg,1f6e324a0f2b6389a403071046221d2c859294b69a80b986ea0eef31bd9d993b,8065,,,true
P02_WHITE_C_000022,P02,WHITE,C,image_000022.jpg,training/P02/WHITE/C/images/image_000022.jpg,a7b5d633e19a217b0070cf9617e08fb3037f0810d8799254d5d74ba2651e1024,7408,,,true
P02_WHITE_C_000023,P02,WHITE,C,image_000023.jpg,training/P02/WHITE/C/images/image_000023.jpg,33c0da89b127702cb3996ea169cbe8f0c65dd7943678f528dbfd98b5e5749597,7092,,,true
P02_WHITE_C_000024,P02,WHITE,C,image_000024.jpg,training/P02/WHITE/C/images/image_000024.jpg,300e37ba767fa1820036d86b276378be73c3226d1ef3039da803c1ad7e642559,6836,,,true
P02_WHITE_C_000025,P02,WHITE,C,image_000025.jpg,training/P02/WHITE/C/images/image_000025.jpg,624a9b827889b9176dcb1f7faa74af80314aceedffa549e6ddedde0de1feade9,6651,,,true
P02_WHITE_E_000001,P02,WHITE,E,image_000001.jpg,training/P02/WHITE/E/images/image_000001.jpg,8f677b0e1472c233fa09308c7d7d4db56773f5d0dd1340e409767687556a676f,7448,,,true
P02_WHITE_E_000002,P02,WHITE,E,image_000002.jpg,training/P02/WHITE/E/images/image_000002.jpg,1794285398d15fd99fe9dc2307f4fae83bb6db198ac95d336e4dcfa4d7e3833b,7254,,,true
P02_WHITE_E_000003,P02,WHITE,E,image_000003.jpg,training/P02/WHITE/E/images/image_000003.jpg,ede196d3a07eb0d25b3cbf78007e121c47096222c707d97a45b01c3a3b1df7ac,7111,,,true
P02_WHITE_E_000004,P02,WHITE,E,image_000004.jpg,training/P02/WHITE/E/images/image_000004.jpg,ca78384387626a2bf6e56e7b5f4f55a495d40a215efb7c760e9cf361b6f5df61,6784,,,true
P02_WHITE_E_000005,P02,WHITE,E,image_000005.jpg,training/P02/WHITE/E/images/image_000005.jpg,cbbc6b2ba0323d1f7b28c11617c9a6f61a35d78b2d86ccbe42e37b678b77f32c,7366,,,true
P02_WHITE_E_000006,P02,WHITE,E,image_000006.jpg,training/P02/WHITE/E/images/image_000006.jpg,5e1c22e14a96805e26029a7278063607ec3616f11815e6dc63422f2fb357c662,7340,,,true
P02_WHITE_E_000007,P02,WHITE,E,image_000007.jpg,training/P02/WHITE/E/images/image_000007.jpg,512c99ba50451b17a0a0c00a09d2dc81ad7ebd744b880b49da850970088c2f6c,6807,,,true
P02_WHITE_E_000008,P02,WHITE,E,image_000008.jpg,training/P02/WHITE/E/images/image_000008.jpg,be970a50e2e5e21d588b7167753f02ba2f80be24bd81a76bcd92d58aea265b1e,7108,,,true
P02_WHITE_E_000009,P02,WHITE,E,image_000009.jpg,training/P02/WHITE/E/images/image_000009.jpg,647a37016a63e80c3aa109b50b7d7240259709d41996b727648eb94613963f0d,6678,,,true
P02_WHITE_E_000010,P02,WHITE,E,image_000010.jpg,training/P02/WHITE/E/images/image_000010.jpg,832f29aa3f595bdd1e2a137241403faec9d6413299aa5c8d67d3981b3dc53dda,6955,,,true
P02_WHITE_E_000011,P02,WHITE,E,image_000011.jpg,training/P02/WHITE/E/images/image_000011.jpg,4076f39eec5a94e1b0f772592031254f03ee4f4d1b3344bf9a2c7b2622edd2b0,6797,,,true
P02_WHITE_E_000012,P02,WHITE,E,image_000012.jpg,training/P02/WHITE/E/images/image_000012.jpg,b6ac61822f42ae5971cf6c92e93b922b862f7e618231b57ac0380ad8974b69c5,7099,,,true
P02_WHITE_E_000013,P02,WHITE,E,image_000013.jpg,training/P02/WHITE/E/images/image_000013.jpg,0d07c99523a5d4234ee4bf6babe372070fbb750a397a9540096e049db5e875cf,6690,,,true
P02_WHITE_E_000014,P02,WHITE,E,image_000014.jpg,training/P02/WHITE/E/images/image_000014.jpg,461b16c18a48718073335b2744bc8b6493a8a89f75ca9cc241d0d2f242eb9e75,6736,,,true
P02_WHITE_E_000015,P02,WHITE,E,image_000015.jpg,training/P02/WHITE/E/images/image_000015.jpg,c358f8f825a8fab2d4c6b8cb94239a2e2726ebced20762371ca3fac9f00e520c,7000,,,true
P02_WHITE_E_000016,P02,WHITE,E,image_000016.jpg,training/P02/WHITE/E/images/image_000016.jpg,ad9f79d355a6d1aa116b555feb4f351ac5932d135d0ca6fc2bbddd86a5039556,6541,,,true
P02_WHITE_E_000017,P02,WHITE,E,image_000017.jpg,training/P02/WHITE/E/images/image_000017.jpg,f5d9644d8d53cd8dd8f08307ecffd02e8cff2e234b284c5832173bc0a494c32c,7038,,,true
P02_WHITE_E_000018,P02,WHITE,E,image_000018.jpg,training/P02/WHITE/E/images/image_000018.jpg,80a6872ebc41c300488edc5ab9154ad95ec294779a9088867239cb314442c78f,6778,,,true
P02_WHITE_E_000019,P02,WHITE,E,image_000019.jpg,training/P02/WHITE/E/images/image_000019.jpg,fb7ae3a310c621815b7b3872cb7248669520d547c111ed04df73784903e28e65,6708,,,true
P02_WHITE_E_000020,P02,WHITE,E,image_000020.jpg,training/P02/WHITE/E/images/image_000020.jpg,6d8f45de33594bb24090cdc94981913b928980fd724d373e60ac790ce7eb6c44,7074,,,true
P02_WHITE_E_000021,P02,WHITE,E,image_000021.jpg,training/P02/WHITE/E/images/image_000021.jpg,bea828fa65665eb9eeaf6d18bdac9befcb5b86f78786a9911a99f783fb520454,7139,,,true
P02_WHITE_E_000022,P02,WHITE,E,image_000022.jpg,training/P02/WHITE/E/images/image_000022.jpg,35771da5fa8cbb96f1648332c36c55621ec51e0ca3618de4d24332cf83d4875d,6797,,,true
P02_WHITE_E_000023,P02,WHITE,E,image_000023.jpg,training/P02/WHITE/E/images/image_000023.jpg,7f60040487b211244593fcb4276e433d7cd479970cd7dcd6dbcfc894d2e763c0,7127,,,true
P02_WHITE_E_000024,P02,WHITE,E,image_000024.jpg,training/P02/WHITE/E/images/image_000024.jpg,cb509a682eb8ebbeff0b64c9f4e791872064e14eae81221e367f43ea9e1b8310,6644,,,true
P02_WHITE_E_000025,P02,WHITE,E,image_000025.jpg,training/P02/WHITE/E/images/image_000025.jpg,661fb825cd6c341fc1cf5a11e4f10969e6eb4af77c316d89f6a65a7137ca9175,7160,,,true
P02_WHITE_I_000001,P02,WHITE,I,image_000001.jpg,training/P02/WHITE/I/images/image_000001.jpg,0f44a83edf23fe82debd96de4905486971de9439be21781ade9997e8776abb05,8052,,,true
P02_WHITE_I_000002,P02,WHITE,I,image_000002.jpg,training/P02/WHITE/I/images/image_000002.jpg,8bb81db4328c4096f454bfb71cae4ffecb6fb00ad1a7dbd7a5dc31d2c983948d,7070,,,true
P02_WHITE_I_000003,P02,WHITE,I,image_000003.jpg,training/P02/WHITE/I/images/image_000003.jpg,19f17c890a2cd3f4c4242cbdd703f1b97648bccca4211d73eff7d0ad1942b1f7,6718,,,true
P02_WHITE_I_000004,P02,WHITE,I,image_000004.jpg,training/P02/WHITE/I/images/image_000004.jpg,a6b87c31d91568d02c434ac14625c2b9b464913ccc63327132244ab12de2e120,6627,,,true
P02_WHITE_I_000005,P02,WHITE,I,image_000005.jpg,training/P02/WHITE/I/images/image_000005.jpg,19aa2e49aa8d9f066b3e734bb851ad042bd62d0a42f9eda946655588705aa2bd,7104,,,true
P02_WHITE_I_000006,P02,WHITE,I,image_000006.jpg,training/P02/WHITE/I/images/image_000006.jpg,bc0422052fb6e022c86a92834700a3b8eb3a5021d1c8934bc913d82d29bb9082,6991,,,true
P02_WHITE_I_000007,P02,WHITE,I,image_000007.jpg,training/P02/WHITE/I/images/image_000007.jpg,e86993ac542eb8da050af779efea4cd071e1ca79c25d1a6a4f2315cebbc45ab5,6829,,,true
P02_WHITE_I_000008,P02,WHITE,I,image_000008.jpg,training/P02/WHITE/I/images/image_000008.jpg,4faf990cf49e4cb6e62674a5431d2431fea987929aabf92f22f126951964a28e,7062,,,true
P02_WHITE_I_000009,P02,WHITE,I,image_000009.jpg,training/P02/WHITE/I/images/image_000009.jpg,39a5a704ed67a5e0849afa535d21671f5c2c9d828678986a6132a8fd2a9cb0b1,7131,,,true
P02_WHITE_I_000010,P02,WHITE,I,image_000010.jpg,training/P02/WHITE/I/images/image_000010.jpg,6839d48ce82f71010400d162139ec31bcabd38a874cf6db1614c6d99edbb4fda,6645,,,true
P02_WHITE_I_000011,P02,WHITE,I,image_000011.jpg,training/P02/WHITE/I/images/image_000011.jpg,5a6ba3a0a75fb33b760ba86366c883abd6815760be1e1a5267155636f6125cff,6894,,,true
P02_WHITE_I_000012,P02,WHITE,I,image_000012.jpg,training/P02/WHITE/I/images/image_000012.jpg,2567b1ef14e88d58a2e912f28bcdb2e3e586a46823e02596a92bf352f1797f08,6872,,,true
P02_WHITE_I_000013,P02,WHITE,I,image_000013.jpg,training/P02/WHITE/I/images/image_000013.jpg,14e3fa7b249daca23c4aaf279530d5535d3d0c0d445a11cdeb6e5fcaec42dd79,6888,,,true
P02_WHITE_I_000014,P02,WHITE,I,image_000014.jpg,training/P02/WHITE/I/images/image_000014.jpg,d1b9e8244c40e9d186593d5541baa74d37a6500eff3ca5061ee9d1cdd2de564e,6640,,,true
P02_WHITE_I_000015,P02,WHITE,I,image_000015.jpg,training/P02/WHITE/I/images/image_000015.jpg,5d732badfbeb7f8bb364dfaf5951b0f935166e4a66fdca172ef314ec997159fe,6421,,,true
P02_WHITE_I_000016,P02,WHITE,I,image_000016.jpg,training/P02/WHITE/I/images/image_000016.jpg,3ad669e206cf1ebbb5615e6db77092ea5bb2674664645249e08b0803670f6181,6821,,,true
P02_WHITE_I_000017,P02,WHITE,I,image_000017.jpg,training/P02/WHITE/I/images/image_000017.jpg,699d75189c853bf5f84238df0449a3fd9ebb1b2f8ef2f7c49770309b16bd42f6,6712,,,true
P02_WHITE_I_000018,P02,WHITE,I,image_000018.jpg,training/P02/WHITE/I/images/image_000018.jpg,b0f9282695a6764b180b6fdae0b71255f45930c924bfa6ace527c44a5534b203,6601,,,true
P02_WHITE_I_000019,P02,WHITE,I,image_000019.jpg,training/P02/WHITE/I/images/image_000019.jpg,84857f6596874664d886f944b5bd739c00305b8ff483852793c38b50801bd02e,7119,,,true
P02_WHITE_I_000020,P02,WHITE,I,image_000020.jpg,training/P02/WHITE/I/images/image_000020.jpg,b2ddc545351440b75a045b4a8d893f2197f3f532dda017e004949185e4e70c20,7189,,,true
P02_WHITE_I_000021,P02,WHITE,I,image_000021.jpg,training/P02/WHITE/I/images/image_000021.jpg,6b5b8eeae867091eb10d26e971b2195ec82e7b5dcaa0defa172416e925735971,6798,,,true
P02_WHITE_I_000022,P02,WHITE,I,image_000022.jpg,training/P02/WHITE/I/images/image_000022.jpg,63fb73af7aa8ddc24751ceda29aa17b406028313a8332dc1bea0cc7c2a5f7ffd,6589,,,true
P02_WHITE_I_000023,P02,WHITE,I,image_000023.jpg,training/P02/WHITE/I/images/image_000023.jpg,f4c7562b29f63eeaa44969e4cd39b540f4e00ee91f43ff861185d5761acbdce0,6677,,,true
P02_WHITE_I_000024,P02,WHITE,I,image_000024.jpg,training/P02/WHITE/I/images/image_000024.jpg,a2e3323c50d391b4ea5fb37aaa761b5d2166af3e012a8346b4287802cfc16a9a,7148,,,true
P02_WHITE_I_000025,P02,WHITE,I,image_000025.jpg,training/P02/WHITE/I/images/image_000025.jpg,65ea2dd2fe20d4481b45bcd57c02f0d08c3c50ffc632f7bbfc2c1db7a1530843,6700,,,true
P02_WHITE_L_000001,P02,WHITE,L,image_000001.jpg,training/P02/WHITE/L/images/image_000001.jpg,3c3ff741d3405aec424c4ddc7c9eaafd402506245305bde5fa7b3e53448c3420,8238,,,true
P02_WHITE_L_000002,P02,WHITE,L,image_000002.jpg,training/P02/WHITE/L/images/image_000002.jpg,f13401056459b47f56a780b3250306d6ae8a325c302f21b7df750d0812a7a2c5,7517,,,true
P02_WHITE_L_000003,P02,WHITE,L,image_000003.jpg,training/P02/WHITE/L/images/image_000003.jpg,6edb5ccfcc1964b7d5b05209ea3b732e6ca8e4a66d73cce0842d01749a2315dd,7124,,,true
P02_WHITE_L_000004,P02,WHITE,L,image_000004.jpg,training/P02/WHITE/L/images/image_000004.jpg,f8ae7b240eb3609dca5672d509dce77b676cf9bc57e850793b86772e1d16bb5d,7066,,,true
P02_WHITE_L_000005,P02,WHITE,L,image_000005.jpg,training/P02/WHITE/L/images/image_000005.jpg,0d6afbadcda250e04223268b5756a96fddf79706d800a87900a942787c4ff74f,7536,,,true
P02_WHITE_L_000006,P02,WHITE,L,image_000006.jpg,training/P02/WHITE/L/images/image_000006.jpg,db460c7dd1bce22bdd50db6e6e49e50d8224ba408fa3011a7613531818fffec6,6899,,,true
P02_WHITE_L_000007,P02,WHITE,L,image_000007.jpg,training/P02/WHITE/L/images/image_000007.jpg,a936172a0e15ec12acc56fde0cfb55f88872cd568ce2b115a5c07e9cbbfad8f0,6594,,,true
P02_WHITE_L_000008,P02,WHITE,L,image_000008.jpg,training/P02/WHITE/L/images/image_000008.jpg,5a75c45cbca639895e335b298ef8f04d14d127863165e3a96376f6a52c850a32,6546,,,true
P02_WHITE_L_000009,P02,WHITE,L,image_000009.jpg,training/P02/WHITE/L/images/image_000009.jpg,f1b07abcbc5af9ae589b35b5ce25a3a90d78df133acee03bf6c351322c0eadc9,6462,,,true
P02_WHITE_L_000010,P02,WHITE,L,image_000010.jpg,training/P02/WHITE/L/images/image_000010.jpg,278c2b7ab01de7e926635d026dea6f789992c8c94a721db77598dbaa24164087,6668,,,true
P02_WHITE_L_000011,P02,WHITE,L,image_000011.jpg,training/P02/WHITE/L/images/image_000011.jpg,462e986293f5da925823d3672566eced6be3deab7fc983d097c813668e144746,6909,,,true
P02_WHITE_L_000012,P02,WHITE,L,image_000012.jpg,training/P02/WHITE/L/images/image_000012.jpg,d30da967214bc1a4b59ba5c6a45db0b1f34a19c45e852e56176b5932c4009c9c,6730,,,true
P02_WHITE_L_000013,P02,WHITE,L,image_000013.jpg,training/P02/WHITE/L/images/image_000013.jpg,8a054c31085b01bea4d5267d570bd1fa24117f5437918db45887094b144bb3ce,6442,,,true
P02_WHITE_L_000014,P02,WHITE,L,image_000014.jpg,training/P02/WHITE/L/images/image_000014.jpg,c5a0155694591df0babc96a9e589d34f45a08753150e5456de21a3b2ec5acf29,6930,,,true
P02_WHITE_L_000015,P02,WHITE,L,image_000015.jpg,training/P02/WHITE/L/images/image_000015.jpg,f92bf23e36cc443517cec0ebedf1c4e24fc67c165a1fda4a2e66b44b907cd79f,7217,,,true
P02_WHITE_L_000016,P02,WHITE,L,image_000016.jpg,training/P02/WHITE/L/images/image_000016.jpg,19e331cba8a85e78c3d7a971dd8913968f940e1a2336e552418d08205aa3a7c7,7228,,,true
P02_WHITE_L_000017,P02,WHITE,L,image_000017.jpg,training/P02/WHITE/L/images/image_000017.jpg,f002e7857cb02a5014382c38125e0ba6a908260794f2bbd3652b73f58b061a21,7134,,,true
P02_WHITE_L_000018,P02,WHITE,L,image_000018.jpg,training/P02/WHITE/L/images/image_000018.jpg,9be3cbfdc12fc109112df554fac010ee36c4989eebc68a2d184026832a5a75b5,6826,,,true
P02_WHITE_L_000019,P02,WHITE,L,image_000019.jpg,training/P02/WHITE/L/images/image_000019.jpg,61b4956beaf54a7453e15ebf57699df0fefd4634b6e14bfddc9e8a7b6afca702,6486,,,true
P02_WHITE_L_000020,P02,WHITE,L,image_000020.jpg,training/P02/WHITE/L/images/image_000020.jpg,a47cd5190b23502b89b05b70d41659a367a95206b7de6abf9d90b74b9ba9a048,6533,,,true
P02_WHITE_L_000021,P02,WHITE,L,image_000021.jpg,training/P02/WHITE/L/images/image_000021.jpg,85efe7d031e62c4c1cfc48448b543324e00904d16afebfab9434835039b08d7d,6775,,,true
P02_WHITE_L_000022,P02,WHITE,L,image_000022.jpg,training/P02/WHITE/L/images/image_000022.jpg,86bf91d285e6bd37e2d4532fdc1e25f77dfc7fc43bd7298f67d052412d2f76da,6898,,,true
P02_WHITE_L_000023,P02,WHITE,L,image_000023.jpg,training/P02/WHITE/L/images/image_000023.jpg,ce3338444f0d3dfdd85f77135eb80a88a188c1e646c3b8f84603974f33c850b9,6588,,,true
P02_WHITE_L_000024,P02,WHITE,L,image_000024.jpg,training/P02/WHITE/L/images/image_000024.jpg,aad6719e4140ba419e9cf40c54dd60b9df1f053a1b3d37c61ae76f9ff5d58e09,6799,,,true
P02_WHITE_L_000025,P02,WHITE,L,image_000025.jpg,training/P02/WHITE/L/images/image_000025.jpg,407274f9b189c255698c2e7b8631c45425c6f8b200557be96d0c40be207ce84d,7052,,,true
P02_WHITE_M_000001,P02,WHITE,M,image_000001.jpg,training/P02/WHITE/M/images/image_000001.jpg,c63b5e99df39e22cbc4e3ba09fa0ffb435d1cd5dc4dce8ec85c1c32419d0bc21,7678,,,true
P02_WHITE_M_000002,P02,WHITE,M,image_000002.jpg,training/P02/WHITE/M/images/image_000002.jpg,6a830bb4e58b904b06cb3bd1cc2d231fe300f4a444ec8c0130df08670b1fecf4,7894,,,true
P02_WHITE_M_000003,P02,WHITE,M,image_000003.jpg,training/P02/WHITE/M/images/image_000003.jpg,d2074afb52d4fa54040c9607c0150c336bc9130e7c4161df40521a487385cb0c,7260,,,true
P02_WHITE_M_000004,P02,WHITE,M,image_000004.jpg,training/P02/WHITE/M/images/image_000004.jpg,e5d626aa989af8634f616ac8dec3b63f38526059a97035d09cf3b8d649e3399b,7973,,,true
P02_WHITE_M_000005,P02,WHITE,M,image_000005.jpg,training/P02/WHITE/M/images/image_000005.jpg,e7edc89cb45dd7e84a99e0eb5a395d4ee83517cb0704d663616db853607a8592,7490,,,true
P02_WHITE_M_000006,P02,WHITE,M,image_000006.jpg,training/P02/WHITE/M/images/image_000006.jpg,d3d71c0c90f4526f60d5c2b574ac854f979e085c25e05a034a6ce7fe286886b2,7286,,,true
P02_WHITE_M_000007,P02,WHITE,M,image_000007.jpg,training/P02/WHITE/M/images/image_000007.jpg,12dc93365b8de136001e636df0c9e3bc1b6a0791499662dacef452936cdfc573,7652,,,true
P02_WHITE_M_000008,P02,WHITE,M,image_000008.jpg,training/P02/WHITE/M/images/image_000008.jpg,b003e8a667213f4248d53f29b3e18518b22422a6ef1f8f6f86d76caae1a169a2,7013,,,true
P02_WHITE_M_000009,P02,WHITE,M,image_000009.jpg,training/P02/WHITE/M/images/image_000009.jpg,f5ac4e0cfb26154418199584e5c10cb62f88b2cd2baba8073b664dd82a7c1c82,7503,,,true
P02_WHITE_M_000010,P02,WHITE,M,image_000010.jpg,training/P02/WHITE/M/images/image_000010.jpg,62bfae32e0addedb537ba8ef0b8b24e02a905241992392b25305873216a5d3fd,7354,,,true
P02_WHITE_M_000011,P02,WHITE,M,image_000011.jpg,training/P02/WHITE/M/images/image_000011.jpg,931f68e7a909004a17be237f9ddd95de4ac6a926e67dfa168685ea8ef930543f,7205,,,true
P02_WHITE_M_000012,P02,WHITE,M,image_000012.jpg,training/P02/WHITE/M/images/image_000012.jpg,8d82ba6bee785be6e7b077e516ff22239fd3996a1cf913e60099263f60dbf114,7619,,,true
P02_WHITE_M_000013,P02,WHITE,M,image_000013.jpg,training/P02/WHITE/M/images/image_000013.jpg,0e587080a33126091414d48b5d8b1008ac02de514013c48138d1e028b185be41,6836,,,true
P02_WHITE_M_000014,P02,WHITE,M,image_000014.jpg,training/P02/WHITE/M/images/image_000014.jpg,fc19032d3f9c92b2f8f54e7993f33eab70f5a9a2a4cc3051f1705bf2a136f167,6821,,,true
P02_WHITE_M_000015,P02,WHITE,M,image_000015.jpg,training/P02/WHITE/M/images/image_000015.jpg,944297615bd8720ada67da28ce24a7745b8ff1bcbddd59b319f2bbde7c869ec2,7095,,,true
P02_WHITE_M_000016,P02,WHITE,M,image_000016.jpg,training/P02/WHITE/M/images/image_000016.jpg,fdf93e2e1d406ed2635af06e89b060c558416cb268f71fd13020077b88726358,7000,,,true
P02_WHITE_M_000017,P02,WHITE,M,image_000017.jpg,training/P02/WHITE/M/images/image_000017.jpg,8d5845d973525d5a4409e6befea2be97b795b2ed96115de2982c35ea891cc914,7807,,,true
P02_WHITE_M_000018,P02,WHITE,M,image_000018.jpg,training/P02/WHITE/M/images/image_000018.jpg,89f91cefdeb8bb8f0519c70b891f668b983d8ee3624864001f3a23993ff0f0f6,7087,,,true
P02_WHITE_M_000019,P02,WHITE,M,image_000019.jpg,training/P02/WHITE/M/images/image_000019.jpg,eb472919662d06ea3958c09206576cc8d381f8fc1820f18dc04139796d2cb399,8308,,,true
P02_WHITE_M_000020,P02,WHITE,M,image_000020.jpg,training/P02/WHITE/M/images/image_000020.jpg,fc22124c3be47bfae02b0224d58a105164eb6e125e012e7aa2f4948ecfc62e55,7922,,,true
P02_WHITE_M_000021,P02,WHITE,M,image_000021.jpg,training/P02/WHITE/M/images/image_000021.jpg,c929918be32498780872ae723aa42c5771aa19b20d0aea6486635431f617951a,7261,,,true
P02_WHITE_M_000022,P02,WHITE,M,image_000022.jpg,training/P02/WHITE/M/images/image_000022.jpg,e0ab60594bca8fe649065d8b48da10736ff30b52b8824828d96f624395b88265,6989,,,true
P02_WHITE_M_000023,P02,WHITE,M,image_000023.jpg,training/P02/WHITE/M/images/image_000023.jpg,a175f65ea0981e65502828fdae1871cdab92cfff26d776cb1d4736cdb9ab3336,7574,,,true
P02_WHITE_M_000024,P02,WHITE,M,image_000024.jpg,training/P02/WHITE/M/images/image_000024.jpg,b7e7ebaee7741c04e60afc81abea3d9b11a10242f70b5f8286571c8e9c3abfe8,7410,,,true
P02_WHITE_M_000025,P02,WHITE,M,image_000025.jpg,training/P02/WHITE/M/images/image_000025.jpg,dd7396905c521c57f55fec5faa52f2236c6f155ee2ea9154800214170ca92f41,7288,,,true
P02_WHITE_N_000001,P02,WHITE,N,image_000001.jpg,training/P02/WHITE/N/images/image_000001.jpg,ba95ee1754c75fea7b7f3e3b6e8d9a1a5d596f38c79e8f3c5fbde9f3d3ffb72a,7950,,,true
P02_WHITE_N_000002,P02,WHITE,N,image_000002.jpg,training/P02/WHITE/N/images/image_000002.jpg,e303c5401907a66a4b3a83ebca4a930dc6476ee41cf81c737723e2cb287eaf46,7065,,,true
P02_WHITE_N_000003,P02,WHITE,N,image_000003.jpg,training/P02/WHITE/N/images/image_000003.jpg,c27c1637a2224468196809e66d561dc68e7dd4455b2e1c170f142147f9d34965,6939,,,true
P02_WHITE_N_000004,P02,WHITE,N,image_000004.jpg,training/P02/WHITE/N/images/image_000004.jpg,bbd52666339fbec70e9cede8597eaa47da7031f9a92b4e2cdbde01bedfe1f4c6,7361,,,true
P02_WHITE_N_000005,P02,WHITE,N,image_000005.jpg,training/P02/WHITE/N/images/image_000005.jpg,91dd177a2a28a0bc04a62351a302329348a29c573fb30e89b3e80ca38560cbf5,6712,,,true
P02_WHITE_N_000006,P02,WHITE,N,image_000006.jpg,training/P02/WHITE/N/images/image_000006.jpg,633ef85f8e0c0fff2ec52ff37a97b629d382f24dea63b15e13a79dc8c315a109,7422,,,true
P02_WHITE_N_000007,P02,WHITE,N,image_000007.jpg,training/P02/WHITE/N/images/image_000007.jpg,0a4d62d389b9b41841d089fb4348d0e475655923aca14d93c405f3e059f58661,7049,,,true
P02_WHITE_N_000008,P02,WHITE,N,image_000008.jpg,training/P02/WHITE/N/images/image_000008.jpg,ec3a2dead4887ecfff3576d323ae0dd29bdbc66fd7ded901d67c5aeac24c5930,7148,,,true
P02_WHITE_N_000009,P02,WHITE,N,image_000009.jpg,training/P02/WHITE/N/images/image_000009.jpg,c9af9c6e0661ddb30129be1873abc354ba1fd2828be3cdd1b77e3afda66aa5c3,7684,,,true
P02_WHITE_N_000010,P02,WHITE,N,image_000010.jpg,training/P02/WHITE/N/images/image_000010.jpg,9338b4aae846fe2ec02c456a4c9a1fec81c23916d943f6aa2b2a4070df665883,7211,,,true
P02_WHITE_N_000011,P02,WHITE,N,image_000011.jpg,training/P02/WHITE/N/images/image_000011.jpg,553f94a85976e5bf4fabc0e931a6b20f0b4a3fc18fb544508ee5ecd5feb7733d,7432,,,true
P02_WHITE_N_000012,P02,WHITE,N,image_000012.jpg,training/P02/WHITE/N/images/image_000012.jpg,525dfa0a1f5ca4ff993ab6a27e85557e039e7ea36135e7867e2bc7cbd1858f95,6519,,,true
P02_WHITE_N_000013,P02,WHITE,N,image_000013.jpg,training/P02/WHITE/N/images/image_000013.jpg,363062170b00b3fdf846bdf147dd2e1decede2b031bf67a4e29423955ae3189e,6881,,,true
P02_WHITE_N_000014,P02,WHITE,N,image_000014.jpg,training/P02/WHITE/N/images/image_000014.jpg,9cee15b34c7900da76f41b5b84ee762eff11faf99b6d9fef92a20221e4b6f8d4,7091,,,true
P02_WHITE_N_000015,P02,WHITE,N,image_000015.jpg,training/P02/WHITE/N/images/image_000015.jpg,c94b111f3714d319293e637841d38899ff3aa42db5ca0d3bc1f0c7e4ff119e80,6699,,,true
P02_WHITE_N_000016,P02,WHITE,N,image_000016.jpg,training/P02/WHITE/N/images/image_000016.jpg,9c6137564d8011c71b5a1eaf4117aee143e6802d17cafd6fb662587966e0bc17,6924,,,true
P02_WHITE_N_000017,P02,WHITE,N,image_000017.jpg,training/P02/WHITE/N/images/image_000017.jpg,64cfcc33d13152d9bfb590801bbd7236145546754e7b7f94765520f9453d266c,7473,,,true
P02_WHITE_N_000018,P02,WHITE,N,image_000018.jpg,training/P02/WHITE/N/images/image_000018.jpg,c599f553e91089263802d4f57a53b2c7d8e5cec2fe9e37f94207f7886357c666,7321,,,true
P02_WHITE_N_000019,P02,WHITE,N,image_000019.jpg,training/P02/WHITE/N/images/image_000019.jpg,f3721bb6f02a5bcbfbefccc1888615538172ec5cf7203dcb32904851be45ef16,7237,,,true
P02_WHITE_N_000020,P02,WHITE,N,image_000020.jpg,training/P02/WHITE/N/images/image_000020.jpg,40f1ba45b883aec85d3609022157c73714adea96a881275ac198f26808ad199a,7494,,,true
P02_WHITE_N_000021,P02,WHITE,N,image_000021.jpg,training/P02/WHITE/N/images/image_000021.jpg,853c0df4a994981b264d8f72a32072b09bf3a2d92cf689e04a41e6e14e64275b,7604,,,true
P02_WHITE_N_000022,P02,WHITE,N,image_000022.jpg,training/P02/WHITE/N/images/image_000022.jpg,e4167c620c78e631ac280c52b43ba93437cae4920c7dcd8bf66688214f4e3459,7651,,,true
P02_WHITE_N_000023,P02,WHITE,N,image_000023.jpg,training/P02/WHITE/N/images/image_000023.jpg,8b143601d1aecbd849255e95430cedf8b5eebae99ad8054370d0d26d77b4f0c3,7414,,,true
P02_WHITE_N_000024,P02,WHITE,N,image_000024.jpg,training/P02/WHITE/N/images/image_000024.jpg,82c8b2971baf8c687defb7a3254a4996ebd684e99318df7133c94ae365076882,7242,,,true
P02_WHITE_N_000025,P02,WHITE,N,image_000025.jpg,training/P02/WHITE/N/images/image_000025.jpg,2861f1d059a99d6dc2f127cf4af329d3cfcd9a7901daae4356611c5c7204b340,7471,,,true
P02_WHITE_O_000001,P02,WHITE,O,image_000001.jpg,training/P02/WHITE/O/images/image_000001.jpg,fd2f18504308aec5f3fdc99a5b8686f93ab74494f6c9c4669a6d539639af9b25,7429,,,true
P02_WHITE_O_000002,P02,WHITE,O,image_000002.jpg,training/P02/WHITE/O/images/image_000002.jpg,94d39073ef47a94a2bfd48a2a020f40c86f3820305e7adcefdf8763c9cae6a09,7653,,,true
P02_WHITE_O_000003,P02,WHITE,O,image_000003.jpg,training/P02/WHITE/O/images/image_000003.jpg,b87b4bd8aee38e35bc3b978a7f82e6f52dbb366092cc62fccd1f50aa54182e36,7846,,,true
P02_WHITE_O_000004,P02,WHITE,O,image_000004.jpg,training/P02/WHITE/O/images/image_000004.jpg,99b6b64b252a8a6f7068299f5d79724a7bd57174e4ac6e168007a4cb5981d598,8151,,,true
P02_WHITE_O_000005,P02,WHITE,O,image_000005.jpg,training/P02/WHITE/O/images/image_000005.jpg,df6578101de6b740e7bb7773162d2cccf90cbb044dcbd724cad56efeecffde0b,7874,,,true
P02_WHITE_O_000006,P02,WHITE,O,image_000006.jpg,training/P02/WHITE/O/images/image_000006.jpg,141cc47db2d803f6ed173bd758a3f987430127b31f8ceaf9d41d19a01cb350b6,8192,,,true
P02_WHITE_O_000007,P02,WHITE,O,image_000007.jpg,training/P02/WHITE/O/images/image_000007.jpg,9915acc778ee40032e2d37b29c1f2b16e6f35c59d28a43ec7cff4e90bfa5ea17,8321,,,true
P02_WHITE_O_000008,P02,WHITE,O,image_000008.jpg,training/P02/WHITE/O/images/image_000008.jpg,bd4e2f53bd6042f0eeb42d4512b1f88f2a9fbccff13bfbb13111ce447b8662fc,8282,,,true
P02_WHITE_O_000009,P02,WHITE,O,image_000009.jpg,training/P02/WHITE/O/images/image_000009.jpg,dfb1c4e0e4f085553e6c9aee4287bccb0363bb8750c6bfda12db9063cc4e60c5,7926,,,true
P02_WHITE_O_000010,P02,WHITE,O,image_000010.jpg,training/P02/WHITE/O/images/image_000010.jpg,53f85225e0c35a73ec5ce44531fc73b6fb908ef65d1818c103cba0f5de07240a,8000,,,true
P02_WHITE_O_000011,P02,WHITE,O,image_000011.jpg,training/P02/WHITE/O/images/image_000011.jpg,9f9f7bb2d5eeed87eaacfdbaeaef2c47054c2154d72a8011fa5ad0d18d28a8d3,8599,,,true
P02_WHITE_O_000012,P02,WHITE,O,image_000012.jpg,training/P02/WHITE/O/images/image_000012.jpg,db674a203ea7c1b10a3befd947d3d69d8fa8ab8c123933762e16f15c28994e72,7752,,,true
P02_WHITE_O_000013,P02,WHITE,O,image_000013.jpg,training/P02/WHITE/O/images/image_000013.jpg,ae79d5553226935f9d83f4ffb0996ea7723aeb9347825d7096d9bb3ac15beeeb,7529,,,true
P02_WHITE_O_000014,P02,WHITE,O,image_000014.jpg,training/P02/WHITE/O/images/image_000014.jpg,68df786b6e4fa2c375b50d2c439e531e02d8a1a8b7e24e614555496c46fa674b,7109,,,true
P02_WHITE_O_000015,P02,WHITE,O,image_000015.jpg,training/P02/WHITE/O/images/image_000015.jpg,bee57e44a18290c1f0cc111e865566972537497d2d039cffeb952ad9f51d782e,7718,,,true
P02_WHITE_O_000016,P02,WHITE,O,image_000016.jpg,training/P02/WHITE/O/images/image_000016.jpg,114708777ae05ec3221e056a20462351955343a64b7061d0cab5b18e83b2c817,7934,,,true
P02_WHITE_O_000017,P02,WHITE,O,image_000017.jpg,training/P02/WHITE/O/images/image_000017.jpg,7d90117b4199fab14c1b0b5d61ccbaabd50deda81dbb529712d70a0a6dcd9827,7545,,,true
P02_WHITE_O_000018,P02,WHITE,O,image_000018.jpg,training/P02/WHITE/O/images/image_000018.jpg,90151d20e8502a304f966d4907ea982690ef74d9d56f2f90726789a2542a6674,8319,,,true
P02_WHITE_O_000019,P02,WHITE,O,image_000019.jpg,training/P02/WHITE/O/images/image_000019.jpg,da748c5250a35680d5fe366f638a1a65ad4042a26ad3a94ec330f493aad1228e,7869,,,true
P02_WHITE_O_000020,P02,WHITE,O,image_000020.jpg,training/P02/WHITE/O/images/image_000020.jpg,43be0ced39c072433e63324a2e4dd6cc5f41724446ac1433f7f25372dd089efc,7583,,,true
P02_WHITE_O_000021,P02,WHITE,O,image_000021.jpg,training/P02/WHITE/O/images/image_000021.jpg,f0aa4e57609ae17cd53c82e8c514b9af3d0585a09865b50b0720465040b86aad,7817,,,true
P02_WHITE_O_000022,P02,WHITE,O,image_000022.jpg,training/P02/WHITE/O/images/image_000022.jpg,4dc434ee4f7fc2c750c296c49515a10e0ba177df0a27dc2b0627b7eada2d51ca,7625,,,true
P02_WHITE_O_000023,P02,WHITE,O,image_000023.jpg,training/P02/WHITE/O/images/image_000023.jpg,7dd0fb122a0efea8d5c77666bfeb8c15d630a71f399a77ba6323265183fe1313,7724,,,true
P02_WHITE_O_000024,P02,WHITE,O,image_000024.jpg,training/P02/WHITE/O/images/image_000024.jpg,7efca11d49a118d63354443b4a00a0471346853a4fa00cd857ea674ddd652f2f,8217,,,true
P02_WHITE_O_000025,P02,WHITE,O,image_000025.jpg,training/P02/WHITE/O/images/image_000025.jpg,b6ef7e42b0cb1a8c577c321dd2f146897dfe6d3887a6e445ab702d915340d87b,7557,,,true
P02_WHITE_P_000001,P02,WHITE,P,image_000001.jpg,training/P02/WHITE/P/images/image_000001.jpg,80e7b362fc3c435a5afb2580fd57eddd14774df87031337a0845c9c3d94a0d1e,7188,,,true
P02_WHITE_P_000002,P02,WHITE,P,image_000002.jpg,training/P02/WHITE/P/images/image_000002.jpg,5d8adbc69b57aefcd48bdd3bf82ec66178f74d1a510f198735632272f0ffcb5a,7127,,,true
P02_WHITE_P_000003,P02,WHITE,P,image_000003.jpg,training/P02/WHITE/P/images/image_000003.jpg,ce52b6e83375be3c09bb0f3843cddef05fa9f58764f103c9823ae98212ac3c46,6315,,,true
P02_WHITE_P_000004,P02,WHITE,P,image_000004.jpg,training/P02/WHITE/P/images/image_000004.jpg,6528d12e5bff713474dd7e5a11b2fa639b0e952119b0e79ad765b389f8a7cd5c,6688,,,true
P02_WHITE_P_000005,P02,WHITE,P,image_000005.jpg,training/P02/WHITE/P/images/image_000005.jpg,f670160cb33f0f78ae50bed85d787ac89597fcc30c5668b6b065d648b345f879,7204,,,true
P02_WHITE_P_000006,P02,WHITE,P,image_000006.jpg,training/P02/WHITE/P/images/image_000006.jpg,2c16533b336b02635dd5e3665c860236b9904c17bf6ab4a24d73ec4701fd210d,7309,,,true
P02_WHITE_P_000007,P02,WHITE,P,image_000007.jpg,training/P02/WHITE/P/images/image_000007.jpg,652a76a73f64366284428c07f8336ddb175d50830f3feec36ae8098bd4cce5c1,6275,,,true
P02_WHITE_P_000008,P02,WHITE,P,image_000008.jpg,training/P02/WHITE/P/images/image_000008.jpg,fc054f7b3ba633f294281fc5bbcf3b584263d0afea345bf0ab5ae8ca78859b81,6662,,,true
P02_WHITE_P_000009,P02,WHITE,P,image_000009.jpg,training/P02/WHITE/P/images/image_000009.jpg,b819e2e4e1b6e87db431ed41ef255a0e83e0b6ed9cbd269a48f9d4899302082b,7377,,,true
P02_WHITE_P_000010,P02,WHITE,P,image_000010.jpg,training/P02/WHITE/P/images/image_000010.jpg,26e90ffce04fb28a64b089fcd431bc6107b429c91ac6a430bed1e40329fc4d3c,7336,,,true
P02_WHITE_P_000011,P02,WHITE,P,image_000011.jpg,training/P02/WHITE/P/images/image_000011.jpg,83246978661fa7a45f73d4413ffc04a18cf54e3abc13d4502edaa24084b95bbd,7552,,,true
P02_WHITE_P_000012,P02,WHITE,P,image_000012.jpg,training/P02/WHITE/P/images/image_000012.jpg,0039ee564bb7c308b6cd69bc324a79a6e98afb0b867cf632b00404b59d1fa1a8,7354,,,true
P02_WHITE_P_000013,P02,WHITE,P,image_000013.jpg,training/P02/WHITE/P/images/image_000013.jpg,5ce482cb3e441bb65dfd5bd95fbb5e5b856b015a3fc3bd275c0b2ebfd50a44a8,7038,,,true
P02_WHITE_P_000014,P02,WHITE,P,image_000014.jpg,training/P02/WHITE/P/images/image_000014.jpg,810feddbb606f49391d4e6b3837cc5b526cdb4c817f63545ebe3f13c34cc8d8c,7393,,,true
P02_WHITE_P_000015,P02,WHITE,P,image_000015.jpg,training/P02/WHITE/P/images/image_000015.jpg,38d268cdc8dc495f7a42857408996eef9b85200ba8332a825aca5c2b9e3656ee,6813,,,true
P02_WHITE_P_000016,P02,WHITE,P,image_000016.jpg,training/P02/WHITE/P/images/image_000016.jpg,8024f25dbbbd3e9029f09634dd0c0b6c464082270a7c496ba89c37a088391f71,7239,,,true
P02_WHITE_P_000017,P02,WHITE,P,image_000017.jpg,training/P02/WHITE/P/images/image_000017.jpg,4ca392fc096d722d7cb9ec24567f368455d13852674eb8b8fed95fb18a1011ac,6828,,,true
P02_WHITE_P_000018,P02,WHITE,P,image_000018.jpg,training/P02/WHITE/P/images/image_000018.jpg,9a6d47e78a0a72b8848f48cfa4b0930dcf22863106640127edb0dcae43c60fc2,6905,,,true
P02_WHITE_P_000019,P02,WHITE,P,image_000019.jpg,training/P02/WHITE/P/images/image_000019.jpg,f4f0ad6a4baef1e418f1b6aa7bc12d222a3cca86e85423e4ad2c95c913b3624c,6859,,,true
P02_WHITE_P_000020,P02,WHITE,P,image_000020.jpg,training/P02/WHITE/P/images/image_000020.jpg,2b0ee779b1c743fca55a7f116142e0f8110b2d90b80195b0472de1a26242b903,6863,,,true
P02_WHITE_P_000021,P02,WHITE,P,image_000021.jpg,training/P02/WHITE/P/images/image_000021.jpg,69924a5608649a7f1f97ee5b86285f9ed3307acce2634c1f87837ac7caffc9c4,7169,,,true
P02_WHITE_P_000022,P02,WHITE,P,image_000022.jpg,training/P02/WHITE/P/images/image_000022.jpg,133dca820e8d2e5461feb75800c997c8336207d46fe3ea9619d866f5a9516225,6755,,,true
P02_WHITE_P_000023,P02,WHITE,P,image_000023.jpg,training/P02/WHITE/P/images/image_000023.jpg,332d25948399d8b59d80e7842b199c832bcb63b5f477661adb89a8f05faa146d,7381,,,true
P02_WHITE_P_000024,P02,WHITE,P,image_000024.jpg,training/P02/WHITE/P/images/image_000024.jpg,cd039eacf2a224f7d11e8bd877434ff42edf88420070fa768772a4dccdf47d9b,7477,,,true
P02_WHITE_P_000025,P02,WHITE,P,image_000025.jpg,training/P02/WHITE/P/images/image_000025.jpg,79e770083109ba196df1f7f4a8b1b45d949f2bc89a43b2957479b32bc2035d96,6729,,,true
P02_WHITE_R_000001,P02,WHITE,R,image_000001.jpg,training/P02/WHITE/R/images/image_000001.jpg,96341759026b87be75512e790e131d56a347fc6de7d66bc6881ec3ea05699138,7832,,,true
P02_WHITE_R_000002,P02,WHITE,R,image_000002.jpg,training/P02/WHITE/R/images/image_000002.jpg,126d518687cbb728d34d54d7472a8ef0449d1ed2a8c16b22e08a928b77a8d6f8,6740,,,true
P02_WHITE_R_000003,P02,WHITE,R,image_000003.jpg,training/P02/WHITE/R/images/image_000003.jpg,90e4a66a6fb162f5931c939ec7d0773c5acd01d97a28571d1887b09cce900e37,7015,,,true
P02_WHITE_R_000004,P02,WHITE,R,image_000004.jpg,training/P02/WHITE/R/images/image_000004.jpg,6cf7f85843c34d769c82d549cee6aa2305468b4c2b0a8750a41693f9ed9ee4c5,6572,,,true
P02_WHITE_R_000005,P02,WHITE,R,image_000005.jpg,training/P02/WHITE/R/images/image_000005.jpg,b203d0e5ebe7e77bb3cbe8bca467d16bdf81c28e71dcf5bb4264e37f77e3d34d,6942,,,true
P02_WHITE_R_000006,P02,WHITE,R,image_000006.jpg,training/P02/WHITE/R/images/image_000006.jpg,0f2257ba7f5463782896d0c8d063183f0e6a7597812a87a6c5ffa893f2ddfb9a,6687,,,true
P02_WHITE_R_000007,P02,WHITE,R,image_000007.jpg,training/P02/WHITE/R/images/image_000007.jpg,56c062fa9ba251123991ffa3d5011d99fc5b0b4e5cb8f1eabbe2f27d8e7b092d,7088,,,true
P02_WHITE_R_000008,P02,WHITE,R,image_000008.jpg,training/P02/WHITE/R/images/image_000008.jpg,058d1dfaef170e4f19de875ed2b59c29f9b064981e880fa2eed5e786395ad89e,6632,,,true
P02_WHITE_R_000009,P02,WHITE,R,image_000009.jpg,training/P02/WHITE/R/images/image_000009.jpg,daed878bdc310a37b848b4a967fab1ae904b9e34f345c853161bc0d95c7627e4,6539,,,true
P02_WHITE_R_000010,P02,WHITE,R,image_000010.jpg,training/P02/WHITE/R/images/image_000010.jpg,377b6e6bd11743d6ed106057145ea65386778f083bdf9f30a1b55737410f6666,6313,,,true
P02_WHITE_R_000011,P02,WHITE,R,image_000011.jpg,training/P02/WHITE/R/images/image_000011.jpg,7480013e201bf71c02df428753eac33bd31341b46321ff3d598007e056e71da6,6417,,,true
P02_WHITE_R_000012,P02,WHITE,R,image_000012.jpg,training/P02/WHITE/R/images/image_000012.jpg,f8a84ebe997f7ce1aa01587eedfdbc8735aeb38dd3921980c998b6978feb22cc,6591,,,true
P02_WHITE_R_000013,P02,WHITE,R,image_000013.jpg,training/P02/WHITE/R/images/image_000013.jpg,80b4c1aa4d3d9ef2987f0911aa13240ceb16ba03bb3e09344d4558c36c23235a,6377,,,true
P02_WHITE_R_000014,P02,WHITE,R,image_000014.jpg,training/P02/WHITE/R/images/image_000014.jpg,b911c2b9e4ae725c89f8971b01c336466482e30a3343f8f6cc056d87e425acbd,6491,,,true
P02_WHITE_R_000015,P02,WHITE,R,image_000015.jpg,training/P02/WHITE/R/images/image_000015.jpg,d1029580fe689f7c5ef67e47ab853f07b5d388e3a2807535a2916724d24a9837,7225,,,true
P02_WHITE_R_000016,P02,WHITE,R,image_000016.jpg,training/P02/WHITE/R/images/image_000016.jpg,7deec3a33a733e2382ad8aecc39ad90654f80c4a0c595738333f7a386198043b,6599,,,true
P02_WHITE_R_000017,P02,WHITE,R,image_000017.jpg,training/P02/WHITE/R/images/image_000017.jpg,ff72c49c8bf8e0efe70612f2762259a3a77016cecc1995b78cbfadea5125e9e1,6122,,,true
P02_WHITE_R_000018,P02,WHITE,R,image_000018.jpg,training/P02/WHITE/R/images/image_000018.jpg,7c1a61356bc10583c7e56f91ec4e729e44820151f43c0b83e9e4443b727e3035,6313,,,true
P02_WHITE_R_000019,P02,WHITE,R,image_000019.jpg,training/P02/WHITE/R/images/image_000019.jpg,2a55a6d2ebfe7bd1d3bff35ef22183abe3c48417e3c429c5d3802396d0d95d87,6364,,,true
P02_WHITE_R_000020,P02,WHITE,R,image_000020.jpg,training/P02/WHITE/R/images/image_000020.jpg,526dca4c9a25ba2ae4480bbff3a795e0a563e847bdb4124fe267b3d82adc2489,6640,,,true
P02_WHITE_R_000021,P02,WHITE,R,image_000021.jpg,training/P02/WHITE/R/images/image_000021.jpg,fa33ff9dc3f44b951f433a05f06d3b174b032a2e78c5bb35ee9c59836bac837d,6877,,,true
P02_WHITE_R_000022,P02,WHITE,R,image_000022.jpg,training/P02/WHITE/R/images/image_000022.jpg,00554be56cd2b3caf20843e4116d056a7cead6fdaa0556ff65289c9019008d3b,6548,,,true
P02_WHITE_R_000023,P02,WHITE,R,image_000023.jpg,training/P02/WHITE/R/images/image_000023.jpg,bd6006ca5b31af673916a2dfaf2fff19a854d961d5849229048982b36d15794d,6721,,,true
P02_WHITE_R_000024,P02,WHITE,R,image_000024.jpg,training/P02/WHITE/R/images/image_000024.jpg,0e2795af288b9b32d1af606c344e973489122335bc3700fdce49bfeb22ac6b56,6896,,,true
P02_WHITE_R_000025,P02,WHITE,R,image_000025.jpg,training/P02/WHITE/R/images/image_000025.jpg,a22e68810f6dc262f8097bf2cb5bb1010ebc7bb6bcb58c2a621bc29ba14a4e0f,6445,,,true
P02_WHITE_S_000001,P02,WHITE,S,image_000001.jpg,training/P02/WHITE/S/images/image_000001.jpg,6aa8d35e62c24f702e9b160732a66b4096bba20aa0c04de982adab8e3cfca617,8376,,,true
P02_WHITE_S_000002,P02,WHITE,S,image_000002.jpg,training/P02/WHITE/S/images/image_000002.jpg,7b644c7076b6bf6c89834c342b8faedd21ed37946394a1fcc7e80bfe732cf2d0,8050,,,true
P02_WHITE_S_000003,P02,WHITE,S,image_000003.jpg,training/P02/WHITE/S/images/image_000003.jpg,da8d35950e248a109f8bd956e71a6dddc1d5b18b966891ab7a1432536b8937cb,7599,,,true
P02_WHITE_S_000004,P02,WHITE,S,image_000004.jpg,training/P02/WHITE/S/images/image_000004.jpg,4ea1832949e2fec6c21516f7009e6422759de686537265dd9d4dd754d9f85e66,8163,,,true
P02_WHITE_S_000005,P02,WHITE,S,image_000005.jpg,training/P02/WHITE/S/images/image_000005.jpg,b9b3abc58d5ca0172cb48ca5163cc448dbcada2a6e32ccbba940a49ab34a69ad,8562,,,true
P02_WHITE_S_000006,P02,WHITE,S,image_000006.jpg,training/P02/WHITE/S/images/image_000006.jpg,acd7032ac67aa1c7029d67d2597d9d6bb229c257cd943517c07e5cb2cc8f0744,7367,,,true
P02_WHITE_S_000007,P02,WHITE,S,image_000007.jpg,training/P02/WHITE/S/images/image_000007.jpg,0baa356688817f127020f9b582aa8b29654799f0d522f849eacee721213b8321,7986,,,true
P02_WHITE_S_000008,P02,WHITE,S,image_000008.jpg,training/P02/WHITE/S/images/image_000008.jpg,987800dc806d1757d8d705b464806e5cbb5585b802f1cda8853238df2de974b1,7617,,,true
P02_WHITE_S_000009,P02,WHITE,S,image_000009.jpg,training/P02/WHITE/S/images/image_000009.jpg,f8ee06490c5fddf04f007f46a5ad681eec919f7789dab31b0c6bce19d08664a5,7680,,,true
P02_WHITE_S_000010,P02,WHITE,S,image_000010.jpg,training/P02/WHITE/S/images/image_000010.jpg,0eb7d3043c50436a460382fe79c9e2481ea9e509fed96646205c7529cac879b7,7618,,,true
P02_WHITE_S_000011,P02,WHITE,S,image_000011.jpg,training/P02/WHITE/S/images/image_000011.jpg,b8316aae19d59911097f02c00df38ddc040b1995e9f583afe23bbe540441089f,7557,,,true
P02_WHITE_S_000012,P02,WHITE,S,image_000012.jpg,training/P02/WHITE/S/images/image_000012.jpg,8f94575866b007c1b64660a36deea2f2ad843a6145ea21afdc426e5efe561c2b,7879,,,true
P02_WHITE_S_000013,P02,WHITE,S,image_000013.jpg,training/P02/WHITE/S/images/image_000013.jpg,7bcbb48efd65a1d785f4b816d4738cfe38f410bfe00a7b9850d7406a98669625,7988,,,true
P02_WHITE_S_000014,P02,WHITE,S,image_000014.jpg,training/P02/WHITE/S/images/image_000014.jpg,9531be4f684a63025021af2d1a38409570ab813ccf9f5c597ef872f6d2b2e98c,8095,,,true
P02_WHITE_S_000015,P02,WHITE,S,image_000015.jpg,training/P02/WHITE/S/images/image_000015.jpg,0a32dab80a211267996c55b190a73e7f7aa19fd4d1bd57f13d1d1159ece1c95b,7526,,,true
P02_WHITE_S_000016,P02,WHITE,S,image_000016.jpg,training/P02/WHITE/S/images/image_000016.jpg,bdef17105792eaa0d5aa76af830a9058ced4044403b7905502c06a6a92383eb5,8139,,,true
P02_WHITE_S_000017,P02,WHITE,S,image_000017.jpg,training/P02/WHITE/S/images/image_000017.jpg,674429a9bd0488f43894b9c6df9444f1f1ee1d05e85511ba4ea3179002cb4f3d,7201,,,true
P02_WHITE_S_000018,P02,WHITE,S,image_000018.jpg,training/P02/WHITE/S/images/image_000018.jpg,230b3cb1157409381a2f76b4d52d1e12a177b217a2fce795c0e679fa5dcdfae8,7412,,,true
P02_WHITE_S_000019,P02,WHITE,S,image_000019.jpg,training/P02/WHITE/S/images/image_000019.jpg,24fe7bcc2bb6f12e30c8278c0bef7ad05a841a384adc16bd7f0c69fce19509fb,7778,,,true
P02_WHITE_S_000020,P02,WHITE,S,image_000020.jpg,training/P02/WHITE/S/images/image_000020.jpg,3aa8e3c23a743141d693a5f9595cf56dc9b1a700a8fc2ed86903067568c64c84,8004,,,true
P02_WHITE_S_000021,P02,WHITE,S,image_000021.jpg,training/P02/WHITE/S/images/image_000021.jpg,86ea91f2bbb190b1e981fca68852892f3826f4e85a351a40aef15998311ca6e2,7101,,,true
P02_WHITE_S_000022,P02,WHITE,S,image_000022.jpg,training/P02/WHITE/S/images/image_000022.jpg,2656c24766d6dd13501b9a3cabd5fdb18d336201a94483c8f83bd1096833be9a,6907,,,true
P02_WHITE_S_000023,P02,WHITE,S,image_000023.jpg,training/P02/WHITE/S/images/image_000023.jpg,b232921b619cf2aac0b1ba5f91e40725e974ce9dc9f92dee8cb770fdcad10a1c,7571,,,true
P02_WHITE_S_000024,P02,WHITE,S,image_000024.jpg,training/P02/WHITE/S/images/image_000024.jpg,3743cce525556444c5d16f91ffc418067dcb52990eac3ee578f69b3f76e61ae6,7246,,,true
P02_WHITE_S_000025,P02,WHITE,S,image_000025.jpg,training/P02/WHITE/S/images/image_000025.jpg,c48c7fd06338aae505d977beb80e474f950e0194b207980eebec9f9916eef1cc,7975,,,true
P02_WHITE_T_000001,P02,WHITE,T,image_000001.jpg,training/P02/WHITE/T/images/image_000001.jpg,3d041901190381cc9a01992fc74689c2cedc8240473cc33720b1ca8f613dad5c,7518,,,true
P02_WHITE_T_000002,P02,WHITE,T,image_000002.jpg,training/P02/WHITE/T/images/image_000002.jpg,56e8f7c9d13ebab3774d266d4680d5099885742623968f7857452d88b7195162,7910,,,true
P02_WHITE_T_000003,P02,WHITE,T,image_000003.jpg,training/P02/WHITE/T/images/image_000003.jpg,b00e9b06d39dd723e122ac7bd7366209f0f24d185568d6bea4e0fe9234aaeadf,7686,,,true
P02_WHITE_T_000004,P02,WHITE,T,image_000004.jpg,training/P02/WHITE/T/images/image_000004.jpg,00f503d5073dad74a3b4585a17e21dc6901092f43bafd1e863d106a60526f11e,7526,,,true
P02_WHITE_T_000005,P02,WHITE,T,image_000005.jpg,training/P02/WHITE/T/images/image_000005.jpg,9b29a6d948e6f3a06737ad27bcadcfd30b584e8cb4ef4d65b7226a05152dca33,8117,,,true
P02_WHITE_T_000006,P02,WHITE,T,image_000006.jpg,training/P02/WHITE/T/images/image_000006.jpg,912822dc29efbe52899c1b315a43da62de7274bfc575749baf0852929ec3f719,7692,,,true
P02_WHITE_T_000007,P02,WHITE,T,image_000007.jpg,training/P02/WHITE/T/images/image_000007.jpg,c3b7f266457e09dfbaaae4beed01d5b79da69891292a6021e0d0b85074ab1ba1,7855,,,true
P02_WHITE_T_000008,P02,WHITE,T,image_000008.jpg,training/P02/WHITE/T/images/image_000008.jpg,2696b277c138ef437aa246a4e3e2ac07b9e371b574b81888059faf55f3558a35,7651,,,true
P02_WHITE_T_000009,P02,WHITE,T,image_000009.jpg,training/P02/WHITE/T/images/image_000009.jpg,b1ffe9eb28021581ddf3b449d8b1b77951ef338ec0bb605d20be81880d16363f,7427,,,true
P02_WHITE_T_000010,P02,WHITE,T,image_000010.jpg,training/P02/WHITE/T/images/image_000010.jpg,021d5659a71b735a23aa61727e75383bf9c0627a76bce01705c9cb0d37f6e5e4,7738,,,true
P02_WHITE_T_000011,P02,WHITE,T,image_000011.jpg,training/P02/WHITE/T/images/image_000011.jpg,46e47c3cbfdf21411c6b2aa98cca572cb0a46d7b99474d6bdd625847d8e16b56,6723,,,true
P02_WHITE_T_000012,P02,WHITE,T,image_000012.jpg,training/P02/WHITE/T/images/image_000012.jpg,4626172c151ab0d0a526df9aeee7e8f19144b294b170860c543ed75e36260e2f,6948,,,true
P02_WHITE_T_000013,P02,WHITE,T,image_000013.jpg,training/P02/WHITE/T/images/image_000013.jpg,ae42c7fe8d7766330d2564b58c081e32c79b50a725948b5ed310bd8e4ecda835,7332,,,true
P02_WHITE_T_000014,P02,WHITE,T,image_000014.jpg,training/P02/WHITE/T/images/image_000014.jpg,ec9f95dad32b5148ea83c2fb3128acf16826b92055ca0b937162f64782769720,7980,,,true
P02_WHITE_T_000015,P02,WHITE,T,image_000015.jpg,training/P02/WHITE/T/images/image_000015.jpg,f99ad846bc00f5825fc4da99fbcbed8db4de956ec0b2b54bcf5146226237b67f,7506,,,true
P02_WHITE_T_000016,P02,WHITE,T,image_000016.jpg,training/P02/WHITE/T/images/image_000016.jpg,1467bac021aaae06efa7779d2cf79729c29b88bcd102623603a1d1a456d9b20d,7242,,,true
P02_WHITE_T_000017,P02,WHITE,T,image_000017.jpg,training/P02/WHITE/T/images/image_000017.jpg,d5abaecf07042031781de53b6b2d3997f0b96b2522c0a348340e7eb49efd456a,7719,,,true
P02_WHITE_T_000018,P02,WHITE,T,image_000018.jpg,training/P02/WHITE/T/images/image_000018.jpg,f717b1957367c1fdbccf255383c2ddee107aba6e4c55e46393e308e7615fabed,7302,,,true
P02_WHITE_T_000019,P02,WHITE,T,image_000019.jpg,training/P02/WHITE/T/images/image_000019.jpg,8fa7ee4ebfd077ff54a34e49f806c35b913bd452a91d9af94d7e2adb90b2e925,7632,,,true
P02_WHITE_T_000020,P02,WHITE,T,image_000020.jpg,training/P02/WHITE/T/images/image_000020.jpg,4890d5bb3e1599d060687d8f8cc0b175815931ea5d04e404d423f54abda31bb0,7693,,,true
P02_WHITE_T_000021,P02,WHITE,T,image_000021.jpg,training/P02/WHITE/T/images/image_000021.jpg,a1a4a9a9c37cc2d1fb50d59b7fefc04ef9bd759432879a4c83e104d93ebad575,7913,,,true
P02_WHITE_T_000022,P02,WHITE,T,image_000022.jpg,training/P02/WHITE/T/images/image_000022.jpg,8fc03da0e6d2f11efe4ef17dc82b65c80a7a1931e7f6a54d6ee685d9343ca040,7943,,,true
P02_WHITE_T_000023,P02,WHITE,T,image_000023.jpg,training/P02/WHITE/T/images/image_000023.jpg,510fc65ffa00981bd3affc1019b373832592e4e740cb1a089d201094adbb19fa,8015,,,true
P02_WHITE_T_000024,P02,WHITE,T,image_000024.jpg,training/P02/WHITE/T/images/image_000024.jpg,b1e933e66d9ef9867663b21ed628717e3b6f311b90defea73aee3931d253da33,7740,,,true
P02_WHITE_T_000025,P02,WHITE,T,image_000025.jpg,training/P02/WHITE/T/images/image_000025.jpg,a5c0a440fc55895543f308e31543ad6ab6cc4ac591df5c3a2484f3cd4085e83e,8227,,,true
P02_WHITE_U_000001,P02,WHITE,U,image_000001.jpg,training/P02/WHITE/U/images/image_000001.jpg,2e6100d1068bcd916d8d6a7737c390fccd25322c0608e8e2807a0a1d3ae57f7f,6679,,,true
P02_WHITE_U_000002,P02,WHITE,U,image_000002.jpg,training/P02/WHITE/U/images/image_000002.jpg,b57793d4d0a71eec6ec5d0dda611cfd72250f99185c6061b801b4c21040387a6,6810,,,true
P02_WHITE_U_000003,P02,WHITE,U,image_000003.jpg,training/P02/WHITE/U/images/image_000003.jpg,5e076c0fa0db0dca3c187390af3cf950c471aa7d81d425bf71df386fb9e54b0a,7469,,,true
P02_WHITE_U_000004,P02,WHITE,U,image_000004.jpg,training/P02/WHITE/U/images/image_000004.jpg,9b5afd303314283e0a0a17b58d34bb19d416bcbaebbc773222e736194a4879b9,7232,,,true
P02_WHITE_U_000005,P02,WHITE,U,image_000005.jpg,training/P02/WHITE/U/images/image_000005.jpg,813f10d1e2214c31c2924c7d8dfe78c1f852872419eff8612b74c7dba5d36136,6664,,,true
P02_WHITE_U_000006,P02,WHITE,U,image_000006.jpg,training/P02/WHITE/U/images/image_000006.jpg,07127ab285803990eac9f56b02cc1ae2fecde204fa09131b6218547e2a70f0cb,5718,,,true
P02_WHITE_U_000007,P02,WHITE,U,image_000007.jpg,training/P02/WHITE/U/images/image_000007.jpg,5bebb6eb6a31b365f1e8fe9eb1152385cf9bb41dc922daa6a8aff379231fc626,6006,,,true
P02_WHITE_U_000008,P02,WHITE,U,image_000008.jpg,training/P02/WHITE/U/images/image_000008.jpg,d598189e094854652639e1f987c206561c79e28656a8f6954379aa629d37aa58,6431,,,true
P02_WHITE_U_000009,P02,WHITE,U,image_000009.jpg,training/P02/WHITE/U/images/image_000009.jpg,7b8e487f2a3325b604df4c131a21b64d666fc8bc670dd3ffc8f272f45b30965c,6012,,,true
P02_WHITE_U_000010,P02,WHITE,U,image_000010.jpg,training/P02/WHITE/U/images/image_000010.jpg,e6c6fefd810c6520fb1917a90a14902e4469eec6e6165af5da0827ee633fe52d,6525,,,true
P02_WHITE_U_000011,P02,WHITE,U,image_000011.jpg,training/P02/WHITE/U/images/image_000011.jpg,04617872dfed128446db5dbda81cd30590adcad0b3606d6f7e35ebd8269a3cdc,6317,,,true
P02_WHITE_U_000012,P02,WHITE,U,image_000012.jpg,training/P02/WHITE/U/images/image_000012.jpg,9f0d80eda3853f3b46bad1bf63363ecff3ed2c19ec3032e7f060703a4ece96f0,6466,,,true
P02_WHITE_U_000013,P02,WHITE,U,image_000013.jpg,training/P02/WHITE/U/images/image_000013.jpg,d132cea725139f258cd9ea1885bfe63d210c664257bad21c539dd0ef2e548ff0,6564,,,true
P02_WHITE_U_000014,P02,WHITE,U,image_000014.jpg,training/P02/WHITE/U/images/image_000014.jpg,c9014f1b3df07737a9f60a07ea14dac69a082f55b2163b2c87d52919cf9839a9,6036,,,true
P02_WHITE_U_000015,P02,WHITE,U,image_000015.jpg,training/P02/WHITE/U/images/image_000015.jpg,672f6ab66155347d3e67cc462c46b892a65124fedefa60bf874df559633dcd36,6510,,,true
P02_WHITE_U_000016,P02,WHITE,U,image_000016.jpg,training/P02/WHITE/U/images/image_000016.jpg,d3b67ba4368220ccd3dcbf93b6794439e2d18134415b57f6288706c969309e5b,6503,,,true
P02_WHITE_U_000017,P02,WHITE,U,image_000017.jpg,training/P02/WHITE/U/images/image_000017.jpg,c2212ebcf01e0d9525af8817d561a66f0744980b1fd5c4aca2155b2d7ea2bf45,6098,,,true
P02_WHITE_U_000018,P02,WHITE,U,image_000018.jpg,training/P02/WHITE/U/images/image_000018.jpg,82143a1f32332d4ea0f5a8749690a236bd155b94dfd2dacaa069a364a6eb3f34,6072,,,true
P02_WHITE_U_000019,P02,WHITE,U,image_000019.jpg,training/P02/WHITE/U/images/image_000019.jpg,7b3dac591b2aefbe08110a0037c6bd4c9e0cf9464bf76cb152a463516f42b7d7,6849,,,true
P02_WHITE_U_000020,P02,WHITE,U,image_000020.jpg,training/P02/WHITE/U/images/image_000020.jpg,211cbb6303633a4220f9faa9f2e7a30912bcf9b53cc00a8cf8d70b5389df6a22,5983,,,true
P02_WHITE_U_000021,P02,WHITE,U,image_000021.jpg,training/P02/WHITE/U/images/image_000021.jpg,0e3d006e836dc0c273ae261ec439805df4acaecb77e3b942dc5ee43fcb79c307,6409,,,true
P02_WHITE_U_000022,P02,WHITE,U,image_000022.jpg,training/P02/WHITE/U/images/image_000022.jpg,92c12f35f68679961033b3394e9d5d19d141a6cea3fa59e94210088f0a7ca853,7484,,,true
P02_WHITE_U_000023,P02,WHITE,U,image_000023.jpg,training/P02/WHITE/U/images/image_000023.jpg,89c9adc7e91a6a63adb71c43103088f92ac01ef05f255f320519c5fb544598b4,6617,,,true
P02_WHITE_U_000024,P02,WHITE,U,image_000024.jpg,training/P02/WHITE/U/images/image_000024.jpg,771bc5803ec5078707b40454de74a485a602f2041f67fff92425790684d709ba,6165,,,true
P02_WHITE_U_000025,P02,WHITE,U,image_000025.jpg,training/P02/WHITE/U/images/image_000025.jpg,e2123659c73560b5c37bf7d7e5df6738c8d0d503fa6f812a7e911b8cd74763a5,6568,,,true
P02_WHITE_V_000001,P02,WHITE,V,image_000001.jpg,training/P02/WHITE/V/images/image_000001.jpg,142ce9dce00d7cb0ed3196fb4d82d783d52a1667dbcce07c688db3b67dc7ba5b,6872,,,true
P02_WHITE_V_000002,P02,WHITE,V,image_000002.jpg,training/P02/WHITE/V/images/image_000002.jpg,cfea78eacc170be580a66d63b65e6d47d6c24c8e1e6da7203f55ad6198e7043e,7043,,,true
P02_WHITE_V_000003,P02,WHITE,V,image_000003.jpg,training/P02/WHITE/V/images/image_000003.jpg,d45659357254a4e122ee9730e3e5db5264d3ae8e339b7568fa5000773ad19956,7174,,,true
P02_WHITE_V_000004,P02,WHITE,V,image_000004.jpg,training/P02/WHITE/V/images/image_000004.jpg,22124affa2e54f30834228ee1c5859c11754801e26e700cae4bc9eea3857e5a1,7142,,,true
P02_WHITE_V_000005,P02,WHITE,V,image_000005.jpg,training/P02/WHITE/V/images/image_000005.jpg,498867cac04a1350c46d713b2512ef1565981a710888fbfaee48addf0ed569df,6404,,,true
P02_WHITE_V_000006,P02,WHITE,V,image_000006.jpg,training/P02/WHITE/V/images/image_000006.jpg,1b135521d8471447cdcd3c1cdee7f400685d4f48d8cc589db0a43d5f5f7a0efb,6357,,,true
P02_WHITE_V_000007,P02,WHITE,V,image_000007.jpg,training/P02/WHITE/V/images/image_000007.jpg,b4af6d1625c6458311487ca6693a0fe15a44e24dac7d4347468bb472c7299cfc,7277,,,true
P02_WHITE_V_000008,P02,WHITE,V,image_000008.jpg,training/P02/WHITE/V/images/image_000008.jpg,f5d00916e443087da5b6368fa98b8b0138ca59835933e8e197c5a1b46e23d648,7185,,,true
P02_WHITE_V_000009,P02,WHITE,V,image_000009.jpg,training/P02/WHITE/V/images/image_000009.jpg,cbd3bc5ef831789b6e6e932784bde63ccab48723d83467b545124c80e055607b,6696,,,true
P02_WHITE_V_000010,P02,WHITE,V,image_000010.jpg,training/P02/WHITE/V/images/image_000010.jpg,722591e098720aa1180037030e9c8d3afac9ec4800d5fc7675640923193c3c1e,6821,,,true
P02_WHITE_V_000011,P02,WHITE,V,image_000011.jpg,training/P02/WHITE/V/images/image_000011.jpg,654aae7f6e9b9c7265cca6746a6b9fcf83ad092deed653d8944759f62bfac5fe,7085,,,true
P02_WHITE_V_000012,P02,WHITE,V,image_000012.jpg,training/P02/WHITE/V/images/image_000012.jpg,900b399622ec7389e1cde4d49899008127b862683c8319c89c595bba816bec5f,6587,,,true
P02_WHITE_V_000013,P02,WHITE,V,image_000013.jpg,training/P02/WHITE/V/images/image_000013.jpg,9c62c867868c2b692ba3f3e5b734d69797d4e6c1b263ec812ae77b2c1c47f585,7222,,,true
P02_WHITE_V_000014,P02,WHITE,V,image_000014.jpg,training/P02/WHITE/V/images/image_000014.jpg,c22f151a90ae4152ce9efa6b45096cde8b477504da1efd91dc54821ad695ce9a,6736,,,true
P02_WHITE_V_000015,P02,WHITE,V,image_000015.jpg,training/P02/WHITE/V/images/image_000015.jpg,422a047a55b2a46de1d57dc852a21094ed7eb7cda02870bda9455cebad9d02c8,6985,,,true
P02_WHITE_V_000016,P02,WHITE,V,image_000016.jpg,training/P02/WHITE/V/images/image_000016.jpg,3e2dee53fe79889154a19ab5bfc03a50e9d1ab8a0ca7b0fd6f00e4b672b7b2c6,6918,,,true
P02_WHITE_V_000017,P02,WHITE,V,image_000017.jpg,training/P02/WHITE/V/images/image_000017.jpg,79726524a7701c5f06296753a65e1ef1e69ad2a97572ce1d2ad4490bf667e1b9,7064,,,true
P02_WHITE_V_000018,P02,WHITE,V,image_000018.jpg,training/P02/WHITE/V/images/image_000018.jpg,1515031d4fc229443a277015e623f8cf1703357567a2280265cb422354dcc0e4,6924,,,true
P02_WHITE_V_000019,P02,WHITE,V,image_000019.jpg,training/P02/WHITE/V/images/image_000019.jpg,a5492891180e1892a1e08bed3deab60a0b1351cc95736d650df82275de0c197c,7211,,,true
P02_WHITE_V_000020,P02,WHITE,V,image_000020.jpg,training/P02/WHITE/V/images/image_000020.jpg,69bd6ae2b2e26278d5566943a785510b1d309af3c13614f56906626a5f255284,6631,,,true
P02_WHITE_V_000021,P02,WHITE,V,image_000021.jpg,training/P02/WHITE/V/images/image_000021.jpg,5dab3e0ebbe0f66dbd7dc7c44248746cd1942085144377af537d1f3c330eb9ac,6779,,,true
P02_WHITE_V_000022,P02,WHITE,V,image_000022.jpg,training/P02/WHITE/V/images/image_000022.jpg,92a426d63dce01f1a58a0b8429edb0a8cd6fd14b1be6fa9b5b25c8c9941d3c2a,6997,,,true
P02_WHITE_V_000023,P02,WHITE,V,image_000023.jpg,training/P02/WHITE/V/images/image_000023.jpg,9ad32c4c5aca368b3004e400f2fe8f709fba0becc35a6ba404ec32619e889ce6,6381,,,true
P02_WHITE_V_000024,P02,WHITE,V,image_000024.jpg,training/P02/WHITE/V/images/image_000024.jpg,d4348efabfb2fb17ab910bc864d8dc04ef9bd3556bcd4c431679cce96be6c099,6743,,,true
P02_WHITE_V_000025,P02,WHITE,V,image_000025.jpg,training/P02/WHITE/V/images/image_000025.jpg,4d93d98d0a0f728341516243b1b07710378a90397041e590a6800a2cca7e140b,6117,,,true
P02_WHITE_W_000001,P02,WHITE,W,image_000001.jpg,training/P02/WHITE/W/images/image_000001.jpg,02ec6e8df5d90e2b4e6b7cfdfc8c4df13a7793382114a6402466e730d52b08fa,7454,,,true
P02_WHITE_W_000002,P02,WHITE,W,image_000002.jpg,training/P02/WHITE/W/images/image_000002.jpg,253b947074b98c3a47cf3c0c680ffcfce041c5c66ebc86a8c0228e99cc75e4ec,7600,,,true
P02_WHITE_W_000003,P02,WHITE,W,image_000003.jpg,training/P02/WHITE/W/images/image_000003.jpg,007da33dc3c5cc7c3869209b8ef1a993358470515bb1e39da07cf1bb9c7a6c1b,7030,,,true
P02_WHITE_W_000004,P02,WHITE,W,image_000004.jpg,training/P02/WHITE/W/images/image_000004.jpg,1deccaf37ec7c98658893e2bcc42f08ba04fcf4402f8764defab8a5667d227ec,7223,,,true
P02_WHITE_W_000005,P02,WHITE,W,image_000005.jpg,training/P02/WHITE/W/images/image_000005.jpg,5f3c85f5371f961f16c0c181945aaefeac9218e71760d3c661874494d0eacc3f,7132,,,true
P02_WHITE_W_000006,P02,WHITE,W,image_000006.jpg,training/P02/WHITE/W/images/image_000006.jpg,1378ecf5b274c4670e321abcd7d4d9a646c84a1ee862bc886f3675d164b48070,7135,,,true
P02_WHITE_W_000007,P02,WHITE,W,image_000007.jpg,training/P02/WHITE/W/images/image_000007.jpg,38b6a49a14f07e096d36ccde37bc554d114614b59e76bf8c66a751b49e9710a7,7410,,,true
P02_WHITE_W_000008,P02,WHITE,W,image_000008.jpg,training/P02/WHITE/W/images/image_000008.jpg,c2402c1af91e036a80e29266d7195f78b7d34de7fda1c4c8e37c9e0b3503cb9c,6686,,,true
P02_WHITE_W_000009,P02,WHITE,W,image_000009.jpg,training/P02/WHITE/W/images/image_000009.jpg,ab36685c58bdb0ffe673afe777c505ff73f50f6a6dc123d2932a1939fa5b8802,6941,,,true
P02_WHITE_W_000010,P02,WHITE,W,image_000010.jpg,training/P02/WHITE/W/images/image_000010.jpg,35b4169b67f36defa33380abacf4e34286f8bc32d2c4f186e366d5078d511281,7237,,,true
P02_WHITE_W_000011,P02,WHITE,W,image_000011.jpg,training/P02/WHITE/W/images/image_000011.jpg,682f0fd4e34aaaf89dd31a7a7592948953a06edced90ba87620ff17ee16244f0,6927,,,true
P02_WHITE_W_000012,P02,WHITE,W,image_000012.jpg,training/P02/WHITE/W/images/image_000012.jpg,2566b7146491aefa22e3f69e65fab6e79dee5ec349943b70277f80c8f9fe1ba4,7266,,,true
P02_WHITE_W_000013,P02,WHITE,W,image_000013.jpg,training/P02/WHITE/W/images/image_000013.jpg,1a6be07760d91205b968ffb57d28967a1abf87f9c71d37a6dbda94a639ebd430,7264,,,true
P02_WHITE_W_000014,P02,WHITE,W,image_000014.jpg,training/P02/WHITE/W/images/image_000014.jpg,1089deb649691a4e700c153600ce42e39757d6f3ff4f5c8fef25241f0f6d76af,7191,,,true
P02_WHITE_W_000015,P02,WHITE,W,image_000015.jpg,training/P02/WHITE/W/images/image_000015.jpg,cf12245200e8998235614fed38c5687c6b13a20735722fe5984ae44b2816e6d5,7573,,,true
P02_WHITE_W_000016,P02,WHITE,W,image_000016.jpg,training/P02/WHITE/W/images/image_000016.jpg,cbcf07ea8823e75f8dab2e2a8bf799714b4107564ec753d5fe7ad854e3d16645,7303,,,true
P02_WHITE_W_000017,P02,WHITE,W,image_000017.jpg,training/P02/WHITE/W/images/image_000017.jpg,5942489a4ebf626774e9a40b8cfcfa560845c4c50dee2c7e21f3555778ad33a9,6878,,,true
P02_WHITE_W_000018,P02,WHITE,W,image_000018.jpg,training/P02/WHITE/W/images/image_000018.jpg,b6fc9a3ce21ebacff66d33e139245eb3066fc2c1f63ad0721d1c87bfaae5c6da,7308,,,true
P02_WHITE_W_000019,P02,WHITE,W,image_000019.jpg,training/P02/WHITE/W/images/image_000019.jpg,57cc819a3bf28edfe01fcc80acacbe04d24a4363f02eaeaefa4daa38943a43d7,7016,,,true
P02_WHITE_W_000020,P02,WHITE,W,image_000020.jpg,training/P02/WHITE/W/images/image_000020.jpg,dedd0b86dc0f45297f960bfb0e53bd151f43a9731bb1f8492f1e5625114830d3,7366,,,true
P02_WHITE_W_000021,P02,WHITE,W,image_000021.jpg,training/P02/WHITE/W/images/image_000021.jpg,411706ffc9595aef9486d6f8c8ccff85e84e2ce062c2562e6a3bc6dd610d590e,7526,,,true
P02_WHITE_W_000022,P02,WHITE,W,image_000022.jpg,training/P02/WHITE/W/images/image_000022.jpg,21ce75b5e9c8a6035a452d4fad5a4daad4cf340eae1e7ed69234f63e7e4c058f,6766,,,true
P02_WHITE_W_000023,P02,WHITE,W,image_000023.jpg,training/P02/WHITE/W/images/image_000023.jpg,383c4530708dbfcb617c54c20e974e83cb81ed795797dad3ded43efcc685b981,6803,,,true
P02_WHITE_W_000024,P02,WHITE,W,image_000024.jpg,training/P02/WHITE/W/images/image_000024.jpg,bdbc2e5c1b3525485a2a044d04d84d9b63e929d0573a4875239a4f724f22f56a,7135,,,true
P02_WHITE_W_000025,P02,WHITE,W,image_000025.jpg,training/P02/WHITE/W/images/image_000025.jpg,7d2e5a3858e033aab0551ba3f0ae6c494a92b0944d8417b684bc62aee07bf405,7177,,,true
P02_WHITE_Y_000001,P02,WHITE,Y,image_000001.jpg,training/P02/WHITE/Y/images/image_000001.jpg,3f0e06389d770f1b0ae5eeac3f81b616e53ccc4f597c09322aac1e5f478f40df,6672,,,true
P02_WHITE_Y_000002,P02,WHITE,Y,image_000002.jpg,training/P02/WHITE/Y/images/image_000002.jpg,38866146857776004b98ab42ccf15b12527f083e2910cf02d627d23d356dbe99,6649,,,true
P02_WHITE_Y_000003,P02,WHITE,Y,image_000003.jpg,training/P02/WHITE/Y/images/image_000003.jpg,8c016e6c287de0ea3c8b6c89c6c1c97be6ab3bc899fdcd484cce3078ffdd3764,7093,,,true
P02_WHITE_Y_000004,P02,WHITE,Y,image_000004.jpg,training/P02/WHITE/Y/images/image_000004.jpg,dd7e85e17254574982324a80cd23188c00697c50ba9462c2f41fde9c30bf1ef1,6631,,,true
P02_WHITE_Y_000005,P02,WHITE,Y,image_000005.jpg,training/P02/WHITE/Y/images/image_000005.jpg,5754a94c1516a7781836a0e29f9645f2294eb7728f037dcb3ae48ee8106e2e7a,6929,,,true
P02_WHITE_Y_000006,P02,WHITE,Y,image_000006.jpg,training/P02/WHITE/Y/images/image_000006.jpg,669d80fd94719c6829dd726d43bbe0856e99274565fb4cc8c6d97638fc3ed07d,6873,,,true
P02_WHITE_Y_000007,P02,WHITE,Y,image_000007.jpg,training/P02/WHITE/Y/images/image_000007.jpg,86bc57fff2e1911259c37a578d0b367b874a7de02453bf7361479f16d64f1667,6618,,,true
P02_WHITE_Y_000008,P02,WHITE,Y,image_000008.jpg,training/P02/WHITE/Y/images/image_000008.jpg,25fd2f125ba6b6476748b203d18046f93b3db66e03864662e86fef86643e0968,6673,,,true
P02_WHITE_Y_000009,P02,WHITE,Y,image_000009.jpg,training/P02/WHITE/Y/images/image_000009.jpg,87fad3957841858e6803cc468b5b059a6d8c397787877c7f7deffb120dd7f1ae,7137,,,true
P02_WHITE_Y_000010,P02,WHITE,Y,image_000010.jpg,training/P02/WHITE/Y/images/image_000010.jpg,a66c127aaf4f9d95a045cb08d304030c426d3b7bbab11a02bc726607da18ffe0,6444,,,true
P02_WHITE_Y_000011,P02,WHITE,Y,image_000011.jpg,training/P02/WHITE/Y/images/image_000011.jpg,be829ab2c28ae4d70e1ecae5ac6cb3eb4b83cbc9758c0637530ce1d76498c92d,6837,,,true
P02_WHITE_Y_000012,P02,WHITE,Y,image_000012.jpg,training/P02/WHITE/Y/images/image_000012.jpg,a258175b2880d62e4a136579893b90153b4947f27ee762ecc9cb37f4b3d55c45,6745,,,true
P02_WHITE_Y_000013,P02,WHITE,Y,image_000013.jpg,training/P02/WHITE/Y/images/image_000013.jpg,963edcdaa1ef9b4d1d69299fa42c2c0710d69b503690c06f17b47429ed5fac2f,6747,,,true
P02_WHITE_Y_000014,P02,WHITE,Y,image_000014.jpg,training/P02/WHITE/Y/images/image_000014.jpg,031e770f888da6e993ad7ba35bd2c42a59b870bd3a73a4e3fc539a6e8e7723ef,6382,,,true
P02_WHITE_Y_000015,P02,WHITE,Y,image_000015.jpg,training/P02/WHITE/Y/images/image_000015.jpg,3973caf809f99006358f30c83a2f1287fc5578b7308c9f7956eccc966247833f,6693,,,true
P02_WHITE_Y_000016,P02,WHITE,Y,image_000016.jpg,training/P02/WHITE/Y/images/image_000016.jpg,202b9cb80722ac0be48ade0a908d3cb789c84573108a226cada1b8fb5746bc8d,6833,,,true
P02_WHITE_Y_000017,P02,WHITE,Y,image_000017.jpg,training/P02/WHITE/Y/images/image_000017.jpg,8cf10e5d5a87ac88d9c9454fbcafe7646ec2dafde4f65a2050f8e139c3a0c3a6,7104,,,true
P02_WHITE_Y_000018,P02,WHITE,Y,image_000018.jpg,training/P02/WHITE/Y/images/image_000018.jpg,97c69375bbf8952e8d71bed39c040ddce7cb82b0b78dd3471ca029750a893502,6370,,,true
P02_WHITE_Y_000019,P02,WHITE,Y,image_000019.jpg,training/P02/WHITE/Y/images/image_000019.jpg,45d6151c23ecca87c67fc34199efb2fa098d47bd4ca29a43af23191fe8a7fb00,6768,,,true
P02_WHITE_Y_000020,P02,WHITE,Y,image_000020.jpg,training/P02/WHITE/Y/images/image_000020.jpg,c84a6d5c6c684d9d1dbd76f17b983fbeb5202380a707efc77f361eeb2d918d24,6864,,,true
P02_WHITE_Y_000021,P02,WHITE,Y,image_000021.jpg,training/P02/WHITE/Y/images/image_000021.jpg,7294596084a2fcc0499e18828bf665cd35114164304aab5b1a16a2924e0335ae,7148,,,true
P02_WHITE_Y_000022,P02,WHITE,Y,image_000022.jpg,training/P02/WHITE/Y/images/image_000022.jpg,f2904876d2dc9f61b09355d62cdb2bd1a17f404fb071b2b8d488e7ec9bc77249,6747,,,true
P02_WHITE_Y_000023,P02,WHITE,Y,image_000023.jpg,training/P02/WHITE/Y/images/image_000023.jpg,30643bc095e68aad1ed7473a3c284b98bd2adc943975946fc1b8e8ac426005a8,6704,,,true
P02_WHITE_Y_000024,P02,WHITE,Y,image_000024.jpg,training/P02/WHITE/Y/images/image_000024.jpg,aa2e5be40263f013e479f8b17fefd6e0e61eec558b693c501163bbae61d2e4f1,6554,,,true
P02_WHITE_Y_000025,P02,WHITE,Y,image_000025.jpg,training/P02/WHITE/Y/images/image_000025.jpg,795cb540d8b95fc36439d6d3fa98b6d22b62141536f0ae765f56c4c516bd069d,6833,,,true
P03_BLACK_A_000001,P03,BLACK,A,image_000001.jpg,training/P03/BLACK/A/images/image_000001.jpg,a3512f6c09f03ac1771aea0a42885b12b3bc71f55827f9c7805c4f5c3ea51c14,8633,,,true
P03_BLACK_A_000002,P03,BLACK,A,image_000002.jpg,training/P03/BLACK/A/images/image_000002.jpg,43bbaa0257a12b6742ba214047e6db9e09983dca3f8318e2e44a7a660f4bc658,8870,,,true
P03_BLACK_A_000003,P03,BLACK,A,image_000003.jpg,training/P03/BLACK/A/images/image_000003.jpg,a19fca99b93c89ffd46269752139cefdee7e917c476bd936db89cb7ee4d9f1d2,8932,,,true
P03_BLACK_A_000004,P03,BLACK,A,image_000004.jpg,training/P03/BLACK/A/images/image_000004.jpg,df7d39f96b72382cec50a95125368a52de41ec2316860600f0dd73ad4e614d9c,8717,,,true
P03_BLACK_A_000005,P03,BLACK,A,image_000005.jpg,training/P03/BLACK/A/images/image_000005.jpg,34170ce36e02c83bf6e286bcc5114c5c684e7681d594a4fe5f118f285a11bc5a,8719,,,true
P03_BLACK_A_000006,P03,BLACK,A,image_000006.jpg,training/P03/BLACK/A/images/image_000006.jpg,b782b9f2dc6f254568c9f0c063ae2b54a6b8b1f346736994adc11902ff859242,8859,,,true
P03_BLACK_A_000007,P03,BLACK,A,image_000007.jpg,training/P03/BLACK/A/images/image_000007.jpg,23ce134edb8a310e8f11b3eefa039b1404b56b10decb9ac00d40548cd9b8743d,8750,,,true
P03_BLACK_A_000008,P03,BLACK,A,image_000008.jpg,training/P03/BLACK/A/images/image_000008.jpg,b012f6c9219b59068ff405d4c345c6a76d822245be402c5d0f1292570af65d92,9046,,,true
P03_BLACK_A_000009,P03,BLACK,A,image_000009.jpg,training/P03/BLACK/A/images/image_000009.jpg,94000369b0c44fcb4d448a15c6595076749d19e9159a9ef45daf307790974ebe,8949,,,true
P03_BLACK_A_000010,P03,BLACK,A,image_000010.jpg,training/P03/BLACK/A/images/image_000010.jpg,1a6f3fe27bc7af3b57a7cc085cfa75d2e790d8346d9d5b4fe6dad051b9dabec9,8936,,,true
P03_BLACK_A_000011,P03,BLACK,A,image_000011.jpg,training/P03/BLACK/A/images/image_000011.jpg,399dbc66087a89733426d7cc748c019dc7bd245eb11ddf8e3c357d1cea24af86,8941,,,true
P03_BLACK_A_000012,P03,BLACK,A,image_000012.jpg,training/P03/BLACK/A/images/image_000012.jpg,464370a8ba8d8efe760c21d2467c0fe36ec45913513bd45006a5fa590544ebaf,9045,,,true
P03_BLACK_A_000013,P03,BLACK,A,image_000013.jpg,training/P03/BLACK/A/images/image_000013.jpg,a2262062e3cfb832316ea9dda8f697adffe373b7260cc0d01f22839e87bdd409,8305,,,true
P03_BLACK_A_000014,P03,BLACK,A,image_000014.jpg,training/P03/BLACK/A/images/image_000014.jpg,010c5e3ccedbd9617fa117c2edca45a2032f05565cd9b6778cd10f08ce26962f,8353,,,true
P03_BLACK_A_000015,P03,BLACK,A,image_000015.jpg,training/P03/BLACK/A/images/image_000015.jpg,5c200a6bf08894f3dddad84b546b52810532f82c5f3a61b179e023f686b86cca,8779,,,true
P03_BLACK_A_000016,P03,BLACK,A,image_000016.jpg,training/P03/BLACK/A/images/image_000016.jpg,5a5c58346736b5066de5ace57d314ccc515aaa32e93f9e2e7e939ffe2ad74456,8534,,,true
P03_BLACK_A_000017,P03,BLACK,A,image_000017.jpg,training/P03/BLACK/A/images/image_000017.jpg,4ff086b607dfde80b81b883317a84c31564430dc8e02bc8219296cd2510ee889,8564,,,true
P03_BLACK_A_000018,P03,BLACK,A,image_000018.jpg,training/P03/BLACK/A/images/image_000018.jpg,0d79d5b17324238aad3a7dfd2ce55c10280201f034cd9bbaf3c1cc05c5f5db79,8779,,,true
P03_BLACK_A_000019,P03,BLACK,A,image_000019.jpg,training/P03/BLACK/A/images/image_000019.jpg,4e9f9dd0960224047804ad43a03d738413f93644b3cb70cbb4cd75a33f9477b0,8467,,,true
P03_BLACK_A_000020,P03,BLACK,A,image_000020.jpg,training/P03/BLACK/A/images/image_000020.jpg,e8a15942208038be663f21e4050713c5c98865faf62be4b343d1398f13d8ea0b,8493,,,true
P03_BLACK_A_000021,P03,BLACK,A,image_000021.jpg,training/P03/BLACK/A/images/image_000021.jpg,0be522aafdb86fe0e32c91b3543f3bf648741ef7724a67fa74012ed7d148eea7,8570,,,true
P03_BLACK_A_000022,P03,BLACK,A,image_000022.jpg,training/P03/BLACK/A/images/image_000022.jpg,4205fde5b04ccf9bdc47c146fca9e01dba533f7c83b6d1b5378563b703a4bf1e,8625,,,true
P03_BLACK_A_000023,P03,BLACK,A,image_000023.jpg,training/P03/BLACK/A/images/image_000023.jpg,c1eca71346a32951d340d84dd20a16ae32814dde49afe9695d076270d1d3473d,9267,,,true
P03_BLACK_A_000024,P03,BLACK,A,image_000024.jpg,training/P03/BLACK/A/images/image_000024.jpg,cc61f7feb5cf0ce0f846e0e12204c31f7ace77f429746ba5bc33ec7dbc647bc7,8685,,,true
P03_BLACK_A_000025,P03,BLACK,A,image_000025.jpg,training/P03/BLACK/A/images/image_000025.jpg,7466fed78cb430dc2a8e584ade1bb6c43650a3bfe76b3b258fbd4106d26ef665,8443,,,true
P03_BLACK_B_000001,P03,BLACK,B,image_000001.jpg,training/P03/BLACK/B/images/image_000001.jpg,f826a5d09aa8877630e0d4f7c846ddf75b351d0739906ef1e90fc98f8729c723,8842,,,true
P03_BLACK_B_000002,P03,BLACK,B,image_000002.jpg,training/P03/BLACK/B/images/image_000002.jpg,e1cbac904116033a7726f0f0de9a6a6b4031373311c529dd6632e4d7bdc358be,9091,,,true
P03_BLACK_B_000003,P03,BLACK,B,image_000003.jpg,training/P03/BLACK/B/images/image_000003.jpg,89841fcf608c7df761c03269f8ac5e304fbae2602d5bb010c8fe731ff7377712,8819,,,true
P03_BLACK_B_000004,P03,BLACK,B,image_000004.jpg,training/P03/BLACK/B/images/image_000004.jpg,77d8e0b7343b559ea43c542128a0931e3a5bdb0eb15420946f191001330d0ef6,8999,,,true
P03_BLACK_B_000005,P03,BLACK,B,image_000005.jpg,training/P03/BLACK/B/images/image_000005.jpg,5efe5c9efd42ed446d40c2049a8250234a0bb681ba2ccb5550d8a0ee54d2988e,8925,,,true
P03_BLACK_B_000006,P03,BLACK,B,image_000006.jpg,training/P03/BLACK/B/images/image_000006.jpg,e439c95fc9fd3f0e2b81fe07c9431e5a96583ad43e75b8c8e7adb3fd41e5e926,8595,,,true
P03_BLACK_B_000007,P03,BLACK,B,image_000007.jpg,training/P03/BLACK/B/images/image_000007.jpg,f96273f37dfca152ffbd927eee0e912475012182448c0d3c6e956f876aca8b76,8529,,,true
P03_BLACK_B_000008,P03,BLACK,B,image_000008.jpg,training/P03/BLACK/B/images/image_000008.jpg,adf16851191e758f24d5edd9f227b93cf9c83971e6945356bc5731447277d5e5,8605,,,true
P03_BLACK_B_000009,P03,BLACK,B,image_000009.jpg,training/P03/BLACK/B/images/image_000009.jpg,61fccc312bf59220914a2d213470dc5a83ef7460fd8ed7da3be419a1b0b6d62e,8855,,,true
P03_BLACK_B_000010,P03,BLACK,B,image_000010.jpg,training/P03/BLACK/B/images/image_000010.jpg,de56ad5c4f5e9f9a55feb1cb53015338706ab7db9065dbf8d40476ad676a8f51,9007,,,true
P03_BLACK_B_000011,P03,BLACK,B,image_000011.jpg,training/P03/BLACK/B/images/image_000011.jpg,553effaf817a2c6a19afaaf6490503c0522f50d32ebf828310b84a1afb124b36,8959,,,true
P03_BLACK_B_000012,P03,BLACK,B,image_000012.jpg,training/P03/BLACK/B/images/image_000012.jpg,b91d36c5b3a14f748b48cf8ffc661f6738a553845094091b77a0c9cda28835cc,8786,,,true
P03_BLACK_B_000013,P03,BLACK,B,image_000013.jpg,training/P03/BLACK/B/images/image_000013.jpg,1090ed134281509f204fc0068e1ea670292385529c12d146e370097e5f09ddb8,8643,,,true
P03_BLACK_B_000014,P03,BLACK,B,image_000014.jpg,training/P03/BLACK/B/images/image_000014.jpg,8ceb9c9a8b7f90f8dca6eae1987820ac9fac83b6e7680abbaee4c2b11a704eac,9264,,,true
P03_BLACK_B_000015,P03,BLACK,B,image_000015.jpg,training/P03/BLACK/B/images/image_000015.jpg,8b20037c1a5408518c4598f76befbbcf162696329a3123760f4ca1c0640b4c9d,8551,,,true
P03_BLACK_B_000016,P03,BLACK,B,image_000016.jpg,training/P03/BLACK/B/images/image_000016.jpg,ea05bfffeae625c34a3c7f5159233f00954b37f80f1b59ee9dda5bf220c7d1a9,8220,,,true
P03_BLACK_B_000017,P03,BLACK,B,image_000017.jpg,training/P03/BLACK/B/images/image_000017.jpg,5f451c336e28714a0e32472ce1bb3d4ee6efb21809d1b5bc129a3e97639207e8,8780,,,true
P03_BLACK_B_000018,P03,BLACK,B,image_000018.jpg,training/P03/BLACK/B/images/image_000018.jpg,2725b055683e5bb586c08be18df3554188d7704f1130f6064e01ca75e85d421a,8782,,,true
P03_BLACK_B_000019,P03,BLACK,B,image_000019.jpg,training/P03/BLACK/B/images/image_000019.jpg,f2f7316729f1737ef5425c8207e87aaf600181430bd5d648f574c73669de5fbf,9069,,,true
P03_BLACK_B_000020,P03,BLACK,B,image_000020.jpg,training/P03/BLACK/B/images/image_000020.jpg,d8e41274f0b72205ca47d5e7d5e882e99217eecbf5c1fc27303400b6baec114d,8978,,,true
P03_BLACK_B_000021,P03,BLACK,B,image_000021.jpg,training/P03/BLACK/B/images/image_000021.jpg,04ef2395ced44f9b536285c10310b164492be281b63ea78ff9add3a1424d25d5,9125,,,true
P03_BLACK_B_000022,P03,BLACK,B,image_000022.jpg,training/P03/BLACK/B/images/image_000022.jpg,8e797167cc9fa6f5790412e0e6179c4947697c17a41b6275bb4e8327942c3360,8797,,,true
P03_BLACK_B_000023,P03,BLACK,B,image_000023.jpg,training/P03/BLACK/B/images/image_000023.jpg,137effd9ad2805cda6591e43933582562b8745170219e9c858784668d8e289d0,8751,,,true
P03_BLACK_B_000024,P03,BLACK,B,image_000024.jpg,training/P03/BLACK/B/images/image_000024.jpg,3face8dcfcd2dc71073f6e36e624c0d3d8925cb9977962969832c124e3f0da23,8483,,,true
P03_BLACK_B_000025,P03,BLACK,B,image_000025.jpg,training/P03/BLACK/B/images/image_000025.jpg,216347344fd1bc7a5d09304b22b85c3da5840f566b3743cbb81381e1719dd040,8330,,,true
P03_BLACK_C_000001,P03,BLACK,C,image_000001.jpg,training/P03/BLACK/C/images/image_000001.jpg,1cddbc4903ae388ddd6376fbbe06f53246361f72c556540493a7f8aa1bd482ef,9094,,,true
P03_BLACK_C_000002,P03,BLACK,C,image_000002.jpg,training/P03/BLACK/C/images/image_000002.jpg,828b3ee037911e380864cee056bf8d1c114e2b01178e9d71963a98e384ae837e,9121,,,true
P03_BLACK_C_000003,P03,BLACK,C,image_000003.jpg,training/P03/BLACK/C/images/image_000003.jpg,a5e9b0bc394859484d9b608ba14b283a110f3c65bc9ec4df5a86655bcce4be8d,9320,,,true
P03_BLACK_C_000004,P03,BLACK,C,image_000004.jpg,training/P03/BLACK/C/images/image_000004.jpg,c29e2fefa0738c05725f80b485433906dc658435e80960eb69bccbd889e3b7c3,9201,,,true
P03_BLACK_C_000005,P03,BLACK,C,image_000005.jpg,training/P03/BLACK/C/images/image_000005.jpg,99f328955ff61fb9a2ab2b1c0e9990037a4875cf4fd3a9f79035b72715f72deb,9360,,,true
P03_BLACK_C_000006,P03,BLACK,C,image_000006.jpg,training/P03/BLACK/C/images/image_000006.jpg,ae90c82a53383e214b323b41adcf83383f2793908a12e44ead8a724ccbd86fb7,9063,,,true
P03_BLACK_C_000007,P03,BLACK,C,image_000007.jpg,training/P03/BLACK/C/images/image_000007.jpg,1c6fb5442768b8ae895d48a1b8935aa05f70943d5926615e2c039fa0308b3c48,9126,,,true
P03_BLACK_C_000008,P03,BLACK,C,image_000008.jpg,training/P03/BLACK/C/images/image_000008.jpg,43b9adf0114bb75b2cf07a44fe237c6c5a290ccca21989b0229fc46fb85a8d6f,8837,,,true
P03_BLACK_C_000009,P03,BLACK,C,image_000009.jpg,training/P03/BLACK/C/images/image_000009.jpg,6efb0367ea8e5990687468e94f0b65c465fc74d291c6f2c5e160fa15b7f40124,8944,,,true
P03_BLACK_C_000010,P03,BLACK,C,image_000010.jpg,training/P03/BLACK/C/images/image_000010.jpg,2fe25cce4af0cda166b74207bc4af43bb6cb737bd6a88b04f2c2fd1b8f88b97d,9099,,,true
P03_BLACK_C_000011,P03,BLACK,C,image_000011.jpg,training/P03/BLACK/C/images/image_000011.jpg,8b1a0812c040a9c1014033afbb3f5d3b4ceaa6779755809289fe771d238714d6,8817,,,true
P03_BLACK_C_000012,P03,BLACK,C,image_000012.jpg,training/P03/BLACK/C/images/image_000012.jpg,47c54dfd8f43f6b0e222fa52a4832273605b1d195ea494dcf5af61713a83bef7,8663,,,true
P03_BLACK_C_000013,P03,BLACK,C,image_000013.jpg,training/P03/BLACK/C/images/image_000013.jpg,cd723a3fed8a76dc044b9be2122ff00c5372f95a44cfb2e50387f2266f69503d,8925,,,true
P03_BLACK_C_000014,P03,BLACK,C,image_000014.jpg,training/P03/BLACK/C/images/image_000014.jpg,ed881efc09823198a98bf4dd7427f80e08f46c6cd5d487295151a62904159202,8826,,,true
P03_BLACK_C_000015,P03,BLACK,C,image_000015.jpg,training/P03/BLACK/C/images/image_000015.jpg,f42539646908a5c48c92af8ec9c29215a530003e521bbcb549f9eeed8092d289,8750,,,true
P03_BLACK_C_000016,P03,BLACK,C,image_000016.jpg,training/P03/BLACK/C/images/image_000016.jpg,df1883495651ef7987fa668297cc7704e9e97be18a2d2f72f539168ea4b8a7bd,8931,,,true
P03_BLACK_C_000017,P03,BLACK,C,image_000017.jpg,training/P03/BLACK/C/images/image_000017.jpg,f2cb0130afce74776e474daed7aae56ecf0dea918448a7f840e99f271a061590,8726,,,true
P03_BLACK_C_000018,P03,BLACK,C,image_000018.jpg,training/P03/BLACK/C/images/image_000018.jpg,d48f4f863f4a647696acf67cfb0b98e9476859b7f99cb12b4acf6e470f3e09e1,8899,,,true
P03_BLACK_C_000019,P03,BLACK,C,image_000019.jpg,training/P03/BLACK/C/images/image_000019.jpg,8f4f2b58de789a160cb75c310343face970e3b77ad23f21f8dfb9fb7c9a88acb,8911,,,true
P03_BLACK_C_000020,P03,BLACK,C,image_000020.jpg,training/P03/BLACK/C/images/image_000020.jpg,90a7562d4c25076217e10a201d5bb4b95a676a66d8ebe6c5d5fbdc14328ac11c,9043,,,true
P03_BLACK_C_000021,P03,BLACK,C,image_000021.jpg,training/P03/BLACK/C/images/image_000021.jpg,7699c59dc1ead88cd77e1a16f81574f849ff57dec5618ddc897aaffdd38b6713,8734,,,true
P03_BLACK_C_000022,P03,BLACK,C,image_000022.jpg,training/P03/BLACK/C/images/image_000022.jpg,d49644ee7f35391947442ffe33d163153ccfd1e11ffc1306105f026167a1737e,8646,,,true
P03_BLACK_C_000023,P03,BLACK,C,image_000023.jpg,training/P03/BLACK/C/images/image_000023.jpg,2c7ce8511d9dd17239db0a88232987b712b4a18030a4faebcb87c440652e5917,8863,,,true
P03_BLACK_C_000024,P03,BLACK,C,image_000024.jpg,training/P03/BLACK/C/images/image_000024.jpg,26223ee822d2282f50fb44898587d21f22290e50259dfb3bb804d19e84d4c09e,8789,,,true
P03_BLACK_C_000025,P03,BLACK,C,image_000025.jpg,training/P03/BLACK/C/images/image_000025.jpg,f5dde9b83a577cb2a0b24a556d19d9a769c1f1f3feeb78b2c0195174db1cfddb,8624,,,true
P03_BLACK_E_000001,P03,BLACK,E,image_000001.jpg,training/P03/BLACK/E/images/image_000001.jpg,46ccc6e6850ed2ea6ac40f2cf437c97e0837a967f7ae7a3064185bd3109b7b60,9103,,,true
P03_BLACK_E_000002,P03,BLACK,E,image_000002.jpg,training/P03/BLACK/E/images/image_000002.jpg,a2b370f9a85488eccfd90d5dc575f0c03a8a648340db7f1f8d82c3594707b1f4,8929,,,true
P03_BLACK_E_000003,P03,BLACK,E,image_000003.jpg,training/P03/BLACK/E/images/image_000003.jpg,9098dcfc9412a13173aaffd1ca632d8e6329d7b51c277c75516432c33c00f11a,8490,,,true
P03_BLACK_E_000004,P03,BLACK,E,image_000004.jpg,training/P03/BLACK/E/images/image_000004.jpg,39d7648b9554904b79bf4f51c4f7ba97ac41769602564746bd2d02a422a02abd,8641,,,true
P03_BLACK_E_000005,P03,BLACK,E,image_000005.jpg,training/P03/BLACK/E/images/image_000005.jpg,0929c357ccac1c90062616ba425443c72c57cbfac0f73d3f2685d606c6347ee9,8915,,,true
P03_BLACK_E_000006,P03,BLACK,E,image_000006.jpg,training/P03/BLACK/E/images/image_000006.jpg,ec25eaed3974f88191e28c507e0d88fe993e289a3aa0dabd43d7c9c8b719289d,8690,,,true
P03_BLACK_E_000007,P03,BLACK,E,image_000007.jpg,training/P03/BLACK/E/images/image_000007.jpg,ee57914508c887f1b3688bc1140247f4e651ec85bccd1fc82c1f337c16393b9b,8718,,,true
P03_BLACK_E_000008,P03,BLACK,E,image_000008.jpg,training/P03/BLACK/E/images/image_000008.jpg,a107217aed9506924bac342e16466bf0cb18bb1720038cba4afc6598b1f90241,8641,,,true
P03_BLACK_E_000009,P03,BLACK,E,image_000009.jpg,training/P03/BLACK/E/images/image_000009.jpg,a9233e8614967da47c78122a5ceaf1f31c4407503ef3e526a27261bd394d4351,8581,,,true
P03_BLACK_E_000010,P03,BLACK,E,image_000010.jpg,training/P03/BLACK/E/images/image_000010.jpg,3d10165521750eb2147e8f7d50a571a445e04b659e86fb587e7b6340148b4df5,8613,,,true
P03_BLACK_E_000011,P03,BLACK,E,image_000011.jpg,training/P03/BLACK/E/images/image_000011.jpg,dc140bc350ac3cb90931fd4303dcd6a6eb095ab58ed4f2c95fa3d70403053769,9405,,,true
P03_BLACK_E_000012,P03,BLACK,E,image_000012.jpg,training/P03/BLACK/E/images/image_000012.jpg,6aacbe24ed374e6b745501b8711b25c5ed63a832fd4acea8675e2e8621b085bc,9169,,,true
P03_BLACK_E_000013,P03,BLACK,E,image_000013.jpg,training/P03/BLACK/E/images/image_000013.jpg,129898b9b6704fa21bf0bd3b812dbda4a386b2c4f3d0921da060a2e2db5466c5,8986,,,true
P03_BLACK_E_000014,P03,BLACK,E,image_000014.jpg,training/P03/BLACK/E/images/image_000014.jpg,89ac7ac6e96b756e930c4a85608ad1b318400aa6b50070ac31763a28b97ceda3,8755,,,true
P03_BLACK_E_000015,P03,BLACK,E,image_000015.jpg,training/P03/BLACK/E/images/image_000015.jpg,79e0530dfa94ad7e4852dda3a0b285e46ebacfff2aae55c74aaf1e24b2965c70,8910,,,true
P03_BLACK_E_000016,P03,BLACK,E,image_000016.jpg,training/P03/BLACK/E/images/image_000016.jpg,0d7ddb1208486348c81be9d584f30c9ecbac2c280a73763f815b0c538f3dfc88,8745,,,true
P03_BLACK_E_000017,P03,BLACK,E,image_000017.jpg,training/P03/BLACK/E/images/image_000017.jpg,4bbc04c1f9592f9e35899e4b790f6a090c74a37f96839db8dfa0da2597954436,8928,,,true
P03_BLACK_E_000018,P03,BLACK,E,image_000018.jpg,training/P03/BLACK/E/images/image_000018.jpg,a9cf942b44658c3e2285ff2174a5c8dd97c565d123d71b3bb595690ae82cea01,8695,,,true
P03_BLACK_E_000019,P03,BLACK,E,image_000019.jpg,training/P03/BLACK/E/images/image_000019.jpg,5fcf136620c27807b2d492a034fe4c347bae9b9c6ddcb34bbd58eef7c71969dd,8535,,,true
P03_BLACK_E_000020,P03,BLACK,E,image_000020.jpg,training/P03/BLACK/E/images/image_000020.jpg,126f585db73ee422e335d52be87f000d4a3ac2561c133972422d68935ecc8f90,8929,,,true
P03_BLACK_E_000021,P03,BLACK,E,image_000021.jpg,training/P03/BLACK/E/images/image_000021.jpg,a8a6ac706c9f7cf73838d683e81cd48efefd70e5a6f35fb161caddc34869929e,8501,,,true
P03_BLACK_E_000022,P03,BLACK,E,image_000022.jpg,training/P03/BLACK/E/images/image_000022.jpg,3183b081bf15a6542e51f091f2f39bdde945ffdedf4f31be834f04001fb202f0,9607,,,true
P03_BLACK_E_000023,P03,BLACK,E,image_000023.jpg,training/P03/BLACK/E/images/image_000023.jpg,b92b12bc46411cbe3d6bb6498ccf40990f63785f34cf04bb06c048292c15578d,9587,,,true
P03_BLACK_E_000024,P03,BLACK,E,image_000024.jpg,training/P03/BLACK/E/images/image_000024.jpg,e6942383a0875b2436b73a42ab8483c4220a2a6620fe880ced167277976d6bb6,8666,,,true
P03_BLACK_E_000025,P03,BLACK,E,image_000025.jpg,training/P03/BLACK/E/images/image_000025.jpg,a91a29fd707d83db898c8bd0f3bef46a1239b764a9c12105db4037dfa8ae8758,8559,,,true
P03_BLACK_I_000001,P03,BLACK,I,image_000001.jpg,training/P03/BLACK/I/images/image_000001.jpg,a476aa084ce2ac4edda81254c6b0e8c03a37a6164cef8fb3d534b8cbdc004411,9839,,,true
P03_BLACK_I_000002,P03,BLACK,I,image_000002.jpg,training/P03/BLACK/I/images/image_000002.jpg,41e8396233c03f996144be2dfd2f63e6e523472edd9b7470504f25fd964a8336,8815,,,true
P03_BLACK_I_000003,P03,BLACK,I,image_000003.jpg,training/P03/BLACK/I/images/image_000003.jpg,e632945359c507dde12fbeef9b345953754ec41dd480a2225b16998cb4be50b2,8678,,,true
P03_BLACK_I_000004,P03,BLACK,I,image_000004.jpg,training/P03/BLACK/I/images/image_000004.jpg,051485693eb4e6e377dda871f2e57b8c07e350555672f0939c70e7177f043f2c,8818,,,true
P03_BLACK_I_000005,P03,BLACK,I,image_000005.jpg,training/P03/BLACK/I/images/image_000005.jpg,a4f677dba9ca56988b63566af261cc54534de7aface6701dbd164a60ea804fe0,9240,,,true
P03_BLACK_I_000006,P03,BLACK,I,image_000006.jpg,training/P03/BLACK/I/images/image_000006.jpg,06502bb6beeff0025e5cebb3fce2c57cdac866752eba55aa3144c2b852c70bb2,9209,,,true
P03_BLACK_I_000007,P03,BLACK,I,image_000007.jpg,training/P03/BLACK/I/images/image_000007.jpg,0f7e10598dd8f92d935374bb3e5b57f011b46c862640cb06ce58cf7c94b369cd,8978,,,true
P03_BLACK_I_000008,P03,BLACK,I,image_000008.jpg,training/P03/BLACK/I/images/image_000008.jpg,812526957a8b9d8c9203c0ab8d3b1c2d443853e40221ce6e48fd1fb914e2ea1c,8767,,,true
P03_BLACK_I_000009,P03,BLACK,I,image_000009.jpg,training/P03/BLACK/I/images/image_000009.jpg,06c886a01b8068b68defb8ae154a2511d4583d3636b1f5350131b79d98965184,8767,,,true
P03_BLACK_I_000010,P03,BLACK,I,image_000010.jpg,training/P03/BLACK/I/images/image_000010.jpg,825ba11ee17d17ac257ad554752c2b13fe8fcdaf71c8c0c738d8eaae27e9c9a2,8825,,,true
P03_BLACK_I_000011,P03,BLACK,I,image_000011.jpg,training/P03/BLACK/I/images/image_000011.jpg,07cbd4707f25d8177a21a5662fd9acbe56306c781cad1cfe7823fead8ae737a9,8685,,,true
P03_BLACK_I_000012,P03,BLACK,I,image_000012.jpg,training/P03/BLACK/I/images/image_000012.jpg,f9c5087a655c0d9af529621dee82b71a534c86a737ce15fd00748d3e20f60162,8646,,,true
P03_BLACK_I_000013,P03,BLACK,I,image_000013.jpg,training/P03/BLACK/I/images/image_000013.jpg,0228cd01ee29a5551be5c6d52343b6b0411e46329930d3fdf66a88d46cb0782a,8668,,,true
P03_BLACK_I_000014,P03,BLACK,I,image_000014.jpg,training/P03/BLACK/I/images/image_000014.jpg,f80fca158143e494ab97d065c64eed9610720afd398192fef54b9413ba97e31a,8438,,,true
P03_BLACK_I_000015,P03,BLACK,I,image_000015.jpg,training/P03/BLACK/I/images/image_000015.jpg,509afaed27f0514ba099865df11eddce2130c2b97857fdb218f7ddce709c9a03,8367,,,true
P03_BLACK_I_000016,P03,BLACK,I,image_000016.jpg,training/P03/BLACK/I/images/image_000016.jpg,9da192123af8bbab0b3f44266775062de435f5c7acbe42f131afbda0ba076bea,8619,,,true
P03_BLACK_I_000017,P03,BLACK,I,image_000017.jpg,training/P03/BLACK/I/images/image_000017.jpg,7c280845b049b13ca702a075f1e97340b4f41bdd29f49a377cfe6f26e501495a,8872,,,true
P03_BLACK_I_000018,P03,BLACK,I,image_000018.jpg,training/P03/BLACK/I/images/image_000018.jpg,38a53c686e60c69a9dc2123c92bcc9a25ae5c31edf7e8bf0dcd4cc4d0fbf15a9,8810,,,true
P03_BLACK_I_000019,P03,BLACK,I,image_000019.jpg,training/P03/BLACK/I/images/image_000019.jpg,2be8b1c633be5a5e8132a249be4bf9d37fafed4982cd6052231e0a75f7349d4a,8891,,,true
P03_BLACK_I_000020,P03,BLACK,I,image_000020.jpg,training/P03/BLACK/I/images/image_000020.jpg,085897442e54c64af959447b2302350c49c5459c3ecc2c8155bf517d291b9e48,9121,,,true
P03_BLACK_I_000021,P03,BLACK,I,image_000021.jpg,training/P03/BLACK/I/images/image_000021.jpg,d30c349060288d01fcddc9e4c87c553e42d2cce68699b4bba1e9a5b98a43eec7,8912,,,true
P03_BLACK_I_000022,P03,BLACK,I,image_000022.jpg,training/P03/BLACK/I/images/image_000022.jpg,c4f4cf10669d25b35fd9deaa6520ccb404b5fefdfc49549524aa11d2e0ec4fe9,8826,,,true
P03_BLACK_I_000023,P03,BLACK,I,image_000023.jpg,training/P03/BLACK/I/images/image_000023.jpg,1495bb4fbf59c59881c00a28379a1ce7a2970d1b4362d26820e3df5727eb626f,9254,,,true
P03_BLACK_I_000024,P03,BLACK,I,image_000024.jpg,training/P03/BLACK/I/images/image_000024.jpg,d7bdcff16e39f95ef6eb70ad9b763be979611514848242e4766af4b0ee9712ec,8788,,,true
P03_BLACK_I_000025,P03,BLACK,I,image_000025.jpg,training/P03/BLACK/I/images/image_000025.jpg,2a3ce6573c61df4fc74924d4a629464a498fa0e1894a74a1a49dccf2cc056aa6,8448,,,true
P03_BLACK_L_000001,P03,BLACK,L,image_000001.jpg,training/P03/BLACK/L/images/image_000001.jpg,7a2509be959046eb8138e2cb0d68573e92664b70bd886e9112cf4db30d98e413,8744,,,true
P03_BLACK_L_000002,P03,BLACK,L,image_000002.jpg,training/P03/BLACK/L/images/image_000002.jpg,a980957cf6f2b1ccc081c29dac15f077bd83dd49c0bf95538472f15d8aa78546,8965,,,true
P03_BLACK_L_000003,P03,BLACK,L,image_000003.jpg,training/P03/BLACK/L/images/image_000003.jpg,511bbea4add30026df3ba6ff740f90e5936907c8d6987a83c3b984ddd92f1bbd,8958,,,true
P03_BLACK_L_000004,P03,BLACK,L,image_000004.jpg,training/P03/BLACK/L/images/image_000004.jpg,9aab09e0772d4ea028844b657b651d4627aee73e3f0d7b9286a5971177e9686a,8960,,,true
P03_BLACK_L_000005,P03,BLACK,L,image_000005.jpg,training/P03/BLACK/L/images/image_000005.jpg,bcc82d91ffab5579c88593b4ad8e14dfa69a07fd005fa42dbdc508705de309b4,9044,,,true
P03_BLACK_L_000006,P03,BLACK,L,image_000006.jpg,training/P03/BLACK/L/images/image_000006.jpg,01e1b4d3079d1ca6aa5f470e5b1a99a38c0c75180506722cb53504c6d86e49e9,9333,,,true
P03_BLACK_L_000007,P03,BLACK,L,image_000007.jpg,training/P03/BLACK/L/images/image_000007.jpg,43c26e3c1b0b087a22ed14a4c932121b756cfd6e952c1742ebe32f734b52a482,8909,,,true
P03_BLACK_L_000008,P03,BLACK,L,image_000008.jpg,training/P03/BLACK/L/images/image_000008.jpg,59e2a0a6fd0be41f19cbaed5a3b3079501d1805494766b05acc47b40e47cfdbb,8974,,,true
P03_BLACK_L_000009,P03,BLACK,L,image_000009.jpg,training/P03/BLACK/L/images/image_000009.jpg,b9db43033c6c899452535cd316358316df6645a210de920e699bbe68f77a2370,8848,,,true
P03_BLACK_L_000010,P03,BLACK,L,image_000010.jpg,training/P03/BLACK/L/images/image_000010.jpg,07ec753f8c5fc811cf47e314f97d21dbe61d2d560f4d96204534641c303e9170,8731,,,true
P03_BLACK_L_000011,P03,BLACK,L,image_000011.jpg,training/P03/BLACK/L/images/image_000011.jpg,8bde8749abdd27b88c13ad6fb9c4822853e311da98ec1bed99a34265978a07b3,8828,,,true
P03_BLACK_L_000012,P03,BLACK,L,image_000012.jpg,training/P03/BLACK/L/images/image_000012.jpg,3297e27724296894dbbafc6fa0fca38ce75aa03b6e88174ef0188936fd0a2916,8949,,,true
P03_BLACK_L_000013,P03,BLACK,L,image_000013.jpg,training/P03/BLACK/L/images/image_000013.jpg,f0b77b87abe4422058f5cc3bac844dfe901798d181389726892be7677b00fe2d,8904,,,true
P03_BLACK_L_000014,P03,BLACK,L,image_000014.jpg,training/P03/BLACK/L/images/image_000014.jpg,d9987b8b606ae69c75c4b4e7d24f21cf9e7140770d606f675841eb953e3e7f10,8916,,,true
P03_BLACK_L_000015,P03,BLACK,L,image_000015.jpg,training/P03/BLACK/L/images/image_000015.jpg,bb52d2039a533aa5099fc59494637ecd1cc05a87e468e3ae41e26f3446aa41ad,8424,,,true
P03_BLACK_L_000016,P03,BLACK,L,image_000016.jpg,training/P03/BLACK/L/images/image_000016.jpg,e47bd0e4df14448213efc23d6474318d51ee479cc627c9e4415dfdcb301cde9c,8745,,,true
P03_BLACK_L_000017,P03,BLACK,L,image_000017.jpg,training/P03/BLACK/L/images/image_000017.jpg,8ed09d873d60b177a66f33e4e659c505f1b075ccbff4cfd03244607f66508009,8681,,,true
P03_BLACK_L_000018,P03,BLACK,L,image_000018.jpg,training/P03/BLACK/L/images/image_000018.jpg,f8cd4330cdc4950a45049449fa298de14bdefe7e7c671596f2fbf20f3c565158,8724,,,true
P03_BLACK_L_000019,P03,BLACK,L,image_000019.jpg,training/P03/BLACK/L/images/image_000019.jpg,bd4949c960a5bcf73e4de5055869b38da8de8f000cd7c918bec607e2b8be1917,8943,,,true
P03_BLACK_L_000020,P03,BLACK,L,image_000020.jpg,training/P03/BLACK/L/images/image_000020.jpg,bcd4a09e8c1469e71cc6c29fc98c3adbd6bafc54d7d59aa0b9fc1931eced3e4e,9159,,,true
P03_BLACK_L_000021,P03,BLACK,L,image_000021.jpg,training/P03/BLACK/L/images/image_000021.jpg,bd56f8e1af93ec75e8f8015a2534912e7a5e8b99f998ce3b5b23e478d956fbc5,8949,,,true
P03_BLACK_L_000022,P03,BLACK,L,image_000022.jpg,training/P03/BLACK/L/images/image_000022.jpg,5a6f5e82fb72fcc86f940b81d03073bf5d6769c412968ce3e45ba54d9ddc7be3,8946,,,true
P03_BLACK_L_000023,P03,BLACK,L,image_000023.jpg,training/P03/BLACK/L/images/image_000023.jpg,a0d7f2d8d2a065e8f123b5011f7e69beb0443fa9ef046b89865768610829e7f9,9116,,,true
P03_BLACK_L_000024,P03,BLACK,L,image_000024.jpg,training/P03/BLACK/L/images/image_000024.jpg,e515be66e295616ed3d7171eadbbbcc4e9dedfb42748024da2f957aa53fe9a02,8581,,,true
P03_BLACK_L_000025,P03,BLACK,L,image_000025.jpg,training/P03/BLACK/L/images/image_000025.jpg,2875375793a58f80a1c0aeb5dbe8fc8cf15f6b63bd4731aea41fc68b6700ab2a,8986,,,true
P03_BLACK_M_000001,P03,BLACK,M,image_000001.jpg,training/P03/BLACK/M/images/image_000001.jpg,e9cc9c740c31014f7c15e641e258fa8ff53ac896c07c4e11089405f5f9fa3fa0,9612,,,true
P03_BLACK_M_000002,P03,BLACK,M,image_000002.jpg,training/P03/BLACK/M/images/image_000002.jpg,9d88549381b548dbbf39a8fc1cd50767db035b361bba2f5fb5a134c09dbc37d1,9768,,,true
P03_BLACK_M_000003,P03,BLACK,M,image_000003.jpg,training/P03/BLACK/M/images/image_000003.jpg,d886dee368c6d13fb596fdbcb5fcf63f2e977c3c2e4b46699bab3b24664beac1,9644,,,true
P03_BLACK_M_000004,P03,BLACK,M,image_000004.jpg,training/P03/BLACK/M/images/image_000004.jpg,21504b0bf3751e20a8123cfc0ccd5320bd19a9d4d8c6bfc82f07d0f330798755,9010,,,true
P03_BLACK_M_000005,P03,BLACK,M,image_000005.jpg,training/P03/BLACK/M/images/image_000005.jpg,eb51f9b9d3bef677555633f2e50e775044efd85aa8429b30155d52c3e20dc76a,9386,,,true
P03_BLACK_M_000006,P03,BLACK,M,image_000006.jpg,training/P03/BLACK/M/images/image_000006.jpg,f07649b53768b1e3f54e39dcd77a1713d10d108b13f72a503bd2ad8994abea5e,9281,,,true
P03_BLACK_M_000007,P03,BLACK,M,image_000007.jpg,training/P03/BLACK/M/images/image_000007.jpg,e2901b9076bbac5c8d2e4200575c721b71daaca74c4715bf9c18825339eb48f5,8717,,,true
P03_BLACK_M_000008,P03,BLACK,M,image_000008.jpg,training/P03/BLACK/M/images/image_000008.jpg,e5b0cbbf293160ad6a64834c6699b25aab8984203f1262543ecd843b0f3945dc,8781,,,true
P03_BLACK_M_000009,P03,BLACK,M,image_000009.jpg,training/P03/BLACK/M/images/image_000009.jpg,dce989d3fc3712a4debf6f3eea9f84ea8486aff0218dd01f5db89be59e27ed61,8978,,,true
P03_BLACK_M_000010,P03,BLACK,M,image_000010.jpg,training/P03/BLACK/M/images/image_000010.jpg,bb0cfc7a254d62db182c115dddaa3a2427de4403652fbf7960113918442e32bb,9245,,,true
P03_BLACK_M_000011,P03,BLACK,M,image_000011.jpg,training/P03/BLACK/M/images/image_000011.jpg,009715068d0da312d1d6b6ddf66b880f69de16535175f9c972a2b138ed4d4c8f,8620,,,true
P03_BLACK_M_000012,P03,BLACK,M,image_000012.jpg,training/P03/BLACK/M/images/image_000012.jpg,9568cd7796798952f08e69242fea68024fbee8ddc5a2c2456b8840b69ad90be3,8526,,,true
P03_BLACK_M_000013,P03,BLACK,M,image_000013.jpg,training/P03/BLACK/M/images/image_000013.jpg,3f578973c061c58774c981848fe519cbc52321a1ab78dd89e039d625eb4a5f80,8907,,,true
P03_BLACK_M_000014,P03,BLACK,M,image_000014.jpg,training/P03/BLACK/M/images/image_000014.jpg,46fd8d666f337474237d1c444f0e2682cd1b3fb2e5d655f803dd39bb00f68c77,8676,,,true
P03_BLACK_M_000015,P03,BLACK,M,image_000015.jpg,training/P03/BLACK/M/images/image_000015.jpg,41c1290dd9fcf24653fedf45b2d77d713f27488c826279eae8ec6108078a3571,8833,,,true
P03_BLACK_M_000016,P03,BLACK,M,image_000016.jpg,training/P03/BLACK/M/images/image_000016.jpg,85f1173687392b082964913739f73184a0a596e58b5c291d7e627a8b3614ceca,8693,,,true
P03_BLACK_M_000017,P03,BLACK,M,image_000017.jpg,training/P03/BLACK/M/images/image_000017.jpg,f5159223f3ab3f7b6d551bc68a94853d556aaaa651c023606634e6080b26bc0a,8720,,,true
P03_BLACK_M_000018,P03,BLACK,M,image_000018.jpg,training/P03/BLACK/M/images/image_000018.jpg,0ffbc9549d11d520f9319f52bf4a469574327ff395d88bd1d96dfb97cb1bca59,8932,,,true
P03_BLACK_M_000019,P03,BLACK,M,image_000019.jpg,training/P03/BLACK/M/images/image_000019.jpg,cc023dbda2462e09973237cb3e6da02624c0df0e550eb4f8b0d957e30368da3d,8839,,,true
P03_BLACK_M_000020,P03,BLACK,M,image_000020.jpg,training/P03/BLACK/M/images/image_000020.jpg,688d4d4fdf7f5716837b2ca9d3da20c242aa15a9875cb83442c19decd6da1b42,8546,,,true
P03_BLACK_M_000021,P03,BLACK,M,image_000021.jpg,training/P03/BLACK/M/images/image_000021.jpg,0d4464cea1f99dd157fcde2b2405ccccbe50a10fdb94778a51d8e61f95c493cd,8893,,,true
P03_BLACK_M_000022,P03,BLACK,M,image_000022.jpg,training/P03/BLACK/M/images/image_000022.jpg,120c9ca0137f476b8a6663a8c3a67dd35ffc62da9e3be1b412255df4852d52ce,8780,,,true
P03_BLACK_M_000023,P03,BLACK,M,image_000023.jpg,training/P03/BLACK/M/images/image_000023.jpg,3a9db093c6bf122cbd91246639270cc8dc9dab7ec8f29faeb5e8bb4b24cb53e0,8580,,,true
P03_BLACK_M_000024,P03,BLACK,M,image_000024.jpg,training/P03/BLACK/M/images/image_000024.jpg,becb7d730474a6695bc72b9162d01a679250d194c2d045ed554773e423709aa3,8969,,,true
P03_BLACK_M_000025,P03,BLACK,M,image_000025.jpg,training/P03/BLACK/M/images/image_000025.jpg,b1e9ad0455edbb1ecda41946a1d3f88a957828afd83722d62ca5c10f6dd1e006,8681,,,true
P03_BLACK_N_000001,P03,BLACK,N,image_000001.jpg,training/P03/BLACK/N/images/image_000001.jpg,b946f00ec18581865ebf6358a12678ced7c0db9f8d4a62930d8aa6198d975271,8903,,,true
P03_BLACK_N_000002,P03,BLACK,N,image_000002.jpg,training/P03/BLACK/N/images/image_000002.jpg,0054d0b47a60a24668ee867d91751da6abd5c05a6c5fb58a1ce53d875735a568,9271,,,true
P03_BLACK_N_000003,P03,BLACK,N,image_000003.jpg,training/P03/BLACK/N/images/image_000003.jpg,f7e4dc26945ab86877a0a60e77346cf8f14d4e833fa1d9bd33bd4e1b389f2f67,9361,,,true
P03_BLACK_N_000004,P03,BLACK,N,image_000004.jpg,training/P03/BLACK/N/images/image_000004.jpg,2830e1933cca5df17278761f779239ace40138555bf896d93f49d7bf08346a81,9157,,,true
P03_BLACK_N_000005,P03,BLACK,N,image_000005.jpg,training/P03/BLACK/N/images/image_000005.jpg,93068dd91909b10c826cdb62cc576c0304accfef2b6134bf62a5d970e533fb77,9577,,,true
P03_BLACK_N_000006,P03,BLACK,N,image_000006.jpg,training/P03/BLACK/N/images/image_000006.jpg,9168aa2997fbb8efef54588894601ed1d9dd1f95f26320e9040bf511fcc231f4,8831,,,true
P03_BLACK_N_000007,P03,BLACK,N,image_000007.jpg,training/P03/BLACK/N/images/image_000007.jpg,d93010a348c496891903e7d30b7a618c37e021c63f2a4bd72e59604b607ce03a,8762,,,true
P03_BLACK_N_000008,P03,BLACK,N,image_000008.jpg,training/P03/BLACK/N/images/image_000008.jpg,60df3858cf29254fd5dc19d9c85f392d7a73a8c8fc411ead570e3c6889164f05,8665,,,true
P03_BLACK_N_000009,P03,BLACK,N,image_000009.jpg,training/P03/BLACK/N/images/image_000009.jpg,d76149492be5bd619efd95849b24596e41e2051c5bcefc6e4120eab39701dc78,8667,,,true
P03_BLACK_N_000010,P03,BLACK,N,image_000010.jpg,training/P03/BLACK/N/images/image_000010.jpg,5dd73b09ae8bf3b9e3a01e3b9f227c14d36d9169f77d2ad217d799727bc337bd,8828,,,true
P03_BLACK_N_000011,P03,BLACK,N,image_000011.jpg,training/P03/BLACK/N/images/image_000011.jpg,96513780e10d6c752a80856df86589e4c0f233873ce8c7d914ab1e98222c8cb6,9006,,,true
P03_BLACK_N_000012,P03,BLACK,N,image_000012.jpg,training/P03/BLACK/N/images/image_000012.jpg,e22cbf8cbcb13285f7dc21bbe897c16c86ba2af2ceb24857d97c16b0eaaeb7aa,9112,,,true
P03_BLACK_N_000013,P03,BLACK,N,image_000013.jpg,training/P03/BLACK/N/images/image_000013.jpg,31943e91a69b29f7e82b66897f917eddf1ebfbb9c44d56c23ab31a91a9ad0947,9046,,,true
P03_BLACK_N_000014,P03,BLACK,N,image_000014.jpg,training/P03/BLACK/N/images/image_000014.jpg,87e23dafb289ec5a8ebc61e0fbd602c00c756e96dbbe27681b32ccccb41d5a70,8959,,,true
P03_BLACK_N_000015,P03,BLACK,N,image_000015.jpg,training/P03/BLACK/N/images/image_000015.jpg,3cfba6c58a286e9e6cea60f7da0c2ae90ebcb0e15602b7b1149ff78c6f212cc7,8907,,,true
P03_BLACK_N_000016,P03,BLACK,N,image_000016.jpg,training/P03/BLACK/N/images/image_000016.jpg,19d587765f1f0f7d2bed2a12f7699081bee80c5d2b80c518203eea10497dc841,8344,,,true
P03_BLACK_N_000017,P03,BLACK,N,image_000017.jpg,training/P03/BLACK/N/images/image_000017.jpg,cfaaa191622dce60c79f17f141f27135ccad97f9f63c70ce1480721076c23a79,8835,,,true
P03_BLACK_N_000018,P03,BLACK,N,image_000018.jpg,training/P03/BLACK/N/images/image_000018.jpg,f95ddd216fbe04a152ae5266eed667950cc7ea91462ac062d4881c151003d9f2,8874,,,true
P03_BLACK_N_000019,P03,BLACK,N,image_000019.jpg,training/P03/BLACK/N/images/image_000019.jpg,01fe4b36aa399de85c3eea937c6eec21a21e5c2d5a7c60af4997661fcef251e2,9110,,,true
P03_BLACK_N_000020,P03,BLACK,N,image_000020.jpg,training/P03/BLACK/N/images/image_000020.jpg,fd5c471f211c8803640da27f7df7067f3370b6bf8d4aa37fa30d391e10c6a3d7,8648,,,true
P03_BLACK_N_000021,P03,BLACK,N,image_000021.jpg,training/P03/BLACK/N/images/image_000021.jpg,fad6a5cdc69cae320a80b0fa8ad82307e37441c3da4467440599b1032d328389,8922,,,true
P03_BLACK_N_000022,P03,BLACK,N,image_000022.jpg,training/P03/BLACK/N/images/image_000022.jpg,e61e0201dd9b170b25793047e09dccd1ba8c081b16bdb73f283296f0c027c443,8965,,,true
P03_BLACK_N_000023,P03,BLACK,N,image_000023.jpg,training/P03/BLACK/N/images/image_000023.jpg,1dc79e5a638a039487accf435aeae963a1270426897031541e473dfee31388d7,8697,,,true
P03_BLACK_N_000024,P03,BLACK,N,image_000024.jpg,training/P03/BLACK/N/images/image_000024.jpg,f30c440b7f5dcc61154d9607e763bf79932a36d258521227a0f9a12f3c79917b,8601,,,true
P03_BLACK_N_000025,P03,BLACK,N,image_000025.jpg,training/P03/BLACK/N/images/image_000025.jpg,4f19e5348b78f7c80c9610718a0037ee02eb8783e8fa66f254de8bb6f381e971,8836,,,true
P03_BLACK_O_000001,P03,BLACK,O,image_000001.jpg,training/P03/BLACK/O/images/image_000001.jpg,dc20a3c348df461d59051cd781f09f4d323d2f99b2950a6f9a7a86cd4be36c89,9178,,,true
P03_BLACK_O_000002,P03,BLACK,O,image_000002.jpg,training/P03/BLACK/O/images/image_000002.jpg,5427bf0b2824a2a85bcdc39f8171e1e07f72d3fc73879f94fc91b5ab67cc6423,9393,,,true
P03_BLACK_O_000003,P03,BLACK,O,image_000003.jpg,training/P03/BLACK/O/images/image_000003.jpg,62aeba5ad7da53a454315192b5d8bf1e7bd5f9f205d7c67ceded3d70bfce9b2e,9751,,,true
P03_BLACK_O_000004,P03,BLACK,O,image_000004.jpg,training/P03/BLACK/O/images/image_000004.jpg,e723044b1737943324b4704917a1572fda9f1d0ab5751f978b54365781a6be56,9413,,,true
P03_BLACK_O_000005,P03,BLACK,O,image_000005.jpg,training/P03/BLACK/O/images/image_000005.jpg,c603ed3e8300202e581a72ebcd3159283805f4918cff7ab0cee8f7a246c5cc78,9260,,,true
P03_BLACK_O_000006,P03,BLACK,O,image_000006.jpg,training/P03/BLACK/O/images/image_000006.jpg,5b27e4ed4b72f4d49066f75b0c970db6bc545f2594d9d023f1abbbdbd67984af,9354,,,true
P03_BLACK_O_000007,P03,BLACK,O,image_000007.jpg,training/P03/BLACK/O/images/image_000007.jpg,99d8b3c7c1fec44acfc1f46ebcbf34d34c0673e5aff54585a807e87904aa43a8,9223,,,true
P03_BLACK_O_000008,P03,BLACK,O,image_000008.jpg,training/P03/BLACK/O/images/image_000008.jpg,03ec072ee41d6f8506a437281d44a9af513bac75d6be028cd774f84caa48a4a0,9065,,,true
P03_BLACK_O_000009,P03,BLACK,O,image_000009.jpg,training/P03/BLACK/O/images/image_000009.jpg,3a883174842d98e82c5fc26316de16871d67f86cf005d8d3cd8bd4b2bb4a5c35,9197,,,true
P03_BLACK_O_000010,P03,BLACK,O,image_000010.jpg,training/P03/BLACK/O/images/image_000010.jpg,aae030494f0d9a9d057120453d96d0856808814f745ff5de4fcad68ea1914ada,9572,,,true
P03_BLACK_O_000011,P03,BLACK,O,image_000011.jpg,training/P03/BLACK/O/images/image_000011.jpg,e8e3d6555797cd7d40aedff4ff08ca47f0077a9d15285eab75ad5f356af7151d,9528,,,true
P03_BLACK_O_000012,P03,BLACK,O,image_000012.jpg,training/P03/BLACK/O/images/image_000012.jpg,a731f8e65c5759648ba765d6f96b39c3605d758230be620825cf40dcec4dbdb2,9240,,,true
P03_BLACK_O_000013,P03,BLACK,O,image_000013.jpg,training/P03/BLACK/O/images/image_000013.jpg,ad125b9bb5372e59a0755057f8b3dffd5c5b204968e0dfa71f115314e4920030,9245,,,true
P03_BLACK_O_000014,P03,BLACK,O,image_000014.jpg,training/P03/BLACK/O/images/image_000014.jpg,32f003652a6c2249dffd0d61eefe922c16e46a3eff22b3584961de8546cbc72b,9260,,,true
P03_BLACK_O_000015,P03,BLACK,O,image_000015.jpg,training/P03/BLACK/O/images/image_000015.jpg,47a37e9539934d9bdc665edeea3fda4d1c354f44ff206006c1cab5f18bf4332c,9185,,,true
P03_BLACK_O_000016,P03,BLACK,O,image_000016.jpg,training/P03/BLACK/O/images/image_000016.jpg,ddbcac3444849bfc4e6c7aae58fe0d8a3813255454a8792feec10872b03ba856,8845,,,true
P03_BLACK_O_000017,P03,BLACK,O,image_000017.jpg,training/P03/BLACK/O/images/image_000017.jpg,71cadf556ab9753fda1496ba5ea0828305b8612c7d5ce5ef50501b5e9425e566,8984,,,true
P03_BLACK_O_000018,P03,BLACK,O,image_000018.jpg,training/P03/BLACK/O/images/image_000018.jpg,51dce405abb4a7820e9df232b152be29e3db08d83acd411afc1c89c3da89b17d,9109,,,true
P03_BLACK_O_000019,P03,BLACK,O,image_000019.jpg,training/P03/BLACK/O/images/image_000019.jpg,8b80ec44632cd30d4157ec293406759fbc49c401f4034228d712fc9cf04db3e9,9390,,,true
P03_BLACK_O_000020,P03,BLACK,O,image_000020.jpg,training/P03/BLACK/O/images/image_000020.jpg,cb48ed072729b54f624409dfc95397964ded6d4c4b2eac0397076a2170afa91e,9019,,,true
P03_BLACK_O_000021,P03,BLACK,O,image_000021.jpg,training/P03/BLACK/O/images/image_000021.jpg,4575b42dce421b879663044425c1f8a304852ddf9c83cda581554aa6a53d1054,9055,,,true
P03_BLACK_O_000022,P03,BLACK,O,image_000022.jpg,training/P03/BLACK/O/images/image_000022.jpg,926c6f63b3edabb99fbd4c7e8e69ff1f37fade514e46cc484201c4a34186e879,9252,,,true
P03_BLACK_O_000023,P03,BLACK,O,image_000023.jpg,training/P03/BLACK/O/images/image_000023.jpg,b8741f65b2b753eb51055955f8506d74eecd0736cd07fb90986df77705757c07,9062,,,true
P03_BLACK_O_000024,P03,BLACK,O,image_000024.jpg,training/P03/BLACK/O/images/image_000024.jpg,f65c881d8f7c682e04083e8d4b9856979fe019c6447e88a13c547dadc48256c4,9195,,,true
P03_BLACK_O_000025,P03,BLACK,O,image_000025.jpg,training/P03/BLACK/O/images/image_000025.jpg,2370e9f2ceff94725dedaf40553a43d588f7b29dc9b831323448a1dfe11db26e,9106,,,true
P03_BLACK_P_000001,P03,BLACK,P,image_000001.jpg,training/P03/BLACK/P/images/image_000001.jpg,6774fe89c66c1c876c2f3710c58a4692d760d77bdfae752ebe0c667630078b0c,8804,,,true
P03_BLACK_P_000002,P03,BLACK,P,image_000002.jpg,training/P03/BLACK/P/images/image_000002.jpg,69299165afdf070b9e2bc1f900e13b7ed8c0e9f7756ff8f3eae26c6e78375125,8819,,,true
P03_BLACK_P_000003,P03,BLACK,P,image_000003.jpg,training/P03/BLACK/P/images/image_000003.jpg,ba64c8eec22a783569514bca6ec458b4e4ce0187e460dcdf68db2fe0dc5a14fe,8940,,,true
P03_BLACK_P_000004,P03,BLACK,P,image_000004.jpg,training/P03/BLACK/P/images/image_000004.jpg,b48a03cd67fdf7dbaea2adee54d7f2e71777b19f34c1425b200a469fc4cd9a36,8885,,,true
P03_BLACK_P_000005,P03,BLACK,P,image_000005.jpg,training/P03/BLACK/P/images/image_000005.jpg,f5aa6cc51aeca7e2b12de7787e301f2fd847a65273625ae2cbd6b8e31d93b96b,8938,,,true
P03_BLACK_P_000006,P03,BLACK,P,image_000006.jpg,training/P03/BLACK/P/images/image_000006.jpg,2a1a667b2d651280724a45b905e5cbd8085a6f3d8d2dc1f779f2c203aca815ce,8794,,,true
P03_BLACK_P_000007,P03,BLACK,P,image_000007.jpg,training/P03/BLACK/P/images/image_000007.jpg,c71059878b546f575852715e0443dbc8ebf4761d462bfa9bc47eb6e069bd75c2,8801,,,true
P03_BLACK_P_000008,P03,BLACK,P,image_000008.jpg,training/P03/BLACK/P/images/image_000008.jpg,15f10c2259edb347833f064239e038073425a4c29ac81c3b7ca3c3b749d09f8c,8835,,,true
P03_BLACK_P_000009,P03,BLACK,P,image_000009.jpg,training/P03/BLACK/P/images/image_000009.jpg,f683c045f2b9f48ec27331abfaf3cebbd1a4f743f3091024183a6ed6207e5b16,8976,,,true
P03_BLACK_P_000010,P03,BLACK,P,image_000010.jpg,training/P03/BLACK/P/images/image_000010.jpg,01b99255fe5377c44fcf56a43740bf1bfec80f59e128beb9ee29d046938bb410,8690,,,true
P03_BLACK_P_000011,P03,BLACK,P,image_000011.jpg,training/P03/BLACK/P/images/image_000011.jpg,9fa80dae0e80cfc904c3edf15ac1d0895247fb079b1e15ae0282f51b4be3fc62,8689,,,true
P03_BLACK_P_000012,P03,BLACK,P,image_000012.jpg,training/P03/BLACK/P/images/image_000012.jpg,3d94458e5b4a7c18e59900afd34fa24b721cc7d187a0558678c25b2d4c253656,8704,,,true
P03_BLACK_P_000013,P03,BLACK,P,image_000013.jpg,training/P03/BLACK/P/images/image_000013.jpg,46ed8b77983b3d1e25c7922c624c7092cdaf906538b40524c2dd35e99455b805,8523,,,true
P03_BLACK_P_000014,P03,BLACK,P,image_000014.jpg,training/P03/BLACK/P/images/image_000014.jpg,3ec2ed9ad2a4fd84aaf3f1255e25e1806bc9d5160c74892bba6b0bea8d724a7d,8649,,,true
P03_BLACK_P_000015,P03,BLACK,P,image_000015.jpg,training/P03/BLACK/P/images/image_000015.jpg,b441696a1a06b1ec0a8ae77c41a604e5867bb81c46195571d9c47b7ba0e8d5ec,8327,,,true
P03_BLACK_P_000016,P03,BLACK,P,image_000016.jpg,training/P03/BLACK/P/images/image_000016.jpg,c3098b4635d61d59a7aecb968a1b7b09e166798bbc867cb84ad17a01f0c826d7,9091,,,true
P03_BLACK_P_000017,P03,BLACK,P,image_000017.jpg,training/P03/BLACK/P/images/image_000017.jpg,bf224f747dab1208d737b0ce08d250b80c652ec571139cf1ef34fa6c6be74052,8705,,,true
P03_BLACK_P_000018,P03,BLACK,P,image_000018.jpg,training/P03/BLACK/P/images/image_000018.jpg,14272063865b0dde7346e44d85705f075afb4db056bcb1f434b6a121c20753a3,8486,,,true
P03_BLACK_P_000019,P03,BLACK,P,image_000019.jpg,training/P03/BLACK/P/images/image_000019.jpg,5dc26be1e6925153d91aa3e543a4a309e5c98379cf82a10a5684ab4301926fa5,8622,,,true
P03_BLACK_P_000020,P03,BLACK,P,image_000020.jpg,training/P03/BLACK/P/images/image_000020.jpg,86be6a4ba525326aeded74f3e6993d975dac5d91d6b641f9ea50d578a266b67f,8632,,,true
P03_BLACK_P_000021,P03,BLACK,P,image_000021.jpg,training/P03/BLACK/P/images/image_000021.jpg,8522d8798b96a85dd8f4e6a39f8a0385ba4fd02a27cae82d76616c2dfb7a4cb3,8735,,,true
P03_BLACK_P_000022,P03,BLACK,P,image_000022.jpg,training/P03/BLACK/P/images/image_000022.jpg,61c1b2695739a18a8cd482d381842be7057c325d55af1bc5660a9eecc7dbca35,8382,,,true
P03_BLACK_P_000023,P03,BLACK,P,image_000023.jpg,training/P03/BLACK/P/images/image_000023.jpg,986116cc4bafbf6361679d210d2ec10adca7e195ae81928bc93c64696f390e6c,8389,,,true
P03_BLACK_P_000024,P03,BLACK,P,image_000024.jpg,training/P03/BLACK/P/images/image_000024.jpg,ee6b45801f5c0df0404aeb1da685e68e88ab4f96ac3e7e70f8805ba16366208e,8455,,,true
P03_BLACK_P_000025,P03,BLACK,P,image_000025.jpg,training/P03/BLACK/P/images/image_000025.jpg,839577949a3a73ae7f5ec7f81cf36fea9f7feeeef9bc55a7667696aa7c5b3a0c,9132,,,true
P03_BLACK_R_000001,P03,BLACK,R,image_000001.jpg,training/P03/BLACK/R/images/image_000001.jpg,4a9532990d02ceb839d1012b30f7d906c15bd0dcd8f1369b75e9f2175a2d01d8,8589,,,true
P03_BLACK_R_000002,P03,BLACK,R,image_000002.jpg,training/P03/BLACK/R/images/image_000002.jpg,f71b8c7cd5a293d70e9e011b1375e57874970800ad903e80b165622385e0a927,8681,,,true
P03_BLACK_R_000003,P03,BLACK,R,image_000003.jpg,training/P03/BLACK/R/images/image_000003.jpg,a9c08a06a723d1e5409d213e91105c6e0968c8db67e1d6803a17b6b99190f7d9,9080,,,true
P03_BLACK_R_000004,P03,BLACK,R,image_000004.jpg,training/P03/BLACK/R/images/image_000004.jpg,db1f4c5c94bbc8d0e759d706a021d2046f9aad45cc6f8508b057615734be0f0b,8969,,,true
P03_BLACK_R_000005,P03,BLACK,R,image_000005.jpg,training/P03/BLACK/R/images/image_000005.jpg,61541a935661a2e7d0fd21f660dfd9716e1146fe45b16fb22a0cc421a4f7288e,8562,,,true
P03_BLACK_R_000006,P03,BLACK,R,image_000006.jpg,training/P03/BLACK/R/images/image_000006.jpg,fbb990edcad09360f189950f9dc178c14085ced737258746805db15e33f89258,8703,,,true
P03_BLACK_R_000007,P03,BLACK,R,image_000007.jpg,training/P03/BLACK/R/images/image_000007.jpg,f76b59bea5bb904284320c319e8711717d56f526cf8640d246ab88c56a0425a6,8682,,,true
P03_BLACK_R_000008,P03,BLACK,R,image_000008.jpg,training/P03/BLACK/R/images/image_000008.jpg,6a6b68771a37b417e5f107fa4cf08df64620c1e9888267d4535d851cb9a2ac46,8873,,,true
P03_BLACK_R_000009,P03,BLACK,R,image_000009.jpg,training/P03/BLACK/R/images/image_000009.jpg,395f28f728297cae9f3a63f0f9ee1a1888a098b89e97502877a62974ee367449,8718,,,true
P03_BLACK_R_000010,P03,BLACK,R,image_000010.jpg,training/P03/BLACK/R/images/image_000010.jpg,4968c5e261991b2e723130e8c9e6ae50ccf6b4bd9196a4ffcae143bf3f1f251e,8798,,,true
P03_BLACK_R_000011,P03,BLACK,R,image_000011.jpg,training/P03/BLACK/R/images/image_000011.jpg,23f9589602c68e662e428d19fc511c875add54bdebac7ec2739fe60fd5f3dbfd,8844,,,true
P03_BLACK_R_000012,P03,BLACK,R,image_000012.jpg,training/P03/BLACK/R/images/image_000012.jpg,4e6b578de0fcb975f0e529e7571f818f05f0b0de063548df51360e001bd1aaae,8767,,,true
P03_BLACK_R_000013,P03,BLACK,R,image_000013.jpg,training/P03/BLACK/R/images/image_000013.jpg,d545ed406203de991a034362b5ac2444fd932e4ab2dff63a31b3f3ac1233c35c,8418,,,true
P03_BLACK_R_000014,P03,BLACK,R,image_000014.jpg,training/P03/BLACK/R/images/image_000014.jpg,d624ba1d88c9c33bf29bf01dd2ff26fd8d29880674768d0d6a06ae24da72294a,8348,,,true
P03_BLACK_R_000015,P03,BLACK,R,image_000015.jpg,training/P03/BLACK/R/images/image_000015.jpg,41a5e79d6b2600d88d30f146344f174f1183d0c00c9cdf4a1fe4e56f8c072d57,8592,,,true
P03_BLACK_R_000016,P03,BLACK,R,image_000016.jpg,training/P03/BLACK/R/images/image_000016.jpg,a78e88ff2a61e0f6f5837226db245a5eb13afc572b69b9d5f527ff7a0eb0ea58,9419,,,true
P03_BLACK_R_000017,P03,BLACK,R,image_000017.jpg,training/P03/BLACK/R/images/image_000017.jpg,54d252cf50a82e03b1a46037b96521aed9ab2f0f05e09a982577083897c3444e,8501,,,true
P03_BLACK_R_000018,P03,BLACK,R,image_000018.jpg,training/P03/BLACK/R/images/image_000018.jpg,0baad9774b58caca2c64024f61e6f0b3f9097d5d2dea542b80d4f18c5ec2ec5b,8368,,,true
P03_BLACK_R_000019,P03,BLACK,R,image_000019.jpg,training/P03/BLACK/R/images/image_000019.jpg,488b9090b84d1741f29bfb4316ac29c5e4e5b045964698895d3938be183f4397,8643,,,true
P03_BLACK_R_000020,P03,BLACK,R,image_000020.jpg,training/P03/BLACK/R/images/image_000020.jpg,cebe38c529717ce2164d882bb6c02204690ccaef177c841f794672fa9e531df4,8747,,,true
P03_BLACK_R_000021,P03,BLACK,R,image_000021.jpg,training/P03/BLACK/R/images/image_000021.jpg,d7e977483fe5f1cf0f3674efdd50080c6c8f7a7e3e2f01c2c77fc07be77e8505,8918,,,true
P03_BLACK_R_000022,P03,BLACK,R,image_000022.jpg,training/P03/BLACK/R/images/image_000022.jpg,7d971f691e85c9ba41a5a3e8832b090c9a1d3babe58c130cda02b97cd1144b0d,8930,,,true
P03_BLACK_R_000023,P03,BLACK,R,image_000023.jpg,training/P03/BLACK/R/images/image_000023.jpg,8a63a23dda9d8c2516bf4acd90c8fcd8e59e0363be25eefc00f1dbc703b43c51,8599,,,true
P03_BLACK_R_000024,P03,BLACK,R,image_000024.jpg,training/P03/BLACK/R/images/image_000024.jpg,658ca74366c12b4cfc19a745de36ec776d2346cf9834042593d12cf4aebc2bfe,8492,,,true
P03_BLACK_R_000025,P03,BLACK,R,image_000025.jpg,training/P03/BLACK/R/images/image_000025.jpg,d66ec3701d508ce8851f9ba43e06a1e603e900497cc5d2bded9b9d231f164272,8611,,,true
P03_BLACK_S_000001,P03,BLACK,S,image_000001.jpg,training/P03/BLACK/S/images/image_000001.jpg,74a7213675c327fb4e10c818a25c673bb21545a2fd7d38af6ca42d9e711d107e,9625,,,true
P03_BLACK_S_000002,P03,BLACK,S,image_000002.jpg,training/P03/BLACK/S/images/image_000002.jpg,a5671088babb32d808ae54985c39e5c3b4a6b4924d6bf6f1250c2eb956f595e6,9438,,,true
P03_BLACK_S_000003,P03,BLACK,S,image_000003.jpg,training/P03/BLACK/S/images/image_000003.jpg,2671b8cb4b22f1a8ccc219c84967fa2117f9bd0b890c968095daf4890d6d025d,9458,,,true
P03_BLACK_S_000004,P03,BLACK,S,image_000004.jpg,training/P03/BLACK/S/images/image_000004.jpg,d81eed2fc42e42269ac6a354c8ffebd13674aaac80f155fcd79561a6b4cfc979,9176,,,true
P03_BLACK_S_000005,P03,BLACK,S,image_000005.jpg,training/P03/BLACK/S/images/image_000005.jpg,8f49627e8f266bec99a058f90113fe5068272745bb054123c1dd5e3c597d89d4,9034,,,true
P03_BLACK_S_000006,P03,BLACK,S,image_000006.jpg,training/P03/BLACK/S/images/image_000006.jpg,5769e5fb850565a0b18f702873b26987e92939883c33096178cc9174756651b8,9195,,,true
P03_BLACK_S_000007,P03,BLACK,S,image_000007.jpg,training/P03/BLACK/S/images/image_000007.jpg,b67e2ea673c8e2a014c31d8188bcbf95d2d0c6bb68f60a1217402e7ea441cceb,9094,,,true
P03_BLACK_S_000008,P03,BLACK,S,image_000008.jpg,training/P03/BLACK/S/images/image_000008.jpg,2d0c5f19c810c38a3356264bce8c67e4069c6c20f6378b979c83fe118d060f94,9051,,,true
P03_BLACK_S_000009,P03,BLACK,S,image_000009.jpg,training/P03/BLACK/S/images/image_000009.jpg,c3009b671b8b2ad50b8ad17f9c7fffd72c4dad5abdb469307bc4138f26840d32,8766,,,true
P03_BLACK_S_000010,P03,BLACK,S,image_000010.jpg,training/P03/BLACK/S/images/image_000010.jpg,b80bdc05ef6edb9f129252f39bcbd4f80d3e9867a1eef9d171f230c403ebb710,8472,,,true
P03_BLACK_S_000011,P03,BLACK,S,image_000011.jpg,training/P03/BLACK/S/images/image_000011.jpg,d5e64dfdb5157f11319701d2240af9592a17d60cf3d180a0be0c988f2b535a20,8474,,,true
P03_BLACK_S_000012,P03,BLACK,S,image_000012.jpg,training/P03/BLACK/S/images/image_000012.jpg,03d4e65401483fafd20234fabdefe6fca683fe75ff548e2b30307432fc9c8baa,8438,,,true
P03_BLACK_S_000013,P03,BLACK,S,image_000013.jpg,training/P03/BLACK/S/images/image_000013.jpg,9527cd2315dcbd7f96ae878bcf6de01e8e74289479fd86773170e01c2fd804a8,8610,,,true
P03_BLACK_S_000014,P03,BLACK,S,image_000014.jpg,training/P03/BLACK/S/images/image_000014.jpg,45fb9b8f96d7abf5b1f32d60aaf28d0c8f328be1587f57218e9664ec3ba41fcd,9045,,,true
P03_BLACK_S_000015,P03,BLACK,S,image_000015.jpg,training/P03/BLACK/S/images/image_000015.jpg,5e034fa8b6a04e0845ab87bc32aaadb42f8b0fb1c102349488a79b015f81166b,9351,,,true
P03_BLACK_S_000016,P03,BLACK,S,image_000016.jpg,training/P03/BLACK/S/images/image_000016.jpg,a2dca872b248cd4a4f349cfc696b1356500d18824a4d1399259ee22699b08801,9335,,,true
P03_BLACK_S_000017,P03,BLACK,S,image_000017.jpg,training/P03/BLACK/S/images/image_000017.jpg,0721b9b76325f0f89fdb40dac4813694d40b0d290522bac846adbe3d0224f7fb,9429,,,true
P03_BLACK_S_000018,P03,BLACK,S,image_000018.jpg,training/P03/BLACK/S/images/image_000018.jpg,9b7a71885bab7dbe52df1836261e865b16ff6f5288e599b8880bb20399f9a5b9,9127,,,true
P03_BLACK_S_000019,P03,BLACK,S,image_000019.jpg,training/P03/BLACK/S/images/image_000019.jpg,86aef45eec0e3ee1c8201c26fe3151c98d6f2bf6f06853db5aac501516c0b264,8991,,,true
P03_BLACK_S_000020,P03,BLACK,S,image_000020.jpg,training/P03/BLACK/S/images/image_000020.jpg,72d76a7c0509e33c4137353613a5b740f3934b13b2d952bbedf7173aeb779ee4,9074,,,true
P03_BLACK_S_000021,P03,BLACK,S,image_000021.jpg,training/P03/BLACK/S/images/image_000021.jpg,18548fa6827ab74c005d563d03cb17d462db4c04af62dbd28e1925c8c9374863,8983,,,true
P03_BLACK_S_000022,P03,BLACK,S,image_000022.jpg,training/P03/BLACK/S/images/image_000022.jpg,74e84205aa030585e66c3f801eb4074341002e77a88a2e9aae9f7b7b01f6796a,8967,,,true
P03_BLACK_S_000023,P03,BLACK,S,image_000023.jpg,training/P03/BLACK/S/images/image_000023.jpg,6cda070adca7cbf23b582147ebd618866207693c796bc26cace089be5280041a,9194,,,true
P03_BLACK_S_000024,P03,BLACK,S,image_000024.jpg,training/P03/BLACK/S/images/image_000024.jpg,c44a21f6b62fda08793a7663f7f9666a3bcab90b6c1499976af5d95df8ff1312,8692,,,true
P03_BLACK_S_000025,P03,BLACK,S,image_000025.jpg,training/P03/BLACK/S/images/image_000025.jpg,a9864f374db8bea7a39f36daae67c6c5e13b943f6f0df5c519ae4ff95467a484,8721,,,true
P03_BLACK_T_000001,P03,BLACK,T,image_000001.jpg,training/P03/BLACK/T/images/image_000001.jpg,e7f7a09787a146de10ef7ac10ae1cc2b9f20246ebdca623c9dc252652efed16d,9094,,,true
P03_BLACK_T_000002,P03,BLACK,T,image_000002.jpg,training/P03/BLACK/T/images/image_000002.jpg,c683feb5ec222cf3b3976e4a2395df5a4928f8f8f260f3597b1c9ee2f4fcacee,9388,,,true
P03_BLACK_T_000003,P03,BLACK,T,image_000003.jpg,training/P03/BLACK/T/images/image_000003.jpg,4925cad3842605ebdee22da662abcdd6fd22a9322cc1150600b86ac7bd4ac45a,9256,,,true
P03_BLACK_T_000004,P03,BLACK,T,image_000004.jpg,training/P03/BLACK/T/images/image_000004.jpg,cbbc0ff59318c32a261840b7b346273ddf069f097106ee3d96d757533c641ddd,9127,,,true
P03_BLACK_T_000005,P03,BLACK,T,image_000005.jpg,training/P03/BLACK/T/images/image_000005.jpg,58113b9102b194fdb54d375c05ab9994745b3ba799fd9d1ab96a4b8ece5202ee,9015,,,true
P03_BLACK_T_000006,P03,BLACK,T,image_000006.jpg,training/P03/BLACK/T/images/image_000006.jpg,76c236513b3c06dd6b6701a43496906a28a27daf5c06e0fdde7dc204324c0b96,9207,,,true
P03_BLACK_T_000007,P03,BLACK,T,image_000007.jpg,training/P03/BLACK/T/images/image_000007.jpg,0c8d9182f16744af0be011d5934d185912c30de1899dd64266c5e1a13e9ad534,9329,,,true
P03_BLACK_T_000008,P03,BLACK,T,image_000008.jpg,training/P03/BLACK/T/images/image_000008.jpg,955dc51b5ef622c64f58913d47767083d8e2125ffaa0046d0a146c3ed6b9b253,9417,,,true
P03_BLACK_T_000009,P03,BLACK,T,image_000009.jpg,training/P03/BLACK/T/images/image_000009.jpg,2a952abe079b169b7e22a9a78f137719bc084263663512a6b35a2e8710dff793,9162,,,true
P03_BLACK_T_000010,P03,BLACK,T,image_000010.jpg,training/P03/BLACK/T/images/image_000010.jpg,5ac037502e5dbf43cc85c239a7903f80eb0791181e3d4195b7508446e286cf44,9147,,,true
P03_BLACK_T_000011,P03,BLACK,T,image_000011.jpg,training/P03/BLACK/T/images/image_000011.jpg,6d3a4e6ee20a28a96b7a830147df8bef01344501e62280186f8e96ea2402a60e,9367,,,true
P03_BLACK_T_000012,P03,BLACK,T,image_000012.jpg,training/P03/BLACK/T/images/image_000012.jpg,c793950b82a8273081d9edad5313e9fcbafd5daca748091913c35e370f95f9f9,8994,,,true
P03_BLACK_T_000013,P03,BLACK,T,image_000013.jpg,training/P03/BLACK/T/images/image_000013.jpg,59383702daefdb3b66b48ae37a3b245d101ae4899e78ae4187a673c3ae2058f2,8888,,,true
P03_BLACK_T_000014,P03,BLACK,T,image_000014.jpg,training/P03/BLACK/T/images/image_000014.jpg,09488fcc60c78994aca291157598573f9a5269479312aaec8adb613ebbfb5e4e,8714,,,true
P03_BLACK_T_000015,P03,BLACK,T,image_000015.jpg,training/P03/BLACK/T/images/image_000015.jpg,5823544a389d3f3d9c184b018e68f3cb0a09a56dc72fdb8bdf138c2aec0bc9bb,8881,,,true
P03_BLACK_T_000016,P03,BLACK,T,image_000016.jpg,training/P03/BLACK/T/images/image_000016.jpg,986f99c8ced9347a484c8f45e3255aee2175d3d2f847a33b89150ad62f9f9739,8305,,,true
P03_BLACK_T_000017,P03,BLACK,T,image_000017.jpg,training/P03/BLACK/T/images/image_000017.jpg,a8e6aecaf18a46990d68892dc3db1f95c91feb07ca5aab7af717625ba4209b95,8185,,,true
P03_BLACK_T_000018,P03,BLACK,T,image_000018.jpg,training/P03/BLACK/T/images/image_000018.jpg,7ec4ed964e45f385a10c6afcda1628e8a730800426fc9e84849a34404c995d69,9585,,,true
P03_BLACK_T_000019,P03,BLACK,T,image_000019.jpg,training/P03/BLACK/T/images/image_000019.jpg,850fb602eedcfa1c36e6f06f15da2352930ee5de9089a295959429fdaef5663e,8480,,,true
P03_BLACK_T_000020,P03,BLACK,T,image_000020.jpg,training/P03/BLACK/T/images/image_000020.jpg,1b5731afcfc4306dbd4da0b8337a918c63525527189274af23f1b42665e774ca,8606,,,true
P03_BLACK_T_000021,P03,BLACK,T,image_000021.jpg,training/P03/BLACK/T/images/image_000021.jpg,900e68c91d11e97459f2eb4e30aa1d5f91a406a9e12ecab9a6cfe9a3c32bdd58,8716,,,true
P03_BLACK_T_000022,P03,BLACK,T,image_000022.jpg,training/P03/BLACK/T/images/image_000022.jpg,b6193a844b6b22a0cbe6e303a45a93e91b6f5fb1ce2af0dfa841ed21d4077fa5,8578,,,true
P03_BLACK_T_000023,P03,BLACK,T,image_000023.jpg,training/P03/BLACK/T/images/image_000023.jpg,a1b44bc7c22d8a83dc36c1ee67b9808f31ddb9d1ff6fae68fe0f101a7923fa7d,9089,,,true
P03_BLACK_T_000024,P03,BLACK,T,image_000024.jpg,training/P03/BLACK/T/images/image_000024.jpg,de405cd417676a5bca4a273601d4b402e9471016f5748048cbaddc5b1e1a7b86,9573,,,true
P03_BLACK_T_000025,P03,BLACK,T,image_000025.jpg,training/P03/BLACK/T/images/image_000025.jpg,49ff778394265f2859c6fc2f60196051992ca44461eb5ceca090234af97fb4fc,8845,,,true
P03_BLACK_U_000001,P03,BLACK,U,image_000001.jpg,training/P03/BLACK/U/images/image_000001.jpg,d15358f9518ea41f39ada775195162e54fd2d621ab38a3ffdd2a84079e395bc9,8605,,,true
P03_BLACK_U_000002,P03,BLACK,U,image_000002.jpg,training/P03/BLACK/U/images/image_000002.jpg,7f201126fa603dcd4d20d05b94307bc10335688373eaf9c8aa14cec13c5b37d2,8579,,,true
P03_BLACK_U_000003,P03,BLACK,U,image_000003.jpg,training/P03/BLACK/U/images/image_000003.jpg,174d381815692a3998b15547cc5aab1407056682e8bec0ed6a0adbc82bff3c06,8349,,,true
P03_BLACK_U_000004,P03,BLACK,U,image_000004.jpg,training/P03/BLACK/U/images/image_000004.jpg,d4cba76bbfdd93a9522368492759989aa328e1d5d6c7e6e975b4e65ec84be855,8711,,,true
P03_BLACK_U_000005,P03,BLACK,U,image_000005.jpg,training/P03/BLACK/U/images/image_000005.jpg,94229600cfc4f100a95c2e52a1d4217f33710f3603f03d1c0bb062cf25c52b5d,7858,,,true
P03_BLACK_U_000006,P03,BLACK,U,image_000006.jpg,training/P03/BLACK/U/images/image_000006.jpg,f00b3a2972eced1aee012cadae0970811ee7017f2c73112f0f96fd0505a6857d,8364,,,true
P03_BLACK_U_000007,P03,BLACK,U,image_000007.jpg,training/P03/BLACK/U/images/image_000007.jpg,d49f6cb1cc723979f84073ea5745467f124c81b1eed230cbe714b1af0fb9f3bd,8337,,,true
P03_BLACK_U_000008,P03,BLACK,U,image_000008.jpg,training/P03/BLACK/U/images/image_000008.jpg,501565072a5cd1c89662549a8a3c7d6058a457c61b95c8f580d8a22cd6c0e62c,8717,,,true
P03_BLACK_U_000009,P03,BLACK,U,image_000009.jpg,training/P03/BLACK/U/images/image_000009.jpg,dc21d0100f03e858b92416228c7468f3a95c8daa6993453fef159bb4008dd229,8870,,,true
P03_BLACK_U_000010,P03,BLACK,U,image_000010.jpg,training/P03/BLACK/U/images/image_000010.jpg,bcaf37aff3386b293a25be2ac30e4c704bcf838b1ad49f1362a30187dbd0861e,8744,,,true
P03_BLACK_U_000011,P03,BLACK,U,image_000011.jpg,training/P03/BLACK/U/images/image_000011.jpg,30f5b1e85258403f08295d54e7248fcfe61e596a5ff7b9b9c4c8c43e75946d7e,8689,,,true
P03_BLACK_U_000012,P03,BLACK,U,image_000012.jpg,training/P03/BLACK/U/images/image_000012.jpg,0b3a062335e4a1a3703859010beb08463bba9769427daf2c8fb6d81cb5deafeb,8416,,,true
P03_BLACK_U_000013,P03,BLACK,U,image_000013.jpg,training/P03/BLACK/U/images/image_000013.jpg,620ce3f11b80b784a25a6498f74dd7d1b98c0a0e542dca6cb1b0d85ddb86a9ad,8755,,,true
P03_BLACK_U_000014,P03,BLACK,U,image_000014.jpg,training/P03/BLACK/U/images/image_000014.jpg,1e627a0715afc1b51849d4b9339845d75103a4534991f6e1c8baa872e1e5c4be,8948,,,true
P03_BLACK_U_000015,P03,BLACK,U,image_000015.jpg,training/P03/BLACK/U/images/image_000015.jpg,b99b82113cb05fd8a8b10057faa596ec3800a0823a851cf0b86834c5ee1f122e,9119,,,true
P03_BLACK_U_000016,P03,BLACK,U,image_000016.jpg,training/P03/BLACK/U/images/image_000016.jpg,acb09c1cc517da7979af433b466ff0534e160763ff474df4d39d449481807b59,9053,,,true
P03_BLACK_U_000017,P03,BLACK,U,image_000017.jpg,training/P03/BLACK/U/images/image_000017.jpg,6136614cedf707adfea61d9e74f806e3aca4d58895d9541eec947dc925c046e6,8537,,,true
P03_BLACK_U_000018,P03,BLACK,U,image_000018.jpg,training/P03/BLACK/U/images/image_000018.jpg,a2d2937dbabce353a6c9b1d3e819ac794f8e9364be3a841204e5b303b4166978,8311,,,true
P03_BLACK_U_000019,P03,BLACK,U,image_000019.jpg,training/P03/BLACK/U/images/image_000019.jpg,5c56f13f3c921fd1443f123e9fe8ed0291b5c3ba75b0acad7b117987100606e6,8213,,,true
P03_BLACK_U_000020,P03,BLACK,U,image_000020.jpg,training/P03/BLACK/U/images/image_000020.jpg,6188a543a07d0da50a987ed03693b5b9753c940b8cf18377dbd95d68505b964f,9278,,,true
P03_BLACK_U_000021,P03,BLACK,U,image_000021.jpg,training/P03/BLACK/U/images/image_000021.jpg,db8da0b485b0d5c5359f1c4e0618e3f508392eae7b206a562d3163856ddd7200,8155,,,true
P03_BLACK_U_000022,P03,BLACK,U,image_000022.jpg,training/P03/BLACK/U/images/image_000022.jpg,a190e680c64c2e37a403da61cad833c3fa213b0bbd1d2ab0538e6abb6cdb7abc,7697,,,true
P03_BLACK_U_000023,P03,BLACK,U,image_000023.jpg,training/P03/BLACK/U/images/image_000023.jpg,baee64991d5a7881dee84b09bfbe983ecd028af33cb587d8052e231769be0ad4,7985,,,true
P03_BLACK_U_000024,P03,BLACK,U,image_000024.jpg,training/P03/BLACK/U/images/image_000024.jpg,00476fd7f66b067605ea604b45b4a2f5a76b0e0bd9904196f2addeedcff0e65b,8215,,,true
P03_BLACK_U_000025,P03,BLACK,U,image_000025.jpg,training/P03/BLACK/U/images/image_000025.jpg,0cb9c08883f16f741df2935af9a69fb03e62c40b850ff158545eee3b45b8b44b,8701,,,true
P03_BLACK_V_000001,P03,BLACK,V,image_000001.jpg,training/P03/BLACK/V/images/image_000001.jpg,45b0ac75d9b3c16ca02d23dc95fdebf604840a051d4476b4641363b9ae7cd723,9094,,,true
P03_BLACK_V_000002,P03,BLACK,V,image_000002.jpg,training/P03/BLACK/V/images/image_000002.jpg,7418ac187a4d47d02390d81ef67353175a2bf2e4a0ee1240e83db6472b539922,8863,,,true
P03_BLACK_V_000003,P03,BLACK,V,image_000003.jpg,training/P03/BLACK/V/images/image_000003.jpg,28805f54147b87bc20ec0a4ad0b376675ca1ccc602f67a9ce03e57d6875b8ea6,9102,,,true
P03_BLACK_V_000004,P03,BLACK,V,image_000004.jpg,training/P03/BLACK/V/images/image_000004.jpg,649e5018efa3f1a9c7a81a66d51ab559d1e45067a800d530383e61526f13503f,9427,,,true
P03_BLACK_V_000005,P03,BLACK,V,image_000005.jpg,training/P03/BLACK/V/images/image_000005.jpg,a5a40e441440fb1d8a94dc82cc6520d8687ac31ccd20332775793bd279b70aa9,8984,,,true
P03_BLACK_V_000006,P03,BLACK,V,image_000006.jpg,training/P03/BLACK/V/images/image_000006.jpg,0a321fce57f416548af5b399504b3e11eee2b24032abdb324b4c42658e829121,8830,,,true
P03_BLACK_V_000007,P03,BLACK,V,image_000007.jpg,training/P03/BLACK/V/images/image_000007.jpg,74ccd5ab33bbd31be290450275fd78f2964582930802b8163d0fe10b541a7212,9027,,,true
P03_BLACK_V_000008,P03,BLACK,V,image_000008.jpg,training/P03/BLACK/V/images/image_000008.jpg,2c68f288ede70d1454c29b80521ba3c31c7d56d8fa8185a3652936387fce37d1,9074,,,true
P03_BLACK_V_000009,P03,BLACK,V,image_000009.jpg,training/P03/BLACK/V/images/image_000009.jpg,7a161c1cf686855e86590d902e8ec958002da2d8fb920d138e89819740073121,9089,,,true
P03_BLACK_V_000010,P03,BLACK,V,image_000010.jpg,training/P03/BLACK/V/images/image_000010.jpg,0555ab03bbd21c19c915205fcbce3282a5b5ca66bf1454d4906e290556b82d27,9130,,,true
P03_BLACK_V_000011,P03,BLACK,V,image_000011.jpg,training/P03/BLACK/V/images/image_000011.jpg,565cfe3a44cb94d2e94927a25a98e53e7526baf020e550ac2f0fc864294e5ec5,9204,,,true
P03_BLACK_V_000012,P03,BLACK,V,image_000012.jpg,training/P03/BLACK/V/images/image_000012.jpg,4f457bfc9dccd8576c5fac4bba2aa86eafc91544bb6779e6203609fe16a0d717,9253,,,true
P03_BLACK_V_000013,P03,BLACK,V,image_000013.jpg,training/P03/BLACK/V/images/image_000013.jpg,b3e2133fd5cd85cb4c62beeca61870c4f8488f74755fff7dbc3587b9e9b058d3,8679,,,true
P03_BLACK_V_000014,P03,BLACK,V,image_000014.jpg,training/P03/BLACK/V/images/image_000014.jpg,dbd583363f81bd71703535bb4ccade4b4c2c9711a69b4c5b0e3a723b13f48f1c,9069,,,true
P03_BLACK_V_000015,P03,BLACK,V,image_000015.jpg,training/P03/BLACK/V/images/image_000015.jpg,47d33da471b0a104311b61776fc10d845a8db6a7add8343ed2682f526fb3177a,8896,,,true
P03_BLACK_V_000016,P03,BLACK,V,image_000016.jpg,training/P03/BLACK/V/images/image_000016.jpg,67624c868d4a4d573466818aab050c336de2772807db9688690b889130320d1b,8690,,,true
P03_BLACK_V_000017,P03,BLACK,V,image_000017.jpg,training/P03/BLACK/V/images/image_000017.jpg,5e11c93fca403f5b6f6a9a066602d38be0ccfcbed6ab8be5737ce5668a7e1ca5,8661,,,true
P03_BLACK_V_000018,P03,BLACK,V,image_000018.jpg,training/P03/BLACK/V/images/image_000018.jpg,ccb3c8a5be6c1e31bf18a4bd94787204791481c98c1252e19650aa3286de4539,8638,,,true
P03_BLACK_V_000019,P03,BLACK,V,image_000019.jpg,training/P03/BLACK/V/images/image_000019.jpg,f799a5f01655e3551f2a0745d73cf8d40f47c2bf248f8a81e20de51f20e73d84,8929,,,true
P03_BLACK_V_000020,P03,BLACK,V,image_000020.jpg,training/P03/BLACK/V/images/image_000020.jpg,086886bb90dee303d53fa04f3cf597b165614927ca58461ca62782bfabd69035,9119,,,true
P03_BLACK_V_000021,P03,BLACK,V,image_000021.jpg,training/P03/BLACK/V/images/image_000021.jpg,06e99167ef63a5c4f24b862d89adbd6e36ba13fd84fb5f151d64d8d39a10ce4c,8820,,,true
P03_BLACK_V_000022,P03,BLACK,V,image_000022.jpg,training/P03/BLACK/V/images/image_000022.jpg,4fc4194fe02c8d41fdae5deb3d884383ad9032635fa91ac67c6d02139627e0ea,8968,,,true
P03_BLACK_V_000023,P03,BLACK,V,image_000023.jpg,training/P03/BLACK/V/images/image_000023.jpg,7bc80e4a6fb5565b12a2ade270347aafa51530cdc9190b478dbddb1b98bdc159,8958,,,true
P03_BLACK_V_000024,P03,BLACK,V,image_000024.jpg,training/P03/BLACK/V/images/image_000024.jpg,47df3a7e45bc3b14f708de184d9739babcb0ff4e824a4b4fbce1f0342726cbb5,8794,,,true
P03_BLACK_V_000025,P03,BLACK,V,image_000025.jpg,training/P03/BLACK/V/images/image_000025.jpg,399b95b3a438842370abfb0c30dd17d14d3138a5aa35ad69b060b88850112ad3,8904,,,true
P03_BLACK_W_000001,P03,BLACK,W,image_000001.jpg,training/P03/BLACK/W/images/image_000001.jpg,077b5091223cf4006378cd5b16ccb192e062faa1e4bdab4c876a56ecde820633,9074,,,true
P03_BLACK_W_000002,P03,BLACK,W,image_000002.jpg,training/P03/BLACK/W/images/image_000002.jpg,6136bfee90cf5b97d0a919c934ea4a5fd7aa01c4ae60ce35eee2e8a601fc525e,9297,,,true
P03_BLACK_W_000003,P03,BLACK,W,image_000003.jpg,training/P03/BLACK/W/images/image_000003.jpg,d12141237ce9b2e8d5a2ae1277790766d0fff398010d1cdfb8786edb479aa148,9294,,,true
P03_BLACK_W_000004,P03,BLACK,W,image_000004.jpg,training/P03/BLACK/W/images/image_000004.jpg,57276ce19e8078fd2cd9823bd98c0cb9ccbc0dfaf7d122f184f74a065801fe05,9474,,,true
P03_BLACK_W_000005,P03,BLACK,W,image_000005.jpg,training/P03/BLACK/W/images/image_000005.jpg,d71b43667860af6c30e009fa0a77fc345aaa4129b587f47ec66b507e8db3a25d,9255,,,true
P03_BLACK_W_000006,P03,BLACK,W,image_000006.jpg,training/P03/BLACK/W/images/image_000006.jpg,f1d20b6be44b5132428931eff72e3ae70635832933d97fb9bc9bf5275e758c22,9000,,,true
P03_BLACK_W_000007,P03,BLACK,W,image_000007.jpg,training/P03/BLACK/W/images/image_000007.jpg,1e95a0870e5ac3ff2a5db4b0d98e4ff19b4800b67addcad86862d545a4ffdd33,8911,,,true
P03_BLACK_W_000008,P03,BLACK,W,image_000008.jpg,training/P03/BLACK/W/images/image_000008.jpg,ae467559d199d31c44f9343471d43be3fc82ee69be025b520b90f450ed1fb507,8754,,,true
P03_BLACK_W_000009,P03,BLACK,W,image_000009.jpg,training/P03/BLACK/W/images/image_000009.jpg,c435667aa0a1f7e01a77921dac3aded6ded4a6955dc307680dab2d089aaeb87e,8610,,,true
P03_BLACK_W_000010,P03,BLACK,W,image_000010.jpg,training/P03/BLACK/W/images/image_000010.jpg,6f87ba3813cb60187f73a15c57ee36a3a3341be3f8ead913b3a3a690600e1678,8216,,,true
P03_BLACK_W_000011,P03,BLACK,W,image_000011.jpg,training/P03/BLACK/W/images/image_000011.jpg,2925f34916f43e45b700caf5c8cc2eee4b3fc48478c58f7c25abb72679eb8e1d,8769,,,true
P03_BLACK_W_000012,P03,BLACK,W,image_000012.jpg,training/P03/BLACK/W/images/image_000012.jpg,7cc843da09696e50eef8424e4ff9342df06d1579bb5a6b12f22f5c8b35e04609,9079,,,true
P03_BLACK_W_000013,P03,BLACK,W,image_000013.jpg,training/P03/BLACK/W/images/image_000013.jpg,4d6ec3e6bc888c366eff775e17c89cf958d4ed1ce28d71999832187b0d2a7152,9031,,,true
P03_BLACK_W_000014,P03,BLACK,W,image_000014.jpg,training/P03/BLACK/W/images/image_000014.jpg,108f72e356959b9bcbaa077724da6b4cf284a2b7579a6fbbd78399df9d6ca9f0,9050,,,true
P03_BLACK_W_000015,P03,BLACK,W,image_000015.jpg,training/P03/BLACK/W/images/image_000015.jpg,0f7fbf24ecdd8913a00a193259caf3544a4f628c14d46ea24adc6337a0d32ade,9189,,,true
P03_BLACK_W_000016,P03,BLACK,W,image_000016.jpg,training/P03/BLACK/W/images/image_000016.jpg,96c971a194b4f97a4b7013f5dc88f6ace824c5d4612efa4b7113c8220a8b9458,8969,,,true
P03_BLACK_W_000017,P03,BLACK,W,image_000017.jpg,training/P03/BLACK/W/images/image_000017.jpg,0abaa645c03f7afbb8ebbe61af46abf5aa6ceb7e5defe2776e63b9e342565e7b,9225,,,true
P03_BLACK_W_000018,P03,BLACK,W,image_000018.jpg,training/P03/BLACK/W/images/image_000018.jpg,3f0b96b92ea3f184a9bd9c8497ea15cc9c24bd0f72eda67af85249841c09e4ee,9543,,,true
P03_BLACK_W_000019,P03,BLACK,W,image_000019.jpg,training/P03/BLACK/W/images/image_000019.jpg,c3677a5943ad4f056607962553ce69ed35c74b967972b48d8abd48b5bbb62dca,8945,,,true
P03_BLACK_W_000020,P03,BLACK,W,image_000020.jpg,training/P03/BLACK/W/images/image_000020.jpg,eae4f20e89e0c40fa32fde17f2a19ef1c3acaf7de2c405c4f7a547196987b1e7,8809,,,true
P03_BLACK_W_000021,P03,BLACK,W,image_000021.jpg,training/P03/BLACK/W/images/image_000021.jpg,455a903033ee44759353e1674d7c6cb4a63eda4650b15e30490ac9f909eaca0b,9083,,,true
P03_BLACK_W_000022,P03,BLACK,W,image_000022.jpg,training/P03/BLACK/W/images/image_000022.jpg,f444e55594ebfabfce6578bd1861474b98e3dba66dd7ece23afc1e89798d7bcf,8910,,,true
P03_BLACK_W_000023,P03,BLACK,W,image_000023.jpg,training/P03/BLACK/W/images/image_000023.jpg,f328e08b1dd4f7e23ffccb19924cce6ced8867fd84bb7800b26bcce366caf8c1,9772,,,true
P03_BLACK_W_000024,P03,BLACK,W,image_000024.jpg,training/P03/BLACK/W/images/image_000024.jpg,c97c15f54ede0a7626022f746e2063f1c5a0b49713493b3d6c88b21d3dcb205b,9171,,,true
P03_BLACK_W_000025,P03,BLACK,W,image_000025.jpg,training/P03/BLACK/W/images/image_000025.jpg,e29cc69903562ba79ae3550fc54beb92ab9d33d6cf6481a4b2000cb78a5dde4c,8797,,,true
P03_BLACK_Y_000001,P03,BLACK,Y,image_000001.jpg,training/P03/BLACK/Y/images/image_000001.jpg,d469a984e0348fe594611f8506a0719d69e34b2ade30baa7a8e16bf23e7a2599,8913,,,true
P03_BLACK_Y_000002,P03,BLACK,Y,image_000002.jpg,training/P03/BLACK/Y/images/image_000002.jpg,f39cab8396f6f0ced00bb5f6992936c3da8dddf311dc367e52ee978b43b966fe,8828,,,true
P03_BLACK_Y_000003,P03,BLACK,Y,image_000003.jpg,training/P03/BLACK/Y/images/image_000003.jpg,965263ff64f0e0f1f6ac7bd00d26e93ec3638acfcaa8f4a10fa23b018281c2d9,8798,,,true
P03_BLACK_Y_000004,P03,BLACK,Y,image_000004.jpg,training/P03/BLACK/Y/images/image_000004.jpg,a6ec9e059cb772ab5e123dd5c2cca6599cd85717995121c4a73a1e28aa557fde,8913,,,true
P03_BLACK_Y_000005,P03,BLACK,Y,image_000005.jpg,training/P03/BLACK/Y/images/image_000005.jpg,56eef075bf12dd64697bf9c517b46ef1df3891151f880081fc6ddd6da91c048e,8710,,,true
P03_BLACK_Y_000006,P03,BLACK,Y,image_000006.jpg,training/P03/BLACK/Y/images/image_000006.jpg,d94ae3cc33d0e70531d4966259dfecf1f5a7e3975e82e8287da3ca439ed0b8a0,8567,,,true
P03_BLACK_Y_000007,P03,BLACK,Y,image_000007.jpg,training/P03/BLACK/Y/images/image_000007.jpg,d61ad88decbb604846779b34c1814b7895fd83151a5263799117e0f2e079a3f1,8849,,,true
P03_BLACK_Y_000008,P03,BLACK,Y,image_000008.jpg,training/P03/BLACK/Y/images/image_000008.jpg,ef9f84c4898454f367aff5d99c423ba205d890d01baeec8ada9955bf90babee7,8870,,,true
P03_BLACK_Y_000009,P03,BLACK,Y,image_000009.jpg,training/P03/BLACK/Y/images/image_000009.jpg,8a5ce60eda41971235bddac034b651d30de87e184b3af55ac1de06b1ad16c8aa,9280,,,true
P03_BLACK_Y_000010,P03,BLACK,Y,image_000010.jpg,training/P03/BLACK/Y/images/image_000010.jpg,95957f89094d8817f9383f9bbcdde3380902e48af9cea0bd02ec0f5c6ef84b5f,9068,,,true
P03_BLACK_Y_000011,P03,BLACK,Y,image_000011.jpg,training/P03/BLACK/Y/images/image_000011.jpg,fab18fe4c885451d529dd744d776a26a944d55444eafa160201da1234d5b9181,8764,,,true
P03_BLACK_Y_000012,P03,BLACK,Y,image_000012.jpg,training/P03/BLACK/Y/images/image_000012.jpg,d497644afb734d23e714209f2c9f71598b75e25d3e3f6dcd518b8000a9328d0d,8435,,,true
P03_BLACK_Y_000013,P03,BLACK,Y,image_000013.jpg,training/P03/BLACK/Y/images/image_000013.jpg,ab1e9ced0811eb43e3664a792fe92a4cfa060c748b8a1c6e46064d7981a15fc3,8353,,,true
P03_BLACK_Y_000014,P03,BLACK,Y,image_000014.jpg,training/P03/BLACK/Y/images/image_000014.jpg,705f17d6e0f3336693e22dd08f2630d92eb58455543fdf2a7965ad7661e4a635,8589,,,true
P03_BLACK_Y_000015,P03,BLACK,Y,image_000015.jpg,training/P03/BLACK/Y/images/image_000015.jpg,d45fc90ea2b4d51d22064165d718c8e0f68a20d173cfa8ccfb82e7283cf73a24,8829,,,true
P03_BLACK_Y_000016,P03,BLACK,Y,image_000016.jpg,training/P03/BLACK/Y/images/image_000016.jpg,0db80a8c25f2c1a6372c72964197d7126c9cae88f33f37f814baf8bee032a73e,9053,,,true
P03_BLACK_Y_000017,P03,BLACK,Y,image_000017.jpg,training/P03/BLACK/Y/images/image_000017.jpg,e3a829a9857763c9867cef55aa35b4611dffd5f335ff43c86d55cdcad90aacfa,8726,,,true
P03_BLACK_Y_000018,P03,BLACK,Y,image_000018.jpg,training/P03/BLACK/Y/images/image_000018.jpg,b1ccc6e0ca52821470590e62a34db111656ab38582012b3beab75657de2e18eb,8839,,,true
P03_BLACK_Y_000019,P03,BLACK,Y,image_000019.jpg,training/P03/BLACK/Y/images/image_000019.jpg,e2b5b5928f25398a1d329679819b57899aa633a97721b80e36c07cae425e117d,8659,,,true
P03_BLACK_Y_000020,P03,BLACK,Y,image_000020.jpg,training/P03/BLACK/Y/images/image_000020.jpg,08a5bd759abbd95c19a1ae29ba291d492d6e203cf0960cab780cea04d0cad324,8747,,,true
P03_BLACK_Y_000021,P03,BLACK,Y,image_000021.jpg,training/P03/BLACK/Y/images/image_000021.jpg,4780c7c644cefabf7cdf9bffd861979e4a1157dc1b56ac22ae3df20ca3cab5b8,8384,,,true
P03_BLACK_Y_000022,P03,BLACK,Y,image_000022.jpg,training/P03/BLACK/Y/images/image_000022.jpg,110f05a794842cbd6c0bf206c4000bc535372eb1620aadcc12a2915d8499bfd9,8587,,,true
P03_BLACK_Y_000023,P03,BLACK,Y,image_000023.jpg,training/P03/BLACK/Y/images/image_000023.jpg,bf21a41e68c13b25e974f6758a7a37b5c16bf05f08160b387a3963f404bfc74f,8711,,,true
P03_BLACK_Y_000024,P03,BLACK,Y,image_000024.jpg,training/P03/BLACK/Y/images/image_000024.jpg,52634d524797e4487e39705e0d6f44129ed9e6b9cb2bb1d07defce23822e36f0,8696,,,true
P03_BLACK_Y_000025,P03,BLACK,Y,image_000025.jpg,training/P03/BLACK/Y/images/image_000025.jpg,8fb37335d13dfbabfca232f6ec8694f1348fc994f28751bea6aaaae57d859ca8,8665,,,true
P03_WHITE_A_000001,P03,WHITE,A,image_000001.jpg,training/P03/WHITE/A/images/image_000001.jpg,502610b1d6559baa2a3fdd6bf4c1603965f0a367c68c75f6fab36c75f8c5f1ae,8919,,,true
P03_WHITE_A_000002,P03,WHITE,A,image_000002.jpg,training/P03/WHITE/A/images/image_000002.jpg,2813c1d187656ff95eaada980e485102efded79cac650cd72a052cbd2151df98,8224,,,true
P03_WHITE_A_000003,P03,WHITE,A,image_000003.jpg,training/P03/WHITE/A/images/image_000003.jpg,5fa3213133fa9afbb99585e91768b6b943b2a2236c2a2e168e3fc99d42d4189d,7616,,,true
P03_WHITE_A_000004,P03,WHITE,A,image_000004.jpg,training/P03/WHITE/A/images/image_000004.jpg,fd216582c8a258d4f38dc64141c005fff5f074e8dc10b8d4d5149576eb1390a0,7498,,,true
P03_WHITE_A_000005,P03,WHITE,A,image_000005.jpg,training/P03/WHITE/A/images/image_000005.jpg,8390e2369f7bf5356f8b896b97ae5f4a5ca06b9af95f8d6fe52d183e6701b275,7245,,,true
P03_WHITE_A_000006,P03,WHITE,A,image_000006.jpg,training/P03/WHITE/A/images/image_000006.jpg,e39a3bba5be6f910ab22177d1bf2aa46e5d70d9a26df2759e82019348758134d,7022,,,true
P03_WHITE_A_000007,P03,WHITE,A,image_000007.jpg,training/P03/WHITE/A/images/image_000007.jpg,481aefdb721acba62e8131af018bb5021125191ded6f0c13661a3ecf00b19aab,7380,,,true
P03_WHITE_A_000008,P03,WHITE,A,image_000008.jpg,training/P03/WHITE/A/images/image_000008.jpg,9a5e8afa0f70ed797d7db861b8e74b872859f287b1ca938086d9d2f874f9388e,7928,,,true
P03_WHITE_A_000009,P03,WHITE,A,image_000009.jpg,training/P03/WHITE/A/images/image_000009.jpg,817865380b3515d446c84aa49627abced17e18ddb86549d9b3f094d7542060c7,9030,,,true
P03_WHITE_A_000010,P03,WHITE,A,image_000010.jpg,training/P03/WHITE/A/images/image_000010.jpg,757fa63659ba949e475867e1f6c53b37a4ef3519b7f0992970e6c431f25eeb12,8656,,,true
P03_WHITE_A_000011,P03,WHITE,A,image_000011.jpg,training/P03/WHITE/A/images/image_000011.jpg,2eace199f4a49aa1403dec6f5798e3e31a0e471ea2cbc71dda3a4deb3ab777fe,7635,,,true
P03_WHITE_A_000012,P03,WHITE,A,image_000012.jpg,training/P03/WHITE/A/images/image_000012.jpg,3fd46090661b67ebd75eac4b114ad687a347eb6f1eba0f9b2f338fb04fbebec3,7046,,,true
P03_WHITE_A_000013,P03,WHITE,A,image_000013.jpg,training/P03/WHITE/A/images/image_000013.jpg,048490de5dc7e85d56a3d1201931898251567ec8af8f60278680f8ea3a25ccd1,7307,,,true
P03_WHITE_A_000014,P03,WHITE,A,image_000014.jpg,training/P03/WHITE/A/images/image_000014.jpg,ccd22df7dcfe7a5592e6148b1a6daed82607440cdbd160c3f59e114a83935984,6887,,,true
P03_WHITE_A_000015,P03,WHITE,A,image_000015.jpg,training/P03/WHITE/A/images/image_000015.jpg,03ad6fd2c05163712a67625efb4064b38321c59f2c928b0e8232db26cf569f0b,8078,,,true
P03_WHITE_A_000016,P03,WHITE,A,image_000016.jpg,training/P03/WHITE/A/images/image_000016.jpg,0b2c234856e679febf23682f5d63c22efc019d6ec78c32dbea6fa5201f76e8b5,8772,,,true
P03_WHITE_A_000017,P03,WHITE,A,image_000017.jpg,training/P03/WHITE/A/images/image_000017.jpg,5f5bffbd011ec6ff848feddf3d451d1c941c2d1a4ca4c500cb29673c1c69f981,8140,,,true
P03_WHITE_A_000018,P03,WHITE,A,image_000018.jpg,training/P03/WHITE/A/images/image_000018.jpg,cab5f6bb3334854a8ebe18fa71c3936e0813b1ec78121a15bcf3dbdcfc2de692,7880,,,true
P03_WHITE_A_000019,P03,WHITE,A,image_000019.jpg,training/P03/WHITE/A/images/image_000019.jpg,6973230e4dfaf659812bcf25bc7a7d688cb5bff55a9beb06523315048d1748bb,7784,,,true
P03_WHITE_A_000020,P03,WHITE,A,image_000020.jpg,training/P03/WHITE/A/images/image_000020.jpg,bc3a9644576e72abd01813d83b985dd8070dfe55ae05c3bee19990201b606b9c,7928,,,true
P03_WHITE_A_000021,P03,WHITE,A,image_000021.jpg,training/P03/WHITE/A/images/image_000021.jpg,0e927864a1d7532ca8c0f46d23bd0220b20fcd0043bca1924e6953a2332ec6a5,7857,,,true
P03_WHITE_A_000022,P03,WHITE,A,image_000022.jpg,training/P03/WHITE/A/images/image_000022.jpg,902873f782ac24d5c420516cb50c6abd5b8e6f1050c064780e0440aecfd56b80,7989,,,true
P03_WHITE_A_000023,P03,WHITE,A,image_000023.jpg,training/P03/WHITE/A/images/image_000023.jpg,be956a0c14b41ae320da4aa27cd4080ad62abca6d241c633b138089e7409e6ac,7398,,,true
P03_WHITE_A_000024,P03,WHITE,A,image_000024.jpg,training/P03/WHITE/A/images/image_000024.jpg,4e1d9483ec832dac0edc573412f2067d7531ff510a1f6ea8a9101428fbd6b9ea,7457,,,true
P03_WHITE_A_000025,P03,WHITE,A,image_000025.jpg,training/P03/WHITE/A/images/image_000025.jpg,02ec7720568f3adac0f0a22cbe1d3944857ea3009f6b4776f3ed5af320958870,9127,,,true
P03_WHITE_B_000001,P03,WHITE,B,image_000001.jpg,training/P03/WHITE/B/images/image_000001.jpg,3133e5851ee6942e9a39c35cfdf3fe1ca92830ab1c26b002152f9e5db6a54ec7,8297,,,true
P03_WHITE_B_000002,P03,WHITE,B,image_000002.jpg,training/P03/WHITE/B/images/image_000002.jpg,4210e62fc9d5cc7cae856d655d513eafb803f88958e04055ff29aba89f5fbd29,7905,,,true
P03_WHITE_B_000003,P03,WHITE,B,image_000003.jpg,training/P03/WHITE/B/images/image_000003.jpg,0a283ca6a30a96b284b8a1749975761460f633304294706d6fb48878bd9c703c,8018,,,true
P03_WHITE_B_000004,P03,WHITE,B,image_000004.jpg,training/P03/WHITE/B/images/image_000004.jpg,923b55c9e42128e7ae3333af47cdcdae42664e403e8ad8bb3244b698be584f77,7753,,,true
P03_WHITE_B_000005,P03,WHITE,B,image_000005.jpg,training/P03/WHITE/B/images/image_000005.jpg,d7613b1102719653a0015c885e9c602d2000886cd38ca28595741f60fd9b334b,7727,,,true
P03_WHITE_B_000006,P03,WHITE,B,image_000006.jpg,training/P03/WHITE/B/images/image_000006.jpg,fc6fb919e68090e715ef177f02b985171fbfd7e75e3ef53cd548566482467b0a,7623,,,true
P03_WHITE_B_000007,P03,WHITE,B,image_000007.jpg,training/P03/WHITE/B/images/image_000007.jpg,843e7824df548560de22b9b9574988c1a22f0a93c1f60cf54ded2b2958d22b05,7893,,,true
P03_WHITE_B_000008,P03,WHITE,B,image_000008.jpg,training/P03/WHITE/B/images/image_000008.jpg,0863a9593cfdb120c59cf52f07cceac46ce2e53fd688b0267d11183610027ff3,7726,,,true
P03_WHITE_B_000009,P03,WHITE,B,image_000009.jpg,training/P03/WHITE/B/images/image_000009.jpg,17772b6dfadb8d29ba8d345c3206a0e835917b39101aef5bd791c5a98541307f,7748,,,true
P03_WHITE_B_000010,P03,WHITE,B,image_000010.jpg,training/P03/WHITE/B/images/image_000010.jpg,7d8b524c2846196b7e93f78c5bca1044f467ffa93d96185f13b235cd12483383,7786,,,true
P03_WHITE_B_000011,P03,WHITE,B,image_000011.jpg,training/P03/WHITE/B/images/image_000011.jpg,24e755769750d3302ce4439409bd6fbafe10ddae833c006e5f06f109eeca29b7,7414,,,true
P03_WHITE_B_000012,P03,WHITE,B,image_000012.jpg,training/P03/WHITE/B/images/image_000012.jpg,f3990ae8bb8892a3f215fd0ca0d466f637e54841f33130f051e5d0e30089ccae,7298,,,true
P03_WHITE_B_000013,P03,WHITE,B,image_000013.jpg,training/P03/WHITE/B/images/image_000013.jpg,3da187e34931e66e17fa2e1a3076a87e9e0b77ff154388c17261be4c68d5b471,7854,,,true
P03_WHITE_B_000014,P03,WHITE,B,image_000014.jpg,training/P03/WHITE/B/images/image_000014.jpg,78baae89a160e0d0a8265b1b91b58fdf95e47e33ade9f76919557afdee935c2b,7967,,,true
P03_WHITE_B_000015,P03,WHITE,B,image_000015.jpg,training/P03/WHITE/B/images/image_000015.jpg,641cadc343ee2c7a099a85a0f10319bbfa32db35e4d147ab7211758beb53f8de,7641,,,true
P03_WHITE_B_000016,P03,WHITE,B,image_000016.jpg,training/P03/WHITE/B/images/image_000016.jpg,50e05a33b1117290205bbd3a81efa1ab561291851bb6c60e4a0eec6d788c4d4e,7856,,,true
P03_WHITE_B_000017,P03,WHITE,B,image_000017.jpg,training/P03/WHITE/B/images/image_000017.jpg,bd801bba085bfc62a0b22dc77764e8545c7a84090b9cea90e1e349c60344f9ff,7698,,,true
P03_WHITE_B_000018,P03,WHITE,B,image_000018.jpg,training/P03/WHITE/B/images/image_000018.jpg,b838902270d6909717bc4f9d2aa5e59091229f6ff7594b14220629a1aef4a88c,7567,,,true
P03_WHITE_B_000019,P03,WHITE,B,image_000019.jpg,training/P03/WHITE/B/images/image_000019.jpg,452eeba6461f5439f95a5c130481fceae43a693c02cb3ab90d1fe1ebdf88c257,7420,,,true
P03_WHITE_B_000020,P03,WHITE,B,image_000020.jpg,training/P03/WHITE/B/images/image_000020.jpg,8358bad780483a4db8cf94926c4358e920158637fb4f37d2d999dd1a0b54f79c,7355,,,true
P03_WHITE_B_000021,P03,WHITE,B,image_000021.jpg,training/P03/WHITE/B/images/image_000021.jpg,d0c0e2eed46c05f9f103f324a0c515cf939558c4b9d27a9f12761f7476eaec98,7073,,,true
P03_WHITE_B_000022,P03,WHITE,B,image_000022.jpg,training/P03/WHITE/B/images/image_000022.jpg,4d1d7cc502df8e2333c0d1185bf2201483ff9b0f990ec01f7e1ce65599a76e4e,7561,,,true
P03_WHITE_B_000023,P03,WHITE,B,image_000023.jpg,training/P03/WHITE/B/images/image_000023.jpg,8c94012ca0928a74e667c0dd3ab5309058173307c66826b9a325fe8951d187b0,7344,,,true
P03_WHITE_B_000024,P03,WHITE,B,image_000024.jpg,training/P03/WHITE/B/images/image_000024.jpg,17fdf4398e6108acc9bd9a64a43f62a07cfe73cf250a0f894d029dc8e447b493,7770,,,true
P03_WHITE_B_000025,P03,WHITE,B,image_000025.jpg,training/P03/WHITE/B/images/image_000025.jpg,9f12c504288c15e749d5ebc37690515a125d4effa423d1c85b61ec2f66aa834d,7630,,,true
P03_WHITE_C_000001,P03,WHITE,C,image_000001.jpg,training/P03/WHITE/C/images/image_000001.jpg,69b048d75bc344153134c1633e0d84d9a2164ebcabcc4d9b24d90a59c598a516,7941,,,true
P03_WHITE_C_000002,P03,WHITE,C,image_000002.jpg,training/P03/WHITE/C/images/image_000002.jpg,b1fb30d27084355d57147f42ced125dbfd272f3a83c7603e25e468731a58773a,8063,,,true
P03_WHITE_C_000003,P03,WHITE,C,image_000003.jpg,training/P03/WHITE/C/images/image_000003.jpg,f8cba7ce68b9f763fbb197a78d2248b800334dbe76f77ba69636bbc2d357063f,7726,,,true
P03_WHITE_C_000004,P03,WHITE,C,image_000004.jpg,training/P03/WHITE/C/images/image_000004.jpg,03aca6719bbea50db7b2832fd28a82dfaf96b44771d6eaa39cbd1d5a9c1808f3,7606,,,true
P03_WHITE_C_000005,P03,WHITE,C,image_000005.jpg,training/P03/WHITE/C/images/image_000005.jpg,ee5f416630d145e1b01fb0d691a65bc2c4097622fffe1b1d3722f3f00a669b11,7619,,,true
P03_WHITE_C_000006,P03,WHITE,C,image_000006.jpg,training/P03/WHITE/C/images/image_000006.jpg,e567d57b2795f7a053ab836e62ee170b2b9248a8a325de7a3086be46ae066bab,7572,,,true
P03_WHITE_C_000007,P03,WHITE,C,image_000007.jpg,training/P03/WHITE/C/images/image_000007.jpg,f57694f25544a91ec88e1f7fefc64e49631bc8565eda1fe13e702e20feabc5ce,8066,,,true
P03_WHITE_C_000008,P03,WHITE,C,image_000008.jpg,training/P03/WHITE/C/images/image_000008.jpg,f300ef0a35fb9c0f0410451f826400e45bece24603d2d1ccbe6722c84f3c277c,7242,,,true
P03_WHITE_C_000009,P03,WHITE,C,image_000009.jpg,training/P03/WHITE/C/images/image_000009.jpg,782d3c3af7d3f9d2336e51e2f1f96443959afc3bbb1264a43191d902729c33e3,7182,,,true
P03_WHITE_C_000010,P03,WHITE,C,image_000010.jpg,training/P03/WHITE/C/images/image_000010.jpg,29fae9b55c5e24ec49ed3151bcc3d71ef3ec08ee2906541998a575b615e71905,8347,,,true
P03_WHITE_C_000011,P03,WHITE,C,image_000011.jpg,training/P03/WHITE/C/images/image_000011.jpg,d1a68f656986f7e54a3c8ed3e5a06b8fe88e719d1274441dff7fea9fc16913b3,8408,,,true
P03_WHITE_C_000012,P03,WHITE,C,image_000012.jpg,training/P03/WHITE/C/images/image_000012.jpg,051aceef5c1a07990069b0ad15d27cc81b366abaeb38772f757522ebf1a04440,8224,,,true
P03_WHITE_C_000013,P03,WHITE,C,image_000013.jpg,training/P03/WHITE/C/images/image_000013.jpg,45fe349f7f808ec27c76387e6981bca7f90d1a09c555a9d9cd39e2efd2f2f50b,8114,,,true
P03_WHITE_C_000014,P03,WHITE,C,image_000014.jpg,training/P03/WHITE/C/images/image_000014.jpg,64f5124590340e9a408cdbd4c641a5a7424678bf7b2890117af807018fd4d1e0,7956,,,true
P03_WHITE_C_000015,P03,WHITE,C,image_000015.jpg,training/P03/WHITE/C/images/image_000015.jpg,e75139907208adce8eda2d539f1ca6f5302ed482bb4d9585004fd9a5f51a5b67,8815,,,true
P03_WHITE_C_000016,P03,WHITE,C,image_000016.jpg,training/P03/WHITE/C/images/image_000016.jpg,b11ef6c03407a02a9a69055b62e4dcf782319f5d107d672a6732c692c7ae0503,7794,,,true
P03_WHITE_C_000017,P03,WHITE,C,image_000017.jpg,training/P03/WHITE/C/images/image_000017.jpg,72df28bd92d45cc13f85b903fbbed1899d04f451d834e8ee613691d2c7a0a21a,7413,,,true
P03_WHITE_C_000018,P03,WHITE,C,image_000018.jpg,training/P03/WHITE/C/images/image_000018.jpg,29fcfc2c6a8ac80aaffad368e3add5cf6e84e2187714851195f1ef0400717190,8143,,,true
P03_WHITE_C_000019,P03,WHITE,C,image_000019.jpg,training/P03/WHITE/C/images/image_000019.jpg,5c3b16b22d2997dc349ab294904aaf547f100363e4770f3d0d3505bb14714d58,7417,,,true
P03_WHITE_C_000020,P03,WHITE,C,image_000020.jpg,training/P03/WHITE/C/images/image_000020.jpg,3b646885fc0f3a97d53b9fbb91194503948fa82f97349ba1cf815246fc81d772,7864,,,true
P03_WHITE_C_000021,P03,WHITE,C,image_000021.jpg,training/P03/WHITE/C/images/image_000021.jpg,b5c49ac9bdda70130e29c6d2dcabd9d00a286fe54e549b3a5272551c1d1f17fc,7471,,,true
P03_WHITE_C_000022,P03,WHITE,C,image_000022.jpg,training/P03/WHITE/C/images/image_000022.jpg,5253e076d24c5846eb6c1fbe276619ac301263d92f6c41a17afca1b67dc32f65,7254,,,true
P03_WHITE_C_000023,P03,WHITE,C,image_000023.jpg,training/P03/WHITE/C/images/image_000023.jpg,01b2b3726a19a167c79ab61aeb4a93357e75525a5393b570c2f5f6620de4710f,7170,,,true
P03_WHITE_C_000024,P03,WHITE,C,image_000024.jpg,training/P03/WHITE/C/images/image_000024.jpg,73f48b01f73076fc55b3012ffaaa4ca97ca0a6bf71ab4c18fe329125cc093009,7668,,,true
P03_WHITE_C_000025,P03,WHITE,C,image_000025.jpg,training/P03/WHITE/C/images/image_000025.jpg,9550b71fa44723ef8cc3522c39bf576ce7d2e75e2dfe72bee6b39f3f6ab218fe,7383,,,true
P03_WHITE_E_000001,P03,WHITE,E,image_000001.jpg,training/P03/WHITE/E/images/image_000001.jpg,d17ed0c6dbd91cbe817551773fa97cd18968fb392946ece9711cd3d85719b28a,7551,,,true
P03_WHITE_E_000002,P03,WHITE,E,image_000002.jpg,training/P03/WHITE/E/images/image_000002.jpg,b65f0a783e0c217a766137cf671b93d345b8ef212cc06ffc20ef6193f5157251,7495,,,true
P03_WHITE_E_000003,P03,WHITE,E,image_000003.jpg,training/P03/WHITE/E/images/image_000003.jpg,c675e561a7b46c5b6caa3866efe58e12efc6042e35b17686a510975962561a2d,7311,,,true
P03_WHITE_E_000004,P03,WHITE,E,image_000004.jpg,training/P03/WHITE/E/images/image_000004.jpg,360cb198758546bc90fcc078ff74452a553a5db1da0fa2864996b13610d3f250,7353,,,true
P03_WHITE_E_000005,P03,WHITE,E,image_000005.jpg,training/P03/WHITE/E/images/image_000005.jpg,4e010edf83c56b72dd77287eec831e6120b31a0f5a9b31683dbce74f0cc6c16c,7319,,,true
P03_WHITE_E_000006,P03,WHITE,E,image_000006.jpg,training/P03/WHITE/E/images/image_000006.jpg,118f1c5aff107fe02e72606b2829474ac7ea6401a2733e0aed01f96b369b5eda,7081,,,true
P03_WHITE_E_000007,P03,WHITE,E,image_000007.jpg,training/P03/WHITE/E/images/image_000007.jpg,92857d17e9e8e24b905ea19770e906b64aad7f8ae8701efd270d18c36f1d7d48,7271,,,true
P03_WHITE_E_000008,P03,WHITE,E,image_000008.jpg,training/P03/WHITE/E/images/image_000008.jpg,5973e81a0e529cb077bf6bb4d6c851369ff5b7b90d45fb612db55e76b816f52e,7023,,,true
P03_WHITE_E_000009,P03,WHITE,E,image_000009.jpg,training/P03/WHITE/E/images/image_000009.jpg,ba6ed1e6cda7db8c64c2c97e6b775edbffc7a6305a4fd782e19c7811f75271ad,7102,,,true
P03_WHITE_E_000010,P03,WHITE,E,image_000010.jpg,training/P03/WHITE/E/images/image_000010.jpg,7b68bdfdecee7c705730abe065c19392d32228aedc7648a23f8fc3443b38723a,7263,,,true
P03_WHITE_E_000011,P03,WHITE,E,image_000011.jpg,training/P03/WHITE/E/images/image_000011.jpg,9a97e1952df6920d1f64c83c3b799f421f93bdd232cdd1bd62861c8a5b6d205c,7787,,,true
P03_WHITE_E_000012,P03,WHITE,E,image_000012.jpg,training/P03/WHITE/E/images/image_000012.jpg,98cf19514d5b6d662490f0290a90192d74b3c1501468e32bf2b058add7000b05,7899,,,true
P03_WHITE_E_000013,P03,WHITE,E,image_000013.jpg,training/P03/WHITE/E/images/image_000013.jpg,5533e90251c25bfec84bd07ba80c761c8f13312f742fa513505596e999be3182,6992,,,true
P03_WHITE_E_000014,P03,WHITE,E,image_000014.jpg,training/P03/WHITE/E/images/image_000014.jpg,77d5c49c6973faff6d2d7ffa2c6fb20e3c17a57de6a27bec3d5ce98a880df9de,7001,,,true
P03_WHITE_E_000015,P03,WHITE,E,image_000015.jpg,training/P03/WHITE/E/images/image_000015.jpg,593f9caf1ddb52c8648bc4c9ae8c2e4018349f9dda1df9c5611c8182272b6c0d,7218,,,true
P03_WHITE_E_000016,P03,WHITE,E,image_000016.jpg,training/P03/WHITE/E/images/image_000016.jpg,82a12dc4be981a70bc8dbbca2475a03696ae09a00a430fc0e70021280e193af4,7926,,,true
P03_WHITE_E_000017,P03,WHITE,E,image_000017.jpg,training/P03/WHITE/E/images/image_000017.jpg,29dd2e79d5027255430a029919f1a27bb674054541b0b36bc73bfdb45f1bd6d2,7741,,,true
P03_WHITE_E_000018,P03,WHITE,E,image_000018.jpg,training/P03/WHITE/E/images/image_000018.jpg,10fd8790058edf174bbacdc12c6dff33dace0f2cadecd85c85b6a08c54bcc4ae,7666,,,true
P03_WHITE_E_000019,P03,WHITE,E,image_000019.jpg,training/P03/WHITE/E/images/image_000019.jpg,271b1f64859123ddd67b5161960b132bc37859b07bf228f1a6bc473262bb9db3,7149,,,true
P03_WHITE_E_000020,P03,WHITE,E,image_000020.jpg,training/P03/WHITE/E/images/image_000020.jpg,54bb222855144d984bde126fd2a0154eeb325543c55100928d91ca00fdd9586d,7242,,,true
P03_WHITE_E_000021,P03,WHITE,E,image_000021.jpg,training/P03/WHITE/E/images/image_000021.jpg,ab7a685269cb05e476ca5b52149111b69b40328785ddd65d3c67b6441603d2fa,7145,,,true
P03_WHITE_E_000022,P03,WHITE,E,image_000022.jpg,training/P03/WHITE/E/images/image_000022.jpg,0755466efec96afa64a8a42ec95486182fb9d6af4f657b2ab3c65a65819c2e8c,7118,,,true
P03_WHITE_E_000023,P03,WHITE,E,image_000023.jpg,training/P03/WHITE/E/images/image_000023.jpg,71f6f8eae34ed6111a6b38e6fa8d3cfbba9b5f248287b5e1dd8003007dff6150,7564,,,true
P03_WHITE_E_000024,P03,WHITE,E,image_000024.jpg,training/P03/WHITE/E/images/image_000024.jpg,7d84f1516da39b7d56bee90807eabce3aad8729541dabb921b3317ae9ecc691d,7614,,,true
P03_WHITE_E_000025,P03,WHITE,E,image_000025.jpg,training/P03/WHITE/E/images/image_000025.jpg,5a68e1ff611766542d99678e04de5d3631446b077d4f3a5930d58dac6cb9e3f3,7854,,,true
P03_WHITE_I_000001,P03,WHITE,I,image_000001.jpg,training/P03/WHITE/I/images/image_000001.jpg,a0c99793ec947f0ea3ac5222bc525d1f0466289ed29db76c71b807642d2a910d,7601,,,true
P03_WHITE_I_000002,P03,WHITE,I,image_000002.jpg,training/P03/WHITE/I/images/image_000002.jpg,dc2adb65fa592fd5070a91aa4b2786ec19cd8272b42ef1541b4354ab3f53d108,7576,,,true
P03_WHITE_I_000003,P03,WHITE,I,image_000003.jpg,training/P03/WHITE/I/images/image_000003.jpg,1d4218e1404c5dbba7755c6b8566c150b1ccdfdb33f4de78fc2ed55a4bb4e889,7397,,,true
P03_WHITE_I_000004,P03,WHITE,I,image_000004.jpg,training/P03/WHITE/I/images/image_000004.jpg,471f794ecfb338b4bb76ef190d9637608c46d855308760b4f6fb30e8dacef494,6957,,,true
P03_WHITE_I_000005,P03,WHITE,I,image_000005.jpg,training/P03/WHITE/I/images/image_000005.jpg,98255cbcc7f4e0e0f86a5806fcd3102a6186bf17caf50f5bee7911062b8c12be,7299,,,true
P03_WHITE_I_000006,P03,WHITE,I,image_000006.jpg,training/P03/WHITE/I/images/image_000006.jpg,8b9692614acd32eab0961819644188809fc9835fecaab2721fc4f24a8614f5c8,7304,,,true
P03_WHITE_I_000007,P03,WHITE,I,image_000007.jpg,training/P03/WHITE/I/images/image_000007.jpg,b6eba3c8d27c1771513368997e8b623b844de2215cdaa15f8c953e69ffddcd4e,7537,,,true
P03_WHITE_I_000008,P03,WHITE,I,image_000008.jpg,training/P03/WHITE/I/images/image_000008.jpg,93eeb0ee8f1c7f5887cc5c59a5ae4f73740a1b7538a8fc6f6600ca84432b2b98,7733,,,true
P03_WHITE_I_000009,P03,WHITE,I,image_000009.jpg,training/P03/WHITE/I/images/image_000009.jpg,fbfefce0d35a7f993711007b9f07196e4db301e0e8dbc295644872dd961e116d,7429,,,true
P03_WHITE_I_000010,P03,WHITE,I,image_000010.jpg,training/P03/WHITE/I/images/image_000010.jpg,3e444a34b1aff15b8b5f748b7afafffdc208deb3f599727864a4bd130f54dabc,7647,,,true
P03_WHITE_I_000011,P03,WHITE,I,image_000011.jpg,training/P03/WHITE/I/images/image_000011.jpg,c8698b5231c8519c56719450fa4585799b702826f52ffbe5e3317d2cc208a5b6,7434,,,true
P03_WHITE_I_000012,P03,WHITE,I,image_000012.jpg,training/P03/WHITE/I/images/image_000012.jpg,800e88b2be3814cff97644fa144d95a7c636f54161ae5b1b92507b61e4578767,7401,,,true
P03_WHITE_I_000013,P03,WHITE,I,image_000013.jpg,training/P03/WHITE/I/images/image_000013.jpg,40f080eca55b9914f1d6d1e50aaa3f639a73002364f1da1fbe23f5a3897db485,7884,,,true
P03_WHITE_I_000014,P03,WHITE,I,image_000014.jpg,training/P03/WHITE/I/images/image_000014.jpg,e640b66b7afecb3573d7bed06eb1ee145f1830390cc00be2f739b43cf1d3ed81,7373,,,true
P03_WHITE_I_000015,P03,WHITE,I,image_000015.jpg,training/P03/WHITE/I/images/image_000015.jpg,52df6d3b139b3d7acb2663c66eae9f3de83ed7ffada80c7a9621da9f21ccaafc,7345,,,true
P03_WHITE_I_000016,P03,WHITE,I,image_000016.jpg,training/P03/WHITE/I/images/image_000016.jpg,9c4de18ccfff86d6d5df8d8bc75c8085a317a0a8d69c917940b1e7f786860789,7140,,,true
P03_WHITE_I_000017,P03,WHITE,I,image_000017.jpg,training/P03/WHITE/I/images/image_000017.jpg,6c05eb006b0be7d9e85b8914d64a45e8a6c94fa0c8aabad9aff8342f46777b16,7166,,,true
P03_WHITE_I_000018,P03,WHITE,I,image_000018.jpg,training/P03/WHITE/I/images/image_000018.jpg,b4248e342d3bf1127097e72cb88d3e8f1d3c7b8b3ad3d86241be1864a1bdc688,7073,,,true
P03_WHITE_I_000019,P03,WHITE,I,image_000019.jpg,training/P03/WHITE/I/images/image_000019.jpg,130b9b59bf2c753c30afababff7554224db379d749bd125b2fe5b7a408b1970e,7307,,,true
P03_WHITE_I_000020,P03,WHITE,I,image_000020.jpg,training/P03/WHITE/I/images/image_000020.jpg,64a4d2ef4a68ab02e09e8bacd5011770a808e3f2f4078eef909b29174ec18d98,7227,,,true
P03_WHITE_I_000021,P03,WHITE,I,image_000021.jpg,training/P03/WHITE/I/images/image_000021.jpg,a1354967ed57c68b3cacd6b214f967009086a9ed4c61aa2eecb9b8b0ca35e497,6967,,,true
P03_WHITE_I_000022,P03,WHITE,I,image_000022.jpg,training/P03/WHITE/I/images/image_000022.jpg,fe29f70e881e7965df538ace7534a74af3e982ee72700061c0f8d1787112ffed,7432,,,true
P03_WHITE_I_000023,P03,WHITE,I,image_000023.jpg,training/P03/WHITE/I/images/image_000023.jpg,f90fe2c18b0f65bae322b7e5315ce11badfb3268404b54e1fc3e2f68f8c867e9,7307,,,true
P03_WHITE_I_000024,P03,WHITE,I,image_000024.jpg,training/P03/WHITE/I/images/image_000024.jpg,cf3c817e820e9dcec2af18c59a053f574ce0cadc86ad96a5d4a1a5e80598b6aa,7937,,,true
P03_WHITE_I_000025,P03,WHITE,I,image_000025.jpg,training/P03/WHITE/I/images/image_000025.jpg,c77564bf8691e6757361b6e41a36b495f67519db3c47328aa5d0428c8b8d68d7,7567,,,true
P03_WHITE_L_000001,P03,WHITE,L,image_000001.jpg,training/P03/WHITE/L/images/image_000001.jpg,577def181a71bb4f422d4ddc2c546b52cb451882469e905f02362daebff6512e,6971,,,true
P03_WHITE_L_000002,P03,WHITE,L,image_000002.jpg,training/P03/WHITE/L/images/image_000002.jpg,688d4149372adda31f1943f840fe0c0cfc26e26afdc9253a89f5fac8e83e7f48,6990,,,true
P03_WHITE_L_000003,P03,WHITE,L,image_000003.jpg,training/P03/WHITE/L/images/image_000003.jpg,b67c262e583952275b327be055eae58e48447869ffe3becbb9d039c9906bbb85,6536,,,true
P03_WHITE_L_000004,P03,WHITE,L,image_000004.jpg,training/P03/WHITE/L/images/image_000004.jpg,232215780f65b046623680b1a022e4ef3667ad06b84e54dc0a52bd356f2fab1f,6486,,,true
P03_WHITE_L_000005,P03,WHITE,L,image_000005.jpg,training/P03/WHITE/L/images/image_000005.jpg,4ef296cd3657406dde2360227f51ced7f81969e4a747f11183eeba154acecf7a,6323,,,true
P03_WHITE_L_000006,P03,WHITE,L,image_000006.jpg,training/P03/WHITE/L/images/image_000006.jpg,479fa3049d32ad7c08b1fd6e3defd766dde247b1f82dba067a47cd24e8366737,6647,,,true
P03_WHITE_L_000007,P03,WHITE,L,image_000007.jpg,training/P03/WHITE/L/images/image_000007.jpg,87550905cedeaffedf239baeb8fa9f8c1d1e72bbca7f96f4e01cfae659fcb490,6481,,,true
P03_WHITE_L_000008,P03,WHITE,L,image_000008.jpg,training/P03/WHITE/L/images/image_000008.jpg,a1d13da65fe99841f70613a331dbf93b895279b6ee3ec806dafd284087fa439b,6606,,,true
P03_WHITE_L_000009,P03,WHITE,L,image_000009.jpg,training/P03/WHITE/L/images/image_000009.jpg,fd4d61f1c4485cf4f323f824e3427b28a21b373fc193271cd17e528d7a1d1c3d,6557,,,true
P03_WHITE_L_000010,P03,WHITE,L,image_000010.jpg,training/P03/WHITE/L/images/image_000010.jpg,e52ca179ea9eef908fd080d7d9fb127784bd34d0a65eaf3985ec1cc423c37d0d,6273,,,true
P03_WHITE_L_000011,P03,WHITE,L,image_000011.jpg,training/P03/WHITE/L/images/image_000011.jpg,7345e5ee8aa5cecd941272b2c07fe301e3f5d040cc283929104b86ee6daa6087,6425,,,true
P03_WHITE_L_000012,P03,WHITE,L,image_000012.jpg,training/P03/WHITE/L/images/image_000012.jpg,4d4b56369173b2d1574fad2e21825318b8a6b3ae6990c3ead439652609e259f4,6851,,,true
P03_WHITE_L_000013,P03,WHITE,L,image_000013.jpg,training/P03/WHITE/L/images/image_000013.jpg,0c129d86849bfd0599fc55c20e89625daee6c05283bf6570679212d450057ce1,6669,,,true
P03_WHITE_L_000014,P03,WHITE,L,image_000014.jpg,training/P03/WHITE/L/images/image_000014.jpg,cfc6ebae5b7a0e96e308d7816b699524673cb05f5df2f56568a7640ca37a0b56,7910,,,true
P03_WHITE_L_000015,P03,WHITE,L,image_000015.jpg,training/P03/WHITE/L/images/image_000015.jpg,0aa067a2d848f7304786a95c873dfdd2283bc1e68cba8bdd782f53ce11d5a90b,7989,,,true
P03_WHITE_L_000016,P03,WHITE,L,image_000016.jpg,training/P03/WHITE/L/images/image_000016.jpg,7b9788482f6ec249e9b85e2007ca8c3d21f0cd42903534fe025534c583461864,7864,,,true
P03_WHITE_L_000017,P03,WHITE,L,image_000017.jpg,training/P03/WHITE/L/images/image_000017.jpg,1e5fcf2d9e757a4a112d48b95f85cc4d9eefd1a01930ed620389a9e21f77d7ba,7815,,,true
P03_WHITE_L_000018,P03,WHITE,L,image_000018.jpg,training/P03/WHITE/L/images/image_000018.jpg,57fa27a7c515cbec1f3a0d9cd0dc8b88de8d12dde30428335fbce9e6a520a706,8098,,,true
P03_WHITE_L_000019,P03,WHITE,L,image_000019.jpg,training/P03/WHITE/L/images/image_000019.jpg,4866ca8cd2b3e3825e7e46c043ceae641bbe66bbced418ad242935d1315e2c4a,8365,,,true
P03_WHITE_L_000020,P03,WHITE,L,image_000020.jpg,training/P03/WHITE/L/images/image_000020.jpg,7a52fa16a6dddf7c2fb7540d18249a4d896c5075072d0e3c69fe85bc0fa6eefa,7837,,,true
P03_WHITE_L_000021,P03,WHITE,L,image_000021.jpg,training/P03/WHITE/L/images/image_000021.jpg,2bcc041b74bd5b3cfdeddbd7b5f94cc845f5570fa5526669330df537cb3d36d5,7835,,,true
P03_WHITE_L_000022,P03,WHITE,L,image_000022.jpg,training/P03/WHITE/L/images/image_000022.jpg,3b2a1ecdeb2994216037d1ba68151877c8087e92fc5e656bf9791bb28b086735,7494,,,true
P03_WHITE_L_000023,P03,WHITE,L,image_000023.jpg,training/P03/WHITE/L/images/image_000023.jpg,6002544ab9b31e077fa4bfe628a296956a1305f2f7102d7d3633e06bb3c1c9ff,7827,,,true
P03_WHITE_L_000024,P03,WHITE,L,image_000024.jpg,training/P03/WHITE/L/images/image_000024.jpg,41cbfc8f7a9fb75e5cfdea92279dfadea432741a4766e0d30e917b39a0b0f0a9,8029,,,true
P03_WHITE_L_000025,P03,WHITE,L,image_000025.jpg,training/P03/WHITE/L/images/image_000025.jpg,6cfa16f913b259cf4352ed41ac2ab583e0a131ca3ee938a3df832394d0f4376e,7688,,,true
P03_WHITE_M_000001,P03,WHITE,M,image_000001.jpg,training/P03/WHITE/M/images/image_000001.jpg,ebe668f0d06732623bd225f28362b756202d1cd32d9600f19d03ae747b4b6b12,7880,,,true
P03_WHITE_M_000002,P03,WHITE,M,image_000002.jpg,training/P03/WHITE/M/images/image_000002.jpg,a81a66c5eb6cea2579fe6bc51076a63deddb35f4acc7a46c8b822db3a4813ec3,7885,,,true
P03_WHITE_M_000003,P03,WHITE,M,image_000003.jpg,training/P03/WHITE/M/images/image_000003.jpg,9c71540983cf939f43411d162efae7e60ac7ecf6949630253de5be145f066ef7,7574,,,true
P03_WHITE_M_000004,P03,WHITE,M,image_000004.jpg,training/P03/WHITE/M/images/image_000004.jpg,f4ba6cceaf506be903f1a1a0a1b35a5c91440dc3e2f190a6bb10dd925784bb4f,7916,,,true
P03_WHITE_M_000005,P03,WHITE,M,image_000005.jpg,training/P03/WHITE/M/images/image_000005.jpg,59e0e863439a176750ab5bd4b9e0cbe8ebcc32c3545c310837d575fe3ae8a8d1,7546,,,true
P03_WHITE_M_000006,P03,WHITE,M,image_000006.jpg,training/P03/WHITE/M/images/image_000006.jpg,e269dd79cc1450197e2a88c0afc204eb265b48feda77462da5ea595b87160970,7957,,,true
P03_WHITE_M_000007,P03,WHITE,M,image_000007.jpg,training/P03/WHITE/M/images/image_000007.jpg,d8b30fe01e26501d07a0e58d791557fff8dac2261cc956746f49915a71d29a9c,8105,,,true
P03_WHITE_M_000008,P03,WHITE,M,image_000008.jpg,training/P03/WHITE/M/images/image_000008.jpg,447000ad9ce01c834b0ba2fec94a91cf9a544844dd83852b021a2b4c45c0540c,7895,,,true
P03_WHITE_M_000009,P03,WHITE,M,image_000009.jpg,training/P03/WHITE/M/images/image_000009.jpg,b8290ca2cb111ae01825680b025e3d081cce2fa912c20b40b2b98198ec75a9b8,8022,,,true
P03_WHITE_M_000010,P03,WHITE,M,image_000010.jpg,training/P03/WHITE/M/images/image_000010.jpg,4850954b27ed7e2e05d545e9e31c14259aae077fe970776f439b6f17f0ac0de8,8793,,,true
P03_WHITE_M_000011,P03,WHITE,M,image_000011.jpg,training/P03/WHITE/M/images/image_000011.jpg,ce85d60d2eff8881298e446d6a142d451547c790b13024e4190467ab3cc21e36,8583,,,true
P03_WHITE_M_000012,P03,WHITE,M,image_000012.jpg,training/P03/WHITE/M/images/image_000012.jpg,9e4435e9daf1ff1a71ed43c4c8607bbbf961f77469643e01b6cf9f8088e6210d,8314,,,true
P03_WHITE_M_000013,P03,WHITE,M,image_000013.jpg,training/P03/WHITE/M/images/image_000013.jpg,d5cb9bf8ebd218ffdbb9fc61fb450c2e814156bca3b6689299d7d64322240fda,8041,,,true
P03_WHITE_M_000014,P03,WHITE,M,image_000014.jpg,training/P03/WHITE/M/images/image_000014.jpg,4a8d5cffc069007e6bafb2d9ffc4a7b8d331e4124f72ee5ace40ee29888859ea,7716,,,true
P03_WHITE_M_000015,P03,WHITE,M,image_000015.jpg,training/P03/WHITE/M/images/image_000015.jpg,d92fc9a489580f25641231963677fb0441373e6d49f96f0fdd3f3bb3c36e01b6,8104,,,true
P03_WHITE_M_000016,P03,WHITE,M,image_000016.jpg,training/P03/WHITE/M/images/image_000016.jpg,2f91006564e5fd84061530e5aafe69447b75347b40eaa3a1534ce3acdc242b6b,7621,,,true
P03_WHITE_M_000017,P03,WHITE,M,image_000017.jpg,training/P03/WHITE/M/images/image_000017.jpg,f3c6fc79a764b6ea358679e9ce7d0c7aaa53b476558d6b96c0124836e2a4d1d8,7525,,,true
P03_WHITE_M_000018,P03,WHITE,M,image_000018.jpg,training/P03/WHITE/M/images/image_000018.jpg,7a2130e2813a540b483c4045ac64a80a6704d937be240f63aa9e2f315a122520,7690,,,true
P03_WHITE_M_000019,P03,WHITE,M,image_000019.jpg,training/P03/WHITE/M/images/image_000019.jpg,571f443b52748065e56a4cdf9a68eb6f21a362a9c7e6a643736735a8316a11ce,7709,,,true
P03_WHITE_M_000020,P03,WHITE,M,image_000020.jpg,training/P03/WHITE/M/images/image_000020.jpg,6b231c33cadc575277209d8a9ec909ae4e6973208eecc6132493a65813d4c3d1,8239,,,true
P03_WHITE_M_000021,P03,WHITE,M,image_000021.jpg,training/P03/WHITE/M/images/image_000021.jpg,9c97c283783ea42fcf9fd8b4eb22e838bb52d3dd361b2fce6fa265687bf3f0b6,7626,,,true
P03_WHITE_M_000022,P03,WHITE,M,image_000022.jpg,training/P03/WHITE/M/images/image_000022.jpg,1fc102cc3480ce92cacee555a81cbfc9087cb80f56d2af613be6688b50b4bc1f,7589,,,true
P03_WHITE_M_000023,P03,WHITE,M,image_000023.jpg,training/P03/WHITE/M/images/image_000023.jpg,4eefb2391bb3c0109d63f5765439e2104fcd1a94b3cc407b359b119453ce7e75,7036,,,true
P03_WHITE_M_000024,P03,WHITE,M,image_000024.jpg,training/P03/WHITE/M/images/image_000024.jpg,201ea7ce852f780576f73c0f9edd02bb28d4cc5cc6668e1ef37b6636a4368cb7,7846,,,true
P03_WHITE_M_000025,P03,WHITE,M,image_000025.jpg,training/P03/WHITE/M/images/image_000025.jpg,28e003c07a54f3fce92315fd0910c3cd695247a76a6fb1588008e8c83382c16e,7430,,,true
P03_WHITE_N_000001,P03,WHITE,N,image_000001.jpg,training/P03/WHITE/N/images/image_000001.jpg,5204040f305850c1ee817e445300c3ae4ceeaa9cd1a9e55be8474ccfb2e8e40c,7105,,,true
P03_WHITE_N_000002,P03,WHITE,N,image_000002.jpg,training/P03/WHITE/N/images/image_000002.jpg,7da316eaab4922dae086461db02cf7fdc2238d9561566c699d2c03449f45ffa6,7992,,,true
P03_WHITE_N_000003,P03,WHITE,N,image_000003.jpg,training/P03/WHITE/N/images/image_000003.jpg,5a4402ce93843aca6f60ced3488d5a3f523abb0649004a954e1b708eeb371ae4,7687,,,true
P03_WHITE_N_000004,P03,WHITE,N,image_000004.jpg,training/P03/WHITE/N/images/image_000004.jpg,4a163e56ffd6a9397bae0c4ac5f3ea89d831cde720fe94b4867faa9a0cb3bfec,7103,,,true
P03_WHITE_N_000005,P03,WHITE,N,image_000005.jpg,training/P03/WHITE/N/images/image_000005.jpg,787cc495ada07f16c8fc2f37820b1c6cba08d9891bc3a0be91bcb6ab274e34a1,8121,,,true
P03_WHITE_N_000006,P03,WHITE,N,image_000006.jpg,training/P03/WHITE/N/images/image_000006.jpg,9a75a484d0f9191b2118d0031bba1b18da3a3c654086564fcc3196e95e34866c,8171,,,true
P03_WHITE_N_000007,P03,WHITE,N,image_000007.jpg,training/P03/WHITE/N/images/image_000007.jpg,67dde4aa917bd1b8123e11bed1af607f539998a6651e8639dcfc8d0edaaa8cbf,7797,,,true
P03_WHITE_N_000008,P03,WHITE,N,image_000008.jpg,training/P03/WHITE/N/images/image_000008.jpg,014260310c3ad3121ccc8cc91bf031a4b5f4e092471482385f62bcc69af6d77c,8733,,,true
P03_WHITE_N_000009,P03,WHITE,N,image_000009.jpg,training/P03/WHITE/N/images/image_000009.jpg,b4c8d49a29783ffa535886fe258b26c38115c7a705d31bcdbb0b26e62b611f34,8682,,,true
P03_WHITE_N_000010,P03,WHITE,N,image_000010.jpg,training/P03/WHITE/N/images/image_000010.jpg,93808d40607b72b2388f69195a8825a9cd03b70ec3b4f9b2f393bc0d0e4fa591,7883,,,true
P03_WHITE_N_000011,P03,WHITE,N,image_000011.jpg,training/P03/WHITE/N/images/image_000011.jpg,cdf2b41e622c42c178a2f32ad5016d6ef2e741797a39ee78b82aa8d1d96194e9,7497,,,true
P03_WHITE_N_000012,P03,WHITE,N,image_000012.jpg,training/P03/WHITE/N/images/image_000012.jpg,bdb6ed0a93c873167cee0bb394d533f6142b853c15210cc43605f10464dcfcd6,7568,,,true
P03_WHITE_N_000013,P03,WHITE,N,image_000013.jpg,training/P03/WHITE/N/images/image_000013.jpg,50a922146d3b98de5747380bb6670fedd2b2a524e8df4562d6997ef05a25bdae,7647,,,true
P03_WHITE_N_000014,P03,WHITE,N,image_000014.jpg,training/P03/WHITE/N/images/image_000014.jpg,2b47afc16e809c95cf55cd837944d0bc215917d3787f6e85003ec1dd58ba682b,7595,,,true
P03_WHITE_N_000015,P03,WHITE,N,image_000015.jpg,training/P03/WHITE/N/images/image_000015.jpg,6562ad166e9b2118fd93da8514fdd3cdfbce35c0769d84fddce7947b466b20fe,7554,,,true
P03_WHITE_N_000016,P03,WHITE,N,image_000016.jpg,training/P03/WHITE/N/images/image_000016.jpg,2334aab425bec96bfc9dec609823a845ea9695841331e8bab5374c7b4caabb55,7924,,,true
P03_WHITE_N_000017,P03,WHITE,N,image_000017.jpg,training/P03/WHITE/N/images/image_000017.jpg,8709daa8793c86d5a30d15c844b2e95b9737dfe05089c1a203874469eb2ab035,7434,,,true
P03_WHITE_N_000018,P03,WHITE,N,image_000018.jpg,training/P03/WHITE/N/images/image_000018.jpg,de8288425190c17dd3b95031bfbfa398e46a53f2f36bf4ef1aa98625d13ca210,7784,,,true
P03_WHITE_N_000019,P03,WHITE,N,image_000019.jpg,training/P03/WHITE/N/images/image_000019.jpg,da8d2b6327b8fe0d9766d0204e1a404a7603f625949efb1d3b9de6ea78f731e7,8213,,,true
P03_WHITE_N_000020,P03,WHITE,N,image_000020.jpg,training/P03/WHITE/N/images/image_000020.jpg,c083542ec58c0375283f833c30c02454539cea801c520050588ac498ef7ebfe9,7476,,,true
P03_WHITE_N_000021,P03,WHITE,N,image_000021.jpg,training/P03/WHITE/N/images/image_000021.jpg,a4b47656c22d63c7ef18f8b8cee8c98a9b889a10e0035ff76e45e6bbc1215c58,7621,,,true
P03_WHITE_N_000022,P03,WHITE,N,image_000022.jpg,training/P03/WHITE/N/images/image_000022.jpg,97c419ce43f5fcfd379bf3307a7a581667fce626473e8feaba181b2f416d0e17,7931,,,true
P03_WHITE_N_000023,P03,WHITE,N,image_000023.jpg,training/P03/WHITE/N/images/image_000023.jpg,e6a8baf7f29dc46755d77c8099bbfe04f72f764c14664f888943d1ae79b907fb,7453,,,true
P03_WHITE_N_000024,P03,WHITE,N,image_000024.jpg,training/P03/WHITE/N/images/image_000024.jpg,8bd54cc2b953d393341f3fa4fbe84debfd024c9a0fe00677ec51947d1f5c7bf1,7521,,,true
P03_WHITE_N_000025,P03,WHITE,N,image_000025.jpg,training/P03/WHITE/N/images/image_000025.jpg,9c348f4382992e3b84ca0788e46270398e0bf4ef58fefe32a1ac29195b7b9fa1,7050,,,true
P03_WHITE_O_000001,P03,WHITE,O,image_000001.jpg,training/P03/WHITE/O/images/image_000001.jpg,118b67ebb18fdbb2db7706d0241c598db037f83884fb33b36d9db23773feedbc,8851,,,true
P03_WHITE_O_000002,P03,WHITE,O,image_000002.jpg,training/P03/WHITE/O/images/image_000002.jpg,18a8bf6d47a1418cceaf1a19810606b0f70b3ea41a0e81d0736b79ea501f8dc6,9208,,,true
P03_WHITE_O_000003,P03,WHITE,O,image_000003.jpg,training/P03/WHITE/O/images/image_000003.jpg,960750f33ea758d89a377d36ab73f75f7357fac9ca6b7d7bd85cb019661c32da,7527,,,true
P03_WHITE_O_000004,P03,WHITE,O,image_000004.jpg,training/P03/WHITE/O/images/image_000004.jpg,f8ff9963c3a6ac282842dd022ea940c4005a15a96f0060e440415a90b0bc751a,7829,,,true
P03_WHITE_O_000005,P03,WHITE,O,image_000005.jpg,training/P03/WHITE/O/images/image_000005.jpg,8e428fdf33722c7a6e4333af7293a35cb81819b320501260ed750c8f1e48301c,7800,,,true
P03_WHITE_O_000006,P03,WHITE,O,image_000006.jpg,training/P03/WHITE/O/images/image_000006.jpg,a485d296d9f24dc0ca2df4625f9aa2e7b3c58e6f31b4f258862e8f07db370f46,7558,,,true
P03_WHITE_O_000007,P03,WHITE,O,image_000007.jpg,training/P03/WHITE/O/images/image_000007.jpg,d0715a9c9d31cb080321ae0b59908b4c6120b46ba36311ea97a8511c526f6fc9,7669,,,true
P03_WHITE_O_000008,P03,WHITE,O,image_000008.jpg,training/P03/WHITE/O/images/image_000008.jpg,13015004b2e5837b0e287088df18a93327fc67eb7b43e734df1b549400e2c786,7899,,,true
P03_WHITE_O_000009,P03,WHITE,O,image_000009.jpg,training/P03/WHITE/O/images/image_000009.jpg,e13aee28d0c3cffdecfa1e452bd98a67e0004cdfe578ba7c4816f4c8764e3f59,7520,,,true
P03_WHITE_O_000010,P03,WHITE,O,image_000010.jpg,training/P03/WHITE/O/images/image_000010.jpg,cfa3151dce645784958fe9d4a9e47a2fd2eb45b21d38bdbc95a521947d9084a4,7406,,,true
P03_WHITE_O_000011,P03,WHITE,O,image_000011.jpg,training/P03/WHITE/O/images/image_000011.jpg,93b6ce3256af4513891388df13364886c3f6655ea1a642da646bbd0f1af8b6b6,7546,,,true
P03_WHITE_O_000012,P03,WHITE,O,image_000012.jpg,training/P03/WHITE/O/images/image_000012.jpg,4b032e6e9d9f4937df67edde8f8948bb93a4126457cdaabff308c9922cee9f5a,7490,,,true
P03_WHITE_O_000013,P03,WHITE,O,image_000013.jpg,training/P03/WHITE/O/images/image_000013.jpg,e92b190313e600282ea20bf3d0f76b5f7d3f669a28f465b7b60f891e37b024c8,7345,,,true
P03_WHITE_O_000014,P03,WHITE,O,image_000014.jpg,training/P03/WHITE/O/images/image_000014.jpg,2b279fccfd3fa11e867e269e8c9c5a88ef9ade2da6d0d1e7b69637de6137fd3e,7214,,,true
P03_WHITE_O_000015,P03,WHITE,O,image_000015.jpg,training/P03/WHITE/O/images/image_000015.jpg,23aaa00da48c104b0f6b400de25a4c109e036f21abb9d4d11e88461c639011cc,7340,,,true
P03_WHITE_O_000016,P03,WHITE,O,image_000016.jpg,training/P03/WHITE/O/images/image_000016.jpg,c9315050218c95e5ed4b89559704b9144842fe90653c101b668c4baee63896c8,7212,,,true
P03_WHITE_O_000017,P03,WHITE,O,image_000017.jpg,training/P03/WHITE/O/images/image_000017.jpg,d269d5ac5c7fdb9a97c66080f39a432436ac1cb06b471b4fc09bea5085766b3a,7402,,,true
P03_WHITE_O_000018,P03,WHITE,O,image_000018.jpg,training/P03/WHITE/O/images/image_000018.jpg,a79614b0012795bb8a351b6e9c8866ff63a02531e3e0f394385dd556e1b35b3d,7487,,,true
P03_WHITE_O_000019,P03,WHITE,O,image_000019.jpg,training/P03/WHITE/O/images/image_000019.jpg,fc1d3f83f52d500540b5908904aa465e1aa9629c430759321d5685ed850eba02,7415,,,true
P03_WHITE_O_000020,P03,WHITE,O,image_000020.jpg,training/P03/WHITE/O/images/image_000020.jpg,15e0f69c4edc79058c5fb05640f6da8b4c93d1e2ee4ce4e8def0505665804ba3,6903,,,true
P03_WHITE_O_000021,P03,WHITE,O,image_000021.jpg,training/P03/WHITE/O/images/image_000021.jpg,8ce469b084aba54a02356715f1956020e96c00b3ba7cc525f7a0f43f1d61dc99,7040,,,true
P03_WHITE_O_000022,P03,WHITE,O,image_000022.jpg,training/P03/WHITE/O/images/image_000022.jpg,50e9aa988929105e7648452d5298b23798bd5d3574360a2f78976c1269feaf04,7187,,,true
P03_WHITE_O_000023,P03,WHITE,O,image_000023.jpg,training/P03/WHITE/O/images/image_000023.jpg,30f0ad0482dae6efbb505a43de7175847043c872e4415daa4e073dcbd5e9f5d6,7213,,,true
P03_WHITE_O_000024,P03,WHITE,O,image_000024.jpg,training/P03/WHITE/O/images/image_000024.jpg,911023899aea91a08a55973f279187e233afa9358ae93b02c1c0fb1a56ef1979,7108,,,true
P03_WHITE_O_000025,P03,WHITE,O,image_000025.jpg,training/P03/WHITE/O/images/image_000025.jpg,7162595d0f2f14459041f6c6dece6068ff743492ab624b54ea15d3c2be15b410,6902,,,true
P03_WHITE_P_000001,P03,WHITE,P,image_000001.jpg,training/P03/WHITE/P/images/image_000001.jpg,703068c1a19d656fb57195787efcf01b231f1b2a921430438d6858731a333ca4,6628,,,true
P03_WHITE_P_000002,P03,WHITE,P,image_000002.jpg,training/P03/WHITE/P/images/image_000002.jpg,7a1caac58ec2b1815ad6abd2482c140a9609a481339243c0039991e32f0de0ee,6638,,,true
P03_WHITE_P_000003,P03,WHITE,P,image_000003.jpg,training/P03/WHITE/P/images/image_000003.jpg,14b7339bf8134956c7144b98ba144703f61102808f76aa3a4168cb952ac6daf2,6420,,,true
P03_WHITE_P_000004,P03,WHITE,P,image_000004.jpg,training/P03/WHITE/P/images/image_000004.jpg,c2a1b1a2227a07c56b2527ea2a95bb12d6a4c741caf8f05c3185e72cca221021,6448,,,true
P03_WHITE_P_000005,P03,WHITE,P,image_000005.jpg,training/P03/WHITE/P/images/image_000005.jpg,c17e164879229d83b2a3aa21d0c4951d7c5e075724c8d8939e8c60a39a0fc6b0,6467,,,true
P03_WHITE_P_000006,P03,WHITE,P,image_000006.jpg,training/P03/WHITE/P/images/image_000006.jpg,eccfb5df6dfc1797575102523505bbea4f6bc0595db6b7dc711e75f9332085d1,6483,,,true
P03_WHITE_P_000007,P03,WHITE,P,image_000007.jpg,training/P03/WHITE/P/images/image_000007.jpg,3fa7272462c45ffddd9ce8878d8a9a16d567bb627f2912584af8b60241e82777,6655,,,true
P03_WHITE_P_000008,P03,WHITE,P,image_000008.jpg,training/P03/WHITE/P/images/image_000008.jpg,e71439bde5d98d93a13a823773e9c669485c9518b3ee1d5948fd3431382045bf,6651,,,true
P03_WHITE_P_000009,P03,WHITE,P,image_000009.jpg,training/P03/WHITE/P/images/image_000009.jpg,3ebcaacf4ac2a7a461f72a1e311d4b8a5ffe3237e947e9bf71e2765ce7ccfb86,6194,,,true
P03_WHITE_P_000010,P03,WHITE,P,image_000010.jpg,training/P03/WHITE/P/images/image_000010.jpg,245787c693da20f780c787bd7ae1e59bdd216ba65e504ef887f31ea84b70a667,6053,,,true
P03_WHITE_P_000011,P03,WHITE,P,image_000011.jpg,training/P03/WHITE/P/images/image_000011.jpg,9002b48daec3d7fa580683d7ab337dd58355b1aafd051e70091204068fd96023,6151,,,true
P03_WHITE_P_000012,P03,WHITE,P,image_000012.jpg,training/P03/WHITE/P/images/image_000012.jpg,b6a1292defdbbd81695db43f9c194f035a5a3a34212ec099bbdfffe59ceeb858,6389,,,true
P03_WHITE_P_000013,P03,WHITE,P,image_000013.jpg,training/P03/WHITE/P/images/image_000013.jpg,5bd054bc519c3e974867b657f5a454c63abbf596d9a13c27fc085e0030f85a44,6600,,,true
P03_WHITE_P_000014,P03,WHITE,P,image_000014.jpg,training/P03/WHITE/P/images/image_000014.jpg,048350f88f6e4d04e74bbe5aa7b89e9158859ff1022d5ecbee958171358254e6,6383,,,true
P03_WHITE_P_000015,P03,WHITE,P,image_000015.jpg,training/P03/WHITE/P/images/image_000015.jpg,41bc0b1afee63683a300a675ca9972011c64014482ca93d5b4c6e0b411a901d2,6332,,,true
P03_WHITE_P_000016,P03,WHITE,P,image_000016.jpg,training/P03/WHITE/P/images/image_000016.jpg,398af67c341d74d4221ffa4b798e502ef376831111faf94445677984277378a9,6337,,,true
P03_WHITE_P_000017,P03,WHITE,P,image_000017.jpg,training/P03/WHITE/P/images/image_000017.jpg,d3ff1a28ac24dcaae65f5f8a701c32132806fd14d002f02873ed8855a2856236,6446,,,true
P03_WHITE_P_000018,P03,WHITE,P,image_000018.jpg,training/P03/WHITE/P/images/image_000018.jpg,2c749fdedef357dd77efced00773a35dba00a21d5855acfea49673aa304346b1,6637,,,true
P03_WHITE_P_000019,P03,WHITE,P,image_000019.jpg,training/P03/WHITE/P/images/image_000019.jpg,877f0b2f9562d043f09d7a3a36b11085bcdf11c547882d9f3174877078591546,6467,,,true
P03_WHITE_P_000020,P03,WHITE,P,image_000020.jpg,training/P03/WHITE/P/images/image_000020.jpg,3ec4d27ff53d31712a97f65b7f96b08a12b75f8db3a49a0d45e508a675e11874,6349,,,true
P03_WHITE_P_000021,P03,WHITE,P,image_000021.jpg,training/P03/WHITE/P/images/image_000021.jpg,3cbda2ed334f7b58164c13d0166009d2d58a7cf57f0692a2acc616a5b79dc3d0,6521,,,true
P03_WHITE_P_000022,P03,WHITE,P,image_000022.jpg,training/P03/WHITE/P/images/image_000022.jpg,208b3ac06525137d6cd01911e7b69963e54cfd8608fbe24a76339730f11da7e5,6285,,,true
P03_WHITE_P_000023,P03,WHITE,P,image_000023.jpg,training/P03/WHITE/P/images/image_000023.jpg,bfada7b3abfdd272ee8480b3fcfbed03fafc02b8f495d45de868c929c01d3003,6348,,,true
P03_WHITE_P_000024,P03,WHITE,P,image_000024.jpg,training/P03/WHITE/P/images/image_000024.jpg,bcbd6019070cc45996892ab6487070e1f0e47c17e1493e20f27c12fbbadfdf81,6549,,,true
P03_WHITE_P_000025,P03,WHITE,P,image_000025.jpg,training/P03/WHITE/P/images/image_000025.jpg,295c983c55b7c40ec72fad2c2639d925e7b35b10b8a63940fd009042358166c0,7642,,,true
P03_WHITE_R_000001,P03,WHITE,R,image_000001.jpg,training/P03/WHITE/R/images/image_000001.jpg,a8b9882925c54066cfebf6633e134fb70e7892dd87fe4213a55519a49519fc3a,6600,,,true
P03_WHITE_R_000002,P03,WHITE,R,image_000002.jpg,training/P03/WHITE/R/images/image_000002.jpg,1b2f1de588293d24839babfa4a6153285b50d5db362c543125097bace4d43d32,6530,,,true
P03_WHITE_R_000003,P03,WHITE,R,image_000003.jpg,training/P03/WHITE/R/images/image_000003.jpg,a0e0c51feeb6f243afdbfab238dafa18839f73411fe91c8b953f7649facf892b,6479,,,true
P03_WHITE_R_000004,P03,WHITE,R,image_000004.jpg,training/P03/WHITE/R/images/image_000004.jpg,fd76def1f401921ef0f54d6266163986fa0278867dabf5376bef31a131cf2c2a,6368,,,true
P03_WHITE_R_000005,P03,WHITE,R,image_000005.jpg,training/P03/WHITE/R/images/image_000005.jpg,f905381ed3a3f609f929761b0b7c9d4eefb895369f94a7903992acf575af6217,6468,,,true
P03_WHITE_R_000006,P03,WHITE,R,image_000006.jpg,training/P03/WHITE/R/images/image_000006.jpg,421e145a29614e17519c04eb1cb6f06018ccb2adcf8d3a3624cc768d8d4d96d0,6375,,,true
P03_WHITE_R_000007,P03,WHITE,R,image_000007.jpg,training/P03/WHITE/R/images/image_000007.jpg,b3c62156216266ebe8e20d4cf31437f043b85fbee961015c568976b42f947c63,6554,,,true
P03_WHITE_R_000008,P03,WHITE,R,image_000008.jpg,training/P03/WHITE/R/images/image_000008.jpg,514efe08f3cc1da8a769d751b30fc677c9d76c4d5446f0e70d1dc1942a0f18d7,6549,,,true
P03_WHITE_R_000009,P03,WHITE,R,image_000009.jpg,training/P03/WHITE/R/images/image_000009.jpg,3392bc6fc3cd748b72d905ec72181e8a97bb8654fb1eafdeffd3efe54c6ada8d,6244,,,true
P03_WHITE_R_000010,P03,WHITE,R,image_000010.jpg,training/P03/WHITE/R/images/image_000010.jpg,92e1080233b7ff4e495b7ee7a8abbd384db2a1c1490cb2f69fa30c047f930010,6193,,,true
P03_WHITE_R_000011,P03,WHITE,R,image_000011.jpg,training/P03/WHITE/R/images/image_000011.jpg,13acf15d852b2d3c4a469f61165beea0f90ccd96771b442152e56bb53f1f7d13,6281,,,true
P03_WHITE_R_000012,P03,WHITE,R,image_000012.jpg,training/P03/WHITE/R/images/image_000012.jpg,3d130e7889b3c269167fef912cd8cb2c1b3aa353d8a1767039312d13a37e9f13,6347,,,true
P03_WHITE_R_000013,P03,WHITE,R,image_000013.jpg,training/P03/WHITE/R/images/image_000013.jpg,c40e50bfc2096959f921114c580bfda62b4e1b80de1099d14302d4b0ca9f45dc,6484,,,true
P03_WHITE_R_000014,P03,WHITE,R,image_000014.jpg,training/P03/WHITE/R/images/image_000014.jpg,8111dc5c37f1d612e1825137b7b0fce03842ff364156a64b8107e9ba96823dd2,6710,,,true
P03_WHITE_R_000015,P03,WHITE,R,image_000015.jpg,training/P03/WHITE/R/images/image_000015.jpg,83023b4fc8733c525440a5eb5357025be713d26395c187ae9903257afef9d73a,6885,,,true
P03_WHITE_R_000016,P03,WHITE,R,image_000016.jpg,training/P03/WHITE/R/images/image_000016.jpg,322107efd31ddf3a1a8528dbf3e4fd36f14b1478f7c4aa3313b17cf4040857b2,6309,,,true
P03_WHITE_R_000017,P03,WHITE,R,image_000017.jpg,training/P03/WHITE/R/images/image_000017.jpg,6b056731f131debbc6d54757d4e5a2cd81f32ab408cdf604de9909d145cd650a,6465,,,true
P03_WHITE_R_000018,P03,WHITE,R,image_000018.jpg,training/P03/WHITE/R/images/image_000018.jpg,306d3db0f29d2bb3bae74c313b03336fa5da51ae2c9442d44aa8972162833db5,6110,,,true
P03_WHITE_R_000019,P03,WHITE,R,image_000019.jpg,training/P03/WHITE/R/images/image_000019.jpg,2ae0e17c81c063d6e078d972c585ca111a6d5ba6075b8d58a066b88ac45b5e4b,6071,,,true
P03_WHITE_R_000020,P03,WHITE,R,image_000020.jpg,training/P03/WHITE/R/images/image_000020.jpg,408b55a4ff76200763bfb54c7db9b31bc81d1f21b74c79a39936b020461e439a,6068,,,true
P03_WHITE_R_000021,P03,WHITE,R,image_000021.jpg,training/P03/WHITE/R/images/image_000021.jpg,ce5bd68beb3ec1ffced5dd891438502f3e3aac1d7c40ff6f3921bcfc79116bb6,5987,,,true
P03_WHITE_R_000022,P03,WHITE,R,image_000022.jpg,training/P03/WHITE/R/images/image_000022.jpg,cdeaadca6da1898b2bf4b1d90dd3a44dcbb48c3238a8ab01a89158299ed165dc,6268,,,true
P03_WHITE_R_000023,P03,WHITE,R,image_000023.jpg,training/P03/WHITE/R/images/image_000023.jpg,4413ac7afa033a799c902622ede845ce86ace4a909c065dedeee81f14aaf2c07,6154,,,true
P03_WHITE_R_000024,P03,WHITE,R,image_000024.jpg,training/P03/WHITE/R/images/image_000024.jpg,b276c4d4cc27cec6ec5660e014b9685d1814c12bd5b8d2474dc025a39aa2c22d,5984,,,true
P03_WHITE_R_000025,P03,WHITE,R,image_000025.jpg,training/P03/WHITE/R/images/image_000025.jpg,2e9f8afa1f35a0fc2ca0197fc8016877fef566d9750c57e6b24794760c2d7ed9,5991,,,true
P03_WHITE_S_000001,P03,WHITE,S,image_000001.jpg,training/P03/WHITE/S/images/image_000001.jpg,b870f71ec4be6ca0405ba65cfbe59b627546623e01f60aad4e0b9fd1a196e512,7633,,,true
P03_WHITE_S_000002,P03,WHITE,S,image_000002.jpg,training/P03/WHITE/S/images/image_000002.jpg,9ec45796ab807bb66f0ec875c1ca7deabfeb0d227970bc29a6eccda34ce02023,7574,,,true
P03_WHITE_S_000003,P03,WHITE,S,image_000003.jpg,training/P03/WHITE/S/images/image_000003.jpg,973716c3081c102a1a3f732d66f99b73fcec973cebe30c5e43d7ecad90ef6a86,7610,,,true
P03_WHITE_S_000004,P03,WHITE,S,image_000004.jpg,training/P03/WHITE/S/images/image_000004.jpg,cb3471b02cb4f01fa2104b85b1cd553d16a48f4ce7285065df80273d8e8cf7b8,6956,,,true
P03_WHITE_S_000005,P03,WHITE,S,image_000005.jpg,training/P03/WHITE/S/images/image_000005.jpg,a868b1a30e9b5501acf7481c0250daa77536bedec19f6620b2693ebac88a77ce,6917,,,true
P03_WHITE_S_000006,P03,WHITE,S,image_000006.jpg,training/P03/WHITE/S/images/image_000006.jpg,c34864d2428b23328b76503135d7a6146cd42a77f59bd94d2fde5d8d0fde311e,6895,,,true
P03_WHITE_S_000007,P03,WHITE,S,image_000007.jpg,training/P03/WHITE/S/images/image_000007.jpg,be19823eaa4e29e9935dca6f02778ecee2f3ffe54506bfb7643ccb319c866d6e,6948,,,true
P03_WHITE_S_000008,P03,WHITE,S,image_000008.jpg,training/P03/WHITE/S/images/image_000008.jpg,a4d01dcdd77dc1a18a3b8c2e59ec3e0ebbf502ce072c4293d677e3a8d7c1a269,7239,,,true
P03_WHITE_S_000009,P03,WHITE,S,image_000009.jpg,training/P03/WHITE/S/images/image_000009.jpg,f49d7dd59de206d61c95089b4c4332c149810ae9dcc963c163f8a324dc02686d,7050,,,true
P03_WHITE_S_000010,P03,WHITE,S,image_000010.jpg,training/P03/WHITE/S/images/image_000010.jpg,b457d96aba7e560595358a8d3bcefcd55cd6c03a1ed3b4bafea2309c947fcfec,6739,,,true
P03_WHITE_S_000011,P03,WHITE,S,image_000011.jpg,training/P03/WHITE/S/images/image_000011.jpg,e4295a687f1f249478ed7412fb642f038ea1033c3e5285d8675f73dcadc99c24,6951,,,true
P03_WHITE_S_000012,P03,WHITE,S,image_000012.jpg,training/P03/WHITE/S/images/image_000012.jpg,810add89500d4bb6ef0f3ea364bb1b508455debdda6afb2714550aa2367c3bc8,7279,,,true
P03_WHITE_S_000013,P03,WHITE,S,image_000013.jpg,training/P03/WHITE/S/images/image_000013.jpg,d99ce9bad95af57e36f9673efe79637aeb32f36507850aee3347011510ead392,6802,,,true
P03_WHITE_S_000014,P03,WHITE,S,image_000014.jpg,training/P03/WHITE/S/images/image_000014.jpg,5f3c6ab0c3e351052ddedbba3bc4b194be6ecfcbeb206d1dd888de92751be5cd,6807,,,true
P03_WHITE_S_000015,P03,WHITE,S,image_000015.jpg,training/P03/WHITE/S/images/image_000015.jpg,0258e257970974ba3c5de49c8f5e92e8587651575e14dd51cd50f91713b35d13,7088,,,true
P03_WHITE_S_000016,P03,WHITE,S,image_000016.jpg,training/P03/WHITE/S/images/image_000016.jpg,e7aa596c75b8eba79d09b47149f420161fb5b40c1771421962263b7ad1b105f1,7428,,,true
P03_WHITE_S_000017,P03,WHITE,S,image_000017.jpg,training/P03/WHITE/S/images/image_000017.jpg,9c07037ffc427752f71359f5868366d30e262f515b9fe6aac9a6cbf6759b7af8,7344,,,true
P03_WHITE_S_000018,P03,WHITE,S,image_000018.jpg,training/P03/WHITE/S/images/image_000018.jpg,b001a46beaddc5a90d621e58a3262e7d208bf1bd6e90e01dcd6628a731ba4053,7841,,,true
P03_WHITE_S_000019,P03,WHITE,S,image_000019.jpg,training/P03/WHITE/S/images/image_000019.jpg,c70a7f0aa3bf8274bc7202a36ebe338f8030e545b0c1734e7ab314530b1b41c4,7297,,,true
P03_WHITE_S_000020,P03,WHITE,S,image_000020.jpg,training/P03/WHITE/S/images/image_000020.jpg,19611ba903a6fdc045ed606d3763e2d91e3d1dfb2aa7961e6f7922f8d93ee8c4,7081,,,true
P03_WHITE_S_000021,P03,WHITE,S,image_000021.jpg,training/P03/WHITE/S/images/image_000021.jpg,096e3fd2b455df684027001cd524912e06a73fdba3daf6b21b06e3ec04452d12,6863,,,true
P03_WHITE_S_000022,P03,WHITE,S,image_000022.jpg,training/P03/WHITE/S/images/image_000022.jpg,c7435a09603576ead484b24afa882cd95ce2b75093f30dc0aa6cbbaf33d3832a,6651,,,true
P03_WHITE_S_000023,P03,WHITE,S,image_000023.jpg,training/P03/WHITE/S/images/image_000023.jpg,acf6a07ef10f70eea09b1c8635d2e784a1788cb529f756c694b2ec169e0fcb52,7174,,,true
P03_WHITE_S_000024,P03,WHITE,S,image_000024.jpg,training/P03/WHITE/S/images/image_000024.jpg,5b6e6ea79939673caa8ae0e4d32aab4c8be62d46a36edab7626527101c7749c5,6563,,,true
P03_WHITE_S_000025,P03,WHITE,S,image_000025.jpg,training/P03/WHITE/S/images/image_000025.jpg,9408e76979df6e199c51ee394b2d5924fa68874c46c8a593eaf9a49dfda2dac9,6862,,,true
P03_WHITE_T_000001,P03,WHITE,T,image_000001.jpg,training/P03/WHITE/T/images/image_000001.jpg,27a70533ced6143c0b380090fdaab01d1a6e896d9e7ed0e13faf89c0d07100d0,7296,,,true
P03_WHITE_T_000002,P03,WHITE,T,image_000002.jpg,training/P03/WHITE/T/images/image_000002.jpg,6b99da789f586da28bcfdd23717ee684aeeb008738eba94814de03976fc2e06f,7460,,,true
P03_WHITE_T_000003,P03,WHITE,T,image_000003.jpg,training/P03/WHITE/T/images/image_000003.jpg,77819cc54920c8070c1409d075c23c9a2faacb28328d0d7be07e0c9696b8c656,7177,,,true
P03_WHITE_T_000004,P03,WHITE,T,image_000004.jpg,training/P03/WHITE/T/images/image_000004.jpg,1df9ae53f7aa485422d056663b5af17fdf886fad67757798114fa00d5c56fad8,7180,,,true
P03_WHITE_T_000005,P03,WHITE,T,image_000005.jpg,training/P03/WHITE/T/images/image_000005.jpg,aebbe31a686787406b1175b9cdffddb06f4b4d3aa82d50585fa6c7a696dc7202,6998,,,true
P03_WHITE_T_000006,P03,WHITE,T,image_000006.jpg,training/P03/WHITE/T/images/image_000006.jpg,beae90cbc54971976fed66219428061c3f02bdd0726d175e5599abac6911776c,7026,,,true
P03_WHITE_T_000007,P03,WHITE,T,image_000007.jpg,training/P03/WHITE/T/images/image_000007.jpg,3e60b31af29be7aa1d94f95e1bc3f9defe97cfa3e8a0282467b85bff0c3858bc,6854,,,true
P03_WHITE_T_000008,P03,WHITE,T,image_000008.jpg,training/P03/WHITE/T/images/image_000008.jpg,818e2d1a593c17d84c0046a9257c742c4eb55a6d2816d8ecef1718a71d78bad6,7039,,,true
P03_WHITE_T_000009,P03,WHITE,T,image_000009.jpg,training/P03/WHITE/T/images/image_000009.jpg,1ba8390aff191cbcfdd1dd1e339356b2f0ef7c2fd4a7901ba286546f969606c0,7091,,,true
P03_WHITE_T_000010,P03,WHITE,T,image_000010.jpg,training/P03/WHITE/T/images/image_000010.jpg,bb32aa0f670ec41cccca828f78f9ef91dd3494a54b9e83ec9978c4d4b1810676,6947,,,true
P03_WHITE_T_000011,P03,WHITE,T,image_000011.jpg,training/P03/WHITE/T/images/image_000011.jpg,fa8002e80bfe080008f022cd2eea475db6cf3d64707b61cb512b116a36b280be,7107,,,true
P03_WHITE_T_000012,P03,WHITE,T,image_000012.jpg,training/P03/WHITE/T/images/image_000012.jpg,ff078fa15d2274e9fc4224e171d5c2716fae7ca3c19edf31faaf6b1b5f2e5747,7113,,,true
P03_WHITE_T_000013,P03,WHITE,T,image_000013.jpg,training/P03/WHITE/T/images/image_000013.jpg,d30a4badba415e30b337108562ece58edc4d4b7fe23639886b6ca26b64c7e11b,6679,,,true
P03_WHITE_T_000014,P03,WHITE,T,image_000014.jpg,training/P03/WHITE/T/images/image_000014.jpg,a34ebcd10441b4fe43e24e5bb595e85be71d9a1cc5789f8e8f895748c0712c1e,7011,,,true
P03_WHITE_T_000015,P03,WHITE,T,image_000015.jpg,training/P03/WHITE/T/images/image_000015.jpg,ca5d82f2eab7c1af1e8b200c8cc755185d44de4865f981359f86b208a9ee36fa,6822,,,true
P03_WHITE_T_000016,P03,WHITE,T,image_000016.jpg,training/P03/WHITE/T/images/image_000016.jpg,dccc94806e938cea4c1ca25f17b07ed9107cb27d532cde4d043150e09e07a4a0,6909,,,true
P03_WHITE_T_000017,P03,WHITE,T,image_000017.jpg,training/P03/WHITE/T/images/image_000017.jpg,c3d3812c72beaf332e1b94cc0c90c31ed048b40b7119d716737fd90dc3ed49c1,6949,,,true
P03_WHITE_T_000018,P03,WHITE,T,image_000018.jpg,training/P03/WHITE/T/images/image_000018.jpg,bb2fe1633c1f97b43a59280ecc04d33c72b8f14c8df2c51613a6933e0c82fbc3,6817,,,true
P03_WHITE_T_000019,P03,WHITE,T,image_000019.jpg,training/P03/WHITE/T/images/image_000019.jpg,222ae1d9f0aa0ab6efcb17c773f49ada59358282c1ee4b5f2c71b0d47d41d397,6692,,,true
P03_WHITE_T_000020,P03,WHITE,T,image_000020.jpg,training/P03/WHITE/T/images/image_000020.jpg,5ab687fdac4d3158a547dd69693ac9987bad64edb3d20f1b7e79e4da47ced84f,6914,,,true
P03_WHITE_T_000021,P03,WHITE,T,image_000021.jpg,training/P03/WHITE/T/images/image_000021.jpg,2e21d2c4879089656ad35c48ab362b0abb6c7bf55d03cf69efce2213afc28685,6977,,,true
P03_WHITE_T_000022,P03,WHITE,T,image_000022.jpg,training/P03/WHITE/T/images/image_000022.jpg,406b73a5239bd093fdc543b52fd9a04ce1e645f461b2449d8c78c31de9d120f5,6963,,,true
P03_WHITE_T_000023,P03,WHITE,T,image_000023.jpg,training/P03/WHITE/T/images/image_000023.jpg,32721dde5e433a3697ba4ed181fc199aca273b2652e4bda76f84c923460c8742,7080,,,true
P03_WHITE_T_000024,P03,WHITE,T,image_000024.jpg,training/P03/WHITE/T/images/image_000024.jpg,d11fe1a37eda6d8fc5f479ecc78a031fc9cabab52121b27a27820c0284a02596,7009,,,true
P03_WHITE_T_000025,P03,WHITE,T,image_000025.jpg,training/P03/WHITE/T/images/image_000025.jpg,3762fb48645de15e16171493ac58e9216a34940aa02e7c83f6d95225fa0bf4d7,7272,,,true
P03_WHITE_U_000001,P03,WHITE,U,image_000001.jpg,training/P03/WHITE/U/images/image_000001.jpg,a8677285e091c843d4adcdfeaa175f0aeaaf51bb78ffcba10dcb041d73662776,5889,,,true
P03_WHITE_U_000002,P03,WHITE,U,image_000002.jpg,training/P03/WHITE/U/images/image_000002.jpg,bd98f1416f0b56028956449130d7fd4a8980064d4dfdb5931eac6e1dec129726,5875,,,true
P03_WHITE_U_000003,P03,WHITE,U,image_000003.jpg,training/P03/WHITE/U/images/image_000003.jpg,2e1ac8ab2e6afde18ea2799b958ebdf44d7d11062402d02d853298dca8b0d2e7,6048,,,true
P03_WHITE_U_000004,P03,WHITE,U,image_000004.jpg,training/P03/WHITE/U/images/image_000004.jpg,2ed8b97e4efd52c0f3dbfcb7ed576393d860111eecbe0da8060d4485a4101ef0,5836,,,true
P03_WHITE_U_000005,P03,WHITE,U,image_000005.jpg,training/P03/WHITE/U/images/image_000005.jpg,7aa3ba94068ad429ca16f5bfab817e0b540515f5c89fa30cf2fcbbb80b34f6d2,5778,,,true
P03_WHITE_U_000006,P03,WHITE,U,image_000006.jpg,training/P03/WHITE/U/images/image_000006.jpg,050fbe96db86c54548e8d6796ffdda0d4606784367342863de9e86b21aabde9f,5517,,,true
P03_WHITE_U_000007,P03,WHITE,U,image_000007.jpg,training/P03/WHITE/U/images/image_000007.jpg,7fa143b394566a040483b81a3f386a72912a8150854c420bd92274fa171f7ca6,5961,,,true
P03_WHITE_U_000008,P03,WHITE,U,image_000008.jpg,training/P03/WHITE/U/images/image_000008.jpg,05b554cbe8e83067a99bf377bd4cff580363c4d5e04103577d03bdbfe55f4ac2,5895,,,true
P03_WHITE_U_000009,P03,WHITE,U,image_000009.jpg,training/P03/WHITE/U/images/image_000009.jpg,5672d7b424661918123aba3421552831cf5b4f3952472cd3cefea2ba8c1cba01,5918,,,true
P03_WHITE_U_000010,P03,WHITE,U,image_000010.jpg,training/P03/WHITE/U/images/image_000010.jpg,d023c0ae4065f913df94f8563e0c38a2ee844f9e7ae824a98cc38f552a08b181,5882,,,true
P03_WHITE_U_000011,P03,WHITE,U,image_000011.jpg,training/P03/WHITE/U/images/image_000011.jpg,d05270bf4a5235dbc2d2b39a85a8424509669dd8854caf04091a251aad3980f2,5752,,,true
P03_WHITE_U_000012,P03,WHITE,U,image_000012.jpg,training/P03/WHITE/U/images/image_000012.jpg,7b5b0ec9eca64c779f96ee230999b17067b89f760fc4e772d01ff27846bd5d76,5664,,,true
P03_WHITE_U_000013,P03,WHITE,U,image_000013.jpg,training/P03/WHITE/U/images/image_000013.jpg,56fd2090ff0d8dd7e4c771d144e07e6d904fbfe7ad2c310b6d2d887444a60007,5734,,,true
P03_WHITE_U_000014,P03,WHITE,U,image_000014.jpg,training/P03/WHITE/U/images/image_000014.jpg,623caed3726091a41565b14b36d8665e8b29b6dd997a78e5abd07bf8edbab480,5746,,,true
P03_WHITE_U_000015,P03,WHITE,U,image_000015.jpg,training/P03/WHITE/U/images/image_000015.jpg,ec7318d95c6de8df3a1e63cdb70f66915de932e49dbe60dd34aaf37731435d12,5955,,,true
P03_WHITE_U_000016,P03,WHITE,U,image_000016.jpg,training/P03/WHITE/U/images/image_000016.jpg,667357bf7d9695e3c67a75c23e4e46bade04f774bd975a28d8beb8036b861c8d,5666,,,true
P03_WHITE_U_000017,P03,WHITE,U,image_000017.jpg,training/P03/WHITE/U/images/image_000017.jpg,3544958b8af10d8eb636d3ce8056fb0a487d0fbf304a39c8e3c3d66a814bf903,5752,,,true
P03_WHITE_U_000018,P03,WHITE,U,image_000018.jpg,training/P03/WHITE/U/images/image_000018.jpg,4351555a826a88e80b0ac301ed8e432700eef8ab85c17c9fca5dc7b28a5feed3,5683,,,true
P03_WHITE_U_000019,P03,WHITE,U,image_000019.jpg,training/P03/WHITE/U/images/image_000019.jpg,7c6d735b672ca5536cbcf73177d10323f47e0dd3d9fe8128c15b760459c380f5,6038,,,true
P03_WHITE_U_000020,P03,WHITE,U,image_000020.jpg,training/P03/WHITE/U/images/image_000020.jpg,32c976373729e0fc8fe25405fda8a002e436ca393820073b9d7cf6d5fc5359a5,6086,,,true
P03_WHITE_U_000021,P03,WHITE,U,image_000021.jpg,training/P03/WHITE/U/images/image_000021.jpg,3cbb0249dacb1d10090e9bae516cb7a237fbde16f6770133c6827b1319e7ce7e,6353,,,true
P03_WHITE_U_000022,P03,WHITE,U,image_000022.jpg,training/P03/WHITE/U/images/image_000022.jpg,84e656146a6ea13cd18a705eb27ee77622550a16aec8d382af1872055a180bcc,6076,,,true
P03_WHITE_U_000023,P03,WHITE,U,image_000023.jpg,training/P03/WHITE/U/images/image_000023.jpg,c8a690978c512dbc1793d3a54c5c98db0cc8e75ea37c65bf9effa9ac7eacc239,6071,,,true
P03_WHITE_U_000024,P03,WHITE,U,image_000024.jpg,training/P03/WHITE/U/images/image_000024.jpg,5e7b9dc1673f58271625044bfa2607d7c0851acc3444b366b06a779985bbe605,6002,,,true
P03_WHITE_U_000025,P03,WHITE,U,image_000025.jpg,training/P03/WHITE/U/images/image_000025.jpg,7527e49cabbd62d965b44eb1ac95125a6baf4c76aad496c4e7fe1d7e46d4934b,6518,,,true
P03_WHITE_V_000001,P03,WHITE,V,image_000001.jpg,training/P03/WHITE/V/images/image_000001.jpg,0986c2255ed1e3d46e2184df52e4998ea45ceba20438cf2ce7477448f4b68a38,8047,,,true
P03_WHITE_V_000002,P03,WHITE,V,image_000002.jpg,training/P03/WHITE/V/images/image_000002.jpg,71361ea57c6b9c406d789a24464856e7338e9d5cfaa7ce2eee30955a93f0a785,7311,,,true
P03_WHITE_V_000003,P03,WHITE,V,image_000003.jpg,training/P03/WHITE/V/images/image_000003.jpg,c6de97ad7ec0636146966f0fb6f955bcf3368c99aaa7355a9b31e21287e48098,7450,,,true
P03_WHITE_V_000004,P03,WHITE,V,image_000004.jpg,training/P03/WHITE/V/images/image_000004.jpg,722e75647f632dd0dad3c53dab550f89bf2e76cee9da2fc375c22385a775e6aa,7431,,,true
P03_WHITE_V_000005,P03,WHITE,V,image_000005.jpg,training/P03/WHITE/V/images/image_000005.jpg,d490f0c1ed4715cc7254e84a4ce9348bd4240d293e39a75a728e4112949b72dd,7632,,,true
P03_WHITE_V_000006,P03,WHITE,V,image_000006.jpg,training/P03/WHITE/V/images/image_000006.jpg,7c41a0f8153bbd0cfafad62a2e245c1b7e62380f28ae019f9f46ec6393bd6fcb,7217,,,true
P03_WHITE_V_000007,P03,WHITE,V,image_000007.jpg,training/P03/WHITE/V/images/image_000007.jpg,cc90403ea89ab0072e269d4eaa47924fa792d6d3fe6f4f16e1a955abc59a6f5f,7423,,,true
P03_WHITE_V_000008,P03,WHITE,V,image_000008.jpg,training/P03/WHITE/V/images/image_000008.jpg,ec893bdd588b82e674ea66faf9988a4577cf3c7fa0ba414e3055c821055abd51,7093,,,true
P03_WHITE_V_000009,P03,WHITE,V,image_000009.jpg,training/P03/WHITE/V/images/image_000009.jpg,38d10e6a2f80a9ad0e8f0a29cd35db48680729f9f80451058eb79098130c70a4,7248,,,true
P03_WHITE_V_000010,P03,WHITE,V,image_000010.jpg,training/P03/WHITE/V/images/image_000010.jpg,a95c1c727a64d9be5e6e3584578e987de0ca8a355576d5fb9b0a7705d769ecd6,7148,,,true
P03_WHITE_V_000011,P03,WHITE,V,image_000011.jpg,training/P03/WHITE/V/images/image_000011.jpg,5200ee4f17ed2d6b6cdaa6ec123b28387f744f8b763cc9dea00095465b93e209,7466,,,true
P03_WHITE_V_000012,P03,WHITE,V,image_000012.jpg,training/P03/WHITE/V/images/image_000012.jpg,8a2d3e0eaf44ed1bc639708f049c1c18cbe41cb57d365ba47b05d67f0032c584,7559,,,true
P03_WHITE_V_000013,P03,WHITE,V,image_000013.jpg,training/P03/WHITE/V/images/image_000013.jpg,38538fe4dc80a05a438496b52ded5ee534faf4fee6edcfeedcd7fe101177534e,7190,,,true
P03_WHITE_V_000014,P03,WHITE,V,image_000014.jpg,training/P03/WHITE/V/images/image_000014.jpg,be807eb4ab3872a6fabb3710c506d9d01fc1df4c431af1fa381d5f855ea0e737,6054,,,true
P03_WHITE_V_000015,P03,WHITE,V,image_000015.jpg,training/P03/WHITE/V/images/image_000015.jpg,02801325fab659129d87e5678da4de0488e747caa396cc8fe6c6d6715b6f5f1e,6602,,,true
P03_WHITE_V_000016,P03,WHITE,V,image_000016.jpg,training/P03/WHITE/V/images/image_000016.jpg,b7d7e4ed9d946a4edf5106c11befd31681524bdbd305496a99db84dbda0e36f5,6443,,,true
P03_WHITE_V_000017,P03,WHITE,V,image_000017.jpg,training/P03/WHITE/V/images/image_000017.jpg,d8a7471c635b76c7a3c8da069fdbfd20040912fd60093f63e0a63e5a77fb078f,6253,,,true
P03_WHITE_V_000018,P03,WHITE,V,image_000018.jpg,training/P03/WHITE/V/images/image_000018.jpg,a5812e29bb172121f1776dcd8cd895152f328a0ec054cd04fefa82f9965085c1,6596,,,true
P03_WHITE_V_000019,P03,WHITE,V,image_000019.jpg,training/P03/WHITE/V/images/image_000019.jpg,3f2966a48cbc4b9ef4a8a860405d013916d583892a5069ed3b83f2cf3b103e22,6207,,,true
P03_WHITE_V_000020,P03,WHITE,V,image_000020.jpg,training/P03/WHITE/V/images/image_000020.jpg,ccb678fa0970918febc0e59d9e1d21473978c854562f2c1d6f275e7e44990dc3,6180,,,true
P03_WHITE_V_000021,P03,WHITE,V,image_000021.jpg,training/P03/WHITE/V/images/image_000021.jpg,519389f20e7d09a3f6b01e65aa2f42435031a7438ce6f5b7d82bf6896fc00122,6146,,,true
P03_WHITE_V_000022,P03,WHITE,V,image_000022.jpg,training/P03/WHITE/V/images/image_000022.jpg,18775fe3ec43577028bccb0fe9d2987cc4445c5c7ba0593b5bd55042249dcabb,6161,,,true
P03_WHITE_V_000023,P03,WHITE,V,image_000023.jpg,training/P03/WHITE/V/images/image_000023.jpg,624c94df8ce250f91b70f77279acec4e5d780ab23ba982d1bdc4fc56503ef5cf,6177,,,true
P03_WHITE_V_000024,P03,WHITE,V,image_000024.jpg,training/P03/WHITE/V/images/image_000024.jpg,ea6dfdd58e53633b3ee06ac9ff875aad1b92260022ade019f5d8e8ee531b488b,6554,,,true
P03_WHITE_V_000025,P03,WHITE,V,image_000025.jpg,training/P03/WHITE/V/images/image_000025.jpg,5496b2b4bcfdcc07489f82b6cb50ccf7b123e59cffac127132c1773480d0e001,6332,,,true
P03_WHITE_W_000001,P03,WHITE,W,image_000001.jpg,training/P03/WHITE/W/images/image_000001.jpg,407c9bd7334efafbd5157abd7b922aee73a32f7e21faf637ac39909a9ba41a66,7517,,,true
P03_WHITE_W_000002,P03,WHITE,W,image_000002.jpg,training/P03/WHITE/W/images/image_000002.jpg,38a07a1df50c341ca4c750a14f4c79e1125eb58821dc999d68902e6a90fc537a,8183,,,true
P03_WHITE_W_000003,P03,WHITE,W,image_000003.jpg,training/P03/WHITE/W/images/image_000003.jpg,047282c1d708fc3f605f7689a5458b3585f0860a14ab15b79e2fa65e46b30533,8349,,,true
P03_WHITE_W_000004,P03,WHITE,W,image_000004.jpg,training/P03/WHITE/W/images/image_000004.jpg,a0edb036edc77420c04a7cf3aebe43d26e0acf167b2a19b2ab13ce112361f0e0,8228,,,true
P03_WHITE_W_000005,P03,WHITE,W,image_000005.jpg,training/P03/WHITE/W/images/image_000005.jpg,6547e6afadcdcff1f529d52e07af36349a8307a4c526dcc95fee5206c2e62048,8052,,,true
P03_WHITE_W_000006,P03,WHITE,W,image_000006.jpg,training/P03/WHITE/W/images/image_000006.jpg,28ba6866b9449a5d2c00e5255196390eac420e6d9a33d637f858101ad13557d2,8371,,,true
P03_WHITE_W_000007,P03,WHITE,W,image_000007.jpg,training/P03/WHITE/W/images/image_000007.jpg,c6f10c3c83bdd39342992a53115f4f6aeb670d901c0e10028b4579c21d364afc,8043,,,true
P03_WHITE_W_000008,P03,WHITE,W,image_000008.jpg,training/P03/WHITE/W/images/image_000008.jpg,2b83193014a54c3bb65073ada405e471de5da9ccccd6a003310de0f92047b92e,8243,,,true
P03_WHITE_W_000009,P03,WHITE,W,image_000009.jpg,training/P03/WHITE/W/images/image_000009.jpg,d7833370058f452edc45a7ee71eeb750ac5293fca35be90c2a2920fc3c05abc3,7767,,,true
P03_WHITE_W_000010,P03,WHITE,W,image_000010.jpg,training/P03/WHITE/W/images/image_000010.jpg,d2df0b665436a1c7c65aa292077db6c8069a14a097af06885ddb54e9e284cefa,7301,,,true
P03_WHITE_W_000011,P03,WHITE,W,image_000011.jpg,training/P03/WHITE/W/images/image_000011.jpg,32031c624f51a3396b47c5817c3fd54df7cc993b49a6cfee8b07adfbd26e31fb,7298,,,true
P03_WHITE_W_000012,P03,WHITE,W,image_000012.jpg,training/P03/WHITE/W/images/image_000012.jpg,2966f7167296e378947683966140c61f152f49c8fb60ca0053942461ea46f839,7414,,,true
P03_WHITE_W_000013,P03,WHITE,W,image_000013.jpg,training/P03/WHITE/W/images/image_000013.jpg,57ad100847e4260d43dd9f2e8e9f029909d3b601f5d96a5df6cd0798865d564f,7625,,,true
P03_WHITE_W_000014,P03,WHITE,W,image_000014.jpg,training/P03/WHITE/W/images/image_000014.jpg,16a879931e46b1a4b2103c6414359da329cbaad8ffb4421c650532c7df229343,7717,,,true
P03_WHITE_W_000015,P03,WHITE,W,image_000015.jpg,training/P03/WHITE/W/images/image_000015.jpg,ceb9ca634bd7627d09020690410edcb33b70627ed6cb710c220bca7b4abc344b,7631,,,true
P03_WHITE_W_000016,P03,WHITE,W,image_000016.jpg,training/P03/WHITE/W/images/image_000016.jpg,cc8a70fff45ceff90ebf19ae7dfe63aeed9fffa07fbd7c74ee3259d0e46b29c6,8135,,,true
P03_WHITE_W_000017,P03,WHITE,W,image_000017.jpg,training/P03/WHITE/W/images/image_000017.jpg,a9f428fc37aee7a80d4f2eb8f77ea07ddb83c566d13d313919c6dfe0e6f1a1d3,7739,,,true
P03_WHITE_W_000018,P03,WHITE,W,image_000018.jpg,training/P03/WHITE/W/images/image_000018.jpg,ce913c6a866df886de75c089a02be5668c3fb30d827652316d951b652c1a36d4,7827,,,true
P03_WHITE_W_000019,P03,WHITE,W,image_000019.jpg,training/P03/WHITE/W/images/image_000019.jpg,edf12accf3d1433c66d4b545dac13be9591100997ccb732ceabcdc0608cf5a80,7432,,,true
P03_WHITE_W_000020,P03,WHITE,W,image_000020.jpg,training/P03/WHITE/W/images/image_000020.jpg,76792a34ffa59e1413747ddc0ad24c76be524b0c3053e157375d818568b3800d,7522,,,true
P03_WHITE_W_000021,P03,WHITE,W,image_000021.jpg,training/P03/WHITE/W/images/image_000021.jpg,b5ada6bca4f3107090d40d1692e7b0d93bf8ca3066adda62c03cd31db373649a,7509,,,true
P03_WHITE_W_000022,P03,WHITE,W,image_000022.jpg,training/P03/WHITE/W/images/image_000022.jpg,362e8cca4b205f5e82940099b9591e85de9e8e1ebcfc10f879b41b25c657a686,7521,,,true
P03_WHITE_W_000023,P03,WHITE,W,image_000023.jpg,training/P03/WHITE/W/images/image_000023.jpg,ff6fac44a80e14aabc5f488ea108f27fa88015721d11f52923d4589238f4a554,7223,,,true
P03_WHITE_W_000024,P03,WHITE,W,image_000024.jpg,training/P03/WHITE/W/images/image_000024.jpg,917ce8a577a07b23def8178f962105df67f2bc9772f843df833eb435eb388edf,7540,,,true
P03_WHITE_W_000025,P03,WHITE,W,image_000025.jpg,training/P03/WHITE/W/images/image_000025.jpg,b71571833e087b23f27a0ff8d6dadf8df76ed6ba35bb549885958f0b2b4d6efc,7229,,,true
P03_WHITE_Y_000001,P03,WHITE,Y,image_000001.jpg,training/P03/WHITE/Y/images/image_000001.jpg,868513858e17e242fc0fa9c5ad5dd71d94197e8332409c60ff5fc15564ac216c,7017,,,true
P03_WHITE_Y_000002,P03,WHITE,Y,image_000002.jpg,training/P03/WHITE/Y/images/image_000002.jpg,23f8be28e4c93abe3b5650a92fe952f6022b5e7764fce0801446d9bff1d0fe7e,6450,,,true
P03_WHITE_Y_000003,P03,WHITE,Y,image_000003.jpg,training/P03/WHITE/Y/images/image_000003.jpg,8f00d17ad6e775f1f1a2074c68fe2afe329dfda1cc95490dd9703c59bbb789e3,6445,,,true
P03_WHITE_Y_000004,P03,WHITE,Y,image_000004.jpg,training/P03/WHITE/Y/images/image_000004.jpg,01d40b784cdbfeb3466a1429e72f9c536ec81289f52822d778919dd7c0eb2e38,6459,,,true
P03_WHITE_Y_000005,P03,WHITE,Y,image_000005.jpg,training/P03/WHITE/Y/images/image_000005.jpg,3d2d765977fc20a719a0f265ef78efac2cee79790b24bb8051c14b9092c043a8,6497,,,true
P03_WHITE_Y_000006,P03,WHITE,Y,image_000006.jpg,training/P03/WHITE/Y/images/image_000006.jpg,db691199e72c5f0d153400c60a96e84c5879cfaf7064631ee2e2c099cf316149,6476,,,true
P03_WHITE_Y_000007,P03,WHITE,Y,image_000007.jpg,training/P03/WHITE/Y/images/image_000007.jpg,66646c7279bac20e37bb0c4594bda0261bca40766de12e531e66c24c25e8b5d7,6411,,,true
P03_WHITE_Y_000008,P03,WHITE,Y,image_000008.jpg,training/P03/WHITE/Y/images/image_000008.jpg,7cb60b13794637115d3b48d9c4fd3c9f15c1fac6080b3d9b274772582ae41c1a,6431,,,true
P03_WHITE_Y_000009,P03,WHITE,Y,image_000009.jpg,training/P03/WHITE/Y/images/image_000009.jpg,7715ea0c8119b60cce320bf0cb5a5c53d2c354f0cedb2c768de8366407a7a090,6422,,,true
P03_WHITE_Y_000010,P03,WHITE,Y,image_000010.jpg,training/P03/WHITE/Y/images/image_000010.jpg,effffdee9090350d5a05d0805f598db84893fc5058544d30e1f7d6474cfa3cba,6440,,,true
P03_WHITE_Y_000011,P03,WHITE,Y,image_000011.jpg,training/P03/WHITE/Y/images/image_000011.jpg,1630049e2dd8b63002f6d4f424d06985a1bb43d68d24f87ae460ac62dc54459d,6410,,,true
P03_WHITE_Y_000012,P03,WHITE,Y,image_000012.jpg,training/P03/WHITE/Y/images/image_000012.jpg,65f221bf852199d308df14bfafe758598d1d615447f1c5e23e044db0e26dc5a2,6283,,,true
P03_WHITE_Y_000013,P03,WHITE,Y,image_000013.jpg,training/P03/WHITE/Y/images/image_000013.jpg,20b6ce975ee00ab578f75b69138f8808dd74e5f541fd497c341659be2e70120d,6319,,,true
P03_WHITE_Y_000014,P03,WHITE,Y,image_000014.jpg,training/P03/WHITE/Y/images/image_000014.jpg,7054049af9fbea1d302dd7069989d490f7c556f5d60a288fd85ffe56a0ffa00c,6206,,,true
P03_WHITE_Y_000015,P03,WHITE,Y,image_000015.jpg,training/P03/WHITE/Y/images/image_000015.jpg,4d5538bebc9a2b35ace5459b378d33b791c3db750f55ec0ae9515b3d968adf79,6164,,,true
P03_WHITE_Y_000016,P03,WHITE,Y,image_000016.jpg,training/P03/WHITE/Y/images/image_000016.jpg,67e29ff212bfa412e0e5c89ed76c26578946cbc28acf01ae5e9c2ad2133ef4f5,6255,,,true
P03_WHITE_Y_000017,P03,WHITE,Y,image_000017.jpg,training/P03/WHITE/Y/images/image_000017.jpg,2e967686beccd6f67437cb4c5f8cde39b4478a2a655f982aaa213794712364bd,6143,,,true
P03_WHITE_Y_000018,P03,WHITE,Y,image_000018.jpg,training/P03/WHITE/Y/images/image_000018.jpg,e40b44dfb0425dd50ec6dd8b347cd03c9f451e543f91dffa13cfb729144f654a,5956,,,true
P03_WHITE_Y_000019,P03,WHITE,Y,image_000019.jpg,training/P03/WHITE/Y/images/image_000019.jpg,26958c06ed3c7a7a49c0527ed91baf75a90a7252b98c1240522e3670cde75bc2,6124,,,true
P03_WHITE_Y_000020,P03,WHITE,Y,image_000020.jpg,training/P03/WHITE/Y/images/image_000020.jpg,1e136bef88162a6a65c99691fbb02eeac3768bf8280d343dc132872033aa65df,6122,,,true
P03_WHITE_Y_000021,P03,WHITE,Y,image_000021.jpg,training/P03/WHITE/Y/images/image_000021.jpg,ed4bb9125f50b2039a75889dc36bc23a414ffc6019b19e849a915a9c58aff89b,6092,,,true
P03_WHITE_Y_000022,P03,WHITE,Y,image_000022.jpg,training/P03/WHITE/Y/images/image_000022.jpg,b70cd7316ec70aa7abc101688d04e011cf9f0340cd0f21b987446d06b6bc3f30,6133,,,true
P03_WHITE_Y_000023,P03,WHITE,Y,image_000023.jpg,training/P03/WHITE/Y/images/image_000023.jpg,3531e257ee46a347f3acf9801307cbd21e009c69f5f6ee4ae791b897d8b8f1a2,6165,,,true
P03_WHITE_Y_000024,P03,WHITE,Y,image_000024.jpg,training/P03/WHITE/Y/images/image_000024.jpg,3a4996a65f14ae277170d4b18d105434e9988e186da0a42638f715028f1856c8,6877,,,true
P03_WHITE_Y_000025,P03,WHITE,Y,image_000025.jpg,training/P03/WHITE/Y/images/image_000025.jpg,1a8c14079345bf1a6ef37db2e6b803f099eda2aaca2c4a67cdbadfb919f82bbb,6519,,,true
P05_BLACK_A_000001,P05,BLACK,A,image_000001.jpg,training/P05/BLACK/A/images/image_000001.jpg,5832beb25d5814acee04bb835d2112d2855ebf991276df697979d31fd83b57ba,8719,,,true
P05_BLACK_A_000002,P05,BLACK,A,image_000002.jpg,training/P05/BLACK/A/images/image_000002.jpg,c790950d4ef187dbabeba2d227e2286bb89823b81561d25b84e1d6d96dc2eb1a,8854,,,true
P05_BLACK_A_000003,P05,BLACK,A,image_000003.jpg,training/P05/BLACK/A/images/image_000003.jpg,cf69e30e6da9c1ba4a6cc1b5ac0eb1a52d50910d115cc0821f07703ed8a242fe,8592,,,true
P05_BLACK_A_000004,P05,BLACK,A,image_000004.jpg,training/P05/BLACK/A/images/image_000004.jpg,57bc6777742646f1a7e5c8876f5747f764d733473c85c8e8258c49908246e137,9197,,,true
P05_BLACK_A_000005,P05,BLACK,A,image_000005.jpg,training/P05/BLACK/A/images/image_000005.jpg,db098406624fe0f4b9300280fc8dc7ec05d2b9ac0a143ec624d26ac93d5659c7,8183,,,true
P05_BLACK_A_000006,P05,BLACK,A,image_000006.jpg,training/P05/BLACK/A/images/image_000006.jpg,9d49c67a7815de46347f078c45683a98d305727493941f2c68d1d4a1f28d48f8,8947,,,true
P05_BLACK_A_000007,P05,BLACK,A,image_000007.jpg,training/P05/BLACK/A/images/image_000007.jpg,90c58c6c6e1b276cf71dd9df91d254aa95661e693a1d55532acd6e2d18aa0316,9485,,,true
P05_BLACK_A_000008,P05,BLACK,A,image_000008.jpg,training/P05/BLACK/A/images/image_000008.jpg,f836f128394b190ce6693995bcf72651695ec977e8bca3d5b4502e302f0323cb,8662,,,true
P05_BLACK_A_000009,P05,BLACK,A,image_000009.jpg,training/P05/BLACK/A/images/image_000009.jpg,9b2ef8ca84192217886851fba8bbc135f5d2353d5e7a035b3bb7c0562b6f53ae,9281,,,true
P05_BLACK_A_000010,P05,BLACK,A,image_000010.jpg,training/P05/BLACK/A/images/image_000010.jpg,6c675b791badc467b2e64b860dd634beff3f0f40ea9637703602def980ab5b1a,9589,,,true
P05_BLACK_A_000011,P05,BLACK,A,image_000011.jpg,training/P05/BLACK/A/images/image_000011.jpg,601ac9cda037dbc238c54669caa4968c7f880339df06ccb1bce6c12dc5274543,8142,,,true
P05_BLACK_A_000012,P05,BLACK,A,image_000012.jpg,training/P05/BLACK/A/images/image_000012.jpg,38f2c92e43593e9d5679a977ca410983f240987bbfd7093f40eae208888c8ab4,8082,,,true
P05_BLACK_A_000013,P05,BLACK,A,image_000013.jpg,training/P05/BLACK/A/images/image_000013.jpg,8ab1e52ef457cf8e820ac93bb7b26b37efd34632a93ce8536487d099bc81739d,7814,,,true
P05_BLACK_A_000014,P05,BLACK,A,image_000014.jpg,training/P05/BLACK/A/images/image_000014.jpg,537359230e27c2d4cd98516deaa8c90b89925dd22eb50ac828e54272b687b655,7695,,,true
P05_BLACK_A_000015,P05,BLACK,A,image_000015.jpg,training/P05/BLACK/A/images/image_000015.jpg,550fceebdc7ea1eca862b21660d817103776d0d872403a721a7e81b39b7d1904,8134,,,true
P05_BLACK_A_000016,P05,BLACK,A,image_000016.jpg,training/P05/BLACK/A/images/image_000016.jpg,4c1a3be5578f54e4002f6771b6ce82abf68461a544f6ccbd87ab830d613c0e1f,8093,,,true
P05_BLACK_A_000017,P05,BLACK,A,image_000017.jpg,training/P05/BLACK/A/images/image_000017.jpg,550bf175fb68cb8db8f15b4a3ef23255059a39e9a09c413713d00e54e83e7765,8432,,,true
P05_BLACK_A_000018,P05,BLACK,A,image_000018.jpg,training/P05/BLACK/A/images/image_000018.jpg,9dbe954bf0bc512f8e148f45b45a739a7475068ba37f71a9a1e4725f45fde62c,8091,,,true
P05_BLACK_A_000019,P05,BLACK,A,image_000019.jpg,training/P05/BLACK/A/images/image_000019.jpg,70a2b4f1c0d139ad9897a13c7ec4bc49ec85ed6e788d33fdfd5be9eba669db22,8226,,,true
P05_BLACK_A_000020,P05,BLACK,A,image_000020.jpg,training/P05/BLACK/A/images/image_000020.jpg,d92f9505d5069d2da252c143e894127427b7cd94b1a5afc325b987d465bc4922,8609,,,true
P05_BLACK_A_000021,P05,BLACK,A,image_000021.jpg,training/P05/BLACK/A/images/image_000021.jpg,b631ac2e5a88f1aa37555fbcdebd18cda6225b4e6209f0232381d594b3f7681d,8303,,,true
P05_BLACK_A_000022,P05,BLACK,A,image_000022.jpg,training/P05/BLACK/A/images/image_000022.jpg,844a21c5ebbfcface98abf56dc3f100ea9b7b6ed2e46813654c0cfdd0b1d2c1a,9284,,,true
P05_BLACK_A_000023,P05,BLACK,A,image_000023.jpg,training/P05/BLACK/A/images/image_000023.jpg,807e89b30922d879d160901a2d6de070566da3f988b5e140af08186d273dac0a,8075,,,true
P05_BLACK_A_000024,P05,BLACK,A,image_000024.jpg,training/P05/BLACK/A/images/image_000024.jpg,843b611a99046feddcb13d2d0e73e3af9fca58e1e69a66950a128eb9ee7ea459,8256,,,true
P05_BLACK_A_000025,P05,BLACK,A,image_000025.jpg,training/P05/BLACK/A/images/image_000025.jpg,bbd6a7e729e84b04a1ca154b677cdc605c3a057a27509ad2e644196d93db2603,8000,,,true
P05_BLACK_B_000001,P05,BLACK,B,image_000001.jpg,training/P05/BLACK/B/images/image_000001.jpg,05570be52209abd5d16da7c228d481e8fbf8534ed052fdfc92f046a912537fb8,7902,,,true
P05_BLACK_B_000002,P05,BLACK,B,image_000002.jpg,training/P05/BLACK/B/images/image_000002.jpg,45d804720fce17a210ce86280319352c2f6fa4d31198fad71f68a6a152a0640d,8412,,,true
P05_BLACK_B_000003,P05,BLACK,B,image_000003.jpg,training/P05/BLACK/B/images/image_000003.jpg,9a045f1c758d59b9ada8594980e817d1d8a9bac4f0e93c7b2733dc095d0efc7c,8656,,,true
P05_BLACK_B_000004,P05,BLACK,B,image_000004.jpg,training/P05/BLACK/B/images/image_000004.jpg,438b7cde6b45aa23ffd9a1dfa24187b75bc5dd5baa041fb72887a7f84e77e054,8294,,,true
P05_BLACK_B_000005,P05,BLACK,B,image_000005.jpg,training/P05/BLACK/B/images/image_000005.jpg,fdcd09b8b2af9e36aeab8b2a94c88e6e0bf9abc4f0cfa806a5c000901446580b,7873,,,true
P05_BLACK_B_000006,P05,BLACK,B,image_000006.jpg,training/P05/BLACK/B/images/image_000006.jpg,fadf411c96cb903555012a4e3b46a1d8ae356ada042a91c0c32d2c3c674eeb9c,9014,,,true
P05_BLACK_B_000007,P05,BLACK,B,image_000007.jpg,training/P05/BLACK/B/images/image_000007.jpg,a74dcbc1246af0049742e77aa2c76f51a69c09e4bbec140acc5653c3cf4b1d49,9230,,,true
P05_BLACK_B_000008,P05,BLACK,B,image_000008.jpg,training/P05/BLACK/B/images/image_000008.jpg,00edb868220186d51a5f79c753e1239ec5454fa32a75cd3ec46a9a141fbc780e,8000,,,true
P05_BLACK_B_000009,P05,BLACK,B,image_000009.jpg,training/P05/BLACK/B/images/image_000009.jpg,3141f046c15f906b25e480258e3a037ca8be3b25c19a04951b1ee2192778b028,8456,,,true
P05_BLACK_B_000010,P05,BLACK,B,image_000010.jpg,training/P05/BLACK/B/images/image_000010.jpg,f4773b60b1757ee2c57e63d987ddee1f5b9627fa3831a39c1acb5fafb2c73f75,8510,,,true
P05_BLACK_B_000011,P05,BLACK,B,image_000011.jpg,training/P05/BLACK/B/images/image_000011.jpg,ce942701521e0838fe2d8119d8cfbcb6f7ba55a74172af2d5d13e3ca3627eefd,8605,,,true
P05_BLACK_B_000012,P05,BLACK,B,image_000012.jpg,training/P05/BLACK/B/images/image_000012.jpg,0a6509ca8c8b0be493dd14040110108c1e2c28e8589ff63d654d1a2fc579cdd2,8445,,,true
P05_BLACK_B_000013,P05,BLACK,B,image_000013.jpg,training/P05/BLACK/B/images/image_000013.jpg,489f1bcf719a5a950060aac669f79b7795a5113a1e30e8faaa348c0eaab45f3f,8533,,,true
P05_BLACK_B_000014,P05,BLACK,B,image_000014.jpg,training/P05/BLACK/B/images/image_000014.jpg,81f34c6b8549ac5dac8a563da172ed14a656d428e3f5136ae45b5cc513f4f890,8414,,,true
P05_BLACK_B_000015,P05,BLACK,B,image_000015.jpg,training/P05/BLACK/B/images/image_000015.jpg,a241657a66208dd2f2ee9d61dbbf836ebafda980c2d4a0446f9ba16141b11986,8321,,,true
P05_BLACK_B_000016,P05,BLACK,B,image_000016.jpg,training/P05/BLACK/B/images/image_000016.jpg,354cb82feb3f23cff34f777aae01af9cd27b3cc0f2b937ef343bf7ea645325e3,7801,,,true
P05_BLACK_B_000017,P05,BLACK,B,image_000017.jpg,training/P05/BLACK/B/images/image_000017.jpg,0a64974d32d537784157eda84d1c8d1ba020e1a7669cc3e849b2dafffaf67eea,7893,,,true
P05_BLACK_B_000018,P05,BLACK,B,image_000018.jpg,training/P05/BLACK/B/images/image_000018.jpg,0fcaf6ba27263ad18eb5b59d5cb1c501e70fa0b327dd739f35d9e6b678b5c2d3,8503,,,true
P05_BLACK_B_000019,P05,BLACK,B,image_000019.jpg,training/P05/BLACK/B/images/image_000019.jpg,b690c2459d067a3222066932a58944e78a3d92a4f242a0b1cd4938a7ebc49987,9074,,,true
P05_BLACK_B_000020,P05,BLACK,B,image_000020.jpg,training/P05/BLACK/B/images/image_000020.jpg,6852762fc67d0131ded4486e6b1dd8d524305c04126cfc6756ff2dd914b2dcfc,8683,,,true
P05_BLACK_B_000021,P05,BLACK,B,image_000021.jpg,training/P05/BLACK/B/images/image_000021.jpg,8dd853be0b94f6286c2c68233050678381a77f6e58e937279a4c81b98884e80e,9188,,,true
P05_BLACK_B_000022,P05,BLACK,B,image_000022.jpg,training/P05/BLACK/B/images/image_000022.jpg,09668e6836d36ec454c877e383bdcc0a73279bf7bc0662db40261a313b8908f1,8598,,,true
P05_BLACK_B_000023,P05,BLACK,B,image_000023.jpg,training/P05/BLACK/B/images/image_000023.jpg,5421ba5912afc1800261168c11414eb06cfc3fb904112fa3edf72dc0651d016d,8978,,,true
P05_BLACK_B_000024,P05,BLACK,B,image_000024.jpg,training/P05/BLACK/B/images/image_000024.jpg,f0416cfd065e31cf32d8c757e2f099a3ded63587e2f5ec4e55c0a24e085988f8,8531,,,true
P05_BLACK_B_000025,P05,BLACK,B,image_000025.jpg,training/P05/BLACK/B/images/image_000025.jpg,ded0da063ac7ebe0ca48bf1b6bf92ccbec63569a78a10c44cd49aada9a0325dd,8834,,,true
P05_BLACK_C_000001,P05,BLACK,C,image_000001.jpg,training/P05/BLACK/C/images/image_000001.jpg,63a98317dde6428b13f7e495b73e3b3ddad6c7264a7bb21cc3fcf61f131bf814,8905,,,true
P05_BLACK_C_000002,P05,BLACK,C,image_000002.jpg,training/P05/BLACK/C/images/image_000002.jpg,101431abdc80c0eec76bd80abdfacc787f220bdc5f8152c80dfbd32aa089b059,9298,,,true
P05_BLACK_C_000003,P05,BLACK,C,image_000003.jpg,training/P05/BLACK/C/images/image_000003.jpg,96685c874c4e325d4356a553f9a450baba996a71fd93dde0c4c71e5551ed1e05,8779,,,true
P05_BLACK_C_000004,P05,BLACK,C,image_000004.jpg,training/P05/BLACK/C/images/image_000004.jpg,2af81f117636c92a4cd0c8b903c15c735cd9209c1d0ab3cc016bc542f8fcc9e3,9091,,,true
P05_BLACK_C_000005,P05,BLACK,C,image_000005.jpg,training/P05/BLACK/C/images/image_000005.jpg,4b161bf668564aab3caa6ae3ca70642c89d4be45e103ce3b4db0fabfe99bcf66,9176,,,true
P05_BLACK_C_000006,P05,BLACK,C,image_000006.jpg,training/P05/BLACK/C/images/image_000006.jpg,df9e8041551dbcaedcb33a83abd570bb0b71b2bfe551032ada290e103084e102,8433,,,true
P05_BLACK_C_000007,P05,BLACK,C,image_000007.jpg,training/P05/BLACK/C/images/image_000007.jpg,f819f7a544e8ed104450df42ac8db91743f5f831f863447a31150689a9246aa0,8821,,,true
P05_BLACK_C_000008,P05,BLACK,C,image_000008.jpg,training/P05/BLACK/C/images/image_000008.jpg,32932adc2a957cd1f347e50608993ce61b7d3804f09d00606ee3bc9ca8637547,9222,,,true
P05_BLACK_C_000009,P05,BLACK,C,image_000009.jpg,training/P05/BLACK/C/images/image_000009.jpg,1b89fcb2c7769a5f2f0424e5f029a165ca6d454276b2aba0a29beff4a902c0fd,9130,,,true
P05_BLACK_C_000010,P05,BLACK,C,image_000010.jpg,training/P05/BLACK/C/images/image_000010.jpg,0ea6c8284aab3202e7996b721ea574705a64dfed3a3213bab6d54eff102576ce,8434,,,true
P05_BLACK_C_000011,P05,BLACK,C,image_000011.jpg,training/P05/BLACK/C/images/image_000011.jpg,c7ae0dce089af9b0931e6e7747d5ee789b32a06bd6dd8c7b3c803dd7de982bfb,9501,,,true
P05_BLACK_C_000012,P05,BLACK,C,image_000012.jpg,training/P05/BLACK/C/images/image_000012.jpg,7bd167f873697fda4752668623c9455fa898cb61bfc38a6a9de3414a18691cb2,9496,,,true
P05_BLACK_C_000013,P05,BLACK,C,image_000013.jpg,training/P05/BLACK/C/images/image_000013.jpg,d6571be78c760787aad204861652f3707972be8d19248279c4ff4857410f4d03,8496,,,true
P05_BLACK_C_000014,P05,BLACK,C,image_000014.jpg,training/P05/BLACK/C/images/image_000014.jpg,75a434a02b47b3d9e07e692a4ad93964e411ebc4341be4102f7a5c92b3018ba2,8537,,,true
P05_BLACK_C_000015,P05,BLACK,C,image_000015.jpg,training/P05/BLACK/C/images/image_000015.jpg,2e4ccd09cebb543133498caea784b9289d06f1c4f5d8e81f469111bd403c847e,8937,,,true
P05_BLACK_C_000016,P05,BLACK,C,image_000016.jpg,training/P05/BLACK/C/images/image_000016.jpg,246c222cc49a1d7fda878c2ac017e1883188d85d4e553a4c21ece612095141f4,8389,,,true
P05_BLACK_C_000017,P05,BLACK,C,image_000017.jpg,training/P05/BLACK/C/images/image_000017.jpg,661410560d89d7e876314a3a48a03bdfa6ac98e79cd46d3ec07f9074727ba913,8832,,,true
P05_BLACK_C_000018,P05,BLACK,C,image_000018.jpg,training/P05/BLACK/C/images/image_000018.jpg,e1d61d59ffdb4c0733b777dddbb356c9b437896e1a465955d7e1d8be8de98319,9333,,,true
P05_BLACK_C_000019,P05,BLACK,C,image_000019.jpg,training/P05/BLACK/C/images/image_000019.jpg,8c311cf32bd2b76ccb8d025c11769fa62d40744d6a4196bcde5faacc2ddf4be9,7766,,,true
P05_BLACK_C_000020,P05,BLACK,C,image_000020.jpg,training/P05/BLACK/C/images/image_000020.jpg,09112732c7d428284e36043f9ac035940a8f95f6cf26b600bb9e0d2de3a12472,8043,,,true
P05_BLACK_C_000021,P05,BLACK,C,image_000021.jpg,training/P05/BLACK/C/images/image_000021.jpg,1702ee6321492ce40d4c309d36748f2ab18b87e47a74b1111461713b9d6030ec,8392,,,true
P05_BLACK_C_000022,P05,BLACK,C,image_000022.jpg,training/P05/BLACK/C/images/image_000022.jpg,69ca42aec201056f3bf89c2484f464910de733cdf689e4e456010558cc6ebe06,8912,,,true
P05_BLACK_C_000023,P05,BLACK,C,image_000023.jpg,training/P05/BLACK/C/images/image_000023.jpg,52eb4c225aac42ed8b25e4fc02a1aec069efc8bd9b1dd199a12240b7899ef19a,8508,,,true
P05_BLACK_C_000024,P05,BLACK,C,image_000024.jpg,training/P05/BLACK/C/images/image_000024.jpg,8fd16d44d08c054cd26f6b4b5126b3219645cb6e38a2baa15f30b4733065ad5d,8565,,,true
P05_BLACK_C_000025,P05,BLACK,C,image_000025.jpg,training/P05/BLACK/C/images/image_000025.jpg,785fc66974a3cee380a05c07f349002cf77c9f00c74939c5380914a0c8469d26,8985,,,true
P05_BLACK_E_000001,P05,BLACK,E,image_000001.jpg,training/P05/BLACK/E/images/image_000001.jpg,17f94d4b1fbc8ad114d58518d0483802de0dce712177d4156cd1dce1a74e607d,8439,,,true
P05_BLACK_E_000002,P05,BLACK,E,image_000002.jpg,training/P05/BLACK/E/images/image_000002.jpg,7b73ade448632cf92ddd6a662bd4c157a86b10de7fda543700f4a84a6388ce93,8931,,,true
P05_BLACK_E_000003,P05,BLACK,E,image_000003.jpg,training/P05/BLACK/E/images/image_000003.jpg,47aefc28719238c4c9ad00367a29677fc459765d1981493accf18a1a3a91d08d,8568,,,true
P05_BLACK_E_000004,P05,BLACK,E,image_000004.jpg,training/P05/BLACK/E/images/image_000004.jpg,d26dc106ecf62091fef7f26322098ecceab4caf55f00a497c6860a8baef9ba4d,9266,,,true
P05_BLACK_E_000005,P05,BLACK,E,image_000005.jpg,training/P05/BLACK/E/images/image_000005.jpg,55a0236ed2d2c689605fe8797fa9e30662b7aff422d2c8e9e789c67811f782ea,8378,,,true
P05_BLACK_E_000006,P05,BLACK,E,image_000006.jpg,training/P05/BLACK/E/images/image_000006.jpg,1aae8090c1d71a6a128ec270ce56c6999cf67f184bf64599a51142397d9bd62a,8531,,,true
P05_BLACK_E_000007,P05,BLACK,E,image_000007.jpg,training/P05/BLACK/E/images/image_000007.jpg,162c3c84b1c44149e96cee6df90cf50cb9992bd56c0679b90efe09ff71089fdf,8403,,,true
P05_BLACK_E_000008,P05,BLACK,E,image_000008.jpg,training/P05/BLACK/E/images/image_000008.jpg,e24afde91a343f941c886ac66b88dcb3d869c16a324080a62b92dbc14b2d33b1,8403,,,true
P05_BLACK_E_000009,P05,BLACK,E,image_000009.jpg,training/P05/BLACK/E/images/image_000009.jpg,8bdc0fbb1d7ffb021b2f0ff35ac59b994ad83c6e26947f702704efc09a060232,8423,,,true
P05_BLACK_E_000010,P05,BLACK,E,image_000010.jpg,training/P05/BLACK/E/images/image_000010.jpg,8bc12aebca671408626c644d84e5d0f37d39e3d5c7f9149ccccabf61707a0490,8633,,,true
P05_BLACK_E_000011,P05,BLACK,E,image_000011.jpg,training/P05/BLACK/E/images/image_000011.jpg,0311afe52b79b8b211d3daf9f8f21d3627929e23d7097924155673a344971d79,8633,,,true
P05_BLACK_E_000012,P05,BLACK,E,image_000012.jpg,training/P05/BLACK/E/images/image_000012.jpg,3cf91de697e5e842abca8fe164459d482e856e8afffc0a125ead698496daa8d3,8854,,,true
P05_BLACK_E_000013,P05,BLACK,E,image_000013.jpg,training/P05/BLACK/E/images/image_000013.jpg,9228a9b5cbc68d9442ab4c7224c6cfefee28df81a01fe73b1ac5b6f3940fface,8702,,,true
P05_BLACK_E_000014,P05,BLACK,E,image_000014.jpg,training/P05/BLACK/E/images/image_000014.jpg,1ce48f7dd2be5389488d21123afdd6bd67655dca83025dec195956969c64f27c,8902,,,true
P05_BLACK_E_000015,P05,BLACK,E,image_000015.jpg,training/P05/BLACK/E/images/image_000015.jpg,e87b8896fbba4d85569b0280e72bff6c45440c6bb107da5d9f009a35f4dfdda3,8314,,,true
P05_BLACK_E_000016,P05,BLACK,E,image_000016.jpg,training/P05/BLACK/E/images/image_000016.jpg,2715363d90763863885d41061213a10e6b4a7224036cb7039f576e0604aa2b49,8648,,,true
P05_BLACK_E_000017,P05,BLACK,E,image_000017.jpg,training/P05/BLACK/E/images/image_000017.jpg,d4e9104cb64fc94161b31815a78d66052ae8bd0c9e44b89af60850800d18a66d,8544,,,true
P05_BLACK_E_000018,P05,BLACK,E,image_000018.jpg,training/P05/BLACK/E/images/image_000018.jpg,b864839a804e8f3988316a7097bc8849d73f2a89605a04366c21a03ab45a2a04,9059,,,true
P05_BLACK_E_000019,P05,BLACK,E,image_000019.jpg,training/P05/BLACK/E/images/image_000019.jpg,cd819f0d0078f29f5ed3eb3b1d53d84fb3f242b87f1530bf0d2dcb8cd1b4b9d0,9122,,,true
P05_BLACK_E_000020,P05,BLACK,E,image_000020.jpg,training/P05/BLACK/E/images/image_000020.jpg,453e9bf8d6fd7ed6e9a731ee4869099c8d5b7f68e143c5b82dcc5c10d3c21eff,8816,,,true
P05_BLACK_E_000021,P05,BLACK,E,image_000021.jpg,training/P05/BLACK/E/images/image_000021.jpg,10a4dfc598485276b172b42db0d3fbb7a96d65ab0cebdeb1394ee04006da46d4,9462,,,true
P05_BLACK_E_000022,P05,BLACK,E,image_000022.jpg,training/P05/BLACK/E/images/image_000022.jpg,2b26b380ad8df4343324adaae5ea8932c1fe8292b4c5bc7a66747fbb1a9fe4cb,9281,,,true
P05_BLACK_E_000023,P05,BLACK,E,image_000023.jpg,training/P05/BLACK/E/images/image_000023.jpg,162aa3d9442723045a3ea6ea9d34424b6f56e096b5e4341cfbdd57fdd4da1c1c,9109,,,true
P05_BLACK_E_000024,P05,BLACK,E,image_000024.jpg,training/P05/BLACK/E/images/image_000024.jpg,46d81fa1f8c5676d867e0eee718973b307aa723a2dc44b267a6de0522292324d,8989,,,true
P05_BLACK_E_000025,P05,BLACK,E,image_000025.jpg,training/P05/BLACK/E/images/image_000025.jpg,b40c20a9e3a07f96ce0f2e094b4b807b8ea85432373a7b47bf72a35394164ead,9310,,,true
P05_BLACK_I_000001,P05,BLACK,I,image_000001.jpg,training/P05/BLACK/I/images/image_000001.jpg,76ed8fc9fe3826db186831ec64c0470506cfa22db8bdc8873d74aaf5af9a05ac,8775,,,true
P05_BLACK_I_000002,P05,BLACK,I,image_000002.jpg,training/P05/BLACK/I/images/image_000002.jpg,21f2bc6d684251274b052c9854574499efbb618b753e85100f9b67571d029ca1,9109,,,true
P05_BLACK_I_000003,P05,BLACK,I,image_000003.jpg,training/P05/BLACK/I/images/image_000003.jpg,5a910df7e3d30d0ed6a0a1843c8edbfaa4dc7aa61cc59ce938e7f2109b3276ac,9431,,,true
P05_BLACK_I_000004,P05,BLACK,I,image_000004.jpg,training/P05/BLACK/I/images/image_000004.jpg,35c49effec85e6c9234b5bce2733d54eaf534c667fd0630ef6309e11a09c2177,8490,,,true
P05_BLACK_I_000005,P05,BLACK,I,image_000005.jpg,training/P05/BLACK/I/images/image_000005.jpg,3af362ee2189d4f4cf1608a1e7887e716ff03d616390eba50e0274fa9a9574d8,8223,,,true
P05_BLACK_I_000006,P05,BLACK,I,image_000006.jpg,training/P05/BLACK/I/images/image_000006.jpg,1766f88b874d44190c43d0e4ae25857845aa96cbb58f90bc5372c45731c28e0d,8569,,,true
P05_BLACK_I_000007,P05,BLACK,I,image_000007.jpg,training/P05/BLACK/I/images/image_000007.jpg,e6ff82520e33bc3bc18ea34757d8114987b6b489eab0a78463421aecda1701d0,9210,,,true
P05_BLACK_I_000008,P05,BLACK,I,image_000008.jpg,training/P05/BLACK/I/images/image_000008.jpg,5f9a0c9f5912708e8362a2d32995a070799098961136038cb7cc1fd7e36df8b2,8060,,,true
P05_BLACK_I_000009,P05,BLACK,I,image_000009.jpg,training/P05/BLACK/I/images/image_000009.jpg,71fa239341f860644588f34a548412b6f4f723558c607f3eddf5ddbf19c1729b,8245,,,true
P05_BLACK_I_000010,P05,BLACK,I,image_000010.jpg,training/P05/BLACK/I/images/image_000010.jpg,00db03fe1c30c41833d104329cdc0f849fcb80e2e0976eed63960b89aabdbf8e,7698,,,true
P05_BLACK_I_000011,P05,BLACK,I,image_000011.jpg,training/P05/BLACK/I/images/image_000011.jpg,8bd4deee1b8b6282bca6dcfa6eb7bfc4aa16d3124835154e82e5aefb6851c1c8,8122,,,true
P05_BLACK_I_000012,P05,BLACK,I,image_000012.jpg,training/P05/BLACK/I/images/image_000012.jpg,559dca14f68131cbac92b811393789aa8e70666651f5059e4e43cea6e27dfb22,8687,,,true
P05_BLACK_I_000013,P05,BLACK,I,image_000013.jpg,training/P05/BLACK/I/images/image_000013.jpg,f6a64391786adc47610969aa212bf8af8b400a13e7a81e4d05746bb7608140a5,8126,,,true
P05_BLACK_I_000014,P05,BLACK,I,image_000014.jpg,training/P05/BLACK/I/images/image_000014.jpg,0d43f93c99c6784b880580882c054ce94247464bd34eeaa7de559b3937b58c79,8730,,,true
P05_BLACK_I_000015,P05,BLACK,I,image_000015.jpg,training/P05/BLACK/I/images/image_000015.jpg,9e7fe106a8113eb2a5e36fd15999cf10f6d56d9976a95358437ca26240047a70,9203,,,true
P05_BLACK_I_000016,P05,BLACK,I,image_000016.jpg,training/P05/BLACK/I/images/image_000016.jpg,d0c12a310b0879217cb6ee4dcae8d055d9ec7070b35cf2105a3e2f015140af8a,8608,,,true
P05_BLACK_I_000017,P05,BLACK,I,image_000017.jpg,training/P05/BLACK/I/images/image_000017.jpg,72406c5deab97867edf2291b0b10e9f3bc765ce2995898404fd4426e9961ad05,9468,,,true
P05_BLACK_I_000018,P05,BLACK,I,image_000018.jpg,training/P05/BLACK/I/images/image_000018.jpg,8d2b5e5a487f46406a197e425f7032a9d68476125b4ec2aee7d50793fdf2e8fc,9562,,,true
P05_BLACK_I_000019,P05,BLACK,I,image_000019.jpg,training/P05/BLACK/I/images/image_000019.jpg,03ae2a17675122326a08b50253b8c059993ec7a211552551da9938f4606b0c0e,8380,,,true
P05_BLACK_I_000020,P05,BLACK,I,image_000020.jpg,training/P05/BLACK/I/images/image_000020.jpg,7997a2cdc33b070a61bc6d177e242e461b1b034c92402c1b610f1e59e28bb4ce,8541,,,true
P05_BLACK_I_000021,P05,BLACK,I,image_000021.jpg,training/P05/BLACK/I/images/image_000021.jpg,b54c79d53664d5fb12f907fc621ee2facf4b2bd6de96d4b88347c4c5a018d764,8870,,,true
P05_BLACK_I_000022,P05,BLACK,I,image_000022.jpg,training/P05/BLACK/I/images/image_000022.jpg,f4043abaefc4f4212478534a3cd7255288128fafbf04ec359bdbebde2f3fa090,8550,,,true
P05_BLACK_I_000023,P05,BLACK,I,image_000023.jpg,training/P05/BLACK/I/images/image_000023.jpg,9f5795552a091439576a964a81b9b9d63732470c4c492738631fbe6d1353521f,9750,,,true
P05_BLACK_I_000024,P05,BLACK,I,image_000024.jpg,training/P05/BLACK/I/images/image_000024.jpg,816d02943b03f1d22e5c406a9b77ee1acbefa636c6d4ebf62c86093b4d5194e3,8935,,,true
P05_BLACK_I_000025,P05,BLACK,I,image_000025.jpg,training/P05/BLACK/I/images/image_000025.jpg,6bb500e23bfe37dc13bcb94079016651fe1036ea40de6e22875786d2e811f4f9,9586,,,true
P05_BLACK_L_000001,P05,BLACK,L,image_000001.jpg,training/P05/BLACK/L/images/image_000001.jpg,6fbf4806d4db026a139e7dc8dc31d97ff89e0d505c43ea5de06e748a9ab39d8f,9211,,,true
P05_BLACK_L_000002,P05,BLACK,L,image_000002.jpg,training/P05/BLACK/L/images/image_000002.jpg,ded8df8da29729d9ac4296e9999e04f84229934a6bafa5d44700f4677b2c8d71,9695,,,true
P05_BLACK_L_000003,P05,BLACK,L,image_000003.jpg,training/P05/BLACK/L/images/image_000003.jpg,9353a45bc022f9d1b8b9f313cb5c1d0d60d29ff35edab2299961e206b9cfaeaf,7867,,,true
P05_BLACK_L_000004,P05,BLACK,L,image_000004.jpg,training/P05/BLACK/L/images/image_000004.jpg,a6698c7f7b67b4eae33d3947995010e5778ab5351e25da0157502ed9bb63334a,9334,,,true
P05_BLACK_L_000005,P05,BLACK,L,image_000005.jpg,training/P05/BLACK/L/images/image_000005.jpg,efab40675b8d1b4b18169cd720cb1ff2d0fea22fe1a2be398f566e7e1e46955a,7890,,,true
P05_BLACK_L_000006,P05,BLACK,L,image_000006.jpg,training/P05/BLACK/L/images/image_000006.jpg,d5d0a244accb1d4234a4ee7c6ed447da5e6b7ccdb5bbb2c8f2038b07ace66542,8924,,,true
P05_BLACK_L_000007,P05,BLACK,L,image_000007.jpg,training/P05/BLACK/L/images/image_000007.jpg,25b431d06f96f798af89300174e41676fcaccf50dbcb328046913429a90b7273,9289,,,true
P05_BLACK_L_000008,P05,BLACK,L,image_000008.jpg,training/P05/BLACK/L/images/image_000008.jpg,9f6f8d7fe12bc28177c05585bd2e1c6e8c1bde3703ed1a9ed7909c8846e48cd4,8939,,,true
P05_BLACK_L_000009,P05,BLACK,L,image_000009.jpg,training/P05/BLACK/L/images/image_000009.jpg,7fdbf8fac7d8f544a6654e74549c08b12a51fd6a759f7b63d0e31e5c19336825,9337,,,true
P05_BLACK_L_000010,P05,BLACK,L,image_000010.jpg,training/P05/BLACK/L/images/image_000010.jpg,e937369eb6481ff8700ab022245ff0672f835078833b19e41b8f5a39a1d2aaaf,8996,,,true
P05_BLACK_L_000011,P05,BLACK,L,image_000011.jpg,training/P05/BLACK/L/images/image_000011.jpg,dcedb98a1efbd9bb45736cbab7f0cc5d616f273f9b21a2e6322feb5c77eae6f6,9534,,,true
P05_BLACK_L_000012,P05,BLACK,L,image_000012.jpg,training/P05/BLACK/L/images/image_000012.jpg,ef2a132e19e831939886f8970c80f6248a1e352ef6427e4366cfef2589456c8a,8366,,,true
P05_BLACK_L_000013,P05,BLACK,L,image_000013.jpg,training/P05/BLACK/L/images/image_000013.jpg,f11da0930bbc94fdd9dcb077f6df52e2acb0a98d635f35416844ffeb5abf3117,8348,,,true
P05_BLACK_L_000014,P05,BLACK,L,image_000014.jpg,training/P05/BLACK/L/images/image_000014.jpg,948c135a971d703728780e429879a21d408576cb4ea05fc4d61fcb901d828fff,8466,,,true
P05_BLACK_L_000015,P05,BLACK,L,image_000015.jpg,training/P05/BLACK/L/images/image_000015.jpg,0634e8060816cb71134058bc718f87ebe8c8086e5f6171dcf4f6e84e50dd6b40,8518,,,true
P05_BLACK_L_000016,P05,BLACK,L,image_000016.jpg,training/P05/BLACK/L/images/image_000016.jpg,ac31b7779784dbad8737e2eac21753f9d558020cc1826b66c552affb1fd4489a,8593,,,true
P05_BLACK_L_000017,P05,BLACK,L,image_000017.jpg,training/P05/BLACK/L/images/image_000017.jpg,4ff196f6c45d34b08203b0163e57bd798f84db7f038b04dddcb6e346d4ce463f,8832,,,true
P05_BLACK_L_000018,P05,BLACK,L,image_000018.jpg,training/P05/BLACK/L/images/image_000018.jpg,a69ff7d0445e164432d16864ced0fddb60bd6d367cb418251e8899d52565b44c,8685,,,true
P05_BLACK_L_000019,P05,BLACK,L,image_000019.jpg,training/P05/BLACK/L/images/image_000019.jpg,41660533a1c3dfe6229d83914bde81a44f9b0abe192d596f3d430cabe8e47a3f,8118,,,true
P05_BLACK_L_000020,P05,BLACK,L,image_000020.jpg,training/P05/BLACK/L/images/image_000020.jpg,ffad93cee41d97ee2dad7d04b8d614d536a8571f15a6927177adca45e1fd8fae,8406,,,true
P05_BLACK_L_000021,P05,BLACK,L,image_000021.jpg,training/P05/BLACK/L/images/image_000021.jpg,1fa48ea8579aa454c48f7f099f7208c660ee4fea89b4dc59b44ee650561793c8,8382,,,true
P05_BLACK_L_000022,P05,BLACK,L,image_000022.jpg,training/P05/BLACK/L/images/image_000022.jpg,73137ec7c7415a4afb17e19205d1d118c4f5c59a84bd110eeca2f20c99ffc552,8914,,,true
P05_BLACK_L_000023,P05,BLACK,L,image_000023.jpg,training/P05/BLACK/L/images/image_000023.jpg,9977cc2bae396b1d322dec71c652a11b055d11b89e670c8fc8aac25f5e44c90a,9498,,,true
P05_BLACK_L_000024,P05,BLACK,L,image_000024.jpg,training/P05/BLACK/L/images/image_000024.jpg,7d1509cd272a964b07c2e0843bfe8b13a7d8ba2da6beb17e0b8aa8e959c8068b,9378,,,true
P05_BLACK_L_000025,P05,BLACK,L,image_000025.jpg,training/P05/BLACK/L/images/image_000025.jpg,e10735900551512d85431527f2682fd52e0d96544391d273e8dca0d959dab974,9358,,,true
P05_BLACK_M_000001,P05,BLACK,M,image_000001.jpg,training/P05/BLACK/M/images/image_000001.jpg,2342c13a17ae6f749d34170c5b9c8d24e2c2bff53bea41f8557c667705bd89ff,9462,,,true
P05_BLACK_M_000002,P05,BLACK,M,image_000002.jpg,training/P05/BLACK/M/images/image_000002.jpg,1818028d45a39213a64c56a23a1da5b20fe0fca710a3702efb7bce52afb8d033,9823,,,true
P05_BLACK_M_000003,P05,BLACK,M,image_000003.jpg,training/P05/BLACK/M/images/image_000003.jpg,4ebe7972001c98a79f3e23a80cc466255512f379ee668a0dae8975000088dbb6,9430,,,true
P05_BLACK_M_000004,P05,BLACK,M,image_000004.jpg,training/P05/BLACK/M/images/image_000004.jpg,8efdff50ef1adedec32fb3f60c3f8f4b8e0310fecf82e0f6ae621853b0072f54,9828,,,true
P05_BLACK_M_000005,P05,BLACK,M,image_000005.jpg,training/P05/BLACK/M/images/image_000005.jpg,69ba432164fe0bba77450b57b50b4fb38a9b6f918a2a158e98884589ad7c3c77,9198,,,true
P05_BLACK_M_000006,P05,BLACK,M,image_000006.jpg,training/P05/BLACK/M/images/image_000006.jpg,067bfb848a72599d9ef0f3c86ffcda929914437362b8fa99924a13fcfde2e90b,9787,,,true
P05_BLACK_M_000007,P05,BLACK,M,image_000007.jpg,training/P05/BLACK/M/images/image_000007.jpg,12cf00cc2beb974b60576e1b61b920e4d0c1edddfbbcb09b37b354e199f4cfc8,8814,,,true
P05_BLACK_M_000008,P05,BLACK,M,image_000008.jpg,training/P05/BLACK/M/images/image_000008.jpg,b6924a21f893a8a0b1c1332310e59cd76b6f899c4d7726143ee658d743c97744,7761,,,true
P05_BLACK_M_000009,P05,BLACK,M,image_000009.jpg,training/P05/BLACK/M/images/image_000009.jpg,efaa6a5a3bf612999d2e00f9e383c1a086c6bebbba376a85c18e7d1f10fb9986,7782,,,true
P05_BLACK_M_000010,P05,BLACK,M,image_000010.jpg,training/P05/BLACK/M/images/image_000010.jpg,aff91ede88fa6d97b6fd6cc24d3cfa78c02cf9ffca6e6c340b1b4755c9eda377,9701,,,true
P05_BLACK_M_000011,P05,BLACK,M,image_000011.jpg,training/P05/BLACK/M/images/image_000011.jpg,50433c7a8a3fae28984151cade1c13d4abfbbf8458770e2656820ec121228641,8389,,,true
P05_BLACK_M_000012,P05,BLACK,M,image_000012.jpg,training/P05/BLACK/M/images/image_000012.jpg,884cc4a8ab6bb7aa7daa1c38b3bcb0e71ba02777e5be506f7d8968d8e066e8d2,9010,,,true
P05_BLACK_M_000013,P05,BLACK,M,image_000013.jpg,training/P05/BLACK/M/images/image_000013.jpg,4cae1b94bddbe05bd5fc340c67ec0671bf083cbf9d86bcc022c9dc573fca250b,8292,,,true
P05_BLACK_M_000014,P05,BLACK,M,image_000014.jpg,training/P05/BLACK/M/images/image_000014.jpg,9725429962f01f59180a79aafc2f42b716c84973d5f2b8068b7f119ec183cbeb,9038,,,true
P05_BLACK_M_000015,P05,BLACK,M,image_000015.jpg,training/P05/BLACK/M/images/image_000015.jpg,eb7c4f9fb6fca1eb33f12fd3627a548c384618dc72703043c27924eb706fe6c5,9580,,,true
P05_BLACK_M_000016,P05,BLACK,M,image_000016.jpg,training/P05/BLACK/M/images/image_000016.jpg,2a7a525285537fe22aa4fb72c8a406cfb91e69f86e932cce40e0426eea815cc0,9468,,,true
P05_BLACK_M_000017,P05,BLACK,M,image_000017.jpg,training/P05/BLACK/M/images/image_000017.jpg,1d60fc72b344f70434ae32939f5ad98a147940258ccc9fc4f079685a5fb46f3a,9045,,,true
P05_BLACK_M_000018,P05,BLACK,M,image_000018.jpg,training/P05/BLACK/M/images/image_000018.jpg,d00a6803bf10da2e3e9d7d12627c91c207cc7f58dee23da5ead17324b775f990,8630,,,true
P05_BLACK_M_000019,P05,BLACK,M,image_000019.jpg,training/P05/BLACK/M/images/image_000019.jpg,675c0e79d3c4120337f8019e8bb11c60ac944db3a19f87c9a93ea9da0eaa833b,9425,,,true
P05_BLACK_M_000020,P05,BLACK,M,image_000020.jpg,training/P05/BLACK/M/images/image_000020.jpg,081be91ac157784f696b09b9de5b2e32dae656c637abd7280dac9db8bddfc34b,9249,,,true
P05_BLACK_M_000021,P05,BLACK,M,image_000021.jpg,training/P05/BLACK/M/images/image_000021.jpg,4fafd79b26de1b1b5fc1c69da4525156ecabe6c7f1233dcfbfc989d07746d2aa,8656,,,true
P05_BLACK_M_000022,P05,BLACK,M,image_000022.jpg,training/P05/BLACK/M/images/image_000022.jpg,e9df1ddaffeb2dc6b294d2ee35d7b373a03547238f87541f4876b8a2609b581d,8976,,,true
P05_BLACK_M_000023,P05,BLACK,M,image_000023.jpg,training/P05/BLACK/M/images/image_000023.jpg,a9eb51230d2bc74de88584b599dabc27941d6f818a9260c461ecfdbc52680b29,8237,,,true
P05_BLACK_M_000024,P05,BLACK,M,image_000024.jpg,training/P05/BLACK/M/images/image_000024.jpg,08f4b716a93cd20ebb4637fd71438bf076091b47a2d2d686ea475c66d3d4e66b,8445,,,true
P05_BLACK_M_000025,P05,BLACK,M,image_000025.jpg,training/P05/BLACK/M/images/image_000025.jpg,838d5ddf8884365321a6e593a3d66f0e39179dcac2cc6d9c5d46b63dbf882297,9310,,,true
P05_BLACK_N_000001,P05,BLACK,N,image_000001.jpg,training/P05/BLACK/N/images/image_000001.jpg,9ec88cae3397bc6637db38fda22963df40a07d8ab4cb8408738b76a440cb0fc7,8990,,,true
P05_BLACK_N_000002,P05,BLACK,N,image_000002.jpg,training/P05/BLACK/N/images/image_000002.jpg,75a7d084378cc4bb3ad95216682cce2f8d95292674c2b7ec23836be47b1de502,8683,,,true
P05_BLACK_N_000003,P05,BLACK,N,image_000003.jpg,training/P05/BLACK/N/images/image_000003.jpg,0afa8656abcd75a7ecf83611a914ecb43acdeedb52c9706ccb10ee2f5037d786,9068,,,true
P05_BLACK_N_000004,P05,BLACK,N,image_000004.jpg,training/P05/BLACK/N/images/image_000004.jpg,a90add708b7d1603f6c24ee590f4853cedf02699fbde939e3da52acdf526f526,9004,,,true
P05_BLACK_N_000005,P05,BLACK,N,image_000005.jpg,training/P05/BLACK/N/images/image_000005.jpg,69f3f870468d669a7a63b8cb48e8bb04a63572e665979e2540b5e44100449e25,8753,,,true
P05_BLACK_N_000006,P05,BLACK,N,image_000006.jpg,training/P05/BLACK/N/images/image_000006.jpg,8c35492a98eced477bd8534ad27e78d3ed0f0d8c22ad6cf2575c9c83edd8fdcb,9507,,,true
P05_BLACK_N_000007,P05,BLACK,N,image_000007.jpg,training/P05/BLACK/N/images/image_000007.jpg,ccb0e6898f251db8d9298f1cb7167bf81714caa8581f51cc986ee389f4d8ee15,9237,,,true
P05_BLACK_N_000008,P05,BLACK,N,image_000008.jpg,training/P05/BLACK/N/images/image_000008.jpg,710a33bc0ca6e1b329d20d7d0b9a7cf784e4141dc43eeff3403bbac1954252a1,9673,,,true
P05_BLACK_N_000009,P05,BLACK,N,image_000009.jpg,training/P05/BLACK/N/images/image_000009.jpg,766cc4c917b2113a682f670a775d1aaf99ee8af7305a363bd95fc6b165b3f106,8834,,,true
P05_BLACK_N_000010,P05,BLACK,N,image_000010.jpg,training/P05/BLACK/N/images/image_000010.jpg,ea957441f956e89ee3db4ba234538c5389559bdca6aaeb9b09989ae090425a4d,8736,,,true
P05_BLACK_N_000011,P05,BLACK,N,image_000011.jpg,training/P05/BLACK/N/images/image_000011.jpg,f5fccc6f6ee667a5c12326045130ae0ae41c7424d0390f34cefccc6e6b8d80d5,8953,,,true
P05_BLACK_N_000012,P05,BLACK,N,image_000012.jpg,training/P05/BLACK/N/images/image_000012.jpg,6d84d61d041641c0f2c5bf8e063b6ba1b2f569627a27f708c055472eaf7cf9d1,8863,,,true
P05_BLACK_N_000013,P05,BLACK,N,image_000013.jpg,training/P05/BLACK/N/images/image_000013.jpg,66b50c59510c11bd4ba8f008cb9d1071b0754cd04205bbed41ab7b5291457e17,9158,,,true
P05_BLACK_N_000014,P05,BLACK,N,image_000014.jpg,training/P05/BLACK/N/images/image_000014.jpg,ee6bb8814f52301fcc53611d464d4013fc21769b5beeacd44ee4d7f03c45dee6,8141,,,true
P05_BLACK_N_000015,P05,BLACK,N,image_000015.jpg,training/P05/BLACK/N/images/image_000015.jpg,c0e1d49e756a21f263e87f535cdf9be6332753a3fdaa4b2ffb4e4d63ce5bddb5,9863,,,true
P05_BLACK_N_000016,P05,BLACK,N,image_000016.jpg,training/P05/BLACK/N/images/image_000016.jpg,7e8d61bb383bee20bab42009e67fd3e7066dbc369b4850bd9655054d3dc1fda9,8529,,,true
P05_BLACK_N_000017,P05,BLACK,N,image_000017.jpg,training/P05/BLACK/N/images/image_000017.jpg,f11997dbef7d95a7c4eb1b0763b9ca5f344f4b5308ffa7560758c35d425ffa43,8841,,,true
P05_BLACK_N_000018,P05,BLACK,N,image_000018.jpg,training/P05/BLACK/N/images/image_000018.jpg,732d7d17b46750f4ab453cd9e20882ab41e4f2ba9e85d37870ce3f7122bfeeb1,8950,,,true
P05_BLACK_N_000019,P05,BLACK,N,image_000019.jpg,training/P05/BLACK/N/images/image_000019.jpg,1f4e5071caae52d4b0797847c25a88bf34a40a7c07ccb270c6149d5959233ed6,8715,,,true
P05_BLACK_N_000020,P05,BLACK,N,image_000020.jpg,training/P05/BLACK/N/images/image_000020.jpg,5ecf7318945f9133efcf416f06a3a22da6c3379ee3d1e07d64f1f60066d4ae3a,9060,,,true
P05_BLACK_N_000021,P05,BLACK,N,image_000021.jpg,training/P05/BLACK/N/images/image_000021.jpg,088559eb3800fc1e7ed65eaade15ee2db831f1149ef91a4afb4254130e65b0f6,8651,,,true
P05_BLACK_N_000022,P05,BLACK,N,image_000022.jpg,training/P05/BLACK/N/images/image_000022.jpg,7956832473cb4c891be73555d6ab0ed3e7f2409d1505ef2d3b498fd940fe4d20,9005,,,true
P05_BLACK_N_000023,P05,BLACK,N,image_000023.jpg,training/P05/BLACK/N/images/image_000023.jpg,bc1b13fee7c29c7694189a6a8d46423f6758dc81420aaa48a5443f98391fd0c9,9227,,,true
P05_BLACK_N_000024,P05,BLACK,N,image_000024.jpg,training/P05/BLACK/N/images/image_000024.jpg,1bd6282c9de12f3ccea31cbcbe514456cfc7de44ad0de2233f550baba5c81ada,10070,,,true
P05_BLACK_N_000025,P05,BLACK,N,image_000025.jpg,training/P05/BLACK/N/images/image_000025.jpg,83d7ee2ec061590414fffa3681146143d6241d134d4f9472c0493a26189bf0fb,9149,,,true
P05_BLACK_O_000001,P05,BLACK,O,image_000001.jpg,training/P05/BLACK/O/images/image_000001.jpg,66c010a098a6ca8ce0acdc2198b6b8915eb603e9053ba2170d8dd9b1dea4043e,9487,,,true
P05_BLACK_O_000002,P05,BLACK,O,image_000002.jpg,training/P05/BLACK/O/images/image_000002.jpg,035ab6c55cd49bf4addc8c10dbd35eca94d6be05225149bca635956a55b5141f,9202,,,true
P05_BLACK_O_000003,P05,BLACK,O,image_000003.jpg,training/P05/BLACK/O/images/image_000003.jpg,df91be114e41c4a6a6cd9d2658193f0ec2ca29bb3172b061bec693ff4166b8dd,8895,,,true
P05_BLACK_O_000004,P05,BLACK,O,image_000004.jpg,training/P05/BLACK/O/images/image_000004.jpg,f3b55ec2d8945a73ee1d6dbad8d7f0891a21ed9e646eb6f6ac8a95e3d7dd8bfb,9303,,,true
P05_BLACK_O_000005,P05,BLACK,O,image_000005.jpg,training/P05/BLACK/O/images/image_000005.jpg,c35eb8444f89838bc89ca52abc58fd57eb28cf3e70be6f8085bc01d33a36e8ee,8561,,,true
P05_BLACK_O_000006,P05,BLACK,O,image_000006.jpg,training/P05/BLACK/O/images/image_000006.jpg,4b44e84e0f41dffbefa4402d0e7e2e7ea4a6408af431ae7600ecd23c6241bca5,8672,,,true
P05_BLACK_O_000007,P05,BLACK,O,image_000007.jpg,training/P05/BLACK/O/images/image_000007.jpg,c02a97e0221e500ef67fd725bc65c96c74ec50584e0e51175e61b24e1d558a12,8342,,,true
P05_BLACK_O_000008,P05,BLACK,O,image_000008.jpg,training/P05/BLACK/O/images/image_000008.jpg,513380019c8d5173796e25e29dc11309d0de8ef35c71422cf8e2212ccb90b7b1,8733,,,true
P05_BLACK_O_000009,P05,BLACK,O,image_000009.jpg,training/P05/BLACK/O/images/image_000009.jpg,eda7fcc743eac08f8aea0835695b557223ba4545be9a7651de2139a5288f37b7,8700,,,true
P05_BLACK_O_000010,P05,BLACK,O,image_000010.jpg,training/P05/BLACK/O/images/image_000010.jpg,011eba21458c9461441bd26bb068306b66bdc211899b04fa709426b6c2c6abe6,8056,,,true
P05_BLACK_O_000011,P05,BLACK,O,image_000011.jpg,training/P05/BLACK/O/images/image_000011.jpg,29be9d621c653e257f16c22851144c674485b5411e30066ea4ef055787cfcc9a,9563,,,true
P05_BLACK_O_000012,P05,BLACK,O,image_000012.jpg,training/P05/BLACK/O/images/image_000012.jpg,f9cb07e37c8871b9f1129878ef2d552081664c9962ea94bc7038c87abbe7497f,9574,,,true
P05_BLACK_O_000013,P05,BLACK,O,image_000013.jpg,training/P05/BLACK/O/images/image_000013.jpg,b19ab32fed7e73c78cf5afbbfc9f47e91afa3d35cd990806560b9d2d3f367fd3,8575,,,true
P05_BLACK_O_000014,P05,BLACK,O,image_000014.jpg,training/P05/BLACK/O/images/image_000014.jpg,a8170ef8ec7f53fa7427c0133c9fc8f52c10f2b6983522aa3d249c8a775e5de0,8680,,,true
P05_BLACK_O_000015,P05,BLACK,O,image_000015.jpg,training/P05/BLACK/O/images/image_000015.jpg,aded30cd5bf48599c1f0613386973c88ccc638e95fa1559be8c97af2e33b2b41,9511,,,true
P05_BLACK_O_000016,P05,BLACK,O,image_000016.jpg,training/P05/BLACK/O/images/image_000016.jpg,f513adea759f670e7159fcfd85adc9b981ecff542883b15268f4bf3ac8cc743f,8597,,,true
P05_BLACK_O_000017,P05,BLACK,O,image_000017.jpg,training/P05/BLACK/O/images/image_000017.jpg,fa744c3b18e0e20b45b8b1b2ed3980e1be8ffc6dc33a37a2c72f5e3b7960f16e,9108,,,true
P05_BLACK_O_000018,P05,BLACK,O,image_000018.jpg,training/P05/BLACK/O/images/image_000018.jpg,0aa5d48718457df8e0379a079c213897c8d2b0abc540d9e6c6ac66574cc7703b,9790,,,true
P05_BLACK_O_000019,P05,BLACK,O,image_000019.jpg,training/P05/BLACK/O/images/image_000019.jpg,a80bc268096d7c8887cb2772c9e32174287e6d6c5bf3fb546b6fbcf8e45b4347,9239,,,true
P05_BLACK_O_000020,P05,BLACK,O,image_000020.jpg,training/P05/BLACK/O/images/image_000020.jpg,f92c55042a1265afd22832b1cf0a47469cd6c6dec01a77aae550971df5db73ec,8542,,,true
P05_BLACK_O_000021,P05,BLACK,O,image_000021.jpg,training/P05/BLACK/O/images/image_000021.jpg,1cd92928be8425e64d0da3a620c7e972b7643347a62d0011b39f6e84def7499c,8225,,,true
P05_BLACK_O_000022,P05,BLACK,O,image_000022.jpg,training/P05/BLACK/O/images/image_000022.jpg,0782632e49525fafedc69fc84e9022fbcbc612ddfff2b34cf99996686d35be09,8275,,,true
P05_BLACK_O_000023,P05,BLACK,O,image_000023.jpg,training/P05/BLACK/O/images/image_000023.jpg,bac0ca8ec3159c1824ffb1dbebc30b983e9b4f0de7612f210d00ffd0600ec47f,8995,,,true
P05_BLACK_O_000024,P05,BLACK,O,image_000024.jpg,training/P05/BLACK/O/images/image_000024.jpg,c319f7fb513d846f7acda692d9b0abc5a843bb33d5139233a201b60b48a37630,8613,,,true
P05_BLACK_O_000025,P05,BLACK,O,image_000025.jpg,training/P05/BLACK/O/images/image_000025.jpg,98be72f3354d703507955da06acbdd43bbdfdeba0453efe080e220127e0bfb73,8302,,,true
P05_BLACK_P_000001,P05,BLACK,P,image_000001.jpg,training/P05/BLACK/P/images/image_000001.jpg,22a243341caf044d43a4200433ff862e2fdc29088f171f953ed9c56a9d1e02e0,8244,,,true
P05_BLACK_P_000002,P05,BLACK,P,image_000002.jpg,training/P05/BLACK/P/images/image_000002.jpg,ddafc5c27c81a2be320ded3302932cfb8a98f871148c545e13abcf0cb933e3ae,8129,,,true
P05_BLACK_P_000003,P05,BLACK,P,image_000003.jpg,training/P05/BLACK/P/images/image_000003.jpg,eb6ec82812849067b2c0bc9fca2320057ea4f6d5f494b77b47666963799b1490,8481,,,true
P05_BLACK_P_000004,P05,BLACK,P,image_000004.jpg,training/P05/BLACK/P/images/image_000004.jpg,92c169b0b8ef77c1e4e9298903199e94a387933079306e81a58f8fdb4dbad79a,8500,,,true
P05_BLACK_P_000005,P05,BLACK,P,image_000005.jpg,training/P05/BLACK/P/images/image_000005.jpg,115e58a7eb66efe810473d364ca7f139e25189d8cb1421bf1e9d3812c80f7c2e,9222,,,true
P05_BLACK_P_000006,P05,BLACK,P,image_000006.jpg,training/P05/BLACK/P/images/image_000006.jpg,5d01f87593bed2159b0aab49636139f4f8238fc7fd93e5d1ba2e8a01ba7c2417,9154,,,true
P05_BLACK_P_000007,P05,BLACK,P,image_000007.jpg,training/P05/BLACK/P/images/image_000007.jpg,0e51c37c86a96ca02435c6d954ddcef3835b3e048d09a1cfdd9c94b82e4b0236,9383,,,true
P05_BLACK_P_000008,P05,BLACK,P,image_000008.jpg,training/P05/BLACK/P/images/image_000008.jpg,6e9e1a4f8f63c7fc4cb307ba45392431c39e0a4c275a2386f1f143848d0ca395,8244,,,true
P05_BLACK_P_000009,P05,BLACK,P,image_000009.jpg,training/P05/BLACK/P/images/image_000009.jpg,de5a4489a01f8f2a3485c1aad5f740d391caa22f8d76249fc9b1ae9c7641bab4,8651,,,true
P05_BLACK_P_000010,P05,BLACK,P,image_000010.jpg,training/P05/BLACK/P/images/image_000010.jpg,f340b46ca0a5e261341f2e02ea64acb32d078d17b9244afd7006effe028cef59,8590,,,true
P05_BLACK_P_000011,P05,BLACK,P,image_000011.jpg,training/P05/BLACK/P/images/image_000011.jpg,9df10fcc2a88aff1233e5d37f0d4254259051f1b5c04773056ed0f9385755aa6,7625,,,true
P05_BLACK_P_000012,P05,BLACK,P,image_000012.jpg,training/P05/BLACK/P/images/image_000012.jpg,5b5bae2413f8c1ab951a17fd04f878d09ef6687a5f2eb653ec1cac9bb26ee0d1,8040,,,true
P05_BLACK_P_000013,P05,BLACK,P,image_000013.jpg,training/P05/BLACK/P/images/image_000013.jpg,39d94f54c5cb3e5f1d11b6baac30520a52efff8bd303fa2311e76643ac84b879,8805,,,true
P05_BLACK_P_000014,P05,BLACK,P,image_000014.jpg,training/P05/BLACK/P/images/image_000014.jpg,56ca439ef8a3d692ffe8feda2705557527b82fe54a6d83db5c17e191ba5c56a5,8324,,,true
P05_BLACK_P_000015,P05,BLACK,P,image_000015.jpg,training/P05/BLACK/P/images/image_000015.jpg,10530a554a0dc7b9d7f5437b9794cf6b54ff8671b3fac09a2c2d82dd5393a62a,8771,,,true
P05_BLACK_P_000016,P05,BLACK,P,image_000016.jpg,training/P05/BLACK/P/images/image_000016.jpg,6ba45c3d5c1651c97001068a19e4f4421cc9b03f1d1cbb9339e8907606f9775d,8635,,,true
P05_BLACK_P_000017,P05,BLACK,P,image_000017.jpg,training/P05/BLACK/P/images/image_000017.jpg,6d8a643fa595250a187ce6c185bca995b7b06507e265b1d1829006c0c2a0adb0,8716,,,true
P05_BLACK_P_000018,P05,BLACK,P,image_000018.jpg,training/P05/BLACK/P/images/image_000018.jpg,ad6c9d896a4ad60ce5465c6c25313b96960c353bc36eb584dacdc15a822922b5,8086,,,true
P05_BLACK_P_000019,P05,BLACK,P,image_000019.jpg,training/P05/BLACK/P/images/image_000019.jpg,e427c2e5c16e84cd11f6f4c5b5f3f58fe21c201cf7783d0ce7862b4d75ab618a,8943,,,true
P05_BLACK_P_000020,P05,BLACK,P,image_000020.jpg,training/P05/BLACK/P/images/image_000020.jpg,1fa3405a50b47df5e7ee5fefe8e1de9538404af5932eac368281686005f084df,9125,,,true
P05_BLACK_P_000021,P05,BLACK,P,image_000021.jpg,training/P05/BLACK/P/images/image_000021.jpg,8301cc733437179201051a388270dc81001b38242ba3a67f28635d6099afe0f2,9208,,,true
P05_BLACK_P_000022,P05,BLACK,P,image_000022.jpg,training/P05/BLACK/P/images/image_000022.jpg,cd4b73d0e92f9fd581414968b66eea7dbb71e7c963538a11f7a60f0a955ef8e8,8446,,,true
P05_BLACK_P_000023,P05,BLACK,P,image_000023.jpg,training/P05/BLACK/P/images/image_000023.jpg,fd02d182c2dfc48f95be2522b70a8929553b484e3d84aa40e29cc65858333aff,9551,,,true
P05_BLACK_P_000024,P05,BLACK,P,image_000024.jpg,training/P05/BLACK/P/images/image_000024.jpg,a0570989471562e2452bf32bac0d603dad88b1aa7d045a1f7f1b6f4a0fec67e3,8382,,,true
P05_BLACK_P_000025,P05,BLACK,P,image_000025.jpg,training/P05/BLACK/P/images/image_000025.jpg,0ddf424408cb70936a212649ef461a8606601d4944c6a94c99ff325857cb79bf,9249,,,true
P05_BLACK_R_000001,P05,BLACK,R,image_000001.jpg,training/P05/BLACK/R/images/image_000001.jpg,a4e26c2f410b136ae4b207ffe255901ae84c4d92fcaf3d9bc426b7e70ddbdd87,9217,,,true
P05_BLACK_R_000002,P05,BLACK,R,image_000002.jpg,training/P05/BLACK/R/images/image_000002.jpg,50849e5879822ff610d5e2d1816f736f958a2333018451e34e2902bd4cedd7f4,8531,,,true
P05_BLACK_R_000003,P05,BLACK,R,image_000003.jpg,training/P05/BLACK/R/images/image_000003.jpg,00b1492dea9aa6c51802635c598666b3d016d0a5d9b1fbee40b426ba3fdb1ad5,9010,,,true
P05_BLACK_R_000004,P05,BLACK,R,image_000004.jpg,training/P05/BLACK/R/images/image_000004.jpg,3266f8a73c59e3107fcabd04eb9c9582025fcb2d90016410dabd816ad4fa6b02,8483,,,true
P05_BLACK_R_000005,P05,BLACK,R,image_000005.jpg,training/P05/BLACK/R/images/image_000005.jpg,fe85e83acdcfb37b928035a2568f72730fbdc03f8c22a62c1ba15867f047d9c8,8341,,,true
P05_BLACK_R_000006,P05,BLACK,R,image_000006.jpg,training/P05/BLACK/R/images/image_000006.jpg,66bed4d6e8cede54594cc934b753733678c9ac2441a40ba0f8e8d92ca6df241e,8181,,,true
P05_BLACK_R_000007,P05,BLACK,R,image_000007.jpg,training/P05/BLACK/R/images/image_000007.jpg,f883ec1297f2e9af753e618cf6dc2218713192f98ea9fcf58a54097c3d3d9283,8485,,,true
P05_BLACK_R_000008,P05,BLACK,R,image_000008.jpg,training/P05/BLACK/R/images/image_000008.jpg,17fc39a7b39b40c3bd8081283f702593806f206db5f170b7d6a8d17bee3a2893,7946,,,true
P05_BLACK_R_000009,P05,BLACK,R,image_000009.jpg,training/P05/BLACK/R/images/image_000009.jpg,02372f628370c723d09b135ad4b642727e658f9f9c2dc00c118763816b41996d,8408,,,true
P05_BLACK_R_000010,P05,BLACK,R,image_000010.jpg,training/P05/BLACK/R/images/image_000010.jpg,202e18ab599d39a7623b4e96dfca68fa087ea72f1f364b615445d190184e1fbe,8271,,,true
P05_BLACK_R_000011,P05,BLACK,R,image_000011.jpg,training/P05/BLACK/R/images/image_000011.jpg,4d0a1b283253501f01546934ad201ca9789294e9d4bafb1d9970208372119258,8411,,,true
P05_BLACK_R_000012,P05,BLACK,R,image_000012.jpg,training/P05/BLACK/R/images/image_000012.jpg,b083e8e0901151381dd56b69a55340b76dd11b2f4f16f3630540776a0e609867,8487,,,true
P05_BLACK_R_000013,P05,BLACK,R,image_000013.jpg,training/P05/BLACK/R/images/image_000013.jpg,396c8b6a7f71841d63296d1970cd7d8e7e2d8ba1064d8237a1dcae229b378c94,8345,,,true
P05_BLACK_R_000014,P05,BLACK,R,image_000014.jpg,training/P05/BLACK/R/images/image_000014.jpg,2388d362cb09ebc936a319bbd0b789ebcea9c5cc884d6fd58bc15f3842bd6bfa,8272,,,true
P05_BLACK_R_000015,P05,BLACK,R,image_000015.jpg,training/P05/BLACK/R/images/image_000015.jpg,24bcfeb6573d4b30f0d5818780ea527af5a2f62962a516adac7c0e3a7ad06cb8,7889,,,true
P05_BLACK_R_000016,P05,BLACK,R,image_000016.jpg,training/P05/BLACK/R/images/image_000016.jpg,7a5dd713a3781cb01080135474a905db7894ddc100ef47500a40c753186f799c,9107,,,true
P05_BLACK_R_000017,P05,BLACK,R,image_000017.jpg,training/P05/BLACK/R/images/image_000017.jpg,e26a492af1cb57a15ade109991638cba7c244c845f4a1fed9b2cad8d09fad5e8,8608,,,true
P05_BLACK_R_000018,P05,BLACK,R,image_000018.jpg,training/P05/BLACK/R/images/image_000018.jpg,60c4fd6e22b64e481ea6b1e5adff1960c83276382a002276118f3bafeb151673,9404,,,true
P05_BLACK_R_000019,P05,BLACK,R,image_000019.jpg,training/P05/BLACK/R/images/image_000019.jpg,084fd337224067da35340d3e29dab7769dfd30283e451a9f13efedccaeb63641,8801,,,true
P05_BLACK_R_000020,P05,BLACK,R,image_000020.jpg,training/P05/BLACK/R/images/image_000020.jpg,ac5331a13b4596ebe1ed04238881756823e7047d9760cfd27f6f44f5b89bb435,8822,,,true
P05_BLACK_R_000021,P05,BLACK,R,image_000021.jpg,training/P05/BLACK/R/images/image_000021.jpg,e913fcd0a716ccba33d91cb837a8d48716b81e741f5b4be7bf53905a1ca89b61,8797,,,true
P05_BLACK_R_000022,P05,BLACK,R,image_000022.jpg,training/P05/BLACK/R/images/image_000022.jpg,e3111a4bc07450dbc82a176f3c1f4ec7e778b562b80ba91d90153d44a2b9118c,9255,,,true
P05_BLACK_R_000023,P05,BLACK,R,image_000023.jpg,training/P05/BLACK/R/images/image_000023.jpg,4d29d88aaecf520c4097f589e8b14c57635a70ed0dd72fca6d02c747fec839ad,9273,,,true
P05_BLACK_R_000024,P05,BLACK,R,image_000024.jpg,training/P05/BLACK/R/images/image_000024.jpg,c7b13f71f53bb5dd96f6435d02819ec453b02edacc831879f8d1f4c90f8eb444,9355,,,true
P05_BLACK_R_000025,P05,BLACK,R,image_000025.jpg,training/P05/BLACK/R/images/image_000025.jpg,07186dad1acffc7282a25085bf29c36cccee935d35190be9af49f3eb3a0dc6fd,8936,,,true
P05_BLACK_S_000001,P05,BLACK,S,image_000001.jpg,training/P05/BLACK/S/images/image_000001.jpg,2bebb86b0b1ba167c88add572ba0dc1846a558374dca2809363dbc4396ed219d,9775,,,true
P05_BLACK_S_000002,P05,BLACK,S,image_000002.jpg,training/P05/BLACK/S/images/image_000002.jpg,8c7257cfa8d66f299b81a419b56f092ac1b0fdb0b1a3cd6c8b9143e5217ab1b1,9815,,,true
P05_BLACK_S_000003,P05,BLACK,S,image_000003.jpg,training/P05/BLACK/S/images/image_000003.jpg,a5d23c6130fe1704e17a7c8c07d7761cab989d98685419a1010f3b293820a9a3,9302,,,true
P05_BLACK_S_000004,P05,BLACK,S,image_000004.jpg,training/P05/BLACK/S/images/image_000004.jpg,5c5589a62a86de69cc9badcc606f87b54ce744e111176cb25db41128bfed0394,9427,,,true
P05_BLACK_S_000005,P05,BLACK,S,image_000005.jpg,training/P05/BLACK/S/images/image_000005.jpg,c052b93fbfba59f77f94c338027f2d9314704669a618b96b2fedf628b46af1d0,8753,,,true
P05_BLACK_S_000006,P05,BLACK,S,image_000006.jpg,training/P05/BLACK/S/images/image_000006.jpg,6deaf3e0632c3f6cd82cd260ae1c86c80274c1eaca8722ba5e713605f53a455c,9072,,,true
P05_BLACK_S_000007,P05,BLACK,S,image_000007.jpg,training/P05/BLACK/S/images/image_000007.jpg,d695e050faa7c16f6641aa88801a7fea6d278593f340aa250003ffdb0749b29f,9625,,,true
P05_BLACK_S_000008,P05,BLACK,S,image_000008.jpg,training/P05/BLACK/S/images/image_000008.jpg,d1bbd5020e1c59d822384e87fcde2fc20011ef8bcfcaf8751cd3c3a317bcb08d,8764,,,true
P05_BLACK_S_000009,P05,BLACK,S,image_000009.jpg,training/P05/BLACK/S/images/image_000009.jpg,2f64961ede1774a615cb1a5c7cf5b059ed2efd2256a9f1246e532184ad4aab84,8651,,,true
P05_BLACK_S_000010,P05,BLACK,S,image_000010.jpg,training/P05/BLACK/S/images/image_000010.jpg,745b9050c133d8227f2c902b12e6544de89186afaa4094a0ce611f39b21280a9,8181,,,true
P05_BLACK_S_000011,P05,BLACK,S,image_000011.jpg,training/P05/BLACK/S/images/image_000011.jpg,a980b18d33b46e2e7fe73e715b7f60a77d2e5f15947bbe82566e4699a28b9758,8648,,,true
P05_BLACK_S_000012,P05,BLACK,S,image_000012.jpg,training/P05/BLACK/S/images/image_000012.jpg,dfbce98e9d7cc681933c4325cf1201c3d091e78f72ef4ce9a35e190b0bd0b9da,9638,,,true
P05_BLACK_S_000013,P05,BLACK,S,image_000013.jpg,training/P05/BLACK/S/images/image_000013.jpg,27169ab6128e3d3cc941201b3f9c83192017e4d59d63d6b8c5fae9bdb94baed8,9587,,,true
P05_BLACK_S_000014,P05,BLACK,S,image_000014.jpg,training/P05/BLACK/S/images/image_000014.jpg,45e151d707bdc132b1007640eb0e0292e8db1761ba447d4010c4c3cf2e503411,9305,,,true
P05_BLACK_S_000015,P05,BLACK,S,image_000015.jpg,training/P05/BLACK/S/images/image_000015.jpg,cb11ff302177503324d56ef55a5d6a0853dbd8309fc95d7a1a2b899b6d53675a,9506,,,true
P05_BLACK_S_000016,P05,BLACK,S,image_000016.jpg,training/P05/BLACK/S/images/image_000016.jpg,192d8f999f654944b149df3763acd16af166b0066bd6fd84441fb71e4f506b5c,8052,,,true
P05_BLACK_S_000017,P05,BLACK,S,image_000017.jpg,training/P05/BLACK/S/images/image_000017.jpg,01a0b5d01430068b374825db472debd0510ba141c86db40fa36b0d8b678fd608,8042,,,true
P05_BLACK_S_000018,P05,BLACK,S,image_000018.jpg,training/P05/BLACK/S/images/image_000018.jpg,5452a202e794c69861cf92ceef406fd1614e2f9c53174ee45794d705b37aadd9,8389,,,true
P05_BLACK_S_000019,P05,BLACK,S,image_000019.jpg,training/P05/BLACK/S/images/image_000019.jpg,8d07c22e3f11ea283c71dc613819dbdb34a8359ac6070be29972a59a4dcafb56,8350,,,true
P05_BLACK_S_000020,P05,BLACK,S,image_000020.jpg,training/P05/BLACK/S/images/image_000020.jpg,a283b5bf60c6e577f1755b5e7b38a0b6ecec7d33736f0317887c43c72d3b476b,8475,,,true
P05_BLACK_S_000021,P05,BLACK,S,image_000021.jpg,training/P05/BLACK/S/images/image_000021.jpg,776328855ec24d4f70e9eb21cafd37b583a5061b7e142d0775d3b20f7ed5232a,8216,,,true
P05_BLACK_S_000022,P05,BLACK,S,image_000022.jpg,training/P05/BLACK/S/images/image_000022.jpg,88503dfc0e54e0cfb86d0cea9492ba5ba9f780069fb838904fb3f60dd34eaf21,8102,,,true
P05_BLACK_S_000023,P05,BLACK,S,image_000023.jpg,training/P05/BLACK/S/images/image_000023.jpg,77cffe1140d8a5ff8963b279f1075b93c267eb847a94b76c3f4d11178ba6ed6a,9545,,,true
P05_BLACK_S_000024,P05,BLACK,S,image_000024.jpg,training/P05/BLACK/S/images/image_000024.jpg,b66453e85fad5f77dcdf87a26e1ca661079f0eca192fcac91f9abd8bc5d8cb1c,9565,,,true
P05_BLACK_S_000025,P05,BLACK,S,image_000025.jpg,training/P05/BLACK/S/images/image_000025.jpg,f7ab73732b21087c34995cb4b2ed36338de4a9f8924928f04cce0885dd56256a,9650,,,true
P05_BLACK_T_000001,P05,BLACK,T,image_000001.jpg,training/P05/BLACK/T/images/image_000001.jpg,2138b4d0b9960982d12109f428a49cae843be0572c53726a4709a5f73b9781a6,9711,,,true
P05_BLACK_T_000002,P05,BLACK,T,image_000002.jpg,training/P05/BLACK/T/images/image_000002.jpg,4e19919875e448b356aeba2b8c1017583be2ca430b38e8dda46579020848ec75,8219,,,true
P05_BLACK_T_000003,P05,BLACK,T,image_000003.jpg,training/P05/BLACK/T/images/image_000003.jpg,fa56df01d72cc8d1bccdfe627b54b6e89c914bd466cec786b70454bb52c1a0a5,8982,,,true
P05_BLACK_T_000004,P05,BLACK,T,image_000004.jpg,training/P05/BLACK/T/images/image_000004.jpg,76d4fd3a516eb21eac6e16e171cd8d0f28231fc7746cd37e320468870769cc94,8575,,,true
P05_BLACK_T_000005,P05,BLACK,T,image_000005.jpg,training/P05/BLACK/T/images/image_000005.jpg,8c56d0f5bb6704bffb5d2cc7f15933304fdda53cf36baa52820f57119d69bf47,9084,,,true
P05_BLACK_T_000006,P05,BLACK,T,image_000006.jpg,training/P05/BLACK/T/images/image_000006.jpg,2c265036f6403704acac47ca5b70a665ae9d00a9be91e3bb59dbff8b62e9b3b4,8067,,,true
P05_BLACK_T_000007,P05,BLACK,T,image_000007.jpg,training/P05/BLACK/T/images/image_000007.jpg,16ef4b21866f6ea67e281be84f1983b01a123b0b61aa052117d51e535dd58abd,8699,,,true
P05_BLACK_T_000008,P05,BLACK,T,image_000008.jpg,training/P05/BLACK/T/images/image_000008.jpg,a4ec38bda5bcca538022e59b9723eef4c7508fa08b7e457bf64c636d7e0f0378,8344,,,true
P05_BLACK_T_000009,P05,BLACK,T,image_000009.jpg,training/P05/BLACK/T/images/image_000009.jpg,6b0706140f35f7d3d3843f04839a68a065f8f6d06071bebeffcb4665a12f4376,9154,,,true
P05_BLACK_T_000010,P05,BLACK,T,image_000010.jpg,training/P05/BLACK/T/images/image_000010.jpg,a5e4e88beda28c537839949b611a4306714ff4a509d8c55b79a5984bf12549c0,8485,,,true
P05_BLACK_T_000011,P05,BLACK,T,image_000011.jpg,training/P05/BLACK/T/images/image_000011.jpg,a59d885bf3f46032b236aed24c351dfb39c09cfa88a35028042ba3e8048562d1,9214,,,true
P05_BLACK_T_000012,P05,BLACK,T,image_000012.jpg,training/P05/BLACK/T/images/image_000012.jpg,67c82bbb66b25c669f807a085201f4b463fa74e2999283bb72626096c1d47a83,8980,,,true
P05_BLACK_T_000013,P05,BLACK,T,image_000013.jpg,training/P05/BLACK/T/images/image_000013.jpg,5f3d9051ca7e3667fdd548d820c103acb72121cb287c6c8d8df4e89403710a96,8619,,,true
P05_BLACK_T_000014,P05,BLACK,T,image_000014.jpg,training/P05/BLACK/T/images/image_000014.jpg,3625aac486169666fd0c521803cd8101ce9bce54a472036180c3d190a6ba001f,9169,,,true
P05_BLACK_T_000015,P05,BLACK,T,image_000015.jpg,training/P05/BLACK/T/images/image_000015.jpg,4d137511e2405470747a0abd9139bc6807a5709979c97ba456fccb092c4a6468,9022,,,true
P05_BLACK_T_000016,P05,BLACK,T,image_000016.jpg,training/P05/BLACK/T/images/image_000016.jpg,f2ba65a3203c8145724779c2b542be930611bad9edaf25544cb801ca762093a3,9201,,,true
P05_BLACK_T_000017,P05,BLACK,T,image_000017.jpg,training/P05/BLACK/T/images/image_000017.jpg,bb7376006698ed68ffa47b91328cdcbdecc81b3cd02878cef0f8dba318f7a67c,9056,,,true
P05_BLACK_T_000018,P05,BLACK,T,image_000018.jpg,training/P05/BLACK/T/images/image_000018.jpg,1cff461d6d4de61a5103ed2da84dc952a4d9fc4f146ca31d3937b7f92737f70a,8241,,,true
P05_BLACK_T_000019,P05,BLACK,T,image_000019.jpg,training/P05/BLACK/T/images/image_000019.jpg,4b838c03b06650b5578f2cb1d776355e3c64a19afc76efbde554fc8c8f1bbe47,8838,,,true
P05_BLACK_T_000020,P05,BLACK,T,image_000020.jpg,training/P05/BLACK/T/images/image_000020.jpg,9e2b002be2e36ffc496934ea6fc71b73e0ec5e919b7a87050a6a1eb009b56921,8504,,,true
P05_BLACK_T_000021,P05,BLACK,T,image_000021.jpg,training/P05/BLACK/T/images/image_000021.jpg,560388a38afb022c4cb17f61444cbf0f385022c230569cdbf32d8acfa2c39627,8342,,,true
P05_BLACK_T_000022,P05,BLACK,T,image_000022.jpg,training/P05/BLACK/T/images/image_000022.jpg,404f2ae9c23315e131018e17e95bb37f1d0b86b0b569e354810206b4dcfe5d49,8314,,,true
P05_BLACK_T_000023,P05,BLACK,T,image_000023.jpg,training/P05/BLACK/T/images/image_000023.jpg,5e8eae70e298c1909c24d6955d8913659cfee930d0b0bfc649ef8abd9709f149,8553,,,true
P05_BLACK_T_000024,P05,BLACK,T,image_000024.jpg,training/P05/BLACK/T/images/image_000024.jpg,732bd2397f63756293728bf9f4b3e1e1d0a191cc5a665646703f3f1e9167c6cc,8700,,,true
P05_BLACK_T_000025,P05,BLACK,T,image_000025.jpg,training/P05/BLACK/T/images/image_000025.jpg,d9aad7029aa91b93ff7eb2ede2fb2641f47e0a075a0aff11e4775aa7482035af,8665,,,true
P05_BLACK_U_000001,P05,BLACK,U,image_000001.jpg,training/P05/BLACK/U/images/image_000001.jpg,127e82058fefe7a376a3dcfabfaf3308b40d802240dec206d2a006bb7a079e87,9797,,,true
P05_BLACK_U_000002,P05,BLACK,U,image_000002.jpg,training/P05/BLACK/U/images/image_000002.jpg,59b8a306781fc9514647e0a9e55a8823a2cbddbe1c7f805f42dd4475bf7b8efe,9439,,,true
P05_BLACK_U_000003,P05,BLACK,U,image_000003.jpg,training/P05/BLACK/U/images/image_000003.jpg,8d291cac3f0982c222044a0d62ffa9ec0aed2573a335937a1ccaf6949c27c496,9389,,,true
P05_BLACK_U_000004,P05,BLACK,U,image_000004.jpg,training/P05/BLACK/U/images/image_000004.jpg,9c2950353debe5a5546b9e51d59b4f1aede10398c90b482701bffd4b6ca923a8,8542,,,true
P05_BLACK_U_000005,P05,BLACK,U,image_000005.jpg,training/P05/BLACK/U/images/image_000005.jpg,3fbb7324d9a3a90b26f89345ce76e553d99ebecdef2fc8b8b89562d97222924d,8314,,,true
P05_BLACK_U_000006,P05,BLACK,U,image_000006.jpg,training/P05/BLACK/U/images/image_000006.jpg,4301d2761f515b705c2903f7186f56213613083fc5194a53a6b36d7e26611aaf,7682,,,true
P05_BLACK_U_000007,P05,BLACK,U,image_000007.jpg,training/P05/BLACK/U/images/image_000007.jpg,5122433d7a53118fe4dc211756f496a9c20e9eeb5e1006e7f6c2e69c4c807f82,8314,,,true
P05_BLACK_U_000008,P05,BLACK,U,image_000008.jpg,training/P05/BLACK/U/images/image_000008.jpg,6dbdf98ed622011130ba147d5b38698169c6acc67237294313849b74ed5b116f,8631,,,true
P05_BLACK_U_000009,P05,BLACK,U,image_000009.jpg,training/P05/BLACK/U/images/image_000009.jpg,7f3b47402aeb4c17911b6139e1559c112ab71c15bb4005ea73a3d77be349446c,8676,,,true
P05_BLACK_U_000010,P05,BLACK,U,image_000010.jpg,training/P05/BLACK/U/images/image_000010.jpg,9748ddaa7975b2b7f4be6fc425626d195e5481a519a517da5809e96605781fbc,8698,,,true
P05_BLACK_U_000011,P05,BLACK,U,image_000011.jpg,training/P05/BLACK/U/images/image_000011.jpg,7e282344097840c312758ee02c4c5d5380d528f6255511931b8084ee90ac9f93,8884,,,true
P05_BLACK_U_000012,P05,BLACK,U,image_000012.jpg,training/P05/BLACK/U/images/image_000012.jpg,23faeb92d1b913bb95e1ab7b52ce0640633513d44d60014b36e783316657b9b2,10031,,,true
P05_BLACK_U_000013,P05,BLACK,U,image_000013.jpg,training/P05/BLACK/U/images/image_000013.jpg,feb5e0fc29124fa09631d9fc8cf2060ec44d540fa8943b7f104446056fa60b8d,9220,,,true
P05_BLACK_U_000014,P05,BLACK,U,image_000014.jpg,training/P05/BLACK/U/images/image_000014.jpg,28d312f37757ab0478b9163d76abdc2fc3654b52ef251ef7eec1da01916bdfaf,8894,,,true
P05_BLACK_U_000015,P05,BLACK,U,image_000015.jpg,training/P05/BLACK/U/images/image_000015.jpg,6be2cb2c9e57969c2b6edf1f3d93871c7e00076a10c04e2bf090ebb9ed79943a,8496,,,true
P05_BLACK_U_000016,P05,BLACK,U,image_000016.jpg,training/P05/BLACK/U/images/image_000016.jpg,3ab5bf52bad3f297c222f27271e79c14dd7a9840635d9d702ca7116020631ba4,8620,,,true
P05_BLACK_U_000017,P05,BLACK,U,image_000017.jpg,training/P05/BLACK/U/images/image_000017.jpg,80c9c0165867c7e6b97adf33f1adbb0674b8cac7852a4852f6ecf8bfe1a42f0e,8054,,,true
P05_BLACK_U_000018,P05,BLACK,U,image_000018.jpg,training/P05/BLACK/U/images/image_000018.jpg,02cdf09a542b76ae4eaf846e7a9e7f1bd959d933ad5e32584773c5e68dc8f46a,7630,,,true
P05_BLACK_U_000019,P05,BLACK,U,image_000019.jpg,training/P05/BLACK/U/images/image_000019.jpg,0a8fe5a1916e3a14fbc428b461f9dc229141a9aceaad9690338b39ebac03ad1b,8200,,,true
P05_BLACK_U_000020,P05,BLACK,U,image_000020.jpg,training/P05/BLACK/U/images/image_000020.jpg,034fbc21d33906143666a0ab23bfd087df6cc554db1e6a5a737f07ac294395eb,7159,,,true
P05_BLACK_U_000021,P05,BLACK,U,image_000021.jpg,training/P05/BLACK/U/images/image_000021.jpg,67d50dae6276731251cb0a7e71bfcc26da75f786769f9a06805a1670095452ff,8755,,,true
P05_BLACK_U_000022,P05,BLACK,U,image_000022.jpg,training/P05/BLACK/U/images/image_000022.jpg,8accbec4917856291bab50ac9f2dd0b42345a4b21b483e679d9abb4381bb3475,9189,,,true
P05_BLACK_U_000023,P05,BLACK,U,image_000023.jpg,training/P05/BLACK/U/images/image_000023.jpg,24533bf6afe56913c95fa2c470482d6d29f70619a74882d43a791b60553b2510,8556,,,true
P05_BLACK_U_000024,P05,BLACK,U,image_000024.jpg,training/P05/BLACK/U/images/image_000024.jpg,417d49f9ec93efd0f1ab70330825bff6e93db629061f45deb072edcd920f1794,9275,,,true
P05_BLACK_U_000025,P05,BLACK,U,image_000025.jpg,training/P05/BLACK/U/images/image_000025.jpg,fb27a02fdf6a98d3b395dea57f0c1198aed9e9850e6dada0f8bd1072fd06afed,9345,,,true
P05_BLACK_V_000001,P05,BLACK,V,image_000001.jpg,training/P05/BLACK/V/images/image_000001.jpg,4488c75cda9d822748c93bdb7fbcf8a0f90ce70102cc301ecf9b1fd1f95d6c86,8915,,,true
P05_BLACK_V_000002,P05,BLACK,V,image_000002.jpg,training/P05/BLACK/V/images/image_000002.jpg,31554817a0f418c84ce49e65cea9a740e8ddb0a25f74cc9ed30c9025bc57603f,8752,,,true
P05_BLACK_V_000003,P05,BLACK,V,image_000003.jpg,training/P05/BLACK/V/images/image_000003.jpg,5344f3795cfc374b8f1a07b501d3383369f6940cc8ac12add5c533e0a8346a2b,8902,,,true
P05_BLACK_V_000004,P05,BLACK,V,image_000004.jpg,training/P05/BLACK/V/images/image_000004.jpg,0d8b05bf41eea306ef107cd7bd5d0b9c76e73cdbb402285b2d803710e9999d9a,9218,,,true
P05_BLACK_V_000005,P05,BLACK,V,image_000005.jpg,training/P05/BLACK/V/images/image_000005.jpg,912b65c37793036b58803ee06d6eb28fe480dca9552ca864a1c2b0fef04d4cdb,9441,,,true
P05_BLACK_V_000006,P05,BLACK,V,image_000006.jpg,training/P05/BLACK/V/images/image_000006.jpg,c756b385ad8058ea81fbcf882783ac26871dca6a37396cedae43c51432023ed9,9833,,,true
P05_BLACK_V_000007,P05,BLACK,V,image_000007.jpg,training/P05/BLACK/V/images/image_000007.jpg,ebfa8068aa4b84c13f571ccbfe9670fd4e7db306daf6218575fc4bb78f9952a7,9007,,,true
P05_BLACK_V_000008,P05,BLACK,V,image_000008.jpg,training/P05/BLACK/V/images/image_000008.jpg,2895cd5479e62ffa2f611f286fbbeb9986153bbdfcbceb7fa78a0b45a6bac4f5,9021,,,true
P05_BLACK_V_000009,P05,BLACK,V,image_000009.jpg,training/P05/BLACK/V/images/image_000009.jpg,ec22e5c237b975f8b54f51a8f1418849548ae5c333d865963dad828bdfa0e30d,8980,,,true
P05_BLACK_V_000010,P05,BLACK,V,image_000010.jpg,training/P05/BLACK/V/images/image_000010.jpg,7b6136563ba80b51c8c60c72df9ed2bc791fa0e9a31efd4692da8fad78eeb8cb,8774,,,true
P05_BLACK_V_000011,P05,BLACK,V,image_000011.jpg,training/P05/BLACK/V/images/image_000011.jpg,0429976ecd8dd4885dc390a362eddcb263dc81a24f2c5f71824b6d78590357d7,8773,,,true
P05_BLACK_V_000012,P05,BLACK,V,image_000012.jpg,training/P05/BLACK/V/images/image_000012.jpg,503272c1c3d51a91bbe0d2f4790488769218f3330d4adb06e737f4ae20a24058,8768,,,true
P05_BLACK_V_000013,P05,BLACK,V,image_000013.jpg,training/P05/BLACK/V/images/image_000013.jpg,2416d128dab4f46bf08d203605abcc34a174cfe86428aabc8bc3dc5776f27969,9214,,,true
P05_BLACK_V_000014,P05,BLACK,V,image_000014.jpg,training/P05/BLACK/V/images/image_000014.jpg,07975e33282bd3b2f0f09ad8dda9c2f83adc4596df03f8bf6ae8ef6f3f97c772,8968,,,true
P05_BLACK_V_000015,P05,BLACK,V,image_000015.jpg,training/P05/BLACK/V/images/image_000015.jpg,e6f4141c7eaf40e95f5d216dc062760840320204b275641950056b4be20c38c8,8799,,,true
P05_BLACK_V_000016,P05,BLACK,V,image_000016.jpg,training/P05/BLACK/V/images/image_000016.jpg,5adc6e8a600689623d854fffedc5809676d0a4e6bf78a8ba40d5740bb2527298,8964,,,true
P05_BLACK_V_000017,P05,BLACK,V,image_000017.jpg,training/P05/BLACK/V/images/image_000017.jpg,db0f82b15b3ed8d2e8ff2a995c099cc4ae68e923e196114d5db285d976aac545,9246,,,true
P05_BLACK_V_000018,P05,BLACK,V,image_000018.jpg,training/P05/BLACK/V/images/image_000018.jpg,14305c8b7c89001e23a437ff8fed5e35a6d3650b5280ecae6dfe53199e530615,8441,,,true
P05_BLACK_V_000019,P05,BLACK,V,image_000019.jpg,training/P05/BLACK/V/images/image_000019.jpg,4fd3e9859cfb5a7f79b93aea722e5f75727553a486978e66f52b2fbb92924ecc,8886,,,true
P05_BLACK_V_000020,P05,BLACK,V,image_000020.jpg,training/P05/BLACK/V/images/image_000020.jpg,c6aa6723eb794da7b3d27710525811c496ceae52af4337d8e9ec8d24c9ebd0b4,8783,,,true
P05_BLACK_V_000021,P05,BLACK,V,image_000021.jpg,training/P05/BLACK/V/images/image_000021.jpg,0c35cf5c2e3dbcdf470be69468a113bd6ef7d095f86c2b8ff2992151ba647bb7,7641,,,true
P05_BLACK_V_000022,P05,BLACK,V,image_000022.jpg,training/P05/BLACK/V/images/image_000022.jpg,e4a924011236db07b93c826eacb1909b4c548f2564513852c2cbb02c497319b5,8162,,,true
P05_BLACK_V_000023,P05,BLACK,V,image_000023.jpg,training/P05/BLACK/V/images/image_000023.jpg,525af5334aac5b5ace67064356a9c92e69e578be6858cb167dbdb1ad4c09e1d6,8294,,,true
P05_BLACK_V_000024,P05,BLACK,V,image_000024.jpg,training/P05/BLACK/V/images/image_000024.jpg,464417a2caf2bd6bc77e312f746ffe843aded7e4b59fd7fe6bb0787ef997b754,8385,,,true
P05_BLACK_V_000025,P05,BLACK,V,image_000025.jpg,training/P05/BLACK/V/images/image_000025.jpg,313a86dd1fb026bcd6907ea10809610b84504130a4d50a275d5801763930d89e,8226,,,true
P05_BLACK_W_000001,P05,BLACK,W,image_000001.jpg,training/P05/BLACK/W/images/image_000001.jpg,cc122bf1b0ef8f087c4cf5ed8860d8eb33e0cdcd4fade89cbc0afc14d12d1f54,8199,,,true
P05_BLACK_W_000002,P05,BLACK,W,image_000002.jpg,training/P05/BLACK/W/images/image_000002.jpg,b990f9d9fdfaa574a67fb3653d823193b7f6c64435aa7e7fb57061a0cf3cb1b0,8275,,,true
P05_BLACK_W_000003,P05,BLACK,W,image_000003.jpg,training/P05/BLACK/W/images/image_000003.jpg,3f041f33e0a67b7c99fe2d6bd9b602058f219a363cfebafaeba00b50e27da465,8438,,,true
P05_BLACK_W_000004,P05,BLACK,W,image_000004.jpg,training/P05/BLACK/W/images/image_000004.jpg,04cf028ff2702f122671761bfc635c1d78f1c1225823083c74e74465e5341c87,9068,,,true
P05_BLACK_W_000005,P05,BLACK,W,image_000005.jpg,training/P05/BLACK/W/images/image_000005.jpg,c5ae04791eba6f94125ba6c896eb6b823eaaec8d7b9566df753b5b6f711baf98,8213,,,true
P05_BLACK_W_000006,P05,BLACK,W,image_000006.jpg,training/P05/BLACK/W/images/image_000006.jpg,2ddee7af5e05024de32d6fac2e2277736fc33e7d0cb230d11ebb8f7afceb9ec0,8521,,,true
P05_BLACK_W_000007,P05,BLACK,W,image_000007.jpg,training/P05/BLACK/W/images/image_000007.jpg,d4891074e36ce7aed4344bbf4f069358cbbe311a1412ead7c837d7d0c75f21b7,8186,,,true
P05_BLACK_W_000008,P05,BLACK,W,image_000008.jpg,training/P05/BLACK/W/images/image_000008.jpg,f58320a071c47523e95dfa63269c8ca7679d85b36b2418dcb799278e7c06103c,8422,,,true
P05_BLACK_W_000009,P05,BLACK,W,image_000009.jpg,training/P05/BLACK/W/images/image_000009.jpg,4d453ab35d663d72c828d382e07d40ef6c63105193409f67d6ecb548bb5ab229,8535,,,true
P05_BLACK_W_000010,P05,BLACK,W,image_000010.jpg,training/P05/BLACK/W/images/image_000010.jpg,704c9414e0f04a83cd1456e6e16bc8cd544646d9c0e45a358cf6561d608ab0d9,8151,,,true
P05_BLACK_W_000011,P05,BLACK,W,image_000011.jpg,training/P05/BLACK/W/images/image_000011.jpg,68b5cd6cee7a08c029531f15ac7251b55203599f052d99179d1f5756a7858880,8667,,,true
P05_BLACK_W_000012,P05,BLACK,W,image_000012.jpg,training/P05/BLACK/W/images/image_000012.jpg,5f9bd806e6ebebbc4971fb3dbfdc195cc3440ee177649a48e3d6234985c0b76f,8744,,,true
P05_BLACK_W_000013,P05,BLACK,W,image_000013.jpg,training/P05/BLACK/W/images/image_000013.jpg,44845e9a56fb178cf4715dc7afc4e2bc39815bad6652f1840cabad7f2cff5422,8499,,,true
P05_BLACK_W_000014,P05,BLACK,W,image_000014.jpg,training/P05/BLACK/W/images/image_000014.jpg,aed802c2e5568e91cad8ee8add334e38dd70fee89999d9e267a2bb4009bb932a,8575,,,true
P05_BLACK_W_000015,P05,BLACK,W,image_000015.jpg,training/P05/BLACK/W/images/image_000015.jpg,4dac32210b738eefdc4206020f3a1a64d132a370144eef0ccb25bd360a02f3be,9411,,,true
P05_BLACK_W_000016,P05,BLACK,W,image_000016.jpg,training/P05/BLACK/W/images/image_000016.jpg,ce9049fd4de02aabe28d900d103eeec223419d38c5ef7c0fa93c11e21be46261,9052,,,true
P05_BLACK_W_000017,P05,BLACK,W,image_000017.jpg,training/P05/BLACK/W/images/image_000017.jpg,7616069ec05290856b663385034fcf65c74d383b6793cf1cbe96e30433d119e6,9003,,,true
P05_BLACK_W_000018,P05,BLACK,W,image_000018.jpg,training/P05/BLACK/W/images/image_000018.jpg,fc2b7ed1c8dacdbfc54435c22d374399c9a1dc89b75b1f9ec4005c02cbfa5329,9147,,,true
P05_BLACK_W_000019,P05,BLACK,W,image_000019.jpg,training/P05/BLACK/W/images/image_000019.jpg,3db03168f6ca5a3f47919178fac7eb3d3f32f8a6c52e17c4ce749421f7052f6c,8386,,,true
P05_BLACK_W_000020,P05,BLACK,W,image_000020.jpg,training/P05/BLACK/W/images/image_000020.jpg,0092e465d95e825fafa3a4e7bd6fbfdbefa76f6299cba46a98734f7f2629c78d,9063,,,true
P05_BLACK_W_000021,P05,BLACK,W,image_000021.jpg,training/P05/BLACK/W/images/image_000021.jpg,d1855f100e155228ab3436b342095fff0078cd8c77df63854e4d49f35a69ce43,8602,,,true
P05_BLACK_W_000022,P05,BLACK,W,image_000022.jpg,training/P05/BLACK/W/images/image_000022.jpg,62c1a0c72d1de31145d06ca164a641e63c422990ab9a016a67cb49ce1187a56f,8551,,,true
P05_BLACK_W_000023,P05,BLACK,W,image_000023.jpg,training/P05/BLACK/W/images/image_000023.jpg,dd765f9a47367b451e143a38dc44daede384f12a3875487c6f50b59394c7248c,8551,,,true
P05_BLACK_W_000024,P05,BLACK,W,image_000024.jpg,training/P05/BLACK/W/images/image_000024.jpg,405a7521fbd38a281a5be62416bd333881d7e46dd288ba5083155f59d4312735,8670,,,true
P05_BLACK_W_000025,P05,BLACK,W,image_000025.jpg,training/P05/BLACK/W/images/image_000025.jpg,24c1c1378f319d61b36be0554cbd680ced1dba890e32eab6556fa45d509fb417,8755,,,true
P05_BLACK_Y_000001,P05,BLACK,Y,image_000001.jpg,training/P05/BLACK/Y/images/image_000001.jpg,36f385302e5e14b510d8503d77d2a54a8d73afd97a191a616f598317faa50139,8876,,,true
P05_BLACK_Y_000002,P05,BLACK,Y,image_000002.jpg,training/P05/BLACK/Y/images/image_000002.jpg,a962d5f9ddbfbeab4fa5359dbde1143c05e3b774c17a25187023bc3b898ab707,8994,,,true
P05_BLACK_Y_000003,P05,BLACK,Y,image_000003.jpg,training/P05/BLACK/Y/images/image_000003.jpg,4603bc3bd093d93ea85e6619eaa8d897e3a95898cba331a012d28e9a8c8a53ee,8948,,,true
P05_BLACK_Y_000004,P05,BLACK,Y,image_000004.jpg,training/P05/BLACK/Y/images/image_000004.jpg,b752fc712202169aca8de902bbad985ab74476baf1637cc36c88b29fd2b0b6ce,8995,,,true
P05_BLACK_Y_000005,P05,BLACK,Y,image_000005.jpg,training/P05/BLACK/Y/images/image_000005.jpg,e5c95059e8daa3cb0eb769da6cad95b10908bee633be8c982dd7ad0acdaabad7,8732,,,true
P05_BLACK_Y_000006,P05,BLACK,Y,image_000006.jpg,training/P05/BLACK/Y/images/image_000006.jpg,839fde2d8138d9982fb0e07a42740de769544a40d7d83dc4d1e3e8709373cf40,8725,,,true
P05_BLACK_Y_000007,P05,BLACK,Y,image_000007.jpg,training/P05/BLACK/Y/images/image_000007.jpg,04b4b1b26e55bd0df3b929632502b3c518fb8fbc8f93719c24fbae0c40640316,7925,,,true
P05_BLACK_Y_000008,P05,BLACK,Y,image_000008.jpg,training/P05/BLACK/Y/images/image_000008.jpg,f8fd8ed8a3219728bd33ef1852e1851ba741a4c09ea2661d4d32b1e9275a4971,8235,,,true
P05_BLACK_Y_000009,P05,BLACK,Y,image_000009.jpg,training/P05/BLACK/Y/images/image_000009.jpg,b7e9c0aa63b4f3afe53e02c58d32612025a56ae87f10f2d4c9bbd9de6886725a,8111,,,true
P05_BLACK_Y_000010,P05,BLACK,Y,image_000010.jpg,training/P05/BLACK/Y/images/image_000010.jpg,44ba9a90284da91448b1ccfe810edb82e3a54ff40fd6734795222a965ec03e83,7966,,,true
P05_BLACK_Y_000011,P05,BLACK,Y,image_000011.jpg,training/P05/BLACK/Y/images/image_000011.jpg,6870be151d33973ca942ffd163d335047b185cc5db9984381cd66ddcf8bc2dbb,8400,,,true
P05_BLACK_Y_000012,P05,BLACK,Y,image_000012.jpg,training/P05/BLACK/Y/images/image_000012.jpg,7ff082c1ffcf5d2151a930772504ebe7218ea7616f7787a8ee2b1bfb9cd58c72,8945,,,true
P05_BLACK_Y_000013,P05,BLACK,Y,image_000013.jpg,training/P05/BLACK/Y/images/image_000013.jpg,c427182672a02ca7304add82d9356d6ddbc7cfa347179994d9936d145ed15870,8368,,,true
P05_BLACK_Y_000014,P05,BLACK,Y,image_000014.jpg,training/P05/BLACK/Y/images/image_000014.jpg,61bb496b6ec9ff0ecfc8ecbb0df830fca1ac4a1ffb347ed75c06b01ff232785a,7699,,,true
P05_BLACK_Y_000015,P05,BLACK,Y,image_000015.jpg,training/P05/BLACK/Y/images/image_000015.jpg,5d24820bcaaa1d5395de0a3029a60cfa6ce4537ee85598845981d0cf082252a9,8400,,,true
P05_BLACK_Y_000016,P05,BLACK,Y,image_000016.jpg,training/P05/BLACK/Y/images/image_000016.jpg,14badc5ef2b81376c51d37a61fb6133b64ca72c0beff4718e676eb7bd6ca9228,8510,,,true
P05_BLACK_Y_000017,P05,BLACK,Y,image_000017.jpg,training/P05/BLACK/Y/images/image_000017.jpg,c00179d426ae574a61449748004998420083793e04aaa1f1c3aa394b2ba98421,8567,,,true
P05_BLACK_Y_000018,P05,BLACK,Y,image_000018.jpg,training/P05/BLACK/Y/images/image_000018.jpg,37c45c853d51baf201df532b8a8ce471c72389f3fb49eb85b02aa974e67573c4,8464,,,true
P05_BLACK_Y_000019,P05,BLACK,Y,image_000019.jpg,training/P05/BLACK/Y/images/image_000019.jpg,84aff7c909e0d5ed719714b9b9e73cfd0b59f791b516ab3d1e459879962e3fe1,8423,,,true
P05_BLACK_Y_000020,P05,BLACK,Y,image_000020.jpg,training/P05/BLACK/Y/images/image_000020.jpg,e8311ef32b9af1fc38adc130d8116c52dc49b5c7cf9391829a33f627b76d691a,8160,,,true
P05_BLACK_Y_000021,P05,BLACK,Y,image_000021.jpg,training/P05/BLACK/Y/images/image_000021.jpg,f326f1aaaec35d56376c17b0df6947ce61a84b5dc51c2dd6781f2d2d0856c38e,8771,,,true
P05_BLACK_Y_000022,P05,BLACK,Y,image_000022.jpg,training/P05/BLACK/Y/images/image_000022.jpg,8270c84d19deecb23cd2a2f6d55036cd7abb0608bac9f816068f6f948d7af855,7941,,,true
P05_BLACK_Y_000023,P05,BLACK,Y,image_000023.jpg,training/P05/BLACK/Y/images/image_000023.jpg,151b0ec55b63f7ab9969f2a4e34afce315ac6ab8683959519fb335e3fd49cc4b,8088,,,true
P05_BLACK_Y_000024,P05,BLACK,Y,image_000024.jpg,training/P05/BLACK/Y/images/image_000024.jpg,db70fbaf0d0b061d3b9e91a1aefbceb3d5ca6709f41360bd0b1277f94df2750b,8080,,,true
P05_BLACK_Y_000025,P05,BLACK,Y,image_000025.jpg,training/P05/BLACK/Y/images/image_000025.jpg,e332f22152d98e8fbc4219dd4d201fc8fb33edc4c61a95a0cd77674f80b2878e,8984,,,true
P05_WHITE_A_000001,P05,WHITE,A,image_000001.jpg,training/P05/WHITE/A/images/image_000001.jpg,777bc25ee767b897ebff1e5fc32016c9e1e3cbd218618bddd70a487212b46a6c,8566,,,true
P05_WHITE_A_000002,P05,WHITE,A,image_000002.jpg,training/P05/WHITE/A/images/image_000002.jpg,b89ca6fdceeed9e212c023ff2ba27a31f02fe4b9431820d1892d1f711f27f876,9022,,,true
P05_WHITE_A_000003,P05,WHITE,A,image_000003.jpg,training/P05/WHITE/A/images/image_000003.jpg,c48e924918898a513bae450ab9adc479fb9be1187e43bd12e5154ab5db702ebe,8929,,,true
P05_WHITE_A_000004,P05,WHITE,A,image_000004.jpg,training/P05/WHITE/A/images/image_000004.jpg,89c390fa80595624bdeeb4ca3219ca17427c666addaace41ce68c2db3a0037fc,8145,,,true
P05_WHITE_A_000005,P05,WHITE,A,image_000005.jpg,training/P05/WHITE/A/images/image_000005.jpg,05a529fa92f98d26ac63b9df82e092ea83a67f9825c2ee552ff5515a8486e59c,8163,,,true
P05_WHITE_A_000006,P05,WHITE,A,image_000006.jpg,training/P05/WHITE/A/images/image_000006.jpg,dfb56180115a0a888c044477c6b0734c431439a3853152b1f9045481d8be719e,8138,,,true
P05_WHITE_A_000007,P05,WHITE,A,image_000007.jpg,training/P05/WHITE/A/images/image_000007.jpg,e108fd5a3501d87194832b12e68f2aa4db59f18c446c7dd5a3a12b9e44df8732,8683,,,true
P05_WHITE_A_000008,P05,WHITE,A,image_000008.jpg,training/P05/WHITE/A/images/image_000008.jpg,55bd139fde4a7389fe206f9b6bc153286ee528a46b8049b4b98c2ca862cd827e,8628,,,true
P05_WHITE_A_000009,P05,WHITE,A,image_000009.jpg,training/P05/WHITE/A/images/image_000009.jpg,3a43cc6813848d28994d628aeb516654faef705fa1b9dd5360e97f214b4b4786,7184,,,true
P05_WHITE_A_000010,P05,WHITE,A,image_000010.jpg,training/P05/WHITE/A/images/image_000010.jpg,976cc53b259e9eb66ef03ed58aebabcf67e04b72bb1aa72d1f85ebf06287b40d,7304,,,true
P05_WHITE_A_000011,P05,WHITE,A,image_000011.jpg,training/P05/WHITE/A/images/image_000011.jpg,4a28ff9f76e6aebb54eff0f13f05676a3179783f3f0adf2df2d9db421ff4d68d,8112,,,true
P05_WHITE_A_000012,P05,WHITE,A,image_000012.jpg,training/P05/WHITE/A/images/image_000012.jpg,d13df053f3fe845d7ab18c4b5d7a1e53930f14c31c4e95c3f770c9bc7b8fe47e,6988,,,true
P05_WHITE_A_000013,P05,WHITE,A,image_000013.jpg,training/P05/WHITE/A/images/image_000013.jpg,fb80f9e5a93301cf6cb1b56aa05e9d1611d062ba9a0b39b936f1c7ad4b1c664d,7156,,,true
P05_WHITE_A_000014,P05,WHITE,A,image_000014.jpg,training/P05/WHITE/A/images/image_000014.jpg,3b9d7203197ee28dba7e806398e9ba91b59a6e9edb1eabb972b6de61f24b30fc,6609,,,true
P05_WHITE_A_000015,P05,WHITE,A,image_000015.jpg,training/P05/WHITE/A/images/image_000015.jpg,d65dee422f2b24158e38b274fe726e8b5a5cfc3caceb41a61f49d21be464691a,7772,,,true
P05_WHITE_A_000016,P05,WHITE,A,image_000016.jpg,training/P05/WHITE/A/images/image_000016.jpg,e535a8bea34b5e667eb6bef032e267059595cafcce9d0d1f1baa0d98799f4c0f,7969,,,true
P05_WHITE_A_000017,P05,WHITE,A,image_000017.jpg,training/P05/WHITE/A/images/image_000017.jpg,9d5e37915355c972fe36276d62da287cd7300997012db3fc791772447490a24d,6112,,,true
P05_WHITE_A_000018,P05,WHITE,A,image_000018.jpg,training/P05/WHITE/A/images/image_000018.jpg,c5f93644f967989fcf50a9cd0086ef371c065784f048ae0fb532a9da3c04694c,6293,,,true
P05_WHITE_A_000019,P05,WHITE,A,image_000019.jpg,training/P05/WHITE/A/images/image_000019.jpg,b609abbaa7f17da12dd80207d92629d99edc3c45cf6e1e3f37abd155beb660c4,7348,,,true
P05_WHITE_A_000020,P05,WHITE,A,image_000020.jpg,training/P05/WHITE/A/images/image_000020.jpg,0135a1451e46ab1660b6fb22cff6dc80628cf26115f18b4f53c631420b70c8a6,6688,,,true
P05_WHITE_A_000021,P05,WHITE,A,image_000021.jpg,training/P05/WHITE/A/images/image_000021.jpg,c12dbb3090d5519d338a81808d3cbfdd52a549cadfd22f3cbde88026fcd2704f,6596,,,true
P05_WHITE_A_000022,P05,WHITE,A,image_000022.jpg,training/P05/WHITE/A/images/image_000022.jpg,0c54b46186f8521265219eba6c69b9529a64f7b6be27beb35d59cdbe714017e8,7579,,,true
P05_WHITE_A_000023,P05,WHITE,A,image_000023.jpg,training/P05/WHITE/A/images/image_000023.jpg,e021be17a6a5260ccc2ed05e20828165473dc0e7f4046e83fed83a5565d1fcbc,8075,,,true
P05_WHITE_A_000024,P05,WHITE,A,image_000024.jpg,training/P05/WHITE/A/images/image_000024.jpg,ab5da39855653f277b97d6b4b3bdd94ac25079da9a1e06074741a56325b6b81c,7380,,,true
P05_WHITE_A_000025,P05,WHITE,A,image_000025.jpg,training/P05/WHITE/A/images/image_000025.jpg,57508d1e8aa6126127da6d83ea0a2d56ff04288e4207497521262e2cf6320d6f,7250,,,true
P05_WHITE_B_000001,P05,WHITE,B,image_000001.jpg,training/P05/WHITE/B/images/image_000001.jpg,15984ae2f3d8533dac7e13be256c357531e19ff80ec4712488e470dd4e001bdd,8822,,,true
P05_WHITE_B_000002,P05,WHITE,B,image_000002.jpg,training/P05/WHITE/B/images/image_000002.jpg,3c9cc159e47edc9721d05a81a07ee02a48dfafe1081ecaa905cd9212c6d62a67,7656,,,true
P05_WHITE_B_000003,P05,WHITE,B,image_000003.jpg,training/P05/WHITE/B/images/image_000003.jpg,5c9a7fae325f644a2eb454e238b123de582823ba7939063543c2e524036c064a,7883,,,true
P05_WHITE_B_000004,P05,WHITE,B,image_000004.jpg,training/P05/WHITE/B/images/image_000004.jpg,e9c9511cc33e565b8616ddbaae6f5926f4c428dbb06b0ed23f2afd26cca6e986,7518,,,true
P05_WHITE_B_000005,P05,WHITE,B,image_000005.jpg,training/P05/WHITE/B/images/image_000005.jpg,3f2beb66521c0d9943611c6c112690e7784aabb83c07e330942574a4db9d9f97,8005,,,true
P05_WHITE_B_000006,P05,WHITE,B,image_000006.jpg,training/P05/WHITE/B/images/image_000006.jpg,d65c4bb373e55dba004160d58b7d611b706da202cfb2fade01ee83a37efebd57,7857,,,true
P05_WHITE_B_000007,P05,WHITE,B,image_000007.jpg,training/P05/WHITE/B/images/image_000007.jpg,c737a8bc37ac3c4146e504ec903502a8284162886c57f63ac59d57271dc4e616,7527,,,true
P05_WHITE_B_000008,P05,WHITE,B,image_000008.jpg,training/P05/WHITE/B/images/image_000008.jpg,1768bc188e9d2f12177df1c1729a3aa3ef33ce6d204464adb6e1b20f3d79553d,7260,,,true
P05_WHITE_B_000009,P05,WHITE,B,image_000009.jpg,training/P05/WHITE/B/images/image_000009.jpg,351652789ce3e6ec0e38953cbda6c9338051f05ba2cb4a120280485e4042736b,7779,,,true
P05_WHITE_B_000010,P05,WHITE,B,image_000010.jpg,training/P05/WHITE/B/images/image_000010.jpg,63e60baf66c4dffa63d4b712ff3b97e27a96c2516ceaaa9cde54b558370d071b,7828,,,true
P05_WHITE_B_000011,P05,WHITE,B,image_000011.jpg,training/P05/WHITE/B/images/image_000011.jpg,ce76155a86f930c75fd29f47ca4ae8b2639a05db50c97fffedf2e7f002298276,8231,,,true
P05_WHITE_B_000012,P05,WHITE,B,image_000012.jpg,training/P05/WHITE/B/images/image_000012.jpg,61de987191719759dc5edb9e2ec0138875c10d033e0216c51d76833e1e3137f1,8095,,,true
P05_WHITE_B_000013,P05,WHITE,B,image_000013.jpg,training/P05/WHITE/B/images/image_000013.jpg,cdb5e1c90b62967f3d95f565c73825a6843158b1c45b9bcabc8bde24b58abf01,7918,,,true
P05_WHITE_B_000014,P05,WHITE,B,image_000014.jpg,training/P05/WHITE/B/images/image_000014.jpg,3d82272a4ead24ea8f726139b4ecae1cf2613e68a9dafaecc0b08eafa2d0aac0,7333,,,true
P05_WHITE_B_000015,P05,WHITE,B,image_000015.jpg,training/P05/WHITE/B/images/image_000015.jpg,0808ea32a764e41934c0ee09d58d1ff791931860b0ced2dbc5b16b32ee31f0a0,6926,,,true
P05_WHITE_B_000016,P05,WHITE,B,image_000016.jpg,training/P05/WHITE/B/images/image_000016.jpg,11b2f18ab3e2a2a891f21416fe5087bc57bd55126d9d7c28d73d5850b335ce91,7752,,,true
P05_WHITE_B_000017,P05,WHITE,B,image_000017.jpg,training/P05/WHITE/B/images/image_000017.jpg,6c518fd1b07962d57cc93bf235317aac97c392efa0fc50576fdd3445845c48b2,7810,,,true
P05_WHITE_B_000018,P05,WHITE,B,image_000018.jpg,training/P05/WHITE/B/images/image_000018.jpg,f3fc49a9e706191426f4080d07f5f6c9302c84318c3da485f9d5f18cc9e4b130,7348,,,true
P05_WHITE_B_000019,P05,WHITE,B,image_000019.jpg,training/P05/WHITE/B/images/image_000019.jpg,a4f80424f08510b2cf3e85b72a24b8fa027f3cf97107b76dd768ec9bd5e01458,7332,,,true
P05_WHITE_B_000020,P05,WHITE,B,image_000020.jpg,training/P05/WHITE/B/images/image_000020.jpg,b88fd6c3449e6324fbc44efcdd15ee9c8f748b39448db9222a79f06566d2ca8f,7100,,,true
P05_WHITE_B_000021,P05,WHITE,B,image_000021.jpg,training/P05/WHITE/B/images/image_000021.jpg,582911a8fad2607c281d0abdeb13aec6c59051138c59683d1e7b4124dda0e981,7294,,,true
P05_WHITE_B_000022,P05,WHITE,B,image_000022.jpg,training/P05/WHITE/B/images/image_000022.jpg,f7e4c9f95bdbd6aa9bdffa9a342b167de1055ccfd3cfb22451ec8104deb7b7ff,7641,,,true
P05_WHITE_B_000023,P05,WHITE,B,image_000023.jpg,training/P05/WHITE/B/images/image_000023.jpg,955f0e078f33419264adb7e85b6bc5d02c4622baf963152ffe2f9fe39fd17fbb,7960,,,true
P05_WHITE_B_000024,P05,WHITE,B,image_000024.jpg,training/P05/WHITE/B/images/image_000024.jpg,1f7a7c2fe1ef904fba529c8f7717335bcb2da10ad9572e81bd8381aefea69890,7043,,,true
P05_WHITE_B_000025,P05,WHITE,B,image_000025.jpg,training/P05/WHITE/B/images/image_000025.jpg,7e08701453b101401443f60c45cbca32fd594eae50e76c10749c2e39c3b6405e,7058,,,true
P05_WHITE_C_000001,P05,WHITE,C,image_000001.jpg,training/P05/WHITE/C/images/image_000001.jpg,dcc3d619c747d0ab477df7452b3f021cfd82e441508fdf2c287f24f0e3c527fa,7522,,,true
P05_WHITE_C_000002,P05,WHITE,C,image_000002.jpg,training/P05/WHITE/C/images/image_000002.jpg,9332727c50f414d341633200e5597ecfc915b283cbedbad0cd1de465071d98ed,7429,,,true
P05_WHITE_C_000003,P05,WHITE,C,image_000003.jpg,training/P05/WHITE/C/images/image_000003.jpg,ffb7ab98dfe215780a7313e6f4491b76020ea7e7b222de4b89c8c2df9d169a28,7905,,,true
P05_WHITE_C_000004,P05,WHITE,C,image_000004.jpg,training/P05/WHITE/C/images/image_000004.jpg,b9bf3ff35d289647961b2c71d58e301b7a3b2b995459167c24876e13170f86f4,8366,,,true
P05_WHITE_C_000005,P05,WHITE,C,image_000005.jpg,training/P05/WHITE/C/images/image_000005.jpg,cf9aeaa0f207a2e90d4ebd60a583c29fd8c2d4147096573855416715d45690c9,8177,,,true
P05_WHITE_C_000006,P05,WHITE,C,image_000006.jpg,training/P05/WHITE/C/images/image_000006.jpg,853ea99b0ed1e59ba358131e697c67469526d4c130655b7946d5d39511d16bce,8590,,,true
P05_WHITE_C_000007,P05,WHITE,C,image_000007.jpg,training/P05/WHITE/C/images/image_000007.jpg,b920fa301628037a9cf1214023af5a5b70c798d06df543c23ff637ff87496cf4,7275,,,true
P05_WHITE_C_000008,P05,WHITE,C,image_000008.jpg,training/P05/WHITE/C/images/image_000008.jpg,2249872a23395eed63847e1225573389fbd60e58419859bf6bbda28bc2fcdf45,7598,,,true
P05_WHITE_C_000009,P05,WHITE,C,image_000009.jpg,training/P05/WHITE/C/images/image_000009.jpg,12752c41a0c423fbbdcc79a633a69970c49f648560afcdcd7b7afbbec8267ab1,8564,,,true
P05_WHITE_C_000010,P05,WHITE,C,image_000010.jpg,training/P05/WHITE/C/images/image_000010.jpg,72b52b0c14115808e1a8dd3cf613540103ef878722dc204f09d51f7bb7133acc,7863,,,true
P05_WHITE_C_000011,P05,WHITE,C,image_000011.jpg,training/P05/WHITE/C/images/image_000011.jpg,4a26de78be03f423f9b7a54e54f6f732f63587351283d3bd93339aefcd33d36e,8365,,,true
P05_WHITE_C_000012,P05,WHITE,C,image_000012.jpg,training/P05/WHITE/C/images/image_000012.jpg,5043b60338bd4db856f25a1c571bfbf224ac9aab4493ebcee2c3296567b20ab2,8428,,,true
P05_WHITE_C_000013,P05,WHITE,C,image_000013.jpg,training/P05/WHITE/C/images/image_000013.jpg,1676d34ed4be1a50f8ef519ba3b8b99e62936e9261ad239793ff08096a2db788,7855,,,true
P05_WHITE_C_000014,P05,WHITE,C,image_000014.jpg,training/P05/WHITE/C/images/image_000014.jpg,83c641fe59eb2d95e5a71700ba633c6b003e9727cb38fd2370373c00fb2aad12,8314,,,true
P05_WHITE_C_000015,P05,WHITE,C,image_000015.jpg,training/P05/WHITE/C/images/image_000015.jpg,1e51df464634a20dd2805477e73ccc83f36898fbed91827aea449f3cb57e12f9,8752,,,true
P05_WHITE_C_000016,P05,WHITE,C,image_000016.jpg,training/P05/WHITE/C/images/image_000016.jpg,fd02dac462e51c2726329140de6172ed5958acce0ae9b84fb7aaa4e91ec945b8,8128,,,true
P05_WHITE_C_000017,P05,WHITE,C,image_000017.jpg,training/P05/WHITE/C/images/image_000017.jpg,300e4cf74f188b511966840305d1e875f304a98bdc1af3547cbdc684943802dc,8671,,,true
P05_WHITE_C_000018,P05,WHITE,C,image_000018.jpg,training/P05/WHITE/C/images/image_000018.jpg,78f7b52ab7deb84800a60e3108b486cc9f39b20c3aabe238c1e7f46f5cbd648e,8893,,,true
P05_WHITE_C_000019,P05,WHITE,C,image_000019.jpg,training/P05/WHITE/C/images/image_000019.jpg,869b478ed327ed9126cdf4448afa00f0f54a425d51df25215c89b05999d85c22,7780,,,true
P05_WHITE_C_000020,P05,WHITE,C,image_000020.jpg,training/P05/WHITE/C/images/image_000020.jpg,aa667f87f841ef1ba9b92f21c4978dec4d4dd5e0b6d3b7baf95f62a8da58a3a0,8258,,,true
P05_WHITE_C_000021,P05,WHITE,C,image_000021.jpg,training/P05/WHITE/C/images/image_000021.jpg,d8f95dd806f5b3bb1c280e44bb0d06812b17f8de497fba080f145f64735d455f,8110,,,true
P05_WHITE_C_000022,P05,WHITE,C,image_000022.jpg,training/P05/WHITE/C/images/image_000022.jpg,065d2c5f522edae16cb46f70ed858087ec7959c254d64c34f575b36b96f675a8,8500,,,true
P05_WHITE_C_000023,P05,WHITE,C,image_000023.jpg,training/P05/WHITE/C/images/image_000023.jpg,15bbb0ba7204a97e4df126fc5b01f36ac27a8a50aa9ca44af869a2b1e2736692,8127,,,true
P05_WHITE_C_000024,P05,WHITE,C,image_000024.jpg,training/P05/WHITE/C/images/image_000024.jpg,4bd42b42847d2fa4f353ff4ed42183c238cf0723d51b5e4cbe5b3e0ca1d85172,8149,,,true
P05_WHITE_C_000025,P05,WHITE,C,image_000025.jpg,training/P05/WHITE/C/images/image_000025.jpg,ec673bed71b1c5495d96f0531734f94ff9c916eeccf1104f7d2ea9c85d5d7fae,8830,,,true
P05_WHITE_E_000001,P05,WHITE,E,image_000001.jpg,training/P05/WHITE/E/images/image_000001.jpg,974a3926c12a0269554b27a6e0b7c76075e5e9d078852404f8da5efe1fb23a64,8418,,,true
P05_WHITE_E_000002,P05,WHITE,E,image_000002.jpg,training/P05/WHITE/E/images/image_000002.jpg,c65a26b5f9a7df6c447b2376a4a6e861ec32eabaa87136187c790fa6ed9d1731,7580,,,true
P05_WHITE_E_000003,P05,WHITE,E,image_000003.jpg,training/P05/WHITE/E/images/image_000003.jpg,7b6148ec98e3ade54b9d67489dc1055c5d34df350bdde3d903b490a660a62b09,7612,,,true
P05_WHITE_E_000004,P05,WHITE,E,image_000004.jpg,training/P05/WHITE/E/images/image_000004.jpg,fbdf821be99dbf189ecec154c9c1f946cbcd7d816735b46c6487d77129f99625,7812,,,true
P05_WHITE_E_000005,P05,WHITE,E,image_000005.jpg,training/P05/WHITE/E/images/image_000005.jpg,a598c14393a9ec1994b7adcbb30aacfdbc4392f81da3594a6888cfb75ca682f1,8194,,,true
P05_WHITE_E_000006,P05,WHITE,E,image_000006.jpg,training/P05/WHITE/E/images/image_000006.jpg,9812c03ddcb3a444a072d721512020408410f5a6a54f4cc4f347b35086090334,6981,,,true
P05_WHITE_E_000007,P05,WHITE,E,image_000007.jpg,training/P05/WHITE/E/images/image_000007.jpg,cae4cca9f1c468f314475af68ad7b10eb9ca6630584f3d3d1f8f219e25d62aaa,8871,,,true
P05_WHITE_E_000008,P05,WHITE,E,image_000008.jpg,training/P05/WHITE/E/images/image_000008.jpg,81f2f9ac8720c34ad4b98af314c209976ce5a89a8d8d3cb34ffa37fa09a75e10,9442,,,true
P05_WHITE_E_000009,P05,WHITE,E,image_000009.jpg,training/P05/WHITE/E/images/image_000009.jpg,4d66e9a5e6c2acddf1f19d44ec19d7b40598df08a19bad3fa204bf5da75c8903,9544,,,true
P05_WHITE_E_000010,P05,WHITE,E,image_000010.jpg,training/P05/WHITE/E/images/image_000010.jpg,0a1eac1190ca6accedd54fe608c7569c5818c77c9feb392ec350dea598af78e8,7814,,,true
P05_WHITE_E_000011,P05,WHITE,E,image_000011.jpg,training/P05/WHITE/E/images/image_000011.jpg,28cde9399c15b5554a5c30face5d1d6e638d9affc858e8715ade0656bc08b5c0,8421,,,true
P05_WHITE_E_000012,P05,WHITE,E,image_000012.jpg,training/P05/WHITE/E/images/image_000012.jpg,0fed0b14445ef1496d123a5f796d32deffeee045aeaf6e91a2171c8ad7d8f52e,7926,,,true
P05_WHITE_E_000013,P05,WHITE,E,image_000013.jpg,training/P05/WHITE/E/images/image_000013.jpg,0a3bb1f98e5c7cb2339346729ffc0eeee658b69b48ae613d981e7b495b727c1f,8267,,,true
P05_WHITE_E_000014,P05,WHITE,E,image_000014.jpg,training/P05/WHITE/E/images/image_000014.jpg,b84bad837b89adce6814874189e7f3493d80c31beb9491586c5036ab6ac5d3c8,7105,,,true
P05_WHITE_E_000015,P05,WHITE,E,image_000015.jpg,training/P05/WHITE/E/images/image_000015.jpg,3ffc6c880c9ee1eb7c1f9b751104c40b792a79d6b2c0f7bc86899b389a9d2e95,7623,,,true
P05_WHITE_E_000016,P05,WHITE,E,image_000016.jpg,training/P05/WHITE/E/images/image_000016.jpg,c1a544151fec6792be4919b60488a0946acaa8e246067acd55ef5af129435864,8783,,,true
P05_WHITE_E_000017,P05,WHITE,E,image_000017.jpg,training/P05/WHITE/E/images/image_000017.jpg,a9087f3f3b36c7f7ce6af3e2a7e7c550d89dcf3f078c44c3d67bd256d1b6fb1b,7709,,,true
P05_WHITE_E_000018,P05,WHITE,E,image_000018.jpg,training/P05/WHITE/E/images/image_000018.jpg,d40922667f535d1c8b3c92ef4ccf78fecc07958fd86a37c27096dead90cc1d3e,7816,,,true
P05_WHITE_E_000019,P05,WHITE,E,image_000019.jpg,training/P05/WHITE/E/images/image_000019.jpg,4b2de354949263963bd5287949fc0155f6eb03b608117cb7313907c8333f1a52,8298,,,true
P05_WHITE_E_000020,P05,WHITE,E,image_000020.jpg,training/P05/WHITE/E/images/image_000020.jpg,137174211090bdc26a07fda9f6750942be9e52eee506258b9bcfa3c4ff63e1db,7113,,,true
P05_WHITE_E_000021,P05,WHITE,E,image_000021.jpg,training/P05/WHITE/E/images/image_000021.jpg,cdfcf3329a0b899f7bc0a26f63d1b17f3a80d78907e5ab7f46686fa6be9a4971,7224,,,true
P05_WHITE_E_000022,P05,WHITE,E,image_000022.jpg,training/P05/WHITE/E/images/image_000022.jpg,50bd2c514e97562e1c7cdee046d2e385f642542b3a08c99d9f7d760206172f76,8557,,,true
P05_WHITE_E_000023,P05,WHITE,E,image_000023.jpg,training/P05/WHITE/E/images/image_000023.jpg,4ba3e8f7c86fa93b4f03b928e32032d44e02d506bda9895bd9d70ac1d4c51952,8205,,,true
P05_WHITE_E_000024,P05,WHITE,E,image_000024.jpg,training/P05/WHITE/E/images/image_000024.jpg,d9553a8252f8ee6737e90a1ad4cc3e98d8a07744118b6f4128385d18a938ee38,7790,,,true
P05_WHITE_E_000025,P05,WHITE,E,image_000025.jpg,training/P05/WHITE/E/images/image_000025.jpg,86a166df30563b45d46b3e64241e24fa254ad9dca03726975edb1a83ae633710,8292,,,true
P05_WHITE_I_000001,P05,WHITE,I,image_000001.jpg,training/P05/WHITE/I/images/image_000001.jpg,d1398f6de0bed7f6aedf72191ebc868af19b39344f04046c51d696a6cb0ac61a,8508,,,true
P05_WHITE_I_000002,P05,WHITE,I,image_000002.jpg,training/P05/WHITE/I/images/image_000002.jpg,7c1e81365e6df218dbee76aed554217ad67f4c5b8a530cc96c66e9c001abd916,7805,,,true
P05_WHITE_I_000003,P05,WHITE,I,image_000003.jpg,training/P05/WHITE/I/images/image_000003.jpg,279d8fc54f356b4f3a6e1d997671e9d92265030642ea8fec185de7cacd82cb4d,8140,,,true
P05_WHITE_I_000004,P05,WHITE,I,image_000004.jpg,training/P05/WHITE/I/images/image_000004.jpg,c3f83ab634465968843a3631d0f5d2b358eb9b014e4b202ae18f544be859e971,8548,,,true
P05_WHITE_I_000005,P05,WHITE,I,image_000005.jpg,training/P05/WHITE/I/images/image_000005.jpg,1b963aab9e55edf131af0dda07ac72fc56d244aa1c133467ac737009a3568746,7846,,,true
P05_WHITE_I_000006,P05,WHITE,I,image_000006.jpg,training/P05/WHITE/I/images/image_000006.jpg,3e2779434bb7398d21babdf410ab6b672def4b2ed285e4b3af32015f81e47e2b,8506,,,true
P05_WHITE_I_000007,P05,WHITE,I,image_000007.jpg,training/P05/WHITE/I/images/image_000007.jpg,4554db63e5d9f8b9be52eb14f753125138b5339144aad9a8056063f6bbe02742,8611,,,true
P05_WHITE_I_000008,P05,WHITE,I,image_000008.jpg,training/P05/WHITE/I/images/image_000008.jpg,f7a60a71244ebd464939013cdda5c2b9c3a7930998b43402573083365663367c,7365,,,true
P05_WHITE_I_000009,P05,WHITE,I,image_000009.jpg,training/P05/WHITE/I/images/image_000009.jpg,d4e8645bed96083ee2bee0be3e4e789f11cd2e631e9b4e19ff3e0db7e35d3442,8992,,,true
P05_WHITE_I_000010,P05,WHITE,I,image_000010.jpg,training/P05/WHITE/I/images/image_000010.jpg,65250e4953eb624503275d79341f5e9a057a70277c6a4c3953c00e9450840d4d,9176,,,true
P05_WHITE_I_000011,P05,WHITE,I,image_000011.jpg,training/P05/WHITE/I/images/image_000011.jpg,e5dfd7c77b22ab025708c9df11aefc5b01d42972c567fd3d0cc9281cae42a595,8771,,,true
P05_WHITE_I_000012,P05,WHITE,I,image_000012.jpg,training/P05/WHITE/I/images/image_000012.jpg,b36127f616ff363cdef88d4f8d6bb58aa3385b106c7efb0ae9408ca6ef3dba76,8052,,,true
P05_WHITE_I_000013,P05,WHITE,I,image_000013.jpg,training/P05/WHITE/I/images/image_000013.jpg,86f0fc814816b679f7898627dc19a3b831332aa11cf172b4a64ecea95b3047ad,7322,,,true
P05_WHITE_I_000014,P05,WHITE,I,image_000014.jpg,training/P05/WHITE/I/images/image_000014.jpg,426c493502df3e780a780d41ff5fda3d3d316c3a310cd6bc1c688fd714d1d594,7152,,,true
P05_WHITE_I_000015,P05,WHITE,I,image_000015.jpg,training/P05/WHITE/I/images/image_000015.jpg,07f6d05dbf62ee574814cd813f7b898b83085c7a20d84d73ad619727806d10e0,7731,,,true
P05_WHITE_I_000016,P05,WHITE,I,image_000016.jpg,training/P05/WHITE/I/images/image_000016.jpg,0dc721fd7ce8d6c0acacea7782f17c00061b22a8f1f7565a8687920eedcafc49,8001,,,true
P05_WHITE_I_000017,P05,WHITE,I,image_000017.jpg,training/P05/WHITE/I/images/image_000017.jpg,99969ad5480299555a8d9f47af9fdd61e99f84c7ff080649a3641a7729b02837,8838,,,true
P05_WHITE_I_000018,P05,WHITE,I,image_000018.jpg,training/P05/WHITE/I/images/image_000018.jpg,547b1f9bb7ec051b04ca38b65d7c13f3ac2d25aaaa009a096f40fc0db0898f2e,7443,,,true
P05_WHITE_I_000019,P05,WHITE,I,image_000019.jpg,training/P05/WHITE/I/images/image_000019.jpg,e3312559bf4f2fdaf7a4770a932e5b1f2a918bf39503ad4fe27214ebfac5e98d,7360,,,true
P05_WHITE_I_000020,P05,WHITE,I,image_000020.jpg,training/P05/WHITE/I/images/image_000020.jpg,fad6a6dcf552262429beecac545256202c8a91c7e9ecef13ca6ae7cd801bbcea,8020,,,true
P05_WHITE_I_000021,P05,WHITE,I,image_000021.jpg,training/P05/WHITE/I/images/image_000021.jpg,d392f073122628db114fe8cd4b2397abe5c7ee84df6985f5b9979548c3b318be,8103,,,true
P05_WHITE_I_000022,P05,WHITE,I,image_000022.jpg,training/P05/WHITE/I/images/image_000022.jpg,0375f1ecc62e5862714a02a5e7e35b84f4d6c187cbddaf98d365aff5245d9d64,8641,,,true
P05_WHITE_I_000023,P05,WHITE,I,image_000023.jpg,training/P05/WHITE/I/images/image_000023.jpg,1ed717a02ffad2f1934a40848c674aa2c8e90b3c0bcc82d95ac61c1dd2587c23,7599,,,true
P05_WHITE_I_000024,P05,WHITE,I,image_000024.jpg,training/P05/WHITE/I/images/image_000024.jpg,b31f2b3e62e62843b7267ee02fe61a9b34ca786770b52f26687c2bc0223bd17f,6748,,,true
P05_WHITE_I_000025,P05,WHITE,I,image_000025.jpg,training/P05/WHITE/I/images/image_000025.jpg,8368c6b6af171cafe14c4ba510e4cd79ef87ec7c432569a41b3ce8575f0177f7,7796,,,true
P05_WHITE_L_000001,P05,WHITE,L,image_000001.jpg,training/P05/WHITE/L/images/image_000001.jpg,d33df87f58e0ab61cb3e09f72cd0623043d38066fa1fd18fd298fe67d262eddb,7845,,,true
P05_WHITE_L_000002,P05,WHITE,L,image_000002.jpg,training/P05/WHITE/L/images/image_000002.jpg,e8a95485f5133ba114f896fae4d4413e9cb050630a449170da48656d92312796,8471,,,true
P05_WHITE_L_000003,P05,WHITE,L,image_000003.jpg,training/P05/WHITE/L/images/image_000003.jpg,8fe255aaac3250c70ddcfea69a023ee33e849babe225e984fa63ba982cce8ad2,8271,,,true
P05_WHITE_L_000004,P05,WHITE,L,image_000004.jpg,training/P05/WHITE/L/images/image_000004.jpg,b4f038f376c978b12bba4642fa1d9bad9f6749139de56b7a312bb7d144226d5d,7406,,,true
P05_WHITE_L_000005,P05,WHITE,L,image_000005.jpg,training/P05/WHITE/L/images/image_000005.jpg,facd6d51effcdc7e3a71a35b5d257b7201b4afee1aff36b8d264457736154505,8879,,,true
P05_WHITE_L_000006,P05,WHITE,L,image_000006.jpg,training/P05/WHITE/L/images/image_000006.jpg,8acd9ff76889472c73efd62ccc6da5eecc854850d297bf696406c732217e59f2,7952,,,true
P05_WHITE_L_000007,P05,WHITE,L,image_000007.jpg,training/P05/WHITE/L/images/image_000007.jpg,b66ec9f49e3bad918b45c993602c7a671fb3daaeb4f5dec0879a14f4441d1d72,8407,,,true
P05_WHITE_L_000008,P05,WHITE,L,image_000008.jpg,training/P05/WHITE/L/images/image_000008.jpg,58babdb9b7775e2a392395a59542a54637a3061783b4a999c6e51f627e21b4fd,8118,,,true
P05_WHITE_L_000009,P05,WHITE,L,image_000009.jpg,training/P05/WHITE/L/images/image_000009.jpg,2ec47182eb0290fda8c2288e171809e55994c391ec804ca4c03a4587ccad67f3,7864,,,true
P05_WHITE_L_000010,P05,WHITE,L,image_000010.jpg,training/P05/WHITE/L/images/image_000010.jpg,12512476f014adaf8f5af47cbc6ea64411b17d89cfa6ae7eae51918b823769e6,8827,,,true
P05_WHITE_L_000011,P05,WHITE,L,image_000011.jpg,training/P05/WHITE/L/images/image_000011.jpg,f6815a83607122512aeb68bb1e8c9756be873819bd48662228a4a0948a5f4611,8391,,,true
P05_WHITE_L_000012,P05,WHITE,L,image_000012.jpg,training/P05/WHITE/L/images/image_000012.jpg,d1a84442c0eeb52764c02f99270bd0b8451f07f00a90dd79f4d7c6adbdb4b45b,8480,,,true
P05_WHITE_L_000013,P05,WHITE,L,image_000013.jpg,training/P05/WHITE/L/images/image_000013.jpg,aef04933b8c4c0e4c5f1b63991fc6a2f35a46d67de1199211c4358978a954d90,7478,,,true
P05_WHITE_L_000014,P05,WHITE,L,image_000014.jpg,training/P05/WHITE/L/images/image_000014.jpg,c46eaa4b303b0e507faf52b4590c6e13c32c32e598b3006913c2a904980efc81,7560,,,true
P05_WHITE_L_000015,P05,WHITE,L,image_000015.jpg,training/P05/WHITE/L/images/image_000015.jpg,c4fd9ce50caf5ed188b12b013e28bcc3888ed20f597ed21289d9ae39d7961425,8470,,,true
P05_WHITE_L_000016,P05,WHITE,L,image_000016.jpg,training/P05/WHITE/L/images/image_000016.jpg,fa3953d1aeff3570d5cd9c8a0851154bf0c3916b2c8d296a263ee3352156c8be,7944,,,true
P05_WHITE_L_000017,P05,WHITE,L,image_000017.jpg,training/P05/WHITE/L/images/image_000017.jpg,9b8c463ebeb91298e65ea65fe058222b8f871ddc43d877402cd6b822c2c28459,8535,,,true
P05_WHITE_L_000018,P05,WHITE,L,image_000018.jpg,training/P05/WHITE/L/images/image_000018.jpg,607c2a6da0ba8aea7adac0e2e9b7f0ce188448c7bec73f82a4bc43c0796847af,8293,,,true
P05_WHITE_L_000019,P05,WHITE,L,image_000019.jpg,training/P05/WHITE/L/images/image_000019.jpg,bcefaf2f48b5780c4fd3e8dd0a51dea296df24213b8ed47cf5fa535460cc4895,7582,,,true
P05_WHITE_L_000020,P05,WHITE,L,image_000020.jpg,training/P05/WHITE/L/images/image_000020.jpg,76ca09cf20ce016040238c10ed6fc7047b49be693852b3df76cae29485cf340b,7971,,,true
P05_WHITE_L_000021,P05,WHITE,L,image_000021.jpg,training/P05/WHITE/L/images/image_000021.jpg,d5f90a4da46fabb942c8b42bb7378a1256c9628281809c1a48955427dd7c5b67,7965,,,true
P05_WHITE_L_000022,P05,WHITE,L,image_000022.jpg,training/P05/WHITE/L/images/image_000022.jpg,a792338aae54981fe430053d6f65a7c43759ff5de626da90ef9c838903780ca6,8387,,,true
P05_WHITE_L_000023,P05,WHITE,L,image_000023.jpg,training/P05/WHITE/L/images/image_000023.jpg,f1e0b3f159e0bdaf8de6fbe35a9b438af95ff17cbc3a3549038373ddccb065f9,8204,,,true
P05_WHITE_L_000024,P05,WHITE,L,image_000024.jpg,training/P05/WHITE/L/images/image_000024.jpg,4ab41e5f370afe8185050559722d28b4f837af4e26bbbbbcebbd2342533c8629,8311,,,true
P05_WHITE_L_000025,P05,WHITE,L,image_000025.jpg,training/P05/WHITE/L/images/image_000025.jpg,d6819c8ca619445c34aca9d1434de665bf1f299626f2073a7ee230ac521d2544,7285,,,true
P05_WHITE_M_000001,P05,WHITE,M,image_000001.jpg,training/P05/WHITE/M/images/image_000001.jpg,582e3325f1a4408f0d856b74f555a3d4b0e0a2c5b270803597249dd523bc13ca,9003,,,true
P05_WHITE_M_000002,P05,WHITE,M,image_000002.jpg,training/P05/WHITE/M/images/image_000002.jpg,16835f403ca995ae3dc8adf5d8295b9e627491dc5a827b3dec7a72cf092e6741,8387,,,true
P05_WHITE_M_000003,P05,WHITE,M,image_000003.jpg,training/P05/WHITE/M/images/image_000003.jpg,53a236fe2568dfe82a3efacb76d5a819538a549fc6beaa153bd6906c05d42a14,8596,,,true
P05_WHITE_M_000004,P05,WHITE,M,image_000004.jpg,training/P05/WHITE/M/images/image_000004.jpg,8156a3813aa79a692c1065a656302fc7601ffd272419482385b0addbb5cf0f4d,9012,,,true
P05_WHITE_M_000005,P05,WHITE,M,image_000005.jpg,training/P05/WHITE/M/images/image_000005.jpg,94d5e19306982d039982d5b9dd75517b2abc315158de526274a7e739e0800f9a,7686,,,true
P05_WHITE_M_000006,P05,WHITE,M,image_000006.jpg,training/P05/WHITE/M/images/image_000006.jpg,74192353173788124aa03cd673626754da6a11ca6309db8032fbe78536edd3ab,7863,,,true
P05_WHITE_M_000007,P05,WHITE,M,image_000007.jpg,training/P05/WHITE/M/images/image_000007.jpg,0fe578ad07ce62948dd82c8a412cc41741f06a2639dd4f2fc874a300af7cd22b,8381,,,true
P05_WHITE_M_000008,P05,WHITE,M,image_000008.jpg,training/P05/WHITE/M/images/image_000008.jpg,fdb1ac1f7ed86b7808eaeefb1bb1cd1581f8d3a59ad729b18fe8969c2074575b,8365,,,true
P05_WHITE_M_000009,P05,WHITE,M,image_000009.jpg,training/P05/WHITE/M/images/image_000009.jpg,05ae7f6afeee116e3a67191c43a22565b28d0c0edce2b32cd09fb050ebe38309,9529,,,true
P05_WHITE_M_000010,P05,WHITE,M,image_000010.jpg,training/P05/WHITE/M/images/image_000010.jpg,1fd144b9318cbfee4204b94a26e59cc2bd7f87480254998351b0cce6da9ca4b1,7824,,,true
P05_WHITE_M_000011,P05,WHITE,M,image_000011.jpg,training/P05/WHITE/M/images/image_000011.jpg,462ea1828ca6b11b0105e75aa70fd4778b971d5644283e60ed49ade5d61cee17,8417,,,true
P05_WHITE_M_000012,P05,WHITE,M,image_000012.jpg,training/P05/WHITE/M/images/image_000012.jpg,b79376b738dfdc83c298f7f2c56c5ef63b03cc057fe895041060b86ace5ef9c2,8714,,,true
P05_WHITE_M_000013,P05,WHITE,M,image_000013.jpg,training/P05/WHITE/M/images/image_000013.jpg,cddfb9618cd4395d8fbf959764571944599a62f3537c2006f7b4277b1cfc1226,8144,,,true
P05_WHITE_M_000014,P05,WHITE,M,image_000014.jpg,training/P05/WHITE/M/images/image_000014.jpg,94214aaba27cccc4945ccf239d20f459297217a6eefdfc4f966bc18012c609c2,8432,,,true
P05_WHITE_M_000015,P05,WHITE,M,image_000015.jpg,training/P05/WHITE/M/images/image_000015.jpg,e3ac4405dd7ba1a8788b589184b803ffe71bbdef818987d45017ad57753a39d0,8623,,,true
P05_WHITE_M_000016,P05,WHITE,M,image_000016.jpg,training/P05/WHITE/M/images/image_000016.jpg,a97944f742ed7c63222d7d74e722a90359453fa1689388258fd7d1fe01bfa09f,7648,,,true
P05_WHITE_M_000017,P05,WHITE,M,image_000017.jpg,training/P05/WHITE/M/images/image_000017.jpg,b3d9bbcf2a9d5177bf215b1cbd32fb3280ed74238a383e7dd7d2dd503e1c855c,7612,,,true
P05_WHITE_M_000018,P05,WHITE,M,image_000018.jpg,training/P05/WHITE/M/images/image_000018.jpg,70886d8bae7cd1893cf02e2fadc47c4aa5d4dee953d5628fea2f0634afda38f3,9011,,,true
P05_WHITE_M_000019,P05,WHITE,M,image_000019.jpg,training/P05/WHITE/M/images/image_000019.jpg,ca17dd1ff5c8f7994b2baea3dc235da8865945d0655748e343e692f69069c0a8,9614,,,true
P05_WHITE_M_000020,P05,WHITE,M,image_000020.jpg,training/P05/WHITE/M/images/image_000020.jpg,6c1b82a1fad2dd55d3da379be968093ed8468aa45d0ba50501611bf9dbc3924b,8106,,,true
P05_WHITE_M_000021,P05,WHITE,M,image_000021.jpg,training/P05/WHITE/M/images/image_000021.jpg,21e102a36f78f59345a16438c68762b3b263a1fd474f176d16ea21e7ee6fd1ab,8365,,,true
P05_WHITE_M_000022,P05,WHITE,M,image_000022.jpg,training/P05/WHITE/M/images/image_000022.jpg,ad310f17efde575f02594a3a6932ed68e0ab40b116f1dd7dd7fbdcb1c168325c,8784,,,true
P05_WHITE_M_000023,P05,WHITE,M,image_000023.jpg,training/P05/WHITE/M/images/image_000023.jpg,0a79c7a495045125ad462c3ebacb6f45da340150d407fb6c19bdfc148546eb6f,9025,,,true
P05_WHITE_M_000024,P05,WHITE,M,image_000024.jpg,training/P05/WHITE/M/images/image_000024.jpg,90d408d45ebf5f85b1bfd169311e513ba37aa9cca4b0fc61e9a99774b1acefda,8350,,,true
P05_WHITE_M_000025,P05,WHITE,M,image_000025.jpg,training/P05/WHITE/M/images/image_000025.jpg,d5550215e3c1fde59a6e08514f34b7c0456b91cd128e489c39121a0e17835b3b,8169,,,true
P05_WHITE_N_000001,P05,WHITE,N,image_000001.jpg,training/P05/WHITE/N/images/image_000001.jpg,8b7031d115e5b652c74b36cbfa834cec748abde6402098c7c4ccc343adbc681f,8850,,,true
P05_WHITE_N_000002,P05,WHITE,N,image_000002.jpg,training/P05/WHITE/N/images/image_000002.jpg,ff22e16ea63acdaefd6e4d69e96740e7ef79eaa7b4f44673f7acfb0d72dd3aaf,9088,,,true
P05_WHITE_N_000003,P05,WHITE,N,image_000003.jpg,training/P05/WHITE/N/images/image_000003.jpg,b58b82e3e1fc2f3d4226ce47c2fcb544d1159fd5549682526e1e77221832076c,8793,,,true
P05_WHITE_N_000004,P05,WHITE,N,image_000004.jpg,training/P05/WHITE/N/images/image_000004.jpg,683de660f8871ddaf2c2ab480d18604dcc4fced683edc5a1677c08c415c7b6b6,9331,,,true
P05_WHITE_N_000005,P05,WHITE,N,image_000005.jpg,training/P05/WHITE/N/images/image_000005.jpg,98381959d98afe5710f603ba6657bee657ab09b6c49003f2d40f1d99506702e8,8385,,,true
P05_WHITE_N_000006,P05,WHITE,N,image_000006.jpg,training/P05/WHITE/N/images/image_000006.jpg,a26367d54a61136c09812820ba6926df0a2b97b6ea3fa34217c3ff595f5c2210,8498,,,true
P05_WHITE_N_000007,P05,WHITE,N,image_000007.jpg,training/P05/WHITE/N/images/image_000007.jpg,d92ab503872a0f98398f1b592777bdbcc6e78c30232b0e17f154e60161be5f67,8157,,,true
P05_WHITE_N_000008,P05,WHITE,N,image_000008.jpg,training/P05/WHITE/N/images/image_000008.jpg,9e4b88834e877178567f8168dccb9e91266b0b4988d976df8284202b980cbbd6,8519,,,true
P05_WHITE_N_000009,P05,WHITE,N,image_000009.jpg,training/P05/WHITE/N/images/image_000009.jpg,6bb7a6c4191f0d495992dd71dbb6f26147f27bfe278465128805d864cf88b72a,8847,,,true
P05_WHITE_N_000010,P05,WHITE,N,image_000010.jpg,training/P05/WHITE/N/images/image_000010.jpg,b05f35b2a43eb2b20e97e93433284101005b01d8f1955f8c5821e75f09cc58a6,8003,,,true
P05_WHITE_N_000011,P05,WHITE,N,image_000011.jpg,training/P05/WHITE/N/images/image_000011.jpg,2883039ecf6d155833cee00279f7d3d2a8927fc37e8979a2daaefa0661199da0,7698,,,true
P05_WHITE_N_000012,P05,WHITE,N,image_000012.jpg,training/P05/WHITE/N/images/image_000012.jpg,57c15d20b2498317e9504f9d2d249137dbe358f560bd3aa9300707485f91c534,9151,,,true
P05_WHITE_N_000013,P05,WHITE,N,image_000013.jpg,training/P05/WHITE/N/images/image_000013.jpg,64d78d96113ea88ec2f1a3a598ae5353cfc0ae512bf9479554a554d9927de4b2,8543,,,true
P05_WHITE_N_000014,P05,WHITE,N,image_000014.jpg,training/P05/WHITE/N/images/image_000014.jpg,9b1b34e09206e70897ad4097e21b99bb0a5ec4f5fad0b1c2fc08332ab5f13a26,8811,,,true
P05_WHITE_N_000015,P05,WHITE,N,image_000015.jpg,training/P05/WHITE/N/images/image_000015.jpg,97648c4e0d5265a0a44a34a610ea00b12dee45d525c6bac5087d808fb76b4895,8842,,,true
P05_WHITE_N_000016,P05,WHITE,N,image_000016.jpg,training/P05/WHITE/N/images/image_000016.jpg,59213caa79bfde161f333cd73da7ec19b7c3919b80ff9985e70d1dde78a3438a,8945,,,true
P05_WHITE_N_000017,P05,WHITE,N,image_000017.jpg,training/P05/WHITE/N/images/image_000017.jpg,4060e560024650367c5f969b30ff4b25547a406089dd4f2d4a59a56bc1b967bb,7768,,,true
P05_WHITE_N_000018,P05,WHITE,N,image_000018.jpg,training/P05/WHITE/N/images/image_000018.jpg,77c349f8065e97bf7eba7a4d0f0a1cd316647c025fdff6b18f45a50e75009557,8220,,,true
P05_WHITE_N_000019,P05,WHITE,N,image_000019.jpg,training/P05/WHITE/N/images/image_000019.jpg,57f0459f2ded34e66e5ee7e926e7591f1289ed62c1934392062376b52d6ddd37,8800,,,true
P05_WHITE_N_000020,P05,WHITE,N,image_000020.jpg,training/P05/WHITE/N/images/image_000020.jpg,53574d27ce24606baee864a210293ac994eb90a6c45a0e052417a05973b1e789,9292,,,true
P05_WHITE_N_000021,P05,WHITE,N,image_000021.jpg,training/P05/WHITE/N/images/image_000021.jpg,68dcc57662854b9d841d3235a797e3a627852a990327560ece4da3ff8ad5ff8e,8159,,,true
P05_WHITE_N_000022,P05,WHITE,N,image_000022.jpg,training/P05/WHITE/N/images/image_000022.jpg,60b26cb4d4a2aaf71fb4f367ca503b620acf55b3b67681e49391da6d357d8738,8021,,,true
P05_WHITE_N_000023,P05,WHITE,N,image_000023.jpg,training/P05/WHITE/N/images/image_000023.jpg,6f0e85e2b1f4b149b7c1df4c5c9ae895710a7bd49cd623db4850b7a0f8449088,8553,,,true
P05_WHITE_N_000024,P05,WHITE,N,image_000024.jpg,training/P05/WHITE/N/images/image_000024.jpg,a456115f0edf864de694018ef460abd6cd3de9d60a157873cdb305aad40982f3,8169,,,true
P05_WHITE_N_000025,P05,WHITE,N,image_000025.jpg,training/P05/WHITE/N/images/image_000025.jpg,4ef956e336d1329f1db76a004f465b1450d2735cc5e38dd41af0fc1f39ea283f,8250,,,true
P05_WHITE_O_000001,P05,WHITE,O,image_000001.jpg,training/P05/WHITE/O/images/image_000001.jpg,6c2fd62471e646facfe151723a06bfb1a1d4990eea505949ad26675310882406,9203,,,true
P05_WHITE_O_000002,P05,WHITE,O,image_000002.jpg,training/P05/WHITE/O/images/image_000002.jpg,015801154a3b3dfeff55fef064de91e56e1ece5c8b3efc634b0678ad6430f639,9125,,,true
P05_WHITE_O_000003,P05,WHITE,O,image_000003.jpg,training/P05/WHITE/O/images/image_000003.jpg,bc4cdca5d9d5ab5bcab1449a91eebc4b318c4069a1c8846389054d90d0036edc,9719,,,true
P05_WHITE_O_000004,P05,WHITE,O,image_000004.jpg,training/P05/WHITE/O/images/image_000004.jpg,9841e1467f3f59a9a20c599e9b742eff56b448546960db035a5a60de8d25523c,10251,,,true
P05_WHITE_O_000005,P05,WHITE,O,image_000005.jpg,training/P05/WHITE/O/images/image_000005.jpg,9f75c1ea32993307cd8bc71bf3f8e5a9ec8653aa55642c21ffa0dbd5d7efa223,9836,,,true
P05_WHITE_O_000006,P05,WHITE,O,image_000006.jpg,training/P05/WHITE/O/images/image_000006.jpg,d99c26d495150ea7b371425f14444d5b3aa23a25d94df05d5c35800959821aeb,8717,,,true
P05_WHITE_O_000007,P05,WHITE,O,image_000007.jpg,training/P05/WHITE/O/images/image_000007.jpg,95135b9104f0ef57e15b43eb4c6c7154a5102da5b38e79c26ae0af5654dd7e90,9406,,,true
P05_WHITE_O_000008,P05,WHITE,O,image_000008.jpg,training/P05/WHITE/O/images/image_000008.jpg,2b1f4a49a18b0c67321ee3f2e60f2ca2f8e29dc560edfad96759c6a19bc2d316,9568,,,true
P05_WHITE_O_000009,P05,WHITE,O,image_000009.jpg,training/P05/WHITE/O/images/image_000009.jpg,b13a1c3e39197e067bd9bde664e65591dd24f9852f874cb20f1682cf9180fbe2,9509,,,true
P05_WHITE_O_000010,P05,WHITE,O,image_000010.jpg,training/P05/WHITE/O/images/image_000010.jpg,c62a4632cd285358e829354079bcfde5368907c8ddcffed5b2ff93aa8c9e7a23,8061,,,true
P05_WHITE_O_000011,P05,WHITE,O,image_000011.jpg,training/P05/WHITE/O/images/image_000011.jpg,f702de93fe925e05578e74a664ccec5efd23f8bad53661a2758094d9eef4995a,8015,,,true
P05_WHITE_O_000012,P05,WHITE,O,image_000012.jpg,training/P05/WHITE/O/images/image_000012.jpg,f2c1a4207f0bd08fc4513dcfa3113af8ef1128c39383535bdf25914568a72d15,10068,,,true
P05_WHITE_O_000013,P05,WHITE,O,image_000013.jpg,training/P05/WHITE/O/images/image_000013.jpg,eaec902e742c6512e628a04b54ccf376588e28ffe8692f80f62957b60d8cefd1,9719,,,true
P05_WHITE_O_000014,P05,WHITE,O,image_000014.jpg,training/P05/WHITE/O/images/image_000014.jpg,3dca8e7d48f39dba7585e713a995d83e2b2e89c7103eda8acda05297a9b0c642,8661,,,true
P05_WHITE_O_000015,P05,WHITE,O,image_000015.jpg,training/P05/WHITE/O/images/image_000015.jpg,d71049b8b08121d2420aef396bb5d22e00a15f4d2c56ca23b5d311f57a6ac9b7,9452,,,true
P05_WHITE_O_000016,P05,WHITE,O,image_000016.jpg,training/P05/WHITE/O/images/image_000016.jpg,20fdcfe7e7e6f879ed1754afe9b6a474fea425e16c835133aad3a5e47f98a858,9147,,,true
P05_WHITE_O_000017,P05,WHITE,O,image_000017.jpg,training/P05/WHITE/O/images/image_000017.jpg,b314a449794b2ed6cd90bed43bcbbb6b0bb3a3dd8c4e1c9550207bebb6c03fef,9142,,,true
P05_WHITE_O_000018,P05,WHITE,O,image_000018.jpg,training/P05/WHITE/O/images/image_000018.jpg,26f484e28dd7b1d09cc7f8b19b07e92db56e5293dcde1018dc8d22ac23335c22,8885,,,true
P05_WHITE_O_000019,P05,WHITE,O,image_000019.jpg,training/P05/WHITE/O/images/image_000019.jpg,c5090f7ec97ac74d9935bfcb4d7e734f72bcff009388b0f6ee0e03b36547c9e2,8486,,,true
P05_WHITE_O_000020,P05,WHITE,O,image_000020.jpg,training/P05/WHITE/O/images/image_000020.jpg,71225936f920bbb3f291839b7485ad9c6a78b9defac9f675c84e1c68ca6b0bb7,8727,,,true
P05_WHITE_O_000021,P05,WHITE,O,image_000021.jpg,training/P05/WHITE/O/images/image_000021.jpg,cb205c6d82099ae52da3f81d4027b58b2f00091d7ce9f0404ddf415eef6a9200,8622,,,true
P05_WHITE_O_000022,P05,WHITE,O,image_000022.jpg,training/P05/WHITE/O/images/image_000022.jpg,367861930130b8e25283c987df8617ef2481c4297947f6f328ff28fdccc841f2,9045,,,true
P05_WHITE_O_000023,P05,WHITE,O,image_000023.jpg,training/P05/WHITE/O/images/image_000023.jpg,b704314fb63a953c771457c333ef539d57d7f32ecc52569d674d9381467a7352,8077,,,true
P05_WHITE_O_000024,P05,WHITE,O,image_000024.jpg,training/P05/WHITE/O/images/image_000024.jpg,7d4f65d5b90bd0e5488e1908ce9411729027aa4c39211e38ff18958ea998091f,8376,,,true
P05_WHITE_O_000025,P05,WHITE,O,image_000025.jpg,training/P05/WHITE/O/images/image_000025.jpg,de05a21cc905a571ed713589510bac7c53909abea9bd0afb92c6823569229831,8348,,,true
P05_WHITE_P_000001,P05,WHITE,P,image_000001.jpg,training/P05/WHITE/P/images/image_000001.jpg,590949f00a1dcad66981038a7a514f6944ec88149e26fee3746189c9ab0e5da2,8786,,,true
P05_WHITE_P_000002,P05,WHITE,P,image_000002.jpg,training/P05/WHITE/P/images/image_000002.jpg,6bab45de9ec6b610651c058c07c6dd4db4787859cad18dc25bbd68357b1e5102,8862,,,true
P05_WHITE_P_000003,P05,WHITE,P,image_000003.jpg,training/P05/WHITE/P/images/image_000003.jpg,38eabb5912d3df3fbeed70b61a6839649779107cd335bbbf6784221a9b504e73,9628,,,true
P05_WHITE_P_000004,P05,WHITE,P,image_000004.jpg,training/P05/WHITE/P/images/image_000004.jpg,c92412d2d2d4f607ee015967872e9a63c0f9b6c56d6300b6237872338b04e7a1,7420,,,true
P05_WHITE_P_000005,P05,WHITE,P,image_000005.jpg,training/P05/WHITE/P/images/image_000005.jpg,94636bd31b2c5c56d576745155a518cc764d93918f19b8446639ce80e8550087,7803,,,true
P05_WHITE_P_000006,P05,WHITE,P,image_000006.jpg,training/P05/WHITE/P/images/image_000006.jpg,20a2a81478a65869e1a2d7839e5d2dad72e617c286c4f8a95dec11ce37074a1a,7461,,,true
P05_WHITE_P_000007,P05,WHITE,P,image_000007.jpg,training/P05/WHITE/P/images/image_000007.jpg,9f62c6cfbeb05e8db152300833d546bed738037b3719b0feef0bf0710d10247d,7325,,,true
P05_WHITE_P_000008,P05,WHITE,P,image_000008.jpg,training/P05/WHITE/P/images/image_000008.jpg,1f1f866766dc998c0782c7a1116097f2d7ab8cfc0ea0190c473a9da4d35d5305,8119,,,true
P05_WHITE_P_000009,P05,WHITE,P,image_000009.jpg,training/P05/WHITE/P/images/image_000009.jpg,22d997c7a992a71484edb1a9cd43530b9ccbe654e65ccf1df4844613a82154c9,8261,,,true
P05_WHITE_P_000010,P05,WHITE,P,image_000010.jpg,training/P05/WHITE/P/images/image_000010.jpg,8a30ce4ca17b82d046b0facc22a9983539b3c7a4ed134883c10a80b4ea79767a,8348,,,true
P05_WHITE_P_000011,P05,WHITE,P,image_000011.jpg,training/P05/WHITE/P/images/image_000011.jpg,ab7ba5c5d349e263903d3c8a2ff319f5ed96a962ee1ac791f1642eefdc5b1e36,8028,,,true
P05_WHITE_P_000012,P05,WHITE,P,image_000012.jpg,training/P05/WHITE/P/images/image_000012.jpg,3ae4ed49c30c28b4ec42b34456e89b537ba81928cface9326472aea51dae6c2c,7259,,,true
P05_WHITE_P_000013,P05,WHITE,P,image_000013.jpg,training/P05/WHITE/P/images/image_000013.jpg,74393c3f371c6158326e4101b1b79921560e0b248bb04238834fcfbc100025b4,7648,,,true
P05_WHITE_P_000014,P05,WHITE,P,image_000014.jpg,training/P05/WHITE/P/images/image_000014.jpg,8680feaa752f1f641f561a7453707267f8531d660cd5e23821e4c228234acdb2,8273,,,true
P05_WHITE_P_000015,P05,WHITE,P,image_000015.jpg,training/P05/WHITE/P/images/image_000015.jpg,dd99c4a3104039b013ea9859b6d8b905e88b40d56ce11be656f95ea3da54168e,8196,,,true
P05_WHITE_P_000016,P05,WHITE,P,image_000016.jpg,training/P05/WHITE/P/images/image_000016.jpg,023b8af28635e758f2995f92d0bb026226a12adc859afc00670574f78462ac80,8571,,,true
P05_WHITE_P_000017,P05,WHITE,P,image_000017.jpg,training/P05/WHITE/P/images/image_000017.jpg,4dfb6ef7f9ea63e7a25697b4a7b6832718a52afd4a9a646ecfb0b50b6c7e94f7,8202,,,true
P05_WHITE_P_000018,P05,WHITE,P,image_000018.jpg,training/P05/WHITE/P/images/image_000018.jpg,e6a0b8d7c557eb850914afad4356cf5340a6343d2aeb221b959e94652ce20dfc,8236,,,true
P05_WHITE_P_000019,P05,WHITE,P,image_000019.jpg,training/P05/WHITE/P/images/image_000019.jpg,4a1ffbd589f20bbdcee37c0d1b7f1f751d95bd9a0249774913c1564107f5011f,7269,,,true
P05_WHITE_P_000020,P05,WHITE,P,image_000020.jpg,training/P05/WHITE/P/images/image_000020.jpg,a033700e15577e4a2c1fdce31acb285f6f97bb5bd907f1cc5242fb8507b5ecb5,8050,,,true
P05_WHITE_P_000021,P05,WHITE,P,image_000021.jpg,training/P05/WHITE/P/images/image_000021.jpg,45e2ca225f5c0eee0b0e2a3f402b0378594d1ff3ff2e2fc91f1d92093eadb53a,7797,,,true
P05_WHITE_P_000022,P05,WHITE,P,image_000022.jpg,training/P05/WHITE/P/images/image_000022.jpg,422d4c0f99109477740748f0741e8468739acb31217b14b7adc168a2fb80428b,7654,,,true
P05_WHITE_P_000023,P05,WHITE,P,image_000023.jpg,training/P05/WHITE/P/images/image_000023.jpg,3697aa935ba480b1b8a237ebdf5c9930f8cb7006a954da7a80a45b21cf929105,7567,,,true
P05_WHITE_P_000024,P05,WHITE,P,image_000024.jpg,training/P05/WHITE/P/images/image_000024.jpg,d61221685bbe65e6fcbb00fcfabc6db501ee870d84b0e22b398c1812193eb6d5,8301,,,true
P05_WHITE_P_000025,P05,WHITE,P,image_000025.jpg,training/P05/WHITE/P/images/image_000025.jpg,c6f7a0709bd70e48ba9751b37ce6c9edf2c77de0d25fe98a5382b0e27debd3e5,9415,,,true
P05_WHITE_R_000001,P05,WHITE,R,image_000001.jpg,training/P05/WHITE/R/images/image_000001.jpg,83f2658753ad01a2575c0e2b774a5e7b7f19776dd9336c1919d7cfacfae665a9,7600,,,true
P05_WHITE_R_000002,P05,WHITE,R,image_000002.jpg,training/P05/WHITE/R/images/image_000002.jpg,191c4a6e5275bf94ae501c40b8cfae3602a06ddd1d8670c6ea756b6155a17721,7727,,,true
P05_WHITE_R_000003,P05,WHITE,R,image_000003.jpg,training/P05/WHITE/R/images/image_000003.jpg,6c7e183ed41e99afe5ea127cab3a8d3761bdc1ca890b79f96f0a8836e60ce497,8086,,,true
P05_WHITE_R_000004,P05,WHITE,R,image_000004.jpg,training/P05/WHITE/R/images/image_000004.jpg,b953606c1ce04099b3356779d09136526299076fd4bd00c794030eed91846a11,7323,,,true
P05_WHITE_R_000005,P05,WHITE,R,image_000005.jpg,training/P05/WHITE/R/images/image_000005.jpg,c71dbeec0300f341d571a7a3bd00cc90f33309b8bd6e0b7bffae7db75c68c295,8235,,,true
P05_WHITE_R_000006,P05,WHITE,R,image_000006.jpg,training/P05/WHITE/R/images/image_000006.jpg,1e790545e055e699879249ac7960b7fec3ebf636a7bf9c3dbb70ece2fd855d33,8069,,,true
P05_WHITE_R_000007,P05,WHITE,R,image_000007.jpg,training/P05/WHITE/R/images/image_000007.jpg,195543819bca37c0dc5dd10796716cd2ccc23fc6c4285411dd2432afdff14bd4,7679,,,true
P05_WHITE_R_000008,P05,WHITE,R,image_000008.jpg,training/P05/WHITE/R/images/image_000008.jpg,84734669280b8e25f59f518b7645d80ce7c75bebf9e2e68c016402ed229e64a2,8376,,,true
P05_WHITE_R_000009,P05,WHITE,R,image_000009.jpg,training/P05/WHITE/R/images/image_000009.jpg,40193fb7c8890ef9b220bd62de695704895915dcbdd6346c2378c9736e7d7ec8,7762,,,true
P05_WHITE_R_000010,P05,WHITE,R,image_000010.jpg,training/P05/WHITE/R/images/image_000010.jpg,cbf1668d422f5713eda5aa5fc873022703d2ee474ab6b25d4c29c96b763cc00f,7090,,,true
P05_WHITE_R_000011,P05,WHITE,R,image_000011.jpg,training/P05/WHITE/R/images/image_000011.jpg,32a08f17d1a42828cd489b3f40c8caba58fb37919f0544d0bab9e18f136ac9cb,7177,,,true
P05_WHITE_R_000012,P05,WHITE,R,image_000012.jpg,training/P05/WHITE/R/images/image_000012.jpg,46f1e052215847b8660fd0f232d81391190bc9d56e863a7b20f359647871dfd6,7156,,,true
P05_WHITE_R_000013,P05,WHITE,R,image_000013.jpg,training/P05/WHITE/R/images/image_000013.jpg,cf9a6df30d37541d30f3548e3b71ff4644b02d2251795ab4f7365248275c76c7,7179,,,true
P05_WHITE_R_000014,P05,WHITE,R,image_000014.jpg,training/P05/WHITE/R/images/image_000014.jpg,6e9155bd0d47529c25c1e99483b2731caf708365cbb23f6a5052b5738ed98f0a,7902,,,true
P05_WHITE_R_000015,P05,WHITE,R,image_000015.jpg,training/P05/WHITE/R/images/image_000015.jpg,996206c823642f18b63699f70a8eb74382f49846699708e0e6d50ea1c7eef133,7942,,,true
P05_WHITE_R_000016,P05,WHITE,R,image_000016.jpg,training/P05/WHITE/R/images/image_000016.jpg,d1e768a3bbee60c392be4ad57b1769eca3c8bee592f0961de81164e2cea45a44,8053,,,true
P05_WHITE_R_000017,P05,WHITE,R,image_000017.jpg,training/P05/WHITE/R/images/image_000017.jpg,fd3f0724a5ac43f83c9caaf7c8d75d42661b5bd887eeee7ec20400eaf8b5647a,7830,,,true
P05_WHITE_R_000018,P05,WHITE,R,image_000018.jpg,training/P05/WHITE/R/images/image_000018.jpg,e259a95cca3ef59ecb7a9d71bdccdff20c786da482b024c2403959c42215ae42,7115,,,true
P05_WHITE_R_000019,P05,WHITE,R,image_000019.jpg,training/P05/WHITE/R/images/image_000019.jpg,ec32c3048d634ce54f5cea46764b4d42a3dcfd06aeb8d09e89e64f6a3eb2350e,7847,,,true
P05_WHITE_R_000020,P05,WHITE,R,image_000020.jpg,training/P05/WHITE/R/images/image_000020.jpg,58005e585cf83114a8823a68eef8dbd452bb0c480b67514aac4377fa95acc04c,8066,,,true
P05_WHITE_R_000021,P05,WHITE,R,image_000021.jpg,training/P05/WHITE/R/images/image_000021.jpg,68748ee312e4e3ee2c28c7bb74f2471726d8b540e5f037e34366669638d8efc8,8223,,,true
P05_WHITE_R_000022,P05,WHITE,R,image_000022.jpg,training/P05/WHITE/R/images/image_000022.jpg,26321a0233394e36455b887c5bfaf0acce673352002ab1999768a671cf3b23f2,8237,,,true
P05_WHITE_R_000023,P05,WHITE,R,image_000023.jpg,training/P05/WHITE/R/images/image_000023.jpg,c5640e293c57c568898fea72d2681f4366fa21a0f4b028955919a6d371314908,7661,,,true
P05_WHITE_R_000024,P05,WHITE,R,image_000024.jpg,training/P05/WHITE/R/images/image_000024.jpg,92fe53107aeb101f140410c4b5ac8f45651cf679b86e1e56c354a08a71deb128,7873,,,true
P05_WHITE_R_000025,P05,WHITE,R,image_000025.jpg,training/P05/WHITE/R/images/image_000025.jpg,1b92fa9dc4ada7b72c24d864024e0c3b283d4b189d68061a608b7a6a8f4312a0,7919,,,true
P05_WHITE_S_000001,P05,WHITE,S,image_000001.jpg,training/P05/WHITE/S/images/image_000001.jpg,dc3d4fd01cd44d444865a660e238a07d4d6cf673e472ca5aa813e33f89d4931f,9421,,,true
P05_WHITE_S_000002,P05,WHITE,S,image_000002.jpg,training/P05/WHITE/S/images/image_000002.jpg,cf958a6ebd1c92f7f30dde98d85ef4e5dd091843d1f85a6b844f717b5f31e20d,8744,,,true
P05_WHITE_S_000003,P05,WHITE,S,image_000003.jpg,training/P05/WHITE/S/images/image_000003.jpg,e7d8a49c0c011a1e75fd25ce00c898009e38f8a2611be2c9b7c207e4902d6266,9522,,,true
P05_WHITE_S_000004,P05,WHITE,S,image_000004.jpg,training/P05/WHITE/S/images/image_000004.jpg,310cad79d9f94be6357885a3617e6d76d44b7eefffa31f79e5d5c7ec53cb0c70,8080,,,true
P05_WHITE_S_000005,P05,WHITE,S,image_000005.jpg,training/P05/WHITE/S/images/image_000005.jpg,5d9ab6bcfabd8deecac269adc6857a6f8afe8a0d1d4693b2e8a4eaf4b6bc89c3,8237,,,true
P05_WHITE_S_000006,P05,WHITE,S,image_000006.jpg,training/P05/WHITE/S/images/image_000006.jpg,9fb8a0967c2d13b35871600e7f0d9b908511640e343f1e5e8eb57121e7d55405,8923,,,true
P05_WHITE_S_000007,P05,WHITE,S,image_000007.jpg,training/P05/WHITE/S/images/image_000007.jpg,aa2560dc5d3d3c0240ef5be1cd44afd52292a99af7d45dddf3d40288fb0747a2,9125,,,true
P05_WHITE_S_000008,P05,WHITE,S,image_000008.jpg,training/P05/WHITE/S/images/image_000008.jpg,4793cf4025163c0ab300ff608532db151e15b9c628888121960d4ecf5031ca69,9260,,,true
P05_WHITE_S_000009,P05,WHITE,S,image_000009.jpg,training/P05/WHITE/S/images/image_000009.jpg,e2865a08ca9ab4db81fb984ef69c9616666ae2f6db092093702b9c38f31d7c0e,9129,,,true
P05_WHITE_S_000010,P05,WHITE,S,image_000010.jpg,training/P05/WHITE/S/images/image_000010.jpg,3e159c8ffade1e3f5afe51578280e51242955450cec8d8845f0e2b051b16185b,9436,,,true
P05_WHITE_S_000011,P05,WHITE,S,image_000011.jpg,training/P05/WHITE/S/images/image_000011.jpg,720d92c7bb328cb0926452511de4f0d3b59c2e427bb966e9bc99605fd977331a,8656,,,true
P05_WHITE_S_000012,P05,WHITE,S,image_000012.jpg,training/P05/WHITE/S/images/image_000012.jpg,781073005d3437e8f01113bcfd59c1f608d202cd8b17b3ee297fbd3084e08bf1,7903,,,true
P05_WHITE_S_000013,P05,WHITE,S,image_000013.jpg,training/P05/WHITE/S/images/image_000013.jpg,1ee2ecb4dc8a89afd2641e27d65b4e537ed9dd590b21ef19b489504d12d75a47,8723,,,true
P05_WHITE_S_000014,P05,WHITE,S,image_000014.jpg,training/P05/WHITE/S/images/image_000014.jpg,a1e17e06e9163ea86855c0cf0f6a857736a5b9c0539659a8bb9c1e67b8559ac4,8131,,,true
P05_WHITE_S_000015,P05,WHITE,S,image_000015.jpg,training/P05/WHITE/S/images/image_000015.jpg,ec4360364d3fd46d2230a23fc2a0645d546377a8185d0cda1861a89121bffa88,8175,,,true
P05_WHITE_S_000016,P05,WHITE,S,image_000016.jpg,training/P05/WHITE/S/images/image_000016.jpg,f8d9d235854589a06e0968acecedd1931c8011d846626182dabbfbd9c9f8e10e,8857,,,true
P05_WHITE_S_000017,P05,WHITE,S,image_000017.jpg,training/P05/WHITE/S/images/image_000017.jpg,8567c7f2fd86c2817add1b87e899aa257a34f9441997da098d16eca8932d3a23,9013,,,true
P05_WHITE_S_000018,P05,WHITE,S,image_000018.jpg,training/P05/WHITE/S/images/image_000018.jpg,6c9a836174b5b1c914b6335f6ad49bc69c40f757c9950057ac28ef8808027d0a,8980,,,true
P05_WHITE_S_000019,P05,WHITE,S,image_000019.jpg,training/P05/WHITE/S/images/image_000019.jpg,809aa5ed6cd448f61c5d4a1f4b85d5a3aca61a3e80adab9dacb352b5ccfb9b9e,7933,,,true
P05_WHITE_S_000020,P05,WHITE,S,image_000020.jpg,training/P05/WHITE/S/images/image_000020.jpg,34624af4057b215e618623be966fd0203210558f7d09210f85279f9027277ebd,8271,,,true
P05_WHITE_S_000021,P05,WHITE,S,image_000021.jpg,training/P05/WHITE/S/images/image_000021.jpg,0baa96c89969281294b9842e121c7fa6a86828870fc6acba6c17c7d9fcac8820,8065,,,true
P05_WHITE_S_000022,P05,WHITE,S,image_000022.jpg,training/P05/WHITE/S/images/image_000022.jpg,00c355b5425adc19a796a731c825eb5c15b0960db04b833fa52f2b68178c9084,8815,,,true
P05_WHITE_S_000023,P05,WHITE,S,image_000023.jpg,training/P05/WHITE/S/images/image_000023.jpg,61f9feaf472204165bf38dc6ec337f13b312f7021b3641b1163084a0b1a2017f,7254,,,true
P05_WHITE_S_000024,P05,WHITE,S,image_000024.jpg,training/P05/WHITE/S/images/image_000024.jpg,e10a04aee114b2ae0af202608449adb7234b84b5c3f7158c23103e03fc6a33db,7721,,,true
P05_WHITE_S_000025,P05,WHITE,S,image_000025.jpg,training/P05/WHITE/S/images/image_000025.jpg,b480aafc5742e90b4d8c3ee5187861f40e3e5a60496c4ae0456d6f51f1c49a26,7527,,,true
P05_WHITE_T_000001,P05,WHITE,T,image_000001.jpg,training/P05/WHITE/T/images/image_000001.jpg,5b293eeca85d94b4af28d349b3c9360bcf99112a75c91497c5a486ddaaa51777,7236,,,true
P05_WHITE_T_000002,P05,WHITE,T,image_000002.jpg,training/P05/WHITE/T/images/image_000002.jpg,7581304485ab8e903075662bec0c08aa2cc367367dd5021b25a38f945334d69b,7798,,,true
P05_WHITE_T_000003,P05,WHITE,T,image_000003.jpg,training/P05/WHITE/T/images/image_000003.jpg,c820cb0970d4e4ca9dd75983a0a2fec41cc613737e0c97c6cfcaf93be06d85c2,7866,,,true
P05_WHITE_T_000004,P05,WHITE,T,image_000004.jpg,training/P05/WHITE/T/images/image_000004.jpg,cdca414d96c8e73c8438daef7e291ee44fb0d55a6de98f8e32a4f62a41739c9f,7952,,,true
P05_WHITE_T_000005,P05,WHITE,T,image_000005.jpg,training/P05/WHITE/T/images/image_000005.jpg,4b04a43352b0262ac363c20eb09523f3cc07639e4573f13f288ad5bce0152a69,6765,,,true
P05_WHITE_T_000006,P05,WHITE,T,image_000006.jpg,training/P05/WHITE/T/images/image_000006.jpg,75b971d9cd969f58ac9c8cba9bff58f93cc4e1c3426364f7856aee41c0dc4239,7173,,,true
P05_WHITE_T_000007,P05,WHITE,T,image_000007.jpg,training/P05/WHITE/T/images/image_000007.jpg,5f496d96094cdcb29880f00e7181c28c5eca0b36e5427b87e8fda60f6617e798,7061,,,true
P05_WHITE_T_000008,P05,WHITE,T,image_000008.jpg,training/P05/WHITE/T/images/image_000008.jpg,b99609e1884bd3f97deea546a5890da83a0f8d10b4e4da51b7b035f8e6150f88,7889,,,true
P05_WHITE_T_000009,P05,WHITE,T,image_000009.jpg,training/P05/WHITE/T/images/image_000009.jpg,270fd0af6c13fb14927819323943844d6aa7291bbc16eb10c8aa95b6b681c245,6592,,,true
P05_WHITE_T_000010,P05,WHITE,T,image_000010.jpg,training/P05/WHITE/T/images/image_000010.jpg,9f2eaf167ef1a3b8c95747fe416a257a0e2b941022982e95b6b9825f8b5330a9,7757,,,true
P05_WHITE_T_000011,P05,WHITE,T,image_000011.jpg,training/P05/WHITE/T/images/image_000011.jpg,3ec7b9e5cac6564d87059214a1ed49e239599c275a56f321e5498ecc974c8375,7122,,,true
P05_WHITE_T_000012,P05,WHITE,T,image_000012.jpg,training/P05/WHITE/T/images/image_000012.jpg,211b230ee7beb45bee5b744415b6bd9f2e1e3d4ddcbb195a542498275ebf00fe,7417,,,true
P05_WHITE_T_000013,P05,WHITE,T,image_000013.jpg,training/P05/WHITE/T/images/image_000013.jpg,a4e183a3fb6e902c649ba0cb18af6d8df251d937a6bca1bb435cc7f98d9980ca,7629,,,true
P05_WHITE_T_000014,P05,WHITE,T,image_000014.jpg,training/P05/WHITE/T/images/image_000014.jpg,fe489dedabbea809dcbf7c8d5c235e355805cdb082180c1c0742eb3405e1400f,7992,,,true
P05_WHITE_T_000015,P05,WHITE,T,image_000015.jpg,training/P05/WHITE/T/images/image_000015.jpg,b2a2cad90f2e64b1e2323a4182259d2926632193e9707ffee2212d7414389802,7265,,,true
P05_WHITE_T_000016,P05,WHITE,T,image_000016.jpg,training/P05/WHITE/T/images/image_000016.jpg,554131513edfaa46c587234c7f2d7cf6af5291a628f7db36e7cc159c8c8c0195,7653,,,true
P05_WHITE_T_000017,P05,WHITE,T,image_000017.jpg,training/P05/WHITE/T/images/image_000017.jpg,c542986d8c9904b57fc1e7044e1b004ed10970cdc477606e6f2fa32c323caed7,8583,,,true
P05_WHITE_T_000018,P05,WHITE,T,image_000018.jpg,training/P05/WHITE/T/images/image_000018.jpg,21f5bf250015e4994b8dce4bd7159ddc0624d53b5ee364ce0e00d0cf85ffade1,8303,,,true
P05_WHITE_T_000019,P05,WHITE,T,image_000019.jpg,training/P05/WHITE/T/images/image_000019.jpg,cb44ac7f4da7fa4f9807fe461487b04e23bc63f04de058f941619e7851747466,8730,,,true
P05_WHITE_T_000020,P05,WHITE,T,image_000020.jpg,training/P05/WHITE/T/images/image_000020.jpg,f94d531500b623bb71d8d9f6f6365e8a57d8ebc5710120d6b4ebd4e10326e95e,7842,,,true
P05_WHITE_T_000021,P05,WHITE,T,image_000021.jpg,training/P05/WHITE/T/images/image_000021.jpg,a59eb74fdd057bf60366be9c20397e9396361686b2b1c5c5bce798562fff41d2,7365,,,true
P05_WHITE_T_000022,P05,WHITE,T,image_000022.jpg,training/P05/WHITE/T/images/image_000022.jpg,b908d1967e19fef72c4830d90a0b82ca0dab3cce9c8c1d9c5d73677ce4dd78fd,7114,,,true
P05_WHITE_T_000023,P05,WHITE,T,image_000023.jpg,training/P05/WHITE/T/images/image_000023.jpg,351eae8c8915ef96975ab33cb9c9000895da5229f7bd4e4c5709d6ec68de247f,7117,,,true
P05_WHITE_T_000024,P05,WHITE,T,image_000024.jpg,training/P05/WHITE/T/images/image_000024.jpg,ed9069d77fef86ad33a09b7e3b72d4c750d8379d5bab5a61ce4f9ce8de11e578,7608,,,true
P05_WHITE_T_000025,P05,WHITE,T,image_000025.jpg,training/P05/WHITE/T/images/image_000025.jpg,0100c2f6700bee4627e8eb283a6334a5a676efe0907dad69121f9bd837bafd6b,6813,,,true
P05_WHITE_U_000001,P05,WHITE,U,image_000001.jpg,training/P05/WHITE/U/images/image_000001.jpg,0d7b3abcc6fa2e615aedf701d627814c2f90bd59d861cbcef8c3cf97c61b557f,8582,,,true
P05_WHITE_U_000002,P05,WHITE,U,image_000002.jpg,training/P05/WHITE/U/images/image_000002.jpg,9455c49ec6f54820f8eaf3f7b67e9b43e02523599efe1319188ab961bd720eeb,7337,,,true
P05_WHITE_U_000003,P05,WHITE,U,image_000003.jpg,training/P05/WHITE/U/images/image_000003.jpg,918a7ad7276e66ae585b6c0432f7cf28238fad5021c44239dc53053db6a19c17,8134,,,true
P05_WHITE_U_000004,P05,WHITE,U,image_000004.jpg,training/P05/WHITE/U/images/image_000004.jpg,ec9f9844f6c396b95552b8bc75c4c9eda9a78bd57bb9176e1dadc76d970993bc,7706,,,true
P05_WHITE_U_000005,P05,WHITE,U,image_000005.jpg,training/P05/WHITE/U/images/image_000005.jpg,3f634068dab12b0e16f49a2c5768c0589b586c5b6187f98b03c680e3de77d4a3,8313,,,true
P05_WHITE_U_000006,P05,WHITE,U,image_000006.jpg,training/P05/WHITE/U/images/image_000006.jpg,fd6dcdce2b3add7751d0b8e300c94e30c28b2b5bf57811c8beb7688beac8c9a5,7865,,,true
P05_WHITE_U_000007,P05,WHITE,U,image_000007.jpg,training/P05/WHITE/U/images/image_000007.jpg,94b123f8d98e473ed77dd8bb49dcdaea9c51f189f70885486ce6e6535c6c55e1,8352,,,true
P05_WHITE_U_000008,P05,WHITE,U,image_000008.jpg,training/P05/WHITE/U/images/image_000008.jpg,a250693dd9ddd8b78f16509ff734818a7e16a766557505cf36f69bbe1ef18090,7856,,,true
P05_WHITE_U_000009,P05,WHITE,U,image_000009.jpg,training/P05/WHITE/U/images/image_000009.jpg,9856adb44e946de5dedde900f04fe6ad2cc4bfd300de3655897f852a68e53827,6219,,,true
P05_WHITE_U_000010,P05,WHITE,U,image_000010.jpg,training/P05/WHITE/U/images/image_000010.jpg,dd4a042f905175825b24647cc2ad1e2afc80defa24919c4fdf8c9a1a90d0113f,5614,,,true
P05_WHITE_U_000011,P05,WHITE,U,image_000011.jpg,training/P05/WHITE/U/images/image_000011.jpg,627b99f0097eb74bb779817107cc5ae5c6d224909292059bfb7a10d2943b2f9f,7936,,,true
P05_WHITE_U_000012,P05,WHITE,U,image_000012.jpg,training/P05/WHITE/U/images/image_000012.jpg,a529d6d18f9716f5bf21efc76519aa015b3944f045d7dfad2d819f0b69632555,7336,,,true
P05_WHITE_U_000013,P05,WHITE,U,image_000013.jpg,training/P05/WHITE/U/images/image_000013.jpg,5da816533d24c492368075c58a603f93890a3fc8305b47db0462493c01fafe78,7278,,,true
P05_WHITE_U_000014,P05,WHITE,U,image_000014.jpg,training/P05/WHITE/U/images/image_000014.jpg,b0dc78b018b766bf67f2e58294181d3559ade1057dbb6884bf76233e81275017,7665,,,true
P05_WHITE_U_000015,P05,WHITE,U,image_000015.jpg,training/P05/WHITE/U/images/image_000015.jpg,e5ed2c11425ab96b3d3bd2d666542db5db099b465c08c7173f6f852a5360965c,6902,,,true
P05_WHITE_U_000016,P05,WHITE,U,image_000016.jpg,training/P05/WHITE/U/images/image_000016.jpg,c6fd1ebea48bc6f037f61c7370e47cd9aeaacbb06d70fbc1fabae5fcc268588a,7597,,,true
P05_WHITE_U_000017,P05,WHITE,U,image_000017.jpg,training/P05/WHITE/U/images/image_000017.jpg,4d80200cb8be38757c92f217131f2a7217613e3f9d948f57049aeda5cb428049,7928,,,true
P05_WHITE_U_000018,P05,WHITE,U,image_000018.jpg,training/P05/WHITE/U/images/image_000018.jpg,b7b46d8eac188a4d44b8fb0cfe14dec9fa51bd7ebb2b83650b34213739ffc340,8269,,,true
P05_WHITE_U_000019,P05,WHITE,U,image_000019.jpg,training/P05/WHITE/U/images/image_000019.jpg,d694e8e1eeb3c4ce67427cbd686c59e9767b4efbbc0cc0c7ff8686bb38bd7847,7230,,,true
P05_WHITE_U_000020,P05,WHITE,U,image_000020.jpg,training/P05/WHITE/U/images/image_000020.jpg,94bfe4c165094670b37422103ebcc7e2a8907fb063a40634039349914bc64200,7427,,,true
P05_WHITE_U_000021,P05,WHITE,U,image_000021.jpg,training/P05/WHITE/U/images/image_000021.jpg,a0d216d5dd21610d1e88b400b0e991956690bb075b4c78eb9a2352a53c6e1d2e,7168,,,true
P05_WHITE_U_000022,P05,WHITE,U,image_000022.jpg,training/P05/WHITE/U/images/image_000022.jpg,1095a0855d699458579880807f7856d0feea50685f2084844ffcbc11aa769875,6258,,,true
P05_WHITE_U_000023,P05,WHITE,U,image_000023.jpg,training/P05/WHITE/U/images/image_000023.jpg,043474153c720775a29f95e2063abe66181990fe879c0717c110bdb8db371157,6883,,,true
P05_WHITE_U_000024,P05,WHITE,U,image_000024.jpg,training/P05/WHITE/U/images/image_000024.jpg,1d5ce9ae44d96fcbc44a92fdf7bcb5b816ba6b486422393067a3d432c8abf59d,7121,,,true
P05_WHITE_U_000025,P05,WHITE,U,image_000025.jpg,training/P05/WHITE/U/images/image_000025.jpg,46ef79bf72347ee2d5ac3c3b3614fbc15e797cbb62ea082ce1cde22fd069824d,7192,,,true
P05_WHITE_V_000001,P05,WHITE,V,image_000001.jpg,training/P05/WHITE/V/images/image_000001.jpg,7d8bccf9ec698e2c4518f6e980183825259dd68292aae68eed1be6ac5ab694fc,7559,,,true
P05_WHITE_V_000002,P05,WHITE,V,image_000002.jpg,training/P05/WHITE/V/images/image_000002.jpg,2c03781a4635da097ae6fa7d74f675af67d870a783362d56aa674f58c6e99ef0,7377,,,true
P05_WHITE_V_000003,P05,WHITE,V,image_000003.jpg,training/P05/WHITE/V/images/image_000003.jpg,31915c699ab1a4b7a9e204ef8ed7e5eaa282c0f2ab88f064f89f53c04068c622,7840,,,true
P05_WHITE_V_000004,P05,WHITE,V,image_000004.jpg,training/P05/WHITE/V/images/image_000004.jpg,d910c390e05a7dc1fba0cb3f4fcafacb4e76d207d1a6ac5bfb38db46c84fabdf,6599,,,true
P05_WHITE_V_000005,P05,WHITE,V,image_000005.jpg,training/P05/WHITE/V/images/image_000005.jpg,b7345d1998fd7c7e2d807b4451c7e1b26dc87d218991b1df2ab7f853d1bded32,6803,,,true
P05_WHITE_V_000006,P05,WHITE,V,image_000006.jpg,training/P05/WHITE/V/images/image_000006.jpg,53417ef2a066e0ac8fe3f7520d530dd7c2c4493c8b0aed41113dafb7ec302775,7070,,,true
P05_WHITE_V_000007,P05,WHITE,V,image_000007.jpg,training/P05/WHITE/V/images/image_000007.jpg,5db592412006d6d2ced1d74b161ad56b0bd7d7f3ca45a551dafb0507eeb4aa6e,7630,,,true
P05_WHITE_V_000008,P05,WHITE,V,image_000008.jpg,training/P05/WHITE/V/images/image_000008.jpg,b0c0de3cc991f273c992c5c5a86a60e5eba0521abe12b5f54181481bf893b161,7539,,,true
P05_WHITE_V_000009,P05,WHITE,V,image_000009.jpg,training/P05/WHITE/V/images/image_000009.jpg,425ed1724fa75500424ae7e6d7a6d2c0b82f615c1c34c45a9e7500fe78dd335f,7588,,,true
P05_WHITE_V_000010,P05,WHITE,V,image_000010.jpg,training/P05/WHITE/V/images/image_000010.jpg,b198315f93f218aa9c4b8fd05d9ebb4297e95f60f409e1345d58151e2d1a00bb,6695,,,true
P05_WHITE_V_000011,P05,WHITE,V,image_000011.jpg,training/P05/WHITE/V/images/image_000011.jpg,7fb070bb204ca12d913d0f18e54daace7eb06a4be14448fc7d35c50083a0eb50,6700,,,true
P05_WHITE_V_000012,P05,WHITE,V,image_000012.jpg,training/P05/WHITE/V/images/image_000012.jpg,92c78799aaf59bc37ef84d338294d25b3584180434e0d1e83248476b20f81fc0,7073,,,true
P05_WHITE_V_000013,P05,WHITE,V,image_000013.jpg,training/P05/WHITE/V/images/image_000013.jpg,5f1483665a70c586bac3451e2c6e2d0bbef41c2e65c7aa80c21c1de34be2cabd,7337,,,true
P05_WHITE_V_000014,P05,WHITE,V,image_000014.jpg,training/P05/WHITE/V/images/image_000014.jpg,9753a8c6db1c2ed32d8d52983b1c5c113801893ade50f6bd55b93de24d408133,7326,,,true
P05_WHITE_V_000015,P05,WHITE,V,image_000015.jpg,training/P05/WHITE/V/images/image_000015.jpg,a765427aa885cd5e4b7e83247c38c3aa6a90499d9a29fb2f4cca6a13874fd491,7359,,,true
P05_WHITE_V_000016,P05,WHITE,V,image_000016.jpg,training/P05/WHITE/V/images/image_000016.jpg,7c511d6623f1cf3f4b9094bf911d4809225a836b7e362dea1bf7dc61cd8f4f04,7270,,,true
P05_WHITE_V_000017,P05,WHITE,V,image_000017.jpg,training/P05/WHITE/V/images/image_000017.jpg,908cac8853d9bf48c8db8df7876433104d53dae0ec23c66ef14f437fe43dbfdb,7195,,,true
P05_WHITE_V_000018,P05,WHITE,V,image_000018.jpg,training/P05/WHITE/V/images/image_000018.jpg,fe69b5c9dbeabc3e058f59a27027cd17da22b011113e0bd426db9407c4d9329e,6434,,,true
P05_WHITE_V_000019,P05,WHITE,V,image_000019.jpg,training/P05/WHITE/V/images/image_000019.jpg,e68f6e850dfb005dabd0cb494b09743e00682d3fcca8fd071e469f182afb0bf6,6590,,,true
P05_WHITE_V_000020,P05,WHITE,V,image_000020.jpg,training/P05/WHITE/V/images/image_000020.jpg,a9bb959f2a0f0456337502bdf323712e4ba3099257d1eff9ba65913e673b3056,7038,,,true
P05_WHITE_V_000021,P05,WHITE,V,image_000021.jpg,training/P05/WHITE/V/images/image_000021.jpg,3f9f2bab04f5645169c6075fa6a019cebb5f0138a565ec993d6324dda94e8d40,7095,,,true
P05_WHITE_V_000022,P05,WHITE,V,image_000022.jpg,training/P05/WHITE/V/images/image_000022.jpg,bb7ed36aaa036e7055a069540f16c302ac8b03ef44597c0847913eb93da0af42,6899,,,true
P05_WHITE_V_000023,P05,WHITE,V,image_000023.jpg,training/P05/WHITE/V/images/image_000023.jpg,66e3e6f40168c0034f8a14e5c152d2b9cc28f797273d82b019aa12a60a77d1e4,6136,,,true
P05_WHITE_V_000024,P05,WHITE,V,image_000024.jpg,training/P05/WHITE/V/images/image_000024.jpg,26d8c8b77dd72369c15008accd54bbf2982c333ff973535b07d30f1e7dda8ac7,6513,,,true
P05_WHITE_V_000025,P05,WHITE,V,image_000025.jpg,training/P05/WHITE/V/images/image_000025.jpg,4cf2d279d2b778c5ce3927edf05fb8ae900e26be4ab751cbbdc2742cff5d525e,6777,,,true
P05_WHITE_W_000001,P05,WHITE,W,image_000001.jpg,training/P05/WHITE/W/images/image_000001.jpg,5640b984b4d9d74c29a5e478e493fd2f23fc524050dacb1e9697ae82af156a27,8058,,,true
P05_WHITE_W_000002,P05,WHITE,W,image_000002.jpg,training/P05/WHITE/W/images/image_000002.jpg,405a8ddbf1c859ddce51f7be134061fbdd74d638ee9dce7df1a017fa4b134282,8438,,,true
P05_WHITE_W_000003,P05,WHITE,W,image_000003.jpg,training/P05/WHITE/W/images/image_000003.jpg,e2cc47f458feb66de2ed5f206723a805a94badee1bf6fcfcec4a1d7bdbfa1336,8221,,,true
P05_WHITE_W_000004,P05,WHITE,W,image_000004.jpg,training/P05/WHITE/W/images/image_000004.jpg,de87fbbf5d709557328275297a6ae5a616ceba03d0fef4df4401bb1eb490cdf8,9067,,,true
P05_WHITE_W_000005,P05,WHITE,W,image_000005.jpg,training/P05/WHITE/W/images/image_000005.jpg,e5709a23cd5bcd322accc90ae01c703c517fc927017f68d16bb895b9076ceaac,9465,,,true
P05_WHITE_W_000006,P05,WHITE,W,image_000006.jpg,training/P05/WHITE/W/images/image_000006.jpg,00157848588bf95636c2aa9a3fab84c1aa22f2ebc706a1d99d0d1a8080c28fb6,8181,,,true
P05_WHITE_W_000007,P05,WHITE,W,image_000007.jpg,training/P05/WHITE/W/images/image_000007.jpg,6b5452fcffc67d6f957c48addedc4e79de4cfaae62a341cd1bc60d3e9b941888,7484,,,true
P05_WHITE_W_000008,P05,WHITE,W,image_000008.jpg,training/P05/WHITE/W/images/image_000008.jpg,3940c9e01cce944320b3e8df78e6337883511433b5958da850860ac497152588,7691,,,true
P05_WHITE_W_000009,P05,WHITE,W,image_000009.jpg,training/P05/WHITE/W/images/image_000009.jpg,653d570e15ffcabe36bd48b7fc34829caa158201f680e60ca1eeb23103daecba,7755,,,true
P05_WHITE_W_000010,P05,WHITE,W,image_000010.jpg,training/P05/WHITE/W/images/image_000010.jpg,78e548b39a296b3bf94083b65f5b08a6967845ad310f2cd9561294363392cfde,7789,,,true
P05_WHITE_W_000011,P05,WHITE,W,image_000011.jpg,training/P05/WHITE/W/images/image_000011.jpg,2832a46993b34f35b0e5133e00d61d95f857b308d1e26a32c1d1ed464b272dea,7927,,,true
P05_WHITE_W_000012,P05,WHITE,W,image_000012.jpg,training/P05/WHITE/W/images/image_000012.jpg,ebe5d88e99605005d1516631f09cc21163835a7c6146cda1a7f82158da9375ed,8348,,,true
P05_WHITE_W_000013,P05,WHITE,W,image_000013.jpg,training/P05/WHITE/W/images/image_000013.jpg,7cbdcc85095bef074e6825686b7f24937284cb549fd6c5ca2637f84d17ce6501,8218,,,true
P05_WHITE_W_000014,P05,WHITE,W,image_000014.jpg,training/P05/WHITE/W/images/image_000014.jpg,991bde51309c6c4107413ea80a39a2cf0dfb0982f8515edf8e75c8b2f652da99,8715,,,true
P05_WHITE_W_000015,P05,WHITE,W,image_000015.jpg,training/P05/WHITE/W/images/image_000015.jpg,73fcd8878b79925c20f0cc45b8ea2d5f6e3687e99db470cb304314f268d90228,8598,,,true
P05_WHITE_W_000016,P05,WHITE,W,image_000016.jpg,training/P05/WHITE/W/images/image_000016.jpg,7ec47fb2c7b5fa4c39b1a17ebb39815381c589de5ea38cfb7bb3da315d9f288a,7623,,,true
P05_WHITE_W_000017,P05,WHITE,W,image_000017.jpg,training/P05/WHITE/W/images/image_000017.jpg,19fce0c1af34c5077735c99951d5dcf5b373e32eb62b9b1c66a8c085b10d02c4,7960,,,true
P05_WHITE_W_000018,P05,WHITE,W,image_000018.jpg,training/P05/WHITE/W/images/image_000018.jpg,299db0d57b3f6289c885fa04e6b40c1dd785332bf086f6180275390096da7024,8302,,,true
P05_WHITE_W_000019,P05,WHITE,W,image_000019.jpg,training/P05/WHITE/W/images/image_000019.jpg,e08c294c1da380e5f2dc57d6d865ff326d52d043c7d4c59917a5fa0fd7e0fac9,8700,,,true
P05_WHITE_W_000020,P05,WHITE,W,image_000020.jpg,training/P05/WHITE/W/images/image_000020.jpg,14f993557cab120d0b5dad6050075cc84a5abdf03847319790667bf559f058f7,9113,,,true
P05_WHITE_W_000021,P05,WHITE,W,image_000021.jpg,training/P05/WHITE/W/images/image_000021.jpg,ac862ff91ba5f2df9e207e89391d68499e0b2e759a87ff92415468a90b6f3b77,8243,,,true
P05_WHITE_W_000022,P05,WHITE,W,image_000022.jpg,training/P05/WHITE/W/images/image_000022.jpg,6a87e7b2f1479eb805f59edd44a9e8fe42c09baab509c4fe532a2ab2372e2279,8706,,,true
P05_WHITE_W_000023,P05,WHITE,W,image_000023.jpg,training/P05/WHITE/W/images/image_000023.jpg,3b23a88b475e8c3c65f4239f7d40f3db4a4bb5e784374ef98244da689848010b,7446,,,true
P05_WHITE_W_000024,P05,WHITE,W,image_000024.jpg,training/P05/WHITE/W/images/image_000024.jpg,3b04873a27422a31793e39804f4db3b8c23a8e2cb93160a974a5e88f4a30d26d,7473,,,true
P05_WHITE_W_000025,P05,WHITE,W,image_000025.jpg,training/P05/WHITE/W/images/image_000025.jpg,ca4a3d8e70d6381dfe85ca3e50a300db9d363aabf256c74d9c465b511e00b20c,8183,,,true
P05_WHITE_Y_000001,P05,WHITE,Y,image_000001.jpg,training/P05/WHITE/Y/images/image_000001.jpg,a798d02e7ab709a072f845c33cda59021b6fbf02ec5b688458ee95356ca98778,6643,,,true
P05_WHITE_Y_000002,P05,WHITE,Y,image_000002.jpg,training/P05/WHITE/Y/images/image_000002.jpg,30ad7f8f111969b182798d71fbbaf5b3961e9cb5dd3f40b4defb060283170b2c,6940,,,true
P05_WHITE_Y_000003,P05,WHITE,Y,image_000003.jpg,training/P05/WHITE/Y/images/image_000003.jpg,e43add3c8b952211d569d33c99850f10aaac6e3d5e64b5972315e014e3876105,7553,,,true
P05_WHITE_Y_000004,P05,WHITE,Y,image_000004.jpg,training/P05/WHITE/Y/images/image_000004.jpg,e52f1f819b5ca5e06d01e295fa36b18b356cef65e28d3dee6f61e3acf3703894,7345,,,true
P05_WHITE_Y_000005,P05,WHITE,Y,image_000005.jpg,training/P05/WHITE/Y/images/image_000005.jpg,77c63f2a6b6cd0b2bd7ed8c947268f57b6f4bbdae3a262ef6b0e1ace14fdc5e0,7501,,,true
P05_WHITE_Y_000006,P05,WHITE,Y,image_000006.jpg,training/P05/WHITE/Y/images/image_000006.jpg,bf5ba84556c696f1c42c20584a6622fd545ee1322836c748141da22da50247d1,8103,,,true
P05_WHITE_Y_000007,P05,WHITE,Y,image_000007.jpg,training/P05/WHITE/Y/images/image_000007.jpg,ec827446f5dfc699201ac0fc5c5463d7bc709827f25fc1d0dc07ac5d305e7382,7192,,,true
P05_WHITE_Y_000008,P05,WHITE,Y,image_000008.jpg,training/P05/WHITE/Y/images/image_000008.jpg,acf55981a58e101913dd8385f21ec484df1e291a2da7cfb483deac202b4545a0,7730,,,true
P05_WHITE_Y_000009,P05,WHITE,Y,image_000009.jpg,training/P05/WHITE/Y/images/image_000009.jpg,1709d921af990dcfad257d22b87c18c2275cfabdb1d93e77442f3db08452edbc,6313,,,true
P05_WHITE_Y_000010,P05,WHITE,Y,image_000010.jpg,training/P05/WHITE/Y/images/image_000010.jpg,08a88e4a4b384676f11c6c5624d3252e41a0aba2f674239df255be5026a01a3f,7357,,,true
P05_WHITE_Y_000011,P05,WHITE,Y,image_000011.jpg,training/P05/WHITE/Y/images/image_000011.jpg,e124a9bf90a26f69b89a537bfa933ede421ab701ab524469535cd3b0c8aee339,6660,,,true
P05_WHITE_Y_000012,P05,WHITE,Y,image_000012.jpg,training/P05/WHITE/Y/images/image_000012.jpg,e1c51004ea8326397208a7cf01707137fff8194cc9efee3ca896fefb4883906d,6967,,,true
P05_WHITE_Y_000013,P05,WHITE,Y,image_000013.jpg,training/P05/WHITE/Y/images/image_000013.jpg,6d26228788979311f3db167a17648ca2a27790208c8be4a644e9854fe42b214c,6830,,,true
P05_WHITE_Y_000014,P05,WHITE,Y,image_000014.jpg,training/P05/WHITE/Y/images/image_000014.jpg,50be0078f9fe2bb24d07b82c7c98666818d254f906bf96e581180357e11115eb,6844,,,true
P05_WHITE_Y_000015,P05,WHITE,Y,image_000015.jpg,training/P05/WHITE/Y/images/image_000015.jpg,5b838d4c006e28b05211951458e2ead9cf025445ff9d064b32d94e397bbd5d39,7342,,,true
P05_WHITE_Y_000016,P05,WHITE,Y,image_000016.jpg,training/P05/WHITE/Y/images/image_000016.jpg,6315c34422a717ca5abf8735b4c023265044cc35f69cbe47e6f397993a797a41,6736,,,true
P05_WHITE_Y_000017,P05,WHITE,Y,image_000017.jpg,training/P05/WHITE/Y/images/image_000017.jpg,e3b65fc0005f36521809fc21cf94c80d96f5653b6e2ee2883575144ba6165ff2,6993,,,true
P05_WHITE_Y_000018,P05,WHITE,Y,image_000018.jpg,training/P05/WHITE/Y/images/image_000018.jpg,45c9c6189f7e17e00101c1475491cad1773d18040446e40f9c1c01fcb6e66bab,7555,,,true
P05_WHITE_Y_000019,P05,WHITE,Y,image_000019.jpg,training/P05/WHITE/Y/images/image_000019.jpg,a2559a2b05bd8df3532ad86554374c7ae3f5e9e1386395b4b49d3efed2655c4a,5895,,,true
P05_WHITE_Y_000020,P05,WHITE,Y,image_000020.jpg,training/P05/WHITE/Y/images/image_000020.jpg,f8a4288f1ae3197e6f49d68b76d7a23fcf3792c7e1a0ca8218ddcd4ce6b59456,6414,,,true
P05_WHITE_Y_000021,P05,WHITE,Y,image_000021.jpg,training/P05/WHITE/Y/images/image_000021.jpg,3314df17b415e3e218b5e6ac0ef23a7c7f69785b31d8d91d2ad25ba520654a1b,6918,,,true
P05_WHITE_Y_000022,P05,WHITE,Y,image_000022.jpg,training/P05/WHITE/Y/images/image_000022.jpg,f5aa914262e80d6bdedb32bc1bf76fbfee17168cf7f610d4b8b5f4e7e672061a,6445,,,true
P05_WHITE_Y_000023,P05,WHITE,Y,image_000023.jpg,training/P05/WHITE/Y/images/image_000023.jpg,aec6755ebeca0d75b5ae79e1e0bc3339319c4d971aff113f0a9a6d6128795e94,6970,,,true
P05_WHITE_Y_000024,P05,WHITE,Y,image_000024.jpg,training/P05/WHITE/Y/images/image_000024.jpg,26eb041125f66725e74514ef0baf023ab9737cd64341d6710d3ce78a3e96677f,6390,,,true
P05_WHITE_Y_000025,P05,WHITE,Y,image_000025.jpg,training/P05/WHITE/Y/images/image_000025.jpg,ee2227f7386ab93ea8c03b01c2b34dace6caee9a8a3c9771b8582e70e32dc539,7314,,,true
